카테고리,검색어,제목,상태,가격,지역,등록시각,채팅수,관심수,조회수,매너온도,판매자닉네임,상세카테고리,거래희망장소,상세설명,가격원
청소기,다이슨 청소기,다이슨 청소기 옴니글라이드,거래중,"190,000원",문정1동,2026-08-30,0,0,3,59.4℃,정리중정리중정리중,생활가전,,"다이슨 청소기  옴니글라이드
*구입시기 확인 어려움
*무상AS기간 종료
*본체,헤드 기본세척 완료
*깨지거나 기능하자 없습니다
*배터리 시간(사진)
메인헤드 장착 작동 시간입니다
*구성품은 사진에있는게 전부에요
*흡입력 좋고, 헤드 이동이 편하고, 
가벼워서 좋아요
*차량실내 청소할때도 좋아요


*얼마에 주세요 , 네고 해주세요 
*전화주세요010-xxxx-xxxx
*안녕하세요 - 잠수
*팔렸나요? - 잠수 
왜 이러는건지  이유를 모르겠어요
답장 없이 차단합니다

",190000
청소기,다이슨 청소기,다이슨 V8 앱솔루트 내용확인하세요,거래중,"50,000원",문정1동,2026-08-30,0,8,800,92.8℃,바밤바48,,,,50000
청소기,다이슨 청소기,다이슨 V8 앱솔루트 무선청소기 풀세트 (툴/가방 포함),거래중,"75,000원",송파동,2026-08-11,17,22,523,37.6℃,당근이지,생활가전,,"다이슨 V8 앱솔루트 무선 청소기 풀세트입니다
청소기만 간단히 썼어서 다른툴은 새거에요
배터리는 교체해야합니다",75000
청소기,다이슨 청소기,"다이슨 V10 무선청소기 풀셋, 새배터리 +세척완",거래중,"165,000원",문정동,2026-08-22,3,17,177,51.1℃,민지,생활가전,,"모델명:다이슨 cycloneV10, 
             carbon fibre
구성품 : 본체, 충전거치대,
   물걸레헤드 및 패드 한쌍, 
   메인소프트롤러헤드, 침구
   헤드, 카펫/마루겸용 헤드,
   틈새브러쉬, 솔부러쉬 
-새로 배터리 교체후 미사용,
   실측해보니 일반모드에서
   56분 작동, 짱짱해요.
- 실사용 적어 상태 좋고
    본체, 먼지통, 필터, 헤드
    등 전부품 완전분해후   
    살균세척해놔 위생적이고
    먼지하나없이 깨끗해요.
- 별도구입한 물걸레헤드
    및 소프트롤러헤드 포함.
    
  
   ",165000
청소기,다이슨 청소기,다이슨 무선청소기 마이크로 1.5 (풀구성),거래중,"240,000원",문정1동,2026-08-22,1,6,353,59.1℃,달콤이,뷰티/미용,,"한달정도 사용했습니다
사용감은 조금있지만 사잔상처럼 깨끗해요
봉부분에 생활 스크레치있습니다
풀구성품 다있고 박스 설명서만 없어요
싸게올립니다 

다이슨 무선청소기 마이크로 1.5 모델이에요
플러피 클리너 헤드, 콤비-크레비스 툴, 스탠드형 충전 거치대, 충전기까지 모두 포함된 풀구성입니다
최대 25분 사용 가능하며 무게는 1.5kg으로 가벼워요
가벼운 청소를 선호하시는 분들께 추천드려요",240000
청소기,다이슨 청소기,다이슨 무선청소기 v8 (분해세척완료),거래중,"170,000원",문정동,2026-08-07,0,4,136,47.4℃,최고당근,생활가전,,"분해 세척해서 매우 깨끗하구요 
밧데리는 40분 정도 동작됩니다
네고없이 구매할 분만 메시지 주세요",170000
청소기,다이슨 청소기,다이슨 V10 무선청소기,거래중,"150,000원",문정1동,2026-08-29,0,4,402,51.2℃,챔프,생활가전,,"다이슨 V10 무선청소기입니다
깔끔한 디자인으로 인테리어 효과도 있어요
강력한 흡입력으로 먼지 걱정 끝
청소 시간이 즐거워질 거예요
모터  새로 교환 받아서 거의 새거에요
기본툴  배터리도 양호합니다
툴은 사진에 보이는것은 두세트이어서 다드리는거는 아니고 기본 소프트롤러 카펫 침구 에 기본 툴 드립니다 거치대 포함 구입하시면 청소해서 드립니다",150000
청소기,다이슨 청소기,다이슨무선청소기 V10 sv12 풀세트로 팔아요. 배터리 1시간 작동합니다.,거래중,"140,000원",오금동,2026-08-30,0,1,51,71.9℃,까미,생활가전,,"정상 작동 합니다.

흡입력 상당히 강합니다.
냄새없구요.

사진 먼저 확인 부탁드립니다. 

배터리도 1단에서 1시간1분 작동 합니다.
이 시간이면 넓은집 한번에 청소끝.
1단도 흡입력 셉니다.
2~3단은 모터에 무리를 많이 주기 때문에  잠깐 씩만 사용 권장 합니다.

본체 금간곳 깨진곳 없이 얌전히 잘 사용했어요.

에어 콤프로 먼지 깨끗히 청소했어요.
가져가셔서 바로 사용하시면 됩니다.

봉 거치하는 쪽 깨짐 있어요.
움직임없으면 잘 붙잡고 있네요.

거래는 집근처 거여초 근처에서 합니다.
오시기 어려우시면 제가 가드릴수 있어요. 
전번01054957956으로도 연락 많이 주세요.^^

감사합니다. ",140000
청소기,다이슨 청소기,다이슨 V10 무선 청소기,거래중,"150,000원",문정1동,2026-08-27,1,12,562,61℃,당근당근,생활가전,,"다이슨 V10 무선 청소기예요
흡입력 좋은 청소기 찾으시는 분들께 추천드려요
호환 배터리를 새것으로 교체해 두었어요
구성품은 사진에 보이는 것처럼 전부 드려요",150000
청소기,다이슨 청소기,다이슨 슬림 옵틱 청소기 판매,거래중,"300,000원",잠실6동,2026-08-27,1,9,70,41.7℃,라떼쭁,생활가전,,"26년05월 구매
3개월정도 사용했어요
가볍고 레이저 통해서 먼지 잘 보이고 좋아요
메인 툴 연결해서 사용했고 다른 툴은 미사용 상태입니다
거치대 포함 사진의 처음 구성품 그대로 드립니다",300000
청소기,다이슨 청소기,다이슨 V10 카본파이버 무선청소기,거래중,"180,000원",문정1동,2026-07-31,0,7,298,34.8℃,이웃집7,생활가전,,"다이슨 V10 카본파이버 무선청소기입니다
거치대 포함 구성으로 깔끔하게 보관 가능해요
강력한 흡입력으로 집안 구석구석 깨끗하게 청소할 수 있어요
청소기 사용하시는 분들에게 정말 좋은 선택이 될 거예요",180000
청소기,다이슨 청소기,다이슨 V8 플러피 무선 청소기,거래중,"90,000원",문정동,2026-07-01,16,26,622,36.6℃,클로버,생활가전,,"다이슨 V8 플러피 무선 청소기입니다
다양한 구성품과 함께 제공되어 활용도가 높아요
사진에서 보이는 구성품 모두 포함되어 있고
거치대까지 모두 드리겠습니다!",90000
청소기,다이슨 청소기,다이슨 무선청소기 v10 (분해 세척완료),거래중,"220,000원",문정동,2026-07-31,0,1,206,47.4℃,최고당근,생활가전,,"분해세척해서 매우 깨끗하구요
밧데리는  20분이상 동작 됩니다 
거치대 같이 드립니다
네고 불가해요",220000
청소기,다이슨 청소기,다이슨 V7 무선 청소기,거래중,"62,000원",문정1동,2026-08-29,0,12,318,59℃,수평선,생활가전,,"다이슨 V7  무선 청소기예요
본체와 연장관, 충전기, 
사진에서 보이는 구성품 그대로 보내드려요
배터리 일반 18분가능합니다
깨끗하게 청소해놨습니다 ",62000
청소기,다이슨 청소기,다이슨 V11 무선 청소기 세트,거래중,"180,000원",잠실본동,2026-08-23,1,6,122,41.7℃,릴둥,생활가전,,,180000
청소기,다이슨 청소기,다이슨 DC45 animal 무선청소기 풀세트,거래중,"75,000원",문정1동,2026-08-27,0,9,267,43℃,Gray,생활가전,,"다이슨 DC45 animal 무선청소기입니다
다양한 구성품과 함께 제공되어 활용도가 높아요
부품으로 각각 팔기도 귀찮아서 사진에서 보이는 모든 구성품을 함께 싸게 드립니다
청소의 번거로움을 덜어줄 똑똑한 청소기를 찾으시는 분들께 추천드려요
모터 성능 좋고 이쁘게 써서 생활기스들은 있지만 부품들 상태도 전체적으로 좋습니다.
모든 부품들 다 최대한 깨끗하게 세척해두었습니다. 배터리가 몇분 버티지 못해 배터리를 갈아서 쓰려했다가 청소기 선물을 받아서 판매합니다.
배터리는 쿠팡에서 3만원대에 호환형 판매합니다.
여러가지 상품이 있으니 묶어서 택배 받고 싶으신 분은 채팅주세요.",75000
청소기,다이슨 청소기,다이슨 V6무선 청소기 (배터리팩 포함)강아지용으로쓴거 청소기냄새남,거래중,"40,000원",방이동,2026-08-25,1,1,111,43.8℃,쿠치,생활가전,,"다이슨 무선 청소기입니다. 배터리팩 포함되어 있으며, 사진에서 보시는 구성품 그대로 드려요. 강력한 흡입력으로 집안 구석구석 깨끗하게 청소할 수 있어요. 깔끔한 청소를 원하시는 분들께 추천드려요

(강아지털청소목적쓴거라 애견애묘인들이구매하시면좋을듯해서 세척해서쓰시면 냄새는좀덜하겠지만 예민하신분은구매피해주세여)",40000
청소기,다이슨 청소기,다이슨 V10 플러피 무선청소기(새배터리),거래중,"185,000원",문정1동,2026-08-30,0,3,96,94℃,PanaceaForUs,생활가전,,"다이슨 V10 플러피 무선청소기풀세트입니다
깨짐,큰긁힘등은 없고 깨끗하게 사용했고
생활흠집은 있으나 전체적으로 상태양호하고
호롼용 대용량  새배터리 입니다
전체 툴을  스탠드에 놓고 써서 편리하고 분실할 염려가 없습니다
사진처럼 전체를 셋팅하고 사용할수 있고
분리해서 별도 설치해서 사용도 가능합니다 사진에서 보시는 것처럼 모든 구성품을 확인하실 수 있어요
청소 효율을 높여줄 다양한 브러쉬와 액세서리가 함께 제공된답니다
분해해서 깨끗하게 소독 청소해서 바로 사용가능합니다 
자세히 보고 또 오셔서 직접 테스트후 
구매하세요 
기능상 하자가 있으면 환불 해드립니다.",185000
청소기,다이슨 청소기,다이슨 무선청소기 V8 앱솔루트,거래중,"120,000원",문정동,2026-08-09,1,2,95,37.1℃,메가커피,생활가전,,"다이슨 V8 앱솔루트 무선 청소기 팝니다.
해외판(해외직구판)이라 돼지코 끼고 사용했어요.
다른 걸로 넘어가서 팔아요. 다른 구성품은 아예 거의 사용 안 했고, 메인 헤드만 사용했어요.
배터리 새거로 교체했습니다.
1. 네고 불가
2. 지정된 장소에서만 
판매합니다.
연락주시면 작동 동영상도 보내드립니다.
",120000
청소기,다이슨 청소기,다이슨 V7 무선 청소기,거래중,"50,000원",문정1동,2026-08-30,0,6,480,82.1℃,바라미,생활가전,,"다이슨 V7 무선 청소기 본체입니다
사진에서 보이는 구성품 그대로 드려요
깔끔하게 관리된 제품으로 새것 같은 성능을 느껴보세요
강력한 흡입력으로 집안 구석구석 깨끗하게 청소할 수 있어요
배터리30분정도사용",50000
청소기,다이슨 청소기,다이슨 V8 앱솔루트 무선 청소기,거래중,"45,000원",문정1동,2026-08-30,0,2,76,49.8℃,울산탱크,생활가전,,"다이슨 V8 앱솔루트 무선 청소기 판매해요
강력한 흡입력으로 집안 구석구석 깨끗하게 청소할 수 있어요
사진에 보이는 구성품 그대로 드려요
자주 사용하지 않아 상태 좋아요
가벼워서 청소하기 편해요
충전기 거치대 제외
밧데리 포함
밧데리 교환해서 쓰세요
밧뎨리 리필해서. 쓸려다가
새제품 구매로 방출합니다
부품용 입니다
구매후 환불교환안됩니다
",45000
청소기,다이슨 청소기,다이슨 사이클론 V10 Absolute 무선청소기 송파,거래중,"190,000원",삼전동,2026-08-19,0,14,423,99℃,caillou,생활가전,,,190000
청소기,다이슨 청소기,다이슨 V10 앱솔루트 무선청소기 풀세트,거래중,"145,000원",문정1동,2026-08-24,1,17,389,69.3℃,보리수,생활가전,,"다이슨 V10 앱솔루트 무선청소기 풀세트 판매해요

배터리 사용시간도 충분해요

사진에 보이는 구성품 모두 포함되어 있어요
강력한 흡입력으로 집안 구석구석 깨끗하게 청소할 수 있어요

먼지 날림 없이 깔끔하게 청소하고 싶으신 분들께 추천드려요",145000
청소기,다이슨 청소기,다이슨 G1 판매합니다(물걸레청소기),거래중,"250,000원",잠실본동,2026-07-31,0,16,234,41.8℃,웰컴레인,생활가전,,"다이슨 G1 판매합니다.
정식몰에서 구매하였으며
롤도 새거 한세트 더 있습니다!(정식 몰 구매)
전체적으로 제가봤을때는 상태가 좋습니다!
상태바에 비닐도 아직 안떼었습니다!

강아지나 고양이 등 애완동물 안키웠습니다.",250000
청소기,다이슨 청소기,다이슨 옴니글라이드 퍼플 청소기,거래중,"180,000원",가락본동,2026-08-27,0,5,67,45.2℃,그냥하자,생활가전,직거래 경찰병원건너 먹자골목,"다이슨 옴니글라이드
 퍼플 무선청소기
가벼워서 지저분한거 보이면 
가까운곳어 두고 즉시 청소할 수
있어 좋아요
사진처럼 사용감 많지 않고
전체적으로 깨끗합니다
헤드 주름관은 보수했구요
나머지 부속품은 거치대에
꽂아있어요
배터리는 22분 작동합니다
직거래 경찰병원건너 먹자골목
함경도 찹쌀순대 사거리
",180000
청소기,다이슨 청소기,다이슨 무선 청소기,거래중,"75,000원",문정1동,2026-08-25,0,10,1054,59.8℃,텔미,생활가전,,"다이슨 무선 청소기입니다. 
사진과 같이 양호하며 충전과 작동에 이상없으면 사진과 같이 발송 해 드립니다
얼마전 브러쉬와 먼지통 물 세척하였습니다
마지막사진에 깨진부분 순간접착제로 단단하 붙여서 사용이 이상 없습니다 

경기도 군포시 당동로 21번길 52 kcc 아파트 ",75000
청소기,다이슨 청소기,다이슨 무선청소기 옴니-글라이드 팔아요. 배터리 20분작동 합니다.,거래중,"130,000원",오금동,2026-06-01,2,11,451,90.3℃,잘팔고사자,생활가전,,"제일 가벼운 무선 청소기 입니다.
작은 방이나 혼자 사시는분들 사용하시기 정말 편합니다.
먼지통 비우는것도 쉽고 가벼워서 손목 부담도 적어 청소하는 즐거움이 배나 된답니다.^^

배터리는 직접 시간 테스트했어요.
20분정도 작동 합니다.

본체 정품 충전기랑 스텐드거치대 사진에 보이는것만 드립니다.

정상작동 합니다.

as기간 지나서 언제 구입했는지 문의에 답안드립니다.

지금까지 문제없이 잘사용했어요.

전 송파 오금동 살고 거여초 근처에서 거래합니다.
차가 있어 오시기 어려우시면 기름값 좀 보태 주시면 배달해드릴게요.
01054957956으로도 연락 많이 주세요.

감사합니다.^^",130000
청소기,다이슨 청소기,다이슨 펜슬백 플러피콘 풀박스 구성 (배터리교체하여 새것),거래중,"350,000원",문정1동,2026-08-30,0,4,110,47.6℃,몽몽이,생활/주방,,,350000
청소기,다이슨 청소기,다이슨 DC45 animal 청소기,거래중,"60,000원",문정1동,2026-08-30,0,0,43,42.5℃,김경제,생활가전,다른구성품은 없구 사진에 보는본체.연장관.브러시.충전기만 있습니다 모터는  작동이 잘됩니다 구성품이 없어 싸게 직거래로 거래합니다 깨끗히 세척 해놨습니다 (가격문의 사절) 생활기스는 조금 있는점 감안하세요,"다이슨 DC45 animal 청소기입니다
본체, 연장관, 플러피 헤드, 충전기 포함이에요
강력한 흡입력으로 집안 곳곳 깨끗하게 청소할 수 있어요
바닥 먼지부터 좁은 틈새까지 놓치지 않고 청소하고 싶으신 분들께 추천드려요
다른구성품은 없구 사진에 보는본체.연장관.브러시.충전기만 있습니다 모터는  작동이 잘됩니다 구성품이 없어 싸게 직거래로 거래합니다 깨끗히 세척 해놨습니다 (가격문의 사절) 생활기스는 조금 있는점 감안하세요",60000
청소기,다이슨 청소기,dyson 무선진공 청소기 SV10팔아요,거래중,"75,000원",장지동,2026-07-31,2,15,228,74.1℃,LEEYK0102,생활가전,,"모 델 명 : SV10
배 터 리 : 21.6v-485wh리튬
구      성 1.MAIN 본체 1Set
               2.아답터780mA
               3.벽 거치대
               4.연결봉(긴것)
배터리 정속mode로 20분 정도
작동하며 흡입력 강하고 배터리는
더 쓰시다가 리필하세요~^
",75000
청소기,다이슨 청소기,다이슨 V10 카본파이버 무선청소기 판매합니다,거래중,"180,000원",문정1동,2026-08-28,0,12,203,61.6℃,하하,생활가전,,,180000
청소기,다이슨 청소기,다이슨 V8 앱솔루트 무선 청소기,거래중,"100,000원",거여동,2026-09-01,0,1,,,,,,,100000
청소기,다이슨 청소기,다이슨 V15 오리진 플러피 무선청소기 레드,거래중,"400,000원",송파1동,2026-08-03,0,8,177,43.8℃,이이이이이이이,생활가전,,,400000
청소기,다이슨 청소기,다이슨 슬림 무선 청소기,거래중,"170,000원",문정1동,2026-08-10,2,15,887,53.2℃,sky,생활가전,,"상태 좋습니다. 
사진이나 텍스트 설명 외에 추가 내용은 모릅니다 (제조일자/구매시기/구매영수증/소재등)",170000
청소기,다이슨 청소기,다이슨 옴니글라이드 퍼플 무선청소기,거래중,"180,000원",문정1동,2026-08-12,2,41,1232,42.8℃,수색동러너,생활가전,,"다이슨 옴니글라이드 무선청소기 퍼플 색상이에요
사진에서 보이는 구성품 그대로 드려요
가볍고 슬림해서 청소하기 편하실거예요
좁은 공간 청소도 문제없는 제품입니다
출산후 스팀청소기로 바꾸면서 팔아요",180000
청소기,다이슨 청소기,다이슨 V6 플러피 무선 청소기 블루 : 6500mah 대용량 호환 새밧데리와 거치대등 풀셋구성,거래중,"70,000원",문정1동,2026-08-28,0,7,168,99℃,당근포유,,,,70000
청소기,다이슨 청소기,다이슨 V8 플러피 무선 청소기,거래중,"80,000원",문정1동,2026-08-23,2,27,1321,43.5℃,머니,생활가전,,"다이슨 V8 플러피 무선 청소기 판매해요
사진에 보이는 구성품 모두 포함되어 있어요
 배터리 교환해야합니다 쿠팡에서 3만정도 합니다
청소깨끗이 해놔서 배터리만 교환하면 바로 사용가능합니다
",80000
청소기,다이슨 청소기,다이슨 V8 무선 청소기 거치대 포함,거래중,"70,000원",잠실2동,2026-07-01,28,38,738,36.6℃,겨울이,생활가전,,"다이슨 V8 무선 청소기입니다.
실내용으로만 사용했습니디. 
사용감 사진확인하세요. 긁힘있어서 싸게 팔아요~ 
거치대 포함입니다.",70000
청소기,다이슨 청소기,dyson 무선 진공청소기(배터리 교체요함) 2종Set입니다~,거래중,"50,000원",장지동,2026-07-31,3,7,747,74.1℃,LEEYK0102,생활가전,,"                 #1               
모    델 :   V6              SV10
배터리 : 21.6v 리튬
              64.6wh    -  485wh
구 성   1. Main 본체     2Set
            2.흡입 헤드        2ea
            3. 연결봉            1ea
            4. 배터리  (교체해야됨)
            5. 연결봉V6     SV10
 ※ 헤드(주름관) 연결 호스 수정요
#1  V6 는 배터리교체 
#2  SV10은 헤드연결호수 수리
SV10은 오래가지 않으니 감안
하시고 흡입부 연결자바라는 수리
감안해서 구입바람니다~^
※부품용으로 싸게 올립니다.",50000
청소기,다이슨 청소기,다이슨 V8 앱솔루트 무선청소기 (고용량 새배터리),거래중,"150,000원",문정1동,2026-08-25,0,16,337,99℃,마이크다이슨,생활가전,,,150000
청소기,다이슨 청소기,다이슨 청소기 DC 62,거래중,"20,000원",가락1동,2026-07-31,1,10,594,55.9℃,mjlemon,생활가전,,"메인청소기 아니고 보조청소기로 사용했지만 사용감 있고 약간의 깨짐 (네번째 사진) 있지만 작동과는 상관없구요. 다만 배터리 수명이 다해 1분 미만으로 작동되요.
배터리 교체해서 쓰시던지 아님 보조청소기로 쓰셔야 해요.
침구 청소기는 깨끗하고
마지막 사진 툴 두개는 사용안해서 새거입니다.
충전기 구성품 다 있어요.
",20000
청소기,다이슨 청소기,다이슨 V7 플러피 퍼플 무선 청소기,거래중,"60,000원",문정1동,2026-08-19,2,23,1292,65.5℃,보리밭파수꾼,생활가전,▶️선입금 확인 후 문고리거래🚪,"다이슨 V7 플러피 퍼플 무선 청소기입니다
사진에서 보이는 구성품 그대로 드려요
가벼워서 청소하기 편하실 거예요
자취방이나 1인 가구에 딱 맞는 청소기랍니다

마지막 사진 핸드 부분 크랙있습니다만 
사용에 지장 없습니다.

🔥예약 시 예약금(1만원) 받습니다. 거래 파기 방지용 🔥
🔥가격 제시(네고) 불가합니다.🔥
🔥판매 안될 시 가격 내립니다. 🔥
🔥구매자의 변심으로 인한 환불 불가합니다.🔥

▶️선입금 확인 후 문고리거래🚪
▶️중고특성상 예민한분은 패쓰❌
▶️환불•교환•반품 불가
😄매너 있는 거래가 되길 희망합니다. 😄",60000
청소기,다이슨 청소기,다이슨 디지털 슬림 무선 청소기,거래중,"230,000원",방이1동,2025-08-30,3,6,847,60.4℃,나누기,디지털기기,,"구매한지 4년정도
정품 구매
생활감있음
카페터용 미니 헤더는 한번도 사용하지않음
미세척",230000
청소기,다이슨 청소기,다이슨 v10 청소기,거래중,"130,000원",문정1동,2026-08-11,2,7,301,61℃,당근당근,생활가전,,"상태좋아요 
사진 구성 그대로 드려요 

배터리는 방전 되어서 호환 배터리 주문했는데
로봇청소기 생겨서 팔아요
배터리 새거로 교체해서 보내드릴께요 

미니모터툴 상태좋아요 

아답터는 호환용 입니다

사진 일괄 14만원에 팝니다",130000
청소기,다이슨 청소기,다이슨 V11 컴플리트+ 무선청소기,거래중,"200,000원",문정1동,2026-08-30,1,1,47,65.8℃,ok,생활가전,,"다이슨 V11 컴플리트+ 무선청소기입니다
사진에서 보시는 것처럼 구성품 모두 포함되어 있어요
LCD 화면으로 배터리 잔량과 청소 모드를 쉽게 확인할 수 있답니다
강력한 흡입력으로 집안 구석구석 깨끗하게 청소하고 싶으신 분들께 추천드려요
배터리 상태 사진괓같아요
깨끗하게 세척된 청소기 입니다",200000
청소기,다이슨 청소기,다이슨 워시 G1 무선 물걸레 청소기,거래중,"380,000원",가락동,2026-07-31,0,1,114,50.5℃,이삿짐줄이기,생활가전,가락동 직거래 가능합니다,"다이슨 워시 G1 무선 물걸레 청소기 판매해요
+ 새상품 물걸레 한세트 더 드려요
새 제품 가격은 부담스러우셨다면 좋은 기회일 거예요
깨끗한 바닥 관리를 위한 필수템으로 추천드려요

3회 미만으로 사용해서 상태 아주 좋고
무상점검으로 클리닝 받아둔 상태예요

크기때문에 택배는 어려울것 같고
가락동 직거래 가능합니다",380000
청소기,다이슨 청소기,다이슨 V8 무선 청소기,거래중,"90,000원",문정1동,2026-08-16,1,11,364,53.9℃,희채니,생활가전,,"다이슨 V8 무선 청소기입니다
사진에 보이는 구성품 모두 포함되어 있어요
깔끔한 디자인으로 인테리어 효과도 좋아요
강력한 흡입력으로 집안 구석구석 깨끗하게 청소할 수 있어요
거치대포함 입니다",90000
청소기,다이슨 청소기,다이슨 V6 Absolute 청소기,거래중,"40,000원",거여2동,2026-06-01,1,14,582,45.3℃,수지닝,생활가전,,"다이슨 V6 앱솔루트(헤파필터) 무선청소기 판매합니다

- 배터리 방전돼서 교체하셔야해요! 알리 사제 사서 교체 가능하다네용
- 10만원 넘게 주고 산 거치대도 드려요
- 직구로 구매하여 어댑터는 110v
   (인터넷에 220v 호환 어댑터 팔고있음)
   (100~240v 지원되는 프리볼트 제품이라 돼지코
     끼워서 사용했음, 돼지코 드림)",40000
청소기,다이슨 청소기,다이슨 SV25 V8 청소기,거래중,"130,000원",문정1동,2026-07-01,4,20,665,52.5℃,ARHMGS,생활가전,,"다이슨 SV25 V8 구성품 모두 있어요
사진에 보이는 그대로 보내드려요
청소기 본체, 연장관, 플러피 클리너 헤드, 충전 거치대, 충전기, 틈새 노즐, 콤비 브러시 포함이에요
강력한 흡입력으로 집안 구석구석 깨끗하게 청소할 수 있어요
2년 정도 사용했고 특별한 기스는 없습니다.",130000
청소기,다이슨 청소기,다이슨 V6 매트리스 무선 청소기,거래중,"45,000원",잠실동,2026-08-12,0,5,83,41.8℃,에디히긴스,생활가전,직거래만 합니다,"다이슨 V6 매트리스 무선 청소기입니다

박스와 구성품 모두 포함되어있고 
보조 구성품은 포장채 그대로 새것입니다

주로 한달에 1회정도 침대와 소파 청소로만 
사용해서 상태 좋은편이에요
사진상태와 똑같습니다

1인가구 집청소나 어르신 간단청소 사용에
활용하기좋을듯 합니다

단지, 손잡이 부분 쪽이 떨어져 접착제로
고정되어있는 부분 참고 바랍니다(사진첨부)

충전 효율도 높고, 작동 잘됩니다!

교환 및 환불 불가
직거래만 합니다",45000
청소기,다이슨 청소기,다이슨 V7 플러피 무선청소기 정상 작동 합니다,거래중,"60,000원",문정1동,2026-08-29,1,7,398,99℃,리사이클,기타 중고물품,,,60000
청소기,다이슨 청소기,정품 다이슨 청소기 v7 v8 v10 v11 v15 브러쉬,거래중,"28,000원",잠실4동,2026-03-03,1,1,79,45.4℃,안뇽,생활가전,,"다이슨 청소기 브러쉬 툴입니다
정품은 비싸요. 
먼지 제거에 효과적입니다",28000
청소기,다이슨 청소기,다이슨 V7 무선 청소기,거래중,"100,000원",문정1동,2026-08-23,1,9,580,67.9℃,심쿵,생활가전,,"다이슨 V7 무선 청소기입니다
사진에 보이는 구성품 그대로 드려요
강력한 흡입력으로 집안 구석구석 깨끗하게 청소할 수 있어요
자주 사용하지 않아 깨끗하게 사용하실 분께 추천드려요
사용감있지만 상태양호합니다 
배터리는 일반모드로
무부한20분간만 연속방전
테스트했습니다",100000
청소기,다이슨 청소기,다이슨 V6 청소기 본체만 배터리 제외,거래중,"15,000원",잠실4동,2026-08-30,0,4,69,53.1℃,나타샤,생활가전,,"다이슨 V6 청소기 본체입니다
사진에서 보이는 구성품 그대로 드려요
청소기 본체만 필요하신 분께 추천드려요
작업용이나 부품용으로 사용하기 좋아요

배터 제외
정상동작

잠실사동 주민센터 직",15000
청소기,다이슨 청소기,다이슨 싸이클론 V10 엡솔루트청소기:정품배터리 거의새거와 거치대등 풀셋구성,거래중,"160,000원",문정1동,2026-08-30,0,7,131,99℃,당근포유,,,,160000
청소기,다이슨 청소기,정품 다이슨 청소기 벽걸이 거치대 V7 V8,거래중,"20,000원",잠실4동,2026-03-03,1,0,97,45.4℃,안뇽,생활가전,,"다이슨 청소기 벽걸이 거치대입니다
정품은 비싸요. 
V7, V8 모델에 호환됩니다
다이슨 무선청소기는 강력한 흡입력으로 먼지를 효과적으로 제거하고, 다양한 노즐을 이용하여 집안 곳곳을 청소할 수 있습니다
벽걸이 거치대를 사용하면 청소기를 깔끔하게 보관하고 공간 활용도를 높일 수 있습니다",20000
청소기,다이슨 청소기,다이슨 V8 원목 거치대 풀세트,거래중,"30,000원",가락본동,2026-08-27,1,2,41,39.6℃,조아저씨,생활가전,,"다이슨 V8 청소기 거치대와 다양한 구성품
사진에 보이는 모든 구성품 포함되어 있습니다
깔끔한 원목 디자인으로 인테리어 효과까지   배터리는 올해구매했고  충전기도 드립니다",30000
청소기,다이슨 청소기,다이슨 V8 앱솔루트 무선 청소기,거래중,"75,000원",문정1동,2026-08-30,0,7,233,48.5℃,당근백곰,생활가전,,"다이슨 V8 앱솔루트 무선 청소기입니다
다양한 구성품과 함께 사용 가능해요
사진에서 보이는 그대로의 제품입니다.
충전기 브러쉬 같이  있어요
강력한 흡입력으로 집안 구석구석 깨끗하게 청소할 수 있어요.

생활기스 있으며 한달 전 당근에서 구매했는데 제대로 쓰지도 못하고 보관만했어요~새상품 선물이 들어와서 
재판매합니다. 

중고상품으로 예민하신 분은 사절합니다.
쿨거래 원합니다.
사진 참고 잘 해주세요!
    ",75000
청소기,다이슨 청소기,다이슨 V8 무선청소기 (레드)새제품,거래중,"258,000원",오륜동,2026-07-01,4,24,275,57.9℃,매화꽃향기,생활가전,,"26년 다이슨 국내 정품 다이슨 V8 무선청소기 레드 , 박스 개봉 안한 새제품이예요. 
다이슨 홈페이지에 등록, as 가능한 새제품입니다.  2년보증. 다이슨 쓰던게 있어서  포장 뜯지도 않고 팔아요.  남이 쓰던 지저분한  중고사서 배터리와 부품 교환하고 나중에 고장나면 돈이 더 들어요.
",258000
청소기,다이슨 청소기,다이슨 펜슬백 플러피콘 청소기 미개봉 새상품 ✨,거래중,"400,000원",문정1동,2026-08-21,2,21,425,69.8℃,너와,생활/주방,,,400000
청소기,다이슨 청소기,다이슨 워시 G1 물걸레 청소기,거래중,"210,000원",송파동,2026-07-31,0,3,78,39.3℃,우왕,생활가전,,"다이슨 워시 G1 물걸레 청소기 판매해요
사진에 보이는 구성품 모두 포함되어 있어요
물걸레 청소와 흡입을 동시에 할 수 있어 편리해요
바닥 청소를 간편하게 하고 싶으신 분들께 추천드려요

10번 내외 사용.",210000
청소기,다이슨 청소기,다이슨 V6 무선 청소기,거래중,"45,000원",문정1동,2026-08-30,0,3,84,99℃,센터방송실,생활가전,,"다이슨 V6 무선 청소기입니다. 
강력한 흡입력으로 집안 구석구석 깨끗하게 청소해보세요
- 당근 ai
.
사진에 보이는 것만 있으니 다른 것 있는지 문의 주지 마세요.
에어캡?비닐 위에 있는 배터리는 리필이 필요한 정품배터리입니다.
리필된 다른 배터리를 구매하여 완충시켜 놓았습니다.
공기흐름 경로는 깔끔히 청소해 두었습니다.
.
풍동초교 인근입니다.",45000
청소기,다이슨 청소기,정품 다이슨 청소기 툴 v7 v8 v10 v11 v15,거래중,"18,000원",잠실4동,2026-03-03,0,0,61,45.4℃,안뇽,생활가전,,"다이슨 청소기 툴입니다
정품은 비싸요. 
회색이고 사용감 있습니다",18000
청소기,다이슨 청소기,다이슨 V6 무선 청소기,거래중,"70,000원",문정1동,2026-08-07,2,10,822,60.6℃,한일,생활가전,,"다이슨 V6 무선 청소기 판매해요
밧데리 20분 이상갑니다  흡입구 롤러없어졌네요
쿠팡에서 호환품2~3만원대 갑니다
청소해두었구요 작동잘되구요
사진에 보이는 구성품 모두 드려요
깔끔한 디자인으로 인테리어 효과도 있어요
자주 사용하지 않아 깨끗하게 보관했어요
청소의 번거로움을 덜어줄 아이템이에요",70000
청소기,다이슨 청소기,다이슨 v8 풀셋 하남,거래중,"150,000원",위례동,2025-08-30,1,8,903,47.9℃,동네구경,생활가전,위례 직거래.,"다이슨 무선청소기 v8 입니다

5만원상당 거치대포함가격입니다

사용감은 있으나 작동 흡입 잘 됩니다

예민하시면 피해주세요! 대충 쓰실분.

위례 직거래.",150000
청소기,다이슨 청소기,다이슨 V6 플러피 무선 청소기,거래중,"40,000원",문정1동,2026-07-31,7,37,1943,45.7℃,키링님,생활가전,,"다이슨 V6 플러피 무선 청소기 판매해요
강력한 흡입력으로 집안 구석구석 깨끗하게 청소할 수 있어요
플러피 헤드가 있어 바닥 먼지 제거에 탁월하답니다
거치대와 충전기, 추가 브러쉬까지 모두 포함되어 있어요
연결부 약함
바쁜 일상 속에서도 간편하게 청소하고 싶은 분들께 추천드려요
더러워서 닦아 써야해요 그래서 싸게 올림",40000
청소기,다이슨 청소기,정품 다이슨 미니 모터 헤드 v7 v8 v10 v11 v15,거래중,"38,000원",잠실4동,2026-03-03,0,1,53,45.4℃,안뇽,생활가전,,"다이슨 청소기 미니 모터 헤드입니다
정품은 비싸요. 
v7 v8 v10 v11 v15 사용
침구 청소할 때 유용하게 사용할 수 있습니다
브러쉬 상태는 사진에서 보이는 것처럼 양호합니다
다이슨 무선 청소기는 강력한 흡입력으로 미세먼지까지 제거해줘서 좋습니다",38000
청소기,다이슨 청소기,다이슨 V11 컴플리트 퍼플 무선청소기,거래중,"60,000원",문정1동,2026-08-30,1,15,814,99℃,phil3613,생활가전,,"다이슨 V11 컴플리트 퍼플 무선청소기예요
모타 고장  같아요 부품용으로 팝니다
사진에 있는 본체만 있습니다 
중고 거래로 신중하게 구매해주시고
반품 없습니다",60000
청소기,다이슨 청소기,다이슨 청소기 액세서리 툴 세트,거래중,"50,000원",오금동,2026-08-19,0,1,52,58.5℃,정민이,생활가전,,"다이슨 청소기 액세서리 툴 세트에요
사진에 보이는 구성품 그대로 드려요
다양한 툴로 청소 효율을 높여보세요
청소의 번거로움을 덜어줄 아이템이에요",50000
청소기,다이슨 청소기,[55구매] 다이슨 V8 앱솔루트 무선청소기 실사용 6달,거래중,"170,000원",문정1동,2026-07-31,7,23,947,39.4℃,wwwwawwwaww,생활가전,,,170000
청소기,다이슨 청소기,다이슨 V8 무선청소기 풀구성,거래중,"100,000원",문정1동,2026-07-01,9,30,1558,53℃,커피,생활가전,,"다이슨 V8 무선청소기 풀구성품입니다
사진에 보이는 모든 구성품 포함되어 있어요
다양한 브러쉬와 연장관으로 집안 구석구석 깔끔하게 청소할 수 있어요

배터리 작년교체하였고
로봇청소기 핸디로 넘어가면서 판매합니다

3번째.4번째 부품들은 사용하지않았습니다
추가사진요청하시면 보내드릴게요

버튼부분 파손. 롤러 중 1개는 옆부분 뜯김있지만 기능 및 작동상 이상없습니다

필터도 추가로 드립니다

추가사진필요시 요청해주세요",100000
청소기,다이슨 청소기,다이슨 V6 앱솔루트 무선청소기,거래중,"100,000원",가락1동,2025-08-30,7,11,1119,99℃,보석상자,생활가전,송파역 부근에서 직거래 합니다,"다이슨 V6앱솔루트 무선 스틱 청소기 판매합니다
핑크색 포인트가 예쁜 제품이에요~ 사용감은 있지만, 기능에는 문제 없습니다
상태는 사진으로 대신합니다
본체,튜브봉,거치대,충전기.
소프트롤러헤드, 터빈터보헤드,
틈새브러쉬 등
송파역 부근에서 직거래 합니다
자차이용시 가락1동 주민센터 주차장입니다",100000
청소기,다이슨 청소기,다이슨 V11 컴플리트 엑스트라 무선청소기,거래중,"160,000원",문정1동,2026-07-31,12,30,1672,41.6℃,블레이크그리핀,생활가전,,,160000
청소기,다이슨 청소기,[다이슨청소기] 다이슨 V12s 디텍트 슬림 서브마린 컴플리트 물걸레 청소기 (AS기간 남음) 판매합니다.,거래중,"480,000원",문정1동,2026-08-28,0,4,138,72.8℃,spike,,,,480000
청소기,다이슨 청소기,다이슨 싸이클론 V10 카본 파이버+ 무선청소기,거래중,"150,000원",문정1동,2026-07-01,3,10,532,59.3℃,아나바다,생활가전,,,150000
청소기,다이슨 청소기,다이슨 펜슬릭백 플러피콘 무선청소기 (미개봉),거래중,"400,000원",문정1동,2026-08-29,0,6,118,42℃,mullllll,생활/주방,,,400000
청소기,다이슨 청소기,다이슨 V6앱솔루트 무선청소기,거래중,"50,000원",문정1동,2026-08-24,0,4,487,55.7℃,좋은물건저렴히팔아요,생활가전,,"다이슨 V6무선청소기입니다
다양한 구성품과 함께 제공되어 활용도가 높아요
사진에서 보이는 모든 구성품 포함되어 있습니다
청소하기 힘든 곳까지 깔끔하게 청소할 수 있어요  사진상 보이는것만 보내드립니다 배터리는 교체해야합니다 
네고문의 답안합니다  금액은 알아서 내림니다
구매후 반품.교환.환불 안됩니다 신중히 결정하세요
내용은 AI가작성해서틀릴수있구요 사진상 보이는그대로보내드립니다  예민하신분 패스해주시고 신중히결정하세요
카메라랑교환도가능합니다 추가금도드리고요 안쓰시는 디카.필림카메라 됩니다 문의주세요",50000
청소기,다이슨 청소기,다이슨 WashG1 물청소기 +롤러 2세트,거래중,"230,000원",잠실동,2026-02-01,1,25,308,61.9℃,jwyshj,생활가전,,"다이슨 WashG1 물청소기 판매합니다
사용감이 적고 전체적으로 깨끗한 상태입니다
59000원에 구매한 여분 롤러 2세트 함께 드립니다
총4개의 새상품롤러 (기존꺼도 있습니다)
16개의 분사 지점으로 바닥 전체에 물을 고르게 분사하여 깨끗하게 청소할 수 있습니다
1리터의 깨끗한 물탱크와 1리터의 오수탱크가 있어 넓은 공간도 한 번에 청소 가능하며, 셀프 클리닝 기능으로 사용 후 관리도 편리합니다",230000
청소기,다이슨 청소기,"다이슨 V10 무선청소기 오렌지색, 스텐드거치대",거래중,"135,000원",문정1동,2026-08-30,4,24,259,79.2℃,ryussang,생활가전,,,135000
청소기,다이슨 청소기,다이슨 V8 앱솔루트 무선 청소기 12800mAh,거래중,"120,000원",문정1동,2026-08-23,0,14,330,36.2℃,옥천아지매,생활가전,,,120000
청소기,다이슨 청소기,다이슨 V6 청소기 충전 거치대,거래중,"6,000원",잠실4동,2026-08-25,0,1,29,53.1℃,나타샤,생활가전,,"다이슨 V6 청소기 거치대입니다
사진에서 보시는 것처럼 깔끔한 상태를 유지하고 있어요
청소기 본체와 액세서리를 깔끔하게 보관하고 충전까지 할 수 있는 필수 아이템이에요
다이슨 V6 사용하시는 분들에게 정말 유용한 아이템이 될 거예요

잠실사동 주민센터",6000
청소기,다이슨 청소기,다이슨 DC46 유선 청소기 흡입력 최고입니다,거래중,"89,000원",문정1동,2026-08-30,0,1,89,45.5℃,은하수,생활가전,,,89000
청소기,다이슨 청소기,다이슨 V10 무선청소기/다이슨v8 무선청소기/다이슨/무선청소기,거래중,"109,000원",문정1동,2026-07-01,1,35,2524,56.5℃,모래시계흐미,생활가전,,,109000
청소기,다이슨 청소기,다이슨 호스 연장관 세트,거래중,"5,000원",잠실4동,2026-08-12,1,3,96,53.1℃,호잇,생활가전,,"다이슨 청소기 호스 연장관 세트예요
사진처럼 구성품 모두 포함되어 있어요
청소하기 어려운 곳까지 닿을 수 있도록 도와줘요
좁은 틈새 청소에 딱 맞는 제품이에요

건조기 청소에 좋아요
새거에요",5000
청소기,다이슨 청소기,새밧데리 다이슨 V6 퍼플 무선 청소기,거래중,"100,000원",문정1동,2026-08-13,0,8,585,99℃,돈불,생활가전,,"다이슨 V6 퍼플 무선 청소기입니다
사진에 보이는 구성품 그대로 드려요
강력한 흡입력으로 집안 구석구석 깨끗하게 청소할 수 있어요
자취하시는 분이나 1인 가구에게 딱 맞는 청소기랍니다
✅️윗구성이다 입니다
      호환용 새밧데리
     소프트 롤러해드 호환용
",100000
청소기,다이슨 청소기,다이슨 청소기 브러쉬 툴(새상품),거래중,"10,000원",신천동,2026-08-21,0,0,25,52.6℃,지연,생활가전,"직거래는 서울숲역, 뚝섬역","다이슨 청소기 브러쉬 툴이에요
사진에 보이는 구성품 그대로 드려요
청소 시 유용하게 사용하실 수 있어요
먼지나 머리카락 제거에 탁월한 브러쉬 툴이랍니다
- 브러쉬 헤드
- 거치대
각각 10,000원

*챗이 늦어도 양해바랍니다.
직거래는 서울숲역, 뚝섬역 
gs반값택배가능",10000
청소기,다이슨 청소기,다이슨 V8 앱솔루트 무선 청소기,거래완료,"50,000원",방이1동,2026-04-04,1,3,139,40.2℃,음유시인,생활가전,,"다이슨 V8 앱솔루트 무선 청소기입니다

다양한 구성품으로 활용도를 높였습니다

구성품 충전거치대 포함이고 배터리는 사용은 가능하나 교환을 추천 합니다",50000
청소기,다이슨 청소기,다이슨 펜슬백 플러피콘 무선청소기 미개봉 가격낮춤 마지막,거래중,"420,000원",문정1동,2026-08-16,0,11,,,,,,,420000
청소기,다이슨 청소기,다이슨 무선청소기 SV12 세트,거래중,"120,000원",문정1동,2026-08-26,0,25,899,41.3℃,루리,생활가전,,"미국에서 사와서 사용했던 다이슨 무선청소기 SV12 에요.
생활기스가 좀 있는데 아직 파워도 좋고 청소 잘됩니다.

구성품들은 거의 안써서 새거나 다름없습니다.

LA 가전제품 파는 Best Buy 에서 사온거라 전압 및 코드가 110 V전용이라 220 V 변압기에 꽂아 쓰셔야해요. 

환불 및 반품 안됨, 당근페이나 현금만 거래가능",120000
청소기,다이슨 청소기,다이슨 V8 앱솔루트 무선 청소기 풀구성,거래중,"120,000원",문정1동,2026-08-28,0,9,143,39.6℃,제라피,생활가전,,"다이슨 V8 앱솔루트 무선 청소기 풀구성으로 나왔어요
사진에 보이는 모든 구성품 포함되어 있습니다
-전체적 으로 깨끗하고 정상
작동 합니다
-새 배터리교채 8/27
-새 필터교채2개8/27
 -새 헤드교채8/27
-분해 ,세척 ,테스트 ,완료된 청소기 입니다
-LED 헤드 작동시 앞쪽에불이 들어왔어 어두운 곳에서도
먼지을 볼수있습니다
-배터리는 호환 용으로 한번 완충하면30분정도갑니다

교환.반품×",120000
청소기,다이슨 청소기,다이슨 V10 무선 청소기 본체,거래중,"100,000원",거여동,2026-09-01,1,8,212,43.8℃,수련,생활가전,,"다이슨 v10 sv12 무선청소기 본체
v7 v8 v10 v11 툴 호환
강력한 흡입력으로 집안 구석구석 먼지 없이 깨끗하게 관리해보세요
세척완료 깨짐 크랙없음
정품베터리 60분 이상",100000
청소기,다이슨 청소기,깨끗하게 세척한 다이슨 무선 청소기 V7(23분 연속동작),거래중,"77,000원",문정1동,2026-07-31,2,28,1031,73.8℃,산수자명,생활가전,,,77000
청소기,다이슨 청소기,다이슨 워시 G1 물청소기 블랙/블루,거래중,"202,000원",위례동,2026-07-31,0,6,234,58.6℃,바로구매선호,생활가전,문고리 거래만 가능하고 위치는 위례스타힐스 입니다.,"다이슨 워시 G1 물청소기 블랙/블루 색상이에요

구성품으로 물통, 브러시 롤러 2개, 거치대 등 사진에 보이는 모든 구성품 포함되어 있어요

청소 효율을 높여줄 제품을 찾으시는 분들께 추천드려요


❗️작동 잘 됩니다❗️  그 외 질문은 안 받아요. 

궁금하신건 상세 페이지 링크 잘 살펴보시고 사실 분만 연락주세요.

https://www.dyson.co.kr/products/vacuum-cleaners/wet/washg1/overview


문고리 거래만 가능하고 위치는 위례스타힐스 입니다.

환불 당연히 중고거래상 안 됩니다. ",202000
청소기,다이슨 청소기,다이슨 V11 무선 청소기,거래중,"200,000원",문정1동,2026-07-01,0,4,288,55.7℃,좋은물건저렴히팔아요,생활가전,,"26만이구요나머지는당근페이나계좌이체로받아요  다이슨 V11 컴플리트 엑스트라 무선 청소기 풀세트입니다
다양한 구성품으로 집안 곳곳 깨끗하게 청소할 수 있어요
사진에서 보이는 모든 구성품 포함되어 있습니다
강력한 흡입력으로 먼지 걱정 끝
청소의 신세계를 경험해보세요
내용은 AI가작성해서틀릴수있구요 사진상 보이는그대로보내드립니다  예민하신분 패스해주시고 신중히결정하세요
반품.환불.안됩니다.
네고문의 답안합니다  금액은 알아서 내림니다",200000
청소기,다이슨 청소기,다이슨 SV10 배터리 21.6V 2600mAh,거래중,"50,000원",잠실동,2026-08-29,0,1,,,,,,,50000
청소기,다이슨 청소기,깨끗하게 세척한 다이슨 무선 청소기 V8(33분 연속동작),거래중,"125,000원",문정1동,2026-08-06,1,6,587,75℃,벽산,생활가전,,,125000
청소기,다이슨 청소기,다이슨 헤어 스크류 툴,거래중,"9,000원",거여동,2026-07-01,0,5,120,48.3℃,크롬,생활가전,거여역 8번 출구,"다이슨 헤어 스크류 툴(973964-01) 새상품입니다
다이슨 펜슬백 청소기와 호환됩니다",9000
청소기,다이슨 청소기,다이슨 마이크로 sv33 청소기,거래중,"200,000원",문정1동,2026-08-26,0,3,173,45.8℃,날아라하늘,생활가전,,"다이슨 마이크로 sv33 무선청소기입니다.
3년정도 사용한 제품으로 사용감은 있습니다.
다양한 툴 포함한 기본 구성품 그대로 있습니다.
자세한 내용은 이쪽 사이트를 참고하시면 됩니다.
https://naver.me/FIcXzGHo",200000
청소기,다이슨 청소기,(대용량새베터리6800mah 8/25일교체)다이슨 V8 앱솔루트 무선청소기 풀세트,거래중,"120,000원",문정1동,2026-08-27,2,12,303,99℃,초록,,,,120000
청소기,다이슨 청소기,다이슨Dc62,거래중,"80,000원",석촌동,2025-08-30,0,2,613,99℃,나침반,생활가전,,"필터 두 개 다 교체하고 인터넷으로  호환 배터리로 교체한 후  일주일정도 사용하고 갑자기 안되네요.
충전기가 문제인지 잘 모르겠어요.
사진상의 따로 있는 배터리는  방전된거예요.
청소기 본체에 부착된 게 새로 산 호환 배터리입니다.
다른 건 사용흔적이 있고요.
딸 아이방 전용으로 사용하던거라 세월감맘 있어요",80000
청소기,다이슨 청소기,다이슨V6무선청소기 본체/부품용,거래중,"25,000원",문정1동,2026-08-30,0,2,,77.6℃,하루,생활가전,문고리 거래 합니다,"다이슨 V6 무선청소기 본체예요
깨끗합니다 
사진에 보이는 구성품 그대로 드려요
배터리는 방전 입니다 
깨끗하게 닦았습니다 
부품용이라 반품은 안대니까 신중하게 결정 해주세요 
문고리 거래 합니다 ",25000
청소기,다이슨 청소기,다이슨 볼 DC46 알러지 파켓 청소기,거래중,"90,000원",문정1동,2026-08-30,0,1,24,76.2℃,서끼,생활가전,,"다이슨 볼 DC46 알러지 파켓 청소기예요
강력한 흡입력으로 먼지 걱정 없이 깨끗하게 청소할 수 있어요
사진에서 보이는 구성품 그대로 드려요
바닥 먼지 제거에 탁월한 성능을 자랑하는 청소기랍니다
무선청소기는 불편한거일뿐 빠는힘이 약하지만 바테리가 점점약해지면 큰돈들어가는데  아예이것사용하는게나을겁니다
힘도좋고 잘빨아지고
교통좋은 1분나거리 24시간 편하게 방문하셔서 확인하고가져가시면됩니다",90000
청소기,다이슨 청소기,(새상품)다이슨 그랩앤고독 충전거치대,거래중,"50,000원",가락본동,2026-05-02,2,5,76,40.7℃,봄은온다,생활가전,가락동 79-4,"새상품 다이슨 무선 청소기 충전거치대입니다
웬만하면 직거래만 해요~",50000
청소기,다이슨 청소기,다이슨 V8 무선청소기,거래중,"48,000원",문정1동,2026-07-01,5,18,971,51.6℃,트리프나,생활가전,,"다이슨 V8 무선청소기 판매해요
본체와 충전기 활용도가 높아요
거치대포함

청소하기 좋은 계절에 딱 맞는 제품이에요 밧데리가 방금나갔어요 밧데리교채해야함
상태좋아요 ",48000
청소기,다이슨 청소기,다이슨 옴니 글라이드 청소기( sv19 새제품),거래중,"450,000원",방이동,2026-07-31,1,3,74,47.7℃,시리우스,생활가전,,"다이슨 sv19 옴니 글라이드 무선 청소기입니다
다이슨코리아 에서 바로 받은 국내 정품.

사진에서 보시는 것처럼 구성품 모두 새것 그대로 담겨있어요
미개봉 박스상태 이기 때문에... 그대로 가져가시는 겁니다. 
교환.환블.단순변심 안됩니다. 

제품 등록 하시고 사용하시면 되는 정품입니다.
24년 홈쇼핑에서 구매 후  잊고 지내다 내놓습니다. 
바닥 청소에 특화된 모델로 가볍고 사용하기 편리해요

",450000
청소기,다이슨 청소기,다이슨 초경량 무선 청소기 마이크로 1.5 충전거치대 포함,거래중,"290,000원",문정1동,2026-08-13,1,19,283,79.4℃,꿈꾸는너구리,생활/주방,,,290000
청소기,다이슨 청소기,다이슨 V10 무선청소기 송파,예약중,"50,000원",마천동,2026-08-16,4,4,402,53.9℃,범사에감사하라,생활가전,,"다이슨 V10 무선청소기입니다
부담없이 편안하게 사용하실 분
강력한 흡입력으로 집안 구석구석 깨끗하게 청소할 수 있어요
사용감 있으니 크리닝해서 사용하시고요
구성품 다 있고요, 아예 새거인 구성품도
있습니다.
충전기 있어요.
빠른 판매 원하여, 쿨 거래 원합니다.
저렴한 가격에 내놓습니다.",50000
청소기,다이슨 청소기,다이슨 SV04 무선청소기 핑크 110 볼트,거래중,"50,000원",문정1동,2026-06-01,2,5,477,73.7℃,수영마스터,생활가전,,"다이슨 SV04 무선청소기 핑크 색상이에요
본체와 배터리, 충전기, 다양한 구성품 포함되어 있어요
사진에서 보이는 그대로 보내드려요
문서 작업이나 영상 편집하시는 분들에게 추천드리는 가성비 좋은 청소기랍니다

110볼트에요",50000
청소기,다이슨 청소기,"다이슨 청소기(V6용) 침구, 직물, 카펫 전용 헤드(2가지)",거래중,"25,000원",오금동,2026-08-23,0,1,30,41.9℃,버티고,뷰티/미용,,,25000
청소기,다이슨 청소기,다이슨 무선청소기 싸이클론 V10 레드,거래중,"200,000원",문정1동,2026-08-25,1,1,129,40.4℃,짐줄이기프로젝트,생활/주방,,"다이슨 무선청소기 싸이클론 V10 레드 447796-01

카테고리 : 생활가전
제품 유형 : 무선청소기
모델명 : 싸이클론 V10
색상 : 레드
제품번호 : 447796-01

상태
- 외관 결과 문제없음
- 전체적으로 깨끗함
- 단계별 흡입 기능 정상
- 충전 기능 정상",200000
청소기,다이슨 청소기,"다이슨 V8 앱솔루트 무선청소기(삼성배터리교체>44분 연속작동,별도거치대 포함,전체해체하여 Cleaning완)",거래중,"158,000원",문정1동,2026-08-30,1,6,128,77℃,Wiseoxen,,,,158000
청소기,다이슨 청소기,"다이슨 V10 무선 청소기 (세척 완료,새 밧데리)",거래중,"170,000원",문정동,2026-08-30,0,0,7,86℃,당근스타,생활가전,,"내부 세척해서 깨끗하구요
사진 구성입니다. .동작 잘 됩니다 
호환 새 밧데리 입니다 
네고 불가",170000
청소기,다이슨 청소기,다이슨청소기 DC52,거래중,"75,000원",문정1동,2026-08-26,1,7,272,36.6℃,당근뿅,생활가전,부산 남구 직거래,"사진에없지만 기본청소용툴 침구툴 틈새툴등 모든툴포함 
작동잘됩니다^^
부산 남구 직거래
적정한네고가능합니다^^",75000
청소기,다이슨 청소기,다이슨 청소기 액세서리 풀세트,거래중,"30,000원",풍납동,2026-09-01,0,0,9,37.6℃,찐요,생활가전,,"다이슨 청소기 액세서리 풀세트 판매해요
다양한 청소 환경에 맞춰 사용할 수 있는 구성품들이에요
사진에서 보이는 모든 구성품 포함되어 있어요
다이슨 청소기 활용도를 높여줄 좋은 기회예요",30000
청소기,다이슨 청소기,"다이슨 V7, V8 청소기 호환 헤파 필터",거래중,"5,000원",오금동,2026-05-02,0,2,36,47.3℃,캐리좋아,생활가전,,"다이슨 V7, V8청소기에 호환되는 헤파 필터에요
미사용 새제품입니다. 
필터 교체 시기가 다가왔다면 새 필터로 교체해보세요
깨끗한 공기를 마시며 청소할 수 있어요
청소기 성능 유지에 꼭 필요한 부품이랍니다",5000
청소기,다이슨 청소기,다이슨 sv14퍼플 무선청소기,거래중,"190,000원",문정1동,2026-08-28,0,4,149,99℃,말본,생활가전,,"다이슨 V10 퍼플 무선청소기 판매해요
사진에 보이는 구성품 모두 포함되어 있어요
강력한 흡입력으로 집안 구석구석 깨끗하게 청소할 수 있어요. 풀충전40~50분 돌고. 정품입니다. 필터도 새로갈았어요. 해드롤러도 깔끔하게 관리했어요 
부품만팔아도 이가격보다높아요. 해드롤러. 침구 각종스튤 ㆍ. 등등

",190000
청소기,다이슨 청소기,다이슨 무선청소기 헤드 V7 V8 V10 V11 호환,거래중,"40,000원",잠실4동,2025-11-03,3,14,570,81.2℃,오렌지,생활가전,,"다이슨 정품 무선청소기 헤드입니다(16.2 VDC, 20W)
본체 고장으로 악세사리 따로 판매합니다.
중고라 새것 같지는 않지만
큰 상처 없고 작동에 젼혀 문제 없습니다",40000
청소기,다이슨 청소기,다이슨 V6코드프리 무선청소기(베터리만교체필요),거래중,"45,000원",문정1동,2026-08-30,0,4,96,43.6℃,사탐85,생활가전,,,45000
청소기,다이슨 청소기,다이슨 V8 플러피 무선청소기,거래중,"170,000원",문정2동,2026-08-09,0,3,533,73.1℃,새에앵파다레이디,생활가전,,"새밧데리교체해서 사진올렷어요 
사용하던거지만 
작동이상없이 잘됩니다
예민하지않으신분 
사진컷 살피시어 데려가세요 
다이슨 V8 플러피 무선청소기입니다
사진에 보이는 구성품 모두 포함되어 있어요
다양한 브러쉬와 액세서리로 집안 구석구석 깔끔하게 청소할 수 있어요
흡입력 좋은 무선청소기로 편리하게 청소해보세요",170000
청소기,다이슨 청소기,다이슨 V10 싸이클론 레드 무선청소기,거래중,"165,000원",잠실동,2026-08-30,2,15,176,38.2℃,다온빛,생활가전,,"다이슨 V10 싸이클론 무선청소기 레드 색상이에요
충전기 포함 구성품입니다
사진에서 보이는 그대로의 제품이에요
강력한 흡입력으로 집안 구석구석 깨끗하게 청소할 수 있어요
구입가 580,000/사용횟수30회 이내
보증합니다",165000
청소기,다이슨 청소기,다이슨 청소기 부품수납 파우치 블랙,거래중,"10,000원",잠실4동,2026-07-31,0,3,106,46.5℃,비니파파,뷰티/미용,,"다이슨 정품 부품수납  파우치예요

개봉 후 한번도 사용하지 않아서 새것이라고 보시면 됩니다.

이동시 유용하게 사용할 수 있는 제품이고,

벽에 걸어서 부품을 수납해두고 정리해서 사용할수 있습니다

수납 공간이 잘 나누어져 있어 깔끔하게 정리하기 좋아요

펼쳤을때 가로 40cm x 세로80cm정도입니다",10000
청소기,다이슨 청소기,다이슨 펜슬리박 플러피콘즈 청소기 미개봉 새제품,거래중,"450,000원",잠실동,2026-08-19,0,1,279,38.6℃,향긋한토스트,취미/게임/음반,,,450000
청소기,다이슨 청소기,정품 다이슨 청소기v7 v8 v10 v11 v15 툴 브러쉬,거래중,"18,000원",잠실4동,2026-03-03,0,0,31,45.4℃,안뇽,생활가전,,"다이슨 청소기 툴입니다
정품은 비싸요. 
브러쉬 형태로 되어있습니다
회색이며, 사용감은 조금 있습니다",18000
청소기,다이슨 청소기,다이슨 V8앱솔루트 무선 청소기 본체,거래중,"35,000원",잠실동,2026-08-27,3,10,549,38.7℃,몽이뭉,생활가전,,"다이슨 V6 앱솔루트 무선 청소기 본체예요
사진으로 확인 가능한 구성품만 있어요
깔끔한 청소를 도와줄 거예요",35000
청소기,다이슨 청소기,다이슨 청소기 장난감,거래중,"10,000원",문정동,2026-07-31,0,2,68,38.5℃,젤리,유아동,문고리거래입니다,"아이들이 좋아하는 다이슨 청소기 장난감이에요
실제 청소기처럼 가지고 놀 수 있어 아이들의 흥미를 유발해요
청소 놀이를 통해 소근육 발달과 역할 놀이를 경험할 수 있어요
청소하는 재미를 느끼게 해주고 싶은 아이에게 선물하기 좋아요
소리작동 됩니다
문고리거래입니다",10000
청소기,다이슨 청소기,다이슨 V8 무선 청소기 본체,거래중,"30,000원",잠실동,2026-08-30,0,3,182,55.7℃,지금당근중,생활가전,,"다이슨 V8 무선 청소기 본체 판매해요
사진에 보이는 구성품 그대로 드려요
청소기 본체만 필요하신 분께 추천드려요
깔끔한 디자인으로 인테리어 효과도 있어요",30000
청소기,다이슨 청소기,다이슨 호환 소프트 롤러 헤드 V7 V8 V10 V11 V15,거래중,"49,000원",잠실6동,2026-02-01,3,14,509,40.3℃,당근이지,생활가전,가능하면 직거래 원합니다.,"다이슨 청소기에 호환되는 소프트 롤러 헤드입니다
V7, V8, V10, V11, V15 모델에 호환됩니다. 
(정품이 아닌 대체호환품이에요.)

- 무게는 284g입니다
- 부드러운 소프트 롤러

사용없이 물건만 확인하고 그대로 넣어둔 것으로 박스채 보관중입니다.

가능하면 직거래 원합니다.",49000
청소기,다이슨 청소기,다이슨 DC46 터빈헤드 청소기,거래중,"125,000원",잠실동,2026-08-24,0,2,136,44.1℃,요리하는캥거루,생활가전,,"다이슨 DC46 터빈헤드 청소기입니다
강력한 흡입력으로 집안 구석구석 깨끗하게 청소할 수 있어요
터빈헤드가 있어 머리카락이나 반려동물 털도 효과적으로 제거해 준답니다
청소기 구매를 고민하고 계신다면 이 제품을 눈여겨보세요


가져다 드립니다",125000
청소기,다이슨 청소기,다이슨 하이 토크 클리너 헤드 팝니다,거래중,"30,000원",오금동,2026-04-02,5,7,212,86.1℃,김고은,생활가전,3만원입니다직거래 오금동입니다,"다이슨 청소기용 하이 토크 클리너 헤드입니다
카펫과 일반 바닥 모두에 효과적인 헤드입니다
다이슨 정품입니다
v7부터 v11까지 호환됩니다 
3만원입니다직거래 오금동입니다 ",30000
청소기,다이슨 청소기,다이슨 DC74 V6 카본 파이버 무선 청소기,거래중,"45,000원",잠실동,2026-08-20,1,8,,,,,,,45000
청소기,다이슨 청소기,정품 다이슨 청소기 v7 v8 v10 v11 v15 어댑터,거래중,"18,000원",잠실4동,2026-03-03,0,1,51,45.4℃,안뇽,생활가전,,"다이슨 청소기 부속품입니다
정품은 비싸요. 
회색이고 상태는 사진과 같습니다",18000
청소기,다이슨 청소기,다이슨 V8 무선 청소기,거래중,"80,000원",잠실동,2026-07-31,1,27,1257,78.4℃,검둥맘,생활가전,,"다이슨 V8 무선 청소기 본체 및 부속품 일괄판매 합니다...

사진에 보이는 구성품 모두 포함되어 있어요

강력한 흡입력으로 집안 구석구석 깨끗하게 청소할 수 있어요

청소기 하나로 집안 먼지 걱정 끝내세요

작동 잘 됩니다~~~",80000
청소기,다이슨 청소기,다이슨 V10 무선청소기 본체,거래중,"95,000원",잠실동,2026-08-29,1,10,313,55.7℃,좋은물건저렴히팔아요,생활가전,,"다이슨 V10 무선청소기 본체입니다
사진에서 보이는 그대로의 제품이에요
구성품은 본체만 있습니다
깔끔한 청소를 도와줄 다이슨 V10으로 집안을 깨끗하게 관리해보세요
네고문의 답안합니다  금액은 알아서 내림니다
카메라랑교환도가능합니다 추가금도드리고요 안쓰시는 디카.필림카메라 됩니다 문의주세요",95000
청소기,다이슨 청소기,다이슨 V6 Cord-free 무선청소기,거래중,"80,000원",가락1동,2026-08-13,0,0,20,99℃,보석상자,생활가전,송파역 부근에서 직거래 합니다,"다이슨 V6 Cord-free 무선청소기입니다
사진에 보이는 구성품 그대로 드려요
깔끔한 디자인으로 인테리어 효과도 있어요. 완충시 15분 청소가능합니다
강약조절은 없습니다.
엘이디 라이트로 먼지가 다 보여서
청소를 깨끗이 할 수 있어요
집안 구석구석 먼지 없이 깨끗하게 청소해보세요
상태는 사진으로 대신합니다
송파역 부근에서 직거래 합니다
자차이용시 가락1동 주민센터 주차장입니다",80000
청소기,다이슨 청소기,다이슨 V8 Animal 무선청소기,거래중,"28,000원",잠실동,2026-08-30,0,3,170,81.6℃,당근좋아,생활가전,,"다이슨 V8 Animal 무선청소기 판매해요
강력한 흡입력으로 먼지 하나 놓치지 않아요
본체, 연장관, 플러피 헤드가 포함되어 있어요
집안 구석구석 깨끗하게 청소할 수 있어요
반려동물 털 제거에 탁월한 성능을 자랑해요
부품용입니다 없는것밧데리
와충전기",28000
청소기,다이슨 청소기,다이슨 유선 청소기 블루,거래중,"20,000원",잠실동,2026-08-29,1,10,347,39.6℃,민채,생활가전,,,20000
청소기,다이슨 청소기,다이슨 V10 청소기호환먼지통,거래중,"10,000원",문정동,2026-01-02,0,2,178,56.7℃,랄라,생활가전,,"다이슨 V10 모델 
청소기 먼지통입니다
해외전용 먼지통입니다
크기 20cm입니다
국내전용과는 틀립니다
사진 잘 보시고 연락주세요
",10000
청소기,다이슨 청소기,다이슨 V8 무선청소기,거래중,"70,000원",잠실동,2026-07-31,2,13,1010,58.9℃,당근토끼,생활가전,,"다이슨 V10 무선청소기 오렌지색 연장관이에요
사진에서 보이는 것처럼 구성품은 연장관만 있어요
깔끔하게 청소하실 수 있도록 도와줄 거예요
청소 효율을 높이고 싶으신 분들께 추천드려요",70000
청소기,다이슨 청소기,다이슨청소기 물받이,거래중,"1,000원",오금동,2025-08-30,0,0,70,64.2℃,선아,생활가전,가락대림아파트,,1000
청소기,다이슨 청소기,깨끗하게 세척한 다이슨 무선 청소기 V11 풀세트(81분 연속동작),거래중,"263,000원",잠실동,2026-06-01,6,16,1753,73.8℃,산수자명,기타 중고물품,,,263000
청소기,다이슨 청소기,다이슨 V11 플러피 무선 청소기,거래중,"350,000원",거여2동,2025-08-30,12,14,902,39.9℃,딸기좋아,생활가전,,"ㅡ매개봉상품 입니다.
ㅡ손잡이부분에 디스플레이어장착되어 있음
ㅡ밧데리 방전됐을 수 있음.
ㅡ새상품이므로 반품안됩니다.
ㅡhttps://naver.me/FcmFYk9R 스팩확인해 보세요
ㅡ네고 안됩니다.",350000
청소기,다이슨 청소기,깨끗하게 세척한 다이슨 V6[DC62] 무선 청소기(19분 연속동작),거래중,"65,000원",잠실동,2026-07-01,3,17,1607,73.8℃,산수자명,생활가전,,,65000
청소기,다이슨 청소기,다이슨 SV12 무선청소기 풀세트,거래중,"200,000원",잠실동,2026-07-01,6,37,1585,41.2℃,열무하랑,생활가전,,"다이슨 SV12 무선청소기 풀세트 구성이에요
다양한 구성품으로 집안 곳곳 깨끗하게 청소할 수 있어요
사진에 보이는 모든 구성품 포함되어 있어요
강력한 흡입력으로 먼지 걱정 끝
청소의 번거로움을 덜어줄 제품이에요

배터리 다이슨 정품 새걸로  교체 후 20시간 정도 사용하여, 배터리 컨디션은 최상이고, 새제품 배터리와 거의 비슷하다고 보시면 됩니다.

청소기 핸들 부분에 Crack이 있으나, 정상 작동하며 사용하는데는 문제가 없습니다.
핸들 Crack이 거슬리시면 쿠팡에서 3만원대에 구매 가능하오니, 볼트 풀어서 자가 교체 하시면 됩니다.",200000
청소기,다이슨 청소기,다이슨 청소기 정품 배터리(방전) 5개 저렴하게 드립니다~,거래중,"20,000원",송파동,2025-10-04,2,11,397,99℃,애니,생활가전,,"안녕하세요?
다이슨 정품 배터리(방전)입니다~
v6 1개
v7 1개
v8 3개 
모두 5개 입니다^^~",20000
청소기,다이슨 청소기,다이슨청소기 하이토크헤드 233367 v10 v11,거래중,"55,000원",장지동,2025-10-04,0,8,410,62.7℃,당근이지요,생활가전,,"다이슨 청소기 하이토크 헤드 판매합니다
모델넘버 233367 
에어와트, 컴플리트 등 모델에적용

여러 가지 모델이 호환되는 걸로 알고 있는데
호환 여부는 저도 정확히 모르겠습니다. 직접 확인 바랍니다

2번쓰고 청소기를 처분해서   양호해요
사진 참고하세요


⛔️이글이있으면 판매가능해요
⛔️하단에거래장소있습니다
⛔️교환 환불 안되시구요
⛔️ 본문 제대로 확인 후 톡주세요

➡️거래는 계좌이체 or 당근페이로
➡️예약 없음 선입금 판매 우선 입니다~

👉 안 팔리는 물건은 제가가격  
       낮추고 있으니 네고 사양합니다
       (네고 연락 답 못 드리니 양해   
        바랍니다
❗️중고제품인만큼 예민하신 분은 피해주시고 편하게  쓰실 분 ❗

👉 거래장소 :
주소>송파구 충민로66가든파이브 
잠실자생한방병원쪽으로 올라오세요
8층사무실 
⛔️평일9시~6시
⛔️공휴일 및 주말거래불가",55000
청소기,다이슨 청소기,다이슨 V11 무선청소기 본체,거래중,"160,000원",잠실동,2026-08-21,0,9,469,55.7℃,좋은물건저렴히팔아요,생활가전,,"다이슨 V11 무선청소기 본체입니다. 강력한 흡입력으로 집안 구석구석 깨끗하게 청소할 수 있어요. 사진에서 보이는 구성품 그대로 드립니다. 청소 효율을 높여줄 가성비 좋은 청소기를 찾으시는 분들께 추천드려요
내용은 AI가작성해서틀릴수있구요 사진상 보이는그대로보내드립니다  예민하신분 패스해주시고 신중히결정하세요
반품.환불.안됩니다.
네고문의 답안합니다  금액은 알아서 내림니다  사진그대로 입니다 
카메라랑교환도가능합니다 추가금도드리고요 안쓰시는 디카.필림카메라 됩니다 문의주세요",160000
청소기,다이슨 청소기,다이슨 청소기 부속품,거래중,"20,000원",가락동,2025-10-04,1,6,351,61.9℃,luckyseo,생활가전,,,20000
청소기,다이슨 청소기,다이슨 청소기 메인 카펫용 헤드,거래중,"36,000원",잠실동,2026-08-23,2,1,115,69.6℃,행복,생활가전,,"(새상품)다이슨 정품 청소기 헤드 툴 세트입니다. 메인 카펫용 헤드와 틈새, 브러쉬 툴 등 다양한 구성품이 포함되어 있어 활용도가 높아요. 사진으로 꼼꼼히 확인해보세요. 청소 효율을 높여줄 아이템을 찾으시는 분들께 추천드려요
GS반값택배도 가능합니다.",36000
청소기,다이슨 청소기,다이슨v8 앱솔루트 청소기 저렴하게 드립니다~,거래중,"95,000원",송파동,2026-08-31,0,4,18,99℃,애니,생활가전,,"안녕하세요?
다이슨v8 청소기 입니다~
배터리는 20평대 여유있게 청소 하실수 있습니다 
소프트 롤러는 불 들어오는 툴로
교체를 하였습니다 
별도 구입한 거치대와 여러툴도 함께 드리겠습니다 
별로 사용하지 않아서 이미지와 
같이 깨끗합니다^^~",95000
청소기,다이슨 청소기,다이슨 무선청소기 V8,거래중,"90,000원",잠실동,2026-08-31,0,0,56,55℃,tyurqwe,생활가전,,"사진대로 정품 이고 다~양호해요
사용품 이니 봉에 실기스 약간 어쩔수 없고  정품배터리 23분 정도
소프트 롤러 헤드및 싸이클론 먼지통
필터 완전분해 세척 
거치대 충전기등 구성
본체등 크랙 흠 없고
성능 작동 좋아요
",90000
청소기,다이슨 청소기,다이슨 청소기 송파,거래중,"40,000원",풍납1동,2026-08-31,0,4,276,37.2℃,미져리아빠,생활가전,,"배터리는 수명이 다되서 5분 써요
알리들어가면 다이슨배터리있으니까
교체하고 쓰세요
스탠드포함",40000
청소기,다이슨 청소기,다이슨 V10 무선청소기 오렌지색 풀세트,거래중,"180,000원",잠실동,2026-08-01,2,11,502,58.2℃,삼십일일,생활가전,,"다이슨 V10 무선청소기 오렌지색상 풀세트 구성이에요
사진에 보이는 모든 구성품 포함되어 있어요
거치대까지 있어서 보관 및 충전이 편리해요
강력한 흡입력으로 집안 구석구석 깨끗하게 청소할 수 있어요
자주 사용하지 않는 분들에게 추천드리는 제품이에요",180000
청소기,다이슨 청소기,다이슨 v10 무선청소기,거래중,"100,000원",잠실동,2026-08-31,1,1,42,41℃,토토야,생활가전,,"다이슨 sv10 무선청소기 
작동 잘됩니다. 충전후 배터리가 15~ 25분 가는것 같아요 
청소기 아랫부분도 깨끗하게 관리되어 있습니다.
충전기 포함입니다.",100000
청소기,다이슨 청소기,다이슨 사이클론 V10 송파,거래중,"140,000원",풍납동,2026-08-04,2,19,550,41.4℃,프릭스,생활가전,,"다이슨 사이클론 V10 무선청소기 풀세트 판매합니다.

사용하던 제품이라 사용감 있습니다.

자세한 문의는 당근톡 주세요 ㅎ

(거래 시 제품 확인 가능하며 구매 후 환불은 안 받습니다)",140000
청소기,다이슨 청소기,다이슨 V10 앱솔루트 무선 청소기,거래중,"120,000원",잠실동,2026-08-31,3,3,98,99℃,레몬민트,생활가전,,"다이슨 V10 앱솔루트 무선 청소기 판매해요
사진에 보이는 구성품 모두 포함되어 있어요
강력한 흡입력으로 집안 구석구석 깨끗하게 청소할 수 있어요
자주 사용하지 않아 상태 좋아요
",120000
청소기,다이슨 청소기,"다이슨청소기 디지털 슬림 플러피+ 1.9kg 가벼운 청소기 풀세트팝니다.(세척완료, 새배터리)",거래중,"180,000원",잠실동,2026-08-29,0,13,298,69.3℃,푸네,,,,180000
청소기,다이슨 청소기,깨끗하게 세척한 다이슨 V6 무선 청소기 본체(방전),거래중,"20,000원",잠실동,2026-08-01,2,25,6225,75℃,벽산,생활가전,,,20000
청소기,다이슨 청소기,다이슨 V11 컴플리트 무선 청소기 기기단품,거래중,"160,000원",잠실동,2026-08-11,2,33,2478,63.9℃,섬세한스위밍랩,생활가전,,,160000
청소기,다이슨 청소기,다이슨 V7 무선 청소기,거래중,"90,000원",거여동,2026-08-30,3,6,220,59.5℃,니인자,생활가전,,"다이슨 V7 앱솔루트 퍼플 무선 청소기입니다
본체 헤드는 분해 봉까지 세척했습니다 
깨지고 금간곳 없으며 작동 컨디션은 최상입니다 
밧데리 동작은 25분까지 확인됐습니다 
이틀을 넘기는 장거리 예약은 안받습니다
구입하실분만 연락주세요
바로구매시 거치대는 빼고 도킹스테이션만갑니다
물론 1만원 빼드립니다 
별도로 개별부품 구매도 가능합니다 
",90000
청소기,다이슨 청소기,다이슨 무선 청소기 거치대포함 (오류),거래중,"45,000원",잠실동,2026-08-28,2,9,1024,74.7℃,집정리중,생활가전,,"다이슨 무선 청소기입니다
거치대도있어 깔끔 보관 가능 

배터리 교체를 하셔야하는지 
불은 들어오나 작동이 안됩니다 
교체하시고 쓰실분있으시면 저렴히 가져가세요 

쿨거래 기름값빼드릴께요 
반품 x교환 x

사진에서 보시는 것처럼 구성품 모두 포함되어 있어요
강력한 흡입력으로 집안 구석구석 깨끗하게 청소할 수 있어요
자주 사용하지 않아 깨끗하게 사용하실 분께 추천드려요",45000
청소기,다이슨 청소기,다이슨 v8 청소기,거래중,"90,000원",잠실동,2026-08-26,0,17,865,73.3℃,행복해,생활가전,,"안녕하세요
다이슨 v8 청소기 내놓습니다
상세 스펙은 검색 부탁드립니다

네고 말씀 답변 안드립니다

잦은 불발로 예약 받지 않습니다
지금 오실수 있을때 말씀 주시고 보시구 가져가셔요

게시글 및 사진 잘 살펴보시고 신중하게 고민후 말씀주세요

다이슨 v8 청소기
완전 새것 같진 않습니다

사진상 구성품만 있습니다
외관 파손이나 크랙은 보이지 않습니다
배터리가 일반모드 15분가량 동작합니다

흡입 및 브러쉬 잘 됩니다
다이슨 정품 충전기 및 거치대 포함입니다 

예약읎이 
먼저 오시는분께 분양드립니다",90000
청소기,다이슨 청소기,다이슨 V8 앱솔루트 무선 청소기 레드,거래중,"130,000원",거여동,2026-08-30,0,5,,,,,,,130000
청소기,다이슨 청소기,다이슨 V6 플러피 헤파 무선 청소기,거래중,"30,000원",잠실동,2026-08-31,1,2,81,51.5℃,라벤,생활가전,,"다이슨 V6 플러피 헤파 무선 청소기입니다
밧데리 방전입니다
사용감은 사진확대해보심 됩니다 
",30000
청소기,다이슨 청소기,다이슨 v8 앱솔루트 프로 가방까지,거래중,"150,000원",잠실동,2026-02-02,2,5,227,45.3℃,녹차굿,생활가전,,"다이슨 v8 앱솔루트 프로 입니다
사진에 나와있는 툴 + 가방까지 다 드려요

툴은 새것도 있고 대체적으로 깨끗합니다
청소기 대만 생활기스 있어요 모델명 스티커는 떨어졌는데 약간 자국 남아서 모델명 보입니다!

배터리 남아있어서 작동되는 상태입니다!",150000
청소기,다이슨 청소기,다이슨 청소기 거치대,거래중,"10,000원",잠실동,2026-08-23,0,2,127,98.1℃,호야,생활가전,,"다이슨 청소기 거치대 판매해요
사진에 보이는 구성품 그대로 드려요
깔끔하게 청소기 보관하고 싶으신 분들께 추천드려요
새것 피스 포함",10000
청소기,다이슨 청소기,다이슨 무선청소기 (풀세트),거래중,"100,000원",잠실동,2026-08-09,2,9,339,99℃,산자락,생활가전,,"다이슨 무선청소기 풀세트 판매해요
다양한 구성품과 거치대까지 모두 포함되어 있어요
사진에서 보시는 것처럼 깔끔하게 사용했어요. 청소완료 하고 보관중. 가져다 그냥 쓰시면되요.
강력한 흡입력으로 집안 구석구석 깨끗하게 청소할 수 있어요
신정네거리역 주변 아파트에서 실어드림.신청자에게 상세주소 드림.",100000
청소기,다이슨 청소기,다이슨 V8 플러피 무선청소기,거래중,"100,000원",잠실동,2026-07-02,1,15,1416,99℃,당근빠따,생활가전,,"다이슨 V8 플러피 무선청소기입니다
다양한 구성품과 함께 제공되어 활용도가 높아요
사진에서 보이는 모든 구성품 포함입니다
깔끔한 청소를 도와줄 매력적인 청소기랍니다

배터리 교체시기가 된거같습니다
현재 5~10분 갑니다
교체해서 사용하실분
구성품 사용안해서 새겁니다


⛔️ 선입금시 예약가능
⛔️ 네고 안합니다
⛔️ 인사만 하고 잠수 차단
",100000
청소기,다이슨 청소기,다이슨 V10 무선 청소기 풀세트,거래중,"200,000원",잠실동,2026-07-02,3,12,1985,55.7℃,좋은물건저렴히팔아요,생활가전,,"다이슨 V10무선 청소기 풀세트 구성이에요
다양한 브러쉬와 액세서리가 포함되어 있어 집안 곳곳 깨끗하게 청소할 수 있어요
사진에 보이는 모든 구성품 포함되어 있습니다
강력한 흡입력으로 먼지 걱정 없이 사용해보세요  20만원입니다 택배비별도고요",200000
청소기,다이슨 청소기,다이슨 V6 무선 청소기,거래중,"100,000원",잠실동,2026-08-24,0,9,502,67.9℃,심쿵,생활가전,,"다이슨 V6  무선 청소기입니다
사진에 보이는 구성품 모두 포함되어 있어요
강력한 흡입력으로 집안 구석구석 깨끗하게 청소할 수 있어요
바닥 먼지부터 머리카락까지 놓치지 않고 흡입해줘요
새필터포함 사용감있지만 상태양호합니다 ",100000
청소기,다이슨 청소기,다이슨 SV6 무선 청소기,거래중,"150,000원",잠실동,2026-08-23,0,0,121,99℃,갑순이,생활가전,,"다이슨 SV6 무선 청소기 판매해요
본체, 충전 거치대, 다양한 브러쉬 포함되어 있어요
사진에서 보시는 구성 그대로 보내드려요
강력한 흡입력으로 집안 구석구석 깨끗하게 청소할 수 있어요
 본브러시 카페트브러시 침구브러시 물걸레 브러시 모터브러시가 4종에 틈새브러쉬 솔브러시 풀세트입니다 
좀 사용하시다  호환밧데리로 교체 하시면 비용이 많이 안들어요",150000
청소기,다이슨 청소기,다이슨 V8 앱솔루트 무선청소기,거래중,"70,000원",잠실동,2026-08-28,0,9,1034,91.3℃,DENNIS,생활가전,직거래/택배 가능합니다.,"배터리는 방전입니다.
인터넷에서 호환배터리 3만원 정도합니다.
바로 쓰시라고 세척은 했지만 청소기 특성상 스크래치와 사용감은 있습니다 (민감한 분들은 패스요^^)
구성품은 사진참조 하세요.

직거래/택배 가능합니다.
중고물품 특성상 반품/환불 안됩니다.
★★택배시 파손면책 동의로 알고보냅니다.(배송중 파손/고장은 책임 안집니다.)★★",70000
청소기,다이슨 청소기,다이슨 SV12 무선 청소기 오렌지,거래중,"100,000원",잠실동,2026-08-31,1,8,350,41℃,418호,생활가전,,"다이슨 SV12 무선 청소기 오렌지 색상이에요
사진에서 보이는 구성품 그대로 드려요
강력한 흡입력으로 집안 구석구석 깨끗하게 청소할 수 있어요
자주 사용하지 않아 깨끗하게 사용하실 분께 추천드려요

툴을 저것만 사용했어요 나머지는 있구요 새거에요
벽걸이도 안했구요
베터리를 한번도 안갈아서 그것만 갈아서 사용하시면 되어요 지금 하면 탄것같은 냄새가 나서요~ 
배터리 교체 하실분 가져가세요",100000
청소기,다이슨 청소기,다이슨 마이크로 무선 청소기 풀박스 새상품,거래중,"310,000원",잠실동,2026-08-21,0,21,410,59.1℃,달콤이,뷰티/미용,,,310000
청소기,다이슨 청소기,다이슨 워시 G1 물걸레 청소기,거래중,"200,000원",송파동,2026-08-10,1,13,111,43.2℃,소현,생활가전,,"새상품 구입후 10번 이내 사용
여전히 잘 사용하지 않아 내놓아요",200000
청소기,다이슨 청소기,다이슨 V10 무선청소기,거래중,"120,000원",잠실동,2026-08-08,2,28,2253,60℃,좋은세상,생활가전,,"다이슨 V10 싸이클론 플러피 레드 무선청소기입니다
다양한 구성품과 함께 제공되어 활용도가 높아요.

분해 세척 완료.

사진에서 보이는 툴 외 다른 악세사리는  어디다 뒀는지 안보이네요. 찾으면 포함해 다 드리지만  안나오면 이제품만 드려요.

정품 배터리는 이미 사망해 버렸고 로하스 호환품 최근 교체했구요. 조금 남은 것 해서 총 2개 드려요.

마지막 사진 보시다시피 다이슨 고질적인 파손 부위. 없어도 되지만 붙여놨습니다. 감안해 가격책정하고 올리니 예민하신 분들은 패스해주세요.

네고 안받구요. 알아서 가격조정하고 안팔리면 제가 차량용으로 그냥 씁니다.",120000
청소기,다이슨 청소기,다이슨 스몰볼 진공청소기,거래중,"150,000원",가락1동,2024-08-31,0,5,696,43.4℃,메트강,생활가전,헬리오시티 2게이트,,150000
청소기,다이슨 청소기,다이슨 V10 플러피 레드 무선청소기,거래중,"80,000원",잠실동,2026-08-15,6,38,2794,99℃,복길아빠,생활가전,,"다이슨 V10 플러피 무선청소기입니다. 레드 색상으로 깔끔하고 세련된 디자인을 자랑해요. 본체와 충전기, 그리고 사진에 보이는 구성품 모두 포함되어 있습니다. 강력한 흡입력으로 집안 구석구석 먼지 없이 깨끗하게 청소할 수 있어요. 청소하기 좋은 계절, 새 것처럼 깨끗한 다이슨 청소기로 상쾌한 집안을 만들어보세요

본품과 충전기만 드려요
먼지통 락장치가 부러졌어요
밧데리는 40~50 프로 수준입니다
사용감 있어요
필요하신분 문의주세요 
가까운곳 가져다드려요 
감사합니다 ",80000
청소기,다이슨 청소기,다이슨 sv18 무선 청소기 본체,거래중,"100,000원",잠실동,2026-08-31,1,2,,,,,,,100000
청소기,다이슨 청소기,다이슨 V8 무선청소기 레드 오리진,거래중,"100,000원",잠실동,2026-08-01,0,23,805,62.7℃,얄루얄루,생활가전,,"다이슨 V8 무선청소기입니다
레드 색상으로 깔끔하고 예뻐요
사진에서 보이는 본체 및 다양한 청소기 물품 있어여
청소하기 힘든 곳까지 시원하게 청소해보세요

상태는 좋아요~~",100000
청소기,다이슨 청소기,다이슨 클린앤워시 하이진 물청소기 송파,거래중,"450,000원",풍납2동,2026-08-01,0,1,23,38.5℃,잭슨맘,생활가전,,"다이슨 클린앤워시 하이진 물청소기
5월 다이슨몰에서 구매
박스 xx

저희집에는 안맞습니다
6-7 번 정도 사용한 것 같아요
물걸레 말릴때 생각보다 소음이 있어서 원룸이랑 안맞음. 

직접 와서 가져가셔야 합니다
무겁습니다
박스 없어용",450000
청소기,다이슨 청소기,다이슨 V7 Fluffy+ 무선청소기,거래중,"150,000원",거여동,2025-09-01,0,2,243,52.7℃,오피스,디지털기기,,,150000
청소기,다이슨 청소기,다이슨 V7 V8 충전 거치대,거래중,"6,000원",잠실4동,2026-08-03,1,3,128,53.1℃,나타샤,,,"다이슨 청소기 충전 거치대입니다
V7, V8 모델과 호환돼요
사진에서 보이는 구성품 그대로 드려요
청소기 사용이 훨씬 편리해질 거예요

잠실사동 주민센터",6000
청소기,다이슨 청소기,다이슨 무선청소기 벽걸이형 충전 거치대.새제품,거래중,"9,000원",잠실동,2026-08-23,0,2,121,99℃,봄봄,디지털기기,,,9000
청소기,다이슨 청소기,다이슨 슬림 옵틱 청소기 판매,거래중,"290,000원",잠실6동,2026-08-28,1,10,77,41.7℃,라떼쭁,생활가전,,"26년05월 구매
3개월정도 사용했어요
가볍고 레이저 통해서 먼지 잘 보이고 좋아요
메인 툴 연결해서 사용했고 다른 툴은 미사용 상태입니다
거치대 포함 사진의 처음 구성품 그대로 드립니다",290000
청소기,다이슨 청소기,깨끗하게 세척한 다이슨 V6[DC62] 무선 청소기(19분 연속동작),거래중,"63,000원",잠실동,2026-07-02,3,18,1616,73.8℃,산수자명,생활가전,,,63000
청소기,다이슨 청소기,다이슨 무선청소기,거래중,"150,000원",잠실동,2026-08-22,1,15,,,,,,,150000
청소기,다이슨 청소기,깨끗하게 세척한 다이슨 무선 청소기 V11 풀세트(73분 연속동작),거래중,"237,000원",잠실동,2026-08-01,1,9,,,,,,,237000
청소기,다이슨 청소기,다이슨 사이클론 V10 Absolute 무선청소기,거래중,"190,000원",거여동,2026-08-19,3,12,758,99℃,caillou,생활가전,,,190000
청소기,다이슨 청소기,다이슨 워시 G1 물걸레 청소기 판매합니다.,거래중,"220,000원",잠실동,2026-08-03,3,11,231,54.1℃,buxtonblue,생활가전,크기와 무게가 있어서 직거래만 가능합니다.,"다이슨 워시 G1 물걸레 청소기 입니다. 
당근으로 새제품 구매 후 몇번 사용하지 않았습니다. 
먼지 청소, 물걸레 청소 한번에 되고 오수통을 보면 물걸레 청소가
잘 되는 것 같기는 합니다. 
저는 카처가 있어서 둘 중 고민하다가 카처를 남기기로 하였습니다. 
청소 롤러 1세트가 추가로 있습니다. 
크기와 무게가 있어서 직거래만 가능합니다.",220000
청소기,다이슨 청소기,다이슨 V10 싸이클론 플러피 무선청소기 레드,거래중,"149,000원",잠실동,2026-08-30,1,19,261,40.1℃,꾸준히하자,생활가전,,,149000
청소기,다이슨 청소기,다이슨 정품 청소기 카페트 다이렉트 헤드 V7 V8 V10 V11,거래중,"58,000원",잠실4동,2026-03-04,1,2,170,45.4℃,안뇽,생활가전,,"다이슨 청소기 카페트 겸용 다이렉트 드라이브 헤드 판매합니다
정품은 비싸요. 
V7, V8, V10, V11 모델에 호환됩니다
브러쉬 상태는 사진과 같습니다
다이슨 청소기는 강력한 흡입력으로 유명하며, 이 헤드는 다양한 바닥 유형에 적합합니다",58000
청소기,다이슨 청소기,다이슨 V10 무선 청소기,거래중,"180,000원",잠실동,2026-08-31,0,2,,,,,,,180000
청소기,다이슨 청소기,다이슨 V8 플러피 무선 청소기 (풀패키지),거래중,"78,000원",잠실동,2026-08-26,0,8,438,44℃,KK,생활가전,,"청소기를 선물받아 판매합니다.

다이슨 V8 플러피 무선청소기입니다. 풀패키지로 다양한 헤드로 청소하기가 편합니다.

배터리 교체시기가 된거같습니다 현재 10분정도 유지되고 max는 3분 내외네요.
주황색 연결대는 교체해서 사용하셔야 합니다. (청소할때 조금 덜렁거려요) 
대신 저렴하게 올리니 필요하신 분 연락주세요.",78000
청소기,다이슨 청소기,다이슨SV18 디지털 슬림 무선청소기,거래중,"200,000원",잠실동,2026-08-26,0,17,,,,,,,200000
청소기,다이슨 청소기,다이슨 DC22 올플로어 청소기,거래중,"70,000원",잠실동,2026-08-16,0,16,602,49.6℃,극지,생활가전,,"다이슨 DC22 올플로어 청소기입니다
사진에서 보이는 구성품 그대로 드려요
강력한 흡입력으로 집안 구석구석 깨끗하게 청소할 수 있어요
바닥 종류에 상관없이 사용하기 좋은 청소기랍니다
세척건조완료 했습니다
바로사용가능 합니다 ",70000
청소기,다이슨 청소기,다이슨 토탈클린 플러스 무선청소기 헤드,거래중,"35,000원",거여동,2026-08-29,0,0,331,51.2℃,당당근근,생활가전,,"다이슨  토탈클린 플러스 무선청소기입니다
사진에서 보시는 것처럼 본체와 흡입구 포함 구성입니다
강력한 흡입력으로 집안 곳곳 먼지 없이 깨끗하게 청소할 수 있어요
바닥뿐만 아니라 좁은 틈새까지 깔끔하게 관리해보세요",35000
청소기,다이슨 청소기,다이슨 V10 싸이클론 레드 무선청소기 + 거치대,거래중,"150,000원",잠실동,2026-08-24,4,20,676,47.5℃,꼬부기2020,생활가전,,,150000
청소기,다이슨 청소기,다이슨 카펫 브러시.새상품,거래중,"30,000원",거여동,2026-08-24,1,4,54,99℃,자이언트,생활가전,,"다이슨 청소기 헤드 부품
V7.8.10.11~모두 호환
정품새상품입니다 
사진에서 보이는 것처럼 부드러운 롤러와 강력한 브러시가 먼지를 효과적으로 제거해줘요
카펫이나 러그 청소에 특히 좋은 제품이에요
바닥 먼지 제거에 탁월한 성능을 자랑하는 헤드랍니다",30000
청소기,다이슨 청소기,다이슨 V10무선 청소기 본체,거래중,"100,000원",잠실동,2026-08-27,0,23,,,,,,,100000
청소기,다이슨 청소기,다이슨 청소기 정품롤러 브러쉬,거래중,"8,000원",잠실동,2026-08-23,0,5,105,60℃,수평선,생활가전,,"다이슨  삼성.LG
다양한 색상과 디자인으로 준비했어요
사진에서 보이는 그대로 보내드려요
청소 효율을 높여줄 아이템으로 추천드려요
1개당",8000
청소기,다이슨 청소기,다이슨 V10 무선 청소기 거치대포함 밧데리 일반모드 약57분 거치대 약간의 변색 되었네요사진참조 송파,거래중,"150,000원",풍납1동,2026-08-01,3,11,433,85.5℃,leeeeeeee,생활가전,,"다이슨 V10 무선 청소기 거치대와 다양한 구성품을 함께 드려요  거치대 한쪽이약간의 변색이 되었네요  사진참조 하세요 
사진에서 보이는 모든 구성품을 포함하고 있습니다
깔끔한 디자인으로 인테리어 효과도 있어요
청소 효율을 높여줄 다이슨 V10 청소기, 놓치지 마세요",150000
청소기,다이슨 청소기,다이슨v8무선 청소기. 상태최상.배터리.헤드 등등.,거래중,"180,000원",잠실동,2026-08-19,1,15,346,68.1℃,6617,생활가전,,,180000
청소기,다이슨 청소기,다이슨 청소기 헤드,거래중,"18,000원",잠실동,2026-08-31,1,3,,,,,,,18000
청소기,다이슨 청소기,다이슨 g1물걸레청소기,거래중,"260,000원",잠실3동,2026-05-03,1,13,218,50.7℃,꼴로라뚜라,디지털기기,로보락이 있는데 선물받아서 거의 안썼어요.시범으로  두번쓰고 보관만했어요. 다이슨 물걸레청소기 저렴하게 써보고싶으신분 데려가세요. 작동은 잘되는데 밀때는 물이 좀 많이 나오긴하고 당겨닦을때는 한번에 잘닦여요. 밀때 물이나오고 당길때 닦이는구조인지 잘은 모르겠는데 후기찾아보니 물이 좀 나오는 모델같아요. 그래도 청소는 잘되구요. 사용법아시는분들이 데려가세요. 저렴하게 올리고 사진에 모든 부속품 다 그대로 드려요. 그리고 물통이랑은 청소해서 보낼께요.저희집 앞으로 와서 직거래하실분,"로보락이 있는데 선물받아서 거의 안썼어요.시범으로  두번쓰고 보관만했어요. 다이슨 물걸레청소기 저렴하게 써보고싶으신분 데려가세요. 작동은 잘되는데 밀때는 물이 좀 많이 나오긴하고 당겨닦을때는 한번에 잘닦여요. 밀때 물이나오고 당길때 닦이는구조인지 잘은 모르겠는데 후기찾아보니 물이 좀 나오는 모델같아요. 그래도 청소는 잘되구요. 사용법아시는분들이 데려가세요. 저렴하게 올리고 사진에 모든 부속품 다 그대로 드려요. 그리고 물통이랑은 청소해서 보낼께요.저희집 앞으로 와서 직거래하실분
반품은 불가이니 g1사용해보신분이나 꼭 써보고 싶으신분이요.저는 로봇청소기가 있어서 안쓰게 되네요.",260000
청소기,다이슨 청소기,다이슨 청소기 V10 사이클론 새 부품,거래중,"20,000원",잠실동,2026-08-31,0,2,,,,,,,20000
청소기,다이슨 청소기,다이슨 DC52 터빈헤드 유선 청소기,거래중,"100,000원",잠실동,2026-08-31,0,1,,,,,,,100000
청소기,다이슨 청소기,다이슨 청소기 장난감,거래중,"6,000원",잠실동,2026-08-17,0,0,129,44℃,카카,생활가전,,,6000
청소기,다이슨 청소기,다이슨 무선청소기 V7.V8 싸이클론 부품,거래중,"13,000원",잠실동,2026-08-30,3,5,315,99℃,유칼귀염,생활가전,,"다이슨 무선청소기 V7.V8 
싸이클론 부품만판매합니다 
사진에서 보이는 구성품 그대로 드려요
분해세척 해놓았습니다 
바로 사용하시면 됩니다 ",13000
청소기,다이슨 청소기,다이슨 V8 앱솔루트 청소기,예약중,"30,000원",송파2동,2026-05-03,3,6,450,38.2℃,고동이들리니,생활가전,,"사진에 보이는 구성품이 전부입니다.
배터리가 오래가지 않아서 교체하면 좋아요. 
거치대도 드려요.",30000
청소기,다이슨 청소기,다이슨 V10 싸이클론 레드 무선청소기 풀세트,거래중,"180,000원",잠실동,2026-08-15,1,12,261,53.2℃,푸마아시이당그니,생활가전,,,180000
청소기,다이슨 청소기,다이슨 청소기 툴,거래중,"10,000원",잠실동,2026-08-31,0,1,34,68.1℃,지나가눈행인,생활가전,,"다이슨 청소기 툴이에요
사진에서 보이는 구성품 그대로 드려요
다이슨 청소기 사용하시는 분들에게 유용할 거예요

사용감적음",10000
청소기,다이슨 청소기,다이슨 V7 V8 V10 V11 V12 청소기 흡입구 세트,거래중,"15,000원",잠실동,2026-08-09,0,8,255,99℃,마이크다이슨,생활가전,,,15000
청소기,다이슨 청소기,다이슨 청소기 연결 연장 부품 송파,거래중,"5,000원",풍납동,2026-05-03,0,6,198,57.6℃,풍풍이,생활가전,,"미사용 정품입니다
개당 5천원",5000
청소기,다이슨 청소기,"다이슨 청소기 v10, v11 부품 (새상품)",거래중,"30,000원",잠실6동,2026-07-02,4,5,195,40.1℃,뽀로리,생활가전,,"청소기 같은 모델로 사다보니 부품이 남아 새부품 팝니다.

- 헤어 스크류 v10, v11, v15 가능 (3만원)
- 브러시, 틈새청소 툴 (1.5만원)
- 기타부품(매트리스툴, 미니소프트 더스팅 브러시, 스터번 더트 브러시, 업탑어댑터, 익스텐션호스) v8-v15 (개당 1만원, 5종 일괄 3만원)

------‐---------------
- 플러피 헤드 v10, v11가능 (4만원) 판매완료


",30000
청소기,다이슨 청소기,다이슨 V8 무선청소기 본체,거래중,"50,000원",잠실동,2026-08-29,0,8,,,,,,,50000
청소기,다이슨 청소기,다이슨 소프트롤러 헤드,거래중,"19,000원",잠실동,2026-08-19,0,3,,,,,,,19000
청소기,다이슨 청소기,다이슨 청소기용 헤드 대처분,거래중,"30,000원",삼전동,2026-04-03,0,6,211,48.1℃,스마,생활가전,,"1번 : V10용 풀사이즈 모터헤드 (개당 5만원, 2개 보유)
* 사진과는 달리 실제 헤드의 메인 컬러는 보라색이기 때문에 이 점 각별히 유의해주시길 바랍니다. - 이게 어떻게 찍어도 자꾸 파란색으로 나와서;;;

2번 : V7용 풀사이즈 플러피 헤드 (3만원, 1개 보유)
헤드 뒤쪽은 보조 롤러 브러쉬 없이 바퀴로만 되어있으며 앞쪽 부분이 사진과 같이 그리 깨끗하진 않은 상태라 저렴하게 넘깁니다.

3번 : 구형 미니 모터헤드 (개당 2만원, 4개 보유)
요새 나오는 엉킴 방지 브러쉬가 달린 신형 미니 모터헤드가 아닌 구형 미니 모터헤드입니다!

1,2,3번은 커넥터가 전부 같으며 제가 알기로는 V7, V8, V10, V11, V15까지는 확실하게 호환 가능합니다.


4번 : 옛날 모델용 미니 모터헤드 (개당 1만원, 2개 보유)
청소기 커넥터가 요즘 나오는 빨간색이 아니라 ‘회색으로’ 되어있는 옛날 모델에만(DC** 등) 호환됩니다.


삼전초등학교 인근에서 전달 가능하며 상세 주소는 거래 일정이 확정되면 전달 드립니다~",30000
청소기,다이슨 청소기,다이슨 청소기 헤드,거래중,"40,000원",잠실동,2026-08-30,0,2,,,,,,,40000
청소기,다이슨 청소기,다이슨 무선청소기 소프트롤러,예약중,"28,000원",잠실동,2026-08-31,1,4,,,,,,,28000
청소기,다이슨 청소기,다이슨 무선 청소기 v8풀세트,거래중,"130,000원",잠실동,2026-06-02,0,12,,,,,,,130000
청소기,다이슨 청소기,다이슨 청소기 헤드 및 구성품,거래중,"30,000원",잠실동,2026-08-01,0,15,,,,,,,30000
청소기,다이슨 청소기,다이슨청소기 소프트롤러 헤드 v7 v8 v10 v11 호환 제품.,거래중,"45,000원",잠실4동,2023-09-01,8,22,2624,99℃,야옹이,생활가전,직거래 및 택배도 가능합니다.,"다이슨청소기헤드 호환용새제품 판매합니다.
소프트헤드롤러입니다
모델 v7 v8 v10 v11 호환용품입니다
호환품이니 정품 문의사절요~
다이슨 정품은 12만원인거 아시죠?
정품은 아니고 호환품인데 제가 써보니깐 완벽하게 호환되고 더 가볍게 청소되네요.
led조명 과 보조롤러 업그레이드로 수명 더길다네요
미사용시 반품됩니다
직거래 및 택배도 가능합니다.
택배는 3천원 선불입니다",45000
청소기,다이슨 청소기,다이슨 정품 청소기 어댑터,거래중,"11,000원",잠실동,2026-06-02,1,4,,,,,,,11000
청소기,다이슨 청소기,정품 다이슨 청소기 툴 세트 미사용품,거래중,"49,000원",잠실동,2026-08-16,0,2,,,,,,,49000
청소기,다이슨 청소기,다이슨 v6 청소기 봉& 마루바닥용 툴,거래중,"5,000원",잠실동,2026-08-31,0,2,38,43℃,비바,생활가전,,"다이슨 v6 청소기 봉과 마루바닥용 툴이에요
툴은 사용감 있어요
반포역 근처",5000
청소기,다이슨 청소기,다이슨 DC46 알러지파케 유선청소기,거래중,"20,000원",잠실동,2026-08-16,5,16,,,,,,,20000
청소기,다이슨 청소기,다이슨 정품 카펫 롤러 헤드,거래중,"45,000원",잠실동,2026-08-20,1,3,,,,,,,45000
청소기,다이슨 청소기,다이슨 sv09 무선 청소기,거래중,"80,000원",거여동,2026-08-10,0,3,1056,51.9℃,동동이,생활가전,,"다이슨 sv09 무선 청소기입니다.

사진에서  보시는것처럼 손잡이 윗부분 파란색 부분이
고정이 안되어 테이프 붙여놓은것 외에 상태양호하구요.
배터리는 한번 청소할정도는 되는데 많이 쓰시면 배터리 교체 하시면 될것 같아요.

감안해서 내놓습니다.

작동 잘되는데 새 청소기 생겨서 내놓습니다.
필요하신분 연락주세요 ~
",80000
청소기,다이슨 청소기,다이슨 하이토크헤드 233367 v10 v11,거래중,"55,000원",잠실4동,2025-10-05,0,10,390,62.7℃,당근이지요,생활가전,,"다이슨 청소기 하이토크 헤드 판매합니다
모델넘버 233367 
에어와트, 컴플리트 등 모델에적용

여러 가지 모델이 호환되는 걸로 알고 있는데
호환 여부는 저도 정확히 모르겠습니다. 직접 확인 바랍니다

2번쓰고 청소기를 처분해서   양호해요
사진 참고하세요
택배가능합니다 

⛔️이글이있으면 판매가능해요
⛔️하단에거래장소있습니다
⛔️교환 환불 안되시구요
⛔️ 본문 제대로 확인 후 톡주세요

➡️거래는 계좌이체 or 당근페이로
➡️예약 없음 선입금 판매 우선 입니다~

👉 안 팔리는 물건은 제가가격  
       낮추고 있으니 네고 사양합니다
       (네고 연락 답 못 드리니 양해   
        바랍니다
❗️중고제품인만큼 예민하신 분은 피해주시고 편하게  쓰실 분 ❗

👉 거래장소 :
주소>송파구 충민로66가든파이브 
잠실자생한방병원쪽으로 올라오세요
8층사무실 
⛔️평일9시~6시",55000
청소기,다이슨 청소기,다이슨 정품 청소가 헤드 터빈 툴,거래중,"20,000원",잠실동,2026-08-01,0,0,84,42℃,푸른하늘,생활가전,,"다이슨 청소기용 터빈 툴이에요
사진에서 보이는 것처럼 먼지 흡입이 잘 되는 제품이에요
청소기 헤드만 필요하신 분들께 추천드려요",20000
청소기,다이슨 청소기,다이슨무선청소기 정품 소프트롤러헤드 분해세척완료,거래중,"35,000원",잠실동,2026-08-23,1,13,228,97.3℃,송별서,생활가전,,,35000
청소기,다이슨 청소기,다이슨 청소기 카페트 롤러 헤드,거래중,"20,000원",잠실동,2026-08-31,0,2,,,,,,,20000
청소기,다이슨 청소기,(새제품)다이슨 청소기 툴 연장 호스,거래중,"15,000원",가락1동,2023-09-01,2,6,764,43.5℃,곰둘,생활가전,,"새제품입니다

거래 장소 : 삼전동 부근",15000
청소기,다이슨 청소기,다이슨 V8청소기 먼지통 (새제품),거래중,"18,000원",잠실동,2026-08-23,1,11,,,,,,,18000
청소기,다이슨 청소기,다이슨 무선 청소기 장난감,거래중,"15,000원",잠실동,2026-08-31,0,2,,,,,,,15000
청소기,다이슨 청소기,다이슨 V6 앱솔루트 무선청소기,예약중,"50,000원",가락본동,2025-12-04,2,2,341,36.7℃,당근당근당,생활가전,,"다이슨 V6 앱솔루트 무선청소기입니다
- 스탠드형 거치대와 다양한 노즐 함께 드립니다
- 배터리는 한번 교체했습니다(사제)
- 해외직구판이라 돼지코 필요합니다
- 사용감 있습니다",50000
청소기,다이슨 청소기,다이슨 무선청소기 거치대,거래중,"5,000원",잠실동,2026-08-05,2,8,,,,,,,5000
청소기,다이슨 청소기,다이슨청소기 엉킴방지 미니모터헤드툴 V8 V10 V11 V12 V15 호환 미사용품 정리합니다,거래중,"25,000원",잠실동,2026-08-22,0,10,,,,,,,25000
청소기,다이슨 청소기,다이슨 장난감 청소기,거래중,"5,000원",잠실동,2026-08-31,0,0,,,,,,,5000
청소기,다이슨 청소기,다이슨 DC46 유선 청소기,거래중,"60,000원",가락1동,2026-08-01,2,4,91,99℃,보석상자,생활가전,송파역 부근에서 직거래 합니다,"다이슨 DC36 카본파이버 유선 청소기입니다
강력한 흡입력으로 집안 구석구석 깨끗하게 청소할 수 있어요
청소 효율을 높여줄 다이슨 청소기를 만나보세요
상태는 사진으로 대신합니다
송파역 부근에서 직거래 합니다
자차이용시 가락1동 주민센터 주차장입니다",60000
청소기,다이슨 청소기,다이슨 DC62 핸디 무선청소기,거래중,"50,000원",잠실동,2026-08-01,1,5,666,67.9℃,심쿵,생활가전,,"다이슨 DC62 핸디형 무선청소기입니다
가볍고 강력한 흡입력으로 집안 곳곳 깨끗하게 청소할 수 있어요
충전기포함이고
청소기특성상 사용감있고
사용상 지장은 없지만
버튼아래쪽 손가락지지대
뿌사졌어요



",50000
청소기,다이슨 청소기,다이슨 청소기 헤드 각각,거래중,"5,000원",잠실동,2026-08-24,3,1,,,,,,,5000
청소기,다이슨 청소기,다이슨 DC62 무선청소기,거래중,"41,000원",잠실동,2026-07-02,1,7,448,68.7℃,worker,생활가전,,"다이슨 DC62 무선청소기입니다
강력한 흡입력으로 집안 곳곳 깨끗하게 청소할 수 있어요
본체와 구성품 사진 확인해주세요
가성비 좋은 무선청소기를 찾으시는 분들께 추천드려요

보이는것이 다 입니다",41000
청소기,다이슨 청소기,다이슨 정품 무선청소기 충전기 v6 v7,예약중,"12,000원",잠실4동,2026-08-29,1,1,66,53.1℃,나타샤,생활가전,잠실사동 주민센터 직거래,"다이슨 무선청소기 정품 충전기예요
모델명: 205728-02
입력: 100-240V ~ 50/60Hz 0.6A

잠실사동 주민센터 직거래",12000
청소기,다이슨 청소기,다이슨 청소기 V11 부품 세트,거래중,"57,000원",잠실동,2026-08-21,3,3,,,,,,,57000
청소기,다이슨 청소기,다이슨 청소기 거치대,거래중,"8,000원",잠실동,2026-08-17,2,5,,,,,,,8000
청소기,다이슨 청소기,다이슨 디지털슬림 무선청소기 본체 세트,거래중,"60,000원",잠실동,2026-08-18,0,30,,,,,,,60000
청소기,다이슨 청소기,다이슨 V8 무선 청소기 풀세트외3셑트,거래중,"180,000원",잠실동,2026-07-02,0,1,,,,,,,180000
청소기,다이슨 청소기,다이슨 SV19 무선청소기 풀구성.제작년도2020년5월 바데리.일반20-25작동가벼위서최고.분해청소와료.바로사용가능,예약중,"120,000원",잠실3동,2026-08-29,1,1,,,,,,,120000
청소기,다이슨 청소기,고장난 다이슨 V8 앱솔루트 무선 청소기 팝니다!,거래중,"60,000원",잠실동,2026-05-03,4,31,2820,42.2℃,캐롯맨,생활가전,,,60000
청소기,다이슨 청소기,허리디스크로 다이슨 물청소기팝니다,예약중,"210,000원",삼전동,2026-02-02,1,2,149,36.5℃,Peace,생활가전,,"허리디스크로 로봇청소기로 교체해서 해당제품팝니다.
24년 9월 구입했으며 자주 쓰지 않았어요.
제가 허리문제로 이동불편하니 직접 오셔서 가져가실 분만 연락주세요.

다이슨 워시 G1 물걸레 무선 청소기입니다
- 바닥에 놓고 충전하는 방식입니다
- 물통이 포함되어 있습니다
- 새 제품롤러 브러쉬 포함
- 구입가.879,9000

",210000
청소기,다이슨 청소기,다이슨 무선 청소기 v8~ 액세서리 툴 세트 새거,거래중,"19,000원",잠실동,2026-08-28,0,6,,,,,,,19000
청소기,다이슨 청소기,"다이슨 청소기 V6 흡입구 세트 15,000원",예약중,"15,000원",잠실2동,2026-07-02,1,2,124,42.2℃,별님,생활가전,,"다이슨 청소기 액세사리 세트예요
사진에 보이는 구성품 모두 포함되어 있어요
15,000원입니다",15000
청소기,다이슨 청소기,다이슨 무선 청소기 v6 2개판매,거래중,"50,000원",잠실동,2026-08-26,2,13,,,,,,,50000
청소기,다이슨 청소기,다이슨 청소기 침구키트,거래중,"18,000원",잠실동,2026-08-01,0,4,194,58.9℃,궁디뽀송,생활가전,,"다이슨 정품 /
V6.7.8.10.11 사용가능",18000
청소기,다이슨 청소기,다이슨 정품 청소기 툴(브러쉬),거래중,"30,000원",잠실동,2026-08-21,1,1,,,,,,,30000
청소기,다이슨 청소기,다이슨 SV49 무선 청소기 서브마린부품용,거래중,"130,000원",잠실동,2026-08-08,0,6,,,,,,,130000
청소기,다이슨 청소기,[최상급] 다이슨 360 vis nav 로봇 청소기 304631-01,예약중,"270,000원",신천동,2026-08-01,0,0,,,,,,,270000
청소기,다이슨 청소기,깨끗하게 세척한 다이슨 무선 청소기 V10 롱버전 풀세트(90분 연속동작,거래중,"175,000원",잠실동,2026-08-31,0,0,15,75℃,벽산,생활가전,,,175000
청소기,다이슨 청소기,다이슨 청소기 충전거치대 및 액세서리 세트,거래중,"26,000원",잠실동,2026-08-08,1,6,261,38.4℃,지엠티,생활가전,,,26000
청소기,다이슨 청소기,다이슨 V12 정품 툴/헤드 미사용 구성 4종 일괄판매,거래중,"59,000원",잠실동,2026-08-26,0,4,200,46.4℃,KMS,생활가전,,,59000
청소기,다이슨 청소기,다이슨 V6 플러피 부품용,거래중,"30,000원",잠실동,2026-08-29,0,3,,,,,,,30000
청소기,다이슨 청소기,다이슨 V6 코드프리 플러스 완드봉과 롤헤드,거래중,"30,000원",잠실동,2026-08-02,0,4,,,,,,,30000
청소기,다이슨 청소기,다이슨 진공 청소기 완드 4개(연결봉) - 개별판매가능,거래중,"24,000원",잠실동,2026-08-22,2,9,,,,,,,24000
청소기,다이슨 청소기,다이슨 청소기 v6 본체,거래중,"20,000원",잠실동,2026-08-16,0,1,68,72.5℃,밀크티,생활가전,,"내부 세척

배터리 방전

헤파필터, 사용 할만 함, 끼익/휘파람 소리 안나게 조치

본체 부착 먼지통은 상위 모델용
-4번 사진 우측
-소프트롤러 사용 가능
-다이렉트 드라이브 헤드( 카페트용 )

하위 모델용
-4번 사진 좌측
-카본파이버모터헤드 등 사용

*봉과 연결 인터페이스 다릅니다.",20000
청소기,다이슨 청소기,다이슨 청소기 툴,거래중,"50,000원",잠실동,2026-08-27,0,0,,,,,,,50000
청소기,다이슨 청소기,장난감 다이슨청소기,거래중,"25,000원",잠실동,2026-08-01,3,8,409,51.2℃,마마미미,생활가전,,,25000
청소기,다이슨 청소기,다이슨 V11 모터 부품 고장,거래중,"10,000원",잠실동,2026-08-31,0,1,,,,,,,10000
청소기,다이슨 청소기,다이슨 충전 거치대 세트,거래중,"15,000원",잠실동,2026-08-31,0,1,12,77.6℃,하루,생활가전,문고리 거래 합니다,"다이슨 무선 청소기 충전 거치대와 정품 충전기 입니다 
청소기 사용하지 않을 때 깔끔하게 보관하고 충전하기 좋아요
다이슨 청소기 사용하시는 분들에게 유용한 아이템이랍니다
문고리 거래 합니다 ",15000
청소기,다이슨 청소기,다이슨v11 퍼플 무선 청소기(부품용) 송파,거래완료,"90,000원",풍납2동,2026-08-31,0,3,61,55.3℃,쏠개미,생활가전,,"
제품 상태 안내
​작동 상태: 현재 고장 증상이 있습니다. (버튼을 누르면 '우웅~ 우웅~' 소리만 나며 정상 작동하지 않음)
​판매 조건: 부품용 / 묻지마 반품 불가(묻따) 조건으로 판매합니다.
​수리해서 사용하실 분이나 부품이 필요하신 분이 가져가시면 좋을 것 같습니다.
중고 거래 특성상 환불은 불가하니 신중한 구매 부탁드립니다.",90000
청소기,다이슨 청소기,[상태최상] 다이슨 V6 무선청소기 풀세트 (대용량 신품 배터리 교체 바로가기 택배가능,거래중,"146,000원",잠실동,2026-07-02,0,4,315,56℃,필립스커피머신관리진심남,,,,146000
청소기,다이슨 청소기,다이슨 V6무선 청소기 본체,거래중,"15,000원",잠실동,2026-08-31,0,2,,,,,,,15000
청소기,다이슨 청소기,다이슨 미니 모터헤드,거래중,"9,000원",잠실동,2026-08-18,0,4,,,,,,,9000
청소기,다이슨 청소기,다이슨 V8 무선 청소기 본체,거래중,"70,000원",잠실동,2026-08-01,0,8,,,,,,,70000
청소기,다이슨 청소기,다이슨 V6 충전 거치대,거래중,"7,000원",잠실동,2026-08-25,0,2,43,99℃,명jung7,생활가전,,"다이슨 V6 모델에 사용 가능한 충전 거치대예요
사진에 보이는 거치대 본품만 포함되어 있어요
깔끔한 디자인으로 어느 공간에나 잘 어울려요
다이슨 청소기 사용하시는 분들께 유용한 아이템이에요",7000
청소기,다이슨 청소기,다이슨무선청소기 v10 메인바디,거래중,"70,000원",잠실동,2026-08-24,0,4,,,,,,,70000
청소기,다이슨 청소기,《미사용품 》다이슨무선청소기 정품 고토크모터헤드,거래중,"45,000원",잠실동,2026-08-22,0,5,136,97.3℃,송별서,생활가전,,,45000
청소기,다이슨 청소기,다이슨 마이크로 파츠 거치대,거래중,"13,000원",잠실동,2026-08-26,1,2,114,44.9℃,drive,생활가전,,"🚨청소기 판매아님!!   청소기 ”악세사리 거치대“🚨


다이슨 파츠 거치할수있는 거치대 판매합니다.

조립도 쉬우며 파츠 거치도 짱짱하고 순간순간 필요시 

바로 빼서 사용할 수 있으며 보기도 깔끔합니다.",13000
청소기,다이슨 청소기,다이슨 무선 청소기 장난감,거래중,"6,000원",잠실동,2026-08-31,1,4,,,,,,,6000
청소기,다이슨 청소기,다이슨 무선청소기 V11 도킹스테이션,거래중,"14,000원",잠실동,2026-08-23,0,3,,,,,,,14000
청소기,다이슨 청소기,다이슨 V8 앱솔루트 연장관,거래중,"10,000원",잠실동,2026-08-31,0,3,,,,,,,10000
청소기,다이슨 청소기,다이슨 V6 먼지통,거래중,"15,000원",잠실동,2026-08-31,0,1,9,77.6℃,하루,생활가전,문고리 거래 합니다,"다이슨 V6무선청소기용 먼지통이에요
깨끗합니다 
깨끗한 청소를 위해 먼지통 관리는 필수예요
문고리 거래 합니다 ",15000
청소기,다이슨 청소기,SATUO T5 다이슨 호환 물걸레헤드/ 물걸레키트,거래중,"46,000원",잠실동,2026-03-04,0,1,,,,,,,46000
청소기,다이슨 청소기,[정품] 다이슨 청소기 미니모터 헤드 판매합니다.,거래중,"19,000원",잠실동,2026-08-22,0,1,,,,,,,19000
청소기,다이슨 청소기,다이슨 360 Vis Nav 로봇청소기 블루 사용감살짝,거래중,"430,000원",잠실동,2026-08-14,0,6,,,,,,,430000
청소기,다이슨 청소기,다이슨 V7-V15 카펫 클리너 헤드 새제붐,거래중,"34,000원",잠실동,2026-08-31,0,0,21,61.6℃,하하,생활가전,,"다이슨 청소기 헤드 드라이브 모터 헤드 V7 V8 V10 V11 V15 카펫 클리너 롤러입니다
사진에서 보이는 그대로의 제품이에요
다이슨 정품으로 호환되는 모델이 다양합니다
카펫 청소에 탁월한 성능을 보여주는 헤드입니다",34000
청소기,다이슨 청소기,다이슨 v7 v8 v10 v11 호환롤러,거래중,"22,000원",잠실동,2026-08-31,0,0,29,40.4℃,춤추는곰돌이,생활가전,,"다이슨 청소기 롤러 브러시 판매합니다.
V7 / V8 / V10 / V11 모델 호환됩니다.

새제품, 미사용입니다.
장착 간편하고 흡입력 잘 나옵니다.",22000
청소기,다이슨 청소기,다이슨 V8 sv10 충전 거치대,거래중,"6,000원",잠실동,2026-08-26,0,6,,,,,,,6000
청소기,다이슨 청소기,[고장/부품용] 다이슨 무선 청소기 V8(SV10),거래중,"50,000원",잠실동,2026-08-31,0,3,,,,,,,50000
청소기,다이슨 청소기,다이슨 v10 거치대,거래중,"8,000원",잠실동,2026-08-31,0,0,,,,,,,8000
청소기,다이슨 청소기,"다이슨 v6~v8 충전기, 거치대",거래중,"16,000원",잠실동,2026-08-31,0,0,13,68.1℃,지나가눈행인,생활가전,,"다이슨 충전기와 거치대입니다
사진에 보이는 구성품 그대로 드려요
다이슨 청소기 사용하시는 분들께 유용한 아이템이에요
깔끔하게 정리하고 싶으신 분들께 추천드려요",16000
청소기,다이슨 청소기,다이슨 v6 침구 브러쉬,거래중,"5,000원",잠실동,2026-08-31,0,1,,,,,,,5000
청소기,다이슨 청소기,"중고ㅡ다이슨 v7, v8 무선청소기 헤드",거래중,"20,000원",잠실동,2026-08-31,0,3,,,,,,,20000
청소기,다이슨 청소기,다이슨 V8 무선청소기 모터 부품용,거래중,"15,000원",잠실동,2026-08-31,1,8,189,55.7℃,지금당근중,,,"다이슨 V8 무선청소기 모터 부품용입니다
정상작동 잘 됩니다!
껍데기 프라스틱 파손 있습니다
사진에 보이는 구성품이 전부입니다
V8 모터 필요하신분 추천합니다",15000
청소기,다이슨 청소기,v10 v11 다이슨 청소기 부품 세트,거래중,"20,000원",잠실동,2026-08-01,0,8,,,,,,,20000
청소기,다이슨 청소기,다이슨 V7 모터헤드 엑스트라 무선청소기,거래중,"50,000원",잠실동,2026-08-28,0,3,43,63.4℃,구름나그네,생활가전,,"다이슨 V7 모터헤드 엑스트라 무선청소기입니다

작동 이상없으며 밧데리 시간은 모릅니다.
봉이 약간 찌그러진곳이 있어요.

구성품은 사진에 보이는 것과 같습니다
강력한 흡입력으로 집안 구석구석 깨끗하게 청소할 수 있어요
자주 사용하지 않아 깨끗하게 보관했습니다
청소기 구매를 고민하시는 분들께 추천드려요",50000
청소기,다이슨 청소기,"다이슨 V10 먼지통, 싸이클론",거래중,"13,000원",잠실동,2026-08-31,0,4,,,,,,,13000
청소기,다이슨 청소기,"(부품용) 다이슨 DC62 (v6 시리즈와 동일계열) 청소기 본체만 (모터, 먼지통등 부품용)",거래중,"15,000원",잠실동,2026-08-31,0,5,,,,,,,15000
청소기,다이슨 청소기,다이슨 청소기 충전기+거치대,거래중,"20,000원",잠실동,2026-08-09,0,3,230,75.7℃,gotojfk,,9호선 양천향교역 인근 직거래합니다,"다이슨 무선 청소기 충전기와 거치대입니다.
국내 정발 220v 버전입니다

9호선 양천향교역 인근 직거래합니다",20000
청소기,다이슨 청소기,다이슨 정품 모터헤드,거래중,"22,000원",잠실동,2026-08-28,0,5,162,79.5℃,무소유처사,생활가전,,"#정품 #다이슨 청소기 #모터헤드 입니다. 
V10이랑 호환되는 모든모델에 사용가능해요
청소기 헤드만 필요하신 분께 추천드려요",22000
청소기,다이슨 청소기,정품 다이슨 V10 청소기 모타헤드 신동급,거래중,"25,000원",잠실동,2026-08-27,0,6,,,,,,,25000
청소기,다이슨 청소기,다이슨 펜슬백 플러피콘 무선청소기 새상품,거래중,"400,000원",잠실동,2026-08-31,2,5,103,36.6℃,1년차직장인,기타 중고물품,,"다이슨 펜슬백 플러피콘 무선청소기 박스입니다
구성품은 사진에서 확인 가능해요
깔끔한 청소를 도와줄 제품이에요
집안 곳곳 먼지 없이 깨끗하게 관리해보세요",400000
청소기,다이슨 청소기,다이슨 V6 앱솔루트 무선 청소기 레드,거래중,"65,000원",잠실동,2026-08-31,0,2,21,55.4℃,화이팅,생활가전,,"다이슨 V6 앱솔루트 무선 청소기 레드 색상이에요
본체와 거치대, 충전기, 다양한 브러쉬 구성품 모두 포함되어 있어요
제품 성능이 훌륭하고 흡입력이 매우 강합니다. 안팎으로 깨끗하게 청소할 수 있었습니다. 배터리 수명도 만족스럽습니다. 한 번 충전으로 일반 모드에서 25~30분 정도 사용할 수 있습니다.
사진에서 보시는 것처럼 깔끔하게 관리된 제품이랍니다
강력한 흡입력으로 집안 구석구석 깨끗하게 청소하고 싶으신 분들께 추천드려요",65000
청소기,다이슨 청소기,다이슨 V8 앱솔루트퍼플 무선 청소기.8.14일새베터리거치대교체.깨끗한거구입하실분만,거래중,"145,000원",잠실동,2026-08-10,1,4,,,,,,,145000
청소기,다이슨 청소기,다이슨 슬림 및 옴니글라이드 무선청소기 봉 (완드) 판매합니다,거래중,"20,000원",잠실동,2026-07-02,0,10,,,,,,,20000
청소기,다이슨 청소기,(DYSON) 다이슨 청소기 부품 2종 / 헤드 주름관 / 사이드 브러쉬,거래중,"5,000원",잠실동,2026-08-22,1,1,,,,,,,5000
청소기,다이슨 청소기,다이슨 청소기 거치대 및 부속품 일괄,거래중,"11,000원",잠실동,2026-08-16,0,0,,,,,,,11000
청소기,다이슨 청소기,다이슨 V6 청소기 거치대,거래중,"10,000원",잠실동,2026-08-28,0,2,,,,,,,10000
청소기,다이슨 청소기,다이슨 V6 무선 청소기 본체 2대일괄,거래중,"45,000원",잠실동,2026-08-28,0,15,479,99℃,자몽,기타 중고물품,,"다이슨 V6 무선 청소기 본체 판매해요
배터리는 교체하셔야 합니다
외관상태 깨끗하고 파손, 크랙 없어요
본체만 필요하시면 구입하시면 됩니다

2대 일괄 45천원",45000
청소기,다이슨 청소기,다이슨 V8 모터 정상 손잡이 부품,거래중,"10,000원",잠실동,2026-08-30,0,1,,,,,,,10000
청소기,다이슨 청소기,다이슨청소기 마이크로 1.5kg & 옴니글라이드 호환 부품 팝니다.(세척완료),거래중,"15,000원",잠실동,2026-08-24,0,1,,,,,,,15000
청소기,다이슨 청소기,다이슨청소기 마이크로 1.5kg & 옴니글라이드 호환 먼지통 팝니다.(세척완료),거래중,"15,000원",잠실동,2026-08-24,0,3,,,,,,,15000
청소기,다이슨 청소기,다이슨청소기 마이크로 1.5kg 헤파필터 팝니다.(세척완료),거래중,"5,000원",잠실동,2026-08-24,0,9,,,,,,,5000
청소기,다이슨 청소기,다이슨무선청소기 v7.v8 정품 도킹스테이션,거래중,"7,000원",잠실동,2026-06-02,6,6,,,,,,,7000
청소기,다이슨 청소기,다이슨무선청소기 정품 미니모터헤드,거래중,"9,000원",잠실동,2026-08-24,1,5,,,,,,,9000
청소기,다이슨 청소기,다이슨무선청소기 v7.v8 정품 먼지통,거래중,"11,000원",잠실동,2026-08-01,0,4,124,97.3℃,송별서,생활가전,,"다이슨무선청소기 정품 먼지통 
v7.v8모델 사용가능합니다 
택배가능합니다 ",11000
청소기,다이슨 청소기,다이슨 싸이클론 V10 엡솔루트청소기:정품배터리 거의새거와 거치대등 풀셋구성,거래중,"150,000원",잠실동,2026-08-30,0,10,,,,,,,150000
청소기,다이슨 청소기,다이슨 sv12 앱솔루트 무선 청소기 작동아주잘되요 판매합니다,거래중,"80,000원",잠실동,2026-08-12,0,9,,,,,,,80000
청소기,다이슨 청소기,다이슨정품V10 청소기 먼지통,거래중,"12,000원",잠실동,2026-08-30,0,2,,,,,,,12000
청소기,다이슨 청소기,다이슨 소프트롤러 헤드 v6,예약중,"15,000원",잠실4동,2026-08-30,0,5,,,,,,,15000
청소기,다이슨 청소기,다이슨 V6 모터헤드 퍼플 무선 청소기,거래중,"40,000원",잠실동,2026-08-27,0,8,,,,,,,40000
청소기,다이슨 청소기,다이슨 v11 청소기호환 필터 2개,거래중,"10,000원",잠실동,2026-07-02,2,14,148,43.4℃,Silvia,,,"다이슨 v11 청소기용 호환 필터 2개예요
사진에서 보이는 것처럼 깔끔하게 보관되어 있어요
새 제품 가격은 부담스러웠던 분들께 좋은 기회가 될 거예요
청소기 성능을 유지하고 싶으신 분들께 추천드려요",10000
청소기,다이슨 청소기,작동 멈춘 다이슨 청소기 dc35,나눔완료,무료나눔,잠실동,2026-08-30,3,0,90,40.1℃,쉑쉑,생활가전,,"고쳐서 사용하실 분께 드립니다 
한 달 전까지 잘 작동하다가 갑자기 작동을 안하네요
배터리 호환품 2개를 샀는데 이게 맞지 않는거 같습니다 
배터리가 뜨거워지기만 하고 작동을 안해서 배터리 교체해서 쓰실분 가져가세요",0
청소기,다이슨 청소기,다이슨 무선 청소기 송파,거래완료,"30,000원",풍납동,2026-08-30,4,1,147,38.5℃,척척학사,생활가전,,"다이슨 무선 청소기예요
사진에서 보이는 구성품 모두 포함되어 있어요

청소기가 먼지가 좀 쌓여서 닦고 쓰셔야 할듯 합니다",30000
청소기,다이슨 청소기,다이슨 펜슬백 플러피콘 스틱청소기 미개봉 새상품,거래중,"400,000원",잠실동,2026-08-30,1,2,82,36.6℃,1년차직장인,기타 중고물품,,,400000
청소기,다이슨 청소기,명품 다이슨 DC36 유선 진공청소기,거래중,"70,000원",잠실동,2026-08-30,1,17,269,83.4℃,Greatness,생활가전,,"명품 다이슨 DC36유선 진공청소기입니다
강력한 흡입력 파워 성능 좋습니다 
먼지통 비우고 물로 세척사용 
먼지 날림 없이 깔끔한 청소를 원하시는 분들께 추천드려요
고장 전혀 없습니다 명품은 차원이 달라요 
세척완료 구입 후 바로 사용 가능해요 
작동 잘됩니다 ",70000
청소기,다이슨 청소기,다이슨 v10무선청소기 트리거뭉치,거래중,"10,000원",잠실동,2026-08-30,0,6,,,,,,,10000
청소기,다이슨 청소기,다이슨 청소기 v8,거래중,"100,000원",잠실동,2026-08-16,0,3,93,72.5℃,밀크티,생활가전,,"내부세척

배터리
-정품/30분
-본체만 1단으로 연속 작동할 때 시간
-3칸까지 충전이 안되어서 완충이 됐는지 알기 어려움",100000
청소기,다이슨 청소기,다이슨 360 vis nav 로봇 청소기 미개봉새상품,거래중,"551,000원",잠실동,2026-08-13,0,1,,,,,,,551000
청소기,다이슨 청소기,다이슨 V10 먼지통,거래중,"4,000원",잠실동,2026-08-30,0,4,47,99℃,서울2,생활가전,,"다이슨 V10 무선청소기 먼지통이에요
사진에서 보이는 것처럼 먼지통만 따로 판매해요
깨끗하게 사용해서 바로 사용 가능해요
청소기 먼지통 교체가 필요하신 분께 추천드려요",4000
청소기,다이슨 청소기,다이슨 sv19 옴니글라이드 무선청소기 국내정품,거래중,"150,000원",잠실동,2026-08-22,0,40,,,,,,,150000
청소기,다이슨 청소기,다이슨 V11 청소기 배터리(나사방식),거래중,"50,000원",잠실동,2026-08-01,4,8,,,,,,,50000
청소기,다이슨 청소기,다이슨 청소기 툴 세트 VS 12,거래중,"20,000원",잠실동,2026-04-03,0,4,354,67.3℃,만사형통A,생활가전,,"다이슨 청소기 툴 세트 거의 새것입니다 ~
다양한 청소 환경에 맞춰 사용할 수 있는 구성품으로 준비했어요
사진에서 보이는 그대로의 제품입니다
다이슨 청소기 사용하시는 분들에게 유용한 아이템이 될 거예요",20000
청소기,다이슨 청소기,다이슨 V6 헤파필터 교체용 부품,거래중,"4,000원",잠실동,2026-08-30,0,4,33,47.5℃,루시,생활가전,"🥕  cu반값택배가능, 마포역4번출구 직거래","다이슨 청소기 헤파필터 교체용 부품이에요
사진에 보이는 구성품 그대로 보내드려요

v6 입니다.

모델명 잘못구매해서 당근에 팔아요.
미사용 호환품이예요.


🥕  cu반값택배가능, 마포역4번출구 직거래",4000
청소기,다이슨 청소기,다이슨 소프트 브러쉬 헤드,거래중,"25,000원",잠실동,2026-08-30,0,1,,,,,,,25000
청소기,다이슨 청소기,다이슨 무선 청소기(배터리 새상품)(침구청소기겸 쎄컨용 청소기) 덤,거래중,"149,000원",잠실동,2026-08-30,0,0,,,,,,,149000
청소기,다이슨 청소기,다이슨 무선청소기 헤드 툴세트 (내용 확인 필수),거래중,"30,000원",잠실동,2026-08-30,1,6,220,99℃,빵집딸,생활가전,,,30000
청소기,다이슨 청소기,다이슨 무선청소기 헤드&충전기,거래중,"50,000원",잠실동,2026-08-30,0,1,,,,,,,50000
청소기,다이슨 청소기,다이슨 V6 무선 청소기,거래중,"29,000원",잠실동,2026-08-30,0,5,407,44.9℃,예쁘게웃는펭귄,생활가전,,"다이슨 V6 무선 청소기 
보관중 아답터 분실로 작동여부 알수 없음
부품용으로 쓰실분",29000
청소기,다이슨 청소기,다이슨 서브마린 물걸레 청소기 헤드,거래중,"100,000원",잠실동,2026-08-30,0,1,,,,,,,100000
청소기,다이슨 청소기,다이슨 V8 무선 청소기 본체,거래중,"50,000원",거여동,2026-09-01,0,15,226,43.8℃,수련,생활가전,,"다이슨 V8 sv10무선 청소기 본체
v7 v8 v10 v11 툴 호환
강력한 흡입력으로 집안 구석구석 깨끗하게 청소할 수 있어요
세척완료  깨짐 크랙없음
정품베터리 27분 이상",50000
청소기,다이슨 청소기,다이슨 소프트롤러 헤드 2개,거래중,"58,000원",잠실동,2026-08-16,1,3,,,,,,,58000
청소기,다이슨 청소기,다이슨 V8 플러피퍼플 무선청소기.새베터리거치대교체.8.14일.깨끗한거구입하실분만,거래중,"138,000원",잠실동,2026-08-01,1,2,81,40.9℃,조은만남,,,,138000
청소기,다이슨 청소기,"다이슨 정품 미니 모터 헤드 (침구/청소 툴, 레드 버튼)",거래중,"8,000원",잠실동,2026-08-04,1,2,,,,,,,8000
청소기,다이슨 청소기,다이슨 마이크로 무선청소기,거래중,"100,000원",잠실동,2026-08-30,1,3,84,39.6℃,민채,생활가전,,"다이슨 마이크로 무선청소기입니다
가볍고 강력한 흡입력으로 집안 곳곳을 깔끔하게 청소할 수 있어요
사진에서 보이는 구성품 그대로 드립니다
작은 공간에도 쏙 보관할 수 있어 편리해요
자취생이나 1인 가구에게 안성맞춤인 청소기랍니다
부품은 사진에 전부입니다. 작동은 잘됩니다. 문제가 없습니다",100000
청소기,다이슨 청소기,다이슨 360 vis nav 로봇 청소기 (미개봉),거래중,"400,000원",잠실동,2026-08-10,1,9,,,,,,,400000
청소기,다이슨 청소기,다이슨 V10 무선 청소기 본체 부품용,거래중,"50,000원",잠실동,2026-08-29,0,15,457,86.9℃,한아름,,,"다이슨 V10 무선 청소기 본체입니다
사진에서 보이는 그대로의 제품입니다
강력한 흡입력으로 집안 구석구석 깨끗하게 청소할 수 있어요
자취하시는 분이나 1인 가구에게 딱 맞는 사이즈입니다 고장인것 같습니다
부품용 으로 구매 하세요",50000
청소기,다이슨 청소기,다이슨 직구 정품 헤드,거래중,"20,000원",잠실동,2026-08-29,0,3,,,,,,,20000
청소기,다이슨 청소기,다이슨 V7 V8 청소기 정품 충전 스테이션,거래중,"8,700원",잠실동,2026-03-04,2,4,,,,,,,8700
청소기,다이슨 청소기,다이슨 청소기 V6 정품 헤드 3개 일괄,거래중,"15,000원",잠실동,2026-05-03,2,6,,,,,,,15000
청소기,다이슨 청소기,다이슨 V8(SV10) 본체 + 거치대 (부품용/단품),거래중,"20,000원",잠실동,2026-08-29,1,17,,,,,,,20000
청소기,다이슨 청소기,다이슨 청소기 거치대,거래중,"25,000원",잠실동,2026-08-27,1,4,243,76.6℃,코코링,생활가전,직거래 : 청량리역 5번출구(다른곳에서 불가),"다이슨 v6 v7 v8 v10 v11 v12 v15 및 dc계열사용가능

직거래 : 청량리역 5번출구(다른곳에서 불가)",25000
청소기,다이슨 청소기,다이슨 틈새 노즐,거래중,"8,000원",잠실동,2026-08-18,0,4,,,,,,,8000
청소기,다이슨 청소기,다이슨 청소기 거치대 블랙,거래중,"13,000원",잠실동,2026-08-21,0,0,94,41.6℃,꾸오욱,생활가전,,"다이슨 청소기 거치대 하이프형 블랙 부품 보관 가능해요
벽 손상 없이 깔끔하게 보관할 수 있어요
청소용 브러시 수납, 총 높이 605mm, 스틸 소재로 튼튼해요
다이슨 청소기 깔끔하게 정리하고 싶은 분들께 추천드려요

거치대를시켰는데 청소기를다른걸쓰게대서
팝니다  조립다해논상태고 새상품이예요",13000
청소기,다이슨 청소기,트윈벨 다이슨 완벽 호환 물걸레 키트,거래중,"25,000원",잠실동,2026-08-22,0,2,,,,,,,25000
청소기,다이슨 청소기,다이슨 Dyson 청소기 롤러세트,거래중,"8,000원",잠실동,2026-04-03,2,11,,,,,,,8000
청소기,다이슨 청소기,다이슨무선청소기 하이토크 헤드,거래중,"23,000원",잠실동,2026-08-23,0,9,,,,,,,23000
청소기,다이슨 청소기,다이슨무선청소기 v10 싸이클론 집진기,거래중,"25,000원",잠실동,2026-08-24,0,11,,,,,,,25000
청소기,다이슨 청소기,다이슨무선청소기 v10 v11 정품 충전기,거래중,"18,000원",잠실동,2026-08-24,0,8,,,,,,,18000
청소기,다이슨 청소기,다이슨무선청소기 v11정품배터리,거래중,"50,000원",잠실동,2026-08-01,9,26,538,97.3℃,송별서,생활가전,,"다이슨무선청소기 v11 정품배터리 
현재일반모드 70분이상 찍힙니다
택배가능합니다 ",50000
청소기,다이슨 청소기,다이슨무선청소기 v10정품 완드봉,거래중,"12,000원",잠실동,2026-08-15,0,5,,,,,,,12000
청소기,다이슨 청소기,다이슨무선청소기 v11정품 싸이클론 집진기,거래중,"25,000원",잠실동,2026-08-29,0,7,174,97.3℃,송별서,생활가전,,,25000
청소기,다이슨 청소기,다이슨 V11 무선 청소기,거래중,"181,000원",잠실동,2026-08-27,0,1,,,,,,,181000
청소기,다이슨 청소기,다이슨v8무선 청소기. ☆☆상태최상☆☆ 소모품 올교환..,거래중,"180,000원",잠실동,2026-08-23,1,3,17,27.3℃,긴급출동,생활가전,,,180000
청소기,다이슨 청소기,다이슨 정품 미니청소기 튤,거래중,"20,000원",잠실동,2026-08-29,0,0,45,41℃,미카엘로,생활가전,,"1. 다이슨 정품 매트리스용 미니 모터 헤드 - (개당) 4만원 / 원가 : 5만 2천

2. 다이슨 정품 콤비네이션 툴 (브러쉬) - (개당) 2만원

3. 다이슨 틈새 청소에 강한 크레비스 툴 - 만원 

일괄 7만원",20000
청소기,다이슨 청소기,다이슨 DC45 Animal 무선 청소기,거래중,"39,000원",잠실동,2026-08-01,3,14,1055,40.3℃,달덩이,생활가전,,"다이슨 DC45 Animal 무선 청소기 판매해요
강력한 흡입력으로 먼지, 머리카락, 반려동물 털까지 깔끔하게 청소할 수 있어요
본체와 연장관, 헤드 구성입니다

배터리 상태가 좋고
전기가 없어서 싸게 내놓아요",39000
청소기,다이슨 청소기,물걸레청소기 다이슨 wah G1(거의 새상품),거래중,"320,000원",잠실2동,2026-06-02,0,11,256,45.9℃,사과대추,생활가전,무게가 있어서 직거래가 나을거 같아요,"물걸레청소기 다이슨 wash G1입니다
홈쇼핑에서 사고 2번 사용 했어요, 다른 청소기를 선물받아 판매하려고 합니다

거의 새상품이고
무게가 있어서 직거래가 나을거 같아요
충전해두고 필요할때 사용하기 좋은 물걸레 청소기입니다

롤러2개도 같이 드릴께요 책자도 있습니다..",320000
청소기,다이슨 청소기,다이슨 무선청소기 충전기,거래중,"10,000원",신천동,2026-08-28,0,1,,,,,,,10000
청소기,다이슨 청소기,다이슨 청소기 부품 이불청소 v12,거래중,"38,000원",신천동,2026-02-02,1,1,,,,,,,38000
청소기,다이슨 청소기,다이슨 청소기 V10.V11 모터헤드,거래중,"30,000원",신천동,2026-07-02,3,15,345,99℃,당근진심,생활가전,,"사용하지않은 새상품 입니다
정품 저렴하게 가져가세요",30000
청소기,다이슨 청소기,다이슨 청소기 거치대,거래중,"22,000원",신천동,2026-08-13,0,5,,,,,,,22000
청소기,다이슨 청소기,다이슨 청소기 액세서리 세트 새제품,거래중,"30,000원",신천동,2026-08-22,0,16,,,,,,,30000
청소기,다이슨 청소기,다이슨 펜슬백 플러피콘 스틱청소기 492709-01,거래중,"350,000원",신천동,2026-08-29,0,8,,,,,,,350000
청소기,다이슨 청소기,다이슨 청소기 액세서리 세트,거래중,"25,000원",신천동,2026-08-29,0,3,,,,,,,25000
청소기,다이슨 청소기,다이슨 거치대 v10,거래중,"15,000원",신천동,2026-08-25,0,1,,,,,,,15000
청소기,다이슨 청소기,다이슨 V8 정품 충전기,거래중,"17,000원",신천동,2026-08-01,2,13,,,,,,,17000
청소기,다이슨 청소기,다이슨 V11 침구세트,거래중,"17,000원",신천동,2026-08-09,0,4,169,67℃,동백,생활가전,,"다이슨 V11 청소기 부품 세트입니다
사진에 보이는 구성품 모두 포함되어 있어요
1열 : 침구 청소용 키트
2열 : 플렉시 배관 및 솔 키트

다양한 청소 환경에 맞춰 사용할 수 있는 툴들로 구성되어 있습니다
청소 효율을 높여줄 아이템이에요",17000
청소기,다이슨 청소기,다이슨 청소기 브러쉬 툴 세트 ㅡ새제픔,거래중,"8,000원",신천동,2026-08-24,0,3,,,,,,,8000
청소기,다이슨 청소기,다이슨 360 Vis Nav 로봇청소기 블루,거래중,"450,000원",신천동,2026-08-14,0,1,,,,,,,450000
청소기,다이슨 청소기,다이슨 V8 V10 V11 모터헤드,거래중,"17,000원",신천동,2026-08-25,0,8,,,,,,,17000
청소기,다이슨 청소기,다이슨 침구청소기,거래중,"30,000원",신천동,2026-08-15,0,1,,,,,,,30000
청소기,다이슨 청소기,다이슨 정품 무선청소기 V8 배터리 미사용 새제품,거래중,"69,000원",신천동,2026-08-01,8,42,1278,52.2℃,오이이,생활가전,,,69000
청소기,다이슨 청소기,다이슨 V6 청소기 배터리 정품 부품,거래중,"40,000원",신천동,2026-08-28,1,5,,,,,,,40000
청소기,다이슨 청소기,다이슨 V6 청소기 2대와 충전 거치대와 충전기세트,거래중,"25,000원",신천동,2026-08-01,3,5,,,,,,,25000
청소기,다이슨 청소기,다이슨무선청소기v6.v7.v8 정품 충전기,거래중,"15,000원",신천동,2026-08-01,0,10,259,97.3℃,송별서,생활가전,,"다이슨무선청소기 정품 충전기 
v6.v7.v8 사용가능합니다 
택배가능합니다 ",15000
청소기,다이슨 청소기,다이슨무선청소기 v11정품완드봉,거래중,"15,000원",신천동,2026-08-22,0,3,,,,,,,15000
청소기,다이슨 청소기,다이슨무선청소기 v11정품 헤파필터,거래중,"5,000원",신천동,2026-08-22,1,7,,,,,,,5000
청소기,다이슨 청소기,다이슨 모터바 클리너 헤드 V12 V12s 정품(미사용),거래중,"95,000원",신천동,2026-08-19,0,1,,,,,,,95000
청소기,다이슨 청소기,다이슨 v10 청소기 툴 2종 팔아요(v7 v8 v11 v15 호환가능),거래중,"9,000원",신천동,2025-12-04,1,5,,,,,,,9000
청소기,다이슨 청소기,다이슨무선청소기 V6 전용 소프트롤러헤드 판매,거래중,"38,000원",신천동,2026-08-28,0,3,114,62.4℃,논현동,생활가전,,,38000
청소기,다이슨 청소기,다이슨 청소기 액세서리 V8,거래중,"50,000원",신천동,2026-08-28,1,3,134,44.5℃,너에게난나에게넌,생활가전,,"다이슨 청소기 V8 모델에 사용 가능한 액세서리 세트예요
메인 브러시 헤드와 추가 브러시, 연장 호스, 배터리까지 모두 포함되어 있어요
사진에서 보이는 구성품 그대로 보내드려요
청소 효율을 높여줄 다양한 툴을 찾으시는 분들께 추천드려요

배터리포함 구성품전부사진",50000
청소기,다이슨 청소기,다이슨 V10 싸이클론 무선청소기,거래중,"120,000원",신천동,2026-08-22,0,2,,,,,,,120000
청소기,다이슨 청소기,캐스돈 다이슨 청소기놀이 68760(새상품),거래중,"30,000원",신천동,2026-08-01,0,9,97,40.2℃,메신져7,유아동,,,30000
청소기,다이슨 청소기,다이슨 V8 소프트롤러 클리너 헤드,거래중,"30,000원",신천동,2026-08-28,1,4,110,46.6℃,열정으로,생활가전,,"다이슨 청소기용 소프트롤러 클리너 헤드예요
다양한 구성품 포함되어 있어 활용도가 높아요
사진에서 보이는 그대로 보내드려요
바닥 먼지 제거에 탁월한 성능을 자랑해요",30000
청소기,다이슨 청소기,다이슨 V6사이클론 집진기 2개 1개당,거래중,"5,000원",신천동,2026-08-28,0,3,64,99℃,초록,생활가전,,,5000
청소기,다이슨 청소기,다이슨 청소기 호환 먼지통. V10,거래중,"10,000원",신천동,2026-08-28,0,4,,,,,,,10000
청소기,다이슨 청소기,다이슨 V6 무선 청소기14분~15분 갑니다~,거래중,"45,000원",신천동,2026-08-28,0,1,,,,,,,45000
청소기,다이슨 청소기,다이슨 청소기 창틀 청소노즐,거래중,"3,000원",신천동,2026-02-02,2,5,,,,,,,3000
청소기,다이슨 청소기,다이슨 무선청소기 거치대 (화이트),거래중,"30,000원",신천동,2026-08-25,0,5,378,39.5℃,미지,생활가전,,"다이슨 무선청소기 거치대입니다. 깔끔한 화이트 색상으로 어떤 인테리어에도 잘 어울려요. 충전 및 거치가 편리하도록 디자인되었습니다. 무선청소기를 깔끔하게 정리하고 싶으신 분들께 추천드려요
제가 사용할땐 충전 잘됫어요 
청소기 바꿔서 충전 안해본지 쫌됫어요 
감안해서 가져가실분만 가져가세요.
청소기충전기 정품입니다.
충전기 분리해서 다른거 사용해도되요~",30000
청소기,다이슨 청소기,다이슨 DC74 배터리 21.6V 350W,거래중,"25,000원",신천동,2026-08-27,0,1,66,99℃,거부기사랑,생활가전,,"다이슨 DC74 무선 청소기 배터리입니다
21.6V, 350W 용량으로 오래 사용할 수 있어요
사진에서 보이는 것처럼 구성품은 배터리 본체입니다
청소기 배터리 교체가 필요하신 분들께 추천드려요",25000
청소기,다이슨 청소기,다이슨 V8 무선 청소기(부품용),거래중,"55,000원",신천동,2026-08-25,0,3,357,67.5℃,해바라기,생활가전,,"다이슨 V8 플러피 맥스 무선 청소기 판매해요
본체와충전기
밧데리 방전입니다
확인하실거면 밧데리 나가고 오시면 됩니다
부품용으로판매합니다
반품환불x
",55000
청소기,다이슨 청소기,깨끗하게 세척한 다이슨 무선 청소기 V10 풀세트(51분 연속동작),거래중,"145,000원",신천동,2026-08-27,1,6,161,73.8℃,산수자명,생활가전,,,145000
청소기,다이슨 청소기,다이슨 마루카펫용헤드 미사용정품,거래중,"35,000원",신천동,2026-08-19,3,12,,,,,,,35000
청소기,다이슨 청소기,다이슨 V10 무선 진공청소기용 청소툴보관함(청소틀 포함),거래중,"21,000원",신천동,2026-08-19,0,7,207,75℃,벽산,생활가전,,"-. 택배비 추가하여 택배거래 가능

-. 참고사항 : 실사진올리니 참고하시어 구매바랍니다.

1. 미사용신품이지만 예민하신분은 정중히 사양하고, 제품거래후에는 교환, 반품 및 환불은 불가합니다.

1. 구성품 : 청소툴보관함, 청소툴 5종

1. 보관함은 보관중에 스크러지 발생.

1. 청소툴은 V7 ~ V11까지 호환가능",21000
청소기,다이슨 청소기,(사용감 있습니다 )다이슨 V8 무선 청소기 레드,거래중,"90,000원",신천동,2026-08-27,0,5,274,90℃,연수동주민,생활가전,,,90000
청소기,다이슨 청소기,다이슨 V6 무선 청소기 업탑툴 정품,거래중,"15,000원",가락1동,2026-06-02,0,0,,,,,,,15000
청소기,다이슨 청소기,다이슨 미니 모터헤드,거래중,"10,000원",신천동,2026-08-03,0,2,62,55.8℃,남매맘,생활가전,,"다이슨 청소기용 미니 모터헤드입니다
침구류나 소파 먼지 제거에 효과적이랍니다
상태는 사진 참고부탁드립니다 🙏 
",10000
청소기,다이슨 청소기,캐스돈 다이슨 청소기 아기장난감,거래중,"29,000원",신천동,2026-08-15,0,12,224,54.2℃,데이지,유아동,,"사용감 3번정도 있고 다른 청소기 장난감을 선물받아 
거의 새상품 같은 장난감을 내놓습니다
사용감이 거의없지만 저렴하게 올렸습니다


✅️육아중이라 비대면 문앞거래만 가능합니다

예민맘❌️ 환불❌️ 네고❌️ 찔러보기❌️ 

✔️중고상품 특성상 사용감있습니다
✔️구매하실 생각있으신분만 챗 주세요
✔️ 챗 인원이 많을시 빠른거래가 가능하신분 우선
✔️ 거래 희망장소 확인부탁드립니다",29000
청소기,다이슨 청소기,다이슨 V8 앱솔루트 프로 무선 청소기 모음 팝니당,거래완료,"50,000원",방이동,2026-08-27,4,5,99,42.1℃,찐만두먹어,생활가전,,"다이슨 V8 앱솔루트 프로 무선 청소기입니다
다양한 구성품과 함께 제공되어 활용도가 높아요
사진에서 보이는 모든 구성품을 함께 드립니다
강력한 흡입력으로 집안 구석구석 깨끗하게 청소할 수 있어요
자주 사용하지 않아 깨끗하게 보관해두었어요

필터 새거 포함 되어있구 추가 구성품은 한번도 안사용해서 그냥 새거에요!! 
깨끗합니당
본 청소기만 계속 사용했어욥

몽촌토성 쪽 집앞으루 직접 가지러 오셔야 돼용~~",50000
청소기,다이슨 청소기,다이슨 청소기 거치대 새상품,거래중,"10,000원",신천동,2025-08-31,1,1,328,52.7℃,두바이다,생활가전,,"다이슨 청소기 거치대 새상품입니다~~
필요하신 분 연락 주세요!

예민한 분은패스요 
오실때 010 7657 7466 연락주세요!

감사합니다!!!!!!!!!!
당근페이 가능합니다 ",10000
청소기,다이슨 청소기,다이슨 서브마린 물걸레 청소기 헤드,거래중,"49,000원",거여동,2026-08-27,0,2,,,,,,,49000
청소기,다이슨 청소기,다이슨 풀세트 SV14 컴플리트 무선청소기를 팝니다,거래중,"162,000원",신천동,2026-08-01,1,0,81,78.6℃,여호수아,생활가전,,,162000
청소기,다이슨 청소기,다이슨 정품 소프트 헤드,거래중,"68,000원",신천동,2026-07-02,0,23,517,55.5℃,RX98,뷰티/미용,,"다이슨 청소기 소프트 헤드입니다.

보관만 하던 제품이라

신품대비 95% 상태입니다.",68000
청소기,다이슨 청소기,다이슨청소기용 반려견 그루밍 툴,거래중,"10,000원",신천동,2026-08-27,0,0,30,40.1℃,슈르르까,반려동물용품,,"다이슨 청소기용 펫 그루밍 툴과 연장 호스 세트예요 다이슨 청소기 모터에 결합해서 사용하는 스퀘어빗입니다
중대형견 털 (중장모형)관리에 적합하며, 빗질을 함과 동시에 청소기가 빨아들이니 날리는 털을 효과적으로 제거할 수 있어요 연장 호스가 있어 손으로 잡고 여러각도로 빗질하기 편리해요
저희강아지는 빗질을 싫어해서 
이 툴을 딱 한번밖에 사용하지 못했네요;;;
올해 3월에 아래 네이버 링크로 구매했습니다.
https://naver.me/5CC1jRlW",10000
청소기,다이슨 청소기,다이슨 청소기 2대 부품용 일괄 판매 송파,거래완료,"30,000원",풍납동,2026-08-27,1,0,43,40.1℃,동네아재,생활가전,,"두 대 모두 배터리 소진으로 
현재 작동하지 않습니다.
배터리 교체 및 부품용으로 
가져가실 분께 판매합니다.
(배터리 교체 후 정상 작동여부는 확인하지 못함)

사진에 보이는 구성품 모두 포함, 
일괄 3만원입니다.",30000
청소기,다이슨 청소기,다이슨V10청소기세트,거래중,"180,000원",신천동,2026-06-02,1,4,270,99℃,당근사랑,생활가전,,"다이슨V10풀세트입니다
배터리는59분연속작동
되는정품배터리로 드립니다
케이스에 들어있는스툴은 미사용입니다
싸이클론속에 머리카락 제거 다했구요
 물청소 다 했읍니다
트리거 스위치 강화된것으로
교체했읍니다 이것은무조건 교체해야합니다 
고장걱정마시고 구매하세요
강력한 흡입력으로 집안 구석구석 깨끗하게 청소할 수 있답니다 
완벽하게 포장해서 보내드립니다 
인천은기름값2만원주시면
가져다드릴께요",180000
청소기,다이슨 청소기,"다이슨무선청소기 v11정품 모터바디, 하우징",거래중,"25,000원",신천동,2026-08-21,0,2,72,97.3℃,송별서,생활가전,,,25000
청소기,다이슨 청소기,다이슨무선청소기 v10 정품 먼지통,거래중,"12,000원",신천동,2026-08-01,3,23,,,,,,,12000
청소기,다이슨 청소기,다이슨 청소기 구성품 툴 세트(일괄),거래중,"20,000원",신천동,2026-08-10,1,9,,,,,,,20000
청소기,다이슨 청소기,다이슨 무선청소기 침구헤드,거래중,"5,000원",신천동,2026-08-26,0,1,,,,,,,5000
청소기,다이슨 청소기,다이슨 청소기 송파,거래완료,"50,000원",풍납동,2026-08-26,2,1,106,40.8℃,겨울,생활가전,,"최근까지 사용하던 다이슨 청소기인데 트리거가 고장났습니다 
트리거 수리해서 사용해도 되고 부속품만 사용해도 될것같습니다
거치대와 사진속 부속품 포함하여 5만원 입니다

거래후 환불불가
",50000
청소기,다이슨 청소기,V10 청소기 먼지통 과 크린룸,거래중,"10,000원",신천동,2026-08-26,0,0,15,99℃,솔솔,생활가전,,"다이슨 V10 청소기 먼지통이에요
사진에서 보이는 그대로의 상태입니다
깨끗하게 사용했어요
다이슨 청소기 먼지통과 크림룸이 필요하셨던 분께 추천드려요
사이즈가. 긴거 입니다 
택배거래후에는  반품안되요
왕복택비 부담하시면 가능",10000
청소기,다이슨 청소기,다이슨 V10 무선청소기 판매합니다,거래중,"60,000원",신천동,2026-08-25,2,9,,,,,,,60000
청소기,다이슨 청소기,다이슨 V8 앱솔루트 무선 청소기.새베터리교체60분이상작동거치대85000포함,거래중,"185,000원",신천동,2026-08-18,0,0,,,,,,,185000
청소기,다이슨 청소기,다이슨무선청소기 v11정품 먼지통,거래중,"15,000원",신천동,2026-08-22,0,11,159,97.3℃,송별서,생활가전,,"다이슨무선청소기 v11 정품 먼지통 
세척 해놨습니다 
택배가능합니다 ",15000
청소기,다이슨 청소기,다이슨 V6 무선청소기 본체,거래중,"40,000원",신천동,2026-05-03,3,7,1139,83.3℃,욘쿄4889,생활가전,,"다이슨 V6 무선청소기 본체입니다
사지도않으면서  문자하지마세요 차단합니다
꼭하실분만  나이값하고삽시다

배터리만  교체   사용하심되요
사진에서 보이는 구성품 그대로 드려요
깔끔하게 사용했던 제품입니다
흡입력 좋은 무선청소기를 찾으시는 분들께 추천드려요",40000
청소기,다이슨 청소기,다이슨 V11 청소기 도킹스테이션 거치대(정품),거래중,"20,000원",신천동,2026-08-01,0,1,,,,,,,20000
청소기,다이슨 청소기,다이슨 MN5-KR-JCR1047A 무선청소기 부품,거래중,"30,000원",신천동,2026-08-01,1,2,390,49.6℃,극지,생활가전,,"다이슨 무선청소기 본체와 다양한 흡입구 구성이에요
사진에 보이는 그대로 보내드려요
청소기 본체와 헤드, 추가 흡입구까지 모두 포함되어 있어요
청소기 부품이 필요하셨던 분들께 좋은 기회일 거예요",30000
청소기,다이슨 청소기,다이슨슬림V8,거래중,"150,000원",신천동,2026-08-10,0,3,69,99℃,당근사랑,생활가전,,"다이슨V8슬림플러피(SV10K)
청소기 입니다
최신형입니다
V8하고 틀린모델입니다
배터리는 무부하
표준모드로 33분
연속잘됩니다 
연수1동입니다 
바로구매하시면
거치대빼고 스툴은 전부 보내드립니다
도킹스테이션을
벽에 설치하면되요",150000
청소기,다이슨 청소기,다이슨 청소기 브러쉬 헤드,거래중,"12,000원",신천동,2026-08-09,0,0,,,,,,,12000
청소기,다이슨 청소기,다이슨무선청소기 v10 정품 모터바디.하우징,거래중,"24,000원",신천동,2026-08-05,6,19,,,,,,,24000
청소기,다이슨 청소기,다이슨 청소기v8.v10.v11 헤드 브러쉬 특A급,거래중,"30,000원",신천동,2026-08-24,0,12,,,,,,,30000
청소기,다이슨 청소기,"🧡다이슨 공기청정기, 청소기, 밀대",거래중,"2,000원",신천동,2026-08-16,7,46,8259,52.3℃,이사준비로저렴하게판매함,생활가전,,"1. 다이슨 퓨리파이어 tp04 공기청정기에요.
공기 청정과 선풍기 기능이 합쳐져 사계절 내내 사용하기 좋아요!
깨끗한 공기를 마시며 시원하게 여름을 보낼 수 있어요~ 필터도 교체한 상태/ 햇빛 때문에 색 바램 있음
⚠️ 교체한 필터는 호환 필터(2만원대 구매)
👉 새 필터 구매시 참고
* [다이슨 TP04 호환 필터]
* [다이슨 정품 필터 TP0
가격: 8만원

2. 밀대 청소기
가격: 2천원

3. 롤클리너 밀대형
가격: 2천원

4. 코멧 밀대 걸래+극세사 패드 구성❌️(팔림)
가격: 7천원

5. 홈플래닛 청소기 (4m 전원코드)
가격:  1만원
",2000
청소기,다이슨 청소기,다이슨무선청소기 v10 싸이클론 부품용,거래중,"10,000원",신천동,2026-08-24,0,8,,,,,,,10000
청소기,다이슨 청소기,다이슨무선청소기 v10 v11 먼지통 러너,거래중,"6,000원",신천동,2026-08-24,0,2,,,,,,,6000
청소기,다이슨 청소기,다이슨 풀메탈 거치대 화이트,거래중,"50,000원",신천동,2026-08-01,0,3,227,50℃,아지즈,생활가전,,"다이슨 무선 청소기 거치대입니다
깔끔한 풀메탈 프레임으로 조립이 간편해요
화이트 색상으로 어떤 인테리어에도 잘 어울려요
다이슨 청소기 사용하시는 분들에게 정말 유용한 아이템이에요
박스만 뜯어본 새제품입니다.
반품안됩니다.",50000
청소기,다이슨 청소기,다이슨 V10 컴플리트 엑스트라 퍼플 무선청소기. 지지대 2중1개.,거래중,"150,000원",신천동,2026-08-06,1,31,2462,99℃,말본,생활가전,,,150000
청소기,다이슨 청소기,다이슨 헤어 디탱글러 툴,거래중,"50,000원",신천동,2026-08-24,0,1,,,,,,,50000
청소기,다이슨 청소기,다이슨청소기,거래완료,"10,000원",송파2동,2026-08-24,5,1,149,38.5℃,인생2모작,생활가전,,"사지에 보이는것처럼 구성품이 3개밖에없어요
차량이나 구석진곳은 사용하기에 무리 없어요",10000
청소기,다이슨 청소기,다이슨 DC45 무선 청소기,거래중,"20,000원",신천동,2026-08-24,0,2,,,,,,,20000
청소기,다이슨 청소기,다이슨 연장관 새상품,거래중,"7,000원",신천동,2026-08-18,0,1,47,59.3℃,koala,생활가전,,"다이슨 청소기 연장관이에요
사진에서 보이는 것처럼 구부러진 형태의 연장관입니다
청소 시 손이 닿기 어려운 곳까지 깔끔하게 청소할 수 있어요
다이슨 청소기 사용하시는 분들께 유용한 아이템이에요 (건조기 안에 청소할때 좋음)",7000
청소기,다이슨 청소기,다이슨 DC62 핸디 무선 청소기 (핑크),거래중,"20,000원",신천동,2026-08-24,0,3,,,,,,,20000
청소기,다이슨 청소기,다이슨 V6 정품 도킹스테이션,거래중,"5,000원",신천동,2026-08-23,1,4,,,,,,,5000
청소기,다이슨 청소기,다이슨 V6 싸이클론 먼지통,거래중,"10,000원",신천동,2026-08-23,0,2,136,59.5℃,니인자,생활가전,,"다이슨 V6 무선청소기 부품 싸이클론과 먼지통이에요
사이클론 외피에 작은 상처가 있으니 사진을 꼭 확인해주세요
다이슨 V6 청소기 부품 필요하신 분에게 추천드려요",10000
청소기,다이슨 청소기,다이슨 V11 SV14 싸이클론,거래중,"25,000원",신천동,2026-08-23,0,11,,,,,,,25000
청소기,다이슨 청소기,풀세트 다이슨 V8 앱솔루트 무선 청소기를 팝니다,거래중,"97,000원",신천동,2026-08-07,0,1,44,78.6℃,여호수아,생활가전,,,97000
청소기,다이슨 청소기,다이슨 매트리스 툴 새상품,거래중,"9,000원",신천동,2025-08-31,0,5,,,,,,,9000
청소기,다이슨 청소기,다이슨 청소기 싸이클론 팔아요,거래중,"14,500원",신천동,2026-08-01,2,8,,,,,,,14500
청소기,다이슨 청소기,다이슨 연장관 레드 v10,거래중,"10,000원",신천동,2026-08-09,0,8,,,,,,,10000
청소기,다이슨 청소기,다이슨 침구 청소기 헤드,거래중,"8,000원",신천동,2026-08-11,1,1,,,,,,,8000
청소기,다이슨 청소기,다이슨무선청소기 v7.v8정품 도킹스테이션,거래중,"7,000원",신천동,2026-07-02,2,7,214,97.3℃,송별서,생활가전,,,7000
청소기,다이슨 청소기,다이슨무선청소기 정품 충전기 v6.v7.v8,거래중,"15,000원",신천동,2025-11-04,12,24,,,,,,,15000
청소기,다이슨 청소기,정품 다이슨 소프트롤러 헤드 V7~V11호환,거래중,"39,000원",신천동,2026-08-01,0,25,1126,83.3℃,욘쿄4889,생활가전,,,39000
청소기,다이슨 청소기,다이슨 V11 플러피 레드 무선 청소기,거래중,"65,000원",신천동,2026-08-22,0,0,62,73.2℃,하하,생활가전,,"다이슨 V11 플러피 무선 청소기 레드 색상이에요
​[본문 내용]
다이슨 V11 정품 연장봉과 미사용 미니 모터 헤드 판매합니다.
​연장봉: 다이슨 정품 V11 Fluffy 레드 연장봉 (상태 양호, 결착 이상 없음)
​미니 모터 헤드: 보관만 해둔 미사용 새제품급입니다. (침구, 소파, 카펫, 차량 내부 청소용)
​상태: 헤드는 아예 사용하지 않아 솔이나 바닥면 깨끗하고 작동 완벽합니다.
​V7, V8, V10, V11, V15 등 다이슨 규격 호환 가능합니다.
",65000
청소기,다이슨 청소기,다이슨무선청소기 v11 정품 싸이클론,거래중,"25,000원",신천동,2026-08-22,0,12,,,,,,,25000
청소기,다이슨 청소기,다이슨V10,거래중,"90,000원",신천동,2026-08-01,1,2,,,,,,,90000
청소기,다이슨 청소기,다이슨 청소기 헤드,거래중,"20,000원",신천동,2026-08-19,1,7,559,42.9℃,청라언덕,생활가전,,"다이슨 청소기 헤드입니다. 사진에 보이는 구성품 모두 포함되어 있어요. 다양한 청소 환경에 맞춰 사용할 수 있는 헤드입니다. 청소 효율을 높여줄 아이템이에요 터빈헤드유선청소기헤
드입니다 세것은아닙니다쳇주세요
",20000
청소기,다이슨 청소기,다이슨 v10 sv12 무선 청소기,거래중,"160,000원",신천동,2026-06-02,0,3,1061,99℃,큰둥이,생활가전,직거래 관악구 봉천동 구암고등학교 인근에서 합니다.,"다이슨 v10 sv12 무선 청소기
어댑터 포함 사진 구성입니다.
잘 작동합니다.
봉 연결부 약간 흔들림 있어요.
외관상태 사진으로 확인해주세요.

직거래 관악구 봉천동 구암고등학교 인근에서 합니다.
택배시 배송비 7천원 추가 됩니다.
단 전자제품이라 파손면책 동의하에만 접수 가능합니다. 원박스 없고 파손시 반품이나 환불 불가하니 가급적 직거래합니다.
채팅 주세요.",160000
청소기,다이슨 청소기,다이슨 청소기 툴 악세사리 4개,거래중,"22,000원",신천동,2026-08-07,0,2,106,51.4℃,폴리,생활가전,,"다이슨 무선청소기(V7, V8, V10, V11, V15 등)에 호환 및 제공되는 주요 청소용 툴 및 액세서리 모음입니다.  
4개 3만원

1번
업-탑 어댑터 (Up-top adapter) / 연장 툴: 각도를 꺾어서 가구 위나 높은 곳, 선반 위를 청소

2번
크레비스 툴 틈새 노즐: 좁은 틈새, 모서리, 창틀 사이를 청소
3번
콤비네이션 노즐.  브러시가 달려 있어, 버튼을 밀어내며 일반 흡입과 브러시 청소를 전환할 수 있습니다.

4번
와이드  / 매트리스 툴 : 패브릭 소파, 매트리스, 쿠션 등의 넓은 면적 먼지 정리

",22000
청소기,다이슨 청소기,"다이슨 V12, 디지털슬림용 청소기 헤드 3종",거래중,"90,000원",신천동,2026-08-09,2,7,,,,,,,90000
청소기,다이슨 청소기,다이슨 청소기 툴 세트 v8,거래중,"55,000원",신천동,2026-07-02,0,3,385,39.5℃,목욕탕,생활가전,,"다이슨 청소기 부속 툴 세트 판매합니다

원기종은 v8 입니다

따로 찍은 제품 사용감 있습니다
사진확인필수

교환환불 불가",55000
청소기,다이슨 청소기,다이슨 청소기 필터 9개입,거래중,"28,000원",신천동,2026-08-21,0,2,,,,,,,28000
청소기,다이슨 청소기,다이슨 청소기 하단 청소 어댑터,거래중,"15,000원",신천동,2026-08-14,0,0,33,52.1℃,냠냠,생활가전,,"다이슨 청소기 로우 리치 어댑터 팝니다. 

다이슨 V7 V8 V10 V11 V15 호환가능

새제품이에요 
잘못 구매하여 싸게팝니다ㅜㅜ",15000
청소기,다이슨 청소기,다이슨 V10 카본 파이버 플러스 무선 청소기 팝니다,거래중,"150,000원",거여동,2026-08-20,1,4,338,38.1℃,소나무,생활가전,,,150000
청소기,다이슨 청소기,다이슨 무선청소기 물걸레키트,거래중,"21,349원",신천동,2026-08-20,1,15,,,,,,,21349
청소기,다이슨 청소기,다이슨 V8 앱솔루트 무선 청소기,거래중,"90,000원",신천동,2026-08-31,0,1,24,37.4℃,군강서동,생활가전,,"다이슨 V8 앱솔루트 플러스 무선 청소기입니다

침구청소툴과 각종 틈새툴

다양한 구성품과 함께 드립니다 

사진에서 보이는 그대로의 제품입니다

깨끗하게 청소할 수 있는 좋은 기회예요

메인헤드도 호환품으로 교체해서 잘작동됩니다 

한번씩 메인 헤드솔이 소음 있으나 청소에는 문제없습니다 

배터리도 오피스텔 청소하는데 문제없어요 
",90000
청소기,다이슨 청소기,다이슨 마이크로 무선청소기 새상품급,거래중,"290,000원",신천동,2026-08-31,0,0,28,59.1℃,달콤이,,,"가볍게 한두번 돌려보고 판매합니다
집에 맞지않아서요
새거사실바에 싸게 가져가세요 
코스트코 실구매가 39만 
10만원 저렴하게 팔께요

다이슨의 가장 가벼운 무선 청소기, 다이슨 마이크로에요
미세먼지 입자를 99.99% 제거하고 변치 않는 흡입력을 유지해요
플러피 클리너 헤드, 콤비-크레비스 툴, 스탠드형 충전 거치대, 충전기까지 풀 구성으로 준비했어요
문서, 영상 작업 하시는 분들에게 추천드리는 가성비 있는 노트북이에요",290000
청소기,다이슨 청소기,다이슨 청소기,거래중,"40,000원",풍납1동,2026-08-30,0,4,308,37.2℃,미져리아빠,생활가전,,"배터리는 수명이 다되서 5분 써요
알리들어가면 다이슨배터리있으니까
교체하고 쓰세요
스탠드포함",40000
청소기,다이슨 청소기,다이슨 v10 청소기,거래중,"70,000원",신천동,2026-08-31,1,3,200,77.4℃,코코링,생활가전,직거래 : 청량리역 5번출구(다른곳에서 불가),"배터리 문제로 배터리만 교체시 정상작동

본체 봉 사진대로구성(충전기등 기타x)



직거래 : 청량리역 5번출구(다른곳에서 불가)",70000
청소기,다이슨 청소기,다이슨v8 앱솔루트 청소기 저렴하게 드립니다~ 송파,거래중,"95,000원",오금동,2026-08-31,0,10,84,99℃,애니,생활가전,,"안녕하세요?
다이슨v8 청소기 입니다~
배터리는 20평대 여유있게 청소 하실수 있습니다 
소프트 롤러는 불 들어오는 툴로
교체를 하였습니다 
별도 구입한 거치대와 여러툴도 함께 드리겠습니다 
별로 사용하지 않아서 이미지와 
같이 깨끗합니다^^~",95000
청소기,다이슨 청소기,다이슨 사이클론 V10,거래중,"140,000원",풍납동,2026-08-03,2,19,556,41.4℃,프릭스,생활가전,,"다이슨 사이클론 V10 무선청소기 풀세트 판매합니다.

사용하던 제품이라 사용감 있습니다.

자세한 문의는 당근톡 주세요 ㅎ

(거래 시 제품 확인 가능하며 구매 후 환불은 안 받습니다)",140000
청소기,다이슨 청소기,다이슨 V7 무선 청소기 레드,거래중,"80,000원",신천동,2026-08-31,1,0,121,51.2℃,너땜에산다,,,"다이슨 V7  무선 청소기 레드 색상이에요

호환품이긴하지만  
6개월전  교체로  상태  좋고 
필터  2종류  새제품  교체
헤드  롤러도  새거로  교체

제품  거치대
카펫  청소툴까지  다  드립니다

청소기  선물받아  판매합니다

거치대  길이가  있어  바로구매시  택배  수거가  안된다고  하네요  
전국에  물품 보이게  채팅하기 위해  바로구매  올린건데    채팅주심  가까우면  가져다드리고 혹은  택배로  보내드립니다",80000
청소기,다이슨 청소기,다이슨 V8 앱솔루트 무선 청소기,거래중,"80,000원",신천동,2026-08-01,8,23,619,37.6℃,킴민,생활가전,,"다이슨 V8 앱솔루트 무선 청소기예요
충전기포함입니다
네고x",80000
청소기,다이슨 청소기,다이슨 DC52 터빈헤드 유선 청소기 송파,거래중,"150,000원",삼전동,2026-08-01,1,7,144,48.6℃,히콩,생활가전,,"다이슨 DC52 터빈헤드 유선 청소기 판매해요
강력한 흡입력으로 먼지 하나 없이 깨끗하게 청소할 수 있어요
터빈헤드가 장착되어 있어 바닥 틈새 먼지까지 효과적으로 제거해줘요
집안 구석구석 깔끔하게 관리하고 싶으신 분들께 추천드려요

물건이 본가에있어 가져가시는 날짜,시간조정하셔야합니다",150000
청소기,다이슨 청소기,다이슨 V8 앱솔루트 무선청소기,거래중,"119,000원",신천동,2025-10-05,0,2,396,99℃,빗길조심,생활/주방,,"다이슨 V8 앱솔루트 직구 무선 청소기 
년식이 있다보니 맥스 모드로는 잠깐잠깐 밖에 못씁니다.
기본모드로는 아파트 정도는 문제 없으며 분해해서 세척해 두었습니다.
아답터 돼지코, 카페트 헤드툴 제공

- 다양한 종류의 헤드 포함되어 있습니다
- 강력한 흡입력으로 깨끗하게 청소할 수 있습니다
- 벽걸이 충전 거치대와 박스도 함께 드립니다",119000
청소기,다이슨 청소기,다이슨 청소기 액세서리 툴 세트 송파,거래중,"50,000원",오금동,2026-08-19,0,1,53,58.5℃,정민이,생활가전,,"다이슨 청소기 액세서리 툴 세트에요
사진에 보이는 구성품 그대로 드려요
다양한 툴로 청소 효율을 높여보세요
청소의 번거로움을 덜어줄 아이템이에요",50000
청소기,다이슨 청소기,다이슨 무선 청소기 본체,거래중,"35,000원",신천동,2026-08-31,0,2,63,38.8℃,땅골,생활가전,,"다이슨 무선 청소기 본체예요
사진에서 보이는 구성품 
배터리는 일반 18분가능
정상작동합니다 ",35000
청소기,다이슨 청소기,정품 다이슨 무선청소기 악세사리 개당5000원 노즐 부품 키트 v8 v7 v10 v11 v12 v15 용,거래중,"5,000원",신천동,2026-08-12,1,7,492,59℃,행복하세요,,,,5000
청소기,다이슨 청소기,다이슨 청소기 옴니글라이드,거래중,"180,000원",거여동,2026-08-31,0,10,195,60℃,정리중정리중정리중,생활가전,,"다이슨 청소기  옴니글라이드
*구입시기 확인 어려움
*무상AS기간 종료
*본체,헤드 기본세척 완료
*깨지거나 기능하자 없습니다
*배터리 시간(사진)
메인헤드 장착 작동 시간입니다
*구성품은 사진에있는게 전부에요
*흡입력 좋고, 헤드 이동이 편하고, 
가벼워서 좋아요
*차량실내 청소할때도 좋아요


*얼마에 주세요 , 네고 해주세요 
*전화주세요010-xxxx-xxxx
*안녕하세요 - 잠수
*팔렸나요? - 잠수 
왜 이러는건지  이유를 모르겠어요
답장 없이 차단합니다

",180000
청소기,다이슨 청소기,다이슨 클린앤워시 하이진 물청소기,거래중,"450,000원",풍납2동,2026-08-01,0,1,24,38.5℃,잭슨맘,생활가전,,"다이슨 클린앤워시 하이진 물청소기
5월 다이슨몰에서 구매
박스 xx

저희집에는 안맞습니다
6-7 번 정도 사용한 것 같아요
물걸레 말릴때 생각보다 소음이 있어서 원룸이랑 안맞음. 

직접 와서 가져가셔야 합니다
무겁습니다
박스 없어용",450000
청소기,다이슨 청소기,다이슨 V6 무선청소기,거래중,"45,000원",신천동,2026-08-23,0,6,738,58℃,쏘울테크,생활가전,,"다이슨 v6  사용감 많습니다
올세척후 사용해야합니다",45000
청소기,다이슨 청소기,캐스돈 다이슨 청소기놀이 68760(새상품),거래중,"25,000원",신천동,2026-08-31,0,0,21,40.2℃,메신져7,유아동,,,25000
청소기,다이슨 청소기,"다이슨 V7, V8 청소기 호환 헤파 필터 송파",거래중,"5,000원",오금동,2026-05-03,0,2,37,47.3℃,캐리좋아,생활가전,,"다이슨 V7, V8청소기에 호환되는 헤파 필터에요
미사용 새제품입니다. 
필터 교체 시기가 다가왔다면 새 필터로 교체해보세요
깨끗한 공기를 마시며 청소할 수 있어요
청소기 성능 유지에 꼭 필요한 부품이랍니다",5000
청소기,다이슨 청소기,다이슨청소기 헤드,거래중,"8,000원",신천동,2026-08-02,2,6,394,42℃,행복,생활가전,,"다이슨 청소기용 헤드예요
사진에서 보이는 것처럼 구성품은 헤드 하나입니다
",8000
청소기,다이슨 청소기,다이슨 V7 V8 V10 V11 V12 청소기 흡입구 세트,거래중,"12,000원",신천동,2026-08-09,0,6,265,99℃,마이크다이슨,생활가전,,,12000
청소기,다이슨 청소기,다이슨 청소기 연결 연장 부품,거래중,"5,000원",풍납동,2026-05-03,0,6,199,57.6℃,풍풍이,생활가전,,"미사용 정품입니다
개당 5천원",5000
청소기,다이슨 청소기,다이슨 V10 싸이클론앱솔루트 무선청소기 (SV12) 정상작동/정품충전기 포함,거래중,"120,000원",신천동,2026-08-31,0,2,11,38.5℃,호수수달요정,,,,120000
청소기,다이슨 청소기,"다이슨 V7 무선 청소기 팝니다, (거치대, 충전기 포함)",거래중,"50,000원",신천동,2026-08-30,0,3,116,47.1℃,김탁구,생활가전,,,50000
청소기,다이슨 청소기,다이슨 청소기(☆부품용),거래중,"50,000원",신천동,2026-08-31,0,2,28,99℃,편하게문자주세요,생활가전,,"본체는 불량입니다.
밧데리를 새것으로 바꿔도 작동이 안됩니다.
'윙~' 소리만 나고 흡입을 못합니다.
밧데리 볼트를 무리하게 돌려 흠집이 났습니다.
이것 저것 부품용으로 쓰셔야합니다.
방전된 밧데리 2개와
브러쉬 2개 입니다.
☆ 올린 글과 사진을 잘 보시고
     연락주십시요.
☆ 반품 안됩니다.

",50000
청소기,다이슨 청소기,깨끗하게 세척한 다이슨 무선 청소기 V10 롱버전 풀세트(90분 연속동작),거래중,"165,000원",신천동,2026-07-02,4,17,1391,73.8℃,산수자명,생활가전,,,165000
청소기,다이슨 청소기,다이슨 V10 모터헤드 청소기,거래중,"200,000원",가락1동,2025-08-31,8,13,702,99℃,보석상자,생활가전,송파역 부근에서 직거래 합니다,"다이슨 Cyclone V10 Motorhead 무선 청소기입니다.
상태나 구성품은 사진 참고.
구성품은 다음과 같습니다:
- 본체
- 충전 거치대
- 다양한 노즐 (사진 참고)
- 충전기
송파역 부근에서 직거래 합니다
자차이용시 가락1동 주민센터 주차장입니다",200000
청소기,다이슨 청소기,다이슨 V7 모터헤드 엑스트라 무선 청소기,거래중,"80,000원",신천동,2026-08-17,1,7,309,99℃,이로마,생활가전,,"다이슨 V7 모터헤드 엑스트라 무선 청소기 판매해요
배터리 15분 정도 연속 사용 가능합니다
소프트롤러 이상 없습니다
깨지거나 파손 없습니다
사진에 보이는 구성품 모두 포함되어 있어요
강력한 흡입력으로 집안 구석구석 깨끗하게 청소할 수 있어요
",80000
청소기,다이슨 청소기,다이슨 무선청소기 거치대 스탠드,거래중,"10,000원",신천동,2026-08-31,0,0,16,43℃,물병자리,생활가전,,"다이슨 무선청소기 거치대 스탠드입니다
충전기와 거치대가 일체형으로 깔끔하게 보관할 수 있어요
사진충전기는 고장이라 못드리고
거치대만 판매합니다",10000
청소기,다이슨 청소기,다이슨 V7 Fluffy 청소기 봉,거래중,"15,000원",신천동,2026-08-24,0,2,78,99℃,띠니,생활가전,,"다이슨 V7 Fluffy 청소기 봉
정품요
V7 V8 V10 V11 호환되요
내부 청소 완료했어요",15000
청소기,다이슨 청소기,다이슨v8 청소기 거치대 및 전원,거래중,"20,000원",송파동,2026-03-04,5,4,273,46.3℃,모젤,생활가전,,"다이슨 무선 청소기 거치대 및 전원
- 블랙 색상입니다
- 공간 효율성을 높여줍니다
- 깔끔하게 정리할 수 있습니다
약간의 사용감은 있지만, 전반적으로 깨끗합니다",20000
청소기,다이슨 청소기,다이슨 청소기 키트 새제품,거래중,"50,000원",신천동,2026-08-09,0,3,,,,,,,50000
청소기,다이슨 청소기,다이슨청소기 물받이 송파,거래중,"1,000원",오금동,2025-08-31,0,0,71,64.2℃,선아,생활가전,가락대림아파트,,1000
청소기,다이슨 청소기,다이슨 청소기 부품 용도를 모름니다,거래중,"10,000원",풍납1동,2025-11-04,1,7,593,85.5℃,leeeeeeee,생활가전,,"다이슨 청소기 부품입니다
- 호스, 거치대 등 사진에 보이는 구성품으로 되어 있습니다",10000
청소기,다이슨 청소기,다이슨 V10 앱솔루트 무선청소기 풀세트,거래중,"150,000원",가락1동,2026-08-01,1,4,196,99℃,보석상자,생활가전,송파역 부근에서 직거래 합니다,"다이슨 V10 앱솔루트 무선청소기 풀세트 판매해요.완충시 약 30분 사용 가능
사진에 보이는 구성품 모두 포함되어 있어요
다양한 브러쉬와 액세서리로 집안 구석구석 깔끔하게 청소할 수 있어요
강력한 흡입력으로 먼지 걱정 없이 깨끗한 환경을 유지해보세요
상태는 사진으로 대신합니다
송파역 부근에서 직거래 합니다
자차이용시 가락1동 주민센터 주차장입니다",150000
청소기,다이슨 청소기,다이슨 V8 무선청소기 본체+구성품,거래중,"130,000원",신천동,2026-07-02,4,9,926,40.3℃,명품창고,생활가전,,"다이슨 V8 무선청소기 본체와 다양한 구성품을 함께 드려요
사진에서 보이는 모든 구성품 포함되어 있습니다
다양한 청소 환경에 맞춰 활용하기 좋아요
집안 구석구석 깔끔하게 청소하고 싶으신 분들께 추천드려요 밧데리 교체한지 얼마안됩니다",130000
청소기,다이슨 청소기,다이슨 청소기 브러쉬 툴 세트 ㅡ새제픔,거래중,"6,000원",신천동,2026-08-24,1,3,48,99℃,턱별시시민,생활가전,,"다이슨 청소기 브러쉬 툴 세트예요
사진에 보이는 구성품 그대로 드려요
다양한 틈새와 표면 청소에 유용하게 사용하실 수 있어요
청소 효율을 높여줄 아이템이랍니다",6000
청소기,다이슨 청소기,다이슨 싸이클론 V10,거래중,"180,000원",가락1동,2025-08-31,5,16,1347,99℃,보석상자,생활가전,송파역 부근에서 직거래 합니다,"다이슨 싸이클론 V10 무선 청소기 
상태는 사진으로 대신합니다
보시는 것처럼 충전 거치대와 다양한 흡입구 포함입니다.
둘은 사진에 보이는 것이 전부임
외관에 사용감은 좀 있지만, 작동은 잘 됩니다~튜브봉 거치대는 망가짐
송파역 부근에서 직거래 합니다
자차이용시 가락1동 주민센터 주차장입니다",180000
청소기,다이슨 청소기,허리디스크로 다이슨 물청소기팝니다 송파,예약중,"210,000원",삼전동,2026-02-02,1,2,150,36.5℃,Peace,생활가전,,"허리디스크로 로봇청소기로 교체해서 해당제품팝니다.
24년 9월 구입했으며 자주 쓰지 않았어요.
제가 허리문제로 이동불편하니 직접 오셔서 가져가실 분만 연락주세요.

다이슨 워시 G1 물걸레 무선 청소기입니다
- 바닥에 놓고 충전하는 방식입니다
- 물통이 포함되어 있습니다
- 새 제품롤러 브러쉬 포함
- 구입가.879,9000

",210000
청소기,다이슨 청소기,다이슨 V11 V12 V15 Dok K9 청소기 노 스테이션 브러시 스탠드 브래킷(새제품)저렴하게 드립니다~,예약중,"15,000원",송파동,2026-03-04,1,5,118,99℃,애니,생활가전,,"안녕하세요?
다이슨 V11 V12 V15 Dok K9 용 진공 청소기 노즐 베이스 스테이션 브러시 스탠드 홀더 보관 브래킷 입니다~
구입후 사용하지 않은 미사용 새제품 입니다^^~",15000
청소기,다이슨 청소기,다이슨 V8 카펫 헤드.엉킴바지 헤드,거래중,"25,000원",신천동,2026-08-24,0,6,138,89.4℃,상남대동,생활가전,,"다이슨 V8 무선 청소기용 카펫 헤드

먼지 엉킴 방지 기능이 있어서 깔끔하게 청소할 수 있어요~♡
일반적으로 판매되는 카펫헤드롤러는
엉김방지 기능은 없지만....이 제품은
롤러 옆으로 엉킴방지 슬롯이 여러개
있어서 머리카락이나 강아지털 같은걸 효과적으로 롤러에서 분리해서 청소기로 빨아당깁니다~♡

사용감은 조금 있지만....
기능상 아무런 문제가 없고 상태는
사진과 같이 양호합니다~♡
싸게 올려드리니....
빨리 가져가시는분이 임자입니다 ~♡
",25000
청소기,다이슨 청소기,다이슨 Gen5detect 무선 청소기 경남 양산시,거래중,"750,000원",신천동,2026-08-01,3,8,190,48.9℃,금나와라뚝딱,생활가전,,"다이슨 Gen5detect 무선 청소기 판매해요
280AW의 강력한 흡입력과 135,000rpm 모터로 먼지, 바이러스까지 잡아줘요
헤파 필터레이션으로 0.1마이크로미터 먼지까지 99.99% 포집하여 깨끗한 공기를 유지해요
최대 70분 사용 가능하며, 다양한 구성품으로 활용도가 높아요.  새상품이고
박스채로보관중입니다. 100만원 넘는 최상급청소기입니다.   현금가는 에눌가능합니다",750000
청소기,다이슨 청소기,다이슨 V8 무선 청소기 본체만 판매,거래중,"45,000원",신천동,2026-08-10,0,21,1803,83.3℃,욘쿄4889,생활가전,,"다이슨 V8 무선 청소기  본체만 판매


배터리  방전상태  교체하셔서  사용하셔야해요

",45000
청소기,다이슨 청소기,다이슨 v15 청소기 거치대 미사용 새제품,거래중,"7,000원",신천동,2026-08-30,0,2,51,52℃,흰색당근,생활가전,,"다이슨 청소기 거치대 미사용 새제품이에요
정품이라 튼튼하고 좋아요
사진에서 보시는 것처럼 깨끗한 상태 그대로 보관 중이에요
다이슨 청소기 사용하시는 분이라면 유용하게 사용하실 수 있을 거예요",7000
청소기,다이슨 청소기,다이슨 무선청소기,거래중,"99,000원",신천동,2026-04-03,1,1,474,46.4℃,사랑,생활가전,직거래는 의정부 송산2동 호반베르디운 2차,"다이슨 무선청소기 판매합니다

흡입력 좋습니다. 
상단부분 깨진부분 있는데 사용시 아무문제 없습니다~ 생활기스 있습니다~
밧데리 6개월전에 갈았습니다

직거래는 의정부 송산2동 호반베르디운 2차
",99000
청소기,다이슨 청소기,다이슨 V10 청소기 먼지통 러너,거래중,"5,000원",신천동,2026-08-13,0,2,233,79.2℃,ryussang,생활가전,,"안녕하세요, 다이슨 V10 청소기 먼지통 러너입니다
먼지통 청소 시 분리되는 부분을 교체하실 수 있어요
이 부품 하나로 청소기의 성능을 유지해보세요
먼지통이 헐거워져 불편하셨던 분들께 추천드려요",5000
청소기,다이슨 청소기,다이슨 V6 모터헤드 퍼플 무선청소기,거래중,"80,000원",신천동,2026-07-02,1,9,460,49.3℃,천지인간,생활가전,,"다이슨 V6 모터헤드 퍼플 무선청소기 & 거피대 포함 판매해요
사진에 보이는 구성품 그대로 드려요
강력한 흡입력으로 집안 구석구석 깨끗하게 청소할 수 있어요
서브 청소기 찾는 분들께 추천드려요
사용감은 있지만 아직 베터리도 쓸만하고 얼마전에 필터 교환했습니다 남은 필터 4개도 같이 드립니다 거치대 및 부속품까지 포함입니다.",80000
청소기,다이슨 청소기,다이슨 청소기 V8 V10 V11 카펫청소 바닥슬 (새상품),거래중,"50,000원",신천동,2025-10-05,3,10,438,50.9℃,머제스틱,생활가전,,,50000
청소기,다이슨 청소기,다이슨 무선 청소기 본체,거래중,"40,000원",신천동,2026-08-01,5,5,1495,42.6℃,삼삼,생활가전,,"다이슨  무선 청소기 본체입니다
사진에서 보이는 구성품 그대로 보내드려요
강력한 흡입력으로 집안 구석구석 깨끗하게 청소할 수 있어요
자주 사용하는 청소기, 깔끔한 디자인으로 인테리어 효과까지 더해보세요",40000
청소기,다이슨 청소기,다이슨 청소기 브러쉬 툴,거래중,"10,000원",신천동,2026-08-01,0,0,81,50.5℃,고구마탕,생활가전,,"다이슨 청소기용 브러쉬 툴이에요
사진 속 구성품 그대로 보내드려요
다양한 틈새 청소에 유용하게 사용하실 수 있어요
먼지 쌓이기 쉬운 곳을 깔끔하게 관리해보세요",10000
청소기,다이슨 청소기,다이슨 v12슬림 세척 롤러 헤드,거래중,"72,000원",신천동,2026-07-02,0,0,127,61℃,Nova,생활가전,,"다이슨 모델에 호환되는 물걸레 헤드예요
청소기 흡입력과 함께 물걸레 청소까지 가능해서 더욱 깔끔하게 청소할 수 있어요
사진에서 보이는 것처럼 구성품 모두 새것처럼 깨끗하게 보관되어 있어요
바닥 청소를 더욱 편리하고 효과적으로 하고 싶으신 분들께 추천드려요

새상품
박스없음 미사용
* 배송 중 발생한 파손 및 분실은 책임지지 않습니다
* 중고거래 특성상 교환 및 환불은 불가능합니다",72000
청소기,다이슨 청소기,다이슨 v11 거치대,거래중,"10,000원",신천동,2026-08-30,0,1,46,68.1℃,지나가눈행인,생활가전,,"다이슨 청소기 v11 거치대 판매해요
사진에 보이는 구성품 그대로 드려요
깔끔한 디자인으로 인테리어 효과도 있어요
청소기 보관 및 충전이 편리해요",10000
청소기,다이슨 청소기,다이슨 무선 청소기 4대 부품용,거래중,"100,000원",풍납동,2026-07-02,3,12,1505,80.1℃,빈스빈티지,생활가전,,"다이슨 무선 청소기 4대 본체와 다양한 구성품을 함께 드려요
사진에서 보이는 모든 부속품 포함되어 있습니다
다양한 청소 환경에 맞춰 활용하기 좋아요
집안 구석구석 깔끔하게 청소하고 싶으신 분들께 추천드려요
밧데리 교환하면 사용할수 있는 제품들입니다 
질문 안받아요 그냥 4대 부품용으로 가져가일분만 쳇주세요
고장난게 아니고 밧데리 방전입니다.",100000
청소기,다이슨 청소기,다이슨 SV10 무선 청소기 본체,거래중,"50,000원",풍납동,2026-08-08,1,11,1003,64.3℃,당근816,생활가전,,"다이슨 SV10 무선 청소기 본체입니다
사진에서 보이는 그대로의 제품이에요
배터리 상태는 중하급이에요.",50000
청소기,다이슨 청소기,다이슨 무선 청소기 정품 미니 모터 헤드(V7- V11용),거래중,"8,000원",풍납동,2026-08-24,0,2,124,75℃,벽산,생활가전,,,8000
청소기,다이슨 청소기,다이슨 무선청소기 전원 아답터,거래중,"20,000원",풍납동,2026-08-28,0,3,79,99℃,비머코드,기타 중고물품,,"다이슨 정품 전원 아답터 V6 V7 V8
제품 이상 없습니다",20000
청소기,다이슨 청소기,다이슨 V12s서브마린 물걸레 청소기 헤드,거래중,"41,000원",풍납동,2026-08-11,1,14,309,47.4℃,비가비가,생활가전,,"다이슨 서브마린 물걸레 청소기 헤드 판매해요
사진에서 보이는 그대로 구성품입니다
물걸레 청소 기능이 있는 헤드로 바닥을 깨끗하게 관리할 수 있어요
바닥 청소를 더욱 편리하게 하고 싶으신 분들께 추천드려요",41000
청소기,다이슨 청소기,다이슨 미니 모터 헤드 판매합니다.,거래중,"20,000원",풍납동,2026-07-02,0,4,79,51.7℃,집정리중,생활가전,,"다이슨 청소기 미니 모터 헤드예요
사진에서 보이는 것처럼 구성품은 헤드 하나입니다
침구류나 좁은 공간 청소에 유용하게 사용하실 수 있어요",20000
청소기,다이슨 청소기,다이슨 청소기 툴 일괄 미사용,거래중,"14,500원",풍납동,2026-05-03,1,8,380,77.7℃,신중구매ok반품환불높,생활가전,,"v11에 있던 툴입니다
모두 미사용제품입니다
필요하시면 챗주세요
비대면이나 택배거래만합니다",14500
청소기,다이슨 청소기,[새상품] 다이슨 청소기 호스 (연장관 세트) V7 V8 V10 V11 V12 V15,거래중,"5,000원",풍납동,2026-08-24,0,5,54,52.2℃,꽃송이,생활가전,,,5000
청소기,다이슨 청소기,다이슨 V6 충전 거치대,거래중,"8,000원",풍납동,2026-08-26,0,3,56,76.3℃,하수구제왕,생활가전,,"다이슨 V6 충전 거치대입니다
사진에 보이는 구성품 그대로 드려요
깔끔한 디자인으로 인테리어 효과도 있어요
다이슨 청소기 사용하시는 분들께 유용한 아이템이에요",8000
청소기,다이슨 청소기,다이슨 청소기 정품 충전기 64506-06,거래중,"20,000원",풍납동,2026-08-30,0,0,69,58.2℃,보름달이,생활가전,상인3동에서 직거래가능,"다이슨 청소기 정품 충전기 


▪︎모델명 : 64506-06

▪︎ ​출력 전압 : 26.10V

​▪︎ 브이6   브이7  브이8  모델 호환



🚫 구매 전 사용하시는 청소기의 
      전압(26.10볼트)을 확인해 주세요.


상인3동에서 직거래가능 ",20000
청소기,다이슨 청소기,다이슨 청소기 툴 거치 홀더,거래중,"10,000원",풍납동,2026-08-14,0,2,49,52℃,냠냠,생활가전,,"두개 일괄 판매
다이슨 V7 V8 V10 V11 V15 모델에 사용가능 

새제품이에요 
제가 쓰는 청소기 모델에 맞지않아 싸게 팝니다
ㅜㅜ",10000
청소기,다이슨 청소기,"다이슨무선청소기 v11메인바디 ,버튼탈착형",거래중,"105,000원",풍납동,2026-08-24,0,5,,,,,,,105000
청소기,다이슨 청소기,다이슨 V10 청소기 액세서리 새것 풀세트,거래중,"40,000원",풍납동,2026-07-02,1,19,956,44.6℃,dudu1226,생활가전,,,40000
청소기,다이슨 청소기,다이슨 V11 퍼플 무선 청소기 본체,거래중,"160,000원",풍납동,2026-08-21,0,15,471,55.7℃,좋은물건저렴히팔아요,생활가전,,"다이슨 V11 퍼플 색상 무선 청소기 본체예요
사진에서 보이는 것처럼 구성품은 본체만 있어요
강력한 흡입력으로 집안 구석구석 깨끗하게 청소할 수 있어요
자주 사용하지 않아 깨끗하게 보관해두었어요
청소하기 힘든 곳까지 시원하게 닦아낼 수 있는 청소기랍니다
내용은 AI가작성해서틀릴수있구요 사진상 보이는그대로보내드립니다  예민하신분 패스해주시고 신중히결정하세요
반품.환불.안됩니다.
중고입니다 새것같은 물건 찾으시는분 새것구매하세요 이상한 소리하지마시고요
네고문의 답안합니다  금액은 알아서 내림니다
카메라랑교환도가능합니다 추가금도드리고요 안쓰시는 디카.필림카메라 됩니다 문의주세요",160000
청소기,다이슨 청소기,다이슨 청소기,거래중,"180,000원",풍납동,2026-07-02,1,5,661,71.2℃,검둥강아지,생활가전,,"사진4장넘겨보시고 신중하게 구매하세요
로봇청소기가있어 사용하지않아 올립니다
단 밧데리는 갈으셔야 합니다
거치대는 비싸게 따로구입한겁니다  사진구성품 보이는것 다드리겠습니다


가지러 오셔야합니다",180000
청소기,다이슨 청소기,다이슨 청소기 거치대,거래완료,"20,000원",위례동,2026-05-04,1,0,79,52.3℃,다크호스,생활가전,,"다이슨 무선 청소기 거치대입니다
충전기는 정품이고 v8에 쓰던건데 다른 모델과도 호환되는 걸로 알고 있습니다",20000
청소기,다이슨 청소기,다이슨 유선 청소기(작동 잘됨),거래중,"80,000원",풍납동,2026-07-02,3,22,1362,45.7℃,캐롯,생활가전,,"다이슨  유선 청소기 판매해요
강력한 흡입력으로 먼지 하나 없이 깨끗하게 청소할 수 있어요
사진에 보이는 구성품 그대로 드려요
집안 구석구석 놓치지 않고 청소하고 싶으신 분들께 추천드려요",80000
청소기,다이슨 청소기,다이슨 청소기 툴 새제품,거래중,"40,000원",풍납동,2026-04-03,3,4,876,58.9℃,궁디뽀송,기타 중고물품,,"미사용 새제품 /
다이슨 v12 디텍트 슬림 서브마린 툴이고 다이슨청소기
다른 시리즈 전부 호환됩니다",40000
청소기,다이슨 청소기,다이슨 V12 안티탱글 헤어 스크류 모터헤드 새상품,거래중,"46,000원",풍납동,2026-08-01,0,2,117,47.5℃,좋은거래해요,생활가전,,,46000
청소기,다이슨 청소기,다이슨무선청소기 V7. V8. V10 정품 소프트롤러헤드 판매,거래중,"39,000원",풍납동,2026-08-04,2,12,719,62.6℃,논현동,생활가전,,,39000
청소기,다이슨 청소기,다이슨 정품 청소기 헤드 툴 세트,거래중,"5,000원",풍납동,2026-07-02,3,1,455,69.5℃,행복,생활가전,,"(새상품)다이슨 정품 청소기 헤드 툴 세트입니다. 메인 카펫용헤드와 틈새, 브러쉬 툴 등 다양한 구성품이 포함되어 있어 활용도가 높아요. 사진으로 꼼꼼히 확인해보세요. 청소 효율을 높여줄 아이템을 찾으시는 분들께 추천드려요.

1번  45,000원
2번 ~4번 각 5,000원

바로구매후  번호를 말씀해주세요.
반값택배도 가능합니다.",5000
청소기,다이슨 청소기,부품용 다이슨 무선 청소기 V8(10분 연속동작)-개별판매,거래중,"45,321원",풍납동,2026-08-01,1,7,1300,73.8℃,산수자명,생활가전,,,45321
청소기,다이슨 청소기,다이슨 v6청소기 연장봉,거래중,"20,000원",풍납동,2026-08-20,0,1,78,54.8℃,쥐방울,생활가전,,"다이슨 청소기 연장관 판매해요
사진에 보이는 제품 그대로 보내드려요
청소기 사용에 필요한 연장관입니다
다이슨 청소기 사용하시는 분들께 추천드려요
새제품입니다.
정품아닙니다",20000
청소기,다이슨 청소기,다이슨 펫 그루밍 키트,거래중,"32,000원",풍납동,2026-08-11,3,50,1991,48.2℃,아나바다,뷰티/미용,,"반려동물 털 관리를 위한 다이슨 펫 그루밍 키트예요 정품입니다^^
다이슨 청소기와 호환되어 반려동물의 털을 효과적으로 제거할 수 있어요
구성품 모두 사진으로 확인 가능합니다",32000
청소기,다이슨 청소기,다이슨 청소기 먼지통,거래중,"18,000원",풍납동,2026-08-01,1,13,272,37.2℃,얼라방스,생활가전,,"다이슨 청소기 먼지통이에요
사진에서 보이는 것처럼 깨끗하게 사용했어요
먼지통 교체하실 분에게 좋은 기회일 거예요
청소 효율을 높여줄 먼지통입니다
새제품 입니다
20000원",18000
청소기,다이슨 청소기,다이슨 V6 전용 카페트모터헤드 판매합니다,거래중,"25,000원",풍납동,2026-08-28,0,0,42,62.6℃,논현동,생활가전,,,25000
청소기,다이슨 청소기,다이슨 청소기 카펫 롤러 헤드,거래중,"25,000원",풍납동,2026-08-07,0,2,128,64.3℃,당근816,생활가전,,"다이슨 청소기 카펫 롤러 헤드예요
사진에서 보이는 것처럼 구성품은 헤드와 연장관입니다
카펫 청소에 특화된 헤드로 먼지 흡입력이 뛰어나요
바닥 먼지까지 깔끔하게 제거하고 싶으신 분들께 추천드려요",25000
청소기,다이슨 청소기,다이슨 서브마린 물걸레 청소기 헤드,거래중,"50,000원",풍납동,2026-08-01,0,13,242,55.7℃,좋은물건저렴히팔아요,생활가전,,"다이슨 무선 청소기용 서브마린 물걸레 청소기 헤드예요
바닥 물걸레 청소를 간편하게 할 수 있어요
사진에서 보이는 것처럼 구성품 모두 포함되어 있어요
물걸레 청소의 신세계를 경험해보세요
네고문의 답안합니다  금액은 알아서 내림니다
반품.환불.안됩니다.",50000
청소기,다이슨 청소기,《새제품 》다이슨무선청소기 v8 호환배터리4800mah,거래중,"39,000원",풍납동,2026-08-29,1,5,83,97.3℃,송별서,생활가전,,,39000
청소기,다이슨 청소기,다이슨 DC62 무선 청소기 판매합니다,거래중,"30,000원",풍납동,2026-07-02,2,1,553,70.9℃,ssm,생활가전,,"다이슨 DC62 무선 청소기는 강력한 흡입력으로 집안 곳곳을 깨끗하게 청소할 수 있어요. 가벼운 무게로 사용할수있어서 좋습니다
생활기스 있습니다
충전기,헤드 없습니다
배터리 일반 모드로 12~15분정도 사용가능 합니다
반품 사양 합니다",30000
청소기,다이슨 청소기,다이슨 DC32 터빈헤드 청소기,거래중,"150,000원",풍납동,2026-08-06,0,1,85,37.1℃,홍빈이네,생활가전,,"다이슨 DC32 터빈헤드 청소기입니다
사진에서 보이는 구성품 그대로 드려요
강력한 흡입력으로 집안 구석구석 깨끗하게 청소할 수 있어요
먼지 날림 없이 깔끔하게 청소하고 싶으신 분들께 추천드려요",150000
청소기,다이슨 청소기,다이슨 서브마린 물걸레 헤드(v15s),거래중,"40,000원",풍납동,2026-08-19,0,2,63,45.9℃,리틀껀,생활가전,,"다이슨 청소기용 (v15s디렉트)서브마린 물걸레 헤드예요
미사용 입니다만 커버에 기스는 있어요",40000
청소기,다이슨 청소기,다이슨 청소기 툴 세트,거래중,"7,000원",풍납동,2026-07-02,0,9,196,97.9℃,써니써니,생활가전,,"다이슨 청소기 툴 세트 판매해요
사진에 보이는 구성입니다

다양한 틈새와 공간 청소에 
유용하게 사용하실 수 있어요~~
",7000
청소기,다이슨 청소기,다이슨 연장관 옐로우,거래중,"9,000원",풍납동,2026-08-02,1,6,146,75.5℃,당그은,생활가전,,"다이슨 청소기 연장관 옐로우 색상이에요
사진에서 보이는 것처럼 깔끔한 상태를 유지하고 있어요
다이슨 청소기 사용하시는 분들께 유용한 아이템이 될 거예요
",9000
청소기,다이슨 청소기,다이슨청소기 카펫롤러,거래중,"23,000원",풍납동,2026-08-01,0,2,138,71.4℃,나요섭,생활가전,,"카펫롤러
깔끔하고 
작동 잘됩니다
V8 V10 V11
호화됩니다",23000
청소기,다이슨 청소기,다이슨 청소기 액세서리 파우치,거래중,"18,000원",풍납동,2026-06-02,0,0,124,55.4℃,약속,생활가전,,"다이슨 청소기 액세서리 수납 파우치예요
둥근 모양으로 휴대하기 좋아요
사진에서 보이는 구성품 그대로 드려요
다이슨 청소기 사용하시는 분들께 유용한 아이템이에요",18000
청소기,다이슨 청소기,다이슨 청소기 액세서리 (새상품),거래중,"15,000원",풍납동,2026-08-01,0,1,253,50.5℃,고구마탕,생활가전,,"다이슨 청소기용 액세서리입니다
사진에 보이는 구성품 그대로 보내드려요
다이슨 청소기 사용하시는 분들께 유용한 아이템이에요",15000
청소기,다이슨 청소기,다이슨 무선 청소기,거래중,"80,000원",풍납동,2026-09-01,0,1,33,99℃,단계,생활가전,,"다이슨 무선 청소기.  충전 베터리 외관 기능 모두 양호하고 깔끔 합니다 
구성품은 사진 참고 하시기 바랍니다 ",80000
청소기,다이슨 청소기,다이슨 V7 플러피 무선 청소기 (거치대+부속품포함) 5만,거래중,"50,000원",풍납동,2026-09-01,0,4,197,58℃,볼탱,생활가전,,,50000
청소기,다이슨 청소기,다이슨 V6무선 청소기 (배터리팩 포함)강아지용으로쓴거 청소기냄새남,거래중,"34,000원",방이동,2026-08-26,1,1,127,43.8℃,쿠치,생활가전,,"다이슨 무선 청소기입니다. 배터리팩 포함되어 있으며, 사진에서 보시는 구성품 그대로 드려요. 강력한 흡입력으로 집안 구석구석 깨끗하게 청소할 수 있어요. 깔끔한 청소를 원하시는 분들께 추천드려요

(강아지털청소목적쓴거라 애견애묘인들이구매하시면좋을듯해서 세척해서쓰시면 냄새는좀덜하겠지만 예민하신분은구매피해주세여)",34000
청소기,다이슨 청소기,다이슨 SV18 퍼플 무선청소기 + 거치대 세트,거래중,"180,000원",풍납동,2026-09-01,1,6,65,61.2℃,쩡알,생활가전,,,180000
청소기,다이슨 청소기,다이슨 V7 무선청소기 세척완료 밧데리0,거래중,"70,000원",풍납동,2026-09-01,0,2,45,77.9℃,그래도,생활가전,,"다이슨 V7 무선청소기입니다

정상작동하고 세척 완료해논 
다이슨 V7 무선 청소기 정리합니다
악세사리는 사진에보이는것.밖에없습니다
구성품
본체, 거치대 ,어뎁터 액세서리.1개 입니다
밧데리는 15분 20분정도 갑니다

강력한 흡입력으로 집안 구석구석 깨끗하게 청소할 수 있어요

자주 사용하지 않아 깨끗하게 보관해두었어요",70000
청소기,다이슨 청소기,새상품 43만원 📢 다이슨 펜슬백 플러피콘 청소기 올려요,거래중,"430,000원",풍납동,2026-09-01,0,3,51,37.2℃,야옹,생활/주방,,,430000
청소기,다이슨 청소기,다이슨 V8 s25 청소기 미개봉 새상품,거래중,"220,000원",풍납동,2026-08-30,1,4,173,36.6℃,1년차직장인,기타 중고물품,,"다이슨 V8 청소기 미개봉 새상품이에요

박스에 담겨있어 선물용으로도 좋아요
강력한 흡입력으로 집안 구석구석 깨끗하게 청소해보세요",220000
청소기,다이슨 청소기,다이슨 v7무선 청소기 본체,거래중,"35,000원",풍납동,2026-09-01,0,3,127,38.8℃,땅골,생활가전,,"다이슨 무선 청소기 본체예요
사진에서 보이는 구성품 
배터리는 일반 18분가능
정상작동합니다 ",35000
청소기,다이슨 청소기,다이슨 무선 청소기 거치대 화이트 새제품,거래중,"50,000원",풍납동,2026-09-01,0,0,5,50.1℃,나수,생활가전,,"다이슨 무선 청소기 거치대입니다 미사용입니다
사진에 보이는 구성품 모두 포함되어 있어요
깔끔한 화이트 색상으로 어떤 인테리어에도 잘 어울려요
청소기 정리와 충전을 동시에 할 수 있어 편리합니다",50000
청소기,다이슨 청소기,다이슨 무선청소기 싸이클론 V10 레드,거래중,"190,000원",풍납동,2026-08-26,1,3,192,40.4℃,짐줄이기프로젝트,생활/주방,,"다이슨 무선청소기 싸이클론 V10 레드 447796-01

카테고리 : 생활가전
제품 유형 : 무선청소기
모델명 : 싸이클론 V10
색상 : 레드
제품번호 : 447796-01

상태
- 외관 결과 문제없음
- 전체적으로 깨끗함
- 단계별 흡입 기능 정상
- 충전 기능 정상",190000
청소기,다이슨 청소기,다이슨 V8 무선청소기 본체 및 구성품+거치대,거래중,"130,000원",풍납동,2026-09-01,0,0,56,64.9℃,엘샤,생활가전,,,130000
청소기,다이슨 청소기,다이슨 청소기용 헤드 대처분 송파,거래중,"30,000원",삼전동,2026-04-04,0,6,213,48.1℃,스마,생활가전,,"1번 : V10용 풀사이즈 모터헤드 (개당 5만원, 2개 보유)
* 사진과는 달리 실제 헤드의 메인 컬러는 보라색이기 때문에 이 점 각별히 유의해주시길 바랍니다. - 이게 어떻게 찍어도 자꾸 파란색으로 나와서;;;

2번 : V7용 풀사이즈 플러피 헤드 (3만원, 1개 보유)
헤드 뒤쪽은 보조 롤러 브러쉬 없이 바퀴로만 되어있으며 앞쪽 부분이 사진과 같이 그리 깨끗하진 않은 상태라 저렴하게 넘깁니다.

3번 : 구형 미니 모터헤드 (개당 2만원, 4개 보유)
요새 나오는 엉킴 방지 브러쉬가 달린 신형 미니 모터헤드가 아닌 구형 미니 모터헤드입니다!

1,2,3번은 커넥터가 전부 같으며 제가 알기로는 V7, V8, V10, V11, V15까지는 확실하게 호환 가능합니다.


4번 : 옛날 모델용 미니 모터헤드 (개당 1만원, 2개 보유)
청소기 커넥터가 요즘 나오는 빨간색이 아니라 ‘회색으로’ 되어있는 옛날 모델에만(DC** 등) 호환됩니다.


삼전초등학교 인근에서 전달 가능하며 상세 주소는 거래 일정이 확정되면 전달 드립니다~",30000
청소기,다이슨 청소기,다이슨 카펫 롤러 헤드 정품,거래중,"35,000원",풍납동,2026-08-29,0,2,34,58.7℃,메카닉님,뷰티/미용,,"다이슨 청소기 카펫 롤러 헤드예요
사진에서 보이는 것처럼 깨끗하게 보관되어 있어요
카펫 먼지 제거에 탁월한 성능을 보여준답니다
카펫 위 먼지 청소 고민이신 분들께 추천드려요",35000
청소기,다이슨 청소기,다이슨 무선청소기 부속 툴 세트 새제품 같아요,거래중,"50,000원",풍납1동,2026-08-03,0,1,78,85.5℃,leeeeeeee,생활가전,,"다이슨 무선청소기 정품 부속 툴 세트예요
다양한 청소 환경에 맞춰 사용할 수 있는 구성품들로 준비했어요
사진에서 보이는 모든 구성품 포함되어 있어요
다이슨 청소기 활용도를 높여줄 좋은 기회 놓치지 마세요",50000
청소기,다이슨 청소기,다이슨 배터리팩,거래중,"80,000원",풍납동,2026-09-01,0,1,,,,,,,80000
청소기,다이슨 청소기,다이슨 청소기 액세서리 툴 세트,거래중,"40,000원",풍납동,2026-09-01,0,1,28,49℃,소담,생활가전,,"다이슨 청소기 액세서리 툴 세트에요
다양한 청소 환경에 맞춰 사용할 수 있는 구성품들로 준비했어요
사진에서 보이는 모든 구성품 포함되어 있어요
새 제품 가격보다 훨씬 저렴하게 가져가세요
구석구석 놓치는 곳 없이 깨끗하게 청소하고 싶으신 분들께 추천드려요
보관만한 새것입니다",40000
청소기,다이슨 청소기,다이슨 멀티 스탠드형 충전 거치대(정품),거래중,"100,000원",풍납동,2026-08-02,1,14,602,41.5℃,동명이,생활가전,,"다이슨 멀티 스탠드형 충전 거치대 판매해요.
청소기 샀는데 기존 거치대가 있어 판매합니다.
사진에 보이는 구성품 그대로 드려요.
콤비네이션 툴, 크레비스툴, 헤어스크류툴과
스탠드와 충전기 그리고 벽걸이형 충전기거치대입니다.


",100000
청소기,다이슨 청소기,다이슨 무선 청소기 브러쉬,거래중,"18,000원",풍납동,2026-08-02,0,2,583,50.5℃,고구마탕,생활가전,,"다이슨 무선 청소기 
사진 속 구성품 모두 보내드려요
집안 구석구석 깨끗하게 청소하고 싶으신 분들께 추천드려요",18000
청소기,다이슨 청소기,다이슨 무선청소기 거치대 스탠드,거래중,"30,000원",풍납동,2026-09-01,0,1,21,37.6℃,찐요,생활가전,,"다이슨 무선청소기 거치대 스탠드입니다
사진에서 보시는 것처럼 깔끔하게 보관할 수 있어요
청소기 본체와 액세서리를 함께 정리하기 좋습니다
무선 청소기 사용하시는 분들에게 정말 유용한 아이템이에요",30000
청소기,다이슨 청소기,다이슨 360 Vis nav 로봇청소기 블루 거의 새상품,거래중,"400,000원",풍납동,2026-09-01,0,0,29,68.9℃,브라이언,생활/주방,,,400000
청소기,다이슨 청소기,다이슨 청소기(정품) 거치대 v6.v10.v11,거래중,"10,000원",풍납동,2026-08-25,0,7,207,68.1℃,6617,생활가전,,"다이슨 청소기 거치대  v6.v10.v11
큰놈.v6 작은놈 v10.11.
개당판매.",10000
청소기,다이슨 청소기,다이슨 청소기용 스탠드 거치대,거래중,"25,000원",풍납동,2026-09-01,0,0,22,77.4℃,코코링,,직거래 : 청량리역 5번출구(다른곳에서 불가),"V6 v7 v8 v10 v11 v12 v15 gen5 사용가능


직거래 : 청량리역 5번출구(다른곳에서 불가)",25000
청소기,다이슨 청소기,다이슨 청소기(☆부품용):SV12,거래중,"50,000원",풍납동,2026-09-01,0,9,199,99℃,편하게문자주세요,생활가전,,"모델명 SV 12 입니다.
본체는 불량입니다.
밧데리를 새것으로 바꿔도 작동이 안됩니다.
'윙~' 소리만 나고 흡입을 못합니다.
밧데리 볼트를 무리하게 돌려 흠집이 났습니다.
이것 저것 부품용으로 쓰셔야합니다.
방전된 밧데리 2개와
브러쉬 2개 입니다.
☆ 올린 글과 사진을 잘 보시고
     연락주십시요.
☆ 반품 안됩니다.

",50000
청소기,다이슨 청소기,다이슨 V6 청소기 배터리 정품 부품,거래중,"35,000원",풍납동,2026-08-29,1,5,80,52.4℃,전기,뷰티/미용,,"다이슨 V6 청소기 배터리 정품 부품
박스에 담겨있는 단순개봉 제품입니다
사진에서 보시는 것처럼 구성품 모두 포함되어 있어요
다이슨 제품 수리나 교체가 필요하신 분께 추천드려요",35000
청소기,다이슨 청소기,다이슨 카펫 롤러 헤드,거래중,"20,000원",풍납동,2026-08-20,1,7,231,43.3℃,뽕맨,생활가전,,"다이슨 청소기 카펫 롤러 헤드와 일반헤드예요
카펫 먼지 제거에 탁월한 성능을 보여줘요
사진처럼 깨끗하게 사용했어요
제가 쓸려고 얼마전 당근했는데 본체가 말썽이네요.
2가지예요.
V10.V12.SV18호환가능.
개당 2만원이예요.
둘같이 하실경우
택배비정도 빼드려요.
010-2030-1171
언제든 문의가능.",20000
청소기,다이슨 청소기,"다이슨 v7, v8 충전기, 거치대",거래중,"16,000원",풍납동,2026-08-31,0,1,27,68.1℃,지나가눈행인,생활가전,,"다이슨 충전기와 거치대입니다
사진에 보이는 구성품 그대로 드려요
다이슨 청소기 사용하시는 분들께 유용한 아이템이에요
깔끔하게 정리하고 싶으신 분들께 추천드려요",16000
청소기,다이슨 청소기,다이슨 모터헤드,거래중,"35,000원",풍납동,2026-09-01,0,1,22,49℃,소담,생활가전,,"다이슨 모터헤드입니다
사진에서 보이는 것처럼 구성품은 헤드와 연결부입니다
다이슨 청소기 사용하시는 분들에게 유용한 제품이에요
거의 사용 안해서 깨끗합니다",35000
청소기,다이슨 청소기,다이슨 V7 플러피 무선 진공청소기 중고 판매합니다,거래중,"85,000원",풍납동,2026-08-03,1,19,848,64.1℃,바다산적,생활가전,,,85000
청소기,다이슨 청소기,다이슨 연장관 v6.V7 V8 V10 V11 시리즈별,거래중,"10,000원",풍납동,2026-08-02,4,24,640,60℃,수평선,생활가전,,,10000
청소기,다이슨 청소기,다이슨 청소기 V6 미니모터헤드 침구용 🍀,거래중,"30,000원",풍납동,2026-08-02,1,3,67,99℃,StaR,생활가전,,,30000
청소기,다이슨 청소기,"다이슨,아이닉 물걸레 헤드",거래중,"27,000원",풍납동,2026-08-30,1,6,42,89.4℃,상남대동,생활가전,,"다이슨,아이닉 청소기에 사용되는 물걸레 헤드입니다.

사진처럼 물통과 물걸레 패드가 포함되어 있어서 바닥 청소를 더욱 편리하게 할 수 있도록 도와줍니다.

먼저와 물걸레 청소를 한번에 해결 해
깨끗한 바닥을 유지하고 싶으신 분들 께 추천드립니다~♡♡♡

상태좋은A급 청소기헤드를 싸게 올려드리니.....
빨리 가져가시는분이 임자입니다 ~♡
",27000
청소기,다이슨 청소기,다이슨 V6 헤파 무선청소기,거래중,"64,000원",풍납동,2026-05-04,2,22,1771,83.3℃,욘쿄4889,생활가전,,"배터리만  교체해  사용하심되요  
사용감정도있고  깨진곳없이  양호해요
네이버가심 배터리 2만대후반  판매중입니다

",64000
청소기,다이슨 청소기,다이슨 청소기 브러쉬 툴,거래중,"6,000원",풍납동,2026-08-25,0,2,38,77.6℃,하루,생활가전,문고리 거래 합니다,"다이슨 청소기 브러쉬 툴이에요
깨끗합니다 
다양한 틈새 청소에 유용하게 사용하실 수 있어요
먼지 쌓이기 쉬운 곳을 깔끔하게 관리하고 싶으신 분들께 추천드려요
문고리 거래 합니다 ",6000
청소기,다이슨 청소기,다이슨무선청소기 v11정품하우징,거래중,"25,000원",풍납동,2026-09-01,0,3,81,97℃,송별서,생활가전,,"다이슨무선청소기 정품 하우징
v11 배터리 버튼탈착형 
배터리 나사고정형 아닌 버튼으로 탈착하는방식 입니다
택배가능합니다 ",25000
청소기,다이슨 청소기,다이슨 V10 청소기 헤드 및 구성품,거래중,"150,000원",풍납동,2026-08-24,0,2,134,41.6℃,토이크레인,생활가전,문고리 거래시 흰색 거치대도 같이 드립니다.,"사진에 보이는 그대로 입니다. 
다만 먼지통 고정 후크가 부러져 잡아당기면 분리가 됩니다. 사용하는 데에는 문제 없습니다. 

바로구매 가능 (상자에 뽁뽁이, 스티로폼으로 충전하여 보내드림)

문고리 거래시 흰색 거치대도 같이 드립니다. 
DMC파크뷰자이 1단지",150000
청소기,다이슨 청소기,다이슨 Dyson V6 V7 V8 충전 거치대,거래중,"5,000원",풍납동,2026-08-05,0,9,243,99℃,아나바다,생활가전,,"다이슨 Dyson 무선 청소기 충전 거치대~
V6, V7, V8 모델과 호환됩니다
깔끔한 디자인으로 어느 공간에나 잘 어울려요
청소기 정리와 충전을 동시에 할 수 있어 편리해요",5000
청소기,다이슨 청소기,다이슨 청소기 부품 판매,거래중,"41,000원",풍납동,2023-09-02,1,2,810,52.7℃,뷰쟈돼여,생활가전,,"올해초구입했고
부속품필요없어서 판매합니다~~",41000
청소기,다이슨 청소기,다이슨 청소기 액세서리 툴 세트,거래중,"14,000원",풍납동,2026-08-02,2,3,116,58.1℃,충전이,생활가전,,"다이슨 청소기 액세서리 툴 세트 판매해요
사진에 보이는 구성품 그대로 보내드려요
다양한 청소 환경에 맞춰 사용할 수 있는 툴들이에요
청소 효율을 높이고 싶으신 분들께 추천드려요",14000
청소기,다이슨 청소기,[정품] 다이슨 무선 청소기 헤드,거래중,"50,000원",풍납동,2026-09-01,0,1,54,36.5℃,오스카201,생활가전,,"다이슨 무선 청소기 카펫 헤드 정품입니다.

구매 해놓고 청소기를 삼성으로 교체하면서, 사용할 일이 없어 판매합니다.
테스트 한번만 해본 신제품입니다.",50000
청소기,다이슨 청소기,다이슨 V7 V8 무선청소기 먼지통 필터,거래중,"17,000원",풍납동,2026-08-22,0,3,221,99℃,하하하,생활가전,,"다이슨 V7, V8 무선청소기용 먼지통과 필터입니다
사진에서 보시는 것처럼 먼지통과 필터가 함께 있어요
청소기 사용에 필요한 부품으로, 교체하시면 새것처럼 사용하실 수 있어요
깨끗한 청소를 위해 먼지통과 필터를 주기적으로 교체하시는 분들께 추천드려요.

깨끗하게 세척했습니다
반드시 가지고 계신 것과  사진과 같을 경우에만 구매해 주세요.
반품 안됩니다",17000
청소기,다이슨 청소기,다이슨 청소기 거치대 블랙,거래중,"5,000원",풍납동,2026-08-18,1,9,391,46.9℃,만물마켓,생활가전,,"다이슨 무선 청소기 거치대입니다
깔끔한 블랙 색상으로 어떤 인테리어에도 잘 어울려요
충전 및 거치가 편리하도 디자인되었습니다
청소기 사용이 잦은 분들에게 정말 유용한 아이템이에
분해해드릴수있읍니다",5000
청소기,다이슨 청소기,다이슨 청소기 정품 V8 먼지통 (새상품),거래중,"20,000원",풍납동,2026-06-03,0,5,105,44.6℃,미니미니,생활가전,,"다이슨 정품 먼지통 입니다.

당근페이나 현금거래입니다 (계좌거래 안합니다)
",20000
청소기,다이슨 청소기,다이슨무선청소기 v7.v8 메인모터,거래중,"9,000원",풍납동,2026-06-03,1,6,273,97℃,송별서,생활가전,,"v7 v8메인모터 고장나신 분들
교체하시면 됩니다 
택배가능합니다 ",9000
청소기,다이슨 청소기,다이슨 무선 청소기 수리 판매합니다.,거래중,"150,000원",풍납동,2026-03-05,5,16,569,41.2℃,sonzzang50d,생활가전,,"제품명: 다이슨 V8 무선청소기입니다.
(거치대포함)

✔ 배터리 18650 → 21700 업그레이드 완료
→ 사용시간 훨씬 길어졌습니다 (체감 확실합니다)
✔ 전체 점검 및 기본 정비 완료 제품
→ 바로 사용 가능 / 작동 이상 없음
✔ 생활기스 및 사용감은 있으나 기능 문제 없음
✔ AS 6개월 보장
→ 사용 중 문제 발생 시 책임지고 처리해드립니다


🔧다이슨청소기 전문 수리점입니다.
ㆍ헤드 롤러 모터 불량
ㆍ흡입력 저하
ㆍ배터리 교체
→ 제품 상태에 따라 비용 안내드립니다

💰 가격은 제품 상태 보시고 협의 가능합니다

📍 공방 위치 : 두실역 7번 출구 근처
👉 직접 확인 후 구매 가능
📞010-8181-1563
📩 관심 있으시면 편하게 채팅 및 전화 문의  주세요  :)


※ 중고 특성상 단순변심 환불은 어렵습니다",150000
청소기,다이슨 청소기,다이슨 싸이클론 V10 무선청소기 부품,거래중,"60,000원",풍납동,2026-04-04,8,27,6937,37℃,빙봉빙봉,생활가전,,"다이슨 싸이클론 V10 무선청소기입니다

정품 사용감 O 배송비 포함X
헤드와 파이프 따로면 6만원, 같이하면 10만원입니다",60000
청소기,다이슨 청소기,다이슨 홈 클리닝 키트 7종+연결키트,거래중,"10,000원",풍납동,2026-08-02,1,6,76,39.1℃,Hgrace,생활가전,,"다이슨 청소기용 홈 클리닝 키트입니다. 먼지 제거, 찌든 때 청소, 좁은 공간 청소, 높은 곳 청소 , 매트리스 청소, 카페트 청소 등 다양한 용도로 활용 가능해요. 
박스로 구입한 3종키트 외에도 유선청소기의 부속품 4종도 추가해서 보관하고 있습니다.
연결용키트도 모두 있어 모든 다이슨 청소기에 적용됩니다
다이슨 청소기의 활용도를 높여줄 아이템을 찾으시는 분들께 추천드립니다",10000
청소기,다이슨 청소기,다이슨무선청소기 거치대 부착 투명클립,거래중,"8,000원",풍납동,2026-08-02,0,7,111,97℃,송별서,생활가전,,"다이슨 청소기 스위퍼 로봇 부품 액세서리 거치대 부착 투명클립이에요
V7 V8 V10 V11 V15 모델에 호환됩니다
사진에서 보이는 것처럼 깔끔하게 정리할 수 있어요
청소기 사용 후 거치대에 깔끔하게 보관하고 싶으신 분들께 추천드려요
2개 가격입니다 
택배가능합니다 ",8000
청소기,다이슨 청소기,다이슨 청소기 헤드 팝니다(새상품),거래중,"10,000원",풍납동,2026-08-02,0,2,124,38.5℃,모모,생활가전,,"1,2-다이슨 정품 미니 모터 헤드 : 20,000
침구청소할때 사용 권장이네요
다양한 틈새와 침구류 청소에 유용해요
먼지나머리카락 제거에 탁월한 성능을 보여줘요
침구류나 소파 청소하시는 분들께 추천드려요
V8시리즈 사용시 구성품이예요 

3,4-미니 소프트 더스팅 브러쉬 : 15,000
평평한 표면이나 가구 청소시 권장이구요
새상품이긴 하나 보관할때 솔이 약간 흐트러지긴 했어요.. 두 개 있습니다!!

5-크레비스 툴 : 10,000
작고 좁은 곳 사용하기 좋구요.. 저는 문틀 청소시에 활용을 잘 했습니다.. 다이슨 시리즈 호환이 다 되는거 같긴해요.. 

6-콤비네이션 툴 : 10,000
다양하게 이래저래 사용 가능합니다 ..이것도 호환이 되는거 같아요.. 

새 다이슨을 구매하면서 겹치는 툴들을 정리합니다..
찾는곳은 동홍동이구요.. 일호광장에서도 가능합니다.. 타 지역은 두 개 이상 구매시 협의 가능합니다..",10000
청소기,다이슨 청소기,다이슨 청소기 브러쉬 헤드(미사용),거래중,"3,000원",풍납동,2026-08-20,1,4,71,53℃,건강한당근생활,생활가전,,"다이슨 청소기 브러쉬 헤드입니다
미사용 제품이나 보관하면서 솔이 구겨진
부분이 있습니다.(사진)
거래방법 편하게 문의주세요 ",3000
청소기,다이슨 청소기,다이슨 청소기 툴 세트 V8,거래중,"29,000원",풍납동,2026-08-02,1,3,189,51.6℃,트리프나,생활가전,,"다이슨 청소기 툴 세트 판매해요
사진에 보이는 구성품 모두 포함되어 있어요
다양한 청소 환경에 맞춰 사용할 수 있는 툴들이에요
집안 구석구석 깨끗하게 청소하고 싶으신 분들께 추천드려요",29000
청소기,다이슨 청소기,다이슨 마이크로 청소기 호환 필터 새상품,거래중,"10,000원",풍납동,2026-08-23,0,2,,,,,,,10000
청소기,다이슨 청소기,다이슨 청소기 툴 세트,거래중,"15,000원",풍납동,2026-07-03,1,9,486,46.9℃,wlwlr7755,생활가전,,"다이슨 청소기용 툴 세트예요
다양한 툴이 포함되어 있어 집안 곳곳 깨끗하게 청소할 수 있어요
사진에 보이는 구성품 그대로 보내드려요
청소 효율을 높여줄 다양한 툴을 찾으시는 분들께 추천드려요",15000
청소기,다이슨 청소기,다이슨 청소기 부품 세트,거래중,"8,000원",풍납동,2026-08-02,0,3,310,79℃,문구사진안보면거래안함쩔,생활가전,,"다이슨 청소기용 부품 세트예요
사진에 보이는 구성품 모두 포함되어 있어요
다양한 툴로 청소 효율을 높여보세요
청소기 활용도를 높이고 싶은 분들께 추천드려요
사진잘보시고 꼭사실분만톡주세요 반품안됌",8000
청소기,다이슨 청소기,다이슨 청소기 액세서리 세트,거래중,"43,000원",풍납동,2026-08-02,0,1,158,49.5℃,여름,생활가전,,"다이슨 청소기 액세서리 세트예요
다양한 툴이 포함되어 있어 집안 곳곳 깨끗하게 청소할 수 있어요
사진에 보이는 구성품 모두 보내드려요
청소 효율을 높여줄 다양한 액세서리 세트랍니다",43000
청소기,다이슨 청소기,다이슨 V10 V12 SV18 모터헤드(정품),거래중,"80,000원",풍납동,2026-06-03,0,9,721,50.2℃,내맘,생활가전,,"다이슨 청소기 모터헤드 판매해요
디지털슬림 V10, V12, SV18 모델에 호환되는 제품이에요
사진에서 보이는 것처럼 깨끗하게 사용했어요
바닥 먼지 청소에 탁월한 성능을 자랑해요",80000
청소기,다이슨 청소기,다이슨 청소기 툴 세트,거래중,"20,000원",풍납동,2026-08-02,1,1,79,40.4℃,비엘사,생활가전,,"다이슨 청소기용 다양한 툴 세트예요
사진에 보이는 구성품 모두 포함되어 있어요
새 제품이라 깔끔하게 사용하실 수 있어요
청소의 효율을 높여줄 다양한 툴들을 만나보세요",20000
청소기,다이슨 청소기,다이슨 서브마린 물걸레 청소기 헤드,거래중,"80,000원",풍납동,2026-08-10,0,3,86,47.9℃,오늘의당근,생활가전,,"살때 물걸레 키트까지 같이 구매햇엇는대 
사놓고 두번?쓰고 사용하지않앗어요
거의 장식품처럼 놓기만햇엇어요
새제품이나 마찬가지에요! 

사진상 구성품 같이 드려요

V15s 디텍트 슬림 서브마린 컴플리트 사용중이고
호환여부는 잘모르겟네요

쿨거래 희망합니다
사실분 챗 주세요😊

중고거래상 반품은 안되니 
예민하신분은 피해가주세요😄",80000
청소기,다이슨 청소기,다이슨 무선청소기 먼지통 v10 모델,거래중,"12,000원",풍납동,2026-07-03,9,23,537,97℃,송별서,생활가전,,"다이슨 무선청소기 먼지통
v10정품 먼지통 개당 12000원 

택배로 보내드릴수도 있어요 ",12000
청소기,다이슨 청소기,새것같은다이슨카페트브러쉬V8.V10 V11,거래중,"35,000원",풍납동,2026-05-04,1,13,688,55.7℃,좋은물건저렴히팔아요,생활가전,,,35000
청소기,다이슨 청소기,정품 다이슨 청소기 소프트 롤러 헤드,거래중,"50,000원",풍납동,2025-12-05,1,4,202,99℃,제우스,생활가전,,"정품 다이슨 청소기 소프트 롤러 헤드입니다.
사진과같이 상태 최상입니다.

부드러운 롤러가 바닥에 밀착되어 미세먼지까지 효과적으로 제거해줍니다

사용감은 있지만, 기능에는 문제 없습니다",50000
청소기,다이슨 청소기,다이슨보상판매제출.스위치나 손잡이 깨졌을 때 교체,거래중,"35,000원",풍납동,2026-08-02,0,1,328,65.3℃,하늘반백살,생활가전,,,35000
청소기,다이슨 청소기,다이슨무선청소기 침구용 미니모터헤드,거래중,"9,000원",풍납동,2026-08-06,3,8,139,97℃,송별서,생활가전,,"다이슨무선청소기 정품 미니모터헤드 입니다
v7.v8.v10.v11.v15사용가능합니다 
미니모터헤드 는 애완동물 키우시는분들에게 유용하게 사용가능합니다 침구나쇼파 부스러기 먼지청소및 머리카락 청소에 좋습니다 
청소 해놔서 바로 사용가능합니다 

택배가능합니다 ",9000
청소기,다이슨 청소기,다이슨무선청소기 거치대.벽걸이.충전기포함중량있슴.고가제품,거래중,"98,000원",풍납동,2026-08-17,0,2,475,44.3℃,거래도인연,,,,98000
청소기,다이슨 청소기,다이슨무선청소기 정품 먼지통 v10,거래중,"12,000원",풍납동,2026-05-04,3,9,349,97℃,송별서,생활가전,,"다이슨무선청소기  v10정품 먼지통 
개당가격이고 일반크기 구매가능합니다 
개당가격입니다 

택배가능합니다 ",12000
청소기,다이슨 청소기,새상품 정품 다이슨 청소기 브러쉬 헤드,거래중,"5,000원",풍납동,2026-08-04,0,3,51,54℃,햇살,생활가전,,"다이슨 청소기 브러쉬 헤드입니다
사진에서 보이는 구성품 그대로 드려요
청소 시 유용하게 사용하실 수 있어요
먼지 쌓이기 쉬운 곳을 깔끔하게 청소하고 싶으신 분들께 추천드려요",5000
청소기,다이슨 청소기,다이슨 V6 청소기 정품 호환 헤드 소프트 롤러 클리너,거래중,"29,000원",풍납동,2026-08-02,0,7,242,65℃,뽀식,생활가전,,,29000
청소기,다이슨 청소기,다이슨 청소기 툴,거래중,"34,000원",풍납동,2026-04-04,0,0,219,37℃,빙봉빙봉,디지털기기,,"다이슨 청소기 콤비네이션 툴(정품)
사용한 적 X 장롱에 밖혀있어서 모가 삐뚤어지긴 했어요 ..
배송비 포함 X 에누리 어려워요",34000
청소기,다이슨 청소기,다이슨 청소기 전용가방+액세서리 세트,거래중,"10,000원",풍납동,2026-07-03,1,2,110,54.2℃,에디스피어,생활가전,,"다이슨 청소기 액세서리 세트 판매해요
사진에 보이는 구성품 모두 포함되어 있어요
다이슨 청소기 사용하시는 분들께 유용한 액세서리 세트랍니다
다양한 청소 환경에 맞춰 활용하기 좋아요",10000
청소기,다이슨 청소기,다이슨무선청소기 v10 정품 먼지통 롱버젼,거래중,"15,000원",풍납동,2026-08-14,0,2,,,,,,,15000
청소기,다이슨 청소기,다이슨 미니 모터 헤드,거래중,"15,000원",풍납동,2026-08-13,0,1,29,64.3℃,당근816,생활가전,,"다이슨 청소기용 미니 모터 헤드에요
침구류나 좁은 공간 청소에 유용하게 사용할 수 있어요
사진에서 보이는 것처럼 구성품은 헤드 본체입니다
먼지나 머리카락이 잘 달라붙는 침구류 청소에 딱이에요",15000
청소기,다이슨 청소기,다이슨 슬림 청소기 벽걸이형 거치대,거래중,"15,000원",풍납동,2026-08-05,0,3,97,60.2℃,whyyyyyy,생활가전,,"청소기 구입 시 받은 벽걸이형 거치대예요
스탠드형 거치대가 있어서 사용하지 않아 내놓아요
깔끔하게 청소기를 보관할 수 있답니다
다이슨 청소기 사용하시는 분들께 추천드려요",15000
청소기,다이슨 청소기,다이슨청소기 툴,거래중,"30,000원",풍납동,2026-08-17,0,2,87,53.4℃,찐뽕빵뽕,생활/주방,,,30000
청소기,다이슨 청소기,다이슨 청소기 V6 V7 V8 V11 V12 V15 호환 필터,거래중,"1,500원",풍납동,2026-04-04,21,51,984,45.8℃,동그리,생활가전,,,1500
청소기,다이슨 청소기,다이슨 V7청소기,거래중,"95,000원",풍납동,2026-08-29,0,0,33,99℃,당근사랑,생활가전,,"배터리는 표준모드로 22분연속작동됩니다 
사진속전부드립니다 
싸이클론도 분해청소 다했습니다 
",95000
청소기,다이슨 청소기,다이슨 청소기 충전기,거래중,"15,000원",풍납동,2026-07-03,1,5,304,73.8℃,능평사랑,생활가전,,,15000
청소기,다이슨 청소기,다이슨무선청소기 v10 정품 헤파필터,거래중,"5,000원",풍납동,2026-07-03,6,23,501,97℃,송별서,생활가전,,"다이슨무선청소기 정품 헤파필터 v10 사용가능합니다 
세척해놨습니다 
헤파필터 는 흡입력 에 영향을 줍니다
여분가지고 있으면 세척시 건조되는동안 편리하게 사용가능합니다 
개당가격입니다 
택배가능합니다 ",5000
청소기,다이슨 청소기,다이슨 물청소기 g1 롤러,거래중,"22,000원",풍납동,2025-09-01,0,2,155,61.7℃,헛소리하지마임마,생활가전,"직거래-경기광주초월역 부근, 판교역부근","다이슨 정품 물청소기 g1 롤러

직거래-경기광주초월역 부근, 판교역부근

환불x
직거래서 천원 선입금후 차액거래

매너거래합니다.",22000
청소기,다이슨 청소기,다이슨 청소기 거치대ᆢ미사용품,거래중,"5,000원",풍납동,2026-08-02,0,3,195,60.6℃,구해리,생활가전,,"다이슨 청소기 거치대입니다.
💥미사용품ᆢ정품

다이슨 청소기 사용하시는 분들에게 유용한 아이템이 될 거예요

✅️일하느라 답장늦을수 있어요.
✅️반드시
꼭! 답장드립니다.
✅️톡주세용!


❌중고물품 개인간 거래로 환불은 불가.

🙏 찔러보기, 가격네고 답변안하고 차단함

😤당근마켓 진상썰처럼 잠수타기,연락두절,약속장소안나타남ᆢ진상에게 하도
많이 당해서ᆢ택배만
거래합니다.👹👺",5000
청소기,다이슨 청소기,"다이슨 V7 , 8 충전아답터 및 거치대 판매합니다",거래중,"25,000원",풍납동,2026-07-03,2,1,154,62.6℃,논현동,생활가전,,,25000
청소기,다이슨 청소기,다이슨 청소기 부품,거래중,"5,000원",풍납동,2024-09-01,0,3,361,47.2℃,riversuhwa,생활가전,,,5000
청소기,다이슨 청소기,다이슨 무선 청소기 v6.v7.v8 정품충전기,거래중,"15,000원",풍납동,2026-05-04,8,12,498,97℃,송별서,생활가전,,"다이슨무선청소기 정품 충전기 v6.v7.v8  개당15000원 
",15000
청소기,다이슨 청소기,다이슨 v8 모터 헤드 및 부품,거래중,"50,000원",풍납동,2026-08-10,0,2,66,50.2℃,능이,생활가전,직거래 상도더샵1차 입니다.,"다이슨 v8 무선 청소기용 미니 모터 헤드 및 부속품 팝니다.
미니모터만 한번 사용하고 나머지는 새제품 입니다.
침구류나 좁은 공간 청소에 유용해요
사진에서 보이는 구성품 그대로 드립니다
다이슨 청소기 사용하시는 분들께 추천드려요

직거래 상도더샵1차 입니다.",50000
청소기,다이슨 청소기,다이슨 청소기 배터리 충전 거치대,거래중,"15,000원",풍납동,2026-08-07,0,2,166,58.5℃,맥가103,생활가전,,"다이슨 청소기 배터리 충전용입니다
사진에서 보시는 것처럼 배터리 3개
입니다
다이슨 청소기 사용하시는 분들에게 유용한 아이템이에요
1개당5000원 입니다",15000
청소기,다이슨 청소기,다이슨 청소기 액세서리 세트,거래중,"6,000원",풍납동,2026-04-04,4,15,334,72.2℃,하준아범,생활가전,,"다이슨 청소기 액세서리 세트에요
사진에 보이는 구성품 모두 포함되어 있어요
미사용입니다",6000
청소기,다이슨 청소기,다이슨 정품 청소기 부속품 및 충전기,거래중,"40,000원",풍납동,2026-08-05,0,1,83,52.6℃,굴러라,생활가전,직거래 부산만덕 및 양산증산 가능,"다이슨 청소기 정품 부속 및 충전기(새상품)
1.청소기 부속 25,000원
2. 청소기 충전기 25,000원(새상품)

1번 2번 같이 구매시 40,000원

직거래 부산만덕 및 양산증산 가능
바로구매 가능",40000
청소기,다이슨 청소기,다이슨 V7 미니 모터 헤드 툴 ㅡ새제품,거래중,"25,000원",풍납동,2025-11-05,0,4,276,53.9℃,jej,생활가전,,,25000
청소기,다이슨 청소기,다이슨 청소기 부품,거래중,"123,456원",풍납동,2025-09-01,25,22,1318,97℃,송별서,생활가전,,"다이슨 청소기 부품 판매합니다
필요하신 분 연락 주세요~

고장난 다이슨무선청소기 수리 합니다

v10.v11 본체파손.손잡이파손.스위치파손.먼지통 파손등 수리가능합니다
전국 택배수리가능하고 문자로 문의주세요 ",123456
청소기,다이슨 청소기,다이슨 미니 모터 헤드,거래중,"30,000원",풍납동,2026-08-02,0,0,46,36.5℃,초록,생활가전,,"다이슨 미니 모터 헤드입니다
청소기 헤드만 필요하신분.
사용감 약간있음.
다이슨 V8, V10, V11, V15 모델과 호환됩니다",30000
청소기,다이슨 청소기,다이슨 청소기 롤러 등 부품,거래중,"15,000원",풍납동,2026-08-11,0,7,196,99℃,산자락,생활가전,신정3동 목민교회앞에서 직거래 또는 반값택배도 가능.,"다이슨 청소기 롤러와 다양한 부품들을 판매해요. 16.2V, 20W 용.

롤러  큰거 작은거 한세트에1만원. 
헤드 필터 뚜껑 5천원. 

사진에 보이는 구성품 모두 포함되어 있어요
다이슨 정품으로 깔끔하게 사용했어요
청소 효율을 높여줄 다양한 부품들로 새것처럼 사용해보세요.
신정3동 목민교회앞에서 직거래 또는 반값택배도 가능.",15000
청소기,다이슨 청소기,다이슨 청소기 브러쉬 헤드,거래중,"10,000원",풍납동,2026-08-02,0,1,58,50.5℃,고구마탕,생활가전,,"다이슨 청소기 브러쉬 헤드에요
사진에서 보이는 것처럼 구성품은 헤드 하나입니다
다양한 틈새나 좁은 공간 청소에 유용해요
먼지 쌓이기 쉬운 곳을 깔끔하게 관리해보세요",10000
청소기,다이슨 청소기,다이슨 청소기 헤드 부품(V8 플러시 스트립),거래중,"3,000원",풍납동,2026-08-02,0,5,123,46.3℃,난말야,생활가전,,,3000
청소기,다이슨 청소기,다이슨 청소기 헤드 부분 부속품 바퀴 롤러,거래중,"4,000원",풍납동,2026-08-02,0,2,156,40.8℃,안산,생활가전,( 빠르게 국내 배송 또는 같은 지역 직거래판매),"다이슨 V6 V7 V8 V10 V11 V15 DC58 DC59 DC62 다이렉트 드라이브 클리너 헤드용 밑판 휠, 소프트 롤러 / 혹시 모를 오류 방지를 위해 지원 모델 참고 사진 사이즈 한번더 확인 구매 부탁드립니다. 

본 제품 청소기 헤트 앞부분 바퀴 2쌍 총 4개입니다.
( 빠르게 국내 배송 또는 같은 지역 직거래판매)


특징:

*100% 아주 새로운 고품질

* 내구성이 뛰어나고 실용적인 프리미엄 소재로 제작되었습니다.

*바퀴가 심하게 마모되어 거친 지면에 연결이 불가능하고, 밀림 저항이 증가합니다.

*바퀴가 땅에 닿지 않아 껍질이 오랫동안 바닥을 긁습니다.

*표준 유지 관리의 일부로 쉽게 접근하고 교체할 수 있습니다.

메모:
1, 항목의 실제 색상은 모니터의 밝기 및 빛의 밝기와 같은 여러 요인으로 인해 웹사이트에 표시된 사진과 약간 다를 수 있습니다.

2, 데이터에 대한 약간의 수동 측정 편차를 허용하십시오.",4000
청소기,다이슨 청소기,다이슨 침구 청소기 헤드 - 새제품 입니다.,거래중,"30,000원",풍납동,2026-05-04,2,2,87,50.9℃,머제스틱,생활가전,,"다이슨 정품 침구 청소기 헤드예요.
- 새제품 입니다.
사진에서 보이는 것처럼 구성품은 헤드 하나입니다
다이슨 v7, v8, v10 모델과 호환돼요
침구 속 먼지까지 깔끔하게 청소하고 싶으신 분들께 추천드려요",30000
청소기,다이슨 청소기,다이슨 청소기 툴 세트,거래중,"12,000원",풍납동,2026-07-03,3,5,263,36.6℃,노래부르는햄찌,생활가전,,"다이슨 청소기 툴 세트 판매해요
다양한 구성품으로 청소의 효율을 높여보세요
사진에서 보이는 모든 구성품 포함되어 있어요
유선 다이슨 청소기 사용하시는 분들에게 유용한 아이템이에요.",12000
청소기,다이슨 청소기,다이슨청소기장난감,거래중,"20,000원",풍납동,2026-07-03,1,7,254,65.1℃,동글,유아동,아이가 있어서 문고리 비대면 거래원해요.,"작동 잘됩니다.

🚫교환x환불x
아이가 있어서 문고리 비대면 거래원해요.
당근페이 선입금 해주셔야 주소 알려드려요.
예민하신분 사절입니다.
네고는 어렵습니다. 네고문의 답장안합니다.
입금순으로 거래합니다.

글 읽고 꼭 하실분만 쳇주세요.

용죽공원 근처입니다",20000
청소기,다이슨 청소기,다이슨청소기 V8 먼지통부품용,거래중,"15,000원",풍납동,2026-02-03,2,6,299,99℃,돈불,생활가전,,"다이슨 V8 청소기 먼지통입니다
사용감은 있지만, 깨끗하게 청소해서 보내드려요",15000
청소기,다이슨 청소기,다이슨청소기침구노즐,거래중,"20,000원",풍납동,2026-05-04,0,0,152,83.8℃,이강,생활가전,,,20000
청소기,다이슨 청소기,다이슨 무선 청소기 브러쉬 툴(정품),거래중,"23,000원",풍납동,2023-09-02,10,13,2406,61℃,투명블루,생활가전,,"다이슨 무선 청소기 V7,  V8, V10, V11 호환 가능한
진공 브러쉬 도구(다이슨 정품)입니다.
11번가에서 판매하는 다이슨 정품 툴보다 휠씬 저렴(13,000~15,000원)합니다.
 택배는 배송비 3천원 추가합니다. 3가지 전부 구매시 5만원. 가격 제안 가능해요
*판매가
컴비네이션 툴 : 25,000원
소프트 더스팅 브러쉬 : 25,000원
청소기 벽 거치대(V7, V8호환) : 15,000원",23000
청소기,다이슨 청소기,다이슨 V7 V8 청소기 먼지통 새상품 호환용,거래중,"12,000원",풍납동,2026-06-03,0,8,110,48.5℃,도깨비,생활가전,,,12000
청소기,다이슨 청소기,다이슨 호환 모터헤드 청소기 부품,거래중,"30,000원",마천동,2026-05-04,1,6,,,,,,,30000
청소기,다이슨 청소기,다이슨10 청소기 액세서리 세트,거래중,"50,000원",마천동,2026-04-04,0,1,139,99℃,천년의등불,생활가전,,"다이슨 청소기용 다양한 헤드 툴 세트입니다. 사진에 보이는 구성품 모두 포함되어 있습니다. 집안 곳곳을 깨끗하게 청소하는 데 유용하게 사용하실 수 있습니다.
판매합니다 반품불가 택배비 별도 ",50000
청소기,다이슨 청소기,"다이슨 AC 어댑터, V6 V7 V8 # 205720-02 충전기 DC58 DC59 DC61 DC62",거래중,"23,000원",마천동,2026-05-04,1,2,94,99℃,모난,,,,23000
청소기,다이슨 청소기,다이슨 청소기 부속 구성품 툴 세트,거래중,"20,000원",마천동,2026-06-03,1,2,160,40.1℃,123,생활가전,,"다이슨 청소기 툴 세트 판매해요
사진에 보이는 구성품 모두 포함되어 있어요
다양한 청소 환경에 맞춰 사용할 수 있는 툴들이에요
청소 효율을 높여줄 다이슨 청소기 툴 세트랍니다

신길7동 보라매에스케이뷰 아파트나 대방초 후문에서 거래가능합니다 
반값택배 가능합니다 
반품 환불 불가합니다",20000
청소기,다이슨 청소기,다이슨 청소기 헤드 새상품,거래중,"50,000원",마천동,2025-09-01,2,4,247,50.9℃,머제스틱,생활가전,,,50000
청소기,다이슨 청소기,다이슨 청소기 거치대,거래중,"27,000원",마천동,2026-01-04,2,7,300,73.5℃,오르락내리락,가구/인테리어,,"벽에 직접 부착해서 쓰려고 내놔요!
청소기 툴 정리, 수납이 정말 용이해요~
얼마 안써서 큰 기스나 사용감은 거의 없어요~",27000
청소기,다이슨 청소기,다이슨 v8청소기 부품 세트4종,거래중,"20,000원",마천동,2026-05-04,0,6,197,99℃,갑순이,생활가전,,"다이슨 청소기 정품 부품 세트예요
다양한 툴이 포함되어 있어 구석구석 깨끗하게 청소할 수 있어요
사진에 보이는 구성품 그대로 보내드려요
청소 효율을 높여줄 아이템이랍니다
상태 좋습니다 ",20000
청소기,다이슨 청소기,다이슨 청소기 거치대 SST005,거래중,"10,000원",마천동,2026-08-02,0,2,113,54.2℃,동글이플라워,생활가전,,"다이슨, 엘지, 삼성 등 모든 무선 청소기 호환되는 거치대예요
조립이 필요 없어 설치가 간편하고, 스크래치 방지 고무 패드로 청소기를 안전하게 보관할 수 있어요
깔끔한 전선 정리 고리도 있어서 더욱 깔끔하게 사용 가능해요

제품명 클링클링sst005 입니다.



",10000
청소기,다이슨 청소기,다이슨 청소기 반려동물 브러쉬 헤드(사각),거래중,"15,000원",마천동,2026-05-04,0,0,27,85.1℃,여성브랜드옷싸게팔아요,생활가전,,,15000
청소기,다이슨 청소기,다이슨 정품 무선 청소기 충전기 205720-07판매,거래중,"15,000원",마천동,2026-08-02,0,6,133,51.7℃,집정리중,생활가전,,,15000
청소기,다이슨 청소기,다이슨 스팟 앤 스크럽 Ai 부품 세트(다이슨정품),거래중,"80,000원",마천동,2026-08-02,0,1,42,47.5℃,귀떼기,생활가전,,,80000
청소기,다이슨 청소기,DENKEN 다이슨 청소기거치대,거래중,"30,000원",마천동,2026-08-03,1,3,93,37.4℃,꼬냥이,스포츠/레저,,"DENKEN 브랜드의 다이슨 청소기 거치대 입니다. 아주아주 튼튼하며 다이슨 청소기가 사망하여 다른청소기 구입으로 거치대를 내놓습니다. 시중 가격은 78000원대이며 저는 30000원에 내놓겠습니다. 
무게가 나가며 아주튼튼하며 좋습니다.",30000
청소기,다이슨 청소기,다이슨무선청소기 v10 v11 먼지통 부품,거래중,"5,000원",마천동,2026-07-03,1,5,,,,,,,5000
청소기,다이슨 청소기,다이슨 도킹 스테이션 DC59 GRAY 새제품,거래중,"12,000원",마천동,2025-12-05,1,3,255,44.8℃,뚱이,디지털기기,,,12000
청소기,다이슨 청소기,V6 정품 벽걸이거치대 고정핀있음,거래중,"5,000원",마천동,2026-07-03,2,1,48,99℃,초록,생활가전,,"다이슨 청소기 충전 거치대입니다
V6,  모델에  사용 가능해요
사진에 보이는 구성품 그대로 보내드려요
깔끔하게 청소기 정리하고 싶으신 분들께 추천드려요",5000
청소기,다이슨 청소기,다이슨무선청소기 V10 먼지통입니다,거래중,"20,000원",마천동,2026-03-05,5,9,309,99℃,다이슨청소기,생활가전,,"다이슨 무선 청소기 V10 정품 먼지통입니다 투명한 플라스틱 재질에 빨간색 포인트가 있습니다 약간의 사용감은 있지만 깨끗하게 사용했습니다
먼지통 파손된분 구입하세요
GS25만수삼환점 앞 ",20000
청소기,다이슨 청소기,다이슨 청소기 충전기 어댑터,거래중,"10,000원",마천동,2026-05-04,4,6,251,39.3℃,BryanPark,생활가전,,"다이슨 청소기 충전기 어댑터예요
병행제품입니다
사진에서 보이는 것처럼 구성품은 충전기 본체와 전원 케이블입니다
다이슨 청소기 사용하시는 분들에게 꼭 필요한 제품이에요",10000
청소기,다이슨 청소기,다이슨 정품 충전기 어댑터(v8)용,거래중,"90,000원",마천동,2026-08-02,0,2,319,37.6℃,쵸리쵸리,생활가전,왠만하면 직거래 원합니다,"다이슨 무선 청소기 충전기 어댑터예요 (v8 )용 
사진에 보이는 구성품 모두 보내드려요
정품이라 믿고 사용하실 수 있어요
청소기 사용하시는 분들께 꼭 필요한 제품이랍니다

정말 1회사용 후 보관 
저는 밀워키 배터리 개조해서 사용중입니다 
그래서 판매 합니다 
이유있는 내고 가능 
왠만하면 직거래 원합니다 
아무때나 연락 가능 010-5285-2208 
폰으로 연락 주세요 
천천히 팔아 봅니다 
울산/김해/창원/진영/밀양직거래 가능",90000
청소기,다이슨 청소기,다이슨 무선청소기 트리거 스위치 부품 (레드/그레이),거래중,300원,마천동,2026-04-04,2,8,335,45.8℃,동그리,생활가전,,,300
청소기,다이슨 청소기,다이슨 청소기 헤드.배터리,거래중,"30,000원",마천동,2026-04-04,0,1,200,99℃,천년의등불,생활가전,,"다이슨 청소기 헤드입니다. 다양한 모델과 호환될 수 있는 부품입니다. 강력한 흡입력으로 집안 곳곳의 먼지를 효과적으로 제거해 줍니다. 브러시 회전 기능으로 바닥의 머리카락이나 먼지를 깔끔하게 청소할 수 있습니다 다이슨 인지.아닌지 모릅니다
판매합니다 반품불가 택배비 별도 ",30000
청소기,다이슨 청소기,다이슨 청소기 플러피 헤드,거래중,"8,500원",마천동,2026-02-03,4,7,698,44.5℃,변민서,생활가전,,"다이슨 청소기 플러피 헤드입니다
부드러운 롤러가 큰 쓰레기부터 미세먼지까지 효과적으로 제거해줍니다
사용감은 있지만, 기능에는 문제 없습니다

두개 일괄 및 개별판매 가능합니다
큰거 2만원 작은거 1만원

오래되서 좀 더러워요",8500
청소기,다이슨 청소기,다이슨무선청소기 v10 v11 먼지통러너부품,거래중,"5,000원",마천동,2026-06-03,2,13,302,97℃,송별서,생활가전,,,5000
청소기,다이슨 청소기,다이슨 V8 앱솔루트 프로 퍼플 무선청소기,거래중,"123,000원",마천동,2026-07-03,0,4,581,46.1℃,천왕봉,생활가전,,"다이슨 V8 앱솔루트 프로 퍼플 색상 무선청소기예요
본체와 충전기, 흡입구 포함 구성입니다
사진에서 보이는 그대로의 제품이에요
강력한 흡입력으로 집안 구석구석 깨끗하게 청소할 수 있어요",123000
청소기,다이슨 청소기,다이슨 서브마린 물청소 롤러 브러시 새상품,거래중,"10,000원",마천동,2025-09-01,0,3,163,38℃,시고라이,생활가전,,,10000
청소기,다이슨 청소기,다이슨 V6 청소기 본체~배터리 15분,거래중,"25,000원",마천동,2026-09-01,0,0,9,67.3℃,만사형통A,생활가전,,"기본14~15분 갑니다 ~
사진에서 보이는 것처럼 구성품은 본체만 있어요
깔끔한 디자인으로 어느 공간에 두어도 잘 어울려요
",25000
청소기,다이슨 청소기,"다이슨 무선청소기 v10, 11 본체 트리거팔아요. 전원 스위치.",거래중,"7,000원",마천동,2026-07-03,0,4,104,46.3℃,꼬북이,생활가전,,,7000
청소기,다이슨 청소기,다이슨V6청소기,거래중,"70,000원",마천동,2026-08-15,0,1,44,99℃,당근사랑,생활가전,,"사진속 그대로 드립니다 
배터리는무부하17분연속
동작됩니다
싸이클론분해해서
물청소다 했읍니다 ",70000
청소기,다이슨 청소기,(새상품) 다이슨 청소기 부품 및 거치대,거래중,"50,000원",마천동,2025-09-01,6,22,710,44℃,rainbow,생활가전,,"v10 청소기 구매후
박스채 그대로 놔뒀던
새상품입니다.
",50000
청소기,다이슨 청소기,다이슨 펜슬백 플러피콘 스틱청소기 492709-01,거래중,"340,000원",마천동,2026-08-29,0,14,193,99℃,굿잡,생활/주방,,,340000
청소기,다이슨 청소기,다이슨 플렉시 크레비스 툴(새제품),거래중,"5,000원",마천동,2026-02-03,0,2,94,94.1℃,사누,생활가전,편의점반값택배도 문고리도 직거래도 가능합니다,"다이슨 청소기용 플렉시 크레비스 툴 새제품입니다
미개봉 상태로 비닐 포장 그대로 보관 중이에요
좁은 틈새나 구석진 곳 청소할 때 유용하게 사용할 수 있습니다
다이슨 V7이후 모델과 호환 가능합니다
편의점반값택배도 문고리도 직거래도 가능합니다",5000
청소기,다이슨 청소기,다이슨 진공청소기 툴백 정품,거래중,"24,000원",마천동,2025-09-01,0,3,,,,,,,24000
청소기,다이슨 청소기,다이슨 V8 앱솔루트 무선청소기,거래중,"125,000원",마천동,2026-07-03,1,7,184,48.6℃,장안종합설비,생활가전,,"다이슨 V8 앱솔루트 무선청소기 판매해요
사진에 보이는 구성품 모두 포함되어 있어요 필요하신분은01031666481문의바람
강력한 흡입력으로 집안 구석구석 깨끗하게 청소할 수 있어요
자주 사용하지 않아 깨끗하게 사용했어요
청소기 구매를 고민하고 계신다면 이 제품을 추천드려요",125000
청소기,다이슨 청소기,다이슨 무선 청소기 벽 고정 정품 거치대 새제품,거래중,"20,000원",마천동,2026-04-04,0,8,686,68.2℃,한우특수부위,생활가전,,,20000
청소기,다이슨 청소기,다이슨V6청소기(SV07),거래중,"70,000원",마천동,2026-08-02,1,4,104,99℃,당근사랑,생활가전,,"배터리는 20분연속작동되구요
싸이클론 분해해서 청소다했읍니다 
사진속그대로 전부
잘포장해서 보내드립니다 
",70000
청소기,다이슨 청소기,다이슨청소기 V6전용 도킹스테이션 및 충전기 판매합니다,거래중,"24,000원",마천동,2025-09-01,7,6,444,99℃,다이슨청소기,생활가전,,,24000
청소기,다이슨 청소기,미사용다이슨 청소기 거치대 벽걸이형,거래중,"10,000원",마천동,2026-03-05,0,1,228,50.3℃,양천,생활가전,,"미사용 정품다이슨 청소기 거치대입니다
벽걸이형으로 깔끔하게 정리할 수 있습니다
나사 포함되어 있습니다",10000
청소기,다이슨 청소기,다이슨 v8 청소기 노즐 부속품,거래중,"15,000원",마천동,2025-09-01,1,8,256,52.2℃,카이,생활가전,,"다이슨 청소기 노즐 2종입니다

* 툴 종류: 틈새 툴, 미니 모터 툴
* 상태: 사용감 조금 있어요~",15000
청소기,다이슨 청소기,다이슨 디지털 슬림 벽 고정 거치대,거래중,"34,000원",마천동,2026-04-04,3,6,908,40℃,코온치,생활가전,,"다이슨 디지털 슬림 무선청소기 벽 고정 거치대입니다
- 스탠드 거치대를 사용해서 꺼내서 뭔지 확인만 한 새 상품립니다",34000
청소기,다이슨 청소기,다이슨 V6청소기,거래중,"80,000원",마천동,2026-08-02,0,1,48,99℃,당근사랑,생활가전,,"다이슨V6청소기입니다
배터리는 표준모드로 23분연속잘됩니다
바닥스툴도2개드리고
사진속전부 보내드립니다
전부정품입니다
작동잘되구요
깨진곳 전혀 없읍니다
싸이클론도 분해청소 다했습니다 ",80000
청소기,다이슨 청소기,다이슨호환 펫 브러쉬,거래중,"5,000원",마천동,2025-09-01,0,5,219,40.5℃,록바이슨,반려동물용품,,"다이슨청소기 호환되는 
펫 브러쉬입니다. 
냥이들 땜에 구매했는데 저희집 청소기랑은 안맞아서 내놓습니다.",5000
청소기,다이슨 청소기,다이슨청소기 V6전용 정품 충전 아답터 및 벽거치대 판매합니다,거래중,"25,000원",마천동,2026-04-04,0,4,262,99℃,다이슨청소기,생활가전,,,25000
청소기,다이슨 청소기,헝그리.다이슨 V10 청소기 배터리 교체 삼성정품셀 국내생산 호환형.새상품~,거래중,"75,000원",마천동,2026-04-04,0,6,483,45.1℃,루시아,생활가전,,,75000
청소기,다이슨 청소기,(호환)다이슨 V12 SV44 슬림 포스트 먼지 필터 새제품,거래중,"4,000원",마천동,2026-05-04,0,10,131,42.7℃,온도상승중,생활가전,,,4000
청소기,다이슨 청소기,다이슨 V8 토탈클린 플러스 무선 청소기,거래중,"89,000원",마천동,2026-08-22,1,5,38,50.1℃,7208,생활가전,,"다이슨 V8 토탈클린 플러스 무선 청소기입니다
다양한 구성품과 함께 있어 활용도가 높아요
사진에서 보이는 그대로 구성품 모두 포함되어 있습니다
청소의 번거로움을 덜어줄 똑똑한 청소기랍니다, 상태 깨끗하고 배터리 증상 작동.
사진에 있는 그대로 배송합니다. 필요하신 분 연락 주세요. 네고답변 안함?",89000
청소기,다이슨 청소기,다이슨SV12G 청소기 충전기 & 벽거치대,거래중,"35,000원",마천동,2026-03-05,1,9,344,99℃,갑순이,생활가전,,"필독
청소기 아니예요
정품 다이슨 청소기 충전기와 벽 충전 거치대 판매합니다
모델 번호는 217160-07입니다
SV12G 입니다

*마지막 사진 두장의 쓰는거예요*
",35000
청소기,다이슨 청소기,다이슨 청소기 본체 v6,거래중,"20,000원",마천동,2026-08-13,0,0,,,,,,,20000
청소기,다이슨 청소기,다이슨 무선청소기 sv09,거래중,"20,000원",마천동,2026-08-28,0,0,46,73.5℃,랄라라,생활가전,,,20000
청소기,다이슨 청소기,다이슨 V6 무선청소기 (핸디형),거래중,"50,000원",마천동,2026-08-02,0,3,270,75.2℃,나야,생활가전,,"다이슨 V6 핸디형 무선청소기입니다
사진에 보이는 구성품 모두 포함되어 있어요
2번째사진은 깨진적이있어 정품아님  
밧데리 간지얼마안됨  
5번째사진 깨진자국있음  중고물건상 반품안됨",50000
청소기,다이슨 청소기,다이슨 청소기 흡입구 3종 세트~~V6,거래중,"15,000원",마천동,2026-09-01,0,0,2,67.3℃,만사형통A,생활가전,,"사진에 보이는 구성품 그대로 보내드려요
다양한 곳을 청소할 때 유용하게 사용하실 수 있어요
청소 효율을 높여줄 아이템이랍니다",15000
청소기,다이슨 청소기,[분해청소 살균완료 ]신형 레이저 다이슨 마이크로 1.5Kg 초경량 무선청소기 니켈 ( SV21) 바로구매가능,거래중,"246,000원",마천동,2026-08-29,0,1,65,56℃,필립스커피머신관리진심남,,,,246000
청소기,다이슨 청소기,[청소기] 다이슨 싸이클론 스틱청소기 V8 226622-01,거래중,"200,000원",마천동,2026-08-02,0,1,38,55.8℃,전자제품좋아요,생활/주방,,,200000
청소기,다이슨 청소기,다이슨 앱솔루트 무선 청소기,거래중,"72,000원",마천동,2026-08-09,1,12,760,50.1℃,7208,생활가전,,"다이슨 앱솔루트 무선 청소기입니다
사진에서 보시는 것처럼 본체와 흡입구, 배터리 포함 구성입니다
강력한 흡입력으로 집안 구석구석 깨끗하게 청소할 수 있어요
바닥뿐만 아니라 좁은 틈새까지 깔끔하게 관리하고 싶으신 분들께 추천드려요 배터리 얼마 전 교체 30분 이상 작동됩니다.필요하신 분 연락 주세요 네고 답변 ㅇx",72000
청소기,다이슨 청소기,다이슨 V8 앱솔루트퍼플 무선 청소기. 새베터리8.22일교체거대85000포함. 깨끗한거구입하실분만,거래중,"198,000원",마천동,2026-08-02,0,0,55,39℃,거래만사성,,,,198000
청소기,다이슨 청소기,풀세트 다이슨 V10 무선청소기 레드를 팔아요,거래중,"180,000원",마천동,2026-06-03,2,5,187,78.6℃,여호수아,생활가전,,,180000
청소기,다이슨 청소기,다이슨 V8플러피퍼플 무선청소기.새베터리거치대교체8.20일. 깨끗한거구입하실분만,거래중,"130,000원",마천동,2026-08-02,0,21,744,44.3℃,거래도인연,,,,130000
청소기,다이슨 청소기,"다이슨 청소기 헤드,배터리 등",거래중,"40,000원",마천동,2026-08-02,2,34,3356,51.9℃,성시경,생활가전,☑️직거래주소,"여분으로 있던건데 A9s로 사용하게 되면서 판매합니다. 호환용이예요~ 제가 쓰던 청소기는 v10 사이클론이었어요~

1. 다이슨 청소기 헤드 호환
4만원
v7, v8, v10, v15, v12슬림 호환된다고 하네요. 

2. 다이슨 듀얼 청소기 브러시 호환
5만원

3. 다이슨 배터리 대용량 28000mAh
6만원

4. 다이슨 물걸레 청소 키트
미사용입니다.
여분 걸레도 같이 일괄입니다.
v7, v8, v10, v11, v15에 호환이라고 하네요.
5만원

☑️직거래주소
중랑구 면목동 651-43(사가정역 근처)
요청시 무인택배함(현관문 왼쪽뒷편)or 택배가능

☑️소정의 예약금 또는 바로 출발하실때 “예약”으로 변경합니다. 약속을 안지키는분들이.. 생각보다 너무 많네요..

☑️중고거래 특성상, 교환/환불 불가합니다.",40000
청소기,다이슨 청소기,다이슨 V8 앱솔루트퍼플 무선 청소기.새베터리거치대교체8.22일교체. 깨끗한거구입하실분만,거래중,"185,000원",마천동,2026-08-03,0,1,28,40.9℃,조은만남,,,,185000
청소기,다이슨 청소기,다이슨 SV18 무선청소기(부품용),거래중,"35,000원",마천동,2026-09-01,1,1,24,51.9℃,상점3158,생활가전,,"다이슨 SV18 무선청소기 부품이에요
사진에 보이는 먼지통 필터 포함입니다
부품용입니다 먼지통필터 부서진곳
없이 깨끗합니다  부품용으로  작동여부 질문못받아요",35000
청소기,다이슨 청소기,다이슨 직구용 롤러 브러쉬,거래중,"30,000원",마천동,2026-08-14,0,3,97,43.1℃,백만송이,뷰티/미용,,"다이슨 직구용 롤러 브러쉬입니다
사진에서 보이는 그대로의 모습이에요
다이슨 청소기 호환 브러쉬로 먼지 제거에 탁월해요
바닥 먼지를 효과적으로 흡입해주는 제품이랍니다
",30000
청소기,다이슨 청소기,다이슨 청소기 부속 툴 세트 안써봄,거래중,"8,000원",마천동,2026-08-31,0,0,8,51.3℃,반딧불,생활가전,,"다이슨 청소기 부속 툴 세트입니다
사진에 보이는 구성품 그대로 드려요
다양한 청소 환경에 맞춰 활용하기 좋아요 
집안 구석구석 깨끗하게 청소하고 싶으신 분들께 추천드려요
택배 배송 가능합니다 교환 환불 안됩니다 ",8000
청소기,다이슨 청소기,다이슨 샤크 급 무선 진공 핸디 스틱 BLDC 청소기 미개봉 상품 팔아요,거래중,"75,000원",마천동,2026-06-03,5,33,833,39℃,깍쨍,생활가전,,,75000
청소기,다이슨 청소기,다이슨 V8 앱솔루트 무선 청소기 부속으로 팝니다,거래중,"70,000원",마천동,2026-08-06,3,3,87,78.6℃,여호수아,생활가전,,,70000
청소기,다이슨 청소기,다이슨 V8 앱솔루트퍼플무선 청소기새베터리8.22일교체거치대85000포함.깨끗한거구입하실분만,거래중,"198,000원",마천동,2026-08-02,0,8,368,41.8℃,조은인연,,,,198000
청소기,다이슨 청소기,상태좋은 다이슨 소프트 롤러 헤드 - 정품은 입니다.,거래중,"50,000원",마천동,2026-07-03,1,11,199,50.9℃,머제스틱,뷰티/미용,,,50000
청소기,다이슨 청소기,다이슨 360 vis nav 로봇 청소기 혼합색상,거래중,"400,000원",마천동,2026-09-01,0,1,30,40.4℃,짐줄이기프로젝트,생활/주방,,,400000
청소기,다이슨 청소기,다이슨V10바닥용헤드,거래중,"25,000원",마천동,2026-08-02,0,1,71,99℃,당근사랑,생활가전,,"다이슨청소기 V7V8V10V11V15
다호환됩니다
깨끗합니다 작동잘됨니다 ",25000
청소기,다이슨 청소기,다이슨 V11 V10 V8 V7 바닥헤드 카펫트 브러쉬 - 거의 새제품 입니다.,거래중,"50,000원",마천동,2026-07-03,0,0,101,50.9℃,머제스틱,생활가전,,,50000
청소기,다이슨 청소기,다이슨 V10소프트롤라,거래중,"42,000원",마천동,2026-08-07,0,0,30,99℃,당근사랑,생활가전,,"다이슨청소기 V8V10V11V15에
호환되는소프트롤라
정품입니다
조용히 작동잘됩니다
세척다했음니다 ",42000
청소기,다이슨 청소기,다이슨V10브러쉬1개,거래중,"40,000원",마천동,2026-08-04,0,2,31,99℃,당근사랑,생활가전,,"다이슨청소기 소프트롤라
입니다
내부머리카락 청소는 완벽하게 다했구요 
작동도 잘됨니다 ",40000
청소기,다이슨 청소기,다이슨 V8 플러피퍼플무선청소기 .새베터리거치대교체8.22일. 깨끗한거구입하실분만,거래중,"185,000원",마천동,2026-08-02,0,5,455,41.8℃,조은인연,,,,185000
청소기,다이슨 청소기,다이슨 무선청소기 거치대 충전기아답터 포함. 깨끗한거구입하실분만,거래중,"100,000원",마천동,2026-08-17,0,1,108,41.8℃,조은인연,디지털기기,,,100000
청소기,다이슨 청소기,차이슨 다이슨급 무선 핸디 스틱 청소기 새상품 미개봉 팝니다,거래중,"75,000원",마천동,2026-06-03,3,9,180,39℃,깍쨍,생활가전,,,75000
청소기,다이슨 청소기,[S급/미사용] 다이슨 360 Vis Nav 로봇청소기 (RB03),거래중,"350,000원",마천동,2026-09-01,0,3,34,37.4℃,마을젤리,가구/인테리어,,,350000
청소기,다이슨 청소기,다이슨 V6 무선청소기 호환용 대용량 배터리 (새상품)(6500mah),거래중,"29,000원",마천동,2026-08-31,0,1,5,99℃,Chanel,생활가전,,,29000
청소기,다이슨 청소기,[새제품] 다이슨 매트리스·패브릭 청소 브러시 툴,거래중,"10,000원",마천동,2026-05-04,1,2,57,56℃,필립스커피머신관리진심남,생활가전,,,10000
청소기,다이슨 청소기,[세재품]다이슨 와이드 노즐 툴 / 매트리스·패브릭용 ​,거래중,"10,000원",마천동,2026-05-04,0,1,32,56℃,필립스커피머신관리진심남,생활가전,,,10000
청소기,다이슨 청소기,다이슨 무선청소기 정품 충전기 (어댑터 / V6 V7 V8 V10 등 호환),거래중,"20,000원",마천동,2026-08-15,0,2,74,56℃,필립스커피머신관리진심남,생활가전,,,20000
청소기,다이슨 청소기,행사가격 다이슨급 무선 스틱 청소기 새상품 싸게 사세요,거래중,"75,000원",마천동,2026-06-03,0,6,238,39℃,깍쨍,생활가전,,,75000
청소기,다이슨 청소기,다이슨급 프리미엄 무선 저소음 청소기 팔아요,거래중,"75,000원",마천동,2026-06-03,1,2,142,39℃,깍쨍,생활가전,,,75000
청소기,다이슨 청소기,다이슨 360 Vis Nav 로봇청소기,거래중,"500,000원",마천동,2026-07-03,0,1,47,50.5℃,청주송절보물상자,가구/인테리어,,"다이슨 360 Vis Nav 로봇청소기입니다

강력한 흡입력으로 집안 구석구석 깨끗하게 청소해줘요

MyDyson 앱 연결도 가능합니다

작동 테스트마 해봤어요

원가 70만원 내외",500000
청소기,다이슨 청소기,다이슨V10침구모타,거래중,"9,000원",마천동,2026-06-03,0,3,67,99℃,당근사랑,생활가전,,"다이슨청소기전용
 침구모타 입니다
V7 V8 V10 V11 V15
전용입니다
중고이고 깨끗합니다 ",9000
청소기,다이슨 청소기,다이슨 무선청소기 벽걸이 충전아답터포함.고가제품거치대,거래중,"98,000원",마천동,2026-08-17,0,0,15,40.9℃,조은만남,생활가전,,,98000
청소기,다이슨 청소기,다이슨 V10 무선청소기,거래중,"129,000원",마천동,2026-05-04,4,17,565,99℃,빗길조심,생활/주방,,"다이슨 V10 으로 묵직한 무게감으로 강력한 청소가 가능합니다.
내외부 세척해두었고 사용감 있으나 관리되어 상태는 괜찮습니다. 아파트정도는 무리없이 청소가 됩니다.
운반협의

사진에 보이는 구성품 모두 포함되어 있어요
강력한 흡입력으로 집안 구석구석 깨끗하게 청소할 수 있어요
바쁜 일상 속에서도 간편하게 청소하고 싶으신 분들께 추천드려요",129000
청소기,다이슨 청소기,다이슨 360 Vis Nav 로봇청소기 블루,거래중,465원,마천동,2026-08-02,1,1,85,50.5℃,청주송절보물상자,생활가전,,"다이슨 360 Vis Nav 로봇청소기 블루 색상이에요
강력한 흡입력과 스마트한 네비게이션 기능으로 집안 구석구석 깨끗하게 청소해줘요
박스 구성품 그대로 있어요
깔끔한 디자인으로 인테리어 효과까지 있는 로봇청소기랍니다
바쁜 일상 속 청소 부담을 덜어줄 똑똑한 청소 파트너를 만나보세요

최저 70만원 위아래 정도 됩니다

결제 한도 20만원으로 인해 

465원으로 올렸어요.

거의 미사용 새상품이라고 보셔도 됩니다

판매가 465,000원 입니다.

구매 원하실 경우 채팅 주세요 택배 됩니다.",465
청소기,다이슨 청소기,(세제품)다이슨 정품 '로우 리치(Low Reach) 어댑터' 90도 꺽임,거래중,"10,000원",마천동,2026-03-05,1,1,54,56℃,필립스커피머신관리진심남,생활가전,,,10000
청소기,다이슨 청소기,다이슨물걸래청소기부품,거래중,"45,000원",마천동,2026-06-03,1,3,106,99℃,당근사랑,생활가전,,"WR01 다이슨 물걸래청소기 부품전부 팝니다
배터리하고 기둥입니다
충전기도 드립니다 충전기는
17.3V이고마이크로다이슨SV19청소기에도
같이호환됩니다
전체같이팝니다
여기서충전기배터리부분적으로는 안팝니다


",45000
청소기,다이슨 청소기,[새제품] 다이슨 V6 배터리 (12800mAh 대용량),거래중,"57,000원",마천동,2026-05-04,0,3,87,56℃,필립스커피머신관리진심남,생활가전,,,57000
청소기,다이슨 청소기,정품 다이슨 크레비스 툴 v7 v8 v10 v11 v15,거래중,"28,000원",잠실4동,2026-03-05,0,0,39,45.4℃,안뇽,생활가전,,"다이슨 크레비스 툴입니다
정품은 비싸요. 
틈새 청소에 유용한 도구입니다
약간의 사용감 있습니다",28000
청소기,다이슨 청소기,다이슨 V8 앱솔루트 무선 청소기,거래완료,"70,000원",잠실4동,2026-09-01,1,2,58,45℃,해러라,생활가전,,"다이슨 V8 앱솔루트 무선 청소기 판매해요
사진에 보이는 구성품 모두 포함되어 있어요
깔끔한 디자인으로 인테리어 효과도 좋아요
강력한 흡입력으로 집안 구석구석 깨끗하게 청소할 수 있어요",70000
청소기,다이슨 청소기,다이슨 무선 청소기,거래완료,"30,000원",풍납동,2026-08-30,4,1,148,38.5℃,척척학사,생활가전,,"다이슨 무선 청소기예요
사진에서 보이는 구성품 모두 포함되어 있어요

청소기가 먼지가 좀 쌓여서 닦고 쓰셔야 할듯 합니다",30000
청소기,다이슨 청소기,다이슨 V7 fluffy 무선청소기,거래완료,"70,000원",풍납2동,2026-08-17,1,7,181,41℃,케플라비,생활가전,,"다이슨 V7 fluffy 무선청소기입니다.

사진에 보이는 청소기 헤드 전체 포함입니다.

배터리는 호환품으로 교체하여 사용했습니다.

25분 이상 작동 되는것 확인했습니다.",70000
청소기,다이슨 청소기,다이슨 V8 앱솔루트 무선청소기,거래중,"80,000원",마천동,2026-09-01,0,0,57,99℃,강능,생활가전,,"다이슨 V8 앱솔루트 무선청소기입니다
다양한 구성품과 함께 있어 활용도가 높아요
사진에서 보이는 그대로의 제품입니다
청소 효율을 높여줄 제품을 찾으시는 분들께 추천드려요
배터리20분요",80000
청소기,다이슨 청소기,다이슨 V10 앱솔루트 청소기,거래중,"150,000원",마천동,2026-09-01,0,0,24,40.4℃,코알라,생활가전,,"다이슨 V10 앱솔루트 무선 청소기입니다
강력한 흡입력으로 집안 구석구석 깨끗하게 청소할 수 있어요

청소기를 새로 구매해서 내놓습니다",150000
청소기,다이슨 청소기,다이슨 V11 무선청소기 풀구성,거래중,"150,000원",가락1동,2026-09-01,0,10,81,45.2℃,무지,생활가전,문고리거래합니다.,"다이슨 V11 앱솔루트 입니다.
기본 구성 외에는 거의 사용을 안했습니다.

구입시기: 23년 2월
2년정고 사용하고 작년부터는 거의 사용을 안했고 방치히고 있어서 판매합니다.

특이사항
 - 메인 헤드에는 아크릴 부분 금
 - 메인 헤드 롤 한곳 보풀 약간

헤드 상세 부분은 10번 사진 참고 부탁드립니다.

사용하시다가 헤드만 교체해도 문제 없을 듯 합니다. 
먼지통 및 필터 청소하였습니다.

거치대도 필요하시면 드리겠습니다.

문고리거래합니다.",150000
청소기,다이슨 청소기,다이슨 V10 무선청소기 풀세트,거래완료,"150,000원",가락2동,2025-12-05,3,0,213,37℃,밤비루,생활가전,,"다이슨 V10 무선청소기 풀세트 판매합니다
- 스탠드 포함되어 있습니다
- 다양한 툴을 제공하여 편리하게 사용할 수 있습니다
-필요하시면 사진 더 보내드립니다
-이유있는 적당한 네고 가능합니다",150000
청소기,다이슨 청소기,다이슨 V8앱솔루트 무선 청소기 본체,거래중,"30,000원",마천동,2026-08-28,3,14,647,38.7℃,몽이뭉,생활가전,,"다이슨 V6 앱솔루트 무선 청소기 본체예요
사진으로 확인 가능한 구성품만 있어요
깔끔한 청소를 도와줄 거예요",30000
청소기,다이슨 청소기,다이슨 V6 Absolute 청소기 송파,거래중,"40,000원",거여2동,2026-06-03,1,14,584,45.3℃,수지닝,생활가전,,"다이슨 V6 앱솔루트(헤파필터) 무선청소기 판매합니다

- 배터리 방전돼서 교체하셔야해요! 알리 사제 사서 교체 가능하다네용
- 10만원 넘게 주고 산 거치대도 드려요
- 직구로 구매하여 어댑터는 110v
   (인터넷에 220v 호환 어댑터 팔고있음)
   (100~240v 지원되는 프리볼트 제품이라 돼지코
     끼워서 사용했음, 돼지코 드림)",40000
청소기,다이슨 청소기,다이슨 V10 청소기 헤드 판매합니다,거래중,"35,000원",잠실본동,2026-09-01,0,2,41,71.9℃,세팔이,생활가전,,"다이슨 V10 청소기 헤드 판매합니다 
미사용입니다 ",35000
청소기,다이슨 청소기,다이슨 헤어 스크류 툴 송파,거래중,"9,000원",거여동,2026-07-03,0,5,122,48.3℃,크롬,생활가전,거여역 8번 출구,"다이슨 헤어 스크류 툴(973964-01) 새상품입니다
다이슨 펜슬백 청소기와 호환됩니다",9000
청소기,다이슨 청소기,다이슨 V6 무선청소기 본체만 판매합니다,거래중,"25,000원",마천동,2026-09-01,0,0,28,99℃,다이슨청소기,생활가전,,"다이슨청소기  V6(DC62) 본체 부품판매 합니다 
본체 및 외관은 기스없고  깨끗합니다 
 밧데리는 성능이 2분정도  기존쓰시던것 교체하신후 사용하세요
먼지통 사용 또는 싸이클론을 부품용 또는 본체  사용하실분 서브용 으로 사용 하셔도 됩니다 
완전분해청소완료  바로사용하시면 됩니다

GS25만수삼환점 앞 
",25000
청소기,다이슨 청소기,다이슨무선청소기 디지털슬림 소프트롤러헤드,거래중,"32,000원",마천동,2026-09-01,0,3,27,97℃,송별서,생활가전,,,32000
청소기,다이슨 청소기,다이슨 V6 무선청소기,거래중,"100,000원",가락본동,2026-06-03,1,4,123,40.6℃,공주사랑,생활가전,직거래만 가능,"다이슨 v6 무선청소기 판매합니다
최대용량 새배터리로 교체된 제품입니다

- 21.6V 배터리 0em 최대용량 12800 mAh 
 틈새 노즐 추가 구매했습니다

직거래만 가능",100000
청소기,다이슨 청소기,다이슨 청소기 헤드 V7 V8 V10 V11 V15 소프트롤러 브러시 프리미엄 초록 LED,거래중,"75,000원",마천동,2026-08-02,1,27,657,61.8℃,미니,,,,75000
청소기,다이슨 청소기,다이슨 청소기 헤드,거래중,"10,000원",마천동,2026-09-01,1,3,94,50.7℃,깨옥,생활가전,,"다이슨 청소기 헤드입니다
사진에서 보이는 그대로의 제품이에요
다양한 다이슨 모델과 호환 가능합니다
깨끗한 바닥 청소를 도와줄 거예요",10000
청소기,다이슨 청소기,다이슨 무선청소기 부속 툴 세트 새제품 같아요 송파,거래중,"50,000원",풍납1동,2026-08-03,0,1,80,85.5℃,leeeeeeee,생활가전,,"다이슨 무선청소기 정품 부속 툴 세트예요
다양한 청소 환경에 맞춰 사용할 수 있는 구성품들로 준비했어요
사진에서 보이는 모든 구성품 포함되어 있어요
다이슨 청소기 활용도를 높여줄 좋은 기회 놓치지 마세요",50000
청소기,다이슨 청소기,다이슨 DC46 유선 청소기,거래중,"51,000원",가락1동,2026-08-02,2,4,95,99℃,보석상자,생활가전,송파역 부근에서 직거래 합니다,"다이슨 DC36 카본파이버 유선 청소기입니다
강력한 흡입력으로 집안 구석구석 깨끗하게 청소할 수 있어요
청소 효율을 높여줄 다이슨 청소기를 만나보세요
상태는 사진으로 대신합니다
송파역 부근에서 직거래 합니다
자차이용시 가락1동 주민센터 주차장입니다",51000
청소기,다이슨 청소기,다이슨 v10 sv12 사이클론 앱솔루트 무선청소기,거래중,"200,000원",문정동,2026-08-10,0,0,16,34.9℃,텐도,기타 중고물품,,,200000
청소기,다이슨 청소기,다이슨 소프트롤러 헤드,거래중,"30,000원",마천동,2026-09-01,0,11,137,38.8℃,땅골,뷰티/미용,,"다이슨 청소기 소프트롤러 헤드 v7~12가능합니다
",30000
청소기,다이슨 청소기,다이슨청소기 방전배터리,거래중,"5,000원",문정2동,2025-09-01,4,2,416,52.1℃,감자맘,생활가전,,"다이슨청소기 방전 배터리입니다.
필요하신분 연락주세요.
",5000
청소기,다이슨 청소기,다이슨 무선청소기 구성품,예약중,"30,000원",문정2동,2026-09-01,0,0,,,,,,,30000
청소기,다이슨 청소기,다이슨 V8 무선 청소기 본체,거래중,"35,000원",마천동,2026-09-01,1,3,140,54.8℃,잉원,생활가전,,"다이슨 V8 무선 청소기 본체입니다
사진에서 보이는 그대로의 제품이에요
강력한 흡입력으로 집안 구석구석 깨끗하게 청소할 수 있어요
청소기 본체만 필요하신 분들께 추천드려요
배터리 살아 있습니다 ",35000
청소기,다이슨 청소기,다이슨청소기거치대 거의새것 송파,예약중,"7,000원",거여동,2025-09-01,2,0,117,62.4℃,jyr,생활가전,거여역2번  또는 문고리,,7000
청소기,다이슨 청소기,다이슨 청소기 V11 부품 세트,거래중,"55,000원",마천동,2026-08-21,3,3,397,62.5℃,대끼리아재,생활가전,,"다이슨 청소기 V11  부품 세트 판매해요 
사용가능 가능 모델 V11  V10 
분해 청소 깨끗하게 했습니다.
상태는 A급입니다.
사진에 보이는 구성품 모두 드려요
다양한 청소 환경에 맞춰 사용할 수 있는 헤드와 연장관 포함이에요
청소 효율을 높여줄 다이슨 청소기 부품 세트로 깔끔한 집을 만들어보세요",55000
청소기,다이슨 청소기,다이슨 애니버서리 빅볼 청소기,거래중,"130,000원",마천동,2026-08-11,0,3,,,,,,,130000
청소기,다이슨 청소기,다이슨 V8 카펫 헤드.엉킴바지 헤드,거래중,"24,000원",마천동,2026-08-24,0,6,150,89.4℃,상남대동,생활가전,,"다이슨 V8 무선 청소기용 카펫 헤드

먼지 엉킴 방지 기능이 있어서 깔끔하게 청소할 수 있어요~♡
일반적으로 판매되는 카펫헤드롤러는
엉김방지 기능은 없지만....이 제품은
롤러 옆으로 엉킴방지 슬롯이 여러개
있어서 머리카락이나 강아지털 같은걸 효과적으로 롤러에서 분리해서 청소기로 빨아당깁니다~♡

사용감은 조금 있지만....
기능상 아무런 문제가 없고 상태는
사진과 같이 양호합니다~♡
싸게 올려드리니....
빨리 가져가시는분이 임자입니다 ~♡
",24000
청소기,다이슨 청소기,다이슨무선청소기 정품 고토크모터헤드,거래중,"28,000원",마천동,2026-08-02,0,12,379,97℃,송별서,생활가전,,"다이슨무선청소기 정품 고토크모터헤드 입니다 
고토크모터헤드 는 모터부터가 다릅니다 
강력하고 청소가 잘됩니다
v11구성품 이지만 v10.v11.v12.v15 사용가능합니다 
세척해놨고  상태좋습니다 
택배가능합니다 ",28000
청소기,다이슨 청소기,다이슨 V10 청소기 카페트헤드 판매,거래중,"35,000원",마천동,2026-08-15,0,10,398,83.3℃,욘쿄4889,생활가전,,"구매후   3번쓰고   보관중  상태  아주좋아요

다이슨 V10 청소기 카페트헤드입니다

v7.v8.v10.v11 모두사용가능합니다 

사진에 보이는 구성품 그대로 드려요

새 제품 가격으로 부담 없이 만나보세요

깨끗한 바닥 청소를 위한 필수템이에요",35000
청소기,다이슨 청소기,다이슨 청소기 액세서리 풀세트,거래중,"15,000원",마천동,2026-09-01,0,2,46,37.6℃,찐요,생활가전,,"다이슨 청소기 액세서리 풀세트 판매해요
다양한 청소 환경에 맞춰 사용할 수 있는 구성품들이에요
사진에서 보이는 모든 구성품 포함되어 있어요
다이슨 청소기 활용도를 높여줄 좋은 기회예요",15000
청소기,다이슨 청소기,다이슨 미니 모터 헤드,거래중,"10,000원",마천동,2026-09-01,0,0,14,50.7℃,깨옥,생활가전,,"다이슨 미니 모터 헤드입니다
사진에서 보이는 그대로의 제품이에요
다이슨 청소기 헤드로 사용 가능해요
좁은 공간 청소할 때 유용하게 사용하실 수 있어요
완전새거",10000
청소기,다이슨 청소기,다이슨무선청소기 디지털슬림 정품 헤파필터,거래중,"5,000원",마천동,2026-09-01,0,3,12,97℃,송별서,생활가전,,,5000
청소기,다이슨 청소기,다이슨 청소기 침구 헤드,거래중,"15,000원",마천동,2026-06-03,0,7,216,49.1℃,콰트로,생활가전,,"다이슨 청소기 침구 헤드 판매해요
사진에 보이는 구성품 그대로 드려요
침구류 먼지 제거에 탁월한 성능을 자랑해요
침구류 먼지 제거에 탁월한 성능을 자랑하는 헤드로 깨끗한 침실 환경을 만들어보세요",15000
청소기,다이슨 청소기,다이슨무선청소기 침구용 미니모터헤드 v7.v8.v10.v11,거래중,"9,000원",마천동,2026-05-04,4,7,456,97℃,송별서,생활가전,,,9000
청소기,다이슨 청소기,다이슨 Dyson V7 V8정품 전기 충전기,거래중,"12,000원",마천동,2026-09-01,0,0,10,99℃,알렉스,디지털기기,,"다이슨 정품 충전기 어댑터예요

다이슨 정품 충전기입니다
모델명: 205720-07
전압: 100-240V
다이슨 무선 청소기 사용하시는 분들께 꼭 필요한 정품 충전기입니다

구성품은 사진에 보이는 충전기 본체와 케이블입니다
다이슨 제품 사용하시는 분들께 꼭 필요한 아이템이에요",12000
청소기,다이슨 청소기,다이슨 V8 거치대,거래중,"30,000원",마천동,2026-08-10,2,14,653,64.5℃,당근816,생활가전,,"다이슨 V8 모델에 사용 가능한 거치대예요
사진에 보이는 구성품 그대로 드려요
깔끔하게 정리할 수 있는 스탠드형 거치대입니다
다이슨 청소기 사용하시는 분들께 추천드려요
충전기 포함입니다 
",30000
청소기,다이슨 청소기,"다이슨무선청소기 v11,정품 스탠드거치대",거래중,"35,000원",마천동,2026-08-22,3,1,370,97℃,송별서,생활가전,,"다이슨무선청소기 v10 v11 정품 스탠드거치대 
청소기 거치및 충전할때 사용하는
스탠드거치대입니다",35000
청소기,다이슨 청소기,다이슨 물걸레 청소 헤드,거래중,"25,000원",마천동,2026-08-02,1,16,254,99℃,아나바다,생활가전,,"다이슨 무선 청소기에 호환되는 물걸레 청소 헤드예요
v7~11
미사용품입니다.
물걸레 키트 1세트로 구성되어 있으며,
분당 150회 회전으로 꼼꼼하게 청소할 수 있어요
",25000
청소기,다이슨 청소기,다이슨v10무선 청소기입니다,거래중,"10,000원",마천동,2026-08-29,1,8,379,48.9℃,퍼시범,생활가전,,"다이슨v10 트리거뭉치
V10모델 스위치고장 수리용
입니다.
필요한분챗팅주세요
각각 1만원입니다
택배도가능합니다
교환.반품안됨",10000
청소기,다이슨 청소기,다이슨 플러피 헤드,거래중,"25,000원",마천동,2026-08-02,0,5,200,81.6℃,호야,생활가전,,,25000
청소기,다이슨 청소기,다이슨 청소기 헤드V7 V8V10V11,거래중,"49,000원",마천동,2026-08-19,0,1,192,99℃,말본,생활가전,,"다이슨 청소기 헤드 판매해요
사진에 보이는 구성품 그대로 드려요
청소기 사용에 필요한 핵심 부품이에요
깨끗하게 청소해서 사용하실 분께 추천드려요",49000
청소기,다이슨 청소기,SATUO T5 다이슨 호환 물걸레 청소기 헤드,거래중,"40,000원",마천동,2026-01-04,0,2,204,37.4℃,후니,생활가전,,,40000
청소기,다이슨 청소기,다이슨 무선 청소기 스텐드충전거치대 (모델 SV14),거래중,"85,000원",마천동,2026-08-23,0,3,203,43.8℃,꼬꼬댁,생활가전,,,85000
청소기,다이슨 청소기,(미사용 새상품) 다이슨 청소기 서브마린 물걸레 물청소 헤드+헤드트레이,거래중,"89,000원",마천동,2026-04-04,2,28,1538,48.6℃,그리미,생활가전,,,89000
청소기,다이슨 청소기,"다이슨 청소기 침구류헤드 판매(정품,미사용)",거래중,"15,000원",마천동,2026-08-24,0,3,60,46.7℃,남악주민,생활가전,,,15000
청소기,다이슨 청소기,다이슨 청소기 장난감,거래중,"25,000원",마천동,2026-08-13,0,2,127,43.1℃,나나,유아동,,"상태 좋아요!
관심있는 분 쳇 주세요",25000
청소기,다이슨 청소기,다이슨 청소기 거치대 V7 V8 호환,거래중,"10,000원",마천동,2026-08-11,0,1,,,,,,,10000
청소기,다이슨 청소기,"부품용 다이슨 V7, V8 무선 청소기 싸이클론과 먼지통 - 하자있슴.",거래중,"15,000원",마천동,2026-08-19,1,9,1098,73.8℃,산수자명,생활가전,,,15000
청소기,다이슨 청소기,다이슨 청소기 장난감 (오렌지),거래중,"7,000원",마천동,2026-08-19,5,3,146,52.5℃,aurora,유아동,,"아이들이 좋아하는 다이슨 청소기 장난감이에요
실제 청소기처럼 생긴 디자인으로 아이들의 흥미를 끌어요
오렌지색 봉이 포인트로 예쁘답니다
청소 놀이를 좋아하는 아이에게 선물하기 좋아요",7000
청소기,다이슨 청소기,구형 다이슨 청소기 정품 충전기,거래중,"8,000원",마천동,2026-09-01,0,0,20,85.3℃,세기말인간,생활가전,,"구형 다이슨 청소기 정품 충전기 판매해요. v6,7,8 모델에는 안맞습니다.
DC30, DC31, DC34, DC35, DC44, DC45, DC56 모델에 사용 가능해요
입력 100-240V, 출력 24.35V로 안정적인 충전이 가능해요
청소기 사용하시는 분들에게 꼭 필요한 제품이에요",8000
청소기,다이슨 청소기,다이슨V8,거래중,"96,000원",마천동,2026-05-04,0,2,151,99℃,당근사랑,생활가전,,"다이슨V8청소기입니다
청소도 다 했읍니다 기스전혀없어요
배터리는 26분 연속작동됩니다
잘포장해서 보내드립니다 

",96000
청소기,다이슨 청소기,새상품 다이슨 벽걸이 충전 거치대,거래중,"10,000원",마천동,2026-08-09,1,5,55,48.5℃,당근러버,생활가전,,"다이슨 청소기 벽걸이 충전 거치대입니다
사진에 보이는 구성품 모두 포함되어 있어요
깔끔하게 정리하고 충전하기 좋아요
다이슨 청소기 사용하시는 분들께 추천드려요

서브마린이나 신형제품인거 같아요 ~",10000
청소기,다이슨 청소기,다이슨 V7청소기,거래중,"90,000원",마천동,2026-08-29,0,0,35,99℃,당근사랑,생활가전,,"배터리는 표준모드로 22분연속작동됩니다 
사진속전부드립니다 
싸이클론도 분해청소 다했습니다 
",90000
청소기,다이슨 청소기,다이슨 무선 청소기 본체 및 부품,거래중,"50,000원",마천동,2026-08-02,0,8,512,48.6℃,운양동,,문고리거래 오셔서 픽엎하세요 원하시면 상세주소 드리겠습니다,"다이슨 무선 청소기 본체와 다양한 부품들을 판매해요
사진에 보이는 구성품 그대로 드려요
청소기 본체와 브러쉬, 연장관 등 필요한 부품들을 모두 갖추고 있어요
다양한 청소 환경에 맞춰 사용할 수 있는 구성이에요
밧데리는 방전 또는 없음
가격은 일괄 5만원입니다 
작동 모두 정상
문고리거래 오셔서 픽엎하세요 원하시면 상세주소 드리겠습니다 ",50000
청소기,다이슨 청소기,다이슨 V7 V8 청소기 봉 (완드) 일괄3만원,거래중,"25,000원",마천동,2026-08-02,2,9,424,83.3℃,욘쿄4889,생활가전,,,25000
청소기,다이슨 청소기,다이슨 무선청소기 V8,거래중,"50,000원",거여동,2026-09-01,0,4,33,52.4℃,창창,생활가전,,"다이슨 V8 무선청소기 판매해요
사진에 보이는 구성품 모두 포함되어 있어요
다이슨 특유의 강력한 흡입력으로 먼지 걱정 끝
집안 구석구석 깔끔하게 청소해보세요",50000
청소기,다이슨 청소기,다이슨 V10오리진 플러피 무선청소기,거래중,"120,000원",거여동,2026-09-01,0,4,65,99℃,비산1,생활가전,,"다이슨 V10오리진 플러피 무선청소기입니다
구성품은 사진에 보이는 본체, 충전 거치대, 충전기입니다
강력한 흡입력으로 집안 구석구석 깨끗하게 청소할 수 있어요
먼지 날림 없이 깔끔하게 청소하고 싶으신 분들께 추천드려요
1단으로 35분쯤 사용 가능한 상태라 
배터리 교체 안해도 충분히 사용 가능합니다
깔끔하게 사용했습나다",120000
청소기,다이슨 청소기,다이슨 V8 플러피 무선 청소기,거래중,"118,000원",거여동,2026-09-01,1,2,52,99℃,당근중독,생활가전,,"다이슨 V8 플러피 무선 청소기 판매해요
배터리오래가요
먼지통과  브러시청소해뒀습니다


사진에 보이는 구성품 모두 포함되어 있어요
거치대와 다양한 청소용 툴까지 모두 갖춰져 있답니다
강력한 흡입력으로 집안 구석구석 깨끗하게 청소할 수 있어요
",118000
청소기,다이슨 청소기,다이슨 V7 플러피 레드 무선 청소기,거래중,"65,000원",석촌동,2026-09-01,1,7,176,37.9℃,행복사냥꾼,생활가전,,"다이슨 V7 플러피 레드 무선 청소기예요
사진에 보이는 구성품 그대로 드려요
깔끔한 디자인으로 어느 공간에나 잘 어울려요
먼지 날림 없이 강력한 흡입력으로 집안 구석구석 깨끗하게 청소할 수 있어요",65000
청소기,다이슨 청소기,다이슨 청소기 v10,거래중,"60,000원",위례동,2026-08-02,4,16,1894,56.1℃,행복아,생활가전,경기도 오산시 원동 이편한세상 아파트 직거래만 가능❗️,"오래된 청소기라 배터리 방전됐습니다
작동 스위치가 됐다 안됐다 한다고 합니다
수리하셔서 사용하실분 
*사진에 없지만 부속품 다 드려요

❗️(부모님 대신 올려요)
경기도 오산시 원동 이편한세상 아파트 직거래만 가능❗️
https://open.kakao.com/o/sIU2L2wd",60000
청소기,다이슨 청소기,강력한 다이슨 유선청소기👍🏻,거래중,"50,000원",거여동,2026-09-01,0,1,23,55.4℃,미니멀추구,생활가전,,"사용감 있지만 엄청 강력합니다!!
필터 필요없이 세척해서 쓰는거구요~
장판이 빨려들어갈듯이 강력해요😊!!
3번째 사진에 보이는 것처럼 보관할때 본체에 꽂는 플라스틱이 부러졌긴한데.. 사용하는데는 전혀 지장없어요~ 세워두시면 되요^^",50000
청소기,다이슨 청소기,다이슨 마이크로 무선청소기,거래중,"90,000원",거여동,2026-08-29,2,7,188,39.6℃,민채,생활가전,,"다이슨 마이크로 무선청소기입니다
가볍고 강력한 흡입력으로 집안 곳곳을 깔끔하게 청소할 수 있어요
사진에서 보이는 구성품 그대로 드립니다
작은 공간에도 쏙 보관할 수 있어 편리해요
자취생이나 1인 가구에게 안성맞춤인 청소기랍니다
부품은 사진에 전부입니다. 작동은 잘됩니다. 문제가 없습니다",90000
청소기,다이슨 청소기,정품 다이슨 청소기 v7 v8 v10 v11 v15 브러쉬 잠실4동,거래중,"28,000원",거여동,2026-03-05,1,1,80,45.4℃,안뇽,생활가전,,"다이슨 청소기 브러쉬 툴입니다
정품은 비싸요. 
먼지 제거에 효과적입니다",28000
청소기,다이슨 청소기,정품 다이슨 청소기 툴 v7 v8 v10 v11 v15 잠실4동,거래중,"18,000원",가락동,2026-03-06,0,0,65,45.4℃,안뇽,생활가전,,"다이슨 청소기 툴입니다
정품은 비싸요. 
회색이고 사용감 있습니다",18000
청소기,다이슨 청소기,정품 다이슨 청소기 벽걸이 거치대 V7 V8 잠실4동,거래중,"20,000원",거여동,2026-03-05,1,0,98,45.4℃,안뇽,생활가전,,"다이슨 청소기 벽걸이 거치대입니다
정품은 비싸요. 
V7, V8 모델에 호환됩니다
다이슨 무선청소기는 강력한 흡입력으로 먼지를 효과적으로 제거하고, 다양한 노즐을 이용하여 집안 곳곳을 청소할 수 있습니다
벽걸이 거치대를 사용하면 청소기를 깔끔하게 보관하고 공간 활용도를 높일 수 있습니다",20000
청소기,다이슨 청소기,다이슨 v8 무선청소기 (새배터리),거래중,"140,000원",거여동,2026-09-01,0,0,39,47.7℃,나리,생활가전,,"다이슨 v8 무선청소기 입니다!
거치대 포함 풀 구성입니다.
새배터리로 교체하였습니다.

부속들은 거의 사용하지 않아서 새제품과 다름 없어요!
모터롤러(카펫롤러), 업탑어댑터,
창틀 및 구석브러쉬, 가방,
크레비스 툴, 전원 케이블, 충전용 거치대 포함해서 보관 중입니다.

바로 사용하시면 돼요~ 연락주세요",140000
청소기,다이슨 청소기,정품 다이슨 미니 모터 헤드 v7 v8 v10 v11 v15 잠실4동,거래중,"38,000원",가락동,2026-03-06,0,1,60,45.4℃,안뇽,생활가전,,"다이슨 청소기 미니 모터 헤드입니다
정품은 비싸요. 
v7 v8 v10 v11 v15 사용
침구 청소할 때 유용하게 사용할 수 있습니다
브러쉬 상태는 사진에서 보이는 것처럼 양호합니다
다이슨 무선 청소기는 강력한 흡입력으로 미세먼지까지 제거해줘서 좋습니다",38000
청소기,다이슨 청소기,다이슨 v8 풀셋,거래중,"150,000원",위례동,2025-09-01,1,8,904,47.9℃,동네구경,생활가전,위례 직거래.,"다이슨 무선청소기 v8 입니다

5만원상당 거치대포함가격입니다

사용감은 있으나 작동 흡입 잘 됩니다

예민하시면 피해주세요! 대충 쓰실분.

위례 직거래.",150000
청소기,다이슨 청소기,다이슨 V10 무선 청소기,거래중,"140,000원",거여동,2026-08-26,0,3,200,39.6℃,민채,생활가전,,"다이슨 V10  무선 청소기입니다
사진에 보이는 구성품 모두 포함되어 있어요
다양한 브러쉬와 액세서리로 집안 구석구석 깔끔하게 청소할 수 있어요
흡입력 좋은 무선 청소기로 편리하게 사용해보세요.
작동 잘 됩니다",140000
청소기,다이슨 청소기,다이슨 V10 무선청소기,예약중,"50,000원",마천동,2026-08-16,4,4,409,53.9℃,범사에감사하라,생활가전,,"다이슨 V10 무선청소기입니다
부담없이 편안하게 사용하실 분
강력한 흡입력으로 집안 구석구석 깨끗하게 청소할 수 있어요
사용감 있으니 크리닝해서 사용하시고요
구성품 다 있고요, 아예 새거인 구성품도
있습니다.
충전기 있어요.
빠른 판매 원하여, 쿨 거래 원합니다.
저렴한 가격에 내놓습니다.",50000
청소기,다이슨 청소기,정품 다이슨 청소기v7 v8 v10 v11 v15 툴 브러쉬 잠실4동,거래중,"18,000원",거여동,2026-03-05,0,0,32,45.4℃,안뇽,생활가전,,"다이슨 청소기 툴입니다
정품은 비싸요. 
브러쉬 형태로 되어있습니다
회색이며, 사용감은 조금 있습니다",18000
청소기,다이슨 청소기,다이슨 청소기 보조 툴 2종!,거래중,"10,000원",거여동,2026-09-01,0,3,28,46.6℃,토생원,생활가전,,"다이슨 무선청소기 보조툴 2종!

구성품은 가장 많이 쓰는 크레비스 툴, 콤비네이션 툴 2종,  좁은 틈새나 표면 청소에 유용함.

다이슨 v7 v8 v10 v11 등 다양한 모델과 호환 가능함.  

청소 효율을 높여줄 아이템이랍니다
",10000
청소기,다이슨 청소기,정품 다이슨 청소기 v7 v8 v10 v11 v15 어댑터 잠실4동,거래중,"18,000원",거여동,2026-03-05,0,1,53,45.4℃,안뇽,생활가전,,"다이슨 청소기 부속품입니다
정품은 비싸요. 
회색이고 상태는 사진과 같습니다",18000
청소기,다이슨 청소기,다이슨 청소기 헤드 (V8/V10/V11 호환),거래중,"30,000원",풍납2동,2026-09-01,0,0,36,,,,,,30000
청소기,다이슨 청소기,다이슨 청소기 부품 용도를 모름니다 송파,거래중,"10,000원",풍납1동,2025-11-05,1,7,594,85.5℃,leeeeeeee,생활가전,,"다이슨 청소기 부품입니다
- 호스, 거치대 등 사진에 보이는 구성품으로 되어 있습니다",10000
청소기,다이슨 청소기,다이슨 V7 무선 청소기 본체,거래중,"35,000원",거여동,2026-07-03,1,12,671,51.7℃,고고,생활가전,,"다이슨 V7 무선 청소기 본체입니다. 강력한 흡입력으로 집안 구석구석 깨끗하게 청소할 수 있어요. 사진에서 보이는 구성품 그대로 드립니다. 

배터리 양호 파워모드잘작동
손잡이부분 파손

헤드롤 드림 정상작동

직접보시고 구매가능 충전기 챙겨오셔서 시험하셔두되요",35000
청소기,다이슨 청소기,다이슨 V6 Fluffy 무선청소기,예약중,"50,000원",거여1동,2026-06-03,1,1,157,38.4℃,주야s,생활가전,,"다이슨 V6 Fluffy 무선청소기입니다. 직구 상품이라 110v인데 그냥 꽂아서 쓰시면 됩니다. 
사진에 보이는 거치대와 추가 구성품 모두 포함되어 있습니다. 
최근에 배터리 교환해서 짱짱합니다. 다만 오래 되서 사용감 있습니다. 참고해서 구매해주세요.
무게가 좀 있어서 가지고 가셔야합니다.",50000
청소기,다이슨 청소기,다이슨청소기거치대 거의새것,예약중,"7,000원",거여동,2025-09-01,2,0,118,62.4℃,jyr,생활가전,거여역2번  또는 문고리,,7000
청소기,다이슨 청소기,다이슨 청소기,나눔완료,무료나눔,가락본동,2026-07-03,6,2,376,45.7℃,루삥뽕,생활가전,스테이웍스,,0
청소기,다이슨 청소기,다이슨 무선청소기,나눔완료,무료나눔,오륜동,2026-08-06,7,6,538,39.4℃,아이스라떼,생활가전,,"다이슨 무선청소기예요
사진에 보이는 구성품  포함
롯데잠실에서구매
이사로 처분해요


오셔서가져가셔야합니다",0
청소기,다이슨 청소기,다이슨 디지털 슬림 플러피 플러스 무선청소기,거래완료,"30,000원",가락동,2026-03-05,9,1,194,45.6℃,고등어,생활가전,,"다이슨 무선 청소기 판매합니다.

먼지통 안에 오염이 있고 털면 가루가 많이 나와요, 먼지통 살짝 찌그러지고 사용감 많습니다.
거치대,충전기,노즐 여러개 같이 드려요.
사용감 많고 흡입력 처음보다 떨어져서 싸게 올려요.
고쳐쓰실분이 가져가시면 좋을 것 같아요.",30000
청소기,다이슨 청소기,다이슨 V8 무선 청소기 오렌지,거래완료,"50,000원",가락동,2026-08-07,4,3,161,37.4℃,인프라,생활가전,,"다이슨 V8 무선 청소기 오렌지 색상이에요.
본체와 충전기, 부속 도구 등 다양한 구성품 포함되어 있어요. 6년 정도 사용하였지만 상태는 좋은 편으로 사진에서 보이는 그대로의 모습이에요.
바테리 문제로 최대 출력으로는 사용에 제한이 있으나 중간 흡입력으로 집안 구석구석 깨끗하게 청소할 수 있어요. 한번 충전으로 약 20분 사용.",50000
청소기,다이슨 청소기,다이슨 V8 플러피프로 무선청소기,거래완료,"30,000원",거여1동,2026-08-02,4,1,187,40.6℃,부엉이,생활가전,,"충전밧데리 사제로 구매하셔서 사용하셔야합니다
다이슨 V8 플러피프로 무선청소기입니다
사진에서 보이는 구성품 그대로 드려요
강력한 흡입력으로 집안 구석구석 깨끗하게 청소할 수 있어요
자취하시는 분이나 1인 가구에 딱 맞는 청소기랍니다",30000
청소기,다이슨 청소기,다이슨 펜슬백 플러피 스틱청소기 새상품,거래완료,"380,000원",오금동,2026-08-02,5,9,366,40.1℃,햄버거사냥꾼,생활가전,,"선물받은 제품 신나게 뜯어보니 원하던 제품이 아니라서 판매합니다.
한번도 사용안했습니다.
제품 두성 그대로 입니다.
쿠팡에서 사시는것보다 싸게팔아요~",380000
청소기,다이슨 청소기,다이슨 V10 무선 청소기 레드,거래완료,"100,000원",오금동,2026-06-03,1,1,139,39.5℃,월드챔피언,생활가전,,"다이슨 V10 무선 청소기입니다
강력한 흡입력으로 집안 구석구석 깨끗하게 청소할 수 있어요
사진에서 보이는 구성품 그대로 드립니다
청소하기 편한 무선 타입이라 더욱 좋아요
흡입력 좋은 청소기 찾으시는 분들께 추천드려요",100000
청소기,다이슨 청소기,다이슨 V8 무선청소기(풀세트),거래완료,"80,000원",잠실동,2026-06-03,4,2,201,37.1℃,월드홍반장,생활가전,,"다이슨 V8 무선청소기입니다
사진에 보이는 구성품 모두 포함되어 있어요

삼성청소기 새로 구매하면서 기존 다이슨청소기 판매합니다
",80000
청소기,다이슨 청소기,다이슨 V8 FLUFFY (거치대 포함),거래완료,"15,000원",문정동,2026-08-02,1,1,115,45.7℃,쿰칫쿰칫,생활가전,,"새 청소기가 생겨서 사용중인 청소기 처분합니다.
사진처럼 구성품포함 전부 드리겠습니다.
사용한 지 좀 지나서 배터리 수명이 짧은데, 인터넷으로 구매하여 쉽게 교체 가능합니다. 

사용감이 많으니 감안하고 가져가주시면 감사하겠습니다.",15000
청소기,다이슨 청소기,다이슨 V6 플러피 무선 청소기,거래완료,"25,000원",가락본동,2026-08-02,3,3,75,46.3℃,클라우드,생활가전,문고리 거래만 합니다.,"다이슨 V6 플러피 무선 청소기입니다. 
미국 모델이라 220v 돼지코 같이 사용했습니다. 
사진에 보이는 거치대도 같이 드려요. 
문고리 거래만 합니다.",25000
청소기,다이슨 청소기,다이슨 V8 청소기,거래완료,"25,000원",거여동,2026-08-02,1,3,522,72.8℃,인바이팅,생활가전,,"다이슨 청소기 입니다

새제품 구입하면서 내놓습니다

하자는 2,3,4,5번 사진 보시면

부러진 부분, 주름관 찢어진 부분 있습니다
배터리는 호환 배터리로 잘 돌아갑니다

구동시간은 모르겠습니다
그전까지 찢어진거 모르고 잘 썼습니다

긴 봉은 호환제품인거 같습니다

본체랑 기본헤드는 직접 쓰던제품이고
쓰던 봉이 망가져서
봉 이랑 봉에 붙은 헤드는
다른제품 구입할때 있던걸로 조합해서 드리는거에요

중고제품으로 반품은 안받습니다
사진 충분히 보시고 하자부분 인지하고 채팅주세요",25000
청소기,다이슨 청소기,다이슨 V8-V10 무선청소기 툴 여러종류,거래완료,"5,000원",거여동,2026-08-19,2,0,148,72.8℃,인바이팅,생활가전,,"사진에 보시는 헤드툴 개당 5천원

비닐에 깔린거는 미사용입니다",5000
청소기,다이슨 청소기,다이슨 V8 앱솔루트 무선 청소기,거래완료,"20,000원",오륜동,2026-07-03,8,2,288,43.1℃,곰양이맘,생활가전,,"다이슨 V8 앱솔루트 무선 청소기 판매해요
*배터리 사망으로 교체하셔야 하고(저는 이사로 인해 교체해서 쓸까 하다가 큰맘먹고 로보락 구매로 결정해서 판매해요)
사진에 보이는 본체와 구성품 모두 드려요",20000
청소기,다이슨 청소기,다이슨무선청소기 헤드 툴,거래완료,"5,000원",거여동,2026-08-25,0,0,40,72.8℃,인바이팅,생활가전,,"V8-V10 에서 나온 툴입니다
1개당 5천원이고

비닐에 쌓인건 미사용입니다",5000
청소기,다이슨 청소기,다이슨 청소기(V6) 흡입 툴,거래완료,"10,000원",오금동,2026-08-24,2,3,60,42.2℃,버티고,생활가전,오금우방아파트 정문,,10000
청소기,다이슨 청소기,다이슨 V8 무선청소기 본체,거래완료,"45,000원",문정1동,2026-08-02,1,2,79,45.8℃,꾸꾸,생활가전,,"다이슨 V8 무선청소기 본체 판매해요
사진에 보이는 구성품 그대로 드려요
강력한 흡입력으로 집안 구석구석 깨끗하게 청소할 수 있어요
자주 사용하지 않아 상태 좋아요 
배터리 40분 이상 작동해요~!",45000
청소기,다이슨 청소기,다이슨 DC35 무선청소기 본체 및 구성품,거래완료,"15,000원",거여동,2026-08-16,1,1,260,37.6℃,악돌이,생활가전,,"다이슨 DC35 무선청소기 본체와 다양한 구성품을 판매해요
사진에 보이는 그대로 본체와 흡입구, 연장관 등이 포함되어 있어요
새 제품 가격은 부담스러웠던 분들에게 좋은 기회가 될 거예요
강력한 흡입력으로 집안 구석구석 깨끗하게 청소하고 싶으신 분들께 추천드려요.
어댑터 잃어버려 작동상태 확인 불가하며 구성품 사진에 보이는게 전부입니다.",15000
청소기,다이슨 청소기,다이슨 청소기,거래완료,"10,000원",거여동,2026-06-03,2,1,368,53.4℃,9461,생활가전,,"헤드 연결부분이 깨졌어요

배터리 교체용으로 사용하실분 있으실까 올려보아요",10000
청소기,다이슨 청소기,"다이슨 무선청소기 소프트롤러 헤드 （V6용, 정품)",거래완료,"15,000원",오금동,2026-08-17,2,3,117,42.2℃,버티고,생활가전,,"다이슨 무선청소기 V6 소프트롤러 헤드(정품)입니다.
사진에서 보시는것처럼 보관만한 미사용 새제품이며,
V6에 맞는 제품입니다. (V7이상 사용 불가)",15000
청소기,다이슨 청소기,다이슨 무선청소기 V8-V10 툴,거래완료,"10,000원",거여동,2026-08-07,2,3,445,72.8℃,인바이팅,생활가전,,"사진에 보이는 툴 판매합니다

비닐 위에 있는건 새제품

나머지는 사용감 미미한 중고입니다

개당 5천원입니다",10000
청소기,다이슨 청소기,다이슨 청소기 툴(단품),거래완료,"10,000원",가락1동,2026-06-03,1,0,71,57.5℃,생글이,생활가전,,"다이슨 툴이에요
사진에서 보이는 것처럼 구성품은 헤드 하나예요
",10000
청소기,다이슨 청소기,다이슨 무선 청소기 충전거치대와 다양한 흡입구 일괄,거래완료,"10,000원",문정1동,2026-08-15,3,0,76,40.6℃,까꿍이귀요미,생활가전,,"다이슨 V8 앱솔루트 무선 청소기를 거치했던 
금속 충전거치대와 사진에 보이는 구성품 모두 드려요

무선청소기가 고장나서 거치대도 필요가 없어져서요^^ 청소기는 제가 버리고요 사진에 보이는 충전거치대를 판매하는건데 필요시 보이는 구성품들도 다 드려요!

다이슨 V8 모델이 아닌경우에도 다른 모델 충전기를 붙여서 쓰시면 거치가 돼요!

",10000
청소기,다이슨 청소기,다이슨 청소기 배터리,거래완료,"20,000원",오금동,2026-08-02,1,2,66,41.3℃,브라보,생활가전,,"정품 배리가 너무 금방 닳아 고용령으로 구매해서 몇번 쓰고 
다른 청소기로 바꾸면서 판매합니다

9800미리암페아로 진짜 오래갑니다
",20000
청소기,다이슨 청소기,다이슨 V12디텍트슬림청소기툴과거치대및충전기,거래완료,"30,000원",방이동,2026-08-02,2,1,86,74.9℃,카멜,생활가전,,,30000
청소기,다이슨 청소기,다이슨 거치대,거래완료,"30,000원",문정동,2026-08-02,1,1,62,54.1℃,apple,생활가전,,"다이슨 무선 청소기 거치대예요
사진에 보이는 구성품 그대로 드려요
깔끔한 화이트 색상으로 어느 인테리어에도 잘 어울려요
청소기 정리와 충전을 동시에 할 수 있어 편리하답니다",30000
청소기,다이슨 청소기,다이슨 무선 청소기 거치대,거래완료,"10,000원",가락본동,2026-07-03,2,0,116,38.9℃,탁은정,생활가전,,"다이슨 무선 청소기 거치대 판매해요
사진에 보이는 구성품 그대로 드려요
깔끔하게 청소기 보관하고 충전까지 할 수 있어요
청소기 사용이 훨씬 편리해질 거예요",10000
청소기,다이슨 청소기,다이슨 V7 Fluffy+ 무선청소기 1만원 부품용,거래완료,"10,000원",거여1동,2026-06-03,1,0,96,74.3℃,예삐비비꽃비,생활가전,,"다이슨 V7 Fluffy+ 무선청소기입니다

부품용
1만원

배터리랑 충전기 없음",10000
청소기,다이슨 청소기,다이슨 V10 무선청소기 트리거 고장 본체만,거래완료,"30,000원",거여동,2026-08-02,1,2,83,72.8℃,인바이팅,생활가전,거여동 우방1차 아파트 단지내상가 세븐일레븐 앞,,30000
청소기,다이슨 청소기,다이슨 무선청소기 거치대,거래완료,"10,000원",거여동,2026-08-02,1,0,60,39.5℃,hepal,생활가전,,"다이슨 무선청소기 거치대입니다
청소기 본체와 액세서리를 함께 정리하기 좋습니다.
무게가 있어서 벽에 고정하지 않아도 잘 됩니다. 들고가기는 어려워서 차로 가져가시는게 좋을 것 같습니다. 충전기 포함입니다.",10000
청소기,다이슨 청소기,다이슨 V10 청소기 헤드 부속품,거래완료,"30,000원",가락동,2026-01-04,6,8,865,39.6℃,달이님,생활가전,,"다이슨 V10 청소기 정품 헤드  판매합니다
여러 종류의 헤드가 있어서 용도에 맞게 사용 가능합니다
사진에서 보이는 것처럼 사용감은 조금 있습니다

카페트 툴은 새상품입니다.(사용 무)
전체 구매하시면 거치툴 같이 드릴게요

Total ₩70,000 
내고 가능 
문의해주세요
가격 내립니다.
40,000원",30000
청소기,다이슨 청소기,다이슨 무선 청소기 전용 충전기 어댑터,거래완료,"12,500원",가락2동,2026-07-03,6,3,235,81.2℃,달빛늑대,생활가전,,"다이슨 무선 청소기 전용 충전기 어댑터
정품. 205720-07

호환 모델:
 다이슨 V6, V7, V8 시리즈 및 일부 구형 모델(DC58, DC59, DC61, DC62, DC74, SV03, SV04, SV05, SV06 등)

서울 송파 가락2동 성당부근이네요

",12500
청소기,다이슨 청소기,"다이슨 싸이클론 청소기, lg유선청소기, 서라운드스피커 스탠드",거래완료,"30,000원",오금동,2026-06-03,3,0,132,43℃,모리아빠,생활가전,,"1. 다이슨 싸이클론 청소기(부품용)
    ㅡ V8인것으로 압니다...부품용이니 
        동일제품 가지고 계신분이 사시리라 봅니다
    ㅡ다양한 구성품과 거치대 등
        사진에서 보이는것들 모두 입니다
    ㅡ작동은 되지만, 베터리 때문인지 
        중간중간 지속적으로 멈춤니다
    ㅡ소형가전수거하시는곳에 보내려다
        부품으로 쓰실분 쓰시도록 
        한꺼번에 올려봅니다 
     ㅡ싸이클론 전면에 깨져서 틈이 있는데
        예전에 넘어트려서 그런거라 
        최근까지 사용했습니다

2. LG유선 청소기(정상작동품)
     ㅡ 대청소용으로 쓴 유선청소기 입니다
         유선이라 집에서 쓰기보단
         월룸형 사무실에서 쓰시는걸 추천드립니다

3. 서라운드 스피커중 쇼파뒤에 공간에서 쓰기위해
    구매한 반달형 받침의 스탠드 입니다



일괄 3만원입니다.....개별판매하진 않습니다

거여초등학교앞에서
오셔서 거래하시면 2만원에 드립니다",30000
청소기,다이슨 청소기,다이슨 V11 컴플리트 엑스트라 무선청소기,거래완료,"200,000원",거여1동,2026-06-03,1,0,74,37.9℃,클래오빡돌아,생활가전,직거래 희망 합니다.,"다이슨 V11 컴플리트 엑스트라 무선청소기 판매해요
강력한 흡입력으로 먼지 하나 없이 깔끔하게 청소할 수 있어요
다양한 구성품과 함께 제공되어 활용도가 높아요
집안 구석구석 깨끗하게 관리하고 싶으신 분들께 추천드려요
결혼전 5평 원룸에서만 쓴거라 배터리도 거의 새거
45분이상 유지됨
추가 구성품 및 해외에서 산 제품들까지 싹다 드림
네고 없음 . 구성품만 해도 20만원입니다.
직거래 희망 합니다.",200000
청소기,다이슨 청소기,다이슨 V11 컴플리트 무선청소기,나눔완료,무료나눔,마천2동,2026-06-03,4,1,135,38.4℃,지금,생활가전,,"다이슨 V11 컴플리트 무선청소기 판매해요
다양한 구성품과 함께 사용 가능해요
사진에서 보이는 그대로의 제품입니다
청소 효율을 높여줄 제품을 찾으시는 분들께 추천드려요
밧데리 교체시기가 되어  다른 청소기 구매해서 나눔합니다. 
다른  문제는  없어요. 필요하신분 연락주세요.",0
청소기,다이슨 청소기,다이슨 V6 무선 청소기 (본체+충전기),거래완료,"20,000원",오금동,2026-05-04,4,3,161,38.6℃,당근쥬스,생활가전,,"다이슨 V6 무선 청소기 본체와 충전기 세트예요
21.6V 2000mAh 배터리가 장착되어 있어요
사용감 있습니다.
그리고 거치대가 없어요. (중요)
강력한 흡입력으로 집안 구석구석 깨끗하게 청소할 수 있어요",20000
청소기,다이슨 청소기,다이슨 V8 앱솔루트 청소기 거치대,거래완료,"15,000원",거여1동,2026-05-04,2,0,86,72.9℃,화니화니,생활가전,,"다이슨 V8 앱솔루트 청소기 거치대입니다. 
깔끔한 디자인으로 어느 공간에나 잘 어울려요. 
충전기까지 보관할 수 있어 편리하답니다. 
다이슨 청소기 사용하시는 분들에게 정말 유용한 아이템이에요

정말 튼튼하고 실용적인 상태좋은 제품이랍니다.",15000
청소기,다이슨 청소기,다이슨 V6 모터헤드 청소기 부속품 세트,거래완료,"10,000원",가락본동,2026-05-04,2,1,35,43.6℃,jeje,생활가전,직거래는 개롱역 근방 가능합니다~,"다이슨 V6 motorhead 부속품인
거치대 + 청소 헤드툴 판매합니다

비닐에 들어있는 건 미사용품이고
사용한 한개는 이물질 제거해놓은 상태이나
예민한 분은 패스해주세요! (사진 확인 필수) 

다른 기종과 호환 가능 여부는 
확인해보셔야 할 것 같아요! 

직거래는 개롱역 근방 가능합니다~",10000
청소기,다이슨 청소기,다이슨 청소기 나무 스탠드 수납대 거치대 V8,거래완료,"10,000원",거여1동,2026-05-04,2,0,404,72.9℃,화니화니,생활가전,거여동 거여근린공원 부근 직거래 원합니다.,"다이슨 청소기 나무 스탠드 수납대 거치대 
V8, V10, V11, V12 기종 사용가능

거여동 거여근린공원 부근 직거래 원합니다.",10000
청소기,다이슨 청소기,다이슨 청소기 V10 풀세트로 팔아요. 배터리 1시간2분 작동합니다.,거래완료,"180,000원",오금동,2026-05-04,1,4,122,90.3℃,잘팔고사자,생활가전,,"정상작동 합니다.
에어로 기본 먼지 제거했구요.
소프트롤은 분해서 청소해서 청소기 컨디션 상당히 좋아요.

배터리는 직접 시간 체크했습니다.
1시간이상 작동하는데 그만큼 청소기를 많이 사용안했다는 증거이기도 합니다.
청소기 자체도 깔끔합니다.

특별한 경우 아닌이상 흡입력이 강해서 1단에 놓고 사용하시면 됩니다.

스텐드 거치대는 던킨 제품이고 무게감이 있어 청소기 거치해두면 흔들리지않고 안정감 있어요.

기본 청소기 부품들 사진에 잘담아 놓았어요.

청소기 깨짐 파손 없어요.

더 궁금하신거 있으시면 01054957956으로도 언제든지 환영합니다.

무게가 상당히 무겁습니다.ㅜㅜ
어느정도 거리는 제가 가져다 드릴게요.

전 오금동 거여초 근처 살아요.

감사합니다.^^",180000
청소기,다이슨 청소기,다이슨 무선 청소기 V10 풀세트와 거치대 팔아요.^^,거래완료,"160,000원",오금동,2026-05-04,1,0,120,90.3℃,잘팔고사자,생활가전,,"사진 그대로 드립니다.

잘작동하구요.

배터리는 30분정도 작동합니다.

에어로 청소해서 구매후 바로 사용하시면 됩니다.

부피가 있어 택배는 어렵구요. 오시기 어려우시면 제가 가드릴게요.
01054957956으로도 많은 연락 드리겠습니다.

오금동 거여초 근처입니다.

감사합니다.^^",160000
청소기,다이슨 청소기,다이슨 V10 플러피 무선청소기,거래완료,"70,000원",가락2동,2026-05-04,2,1,170,82.3℃,굿프렌드,생활가전,,"다이슨 V10 플러피 무선청소기 반본체

사진에 보이는 본체와 먼지흡입구 포함이고, 작동 잘 돼요
배터리팩 모델명은 N7S-KR-PRU0332A이고 25.2V 2525mAh 용량이에요
2020년 10월 제조 상품이에요
현상태는 작동잘됩니다 충전아답타는분실
없습니다
",70000
청소기,다이슨 청소기,다이슨 청소기 장난감,거래완료,"8,000원",송파동,2026-05-04,1,1,32,43.1℃,옹고,유아동,직거래,"건전지넣으시면 정상작동합니다~ 

직거래
문고리거래",8000
청소기,다이슨 청소기,다이슨 V8 앱솔루트 무선 청소기(충전기 X),거래완료,"15,000원",방이동,2026-05-04,2,3,239,99℃,이단옆차기,생활가전,,"다이슨 V8 앱솔루트 무선 청소기
본체만 있습니다 

10평 원룸에서 사용하던 제품 입니다

완충상태에서 일반 모드로 연속으로 20분 이상 사용가능합니다 

테스트후 충전을 하지 못했습니다 
충전기 없음

저렴히 올립니다 ",15000
청소기,다이슨 청소기,다이슨 장난감 청소기,거래완료,"7,000원",가락2동,2026-04-04,1,2,71,52.6℃,블랑,유아동,,"다이슨 아이들용 장난감 입니다.
아이들이 재밌게 청소 놀이를 할 수 있어요.
사진처럼 상태 좋습니다.",7000
청소기,다이슨 청소기,다이슨 DC63 터빈헤드 청소기,거래완료,"35,000원",오륜동,2026-04-04,2,1,82,40.2℃,은방울꽃,생활가전,직거래ㆍ 문고리 가능 합니다,"다이슨 DC63 터빈헤드 청소기입니다
사무실 ㆍ집앞ㆍ홀 청소용으로 좋아요
잔기스가 좀 있으나 기능은 A급입니다
강력한 흡입력으로 먼지 하나 놓치지 않아요
에너지소비효율등급 효율적인 사용이 가능해요
사무실ㆍ홀 등 깨끗하게 청소할 수 있어요
직거래ㆍ 문고리 가능 합니다",35000
청소기,다이슨 청소기,다이슨청소기 장난감 (상태최상),거래완료,"18,000원",방이동,2026-04-04,2,6,76,90.8℃,고마워고마워,유아동,문고리 거래 희망합니다~!,"아이가 겁이 많아 거부가 심해서 그냥 내놓습니다. 
아예 사용안해서 새상품에 가까워요
박스가 없어서 저렴히 판매합니다. 
문고리 거래 희망합니다~!",18000
청소기,다이슨 청소기,다이슨 V6 Cord-Free+ 무선청소기,거래완료,"35,000원",문정동,2026-03-05,1,2,471,61.3℃,강아지,생활가전,,"다이슨 V6 Cord-Free+ 무선청소기입니다
싸이클론입니다.
배터리 수명다하였고, 부품용으로 구매하셔야합니다.
사용감많고생활기스참고하세요",35000
청소기,다이슨 청소기,다이슨 청소기 거치대 블랙 스탠드형,거래완료,"15,000원",방이동,2026-04-04,2,1,79,50℃,보롬이,생활가전,,"다이슨 청소기 거치대 블랙 색상입니다
스탠드형으로 공간 활용에 용이합니다
청소기 헤드도 같이 드려요
다이슨 정품 충전기도 필요하시면 같이 드려요(해외 직구)",15000
청소기,다이슨 청소기,다이슨 청소기 스탠드 거치대,거래완료,"10,000원",오금동,2026-03-05,1,0,67,45.8℃,네고질색쿨거래플리즈,생활가전,,"다이슨 청소기 스탠드형 거치대입니다.

블랙 색상으로 깔끔하고, 공간 활용에 용이합니다.",10000
청소기,다이슨 청소기,다이슨청소기 방이1동,나눔완료,무료나눔,오금동,2026-03-05,1,4,624,41.7℃,안개,생활가전,,"다이슨청소기 입니다
고장이 나서요 
흑 고쳐 쓰실분 있음
가져가 주세요
",0
청소기,다이슨 청소기,다이슨 V6 청소기 헤드 및 부속품,거래완료,"10,000원",오금동,2026-03-05,1,0,75,49.3℃,호반지니,생활가전,문고리거래 할께요,"다이슨 V6 청소기 헤드 및 다양한 부속품입니다
모델명은 사진을 참고해주세요
상태 확인해 주세요
전압은 16.2V, 소비전력은 20W/35W입니다
필터는 정품아니고 쿠팡에서 구매했어요 
문고리거래 할께요",10000
청소기,다이슨 청소기,다이슨 V8 무선청소기 풀세트,거래완료,"80,000원",가락동,2026-03-05,1,3,176,47.9℃,라이언리,생활가전,,"다이슨 V8 무선청소기 풀세트입니다

- 다양한 툴 포함되어 활용도가 높아요
- 강력한 흡입력으로 깨끗하게 청소할 수 있습니다
- 편리한 무선 사용으로 집안 곳곳을 자유롭게 청소 가능합니다

생활 사용감은 있지만, 아주 잘 돌아갑다
친구가 선물로 줬는데
청소기다른걸 구매해 싸게 내놓습니다.",80000
청소기,다이슨 청소기,다이슨 V8 앱솔루트 무선청소기 부품용 충전거치대,거래완료,"19,000원",오금동,2026-03-05,6,0,123,49.3℃,호반지니,생활가전,,"다이슨 V8 앱솔루트 무선청소기입니다
본체는 작동되는 소리가 나지만 해드를 연결하면 헤드 작동이 안됩니다
부품용으로 쓰실분이나 충전기 필요하신분이 구매하시면 좋을것 같아요 

- 충전 거치대 함께 드립니다",19000
청소기,다이슨 청소기,다이슨 V8 무선청소기,거래완료,"20,000원",가락동,2026-03-05,4,3,283,43.6℃,잠탱이징,생활가전,직거래 희망합니다. 연락주세요.,"다이슨 V8 무선 청소기 판매합니다

2년전에 v11 버전을 구입하면서, 차량청소용으로만 사용했습니다.

먼지통 하단이 잘 열려 교체가 필요합니다. 일반 파워 모드 둘다 잘 됩니다. 시간 측정은 안 해봤는데 22년도에 배터리 사설업체에서 교체 및 전체 청소 서비스 받았었습니다.

배터리는 호환용으로 사용했고, 충전 잘 됩니다.

직거래 희망합니다. 연락주세요.",20000
청소기,다이슨 청소기,다이슨 DC45 청소기 헤드 2 + 봉,거래완료,"10,000원",문정동,2026-03-05,1,1,72,46.3℃,Mare,생활가전,,"다이슨 DC45 청소기 헤드와 봉입니다

사놓고 딱 한번 성능테스트 하고 안썼습니다. 

무게는 4.32kg입니다",10000
청소기,다이슨 청소기,다이슨 V8 청소기 헤드 및 부속품,나눔완료,무료나눔,송파동,2026-03-05,2,1,79,56.5℃,AnJ,생활가전,,"다이슨 V8 무선 청소기 헤드 및 다양한 부속품 판매합니다
- 틈새 브러쉬, 메인 헤드 등 다양한 액세서리 포함
- 가방도 함께 드립니다
다이슨 무선청소기는 강력한 흡입력으로 깨끗한 청소가 가능합니다",0
청소기,다이슨 청소기,다이슨 V8 무선청소기 + 휴스톰 물걸레 청소기 세트,거래완료,"80,000원",거여2동,2026-03-05,4,5,157,43.2℃,너나목,생활가전,,"다이슨 V8 무선 청소기와 휴스톰 HS-11000 듀얼 스핀 물걸레 청소기 세트입니다
다이슨 V8은 배터리 사제중에 용량 큰걸로 교체했습니다
충전기 있습니다.

휴스톰 HS-11000은 듀얼 스핀 방식으로 찌든 때까지 말끔하게 닦아주어 물걸레 청소가 한결 쉬워집니다
휴스톰은 서비스로 드리는겁니다.

두 제품 모두 작동 이상 없습니다.
",80000
청소기,다이슨 청소기,다이슨 V8 앱솔루트 엑스트라 무선청소기,거래완료,"40,000원",마천1동,2026-02-03,7,0,192,39.7℃,정우,생활가전,,"다이슨 V8 앱솔루트 엑스트라 무선청소기 판매합니다
박스에 담겨 있으며, 사용감은 있지만 전체적으로 양호한 상태입니다
다양한 툴이 포함되어 있어 집안 곳곳을 깨끗하게 청소할 수 있어요
2.5kg의 가벼운 무게로 손목 부담 없이 사용할 수 있고, 150AW의 강력한 흡입력으로 미세먼지까지 깔끔하게 제거해줍니다
헤파 필터가 장착되어 있어 알레르기 유발 물질을 효과적으로 걸러주어 쾌적한 환경을 유지할 수 있습니다.
밧대리만 새 걸로 바꿔주시면 됩니다.",40000
청소기,다이슨 청소기,다이슨 V10 무선청소기 팝니다,거래완료,"90,000원",문정동,2026-02-03,1,3,148,57.5℃,주희,생활가전,직거래는 힐스테이트이편한세상문정입니다,"다이슨 V10 무선 청소기 판매합니다

다양한 노즐을 활용하여 집안 구석구석 꼼꼼하게 청소할 수 있습니다

동작버튼 누르는 부분이 고장나서 현재 사용은 못하지만  밧데리 상태좋음 정품
2단으로 20분사용해도 이상없음
손재주 좋으셔서 동작버튼만 고치실수있는분 혹은  as받으시거나 밧데리나 엑서사리 부품용으로 필요하신분이 쓰시면 좋을꺼 같아요 

엑서사리는 청소기에 연결된 헤드한개와 틈새용 외 나머지 모두 미사용 새제품입니다

직거래는 힐스테이트이편한세상문정입니다",90000
청소기,다이슨 청소기,"다이슨 무선 청소기 ""거치대""",거래완료,"10,000원",송파2동,2026-02-03,1,0,78,44.6℃,영땍,생활가전,205동앞 놀이터,"다이슨 무선 청소기 거치대입니다
흰색이며, 사진과 같이 사용감 있습니다",10000
청소기,다이슨 청소기,다이슨 청소기 노즐 2종,거래완료,"5,000원",문정동,2026-02-03,1,0,60,47.6℃,민지만지,생활가전,,"다이슨 청소기 노즐 2종 새제품입니다
침구, 먼지털이
- Stubborn Dirt Brush Assy MO (918508-01)
- Mattress Tool Assy MO (908887-02)
박스에 담겨 있습니다",5000
청소기,다이슨 청소기,다이슨 v12s 디텍트 슬림 서브마린 청소기,거래완료,"580,000원",가락2동,2025-10-06,2,7,365,38.9℃,동글,생활가전,개롱역 3번출구 직거래,"선물 받고 개봉한 후 전혀 쓰지 않았습니다
상태 보시면 아실 거예요

⭐️다이슨 정품 등록된 상품으로, 정품 맞습니다⭐️
가품 파는 쇼핑몰 믿지 마시고 정품으로 구매하세요!
구매하시게 되면 제가 고객센터에 연락해서 등록 취소하고, 구매자분께 정품코드 알려드리겠습니다



개롱역 3번출구 직거래
구매 시 교환, 환불 불가",580000
청소기,다이슨 청소기,다이슨 V15S 디텍트 서브마린 새제품,거래완료,"828,000원",오금동,2026-01-04,1,2,47,37.2℃,행운이와요,생활가전,,"다이슨 V15S 디텍트 서브마린 무선 청소기 새제품입니다.

박스채 그대로 보관중이니 편하게 연락주세요^^",828000
청소기,다이슨 청소기,다이슨 V8 무선청소기부품용,거래완료,"3,000원",가락2동,2026-01-04,3,0,248,82.3℃,굿프렌드,생활가전,,"다이슨 V8 무선 청소기입니다

강력한 흡입력으로 먼지를 깔끔하게 제거할 수 있습니다
부품용 입니다 먼지통 모터필터 모터",3000
청소기,다이슨 청소기,다이슨 DC52 터빈헤드 유선청소기,거래완료,"30,000원",방이동,2026-01-04,1,0,138,39.4℃,쭌쭌,생활가전,집앞 직거래로 할게요~,"다이슨 싸이클론 방식 유선 청소기 DC52 터빈헤드 모델입니다

먼지통에 먼지가 좀 있고 사용감은 있습니다. 
작동은 잘되요~ 
확실히 바닥에서 빨아들이는 힘이 좋습니다. 

제품 무게가 생각보다 꽤 됩니다. 
집앞 직거래로 할게요~ ",30000
청소기,다이슨 청소기,다이슨 워시 g1물청소기+롤러헤드 새거,거래완료,"300,000원",오금동,2025-10-06,1,4,198,41.9℃,빈빈이,생활/주방,,"로봇청소기가 있어서 2~3번 거의 사용 안했습니다.
사용 빈도가 낮을꺼같아 판매해요
899000원 공홈제품입니다.
26년10월까지 무상 as가능합니다
현재  롤러도 뽀송뽀송합니다 (사진참조)
3만원 이상 새거 미개봉 여유 브러쉬 함께드려요
직접보시면 깨끗하다고 느끼실겁니다.
",300000
청소기,다이슨 청소기,다이슨 V8 무선청소기 + 거치대,나눔완료,무료나눔,가락동,2026-01-04,7,7,386,43.6℃,leedz,생활가전,,"다이슨 V8 무선청소기 나눔이요

- 거치대 포함되어 있습니다
- 다양한 노즐 함께 드립니다

거치대 충전어댑터 노즐 정품거치대 다 드립니다
모터는 한번 갈았습니다",0
청소기,다이슨 청소기,다이슨 V8 무선청소기 판매합니다,거래완료,"119,000원",방이1동,2026-01-04,3,8,403,40.5℃,카페인자판기,생활가전,,"다이슨 V8 무선청소기입니다

거치대 포함! 
- 구성품 추가로 많이 있으며 청소하는데 문제 없이
잘사용 했습니다.
  배터리 교환 한달전( 정품은 아님)
 사용감 있지만, 문제없이 잘 사용 가능 

 먼지통 교환은 하셔야될것 같습니다.

구성품만 따로 판매하도  10만원 정도 될거 같지만,
 함께 119,000에  판매 하겠습니다

빠른 거래시 에누리
조금 해드릴께요!",119000
청소기,다이슨 청소기,다이슨 청소기 (Digital Slim Fluffy),거래완료,"100,000원",송파2동,2026-01-04,1,0,95,40.2℃,오디언,생활가전,,,100000
청소기,다이슨 청소기,다이슨 V8 무선 청소기,거래완료,"50,000원",송파1동,2026-01-04,3,2,366,38℃,보영,생활가전,,"다이슨 V8 무선 청소기 판매합니다

다양한 노즐이 있어 편리하게 사용 가능합니다

- 필터는 분리하여 물세척 가능합니다
- 틈새 청소용 노즐, 침구 청소용 노즐 등 다양한 액세서리 포함되어 있습니다

고장 한번 안나고  잘 사용했습니다
터보로 사용안하면 베터리는 괜찮습니다.
툴이 하나 없어서 저렴하게 내놓습니다",50000
청소기,다이슨 청소기,"다이슨 V8 무선청소기(배터리 교체 필요), 거치대",거래완료,"10,000원",오륜동,2026-01-04,11,1,324,38.5℃,캔디,생활가전,,"다이슨 V8 무선청소기 (배터리 교체 필요합니다)

거치대

--> 각 1만원에 판매합니다.",10000
청소기,다이슨 청소기,다이슨 무선청소기 거치대,거래완료,"8,000원",오륜동,2025-12-05,2,4,211,50.3℃,탑건,생활가전,올림픽선수촌 아파트에서 직거래 및 문고리 거래 가능합니다!,"다이슨 무선청소기 거치대입니다.

가로 410mm 세로 330mm 높이 1400mm

무게는 5kg정도 입니다.

깔끔한 흰색이며, 상태는 사용감 있습니다.

다이슨 무선청소기를 편리하게 보관할 수 있습니다.

패브릭 소재 보관함이 밑에 있어 보관이 가능합니다.

올림픽선수촌 아파트에서 직거래 및 문고리 거래 가능합니다!


*중고 거래상 반품 환불 불가합니다!
*이유없는 네고 및 찔러보기는 답변 제한이 있습니다!",8000
청소기,다이슨 청소기,다이슨 V10 무선청소기,거래완료,"25,000원",가락2동,2025-12-05,7,5,541,82.3℃,굿프렌드,생활가전,,"다이슨 V10 무선청소기입니다

- 25.2V 4000mAh 배터리
- 다양한 노즐 포함

V10은 강력한 흡입력으로 깨끗한 청소가 가능합니다
밧테리완전방전상태 입니다 
충전기별도
충전기 포함 입니다
35000",25000
청소기,다이슨 청소기,다이슨 볼 DC46 allergy parquet 청소기,거래완료,"20,000원",송파2동,2025-12-05,2,5,197,41.6℃,쿠로,생활가전,,"다이슨 볼 DC46 allergy parquet 모델입니다
- 싸이클론 방식으로 먼지 봉투가 필요없어 편리합니다
- 강력한 흡입력으로 깨끗하게 청소할 수 있습니다
- 필터가 장착되어 있어 미세먼지 걱정 없이 사용 가능합니다

창고에 넣어놔서 먼지가 많이 쌓여있어요
작동은 잘되용",20000
청소기,다이슨 청소기,다이슨 WashG1 물청소기 + 롤러 새제품,거래완료,"200,000원",송파2동,2025-12-05,2,5,156,39.5℃,빠루,생활가전,,"다이슨 WashG1 물청소기입니다

구매는 24년 7월경이고, 

오래쓰려고 여분롤러 2개나 사놨는데,

사용빈도가 거의없어, 이번에 로봇청소기 들이면서 판매합니다. 

10회정도 사용한것 같습니다.

SSG에서 85만원 주고 구매한 물건입니다.

진공청소기만 있으신 분들께 추천드립니다.",200000
청소기,다이슨 청소기,다이슨 옴니 글라니드 청소기,거래완료,"80,000원",가락본동,2025-12-05,6,4,288,38.8℃,샐리,생활가전,,"다이슨 옴니 글라이드 무선청소기입니다
모든 부속품 다 있고
상태는 사용감 있지만 제가 걸레부터 필터.먼지통 
바로 사용하셔도 되게 구석구석 다 닦었
았습니다

배터리 강한모드는 20분에서 약한모드 약 30분 사용가능합니다.

필터부분 살짝 깨져 보이는데 사용하는데 전혀 이상없습니다.
간편하게 가볍게 사용하기 좋아요!",80000
청소기,다이슨 청소기,다이슨 V6 무선청소기,거래완료,"2,000원",거여2동,2025-12-05,2,5,259,43.2℃,너나목,생활가전,,"다이슨 V6 무선청소기 팝니다.
- 강력한 흡입력으로 깨끗하게 청소할 수 있습니다
- 가벼운 무게로 편리하게 사용할 수 있습니다
- 틈새 청소에 용이합니다
- 무게가 가벼워서 손목에 부담이 덜 갑니다


이사문제로 정리중입니다.
다이슨  v6 배터리 짱짱하구요, 기능 이상 없습니다. 충전기 있습니다.
먼저 연락오시는분 돌체구스토 커피머신 그냥 같이 드릴께요.
정리중이라..
",2000
청소기,다이슨 청소기,다이슨 V6 무선청소기,거래완료,"30,000원",오금동,2025-12-05,4,5,591,45.3℃,양핸드,생활가전,,"다이슨 V6 무선청소기입니다

- 다양한 툴을 제공하여 여러 청소 환경에 적합합니다
- 충전기(돼지코) 및 기타도구 사진 참고하세요

배터리가 방전이라 리필배터리나 정품 구하셔야 합니다.
감안해서 저렴하게 올립니다.",30000
청소기,다이슨 청소기,다이슨 유선청소기 dc36,거래완료,"30,000원",가락2동,2025-12-05,1,1,127,56.1℃,민트,생활가전,비대면 문고리거래로 진행할게요,"다이슨 유선청소기입니다
구입한지는 오래됐는데
무선청소기만 사용해서 실사용은 얼마안됩니다
상태좋고 먼지통과 헤드 다 닦아두어 깨끗해요

비대면 문고리거래로 진행할게요
가락 극동아파트입니다

*선입금 주시고 확인되면 주소알려드립니다😊😊",30000
청소기,다이슨 청소기,다이슨 사이클론 V10,거래중,"130,000원",풍납동,2026-08-03,2,21,590,,,,,,130000
청소기,다이슨 청소기,(정품배터리상태좋음)다이슨 V8 플러피본체 + v7 플러피 청소헤드 부속품 세트,거래중,"85,000원",위례동,2026-08-27,2,13,,,,,,,85000
청소기,다이슨 청소기,다이슨 정품 청소기 카페트 다이렉트 헤드 V7 V8 V10 V11 잠실4동,거래중,"58,000원",방이동,2026-03-05,1,2,176,45.4℃,안뇽,생활가전,,"다이슨 청소기 카페트 겸용 다이렉트 드라이브 헤드 판매합니다
정품은 비싸요. 
V7, V8, V10, V11 모델에 호환됩니다
브러쉬 상태는 사진과 같습니다
다이슨 청소기는 강력한 흡입력으로 유명하며, 이 헤드는 다양한 바닥 유형에 적합합니다",58000
청소기,다이슨 청소기,다이슨 DC52 터빈헤드 유선 청소기,거래중,"150,000원",삼전동,2026-08-02,1,7,145,,,,,,150000
청소기,다이슨 청소기,다이슨 청소기 v10 하남,거래중,"60,000원",위례동,2026-08-02,4,16,1896,56.1℃,행복아,생활가전,경기도 오산시 원동 이편한세상 아파트 직거래만 가능❗️,"오래된 청소기라 배터리 방전됐습니다
작동 스위치가 됐다 안됐다 한다고 합니다
수리하셔서 사용하실분 
*사진에 없지만 부속품 다 드려요

❗️(부모님 대신 올려요)
경기도 오산시 원동 이편한세상 아파트 직거래만 가능❗️
https://open.kakao.com/o/sIU2L2wd",60000
청소기,다이슨 청소기,dyson 무선진공 청소기 SV10팔아요 송파,거래중,"75,000원",장지동,2026-08-02,3,15,235,74.1℃,LEEYK0102,생활가전,,"모 델 명 : SV10
배 터 리 : 21.6v-485wh리튬
구      성 1.MAIN 본체 1Set
               2.아답터780mA
               3.벽 거치대
               4.연결봉(긴것)
배터리 정속mode로 20분 정도
작동하며 흡입력 강하고 배터리는
더 쓰시다가 리필하세요~^
",75000
청소기,다이슨 청소기,다이슨 SV10 배터리 21.6V 2600mAh,거래중,"45,000원",잠실동,2026-08-29,0,2,,,,,,,45000
청소기,다이슨 청소기,다이슨청소기 하이토크헤드 233367 v10 v11 송파,거래중,"55,000원",장지동,2025-10-06,0,8,411,62.5℃,당근이지요,생활가전,,"다이슨 청소기 하이토크 헤드 판매합니다
모델넘버 233367 
에어와트, 컴플리트 등 모델에적용

여러 가지 모델이 호환되는 걸로 알고 있는데
호환 여부는 저도 정확히 모르겠습니다. 직접 확인 바랍니다

2번쓰고 청소기를 처분해서   양호해요
사진 참고하세요


⛔️이글이있으면 판매가능해요
⛔️하단에거래장소있습니다
⛔️교환 환불 안되시구요
⛔️ 본문 제대로 확인 후 톡주세요

➡️거래는 계좌이체 or 당근페이로
➡️예약 없음 선입금 판매 우선 입니다~

👉 안 팔리는 물건은 제가가격  
       낮추고 있으니 네고 사양합니다
       (네고 연락 답 못 드리니 양해   
        바랍니다
❗️중고제품인만큼 예민하신 분은 피해주시고 편하게  쓰실 분 ❗

👉 거래장소 :
주소>송파구 충민로66가든파이브 
잠실자생한방병원쪽으로 올라오세요
8층사무실 
⛔️평일9시~6시
⛔️공휴일 및 주말거래불가",55000
청소기,다이슨 청소기,다이슨 청소기거치대 송파,거래중,"15,000원",마천동,2026-08-02,0,1,60,40℃,당근당근v,가구/인테리어,문고리거래,"블랙색상 다이슨거치대 입니다.
깔끔하게 세워두고 쓸수있어요!

문고리거래
",15000
청소기,다이슨 청소기,정품 다이슨 크레비스 툴 v7 v8 v10 v11 v15 잠실4동,거래중,"28,000원",방이동,2026-03-05,0,0,41,45.4℃,안뇽,생활가전,,"다이슨 크레비스 툴입니다
정품은 비싸요. 
틈새 청소에 유용한 도구입니다
약간의 사용감 있습니다",28000
청소기,다이슨 청소기,다이슨 V7 Fluffy 무선청소기봉,거래중,"15,000원",가락동,2026-03-05,3,4,196,78.8℃,장미,생활가전,,,15000
청소기,다이슨 청소기,거의새거 다이슨 유선청소기 풀구성 천호제3동,거래중,"450,000원",방이동,2022-09-02,2,7,1817,52.5℃,딸기우유,생활가전,쳇하고바로 직거래 안할시는 예약금으로 5만원 받습니다,"본솔만 10번이내 쓰고 다른솔들은 새겁니다 
박스만 빼고 다 있는 풀구성입니다
침구솔,다른솔들은  새거지만 먼지가 묻어  사진에 찍힌겁니다
년식만 오래됐지만 거의 새겁니다
본체 겉에 기스는  좀 있읍니다 
사진  참조하세요
잠실 롯데하이마트에서 160만원대 구매했던 겁니다 
저도 무선으로 살까하고 내놨지만 무선이 배터리수명도 얼마 못쓰고 비싸기만해서 이가격에 안팔리면 그냥 쓸까하기땜 가격은 더이상 안내립니다
*택배시착불입니다 
착불이 어려울시는 택비는 5000추가입니다 
교신 반품 환불 네고 합의가안합니다
*쳇하고바로 직거래 안할시는 예약금으로 5만원 받습니다 
예약펑크시에는 계약금반환 안됩니다  
*거래장소는 마지막사진 에서 가능합니다   
*자세히 보시고 구매결정하신분만 쳇주세요

*매너거래 합시다",450000
청소기,다이슨 청소기,다이슨sv10,거래중,"100,000원",문정동,2022-09-02,20,23,1294,50.7℃,하늘,생활가전,,"배터리 새로교환후 테스트후 사용안했음
새로구입하여서판매합니다",100000
청소기,다이슨 청소기,정품 다이슨 V7 V8 V10 V11 V15 연결봉 잠실4동,거래중,"18,000원",방이동,2026-03-05,2,1,121,45.4℃,안뇽,생활가전,,"다이슨 V8 모터헤드 모델의 연결봉입니다
정품은 비싸요. 
생활 스크래치 등 사용감은 있지만 사용하는데 문제 없습니다",18000
청소기,다이슨 청소기,다이슨 V10 정품 청소 툴(액세서리) & 보관함,거래중,"30,000원",잠실3동,2025-09-01,2,8,355,40.5℃,마미,생활가전,,"다이슨 정품 청소 툴 입니다. 
사은품으로 받았던 건데 사용하지 않고 보관만 했습니다. 보관함 포함입니다.",30000
청소기,다이슨 청소기,다이슨 싸이클론 v10 앱솔루트 플러스,거래완료,"100,000원",문정동,2026-08-27,2,2,54,50.6℃,서로서로매너거래,생활가전,,"딱 필요한 구성(사진참고) 입니다.

37평 아파트 청소기 돌리는데 전혀지장없이, 정상작동 합니다.

상위 모델 구매하여 판매하며,

구매당시 보급형 아니고 상위모델로,
판매가격 109만원 이었습니다.

연식이 좀 되었고, 구성이 좀 부족해서 저렴하게 당근합니다.

가전제품 중고거래특성상,
거래완료 이후에는 환불 불가합니다.

직접 잘 살펴보시고 거래하실 분 환영합니다.

거래는 평일 기준 퇴근후 저녁시간 8시~10시 사이 조율필요하며,
수요일이나, 주말은 오전이나 오후도 가능합니다.(조율은 필요합니다^^)",100000
청소기,다이슨 청소기,다이슨 청소기,거래완료,"50,000원",풍납동,2026-08-25,2,1,107,40.8℃,겨울,생활가전,,"최근까지 사용하던 다이슨 청소기인데 트리거가 고장났습니다 
트리거 수리해서 사용해도 되고 부속품만 사용해도 될것같습니다
거치대와 사진속 부속품 포함하여 5만원 입니다

거래후 환불불가
",50000
청소기,다이슨 청소기,다이슨 V10 무선청소기 판매합니다,거래완료,"150,000원",오금동,2026-08-05,5,12,264,86.3℃,김고은,생활가전,,"다이슨 V10 무선청소기 판매해요
사진에 보이는 구성품 모두 포함되어 있어요
강력한 흡입력으로 집안 구석구석 깨끗하게 청소할 수 있어요
자주 사용하지 않아 깨끗하게 사용했어요
청소하기 힘든 곳까지 시원하게 청소하고 싶으신 분들께 추천드려요
상태좋습니다  깨끗하게 청소된 상태라 바로사용가능합니다 ",150000
청소기,다이슨 청소기,다이슨 청소기 v10(악세사리 9종+툴백포함),거래완료,"190,000원",위례동,2025-09-01,3,5,316,50.4℃,턴업,생활가전,,"다이슨청소기
작동잘됩니다
배터리도 오래갑니다.
거치대 포함
악세사리 9종 풀세트로 있어요
벽걸이 거치대. 스탠드 거치대 
악세사리만  9종 따로사도 10만원정도에요.
",190000
청소기,다이슨 청소기,다이슨 V6 청소기 흡입구 세트,거래완료,"10,000원",위례동,2026-05-04,3,0,104,42.9℃,조니,생활가전,문고리거래 거래만됩니다,"다이슨 청소기 흡입구 세트입니다. 다양한 툴이 포함되어 있어 집안 곳곳 깨끗하게 청소하실 수 있어요. 사진으로 구성품 확인해보세요. 청소 효율을 높여줄 아이템이랍니다

문고리거래 거래만됩니다
중고거래 특성상 환불불가",10000
청소기,다이슨 청소기,다이슨 유선청소기 CY23 빅볼 터빈헤드,거래완료,"100,000원",위례동,2025-09-01,1,1,132,38.6℃,위례,생활가전,,"실사용은 10번도 안했고 보관만 했습니다..
흡입력 최상입니다...
",100000
청소기,다이슨 청소기,다이슨 V11 앱솔루트 무선청소기,거래완료,"200,000원",장지동,2025-09-01,0,2,264,61.9℃,NextAI,생활가전,직거래만 가능합니다.,"다이슨 v11입니다.
최근 분해 청소해서 찌든 냄새 없이 청소 잘 되고 배터리 상태도 양호한 편입니다. 30평대 아파트 청소에 충분한 정도. 사진과 몇가지 부품 같이 드립니다.
직거래만 가능합니다.",200000
청소기,다이슨 청소기,다이슨 청소기 헤드,거래완료,"3,000원",위례동,2025-09-01,0,0,44,82.5℃,수이맘,생활가전,"송파위례 문고리나 택배 거래만 가능합니다. (일반택배 3.5천원, 무게로 편의점택배 불가 )","다이슨 정리했는데 이거 남아있었네요.
필요하신 분 가져가셔요.

송파위례 문고리나 택배 거래만 가능합니다. (일반택배 3.5천원, 무게로 편의점택배 불가 )",3000
청소기,다이슨 청소기,다이슨 V8 앱솔루트 무선청소기 거치대 포함,거래완료,"50,000원",위례동,2026-07-03,1,2,472,43.4℃,대한민국화이팅,생활가전,,"다이슨 V8 앱솔루트 무선청소기입니다. 거치대 및 사진  구성품 포함입니다

**정품 배터리 불량으로 작동 안됩니다
배터리 구하셔서 사용하세요
소프트 롤 파손으로 구성에 없는상태입니다
참고하세요",50000
청소기,다이슨 청소기,다이슨 청소기 거치대,거래완료,"13,500원",장지동,2025-09-01,1,1,120,39.5℃,kdi777,생활가전,,"다이슨 거치대 네이버 랭킹순으로 가장 먼저 나오는 상품입니다. 

슬림버전으로 충전선 깔끔하게 가려지고 높이조절 가능한 제품입니다.

벽면에 닿는 부분도 사진처럼 고무처리되어 있어 안전하게 사용 가능합니다.

깔끔하고 안전한 거치대 사용하고 싶으신 분은 연락주세요.",13500
청소기,다이슨 청소기,"다이슨 청소기, 다양한 툴 포함",거래완료,"38,000원",위례동,2025-09-01,6,11,422,42.2℃,골드키위,생활가전,,"다이슨 청소기 판매합니다. 다양한툴있고  작동 잘 됩니다.

빠르게 가져가실분 연락주세요~~~~
",38000
청소기,다이슨 청소기,다이슨 V6 무선청소기,거래완료,"15,000원",장지동,2026-07-03,2,1,204,37.9℃,골드,생활가전,,"다이슨 V6 무선청소기입니다
충전 거치대와 충전기 포함이에요
사진에서 보이는 구성품 그대로 드려요
밧데리는 새로 구매하셔야 합니다.
코드는 200볼트 전환 해야해서 200볼트 전환 어댑트 드립니다.",15000
청소기,다이슨 청소기,다이슨 V8 앱솔루트 청소기(최종가격),거래완료,"40,000원",위례동,2026-08-02,1,6,216,46.6℃,코코,생활가전,문고리거래,"다이슨 V8 앱솔루트 청소기 액세서리 세트예요.
오른쪽4개는 새상품
왼쪽2개는 조금 사용.
밧데리 용량 많음.
본체에도 밧데리 있음.

서비스
청소기 본체는 압력이 약해서 악세사리값만 받아요.
이사로 8월26일 까지만 판매함.


문고리거래
위례송파푸르지오",40000
청소기,다이슨 청소기,다이슨 V7 fluffy 무선청소기,거래완료,"40,000원",위례동,2025-09-01,5,6,322,45.7℃,엔지니어,생활가전,,"다이슨 V7 fluffy 무선 청소기 판매합니다.

사용감은 있지만, 흡입력 좋습니다.
배터리는 한번 교체하시는 것이 좋을 듯 합니다!
현재 충전 후 작동 가능한 시간은 15분정도 됩니다.
(충전기 콘센트 한쪽이 사진과 같이 살짝 휘었는데 충전에는 이상 없습니다. 예민하신 분들은 피해주세요!)

구성품
- 무선 진공 청소기
- 충전기",40000
청소기,다이슨 청소기,다이슨 V6 무선청소기,거래완료,"40,000원",위례동,2026-04-04,3,4,270,30.5℃,수아,생활가전,,"다이슨 sv09 무선 청소기입니다

- 싸이클론 방식으로 먼지 봉투 없이도 강력한 흡입력을 자랑합니다
- 가볍고 무선이라 사용이 편리합니다
- 한국제품이고 거치대 도같이드립니다
청소기가너무많아 저렴히처분합니다

",40000
청소기,다이슨 청소기,다이슨 무선청소기 툴 새거(v6),거래완료,"7,000원",장지동,2025-09-01,2,1,111,37℃,블랙,생활가전,,"다이슨 무선청소기 v6구매때 받은 툴인데 사용않고 보관만 했습니다
다른모델에 호환이 될텐데 그건 검색해보셔야 할듯합니다
3가지 모두해서 7천원입니다",7000
청소기,다이슨 청소기,다이슨 DC22 알러지케어 청소기,거래완료,"20,000원",장지동,2025-09-01,1,6,266,38.5℃,박사,생활가전,,"다이슨 DC52 알러지 케어 청소기입니다

- 싸이클론 기술로 강력한 흡입력!
- HEPA 필터로 알레르기 유발 물질 제거에 효과적이에요
- 다양한 노즐 포함되어 있습니다
- 무게는 7.5kg입니다
- 백리스로 세척 가능 필터!

핸디 버튼은 고장입니다. 본체에 있는 버튼으로 사용하면 됩니다. 
그래서 싸게 내놓습니다. 
중고 거래상 리턴 불가입니다.",20000
청소기,다이슨 청소기,다이슨 V7 애니멀 무선 청소기,거래완료,"45,000원",위례동,2026-08-11,1,5,145,47.7℃,피톤치트,생활가전,,"다이슨 V7 애니멀 무선 청소기 판매해요
강력한 흡입력으로 집안 곳곳 먼지 없이 깨끗하게 청소할 수 있어요
사진에 보이는 구성품 그대로 드려요
청소기 본체와 흡입구, 충전기 포함입니다
바닥 청소는 물론이고 좁은 틈새까지 깔끔하게 청소하고 싶으신 분들께 추천드려요


육아중이라 답장늦은점 이해부탁드려요
구입후 환불안됩니다

♧바로구매는 단순변심은 환불안되요. 단 물건이 사진과 다른경우는 환불해드리나 택배비는 본인부담입이다. 물건값만 환불해드려요. 간혹 ai가 사진과다른 제품을 설명할수있으니 유의해서 실물사진확인해주시고 바로구매해주세요. ai설명이 다른경우로 환불안되니 실물 사진유지로 확인부탁드려요. 간혹 저두 사람인지라 실수로 다른검색한제품 사진을 캡쳐해서 올린경우 있으니 꼭 실물 사진유지로 봐주세요. 이런경우도 환불안되요.",45000
청소기,다이슨 청소기,다이슨 V6 앱솔루트 무선청소기 흡입구,거래완료,"6,000원",위례동,2026-08-11,1,2,229,47.7℃,피톤치트,생활가전,,"
사진에서 보이는 본체와 흡입구 포함 구성입니다
깔끔한 디자인으로 인테리어 효과도 있어요
강력한 흡입력으로 집안 곳곳 먼지 없이 깨끗하게 청소할 수 있어요

구입후환불안됩니다 ",6000
청소기,다이슨 청소기,다이슨 SV10 무선청소기,거래완료,"99,000원",위례동,2026-04-04,1,2,201,44.1℃,수국,생활가전,,"다이슨 SV10 무선청소기 판매합니다

다양한 노즐이 포함되어 있습니다

- 21.6V 배터리 사용
  호환가능
- 싸이클론 기술로 강력한 흡입력

베터리를 새로 구입해야되는데
다른청소기 사서
배터리만 새로 구입해서 쓰실분께 판매하려고 합니다

반품.취소.변심 불가
위례지역도 배달 가능합니다
",99000
청소기,다이슨 청소기,다이슨 V7 플러피 무선청소기,거래완료,"30,000원",위례동,2026-06-03,2,1,159,38.7℃,지니,생활가전,,"다이슨 V7 플러피 무선청소기 판매해요
사진에 보이는 구성품 그대로 드려요
가볍고 강력한 흡입력으로 청소하기 좋아요
자취생이나 1인 가구에게 딱 맞는 청소기랍니다",30000
청소기,다이슨 청소기,"다이슨 무선청소기 거치대 V6, V7, V8, V10, V11 호환",거래완료,"10,000원",장지동,2025-09-01,2,2,143,39.7℃,뼈검사,생활가전,,"다이슨 무선청소기 거치대 판매합니다.
청소기가 고장나 다른 제품으로 교체하면서 판매하게 되었습니다.

V8 무선청소기거치대 V7 V11 V6 [실버미어]다이슨 V10
쿠팡 판매 링크 : 
https://link.coupang.com/a/bT3Qxn",10000
청소기,다이슨 청소기,다이슨 무선청소기 V10,거래완료,"150,000원",위례동,2025-09-01,2,0,123,71.4℃,즐겨찾기,생활가전,,"다이슨 무선 청소기 V10 입니다.
사용감은 있지만 비교적 깨끗 해요
밧데리 빵빵 합니다
크리닝 해놓은 상태라서 깨끗 해요
등록되어 있어서 국내 A/S. 가능해요 
사진에 보이는 모든 구성품 함께 드립니다.
거치대도 있는데 필요 하시면 같이 드려요
필터도 2개 드려요
사용상 문제 없으므로 반품은 안되요
",150000
청소기,다이슨 청소기,다이슨 옴니 글라이드 플러스 무선 청소기,거래완료,"70,000원",장지동,2026-08-02,2,1,154,52.2℃,sredih,생활가전,,"다이슨 옴니 글라이드 플러스 무선 청소기 입니다
정품 충전기만 이사하면서 분실되어서 조금 싸게 내놓아요. 호환 가능한 충전기로 대체 했고 나머지는 배터리 포함 구성품 모두 있습니다.

직접 오셔서 가져가셔야 합니다..!",70000
청소기,다이슨 청소기,다이슨 정품 무선청소기 v8 fluffy,거래완료,"80,000원",장지동,2025-09-01,1,3,167,58.3℃,행복한킴씨,생활가전,위례아이파크에서 직거래 합니다.,"다이슨 무선청소기 V8 플러피 팝니다. 
2020년도에 백화점에서 산 정품입니다. 

사진에 보이는 구성품 모두 드려요. 거치대는 찾아봤는데 없네요. 
배터리는 2023년에 정품 다이슨 수리센터에서 갈았어요. 

다이슨 봉이 기스가 많이난다고 해서 옷입혀놨더니 새거처럼 깨끗하고 기스없어요 
다만 부품이나 헤드나 사용을 계속 하던거라 사용감 있습니다. 

중고특성상 환불 안 되니 확인하시고 연락주세요~
위례아이파크에서 직거래 합니다.",80000
청소기,다이슨 청소기,다이슨 청소기 부속품 미사용,거래완료,"30,000원",위례동,2026-02-03,2,0,63,39.2℃,그레이,생활가전,,"다이슨 청소기 SV14 모델 부속품입니다.
사진에 보이는 모든 헤드와 툴 일괄 판매합니다.
미사용품이고, 
본체 배터리가 약해져거 버리려고 정리하는거라 
필요하시면 스탠딩 거치대도 드리겠습니다~",30000
청소기,다이슨 청소기,[미개봉 국내정품] 다이슨 디지털 슬림 (니켈/니켈) 무선청소기,거래완료,"270,000원",위례동,2026-01-04,4,12,426,54.7℃,골든가이,생활가전,직거래 장소 : 위례동 (거래 장소 협의 가능),"구매일자: ‘25년 11월 6일
- 제품명
  : [다이슨 코리아 정품] 다이슨 디지털 슬림 (니켈/니켈) 국내AS
최저가 303,950원 입니다.
- 직거래 장소 : 위례동 (거래 장소 협의 가능)
거래는 직거래만합니다.
가격 네고는 답변 안드립니다.
거래하실분만 연락주세요",270000
청소기,다이슨 청소기,[미개봉 : 본사 다이슨 코리아 정품] 다이슨 무선청소기 싸이클론 V10,거래완료,"380,000원",위례동,2025-09-01,2,6,581,54.7℃,골든가이,생활가전,직거래 장소 : 위례동 (거래 장소 협의 가능),"- 구매일자: ‘24년 11월 9일
- 제품명
  : [다이슨 코리아 정품] 다이슨 무선청소기 싸이클론 V10
- 직거래 장소 : 위례동 (거래 장소 협의 가능)
거래는 직거래만합니다.
가격 네고는 답변 안드립니다.
거래하실분만 연락주세요",380000
청소기,다이슨 청소기,다이슨 V8 청소기 (거치대 포함),거래완료,"50,000원",장지동,2026-06-03,2,3,175,40.4℃,ubuntu,생활가전,,"다이슨 V8 무선 청소기입니다. 다양한 구성품과 거치대가 포함되어 있어 편리하게 사용하실 수 있어요. 강력한 흡입력으로 집안 구석구석 깨끗하게 청소해보세요

브러쉬부분 호스가 찢어서 교체는 필요하고 사용감이 많이 있습니다.

배터리 교체는 1년정도 전에 했어요. 
거치대 및 필터보유분도 같이 드려요.",50000
청소기,다이슨 청소기,[미개봉] 다이슨 디지털 슬림 서브마린. 공홈가 69만원. 쿠팡가 45만원,거래완료,"297,000원",장지동,2026-04-04,1,5,102,43.8℃,에이스,생활가전,장지동 파인타운 인근 직거래 선호합니다.,"다이슨 디지털 슬림 서브마린 무선 청소기입니다
상자 미개봉 상태입니다

- 1.9kg의 가벼운 무게로 편리하게 청소할 수 있습니다
- 물청소 기능으로 처음부터 끝까지 깨끗하게 마무리할 수 있습니다
- 리퍼비시 제품으로 26년 2월에 구입하였습니다

장지동 파인타운 인근 직거래 선호합니다.
가까운 거리는 차로 가져다드릴 수 있습니다.",297000
청소기,다이슨 청소기,다이슨 청소기 툴 세트,거래완료,"5,000원",장지동,2026-03-05,1,1,107,43.8℃,에이스,생활가전,파인타운,"다이슨 청소기 툴 일부입니다.
",5000
청소기,다이슨 청소기,다이슨 v10 청소기 (수납 거치대 포함),거래완료,"150,000원",장지동,2025-09-01,4,2,389,43.8℃,에이스,생활가전,문고리거래도 가능합니다,"다이슨 청소기입니다

쿠팡에서 전용 수납 거치대도 구매해서 사용했습니다

배터리는 1단으로 30평대 아파트 청소할 수준이기는 하나 교체하시고 쓰면 더 좋을 것 같습니다

문고리거래도 가능합니다",150000
청소기,다이슨 청소기,다이슨 무선청소기 V6,거래완료,"30,000원",장지동,2025-09-01,6,3,1390,38.6℃,DK,생활가전,,"다이슨 무선 청소기 V6판매합니다

- 모델명: V6

아주 사용감 많은 중고 감안하시고 교환 환불 절대 없습니다
툴가격이라고 생각하면됩니다

배터리는 정품1개 호환2개
침구청소 틈새청소 바닥청소 먼지솔 연장대
그리고 싸제 거치대 일괄입니다

프리모터 필터는 깨져서 교체해야합니다

청소도 안되어있고
어차피 배터리 프리필터 포스트필터는 교체해야합니다

싼맛에 가져가실분만 연락주세요

https://naver.me/xhlKFIsp
이런 제품 구입하면 국산배터리에 필터포함입니다",30000
청소기,다이슨 청소기,다이슨 청소기 거치대(청소기x),거래완료,"10,000원",위례동,2026-04-04,4,0,94,49.6℃,hsubakk,생활가전,,"다이슨 청소기 거치대로 사용했습니다.
충전기 선 꽂아놓고 사용하시면 됩니다. 
아래는 수납함 있어서 청소기 부속품 넣기 좋습니다.


",10000
청소기,다이슨 청소기,다이슨 Big Ball 청소기 10만원,거래완료,"100,000원",장지동,2025-09-01,1,2,71,44.2℃,동네주민,남성패션/잡화,,"다이슨 Big Ball Turbinehead 청소기입니다
잘 작동하고, 사용감은 사진으로 확인해주세요~
*10만원에 팝니다 

유선 사용 꼭필요하다고 요청하신 청소 이모님 만나서 구비했다가 이모님 바뀌고 나서는 찬밥신세 라서 필요하신분께 보내려고 합니다 
사용기간 1년 
보유기간 2년 

작동 잘되고 고장 없습니다 

택배는 불가;;; 
이사짐 싸는중이라 싸게 내놔요 
(현재 새제품은 50만원 이네요)",100000
청소기,다이슨 청소기,다이슨6 청소기 위례동,나눔완료,무료나눔,장지동,2025-09-01,3,1,532,43.6℃,사랑하는사람아,생활가전,,"청소기와 거치대
목부분 조금 약해 테이프 붙여 사용하고 있으나 별문제 없이 사용할 수 있습니다
건전지는 교체시기가 되었습니다
청소해놨습니다
물걸래 겸용을 사용하려고 내놓습니다",0
청소기,다이슨 청소기,다이슨 유선청소기 28,거래완료,"60,000원",위례동,2025-09-01,0,5,355,80℃,가을,생활가전,,"사용감 조금 있지만 
흡입력 강력합니다",60000
청소기,다이슨 청소기,"다이슨 청소기 헤드 (V6, DC 시리즈용) (미사용)",거래완료,"30,000원",장지동,2026-04-04,0,0,69,39.9℃,Cherry61,생활가전,,"다이슨 청소기용 정품 헤드입니다. 
가지고 있는 제품과 호환이 되지 않아 판매합니다. 
사용하지 않은 미사용 제품이에요. 

파트번호 60865이며, 사용제품과 호환되는지 꼭 확인하고 구매해주세요.",30000
청소기,다이슨 청소기,다이슨 v7 청소기 팝니다,거래완료,"60,000원",장지동,2025-09-01,1,4,479,46.1℃,훈스79,생활가전,,,60000
청소기,다이슨 청소기,다이슨 무선청소기 (완드없음),거래완료,"30,000원",위례동,2025-09-01,8,1,128,46.4℃,너티독,생활가전,,"총 10가지 부품 구성이고요

2번째 사진 하늘색 체크 :  사용안함
                  노란색 체크 : 사용감 거의 없음

3번째 사진 : 사용감 있음

파손없음

배터리 양호
(1회 충전하고 20평대 아파트 청소 최대 2회 사용했던 것 같아요, 새제품 기준 일반모드 40분)

완드는 별도 구입 필요합니다
(호환 1-2만 원대 / 정품 5만 원대)",30000
청소기,다이슨 청소기,다이슨 싸이클론 V10 fluffy+ 무선청소기,거래완료,"10,000원",위례동,2026-02-03,12,1,337,39.5℃,호기심,생활가전,,"다이슨 싸이클론 V10  fluffy+ 무선청소기입니다

-당초 제공된 툴들은 전부 다있고,
-사제 필터 2개 드립니다(오래쓰면 냄새나서 다른 필터가 있어야 합니다)
-며칠전까지 사용했는데 갑자기 스위치가 안되는 바람에 처분합니다.
-충전코드 없습니다(코드가 있었는데 안보이네요. 찾으면 드리겠습니다)

그래서 가격을 1만원으로 책정했습니다.

부품용 또는 수리해서 쓰실분 가져가세요.",10000
청소기,다이슨 청소기,다이슨 DC52 유선청소기 (사용감 많음),거래완료,"20,000원",위례동,2026-03-05,1,0,184,41.7℃,화이트버드,생활가전,,"다이슨 싸이클론 기술로 먼지 봉투 없이도 강력한 흡입력을 자랑합니다
기존 흡입구외에 여분의 기능성 흡입구 3개를 더 드립니다

비록 연식은 오래되었지만 작동은 문제 1도없이 잘 작동하구요 
상태의 경우 사진 많이 올려놓았으니 잘 참조하세요 
테이프로 고정해놓은 부분 잘 보세요 

- 다양한 노즐을 제공하여 집안 곳곳을 청소하기 용이합니다
- 엉킴 방지 터빈 툴로 머리카락이나 반려동물 털도 깔끔하게 제거할 수 있습니다

전반적으로 사용감은 있지만, 기능에는 문제 없습니다",20000
청소기,다이슨 청소기,다이슨 DC52 유선 청소기,거래완료,"51,000원",거여2동,2026-05-04,0,5,181,45℃,Mk,생활가전,,"다이슨 유선 청소기입니다
강력한 흡입력으로 집안 구석구석 깨끗하게 청소할 수 있어요.",51000
청소기,다이슨 청소기,다이슨 호환 청소기 헤드 V6,거래완료,"20,000원",문정동,2025-09-01,5,1,164,48.2℃,후루루루,생활가전,문현중 후문,,20000
청소기,다이슨 청소기,다이슨 무선 청소기 거치대,거래완료,"6,000원",장지동,2026-08-02,2,1,63,53.2℃,돌아온탕아,생활가전,,"다이슨 무선 청소기 거치대 판매해요
사진에 보이는 구성품 그대로 드려요
깔끔한 화이트 색상으로 어떤 인테리어에도 잘 어울려요
청소기 보관과 충전을 동시에 할 수 있어 편리해요
무선 청소기를 깔끔하게 정리하고 싶은 분들께 추천드려요",6000
청소기,다이슨 청소기,다이슨 V7 플러피 퍼플 무선청소기,거래완료,"17,000원",위례동,2026-08-17,5,11,264,99℃,메리당근,생활가전,,"다이슨 V7 플러피 퍼플 색상 무선청소기예요
본체와 거치대, 충전기, 연장관, 필터까지 모두 포함되어 있어요
사진에서 보시는 그대로의 구성품이 있습니다
베터리 방전된 상태
부품용 판매합니다

-송파구 위례 비대면만 가능

-실측 요청 및 사이즈문의 답변 어려워요.
-문의순보다 *입금순* 판매!!!!!!

-당근페이O
",17000
청소기,다이슨 청소기,다이슨 V6 모터헤드 무선청소기 퍼플,거래완료,"60,000원",위례동,2026-05-04,1,5,249,42.1℃,구구구,생활가전,직거래는 위례센트럴자이 정문에서 진행해요,"다이슨 V6 모터헤드 무선청소기 퍼플 색상이에요
사진에 보이는 구성품 모두 포함되어 있어요
가볍고 강력한 흡입력으로 청소하기 편리해요
자주 사용하지 않아 깨끗하게 보관했어요
좁은 공간 청소도 문제없는 다이슨 청소기랍니다
직거래는 위례센트럴자이 정문에서 진행해요",60000
청소기,다이슨 청소기,다이슨 청소기 v10 (풀세트+여분필터+거치대 일괄판매),거래완료,"100,000원",장지동,2025-09-01,1,0,116,36.9℃,jj,생활가전,장지동 직거래 가능합니다.,"다이슨 청소기 v10 앱솔루트 판매합니다.
구입할 당시 포함되어있던 구성품+여분 필터 1개+거치대 일괄 판매합니다.

☆☆2018년 구매하여 계속 사용하던 제품이라 사용감 있으며 메인헤드(사진에 동그라미 부분) 롤이 돌아가지않습니다. 흡입은 됩니다. 구매 전 꼭 참고부탁드립니다. ☆☆

배터리는 6개월 전에 교체하여 이상 없습니다.

장지동 직거래 가능합니다.",100000
청소기,다이슨 청소기,다이슨청소기 거치대,나눔완료,무료나눔,위례동,2025-09-01,1,0,132,56.1℃,콰지,생활가전,위례센트로엘,"거치대랑 바닥에있는 청소기끼는 부품도 같이 드려요
문고리나눔합니다",0
청소기,다이슨 청소기,다이슨 무선청소기 팝니다~^^,거래완료,"40,000원",위례동,2025-09-01,1,0,287,65.4℃,불꽃남자,생활가전,,"잘 쓰던 다이슨 무선 청소기 팝니다.
충전기 있으며 거치대도 있습니다~ 먼지통은 비우고 브러쉬는 물청소 해뒀습니다.
약 15분가량 사용 가능하며
다른 청소기가 생겨 판매합니다.
기종은 뭔지 모르겠네요 ㅎㅎ
문의는 환영하옵고 중고 특성상 반품 및 환불은 정중히 사양할께요~^^",40000
청소기,다이슨 청소기,다이슨 DC40 유선 청소기,거래완료,"20,000원",위례동,2026-06-03,9,11,333,38.4℃,보보,생활가전,,"다이슨 유선청소기 DC40 모델이에요
강력한 흡입력으로 먼지 하나 놓치지 않아요.

사진에서 보이는 뒤에 체결하는곳은 망가졌어요. 
청소하는데는 문제 없습니다.",20000
청소기,다이슨 청소기,다이슨 무선 청소기 거치대,거래완료,"20,000원",위례동,2026-04-04,2,1,103,37.5℃,웰퍼니처,생활가전,,"다이슨 무선 청소기 거치대입니다
한 곳에 놓고 사용하니까 좋더라구요~!
청소기 다른걸로 바꾸면서 당근합니다!

저희는 v7 청소기 사용했는데 
다른 제품도 호환가능한 것 같아요~!

다이슨 정품 충전기도 포함되어 있습니다!
깔끔하게 사용해서 상태 좋습니다!

가로 330 x 세로 280 x 높이 1340


*v7청소기 배터리쪽만 a/s받으면 사용 가능한 것도 있습니다. 필요하시면 같이 말씀주세요~!",20000
청소기,다이슨 청소기,다이슨 V6 중고 무선 청소기,거래완료,"10,000원",장지동,2026-02-03,1,0,167,46.8℃,울트라짜장,생활가전,,"다이슨 V6 애니멀 무선 청소기입니다

- 빳데리가 약합니다. 5~10분정도 작동되소 교체하시기 바래요.
- 다양한 노즐이 포함되어 있습니다
- 가볍고 편리하게 사용할 수 있습니다
- 무선으로 자유롭게 청소할 수 있습니다

생활 스크래치 등 사용감은 있지만, 정상작동 합니다",10000
청소기,다이슨 청소기,다이슨 V6 앱솔루트 무선청소기,거래완료,"40,000원",문정동,2025-09-01,1,0,106,38.4℃,마잌,생활가전,거래방법: 직거래 선호,"다이슨 V6 무선청소기와 스탠드형 거치대를 세트로 판매합니다.
모든 구성품 함께 드리며, 사진에 보이는 거치대 포함입니다. 작동에 전혀 문제가 없습니다.

제품명: 다이슨 V6 무선청소기 + 스탠드 거치대

구성: 본체, 스탠드 거치대, 기본 툴

상태: 작동 이상 없음, 외관 깨끗, 실사용 상태 유지

특이사항: 스탠드 거치대 포함

거래방법: 직거래 선호

구매 의향 있으신 분은 문의 부탁드립니다. 저렴하게 가져가시고 편하게 사용하세요!",40000
청소기,다이슨 청소기,다이슨 v6 무선청소기 충전기와 거치대,거래완료,"5,000원",장지동,2025-09-01,6,0,127,54.2℃,겨울나기,생활가전,,"다이슨 V6 무선청소기 거치대와 충전기 판매합니다
깔끔하게 청소기를 보관할 수 있어요
벽에 구멍 뚫을 필요 없이 세워두기만 하면 됩니다
청소기 액세서리도 같이 보관 가능해요~",5000
청소기,다이슨 청소기,(마지막인하)다이슨 V10 무선청소기,거래완료,"170,000원",장지동,2025-09-01,4,4,248,54.2℃,겨울나기,생활가전,,"다이슨 싸이클론 V10 앱솔루트 청소기입니다

흡입력 좋고, 다양한 툴 있어서 편리하게 사용 가능해요

로봇청소기가 생기면서 정리해요.

사진에 있는 거치대와 툴 모두드립니다. 

선물받은건데 다이슨 제품등록을 어제해서 무상 as 2027년 5월 19일 까지 남았습니다. 마음편히 쓰시다가 as받으시면서 맘편히 쓰세요",170000
청소기,다이슨 청소기,다이슨 V10 무선청소기 풀세트,거래완료,"100,000원",문정동,2026-03-05,2,0,152,47.4℃,anaitis,생활가전,무게 부피상 직거래 오셔요,"다이슨 V10 무선청소기 풀세트입니다

- 다양한 툴을 제공하여 집안 곳곳을 청소하기 용이합니다
- 강력한 흡입력으로 미세먼지까지 깨끗하게 제거해줍니다
- 가볍고 균형 잡힌 디자인으로 높은 곳도 쉽게 청소할 수 있습니다
- 거치대 포함

잘쓰고 잇엇는데
배터리아웃같아요..호환배터리교체하셔서 쓰실분에게.저렴하게 드릴까 합니다.
무게 부피상 직거래 오셔요 
중고거래상  환불불가이니 예민하신분은 패스하셔요 ",100000
청소기,다이슨 청소기,다이슨 볼 DC46 카본 파이버 청소기,거래완료,"50,000원",위례동,2026-05-04,2,5,218,37.6℃,찌니,생활가전,스타필드,,50000
청소기,다이슨 청소기,다이슨v8청소기 10000원 거치대5000,거래완료,"15,000원",문정1동,2025-09-01,4,0,125,79.5℃,문정동,생활가전,,"다이슨v8 외관상 험해요 그러나 기능은 양호 배터리 새로 갈아야해요 거치대 5000원 청소기10000원 충전아답터
드립니다 입금시.비대면으로 내놀게요
장지주민센타 옆이에요^^",15000
청소기,다이슨 청소기,다이슨 마이크로 퍼플 무선청소기,거래완료,"12,345원",문정동,2026-05-04,4,8,208,61.5℃,jwshsm,생활가전,GS25 문정센타점편의점앞  직거래,"다이슨  마이크로
어제 구입했고 딱 한번 사용하였습니다.
친정엄마께서 사용하기 어렵다하셔서 올립니다.

GS25 문정센타점편의점앞  직거래

개인간의거래라 반품불가입니다.
",12345
청소기,다이슨 청소기,다이슨 V8 무선청소기 + 거치대,거래완료,"50,000원",문정동,2026-02-03,6,5,438,39.6℃,난큰나무,생활가전,,"다이슨 V8 무선청소기 판매합니다
- 흡입력이 좋아서 청소가 잘 됩니다
- 가벼워서 사용하기 편리합니다
- 다양한 툴을 제공하여 여러 장소에서 활용 가능합니다
거치대 포함입니다
- 베터리 수명이 다 되어서 베터리는 교채 해야합니다
- 거치대도 함께 드립니다",50000
청소기,다이슨 청소기,다이슨 WashG1 물걸레 청소기,거래완료,"190,000원",위례동,2026-06-03,1,6,88,36.8℃,지율,생활가전,,"다이슨의 새로운 물걸레 청소기 WashG1이에요.
바닥 청소에 최적화된 설계로 편리하게 사용할 수 있어요.
깨끗한 바닥을 유지하고 싶으신 분들께 추천드려요.

실사용 몇번없는데 최근 다른 최신형 청소기선물받아서요. 여분의 롤러도 함께드립니다.
충전기겸거치대가 사진에없는데 물론함께드립니다.",190000
청소기,다이슨 청소기,다이슨 청소기 부품,거래완료,"30,000원",문정동,2025-09-01,2,0,92,39.9℃,토끼,생활가전,브라운칩 커피숍,,30000
청소기,다이슨 청소기,다이슨 V8 무선 청소기,거래중,"140,000원",문정1동,2026-08-26,1,8,116,43.7℃,수수,생활가전,직거래 우선하고 싶네요,"다이슨 V8 무선 청소기입니다

일주일 전 택배거래 했다가
헤드가 꺽여 포장되는 바람에
직접가서 거래취소해 드리고
헤드 호스 AS후
다시 올립니다

그래서
직거래 우선하고 싶네요
잠실동 기준 15키로 이내는
가져다 드리겠습니나

택배는 최대한 안전 팩킹합니다

다이슨 전용가방과 제품설명서까지
모든 구성품을 구매당시 새 상품으로
보관하고 있습니다

구성품 중  
미니모터헤드,콤비네이션 툴,크레비스툴
브러쉬 크레비스툴, 벽면거치대, 툴보관가방,사용설명서는 미사용

본체,헤드,청소봉,충전기도
실사용 6개월 미만이며

판매를 위하여
새 배터리 교체했고
아주 짱짱히 돌아갑니다
다이슨 청소기는 배터리가 생명입니다
특히 중고거래에서는 더욱 더 그렇습니다

저희는 다른 청소기도 있고
로봇청소기로 넘어가서
방출합니다

청소하기 딱 좋은 계절이네요

",140000
청소기,다이슨 청소기,다이슨 청소기 스탠드 거치대 강남 개포동,예약중,무료나눔,가락동,2026-08-31,2,5,100,38.9℃,트리,생활가전,개포동 직거래,"V8에 사용하던 거치대입니다.

충전 기능은 없는 거치 전용입니다. 

벽에 구멍 뚫지 않는 무타공 방식, 툴 걸이 4개 포함

개포동 직거래",0
청소기,다이슨 청소기,다이슨 청소기거치대,거래중,"15,000원",마천동,2026-08-03,0,1,62,40℃,당근당근v,가구/인테리어,문고리거래,"블랙색상 다이슨거치대 입니다.
깔끔하게 세워두고 쓸수있어요!

문고리거래
",15000
청소기,다이슨 청소기,다이슨 청소기 v7나눔 대치동,예약중,무료나눔,가락동,2025-09-02,0,23,1707,37.3℃,소라,생활가전,문고리 거래 유ㅓㄴ해요 부품은 다있고 거치대까지,"베터리교체하셔야돼고 청소도 직적하셔서 쓰셔야돼고 설명서는 아마 없어서 인터넷으로 찾아보구 쓰셔야대요 새로운 청소기사서 나눔해요 
ㅂ지금배터리로는 10분정도 할수있고 교체하시면40분정도 청서가능할거에요
문고리 거래 유ㅓㄴ해요 부품은 다있고 거치대까지
가져가셔야돼용",0
청소기,다이슨 청소기,다이슨 거치대,거래중,"19,000원",오금동,2025-09-02,0,1,102,40.4℃,이유,뷰티/미용,,,19000
청소기,다이슨 청소기,다이슨 펜슬 무선 청소기,거래완료,"100,000원",잠실본동,2026-08-24,4,3,76,46℃,나뭇잎,생활가전,문고리 선호합니다,"다이슨 펜슬 무선 청소기입니다.
구매보시면 사용 1년 안되었습니다.

사진에 보이는 구성품 그대로 드려요
깔끔한 디자인으로 인테리어 효과도 있어요
바닥 먼지 제거에 탁월한 성능을 자랑해요

작동은 잘 되구요
한두달에 한번 필터 갈아주심 됩니다. 호환용 사셔도 잘돠요.
사용감 있어서 저렴하게 내놓아요.
문고리 선호합니다",100000
청소기,다이슨 청소기,다이슨 무선 청소기 나눔,나눔완료,무료나눔,잠실4동,2026-08-04,5,1,80,84℃,오금,생활가전,,"다이슨 DC58

작동은 이상 없습니다
배터리가 약한 느낌입니다
본체와 롱 파이프만 있습니다
",0
청소기,다이슨 청소기,다이슨 디지털 슬림 무선청소기,거래완료,"150,000원",송파동,2026-08-07,2,6,111,99℃,앵두나무우물가,생활가전,,"다이슨 무선청소기 판매해요
사진에 보이는 구성품 모두 포함되어 있어요
거의 새거 수준입니다 ",150000
청소기,다이슨 청소기,다이슨 V10 컴플리트 퍼플 무선청소기,거래완료,"100,000원",잠실2동,2026-08-11,2,2,230,94.4℃,윤아,생활가전,,"다이슨 V10 컴플리트 퍼플 무선청소기입니다
사진에 보이는 구성품 모두 포함되어 있어요
강력한 흡입력으로 집안 구석구석 깨끗하게 청소할 수 있어요
청소 시간을 단축하고 싶은 분들에게 추천드려요
작동 잘됩니다 ",100000
청소기,다이슨 청소기,다이슨 SV18 디지털 슬림 무선청소기,거래완료,"150,000원",거여동,2026-08-03,2,1,118,72.8℃,인바이팅,생활가전,,"와이프가 손목이 아프다고 해서

삼성 청소기 못쓰고
다이슨 V10못쓰고
슬림형으로 구매해줬던 제품으로
1.9kg 가볍습니다 V10 2.5~2.7kg

V10에 비해 슬림하지만
30평대 청소는 지장없습니다

마이크로 슬림은 원룸형이고  이제품은 일반입니다
필터 등 기본 청소는 해놨습니다

마지막 사진 두장 V10과 크기 비교입니다",150000
청소기,다이슨 청소기,다이슨 V10 무선 청소기 코퍼색상,나눔완료,무료나눔,장지동,2026-08-03,15,2,214,50℃,소소한거래,생활가전,,"다이슨 V10 싸이클론 무선 청소기 코퍼 색상이에요
본체와 거치대 포함 구성품 입니다. 헤드만 구매해서 사용하시면 됩니다.

사진에서 보시는 것처럼 깔끔하게 사용했어요
강력한 흡입력으로 집안 구석구석 깨끗하게 청소할 수 있어요
청소기 사용이 잦은 분들에게 정말 좋은 선택이 될 거예요",0
청소기,다이슨 청소기,다이슨v6 청소기,거래완료,"35,000원",문정동,2026-08-09,2,0,109,54.9℃,AAAA,생활가전,,"구성품은 사진에 보이는 전부 입니다.
흡입력 좋아요 ",35000
청소기,다이슨 청소기,다이슨 V10 플러피 오리진 무선청소기,거래완료,"60,000원",위례동,2026-08-03,4,1,122,56.5℃,비비디바비디붑,생활가전,,"다이슨 V10 플러피 오리진 무선청소기예요
강력한 흡입력으로 집안 곳곳 먼지 없이 깨끗하게 청소할 수 있어요
사진에서 보이는 구성품 그대로 드려요
자주 사용하지 않아 깨끗하게 사용했어요
바닥 먼지, 머리카락 청소에 탁월한 성능을 자랑해요

V10인지는 모르겠어요 사진과 같아요
필요하시면 거치대도 드려요
새로운 청소기를 들여 내놓습니다
안에 청소는 못해드리ㄱ고 먼지만 제거해서 드릴수있습니다",60000
청소기,다이슨 청소기,다이슨 무선 청소기,나눔완료,무료나눔,위례동,2026-08-03,12,1,363,92.3℃,제이드,생활가전,,"다이슨 무선 청소기 판매해요

작동은 되지만 배터리 지속 시간이 짧아서 배터리 교체하시는걸 추천드려요

사진에 보이는 구성품 그대로 드려요
강력한 흡입력으로 먼지 걱정 끝
집안 구석구석 깨끗하게 청소해보세요",0
청소기,다이슨 청소기,다이슨 플러피 DC74 무선청소기 풀세트,거래완료,"60,000원",가락본동,2026-08-16,1,11,265,72.5℃,박가이버,생활가전,​직거래: 위례중앙로 216 호반써밋에비뉴 동문 앞,"​제품 상태:
연식은 있으나 사용 횟수가 적어 상태 양호함. 내부까지 완벽하게 분해하여 찌든 때 없이 깨끗하게 물청소 후 정밀 재조립 완료 (별도 청소 필요 없이 바로 사용 가능.

​배터리 상태:
완충 시 약 19분 정상 작동 (신품 기준 20분과 유사한 수준)

​특이 사항:
사용 중 낙하로 인해 금 간 부분이 일부 있으나, 성능 및 작동에는 전혀 지장 없음

​포함 구성품: 소프트 롤러 헤드, 블루 연장 파이프, 전용 충전기, 벽걸이 거치대 및 각종 툴 등 필수 구성품 거의 빠짐없이 포함

​거래 방법 안내:
​직거래: 위례중앙로 216 호반써밋에비뉴 동문 앞
​일반 택배(바로 구매): 120cm, 10kg 이하 (배송비 4,500원 ~ 5,000원 부과)
​반값 택배: 규격(80cm 초과) 문제로 CU, GS25 반값 택배 접수 불가

​기타 안내:
프로필 내에 다양한 제품을 함께 판매 중이니 둘러보시기 바랍니다.
",60000
청소기,다이슨 청소기,다이슨 청소기 팝니다.,거래완료,"30,000원",방이1동,2026-07-04,8,1,538,36.8℃,이렁,생활가전,,"필터 청소 필요. 사용감 스크레치 많아요. 8년전 일본 직구로 구매했어요.
배터리는 쿠팡에서 구매하셔야돼요.",30000
청소기,다이슨 청소기,다이슨 V7 무선 청소기,거래완료,"40,000원",잠실동,2026-08-18,1,12,192,72℃,뽀로로맘,생활가전,잠실동 직거래요,"다이슨 V7 무선 청소기입니다
다양한 구성품과 함께 사용 가능해요
사진에서 보이는 그대로의 제품입니다
7번사진에 손가락으로 작동시키는 부분 옆에 사출이 부러진거 같은데 크게 티도 안나고 사용하는데 지장없습니다. 새 베터리로 교체한 번 하였어요. 직구하여 컨버팅 단자를 끼워서 드립니다 

잠실동 직거래요",40000
청소기,다이슨 청소기,4개월쓴 다이슨 무선청소기 사이클론 V10 거치대도 드려요~~,거래완료,"190,000원",잠실본동,2026-08-03,3,7,172,77.7℃,콩이엄마,생활가전,,"다이슨 무선청소기 사이클론 V10
작년 11월 38만원에 구입...
구입내역 사진 올렸고요
4개월 쓰다가 다른 청소기가 생겨서 안썼답니다
4개월도 열심히 쓴것도 아니네요
구성품 사진 올린대로고요
거치대도 함께 드리니 저렴히 가져가세요
이미 저렴히 내놓은거니 네고는 정중히
사양합니다~~",190000
청소기,다이슨 청소기,다이슨 V10 플러피 레드 무선청소기,거래완료,"130,000원",잠실4동,2026-07-04,0,3,113,42.3℃,강남Zebra,생활가전,,"다이슨 V10 플러피 무선청소기 팔아요~(사진 왼쪽)
다이슨 두대인데 이사하면서 집이 좁아져서 하나 처분해요ㅎ
흡입력은 뭐 엄청나죠~ 
집이 작아져서 소형모델을 쓰고 V10을 당근해요 ㅎ 
역시 펑소기는 다이슨이죠 ^^",130000
청소기,다이슨 청소기,다이슨 옴니글라이드 청소기,나눔완료,무료나눔,거여동,2026-07-04,5,7,361,67.7℃,일리이자,생활가전,,"작동은 이상없이 잘 되긴 하는데
먼지통 안쪽 고무패킹이 빠져서 다시 끼워보려하는데
잘 안됩니다. 
as센터가서 수리받으면 되는데 귀찮아서 나눔합니다.
전체적으로 다 가져가실분 연락바랍니다.",0
청소기,다이슨 청소기,다이슨 V8 앱솔루트 엑스트라 무선청소기 + 거치대,거래완료,"60,000원",송파동,2026-08-13,3,1,120,62.4℃,ete,생활가전,,"사용감과 생활기스가 있는 제품이라 저렴하게 올려요.
사진처럼 외관 상태가 좋은 편은 아니지만 작동은 정상적으로 잘 됩니다.

청소기 본체 + 사진에 보이는 거치대 함께 드려요.

집이 좁은관계로 자리차지를 많이해서 더 잘쓰실 분께 보내려합니다

다만 오래 사용한 제품이라 외관 상태에 민감하신 분보다는
부담 없이 실사용하실 분께 추천드립니다 :)

중고제품 특성상 사용감 있는 점 감안해서 가격 책정했습니다.
사진으로 상태 충분히 확인 후 구매 부탁드려요!

 
반품은 불가하고 직접와서 가져가셔야합니다!",60000
청소기,다이슨 청소기,다이슨 V8 무선청소기,나눔완료,무료나눔,오륜동,2026-07-04,23,1,710,42.7℃,너클조,생활가전,,"다이슨 V8 무선청소기 판매해요
사용감 많고 기본롤러 고장으로 카펫용롤러로 사용했습니다.",0
마미케어,메디큐브 부스터프로,메디큐브 에이지알 부스터 프로 글로우 화이트 미니,거래중,"40,000원",가락1동,2026-08-31,0,0,5,38.4℃,찐찐,뷰티/미용,,,40000
마미케어,메디큐브 부스터프로,메디큐브 부스터프로 핑크,거래중,"130,000원",가락1동,2026-08-28,0,10,146,38.5℃,준찰서,뷰티/미용,,"메디큐브 에이지알 부스터프로 핑크색상이에요
풀박스로 구성품 모두 갖춰져 있어요
실사용 2회라 거의 새상품이에요
귀차니즘때문에 손이 아예 안가서 판매합니다",130000
마미케어,메디큐브 부스터프로,메디큐브 에이지알 부스터프로,거래중,"110,000원",문정동,2026-08-12,0,6,184,46℃,무무,뷰티/미용,,"잘 사용하지 않아 판매해요
약간의 사용감이 있을 수 있습니다
작동은 아주 잘되고 상태도 좋습니다
사진으로 상태 확인해 주세요
시간이 불규칙해 택배거래만 가능합니다
(네고 X / 구매 후 환불은 불가능합니다)",110000
마미케어,메디큐브 부스터프로,메디큐브 age-r 부스터프로,거래중,"90,000원",가락1동,2026-08-31,0,7,42,38℃,쥬니퍼,뷰티/미용,,"작년에 베터리불량으로 새상품으로 교환받아서 10회미만으로 사용감 거의 없는 제품입니다. 
박스구성 그대로 다 있습니다.
제조는 25년08월 입니다.
",90000
마미케어,메디큐브 부스터프로,메디큐브 에이지알 부스터 프로,거래중,"95,000원",가락1동,2026-08-12,1,9,250,40.4℃,오복럭키둥둥,뷰티/미용,,"​사놓고 손이 잘 가지 않아 실제 사용 횟수는 10회 정도밖에 안 되는 깨끗한 제품이에요~
액정 화면이나 전원, 모드 전환 등 기능 이상 없이 아주 잘 작동하는 것 사진처럼 확인했습니다.
​구성품 상자 없이 단품으로 보관 중이라 저렴하게 내놓습니다🤗
편하게 연락주세요:)


🥕단순변심,반품,환불 안돼요 🙅‍♀️

🥕매너없는거래 싫어요(답장안하기,찔러보기, 너무늦는답장)

🥕새제품이아니에요 저렴하게내놔요",95000
마미케어,메디큐브 부스터프로,메디큐브 에이지알 부스터 프로 짱구에디션 송파,거래중,"80,000원",삼전동,2026-08-28,1,6,41,37.5℃,꼬태파워,뷰티/미용,,"메디큐브 에이지알 부스터 프로 짱구에디션 판매합니다~! 25년도에 구입했고 ~ 3번미만 사용했습니다!
피부 관리에 관심 있는 분들께 추천드려요.
사용기한 제조일 2025
개봉 여부, 사용감
개봉,사용감 거의 없음
구매처, 정품 여부 메디큐브 공식 쇼핑돌",80000
마미케어,메디큐브 부스터프로,메디큐브 부스터프로,거래완료,"100,000원",송파동,2026-06-03,6,24,425,46.5℃,밈몸,뷰티/미용,,"메디큐브 부스터 프로 팔아요 
구매한지는 일년정도 되었는데
안쓰게 되어서 판매해요
거의 새거에요
거의 3-4번 사용했고 어플연동도 가능해요~
박스는 없어요ㅠㅠ",100000
마미케어,메디큐브 부스터프로,메디큐브 에이지알 부스터 프로 핑크,거래완료,"100,000원",잠실6동,2026-06-04,2,13,237,49℃,엔미,뷰티/미용,,"사용감좋고 홈케어 기기로 잘 사용했으나 귀찮아서 사용을 잘 안하게되네요ㅠㅠ
저렴한 가격으로 부스터프로 써보고싶으신분 가져가시면 좋을것 같습니다. 산지 1년남짓됐습니다. 부속품은 다 있어요.

메디큐브 에이지알 부스터 프로 핑크 색상이에요
본체와 박스, 사용 설명서가 구성품으로 포함되어 있어요
사진에서 보이는 것처럼 깔끔한 상태를 유지하고 있어요
피부 관리에 관심 있는 분들께 추천드리는 제품이에요",100000
마미케어,메디큐브 부스터프로,메디큐브 헬로키티 에디션 부스터 프로,거래중,"100,000원",가락1동,2026-08-31,0,2,68,40.9℃,당근뿡심이,뷰티/미용,직거래 불가.,"구매후 실사용은 10회정도 입니다.  
화장대에 방치만 했는데 어느날 열어보니 가운데 플라스틱부분 살짝 금이 가있어요. 딸어뜨린 적 없음! (확인 필수) 
사용엔 전혀 문제가 없는듯 하구요
작동이나 모드 변환 등등 다 전혀 문제 없음. 
방치해서 키티머리가 약간 미세한 변색이 있어요.  
그래서 10만에 내놓아요.  
구성은 따로 없구 박스는 있으니 필요하면 드릴게요.  

반택가능
직거래 불가.  
🤍성실하게 거래 하실 분만 문의 주세요! 

*당근 특성상 반품교환 불가하니 필요시 재당근 추천드립니다.",100000
마미케어,메디큐브 부스터프로,메디큐브 에이지알 부스터 프로 블랙,거래완료,"100,000원",잠실2동,2026-04-05,1,2,99,44.8℃,뿌요,뷰티/미용,,"메디큐브 에이지알 부스터 프로 블랙이에요

공홈구매 상품이구요 소독하며 깨끗하게 사용했어요

박스 없어서 싸게 내놔요~ 작동 모두 정상입니다

차로 20분 거리정도 가까운 지역은 배달도 가능해요!",100000
마미케어,메디큐브 부스터프로,메디큐브 에이지알 부스터 프로 블랙,거래완료,"80,000원",잠실4동,2026-08-02,0,10,153,50.8℃,단비꺼사죠,뷰티/미용,,"메디큐브 에이지알 부스터 프로 블랙 색상입니다
구성품은 본체, 충전 케이블, 박스입니다

사진에서 보이는 것처럼 헤드에 크랙이 가있어요 근데 기능 모두 정상 작동합니다

기기 업그레이드 하려고 내놓는 거에요

알콜솜 몇개 같이 드릴게요",80000
마미케어,메디큐브 부스터프로,메디큐브 에이지알 부스터 프로 X2 핑크,거래중,"270,000원",가락1동,2026-08-31,0,0,8,36.5℃,침착한카페이웃,뷰티/미용,,"메디큐브 에이지알 부스터 프로 X2 핑크 색상이에요
완전 미개봉 비닐도 안 뜯었어요",270000
마미케어,메디큐브 부스터프로,메디큐브 에이지알 부스터 프로 블랙,거래완료,"120,000원",송파1동,2026-06-04,2,0,49,41.9℃,뭐로하지,뷰티/미용,,"올해 초 여행가면서 면세점에서 구입한 정품입니다.

구입: 26년 1월
제조: 25년 11월

더 예뻐해주실 주인분 찾아요 ㅠㅠㅋ

본체, 충전케이블, 설명서 모두 있고 잘 동작해요!
알콜솜으로 열심히 닦았는데 어느정도 사용감은 감안해주세요

오늘 석촌역에서 쿨거래하시면 1만원에 네고해 드릴게요",120000
마미케어,메디큐브 부스터프로,메디큐브 에이지알 부스터 프로 블랙,거래중,"97,000원",가락1동,2026-08-18,0,4,124,40℃,이수진,뷰티/미용,,"메디큐브 에이지알 부스터 프로 블랙입니다

사진에서 보이는 것처럼 깔끔한 상태입니다
피부 탄력 관리에 도움을 주는 제품이에요

잘 사용하다 최근 들어선 손이 잘 안가서 판매합니다",97000
마미케어,메디큐브 부스터프로,메디큐브 부스터프로 미니 화이트,거래중,"60,000원",가락1동,2026-08-31,0,0,12,45.5℃,woskslzlzlx,뷰티/미용,,"구매 후 2회 사용
상자는 다 버리고 통만 있어요
사실 분만 문의주세요",60000
마미케어,메디큐브 부스터프로,메디큐브 에이지알 부스터 프로 라벤더,거래중,"162,000원",가락본동,2026-08-24,0,0,19,47.8℃,ccdwegvv,뷰티/미용,,"메디큐브 에이지알 부스터 프로 라벤더 색상이에요
구성품은 본체와 박스 모두 있어요
사진에서 보이는 그대로의 제품입니다
피부 관리에 관심 있는 분들께 추천드려요
2회사용했어요",162000
마미케어,메디큐브 부스터프로,(새상품)메디큐브 에이지알 부스터 프로 미니 플러스 핑크,거래중,"107,000원",문정동,2026-06-02,0,14,212,68.1℃,양해썬맘,뷰티/미용,,,107000
마미케어,메디큐브 부스터프로,[새상품] 메디큐브 에이지알 부스터 프로,거래중,"80,000원",가락1동,2026-08-01,4,47,2867,44.1℃,미돌앙,뷰티/미용,,"크랙 생긴 제품으로 
유상교환하여 새제품으로 교환해서 쓰시면 됩니다
(14만원에 새제품 사는거라 생각하시면 됩니다)

교환이 귀찮아서… 싸게 판매합니다
자세한 방법은 채팅 주시면 설명드립니다

색상 상관없으신 분만!

미니아니고, 구버전 부스터프로입니다

반택 됩니다 채팅주세용(프로필 채팅용 게시글)",80000
마미케어,메디큐브 부스터프로,메디큐브 에이지알 부스터 프로 핑크,거래완료,"80,000원",위례동,2026-07-03,1,1,35,53.7℃,그레제,뷰티/미용,✔️당근페이 / 문고리거래🆗,"메디큐브 에이지알 부스터 프로 핑크 색상

피부 관리에 도움을 주는 제품으로 다양한 모드를 활용할 수 있어요
사진에서 보이는 본품만 구성되어 있어요. 
가지고 계신 C타입 충전으로 하시면 되요.

‼️예약불가❌채팅순❌입금순🆗
✔️당근페이 / 문고리거래🆗
✔️문고리거래 시 선입금 후 주소 알려드립니다.",80000
마미케어,메디큐브 부스터프로,메디큐브 에이지알 부스터프로 핑크 풀박스,거래중,"122,000원",문정1동,2026-08-07,0,6,174,48.8℃,햇살까아득,뷰티/미용,,,122000
마미케어,메디큐브 부스터프로,메디큐브 부스터프로 미개봉,거래중,"150,000원",가락1동,2026-08-26,0,15,182,41.3℃,귀돌이맘,뷰티/미용,,"작년 3월 메디큐브 공홈에서 구매했습니다.
비닐 뜯지 않은 새상품입니다.",150000
마미케어,메디큐브 부스터프로,메디큐브 에이지알 부스터 프로 옐로우 곰돌이 에디션,거래중,"98,000원",신천동,2026-06-02,0,6,130,40.4℃,카이,뷰티/미용,,"메디큐브 에이지알 부스터 프로 옐로우 곰돌이 에디션이에요

본체와 박스 구성품 모두 사진으로 확인 가능해요

피부 고민 해결에 도움을 주는 제품으로 꾸준히 사용하면 좋아요
매끈하고 건강한 피부를 원하는 분들께 추천드려요",98000
마미케어,메디큐브 부스터프로,[미개봉 새상품] 메디큐브 에이지알 부스터프로 X2 화이트,거래중,"240,000원",송파동,2026-08-29,0,28,,,,,,,240000
마미케어,메디큐브 부스터프로,메디큐브 에이지알 부스터프로,거래중,"140,000원",가락1동,2026-08-27,0,1,35,49.5℃,동키콩디디콩,뷰티/미용,,"3번 이내 사옹
상태 정말 깨끗해요~~!",140000
마미케어,메디큐브 부스터프로,메디큐브 에이지알 부스터 프로 핑크 풀박스,거래중,"150,000원",송파2동,2026-08-31,0,3,41,43.4℃,쿠쿠,뷰티/미용,,,150000
마미케어,메디큐브 부스터프로,메디큐브 에이지알 부스터 프로,거래완료,"150,000원",문정동,2025-09-01,2,2,132,50.6℃,두부,뷰티/미용,직거래는 문정역/문정로데오거리 근방 가능해요:>,"메디큐브 에이지알 부스터 프로입니다
자주 사용하지 않게 되어서 판매합니다~
헤드쪽에 희비하게 크랙이 보이는거같아 저렴히 판매합니다
실사용 10회 미만입니다 작동은 이상없어요
착한가격에 이용해보고 싶으신분 연락주세요!

박스는 자리가 많이 차지해서 없습니다 본품만 판매해요~
충전은 c타입 핸드폰 충전기로 가능합니다

- 제조일자: 23년 12월
- 현재 네이버 최저가는 222,490원입니다



직거래는 문정역/문정로데오거리 근방 가능해요:>",150000
마미케어,메디큐브 부스터프로,메디큐브 에이지알 부스터 프로 블랙 풀박스,거래중,"89,000원",가락1동,2026-07-02,4,41,1122,42.6℃,Yoon,뷰티/미용,,,89000
마미케어,메디큐브 부스터프로,메디큐브 부스터프로 미니,거래완료,"45,000원",가락1동,2026-05-04,0,0,22,46.2℃,MEIRA,뷰티/미용,직거래도 가능합니다.,"2025년 7월 올리브영에서 97,000원에 구매했고, 실 사용 정확히 2회입니다.
 
여행용으로 구매했으나, 가져가는걸 자꾸 까먹어서 처음 1회, 중간에 아쉬워서 1회 써봤네요.

더 잘 쓰실분께 양도하는게 좋을 것 같아 싸게 내놓습니다.
직거래도 가능합니다.",45000
마미케어,메디큐브 부스터프로,메디큐브 에이지알 부스터 프로 옐로우 풀박스,거래중,"130,000원",문정동,2026-08-27,0,0,11,38.8℃,pv,뷰티/미용,,"메디큐브 에이지알 부스터 프로 옐로우 색상 풀박스 구성이에요
구성품 모두 사진으로 확인 가능해요
새 제품 가격은 비싸지만, 합리적인 가격으로 만나보세요
피부 관리에 관심 있는 분들께 추천드려요",130000
마미케어,메디큐브 부스터프로,메디큐브 에이지알 부스터 프로 미니 핑크,거래중,"50,000원",가락1동,2026-08-31,0,3,26,37.5℃,알바구합니다,뷰티/미용,,"메디큐브 에이지알 부스터 프로 미니 플러스 핑크 색상이에요 몇번 사용 안했고 2가지모드입니다 미백,트러블 
피부 관리에 도움을 주는 뷰티 디바이스를 찾으시는 분들께 추천드려요",50000
마미케어,메디큐브 부스터프로,메디큐브 에이지알 부스터 프로,거래중,"80,000원",가락1동,2026-08-01,2,22,640,41.6℃,냠냠냠,뷰티/미용,,"피부 탄력과 리프팅에 도움을 주는 메디큐브 에이지알 부스터 프로예요

BOOSTER 모드로 피부에 유효 성분 흡수를 도와주고, LED와 갈바닉 이온 기능으로 피부 고민을 케어해줘요

구성품은 본체입니다. (충전기x, c타입으로 충전가능) 

매일매일 건강한 피부를 가꾸고 싶으신 분들께 추천드려요

떨어트려 생긴 사용감이 있어 싸게 팝니다 
예민하신분은 스킵해주세요 

이걸 사용했을때 피부가 맨들해져요
매일 꾸준히 못함+ 기기 많아서 처분합니다",80000
마미케어,메디큐브 부스터프로,[미개봉] 메디큐브 부스터프로 X2 핑크 부스터프로2 새제품 새상품 에이지알 홈케어 뷰티디바이스,거래중,"260,000원",위례동,2026-08-23,0,8,108,52.9℃,맹고,,,,260000
마미케어,메디큐브 부스터프로,메디큐브 부스터프로 스페셜 에디션 핑크 판매!!,거래중,"200,000원",가락1동,2026-08-31,0,0,19,36.5℃,미래미,뷰티/미용,,,200000
마미케어,메디큐브 부스터프로,메디큐브 부스터프로 핑크 베어 에디션,거래중,"120,000원",가락1동,2026-08-26,0,6,106,46.4℃,꿀떡양,뷰티/미용,,"상태좋습니다.박스포함입니다~

",120000
마미케어,메디큐브 부스터프로,메디큐브 에이지알 부스터프로 마이멜로디 에디션 송파,거래중,"150,000원",삼전동,2026-07-02,1,20,129,73.4℃,소나무,뷰티/미용,,"메디큐브 에이지알 부스터프로 마이멜로디 에디션이에요
피부 관리 기기 본품과 마이멜로디 디자인의 헤드 케이스, 콜라겐 젤리 크림까지 모두 포함되어 있어요
사진에서 보이는 구성품 그대로 보내드려요
집에서 간편하게 피부 관리하고 싶으신 분들께 추천드려요",150000
마미케어,메디큐브 부스터프로,메디큐브 부스터 프로 미니 플러스 브이롤러 + 부스터젤 세트,거래중,"59,800원",방이동,2026-06-02,1,8,420,41.5℃,당근부자,뷰티/미용,,,59800
마미케어,메디큐브 부스터프로,메디큐브 에이지알 부스터 프로 풀박스,거래중,"110,000원",문정동,2026-08-19,0,6,62,61.8℃,jjjj,뷰티/미용,,"메디큐브 에이지알 부스터 프로 풀박스 구성이에요
본체와 충전 케이블, 사용 설명서까지 모두 있습니다
피부 관리에 관심 있는 분들께 추천드려요

네고X",110000
마미케어,메디큐브 부스터프로,메디큐브 부스터프로 (상태최상),거래중,"129,000원",가락1동,2026-08-17,0,5,374,41.3℃,동그라미,뷰티/미용,,"제조년월 25.01

구매한지 1년정도 밖에 안됐어요
사용 10회정도밖에 안해서 상태 최상입니다
눈에 띄는 하자, 기스 전혀 없어요
알콜스왑으로 소독 후 보내드립니다

박스는 버려서 없어요",129000
마미케어,메디큐브 부스터프로,메디큐브 에이지알 부스터 프로 세럼 2개,거래중,"120,000원",문정동,2026-08-01,0,5,25,37.7℃,나나,뷰티/미용,,"사용할 시간이 없어서 판매하려고 합니다.
사용할 시간이 거의 없어서 기계 상태는 아직 매우 좋습니다.",120000
마미케어,메디큐브 부스터프로,메디큐브 에이지알 부스터 프로 미니 플러스 핑크,거래완료,"70,000원",장지동,2026-06-03,1,6,73,48.6℃,마이미,뷰티/미용,,"메디큐브 에이지알 부스터 프로 미니 플러스 
핑크색상이에요. 새제품입니다.
본품과 쇼핑백 구성입니다.
선물 가능해요~

송파파인타운입니다~",70000
마미케어,메디큐브 부스터프로,메디큐브 부스터프로×2,거래중,"235,000원",가락1동,2026-08-13,1,20,581,60.4℃,나나이얌,뷰티/미용,,"거의 사용 안해서 상태좋아요
사진과 동일한 구성품있습니다",235000
마미케어,메디큐브 부스터프로,메디큐브 에이지알 부스터 프로 X2 핑크 (미개봉),거래중,"250,000원",가락1동,2026-08-21,2,33,336,54.9℃,고만사작,뷰티/미용,,,250000
마미케어,메디큐브 부스터프로,메디큐브 에이지알 부스터 프로 핑크 풀박스,거래중,"110,000원",가락1동,2026-08-23,0,27,385,37.9℃,조니뎁,뷰티/미용,,,110000
마미케어,메디큐브 부스터프로,메디큐브 에이지알 부스터 프로 X2 화이트 풀박스,거래중,"240,000원",석촌동,2026-08-23,0,10,118,41.7℃,Ktw,뷰티/미용,,,240000
마미케어,메디큐브 부스터프로,메디큐브 부스터프로 핑크 송파,거래중,"150,000원",마천1동,2026-06-02,0,10,229,41.4℃,레고,뷰티/미용,문고리 거래로 시간제약없이 비대면 거래 가능합니다,"작년 10월쯤 구매

충전기 선도 그대로 사용안했고 박스는 없지만 제 당근 보시면 미개봉이나 새 제품 위주로 판매하는 편이라 상태는 자신 있게 말씀드릴 수 있습니다!!

문고리 거래로 시간제약없이 비대면 거래 가능합니다",150000
마미케어,메디큐브 부스터프로,급처분) 메디큐브 에이지알 부스터 프로 블랙,거래중,"130,000원",가락1동,2026-08-01,0,4,144,40℃,Kimda,뷰티/미용,,,130000
마미케어,메디큐브 부스터프로,메디큐브 에이지알 부스터 프로 핑크 풀박스,거래중,"100,000원",가락1동,2026-08-15,0,32,311,40.4℃,데미소다,뷰티/미용,,,100000
마미케어,메디큐브 부스터프로,메디큐브 에이지알 부스터 프로1 핑크,거래중,"100,000원",잠실동,2026-08-10,5,28,262,38.4℃,밍밍,뷰티/미용,,"메디큐브 에이지알 부스터 프로 핑크 색상이에요
3번 사용했고 너무 사용을 안하기도하고
최근에 얼굴 시술을 해서 그냥 디바이스 모두 처분하려고합니다ㅠㅠ
(USB-C 타입)
2024년 11월 제조 상품입니다
피부 탄력 관리에 도움을 주는 뷰티 디바이스를 찾으시는 분들께 추천드려요",100000
마미케어,메디큐브 부스터프로,부스터프로 블랙 하남,거래중,"130,000원",위례동,2026-08-01,0,6,253,39℃,휘낭시에,뷰티/미용,,"사용감 적고 깨끗한 상태입니다

홈케어기기로는 진짜 최고라고 생각해요 

사용법도 간편하고 가벼워요 
아무거나 쓰시는 앰플과 함께 사용 가능합니다!!",130000
마미케어,메디큐브 부스터프로,메디큐브 에이지알 부스터 프로 블랙,거래완료,"135,000원",송파1동,2026-05-04,1,7,112,36.8℃,고등짝스매싱,뷰티/미용,,"제조년월 25년 6월 
구매년월 25년 11월

풀박스 제품으로 구매하고 두어번 단시간 사용해본게 전부라 새상품에 가깝습니다.
",135000
마미케어,메디큐브 부스터프로,메디큐브 부스터 프로 핑크,거래중,"200,000원",가락1동,2026-08-31,0,0,17,50.1℃,딸기,뷰티/미용,,"몇 번 사용했던 제품인데 알코올솜으로 여러 번 닦으며 깨끗하게 사용했습니다

반값택배, 일반택배 거래만 가능합니다",200000
마미케어,메디큐브 부스터프로,메디큐브 에이지알 부스터 프로,거래중,"79,000원",가락1동,2026-08-19,0,11,233,49.7℃,드림율하,뷰티/미용,,"메디큐브 에이지알 부스터 프로 판매해요
사진 속 구성품 모두 포함되어 있어요
피부 탄력 관리에 도움을 주는 제품이에요
피부 고민 있으신 분들께 추천드려요",79000
마미케어,메디큐브 부스터프로,메디큐브 에이지알 부스터 프로 블랙 새상품,거래중,"162,000원",잠실2동,2026-08-01,0,5,86,50.7℃,안녕하세용,뷰티/미용,,,162000
마미케어,메디큐브 부스터프로,메디큐브 부스터프로 디바이스,거래중,"90,000원",가락1동,2026-08-10,0,27,400,37℃,자몽,뷰티/미용,,"메디큐브 부스터프로  디바이스 판매합니다.
사용감은 있고 정상 작동 확인했습니다.
본체만 드리고 충전은 c타입 단자로 가능합니다.

구입일 : 2025-02-03
메디큐브 홈페이지에서 구입한 정품입니다.

문의 있으시면 채팅 부탁드립니다.",90000
마미케어,메디큐브 부스터프로,메디큐브 에이지알 부스터프로 핑크,거래중,"124,000원",가락2동,2026-08-25,0,14,156,37.6℃,이굴이,뷰티/미용,,"메디큐브 에이지알 부스터프로 핑크 풀세트입니다

올해 3월경 구매했고 
사용 횟수 5회 미만으로 거의 새상품입니다",124000
마미케어,메디큐브 부스터프로,메디큐브 에이지알 부스터 프로 블랙,거래완료,"180,000원",방이동,2025-12-05,1,3,151,37.2℃,님네임,뷰티/미용,,,180000
마미케어,메디큐브 부스터프로,미개봉 새상품 정품 메디큐브 부스터프로 X2 핑크 (가격제안불가) 송파,거래중,"265,000원",삼전동,2026-08-01,7,38,742,44.1℃,고양이집사,뷰티/미용,,,265000
마미케어,메디큐브 부스터프로,메디큐브 부스터프로 핑크+부스터젤 (풀박),거래중,"190,000원",가락2동,2026-08-03,0,7,196,45.5℃,하하호호,뷰티/미용,,,190000
마미케어,메디큐브 부스터프로,메디큐브 부스터프로 미니 플러스 핑크,거래중,"90,000원",가락2동,2026-08-01,0,5,128,36.4℃,곽용철,뷰티/미용,,"핑크색상이에요
본품과 파우치 구성입니다
사진에서 보이는 것처럼 깔끔한 상태를 유지하고 있어요
피부 탄력 관리에 도움을 줄 수 있는 제품이에요",90000
마미케어,메디큐브 부스터프로,메디큐브 부스터프로 새상품 하남,거래중,"170,000원",위례동,2025-12-04,12,37,534,25.3℃,뀨잉뀨잉쀼,뷰티/미용,,"새상품입니다
정품 큐알 있어요
선물용으로도 좋음
최신제조",170000
마미케어,메디큐브 부스터프로,메디큐브 에이지알 부스터 프로 스페셜 에디션,거래중,"120,000원",가락2동,2026-08-29,0,8,,38.1℃,도토링,뷰티/미용,,,120000
마미케어,메디큐브 부스터프로,메디큐브 에이지알 부스터 프로 핑크,거래완료,"90,000원",방이2동,2026-08-02,1,5,129,41.1℃,아모,뷰티/미용,,"메디큐브 에이지알 부스터 프로 핑크 색상이에요
사진에서 보이는 구성품 그대로 드려요
피부 관리 효과를 높여주는 제품이에요
매끈하고 탄력있는 피부를 원하시는 분들께 추천드려요.특히 피부건조 하신분 추천드려요",90000
마미케어,메디큐브 부스터프로,"메디큐브 에이지알 부스터 프로 블랙 세럼 2개 , 세럼 2개",거래중,"100,000원",가락1동,2026-08-08,0,2,30,37.7℃,나나,뷰티/미용,거여동,,100000
마미케어,메디큐브 부스터프로,메디큐브 부스터 프로 X2 핑크 (미개봉 새상품 ) 송파,거래중,"260,000원",삼전동,2026-08-01,9,53,885,44.1℃,고양이집사,뷰티/미용,,"메디큐브 에이지알 부스터 프로 X2 핑크 색상이에요
7가지 모드와 6단계 앰플 흡수율을 자랑하는 프리미엄 토탈 디바이스랍니다
최대 흡수율 1332%로 피부 속 깊숙이 유효 성분을 전달해줘요
피부 고민 있으신 분들께 추천드려요",260000
마미케어,메디큐브 부스터프로,메디큐브 에이지알 부스터프로 마이멜로디 에디션,거래중,"145,000원",가락2동,2026-08-07,0,18,244,41.3℃,잼이,뷰티/미용,,,145000
마미케어,메디큐브 부스터프로,메디큐브 부스터 프로,거래중,"150,000원",가락2동,2026-07-02,0,9,420,52.8℃,올려둔가격에판매원해요,뷰티/미용,,,150000
마미케어,메디큐브 부스터프로,메디큐브 에이지알 부스터프로 블랙 풀박스(105000원에 드립니다.),거래중,"100,000원",가락2동,2026-08-19,1,20,158,43℃,다미,뷰티/미용,,,100000
마미케어,메디큐브 부스터프로,메디큐브 에이지알 부스터 프로 미니 플러스 3종 세트 송파,거래중,"100,000원",삼전동,2026-08-19,0,5,47,37.2℃,쮸유륭유률,뷰티/미용,,,100000
마미케어,메디큐브 부스터프로,에이피알 메디큐브 에이지알 부스터 프로 블랙,거래중,"90,000원",거여동,2026-08-01,1,4,70,41℃,띵똥,뷰티/미용,직거래 거여역 노브랜드버거 앞,"매일 사용하기 전후로 소독한 제품입니다.
관리샵에 다니면서 사용하지 않게 되었습니다.
저렴한 가격에 판매합니다~

채팅주시면 실물 인증도 가능합니다.
직거래 거여역 노브랜드버거 앞
택배 가능 (편의점 택배 3천원 추가)",90000
마미케어,메디큐브 부스터프로,메디큐브 에이지알 부스터 프로 블랙,거래완료,"110,000원",잠실3동,2026-06-04,3,6,156,44.9℃,xs,뷰티/미용,,"메디큐브 에이지알 부스터 프로 블랙
본체 + 박스
상태 좋아요",110000
마미케어,메디큐브 부스터프로,한정판 메디큐브 부스터프로 미니 마이멜로디 에디션,거래중,"60,000원",석촌동,2026-07-02,2,27,271,35.6℃,덤존나많이쥬는사람,뷰티/미용,,,60000
마미케어,메디큐브 부스터프로,메디큐브 에이지알 부스터 프로 옐로우 새상품,거래중,"161,000원",가락동,2026-08-01,0,4,39,74℃,페리윙클,뷰티/미용,,,161000
마미케어,메디큐브 부스터프로,메디큐브 마이멜로디 부스터프로 미니 플러스,거래중,"60,000원",가락동,2026-08-19,0,3,188,41.9℃,바니바니당근,뷰티/미용,,,60000
마미케어,메디큐브 부스터프로,메디큐브 부스터프로 미니 (핑크),거래중,"80,000원",가락동,2026-08-26,0,1,27,44℃,디디리링링,뷰티/미용,,"구매 약 11개월 사용횟수 5회 미만
플러스모델 아니고 프로 미니입니다..

두가지 모드있고 단상자는 찾아볼게요
우선은 본품만 있어요 ㅎㅎㅎ

새로 싹 소독해서 보내드려요

구매가격 10만9천원",80000
마미케어,메디큐브 부스터프로,메디큐브 부스터 프로 옐로우,거래중,"100,000원",가락동,2026-08-26,0,11,195,59.6℃,민들레,뷰티/미용,,"피부과 시술 효과를 집에서 간편하게 경험해보세요 4가지버전있어요
메디큐브 에이지알 부스터 프로 옐로우 모델입니다
피부 탄력과 흡수율을 높여주는 효과가 뛰어나요
하고나면 정말좋은데 게을러서 안하게되내요ㅜㅜ
3.4번썼어요
구성품은 노란기계하나입니다",100000
마미케어,메디큐브 부스터프로,메디큐브 에이지알 부스터프로 블랙 풀박스,거래중,"110,000원",가락동,2026-08-17,0,6,137,38.1℃,고구말랭이,뷰티/미용,,,110000
마미케어,메디큐브 부스터프로,메디큐브 에이지알 부스터 프로 블랙,거래중,"170,000원",방이2동,2026-08-27,0,0,16,46.7℃,상게망게후후,뷰티/미용,,"다른 디바이스 구매하고 나서 방치하다가 내놓습니다.
사용감 거의 없으며 상태 매우 좋습니다!
뷰티기기용 알콜스왑으로 깨끗히 닦아놨습니다.
박스는 없습니다!",170000
마미케어,메디큐브 부스터프로,메디큐브 에이지알 부스터 프로 블랙(기기는 한번만 사용),거래중,"150,000원",가락동,2026-08-31,0,2,16,36.7℃,헬로,뷰티/미용,,,150000
마미케어,메디큐브 부스터프로,메디큐브 부스터프로 미니,거래완료,"70,000원",잠실4동,2025-09-01,3,1,267,38.3℃,워니쓰,뷰티/미용,,"11월말경에 구입하였고 몇번 사용하지 않아서
두번째 사진과 같이 상태 좋아요^^

박스는 버려서, 제품만 드립니다!
충전은 집에 있는 c타입으로 하심되고요
원래부터 동봉되어있지 않았어요!
 
집근처 거래 원해요! 
",70000
마미케어,메디큐브 부스터프로,메디큐브 에이지알 부스터 프로 블랙 풀박스,거래중,"90,000원",가락동,2026-08-27,1,9,217,36.9℃,리얼11,뷰티/미용,,,90000
마미케어,메디큐브 부스터프로,메디큐브 에이지알 부스터 프로 미니 플러스 DIY 키트,거래중,"3,000원",잠실4동,2026-08-01,0,7,98,66.6℃,비우는행복,뷰티/미용,,,3000
마미케어,메디큐브 부스터프로,메디큐브 에이지알 부스터프로 뷰티디바이스 화이트 풀박스,거래중,"190,000원",가락동,2026-06-02,0,8,181,39.6℃,낙낙,뷰티/미용,,,190000
마미케어,메디큐브 부스터프로,[메디큐브공식몰 구입]부스터프로미니 화이트색상부스터프로미니,거래중,"69,000원",가락동,2026-08-10,1,9,162,42.9℃,일산러,뷰티/미용,,,69000
마미케어,메디큐브 부스터프로,메디큐브 부스터 프로 핑크 미개봉 새제품 송파,거래중,"174,000원",삼전동,2026-05-03,3,9,175,44.1℃,고양이집사,뷰티/미용,,"메디큐브 에이지알 부스터 프로 핑크 색상 미개봉 새 제품입니다
피부 속부터 차오르는 광채 피부를 경험해보세요
-피부의 겉과 속을 동시에 케어해 줍니다
-피부결, 광채, 탄력, 모공, 진정, 톤, 리프팅, 볼륨 8가지 피부 고민을 해결해 줍니다",174000
마미케어,메디큐브 부스터프로,메디큐브 에이지알 부스터 프로 미니 핑크,거래중,"57,000원",방이1동,2026-08-20,0,5,106,48.9℃,맹이,뷰티/미용,,"충전은 c타입이고 박스는 없습니다
기기 정상작동 확인했고 하자 없어요

네고x 쿨거 하실분만 받아요!",57000
마미케어,메디큐브 부스터프로,메디큐브 AGE-R 부스터 프로 블랙,거래중,"80,000원",가락동,2026-08-10,0,9,340,47℃,파파,뷰티/미용,,"메디큐브 AGE-R 부스터 프로 블랙 색상 풀박스 구성이에요
다양한 모드로 피부 관리를 도와주는 뷰티 디바이스랍니다
충전 케이블 포함되어 있어요
피부 탄력과 광채를 원하시는 분들께 추천드려요

사용감 있습니다 사진 확인해주세요 
박스는 있는데 설명서는 없네요 
거래전에 찾으면 같이 드리겠습니다",80000
마미케어,메디큐브 부스터프로,메디큐브 부스터프로,거래중,"110,000원",가락동,2026-07-02,0,37,1137,41.3℃,딸기,뷰티/미용,,"딱 1년전 25/4/14 공홈에서 구매했습니다!
사놓고 10번정도? 사용했습니다
사용에 전혀지장없는 생활잔기스 상태랑 구성확인해주세요🙂🖤",110000
마미케어,메디큐브 부스터프로,메디큐브 에이지알 부스터 프로 핑크 풀박스,거래중,"126,000원",잠실본동,2026-07-02,1,15,177,49.4℃,하늘색꿈,뷰티/미용,,,126000
마미케어,메디큐브 부스터프로,메디큐브 에이지알 부스터 프로 블랙,거래완료,"79,000원",방이1동,2026-07-03,2,3,91,39.7℃,러빈,뷰티/미용,문고리거래입니다,"피부 탄력과 리프팅에 도움을 주는 메디큐브 에이지알 부스터 프로 블랙이에요

피부 고민에 맞춰 3가지 모드로 사용 가능하며, 자동 전원 차단 기능으로 안전하게 사용할 수 있어요

구성품은 본체와 충전 케이블이 포함되어 있어요

피부 관리 홈케어를 간편하게 하고 싶으신 분들께 추천드려요

문고리거래입니다",79000
마미케어,메디큐브 부스터프로,메디큐브 에이지알 부스터 프로 블랙 송파,거래중,"70,000원",삼전동,2026-08-27,3,27,431,44.5℃,소확행보기,뷰티/미용,,"메디큐브 에이지알 부스터 프로 블랙이에요
재당근인데 거의새것 귀찮아서 3개월 보관만 하다 팔아요
안 써서 보관만 했어요
피부 고민 있으신 분들께 추천드려요
가격 8만원에 드려요",70000
마미케어,메디큐브 부스터프로,메디큐브 에이지알 부스터 프로 블랙,거래완료,"130,000원",문정동,2026-02-04,1,5,252,42.1℃,스기잇,뷰티/미용,,"메디큐브 에이지알 부스터 프로 블랙 판매합니다.

10회 내로 사용하다가 저는 부지런하지못해서 판매합니다.
박스와 충전기는 없어 기기만 판매합니다

- 5가지 핵심 모드(부스터, MC, 더마, 에어, EMS)로 피부 고민에 맞춤 케어가 가능
- 충전 레벨 표시 기능이 있어 편리

호텔파크하비오에서 거래합니다.",130000
마미케어,메디큐브 부스터프로,메디큐브 부스터프로 핑크 홀리데이 에디션,거래중,"135,000원",가락본동,2026-08-27,0,12,101,45.3℃,꿍뎅쓰,뷰티/미용,,,135000
마미케어,메디큐브 부스터프로,(진품)메디큐브 에이지알 부스터 프로 2 장원영 최신모델 뷰티디바이스 미개봉 새상품,거래중,"280,000원",잠실본동,2026-06-02,3,17,215,56.8℃,오잉,,,,280000
마미케어,메디큐브 부스터프로,메디큐브 부스터프로 블랙,거래중,"100,000원",가락본동,2026-08-27,0,2,43,36.5℃,독서하는참새,뷰티/미용,,"메디큐브 부스터프로 
24년 12월쯤 구매해서 한달 정도 사용하다가 보관만했어요!
사용할때 시원하고 효과는 좋은데
부지런하지가 않아서 사용하기가 힘드네용 ㅠ
사진 처럼 깨끗하게 관리하면서 사용해서 오염이나 그런건 전혀없어요 

예민하신분은 거래를 피해주세요!
중고거래 특성상 교환 환불은 어렵습니다",100000
마미케어,메디큐브 부스터프로,메디큐브 마이멜로디 에이지알 부스터 프로,거래중,"190,000원",오금동,2026-05-03,2,13,131,49.2℃,나나츄파츕스,뷰티/미용,,"구매확정 날짜보면 아시겠지만 
8월에 임신한걸 모르고 샀어요ㅋㅋㅋ
병원에 물어봤는데 안쓰는게 좋을것 같다고 하셔서 
작동 잘되나 확인 해보고 지금까지
보관만 했네요 ~
당연히 제가 쓰려고 다 뜯어놨는데 못썼어요 ~",190000
마미케어,메디큐브 부스터프로,메디큐브 에이지알 부스터 프로 핑크 미개봉 새제품 송파,거래중,"181,000원",삼전동,2026-02-02,10,28,520,36.8℃,당근당근,뷰티/미용,,,181000
마미케어,메디큐브 부스터프로,(가격 내림 끝) 메디큐브 부스터 프로 미니 춘식이 에디션,거래중,"80,000원",송파1동,2025-11-04,0,28,589,45.6℃,안녕하십니다,뷰티/미용,"문고리거래, 택배거래 가능(편택 +2000원)","부스터 프로 미니+춘식이 파우치+스티커 구성으로 되어있습니다! 본품 외에는 포장 뜯어보지도 않았고, 구매하고 일주일정도 썼는데 실사용은 3회정도에요. 부스터 프로로 갈아타면서 내놓습니다. 상태 좋고 하자 없어요. 풀 충전 시켜놓고 소독티슈로 닦은 뒤 다시 상자에 넣어놨습니다! 박스부터 본품까지 굉장히 귀여워요 얼른 데려가세용
(가격인하 전까지 네고 받지 않습니다!!)


문고리거래, 택배거래 가능(편택 +2000원)
직거래는 석촌역, 송파역, 송파나루역 인근에서 가능합니다!",80000
마미케어,메디큐브 부스터프로,새상품. 메디큐브 에이지알 부스터 프로 블랙,거래중,"90,000원",가락본동,2026-08-20,0,9,240,42.2℃,미니멀,뷰티/미용,,,90000
마미케어,메디큐브 부스터프로,메디큐브 에이지알 부스터 프로 옐로우 미개봉 새제품 송파,거래중,"215,000원",삼전동,2026-05-03,0,2,187,44.1℃,고양이집사,뷰티/미용,,,215000
마미케어,메디큐브 부스터프로,메디큐브 에이지알 부스터 프로 풀박스,거래중,"180,000원",석촌동,2026-01-03,8,33,578,38.4℃,쀼빠삐어,뷰티/미용,,"메디큐브 에이지알 부스터 프로 풀박스 제품입니다
5회 정도 사용하다가 판매해요
효과는 확실히 있음에도 귀찮음 많은 성격이 고쳐지지 않아서 그런가 안쓰게 되더라구요
거래장소는 석촌역 6번출구 근처이고 거래 확정되면 거래장소 정확하게 말씀 드릴게요",180000
마미케어,메디큐브 부스터프로,(새상품) 메디큐브 부스터 프로 미니 플러스 Set!,거래중,"95,000원",가락본동,2026-08-31,0,1,9,37.1℃,달다구리,뷰티/미용,,,95000
마미케어,메디큐브 부스터프로,(미개봉)메디큐브 클렌저 세트,거래중,"130,000원",송파2동,2026-07-02,0,6,54,45.9℃,Bronny,뷰티/미용,,"메디큐브 부스터 프로와 클렌저 세트(헤드+미니 부스터)

미개봉 새상품으로 선물용으로 좋아요.

선물받았는데 사용하는 제품있어 판매해요~",130000
마미케어,메디큐브 부스터프로,메디큐브 에이지알 부스터 프로,거래완료,"200,000원",잠실6동,2025-09-01,2,13,491,51.7℃,부리부리,뷰티/미용,,"메디큐브 에이지알 부스터 프로입니다

5회 미만 사용 거의 새것수준

귀차니즘은 기기도 무의미하네요...

박스랑 설명서 다 있어요


- 평일 6시반 이후 / 잠실 롯데월드몰 지하 입구 삼송빵집 앞
* 시간 조율 필수
- 중고거래이므로 환불반품 불가",200000
마미케어,메디큐브 부스터프로,메디큐브 춘식이 부스터 프로 미니,거래중,"40,000원",가락본동,2026-08-12,6,38,566,51.3℃,냥이다,뷰티/미용,,"춘식이 콜라보 제품입니다

사용 전후로 알코올 소독하며 사용했고 10회 미만 사용했습니다.

충전기랑 박스,파우치 없습니다(미니파우치는 있음)
C타입이면 다 충전됩니다",40000
마미케어,메디큐브 부스터프로,(미개봉 새상품) 메디큐브 에이지알 헬로키티 부스터 프로,거래중,"339,000원",송파동,2025-12-04,5,19,313,40℃,포로로,뷰티/미용,,"메디큐브 에이지알 부스터 프로 헬로키티 에디션입니다

구매 후 만져보지도 않은 새제품 입니다
피부관리 하려고 구매했는데
일이 맨날 야근에 새벽 퇴근이라
집오면 피곤해서
피부관리 할 엄두가 안나서
한번도 사용 못하고 갖고있기만 했네요
새제품 비싼데 얼른 가져가세요
모든 구성품 박스채로 그대로 다 있습니다

- 3가지 모드 지원
- 멸균 티슈 포함
피부결 개선, 광채 개선, 탄력 개선에 도움을 줍니다",339000
마미케어,메디큐브 부스터프로,메디큐브 에이지알 부스터 프로 핑크베어 에디션 👏,거래중,"150,000원",가락본동,2026-08-21,0,13,193,36.5℃,짱짱,뷰티/미용,,,150000
마미케어,메디큐브 부스터프로,메디큐브 에이지알 부스터프로 블랙 풀박스 새제품,거래중,"143,000원",가락본동,2026-08-24,0,3,51,99℃,사랑합시다,뷰티/미용,,,143000
마미케어,메디큐브 부스터프로,메디큐브 PDRN 부스터 젤 300ml,거래중,"10,000원",장지동,2026-06-02,1,3,37,41.7℃,옥수수,뷰티/미용,"직거래는 위례 광장 근처, 문고리거래는 24단지입니다.","메디큐브 PDRN 부스터 젤 300ml입니다.
2번 썼는데 저랑은 안맞아서 판매합니다.
유통기한은 2027년 9월 18일 입니다.
메디큐브 부스터프로 구매하면서 같이 산 정품이에요. 빨리 처분하고싶어서 저렴하게 올려요.

직거래는 위례 광장 근처, 문고리거래는 24단지입니다.",10000
마미케어,메디큐브 부스터프로,메디큐브 에이지알 부스터 프로 (풀박스),거래중,"130,000원",가락본동,2026-08-24,0,9,,,,,,,130000
마미케어,메디큐브 부스터프로,메디큐브 에이지알 부스터프로 핑크 풀박스,거래중,"120,000원",가락본동,2026-07-02,1,24,454,52.6℃,냥이모,뷰티/미용,,,120000
마미케어,메디큐브 부스터프로,메디큐브 에이지알 더마 EMS 샷 거치대포함,거래중,"236,000원",잠실본동,2026-02-02,0,3,77,44.5℃,쭈띤이,뷰티/미용,,"메디큐브 에이지알 더마 EMS샷 구버전이 진짜 좋다고 하는건 다들 아시죠?? ㅠ.. 
4개월 전쯤 저도 웃돈주고 새상품 구매했고 지금은 정말 사기도 힘들 정도로 가격이 너무 올랐네요..! 
정품 확실하고 정품인증도 모두 했습니다~ 
풀박스에 거치대까지 있고 5번 미만 사용한 것 같아요.. 확실히 부스터프로에 있는 ems랑은 차원이 다르고 한참 피부기기 사는데 빠져서 쓸게 너무 많아서 사용을 거의 못했네요 ㅋㅋ ㅠㅠ1년까지는 무상 as도 가능합니다~",236000
마미케어,메디큐브 부스터프로,메디큐브 에이지알 부스터 프로 핑크,거래완료,"120,000원",가락1동,2026-02-03,2,3,115,37.4℃,완연한가을,뷰티/미용,,"메디큐브 에이지알 부스터 프로 핑크
홈케어 용으로 샀는데 너무 귀찮네요..
본품만 있습니다. 
완충 및 소독 해서 드리고 쿨거래 시 메디큐브 화장품 미사용 하나 챙겨드릴까 합니다.

택배 요청 시 택배비 있습니다",120000
마미케어,메디큐브 부스터프로,"메디큐브 에이지알 부스터 브이롤러 핑크 (부스터프로미니플러스,브이롤러 헤드)",거래중,"117,000원",거여1동,2026-08-18,0,2,44,38℃,문열어,뷰티/미용,,,117000
마미케어,메디큐브 부스터프로,메디큐브 마이멜로디 에디션 부스터프로 미니플러스+브이롤러 13만원에 팝니다.,거래중,"130,000원",거여1동,2026-08-29,0,4,46,38.7℃,눈꽃,뷰티/미용,,,130000
마미케어,메디큐브 부스터프로,메디큐브 에이지알 부스터프로X2 새제품,예약중,"280,000원",잠실4동,2026-07-02,0,3,104,59.6℃,이사준비하는꿀떡,뷰티/미용,꼭 직거래를 원하시는 분들은 다른분께 구매해주시면 감사하겠습니다.,"미사용 새제품
크림도 드려요
택배거래만 합니다.
CU 편의점 알뜰택배비(반택) 제가 부담합니다.

일반 택배로 받고 싶으시면 배송비 2천원 추가해주세요. GS 불가능.

꼭 직거래를 원하시는 분들은 다른분께 구매해주시면 감사하겠습니다.",280000
마미케어,메디큐브 부스터프로,메디큐브 부스터프로 디바이스,거래중,"130,000원",거여1동,2026-08-12,0,1,127,37℃,nfosusnd,뷰티/미용,,"패키지는 없는데 사용한건 2~3번 사용한듯 싶네요
거의 새제품이에요
두번째사진은 구매인증
연락주세요",130000
마미케어,메디큐브 부스터프로,메디큐브 부스터프로,거래중,"120,000원",거여2동,2026-08-01,0,1,109,38.8℃,작가주민,뷰티/미용,,,120000
마미케어,메디큐브 부스터프로,메디큐브 부스터프로 핑크 ♡새제품♡,거래중,"165,000원",거여2동,2026-08-13,1,12,246,51.6℃,당근당근22,뷰티/미용,,"메디큐브 에이지알 부스터 프로 핑크 색상
☆☆☆미개봉 완전 새제품☆☆☆
피부 탄력과 리프팅에 관심 있는 분들께 추천드려요",165000
마미케어,메디큐브 부스터프로,메디큐브 부스터프로 짱구 에디션,거래중,"150,000원",거여2동,2026-08-26,1,4,86,41.7℃,바닐라라떼,뷰티/미용,,"🩷메디큐브 부스터프로 짱구 에디션
❌❌교신 안합니다.❌❌

-on일 때 짱구 화면으로 켜져서 귀여워요ㅎㅎ
-5회 미만 사용
-소독티슈로 소독 후 보관 중입니다
-본체만 판매(충전 케이블 같이 있습니다)
❌️헤어밴드, 스티커, 피규어는 이미 사용해서 없습니다❌️

-찔러보고 가시는 분들 있던데 바로 입금가능 하시는 분 우대해드려요
-찔러보고 답 없으면 거래안해요

♥️중고거래 특성상 교환&반품 받지않습니다
❤️쿨거래 먼저 되시는 분들 우대로 바로바로 거래 해드려요~
❤️마켓 내 다른제품과 함께 구매 시 개당 -1000 애눌❤️
-교환,반품 받지않아요.
👉구성: 부스터 프로 본체
👉판매가: 160,000원 
👉질문이나 상세사진이 필요하시면 톡주세요
     (연락 바로바로 해드리니  톡 주세요~)",150000
마미케어,메디큐브 부스터프로,메디큐브 에이지알 부스터프로 블랙 풀박스,거래중,"90,000원",거여2동,2026-08-25,0,9,97,37.7℃,정원마트마스터,뷰티/미용,,,90000
마미케어,메디큐브 부스터프로,메디큐브 부스터 프로 미니 (마멜에디션) + 진동 클렌저 헤드,거래중,"120,000원",거여2동,2026-08-31,0,0,4,38.4℃,감자도리,뷰티/미용,,,120000
마미케어,메디큐브 부스터프로,메디큐브 에이지알 부스터 프로 (한정판) 옐로우,거래중,"105,000원",거여동,2026-08-16,1,14,219,37.2℃,레몬트리,뷰티/미용,,,105000
마미케어,메디큐브 부스터프로,메디큐브 에이지알 부스터 프로 짱구 에디션,거래중,"181,000원",거여동,2026-08-28,0,1,34,38.2℃,고양이좋아,뷰티/미용,,,181000
마미케어,메디큐브 부스터프로,메디큐브 에이지알 부스터프로 옐로우 미개봉 새상품,거래중,"180,000원",거여동,2026-08-31,0,0,13,39℃,듄듄,뷰티/미용,,,180000
마미케어,메디큐브 부스터프로,메디큐브 부스터프로 블랙 풀박스,거래중,"100,000원",거여동,2026-08-11,0,4,88,37.3℃,qazwsx,뷰티/미용,,"메디큐브 부스터프로 블랙 색상 풀박스 구성이에요~

✔️기기 2회 사용
✔️c타입 충전기 미사용, 설명서 포함!

물건 깨끗하게 써서 상태 매우 좋아요👍🏻",100000
마미케어,메디큐브 부스터프로,"(마지막가격) 메디큐브 에이지알 부스터프로 새상품(단순개봉), 피디알엔 기획세트 포함",거래중,"120,000원",거여동,2026-08-07,1,28,,,,,,,120000
마미케어,메디큐브 부스터프로,메디큐브 에이지알 부스터프로 블랙 풀박스,거래중,"100,000원",거여동,2026-08-11,0,0,,39.2℃,슈슈,뷰티/미용,,,100000
마미케어,메디큐브 부스터프로,메디큐브 에이지알 부스터프로 헬로키티,거래중,"250,000원",거여동,2026-08-30,0,0,20,45.8℃,파트라슝,뷰티/미용,,"본품과 충전기선 그리고 박스 있습니다

여드름 없는 피부라서 깨끗하게 썼습니다
드릴 때 소독하고 드릴게요

2025.12 구매",250000
마미케어,메디큐브 부스터프로,메디큐브 부스터 프로 X2 화이트 미개봉,거래중,"240,000원",거여동,2026-08-01,8,93,1569,40.5℃,1억,뷰티/미용,,"메디큐브 에이지알 부스터 프로 X2 화이트 
새상품 미개봉이에요
기본 영문판

교환x환불x",240000
마미케어,메디큐브 부스터프로,상태최상🎀 메디큐브 에이지알 부스터프로 핑크(풀박스 보증서포함),거래중,"180,000원",거여동,2026-07-02,0,3,141,41.2℃,쿨거원해요,뷰티/미용,,,180000
마미케어,메디큐브 부스터프로,메디큐브 부스터프로x2,거래중,"240,000원",거여동,2026-08-30,0,6,114,37.5℃,시카밤,뷰티/미용,,"메디큐브 부스터프로x2 핑크입니다.
사용 2번밖에 안했고 박스랑 안에 내용물 다 있고 개봉하지 않은 파우치도 있습니다.

Gs반값택배 하시면 제가 지불할게요.",240000
마미케어,메디큐브 부스터프로,메디큐브 에이지알 부스터 프로 미니 핑크,거래중,"70,000원",거여동,2026-06-02,0,0,74,36.3℃,껌질겅,뷰티/미용,,"메디큐브 에이지알 부스터 프로 미니 핑크 색상이에요
사진에서 보이는 것처럼 본체만 있습니다
피부 관리에 관심 있는 분들께 추천드려요

7.0",70000
마미케어,메디큐브 부스터프로,메디큐브 에이지알 부스터 프로 미니플러스 팝니다!,거래중,"41,000원",거여동,2026-08-01,4,42,813,37.2℃,만두세계최강,뷰티/미용,,,41000
마미케어,메디큐브 부스터프로,새상품) 메디큐브 부스터프로,거래중,"150,000원",거여동,2026-08-09,0,13,,,,,,,150000
마미케어,메디큐브 부스터프로,메디큐브 에이지알 부스터프로,거래중,"230,000원",거여동,2026-08-01,0,10,371,41.3℃,감성토끼,뷰티/미용,,"2026년2월 생산제품

5월1일 중고로 구매해
(앞전분도 한달정도사용한제품)

한달 사용후 재판매합니다.
깨끗하게 소독솜으로
닦아서 넣어났어요

메디큐브 에이지알 부스터프로
본체와 충전기, 설명서, 더스트백
개봉 안한 크림 하나
사진상있는 제품모두드려요
필요하시면 소독솜도
2장드려요

가격제안불가
중고상 구매후 환불불가

가까운거리는 직접배송가능
",230000
마미케어,메디큐브 부스터프로,매디큐브 부스터프로 송파,거래중,"100,000원",풍납2동,2026-08-30,0,4,49,43.6℃,뷰티풀e,뷰티/미용,,,100000
마미케어,메디큐브 부스터프로,메디큐브 부스터 프로 미니 핑크,거래중,"33,000원",거여동,2026-08-30,0,13,270,37.6℃,똑똑한친구,뷰티/미용,,"메디큐브 에이지알 부스터 프로 미니 핑크 입니다
올리브영에서 구매했고 박스는 버려서 없습니다
사용하다보니 앞부분에 기스 조금씩 나더라구요 
기기 안 쪽에 약간갈라져 있는거같은 금은 꺼냈을 때 부터 저랬습니다 문의하려다 귀찮아서..방치하다보니 잘 안쓰게 되어서 판매합니다
작동영상 첨부 가능!!",33000
마미케어,메디큐브 부스터프로,메디큐브 에이지알 부스터 프로 짱구에디션,거래중,"80,000원",삼전동,2026-08-27,1,6,42,37.5℃,꼬태파워,뷰티/미용,,"메디큐브 에이지알 부스터 프로 짱구에디션 판매합니다~! 25년도에 구입했고 ~ 3번미만 사용했습니다!
피부 관리에 관심 있는 분들께 추천드려요.
사용기한 제조일 2025
개봉 여부, 사용감
개봉,사용감 거의 없음
구매처, 정품 여부 메디큐브 공식 쇼핑돌",80000
마미케어,메디큐브 부스터프로,메디큐브 에이지알 부스터 프로 블랙 풀박,거래중,"85,000원",거여동,2026-08-01,2,38,1133,41.9℃,밍뭉,뷰티/미용,,"메디큐브 에이지알 부스터 프로 블랙 색상 풀박스 구성이에요
본체와 충전기, 설명서까지 모두 있습니다
피부 탄력과 리프팅에 도움을 주는 제품이에요
매끈하고 건강한 피부를 원하는 분들께 추천드려요
약간의 실금이 있긴 하지만 사용시에 아무 문제 없습니당",85000
마미케어,메디큐브 부스터프로,메디큐브 에이지알 부스터 프로 -[25년 2월 구매],거래중,"80,000원",거여동,2026-08-31,1,15,146,37.4℃,오픈엔디드,뷰티/미용,,,80000
마미케어,메디큐브 부스터프로,메디큐브 에이지알 부스터 프로 핑크,거래중,"180,000원",거여동,2026-07-02,0,3,144,50.8℃,우르콩,뷰티/미용,,"메디큐브 에이지알 부스터 프로 핑크 색상이에요
구성품은 사진에 보이는 본품과 박스입니다
피부 관리에 관심 있는 분들께 추천드려요

구매한지 1년 미만 실사용 5회…? 
피부과 다니면서 병행하려고 구매한건데 귀찮아서 안하게 되어 판매해요",180000
마미케어,메디큐브 부스터프로,메디큐브 에이지알 부스터프로 마이멜로디 에디션,거래중,"150,000원",삼전동,2026-07-02,1,20,130,73.4℃,소나무,뷰티/미용,,"메디큐브 에이지알 부스터프로 마이멜로디 에디션이에요
피부 관리 기기 본품과 마이멜로디 디자인의 헤드 케이스, 콜라겐 젤리 크림까지 모두 포함되어 있어요
사진에서 보이는 구성품 그대로 보내드려요
집에서 간편하게 피부 관리하고 싶으신 분들께 추천드려요",150000
마미케어,메디큐브 부스터프로,메디큐브 에이지알 부스터 프로 화이트,거래중,"150,000원",삼전동,2026-08-01,0,2,65,37.2℃,따뜻한거래2,뷰티/미용,4번출구 앞,"메디큐브 에이지알 부스터 프로 화이트 색상이에요
본체와 충전 케이블, 설명서가 포함되어 있어요",150000
마미케어,메디큐브 부스터프로,메디큐브 부스터 프로 미니 두번쓴것,거래중,"40,000원",마천1동,2026-08-18,1,31,,,,,,,40000
마미케어,메디큐브 부스터프로,메디큐브 부스터프로 풀박스(25년11월 제조),거래중,"110,000원",마천1동,2026-08-27,0,8,108,38.3℃,spdla,뷰티/미용,,,110000
마미케어,메디큐브 부스터프로,메디큐브 부스터프로,거래중,"129,000원",마천1동,2026-07-02,1,7,178,73.7℃,스벅호갱,뷰티/미용,🥕직거래도 계좌 선입금으로 합니다(펑 방지) 이 점 동의 하시는 분들만 챗 주세요,"1회 사용
정품인증 되어있습니다
작동 잘하구요 박스채 풀셋트로 드려요


🥕직거래도 계좌 선입금으로 합니다(펑 방지) 이 점 동의 하시는 분들만 챗 주세요
🥕예약순이 아닌 입금완료 순서로 판매합니다
🥕직거래는 비대면 문고리 거래, 택배는 씨유 반값택배 2천원/일반택배 4천원 추가 됩니다",129000
마미케어,메디큐브 부스터프로,메디큐브 에이지알 부스터 프로 블랙,거래완료,"70,000원",문정동,2026-07-03,1,2,46,59.4℃,쑤엄마,뷰티/미용,,"메디큐브 에이지알 부스터 프로 블랙 판매해요
사진에 보이는 구성품 그대로 드려요
제조일자는 2024년 4월이에요
피부 탄력 관리에 도움을 줍니다 

사용안하고 보관하고있다가 내놓습니다~
",70000
마미케어,메디큐브 부스터프로,메디큐브 부스터프로 진동클렌저 미니플러스 세트 핑크,거래중,"70,000원",마천1동,2026-08-28,0,7,,47℃,원베일리,뷰티/미용,,,70000
마미케어,메디큐브 부스터프로,메디큐브 부스터 프로 짱구 에디션,거래중,"150,000원",마천2동,2026-08-01,1,8,,,,,,,150000
마미케어,메디큐브 부스터프로,메디큐브 부스터프로 핑크,거래중,"110,000원",마천2동,2026-08-01,0,4,,,,,,,110000
마미케어,메디큐브 부스터프로,메디큐브 에이지알 부스터 프로 미니 화이트,거래중,"30,000원",마천동,2026-08-31,2,4,38,39.7℃,라이루,뷰티/미용,,,30000
마미케어,메디큐브 부스터프로,정가 185.000원 상태최상 일괄( 잘읽어주세요) 메디큐브 에이지알 부스터 프로 미니 플러스 핑크,거래중,"120,000원",마천동,2026-08-25,0,3,,,,,,,120000
마미케어,메디큐브 부스터프로,메디큐브 부스터 프로 미니 디바이스,거래중,"46,000원",마천동,2026-08-19,0,10,281,41.8℃,미니멀리스트지망생,뷰티/미용,,"부스터 프로 미니 핑크 컬러 판매합니다
실사용 10회 미만
구성품 본품 (박스는 제거하였습니다)
C타입으로 충전 가능합니다!",46000
마미케어,메디큐브 부스터프로,(미개봉 새제품) 메디큐브 AGE-R 부스터 프로 블랙,거래중,"160,000원",마천동,2026-08-01,0,7,110,45.4℃,땅쓰,뷰티/미용,,,160000
마미케어,메디큐브 부스터프로,메디큐브 쿠로미 부스터프로,거래중,"180,000원",마천동,2026-07-02,2,17,394,57.7℃,냠냠쩝쩝,뷰티/미용,,"한번 사용했구 소장용으로 가지고만 있었습니당
구성품은 박스랑 기기밖에 없습니다 안경닦이처럼 생긴 수건도 같이 드립니다(오염있음)",180000
마미케어,메디큐브 부스터프로,메디큐브 에이지알 부스터프로,거래중,"100,000원",마천동,2026-08-22,0,5,,,,,,,100000
마미케어,메디큐브 부스터프로,메디큐브 에이지 부스터 프로 블랙 풀박스,거래중,"100,000원",문정1동,2026-08-30,0,4,52,81.4℃,미니미,뷰티/미용,,"24년도 제조 실사용 5회 미만인거 같네요
모셔만 둬서 팝니다
✔️비대면
✔️환불, 반품 불가",100000
마미케어,메디큐브 부스터프로,(상태좋음)메디큐브 부스터프로 핑크,거래중,"150,000원",문정1동,2026-08-20,0,6,222,41.4℃,레고,뷰티/미용,문고리 거래로 시간제약없이 비대면 거래 가능합니다,"충전기 선도 그대로 사용안했고 박스는 없지만 제 당근 보시면 미개봉이나 새 제품 위주로 판매하는 편이라 상태는 자신 있게 말씀드릴 수 있습니다!!

문고리 거래로 시간제약없이 비대면 거래 가능합니다",150000
마미케어,메디큐브 부스터프로,메디큐브 부스터프로 핑크 가격제안 환영,거래중,"130,000원",문정1동,2026-08-20,0,2,180,37.9℃,제발사가주세요,뷰티/미용,,"충전 케이블 있고 10회 미만 사용했습니다 사용 전 후 알콜스왑으로 소독하면서 사용했고 사용감은 적지만 아주 미세한 사용감들은 보일 수 있어요 감안해서 구매 부탁드립니다 
환불 불가",130000
마미케어,메디큐브 부스터프로,새상품 메디큐브 에이지알 부스터 프로 쿠로미 에디션,거래중,"299,000원",가락동,2026-08-11,1,2,32,36.5℃,이도도은,뷰티/미용,,"메디큐브 에이지알 부스터 프로 쿠로미 에디션이에요
사놓고 구경만하고 한.번.도. 안쓰고 내놉니다
완전 새상품",299000
마미케어,메디큐브 부스터프로,메디큐브 홈디바이스 부스터프로,거래중,"120,000원",문정1동,2026-08-20,2,13,227,38.2℃,제나,뷰티/미용,,"올해 겨울쯤 구매했는데 제가 너무 바빠서 잘 안 쓰게 되어 판매합니다. 한 10번 이내로 사용한 것 같아요! 상태 아주 좋고 거의 새거 같습니다. 
박스는 없어요 시간 여유 많으신 분들이 쓰시면 좋을 것 같아요~",120000
마미케어,메디큐브 부스터프로,메디큐브 부스터프로 미니,거래중,"40,000원",문정1동,2026-06-02,2,22,374,37.7℃,Hmmmm,뷰티/미용,직거래!!,"메디큐브 부스터프로 미니
실사용 2주..

박스 버렸어요🥲

모든 인증 가능!
직거래!!",40000
마미케어,메디큐브 부스터프로,메디큐브 에이지알 부스터 프로 블랙(가격 더 내림!! 기기는 한번만 사용),거래중,"120,000원",문정1동,2026-08-31,0,3,25,36.7℃,헬로,뷰티/미용,,,120000
마미케어,메디큐브 부스터프로,미개봉 새상품 메디큐브 AGE-R 부스터 프로 짱구 에디션,거래중,"200,000원",방이2동,2026-08-17,0,1,23,40.9℃,모하지,뷰티/미용,,,200000
마미케어,메디큐브 부스터프로,메디큐브 에이지알 부스터 프로 뷰티디바이스,거래중,"100,000원",문정1동,2026-08-28,1,6,,,,,,,100000
마미케어,메디큐브 부스터프로,메디큐브 에이지알 부스터글로우 핑크 미개봉 송파,거래중,"180,000원",풍납동,2026-08-01,1,18,88,36.5℃,뀨뀨,뷰티/미용,강동구청역 - 잠실역 근방 직거래 가능,"메디큐브 에이지알 부스터 글로우 핑크 미개봉입니다
프로2 사용중에 선물받은 거라 미개봉으로 바로 판매합니다

가격인하 20만 > 18만

교환, 환불x

강동구청역 - 잠실역 근방 직거래 가능
",180000
마미케어,메디큐브 부스터프로,메디큐브 에이지알 부스터 프로 블랙(거의새거),거래중,"150,000원",문정1동,2026-08-22,0,2,26,36.9℃,코코젠,뷰티/미용,,,150000
마미케어,메디큐브 부스터프로,메디큐브 에이지알 부스터프로 미니 플러스,거래중,"65,000원",문정1동,2026-08-08,1,7,107,36.9℃,준요그,뷰티/미용,,,65000
마미케어,메디큐브 부스터프로,메디큐브 에이지알 부스터 프로 핑크 미개봉 새제품,거래중,"181,000원",삼전동,2026-02-02,10,28,521,36.8℃,당근당근,뷰티/미용,,,181000
마미케어,메디큐브 부스터프로,메디큐브 에이지알 부스터 프로 (박스○),거래중,"100,000원",문정1동,2026-08-01,0,8,171,46℃,뭉이,뷰티/미용,문고리 거래도 가능합니다🖤,"메디큐브 에이지알 부스터 프로
정가 189,900원

박스도 함께 드려요 너무 유명한 제품이라 효과는 걱정 안 하셔도 돼요 물광, 모공, 볼륨, 라인 케어까지 올인원 가능
교정 때문에 판매합니다!


문고리 거래도 가능합니다🖤",100000
마미케어,메디큐브 부스터프로,메디큐브 에이지알 부스터 프로 핑크,거래완료,"150,000원",잠실본동,2026-02-04,2,3,103,0℃,승승히,뷰티/미용,,"메디큐브 에이지알 부스터 프로 1회사용 거의새거

손이 잘안가서 판매합니다. 저렴하게 가져가세요!",150000
마미케어,메디큐브 부스터프로,메디큐브 에이지알 부스터프로 핑크 풀박스(마지막가격),거래중,"170,000원",문정2동,2026-07-02,0,18,235,42℃,홍짱짱,뷰티/미용,,,170000
마미케어,메디큐브 부스터프로,메디큐브 부스터프로 판매,거래중,"89,000원",문정2동,2026-05-03,2,33,971,40.7℃,eek,뷰티/미용,,"재당근합니다! 작년 겨울에 당근에서 구매했는데
부지런하지 못해서 두번쓰고 판매합니다.
구입당시 제품 사용감 거의 없다고 전달받았고 
실제로 작동 잘되고 미세흠집 살짝있지만 깨끗해요! 
구입한 가격에 5만원 더 저렴하게 판매합니다
박스는 없어요",89000
마미케어,메디큐브 부스터프로,메디큐브 에이지알 부스터 프로 (가격내림없음),거래중,"120,000원",문정2동,2026-08-01,0,65,2756,54.9℃,다가져가세여,뷰티/미용,,,120000
마미케어,메디큐브 부스터프로,메디큐브 에이지알 부스터 프로 옐로우 미개봉 새제품,거래중,"215,000원",삼전동,2026-05-03,0,2,188,44.1℃,고양이집사,뷰티/미용,,,215000
마미케어,메디큐브 부스터프로,메디큐브 에이지알 부스터 프로 핑크,거래중,"130,000원",문정2동,2026-08-28,0,7,86,44.2℃,데자와,뷰티/미용,,"메디큐브 에이지알 부스터 프로 핑크 색상
풀박스 +공홈 정품 캡 + 미개봉 정품 부스터 젤 300ml

몇 번 안 써서 상태 깨끗

(택배거래나 바로구매만 합니다)",130000
마미케어,메디큐브 부스터프로,정품/메디큐브 에이지알 부스터 프로 블랙,거래중,"100,000원",문정2동,2026-08-23,1,8,,,,,,,100000
마미케어,메디큐브 부스터프로,메디큐브 에이치알 부스터 프로,거래중,"100,000원",문정2동,2026-08-23,0,4,44,37.9℃,신세계,뷰티/미용,,"선물 받았었고 남자라서 거의 쓴적이 몇번 없네요
박스는 버려서 없습니다.
집 이사때문에 정리 다 합니다",100000
마미케어,메디큐브 부스터프로,●미개봉새상품●메디큐브 부스터프로X2 핑크,거래중,"230,000원",문정2동,2026-08-05,2,84,,,,,,,230000
마미케어,메디큐브 부스터프로,(미개봉 새상품🩷) 메디큐브 에이지알 부스터 프로 핑크 에디션,예약중,"130,000원",송파1동,2026-08-11,3,4,102,49.4℃,김토리,뷰티/미용,,"https://inthemarket.co.kr/?pn=product.view&cuid=&pcode=G9566-O5153-D9172

미개봉 새상품입니다
상기 링크 보시고 상세페이지 잘 참고하셔서 꼭 구매하실 분만 연락 부탁드립니다",130000
마미케어,메디큐브 부스터프로,메디큐브 에이지알 부스터 프로 미니 플러스 화이트,거래중,"65,000원",문정2동,2026-08-12,0,2,191,38.1℃,댕근,뷰티/미용,,,65000
마미케어,메디큐브 부스터프로,메디큐브 부스터프로 스페셜에션,거래중,"170,000원",문정2동,2026-04-03,3,14,547,42.6℃,해피,뷰티/미용,,"메디큐브 부스터프로 스페셜 에디션입니다
현재 품절인 제품입니다.

2월 23일 구매 후 저녁에만 총 3회 10분 사용
잘 안 쓰게 돼서 당근합니다…

새상품급
사은품 pdrn앰플+리페어크림 X
박스O",170000
마미케어,메디큐브 부스터프로,메디큐브 에이지알 부스터 프로 옐로우,거래중,"130,000원",문정동,2026-08-25,0,2,29,38.2℃,영주마미,뷰티/미용,,"메디큐브 에이지알 부스터 프로 옐로우 색상이에요
구성품은 본체와 충전 케이블이 전부입니다
사진에서 보시는 것처럼 깔끔한 상태를 유지하고 있어요
피부 관리에 관심 있는 분들께 추천드리는 제품이에요
택배 가능하며 택배비 본인부담입니다.
중고라서 물건에 큰 하자 없으면 교환, 환불은 어려운 점 이해 부탁드려요~",130000
마미케어,메디큐브 부스터프로,메디큐브 에이지알 부스터프로 미니 플러스 미개봉,거래중,"90,000원",문정동,2026-08-01,0,4,65,45℃,에일,뷰티/미용,,,90000
마미케어,메디큐브 부스터프로,메디큐브 에이지알 부스터 프로 헤드 케이스 핑크 새상품,거래중,"7,000원",삼전동,2026-03-04,1,8,153,73.4℃,소나무,뷰티/미용,,"메디큐브 에이지알 부스터 프로 전용 헤드 케이스 핑크색 새상품입니다
부스터 프로 헤드를 위생적으로 관리할 수 있도록 도와줍니다",7000
마미케어,메디큐브 부스터프로,메디큐브 에이지알 부스터 프로 블랙 풀박스,거래완료,"120,000원",문정동,2026-06-03,3,0,109,40.3℃,헤디리딩,뷰티/미용,,"메디큐브 에이지알 부스터 프로 블랙 색상 풀박스 구성이에요
본체와 충전 케이블, 사용 설명서까지 모두 갖춰져 있어요

함께 사용하는 부스터 젤은
27.04.15 1/3정도 사용
26.02.07 뜯지않은것.
유통기한입니다.

기기 사용하실때만 쓰고 닦아내면 되서 
개봉도 하지 않은 거라 괜찮을것 같아서 넣었어요. 
젤은 덤으로 주는거라서 에눌은 없습니다.",120000
마미케어,메디큐브 부스터프로,매디큐브 age-r 에어샷,거래중,"85,000원",송파1동,2024-08-31,0,10,289,41.6℃,둥이어머니,뷰티/미용,,"피부과 다녀서 안써서 팝니다. 
홈페이지가면 6가지 기능있는 신기계(에이지알 부스터프로)로 보상판매 됩니다.
비대면 거래합니다",85000
마미케어,메디큐브 부스터프로,메디큐브 에이지알 부스터프로 본품+상자 판매,거래중,"130,000원",문정동,2026-08-01,0,1,114,37.2℃,자수놓는별빛,뷰티/미용,,,130000
마미케어,메디큐브 부스터프로,메디큐브 에이지알 부스터 프로 미니 화이트,거래중,"40,000원",문정동,2026-07-02,5,16,237,45.3℃,uuuueo,뷰티/미용,,,40000
마미케어,메디큐브 부스터프로,메디큐브 부스터 브이 롤러(중고) + 부스터 프로 미니(새상품) 일괄,거래중,"120,000원",문정동,2026-08-21,1,8,74,57.2℃,담리비,뷰티/미용,,,120000
마미케어,메디큐브 부스터프로,메디큐브 부스터 프로 / 하이포커스샷,거래중,"200,000원",문정동,2026-08-31,0,0,,,,,,,200000
마미케어,메디큐브 부스터프로,메디큐브 에이지알 부스터 프로 미니,거래중,"71,000원",문정동,2026-07-02,0,3,120,39.4℃,코몽,뷰티/미용,,"메디큐브 에이지알 부스터 프로입니다
피부 속 콜라겐, 탄력, 광채 개선에 도움을 줍니다
케이스 포함입니다",71000
마미케어,메디큐브 부스터프로,메디큐브 부스터 프로 헬로키티 에디션,거래중,"150,000원",문정동,2026-08-25,0,19,184,50.9℃,아이코,뷰티/미용,,"메디큐브 에이지알 부스터 프로 헬로키티 에디션이에요
헬로키티 디자인으로 소장 가치도 높아요
본체+충전선+박스 구성입니다!
** 물티슈는 없어요!! **

기기 본체 거의 사용 안해서 깨끗합니다 ^^

반값택배 + 2500
일반택배 + 3500
(추가요금 나오면 추가입금 요청드릴 수 있습니다!)",150000
마미케어,메디큐브 부스터프로,메디큐브 부스터프로 블랙 판매합니다.,거래중,"110,000원",문정동,2026-08-01,0,6,,,,,,,110000
마미케어,메디큐브 부스터프로,메디큐브 에이지알 부스터프로X2 조앤프렌즈 에디션,거래중,"280,000원",문정동,2026-08-31,0,2,12,40.3℃,eun,뷰티/미용,,,280000
마미케어,메디큐브 부스터프로,메디큐브 에이지알 부스터 프로 미니플러스 핑크,거래중,"70,000원",문정동,2026-08-22,0,6,,,,,,,70000
마미케어,메디큐브 부스터프로,메디큐브 에이지알 부스터 프로 옐로우 곰돌이 에디션,거래중,"105,000원",문정동,2026-08-04,0,11,,,,,,,105000
마미케어,메디큐브 부스터프로,메디큐브 헬로키티 에디션 부스터 프로,거래중,"170,000원",문정동,2026-08-26,0,14,139,42.3℃,멍돌이,뷰티/미용,,"헬로키티 에디션 부스터 프로에요
구성품은 사진에 보이는 본체와 헬로키티 헤드 커버입니다
피부 관리에 도움을 주는 제품이에요
피부 홈케어를 간편하게 하고 싶으신 분들께 추천드려요",170000
마미케어,메디큐브 부스터프로,메디큐브 에이지알 부스터 프로 미니 화이트,거래중,"65,000원",문정동,2026-08-20,0,7,51,40.1℃,당근당근,뷰티/미용,,,65000
마미케어,메디큐브 부스터프로,메디큐브 부스터프로 미니 화이트,거래중,"73,000원",문정동,2026-06-02,0,10,167,42.3℃,배고파,뷰티/미용,,"선물 받은지 두 달 정도 되었고 매 사용마다 알콜스왑으로 닦아 서 사용했으며
10번 이하로 사용 후 보관 중입니다 화이트 색상이며 작동 잘 되고 하자 없습니다
풀박이고 에눌 문의는 받지 않겠습니다 꼭 사실 분만 연락 주세요
찔러보기 사절 ㅠㅠ
안 하실 거면 안 한다고 연락 주시고 신중하게 생각하고 결정해 주세요
제발 약속 펑크 내지 마세요 차단합니다",73000
마미케어,메디큐브 부스터프로,메디큐브 에이지알 부스터 프로 핑크 에디션 + PDRN 부스팅 젤,거래중,"130,000원",문정동,2026-08-11,0,5,80,54.2℃,초전동주민,뷰티/미용,,,130000
마미케어,메디큐브 부스터프로,메디큐브 에이지알 부스터 프로 핑크,거래중,"127,000원",문정동,2026-08-01,2,43,1108,37.6℃,오징어,뷰티/미용,,"메디큐브 에이지알 부스터 프로 핑크 색상이에요
본품과 박스 구성으로 되어있어요
사진에서 보이는 것처럼 깔끔한 상태를 유지하고 있어요
피부 탄력과 리프팅에 관심 있는 분들께 추천드려요
*몇 번 사용하지 않아서 거의 새것이나 다름없습니다.
*",127000
마미케어,메디큐브 부스터프로,메디큐브 에이지알 부스터 프로 핑크,거래중,"145,000원",문정동,2026-07-02,1,3,153,36.8℃,보개앵,뷰티/미용,,"메디큐브 에이지알 부스터 프로 핑크 색상이에요
사진에 보이는 구성품 그대로 드려요
피부 관리에 관심 있는 분들께 추천드려요",145000
마미케어,메디큐브 부스터프로,메디큐브 에이지알 부스터프로미니플러스 브이롤러 클렌징헤드 PDRN부스터젤 세트,거래중,"180,000원",문정동,2026-08-31,0,1,,,,,,,180000
마미케어,메디큐브 부스터프로,(2회사용) 메디큐브 부스터 프로 블랙,거래중,"160,000원",문정동,2026-07-02,0,3,210,45.8℃,내챠미,뷰티/미용,,"메디큐브 부스터 프로 블랙 색상 판매합니다
올리브영에서 구매했고 메디큐브 공식 판매처입니다
딱 2회 사용했습니다 최대한 자세하게 사진 찍었습니다!
풀박스 구성입니다
+ 메디큐브 pdrn 앰플 마스크팩 2개 같이 드려요",160000
마미케어,메디큐브 부스터프로,메디큐브 부스터 프로 블랙,거래중,"120,000원",문정동,2026-08-03,0,3,81,39.7℃,유리,뷰티/미용,,"피부 탄력과 리프팅에 도움을 주는 메디큐브 부스터 프로 블랙이에요
충전 및 사용에 필요한 구성품 모두 포함되어 있어요
사진으로 제품 상태 확인 가능해요
피부 홈케어를 집에서 간편하게 하고 싶으신 분들께 추천드려요 !!",120000
마미케어,메디큐브 부스터프로,메디큐브 에이지알 부스터 프로 핑크,거래완료,"140,000원",잠실4동,2025-12-06,1,0,111,40.3℃,몰티져스,뷰티/미용,,"메디큐브 에이지알 부스터 프로 핑크색입니다
- 풀박스 구성입니다
- 핑크색상으로 예뻐요
- 주요 기능으로는 피부톤, 모공, 피부결 개선에 효과적입니다
- 집에서 간편하게 피부 관리를 할 수 있습니다


4월쯤 샀습니다. 개봉품이고 몇 번 사용한게 전부입니다. 확실히 하고 나면 피부결이 정돈이 됩니다!!

",140000
마미케어,메디큐브 부스터프로,(급처) 메디큐브 에이지알 부스터 프로 핑크,거래중,"130,000원",문정동,2026-08-01,4,30,434,65.3℃,ssony81,뷰티/미용,,,130000
마미케어,메디큐브 부스터프로,메디큐브 에이지알 부스터프로 짱구에디션,거래중,"150,000원",문정동,2026-08-01,0,29,,,,,,,150000
마미케어,메디큐브 부스터프로,메디큐브 에이지알 부스터 프로 X2 핑크,거래중,"190,000원",문정동,2026-08-27,1,15,451,41℃,룰루랄라,뷰티/미용,,"메디큐브 에이지알 부스터 프로 X2 핑크 색상이에요
2023년 01월 제조 상품이에요
피부 관리에 관심 있는 분들께 추천드려요",190000
마미케어,메디큐브 부스터프로,메디큐브 에이지알 부스터 프로 핑크,거래중,"135,000원",문정동,2026-08-25,0,6,87,40.8℃,하쿠나마타타,뷰티/미용,,"메디큐브 에이지알 부스터 프로 핑크 색상입니다
c타입 충전 가능합니다 :) 
피부 관리에 도움을 주는 제품으로, 다양한 모드를 활용할 수 있습니다.
30만원 넘게
주고 샀는데 현재 23만원정도 하네요
실사용 10회 미만으로 상태 좋고 깨끗합니다 소독해서 드릴게요 :) 

상자 뚜껑은 없지만 거치해서 사용할 수 있는 받침포함입니다.

환불 x 
가격 제안 받을게요 !",135000
마미케어,메디큐브 부스터프로,메디큐브 부스터프로 블랙 미개봉 새상품(본사정품),거래중,"180,000원",문정동,2026-08-12,1,3,66,58.7℃,당근최고당근조아,뷰티/미용,,,180000
마미케어,메디큐브 부스터프로,메디큐브 부스터프로 핑크,거래중,"170,000원",문정동,2026-08-24,0,1,40,43.1℃,쏨별,뷰티/미용,,"작년 7월 구매해서 1년정도 됐습니다! 다른 기기를 선물받아서 판매합니다 ㅎㅎ 쓰다안쓰다 해서 실사용 기간은 6개월 정도 되는 거 같습니다 ㅎㅎ
박스도 함께 보관 중이며 기기 뚜껑? 마개? 도 포함이라서 같이 드릴게요 ㅎㅎ 카카오톡 선물하기로 구매해서 구매인증도 채팅주시면 가능합니다~",170000
마미케어,메디큐브 부스터프로,메디큐브 부스터프로 마이멜로디에디션,거래중,"200,000원",문정동,2026-07-02,0,10,145,99℃,매너가사람만든다,뷰티/미용,,"구매후 2주사용후 아이가 어려서인지  자꾸 방해해서 사용하기 너무 힘들어서 안하다가 그냥 정리 합니다
부스터하면 진짜 광나고 좋아요 ㅜㅜ
사용법 어플깔면 다 나와요
구성품 사진이 다에요
작동잘됩니다!!
잘아시는분이 구매 하셨으면 합니다!!
 ***상세 정보는 검색해 주세요!!
꼭 하실분 문의주세요
예민까칠하신 분은 피해 주세요
채팅 길게 답없으신분 패스 할께요...
막 에눌문의 답안해요 ..ㅜㅜ

환불x

택배만가능합니다",200000
마미케어,메디큐브 부스터프로,메디큐브 부스터프로 미니 판매해요,거래중,"38,000원",문정동,2026-08-22,0,18,346,36.8℃,aa,뷰티/미용,,"플러스 아니고 그냥 미니입니다(단종되어서 다른 사진 올림)
10번정도쓰고 안썼어요
박스 하나도 없어서 싸게 판매합니다
충북대 거래 환영",38000
마미케어,메디큐브 부스터프로,메디큐브 에이지알 부스터 프로 (폴박스),거래중,"130,000원",문정동,2026-08-02,1,6,144,45.2℃,리아나,뷰티/미용,,"메디큐브 에이지알 부스터 프로 라벤더 색상이에요
본체와 박스 구성으로 되어있어요
사진에서 보이는 것처럼 깔끔한 상태를 유지하고 있어요
피부 관리에 관심 있는 분들께 추천드리는 제품이에요",130000
마미케어,메디큐브 부스터프로,메디큐브 에이지알 부스터 프로 미니 핑크,거래중,"52,000원",문정동,2026-08-30,1,2,61,38.4℃,결이,뷰티/미용,,"메디큐브 에이지알 부스터 프로 미니 핑크 색상 제품이에요
사진에서 보이는 구성품 그대로 보내드려요
사용할 때마다 매번 알콜로 닦아서 제품 자체는 문제없어요 

반택가능",52000
마미케어,메디큐브 부스터프로,마지막 가격 내림 급처)메디큐브 부스터 프로 미니 핑크,거래중,"150,000원",문정동,2026-06-02,0,19,294,40.1℃,택배거래만해요,뷰티/미용,,,150000
마미케어,메디큐브 부스터프로,[급처]메디큐브 부스터프로 미니 플러스 + 클렌징 헤드 세트,거래중,"68,000원",문정동,2026-08-11,3,10,427,37.4℃,채소가게그림트레이너,뷰티/미용,,,68000
마미케어,메디큐브 부스터프로,메디큐브 에이지알 부스터 프로 미니 핑크,거래완료,"40,000원",문정동,2026-05-04,3,5,84,43.4℃,뚜도,뷰티/미용,,"실사용 5번

메디큐브 에이지알 부스터 프로 미니 핑크 색상이에요
사진에서 보이는 그대로의 제품입니다
피부 관리에 도움을 주는 제품이에요
집에서 간편하게 피부 홈케어를 하고 싶으신 분들께 추천드려요",40000
마미케어,메디큐브 부스터프로,메디큐브 에이지알 부스터프로 블랙,거래중,"150,000원",문정동,2026-08-09,1,2,167,66.5℃,오이,뷰티/미용,,"메디큐브 에이지알 부스터프로 블랙입니다
구성품은 사진과 같이 본체와 박스입니다
피부 탄력과 리프팅에 도움을 주는 제품이에요
집에서 간편하게 홈케어 하고 싶으신 분들께 추천드려요
10회미만 사용입니다!",150000
마미케어,메디큐브 부스터프로,메디큐브 에이지알 부스터 프로 미니 플러스 [핑크] 팝니다,거래중,"72,000원",문정동,2026-08-13,0,3,86,37.2℃,요기오라,뷰티/미용,,,72000
마미케어,메디큐브 부스터프로,메디큐브 부스터프로 핑크 장원영 / 미개봉 새상품 저렴하게,거래중,"225,000원",문정동,2026-07-02,2,5,162,49.3℃,꿀템최저가판매중,뷰티/미용,,,225000
마미케어,메디큐브 부스터프로,"메디큐브 부스터 프로 블랙 풀박스, 싸게 드려요",거래중,"114,000원",문정동,2026-08-01,1,13,244,40.9℃,00kk,뷰티/미용,,,114000
마미케어,메디큐브 부스터프로,메디큐브 에이지알 부스터 프로 미니 세트,거래중,"85,000원",문정동,2026-08-30,0,3,16,38.5℃,마을테니스멘토,뷰티/미용,,"메디큐브 에이지알 부스터 프로 미니와 부스터젤 세트예요
사진에서 보이는 것처럼 본체와 젤 모두 깨끗하게 보관되어 있어요 
10번 미만으로 사용했고 젤은 반정도 남아있어요.
집에서 간편하게 홈케어를 하고 싶으신 분들께 추천드려요",85000
마미케어,메디큐브 부스터프로,메디큐브 에이지알 부스터 프로 옐로우,거래중,"123,000원",문정동,2026-08-12,0,5,270,37℃,러블리몽,뷰티/미용,,"메디큐브 에이지알 부스터 프로 옐로우 색상이에요
본체와 충전 케이블, 설명서가 포함되어 있어요
귀여운 레몬베어 헤드도 함께 드려요
피부 탄력 관리에 도움을 주는 제품이에요~
전체적으로 깨끗하며 10회미만 정도로 사용했습니다.",123000
마미케어,메디큐브 부스터프로,메디큐브 에이지알 부스터프로 풀세트,거래중,"140,000원",문정동,2026-08-01,0,5,156,51.3℃,배고파당근줘,디지털기기,보라매역 5번출구 직거래,"사용감은 있습니다.
그래도 전체적으로 깨끗한편이예요
박스안에 설명서,충전선 들어있습니다.

구매하시면
에이프릴스카 디바이스 살균 소독 티슈랑
아이소이 티퍼런스 퍼플티 슬리핑팩(26.10.30까지) 같이 드릴게요
그외 마스크팩도 2장 더 드립니다.


보라매역 5번출구 직거래
(월,목,금 저녁 7시반 이후,일정없을시 주말 아무때나 가능)
택배가능합니다!


#AGR #메디큐브부스터프로 #피부디바이스",140000
마미케어,메디큐브 부스터프로,메디큐브 부스터 프로 블랙,거래중,"100,000원",문정동,2026-08-01,0,0,,,,,,,100000
마미케어,메디큐브 부스터프로,미개봉 새상품 메디큐브 에이지알 부스터 프로 핑크 에디션,거래중,"160,000원",문정동,2026-08-12,0,15,165,45.3℃,음료처분,뷰티/미용,,,160000
마미케어,메디큐브 부스터프로,"새제품 미개봉 메디큐브 에이지알 부스터 프로 블랙 , 핑크",거래중,"185,000원",문정동,2026-08-05,0,8,95,41.8℃,삼겹살파티,뷰티/미용,,,185000
마미케어,메디큐브 부스터프로,메디큐브 부스터 프로 핑크,거래중,"150,000원",문정동,2026-06-02,0,9,163,36.5℃,남산두루미뱃살,뷰티/미용,,"메디큐브 부스터 프로 핑크 판매합니다💕🤧
6-7번 정도 사용했구요!!!! 설명서랑 다른 건 버려 가지구…….
박스랑 충전기랑 제품 밖에 없네요🥺
효과는 좋은데 제가 너무 게을러서 잘 안 하게 돼서 판매합니다",150000
마미케어,메디큐브 부스터프로,메디큐브 에이지알 부스터 프로 레몬 6in1,거래중,"120,000원",문정동,2026-08-17,0,2,52,38.9℃,허허,뷰티/미용,,"메디큐브 에이지알 부스터 프로 레몬 컬러 6in1 제품이에요
헤드캡과 충전 케이블 포함 구성입니다
10회 내외로 사용해서 깔끔한 상태 유지했어요
피부 관리 홈케어에 관심 있는 분들께 추천드려요
재당근 구매자분께 구매해서 택배 받고, 택배 뜯지도 않고 다시 판매해요 !",120000
마미케어,메디큐브 부스터프로,급처) 메디큐브 이지알 부스터 프로 짱구에디션,거래중,"160,000원",문정동,2026-08-15,1,3,53,37.1℃,스르륵,뷰티/미용,,,160000
마미케어,메디큐브 부스터프로,메디큐브 부스터 프로 미니 춘식이 에디션,거래중,"65,000원",문정동,2026-08-27,0,3,40,44.7℃,민코,뷰티/미용,,"메디큐브 부스터 프로 미니 춘식이 에디션입니다.
본품과 파우치, 정품인증박스 있고
충전은 일반 폰 충전기와 호환됩니다.
몇번 사용 안 해서 상태 좋습니다.",65000
마미케어,메디큐브 부스터프로,메디큐브 에이지알 부스터 프로 블랙 풀박스,거래완료,"110,000원",잠실4동,2026-05-04,1,4,51,40.3℃,도봉동동,뷰티/미용,,"메디큐브 에이지알 부스터 프로 블랙 색상 풀박스 구성입니다
기기 본체, 충전 케이블, 사용 설명서, 박스까지 모두 갖춰져 있어요
상태확인해주세용
사진에서 보이는 것처럼 보관되어 있습니다
피부 관리에 관심 있는 분들께 추천드리는 제품이에요",110000
마미케어,메디큐브 부스터프로,메디큐브 에이지알 부스터프로,거래중,"95,000원",문정동,2026-08-21,0,5,,,,,,,95000
마미케어,메디큐브 부스터프로,메디큐브 에이지알 부스터 프로 미니 핑크,거래중,"45,000원",문정동,2026-08-31,0,0,12,46℃,밍밍규,뷰티/미용,,"메디큐브 에이지알 부스터 프로 미니 핑크 색상이에요
구매하고 잘안써서 판매해요
박스랑 충전기는 어디다 뒀는지 기억이 안나서
본품만 판매해요
구매할때 마이멜로디 장식도 왔는데
장식이 무거워서 따로 빼놨는데 이염있네요
원하시면 같이 드릴께요

정상 작동 잘되고 쿨거래원해서 싸게 올려요",45000
마미케어,메디큐브 부스터프로,메디큐브 에이지알 부스터프로 블랙 풀박스,거래중,"95,000원",문정동,2026-08-20,0,16,139,41.5℃,뚭뚜바,뷰티/미용,,,95000
마미케어,메디큐브 부스터프로,메디큐브 에이지알 부스터 프로 X2 핑크 (미개봉),거래중,"245,000원",가락1동,2026-08-20,2,39,385,54.9℃,고만사작,뷰티/미용,,,245000
마미케어,메디큐브 부스터프로,메디큐브 에이지알 부스터 프로 블랙,거래중,"85,000원",문정동,2026-08-31,0,1,,,,,,,85000
마미케어,메디큐브 부스터프로,새상품) 메디큐브 부스터프로,거래중,"140,000원",문정동,2026-08-08,0,15,153,52.4℃,lovesome,뷰티/미용,,"메디큐브 부스터프로 
랩핑만 뜯은 본사 정품
새상품입니다.
제조일 2025.07
",140000
마미케어,메디큐브 부스터프로,메디큐브 에이지알 부스터 프로 화이트 송파,거래중,"150,000원",삼전동,2026-08-01,0,2,66,37.2℃,따뜻한거래2,뷰티/미용,4번출구 앞,"메디큐브 에이지알 부스터 프로 화이트 색상이에요
본체와 충전 케이블, 설명서가 포함되어 있어요",150000
마미케어,메디큐브 부스터프로,메디큐브 에이지알 부스터 프로 핑크 풀박스,거래중,"140,000원",송파2동,2026-08-29,1,3,46,38℃,랄라블라,뷰티/미용,,,140000
마미케어,메디큐브 부스터프로,메디큐브 브이롤러,거래중,"100,000원",방이2동,2026-05-03,5,56,1081,38.2℃,잴리,뷰티/미용,,"구성품
- 부스터 프로 미니 플러스
- 부스터 브이 롤러 헤드
* 에이지알 PDRN 부스터 젤 (개봉 및 사용한 제품이라 필요하시다면 같이 드립니다.)

색상은 베이지 컬러입니다.
저는 붓기 관리에 효과 봤는데 꾸준히 관리하기에는 귀찮아서ㅠㅠ.. 손이 잘 안가게 되어 팝니다.
롤러헤드에 미니플러스 장착해서 드립니다 (박스는 따로 없습니다!)

필요하시다면 부스터젤 개봉 제품 같이 드릴게요!!",100000
마미케어,메디큐브 부스터프로,메디큐브 에이지알 부스터프로 블랙 풀박스,거래중,"80,000원",문정동,2026-08-31,0,0,3,43.8℃,dnwn5994,뷰티/미용,,,80000
마미케어,메디큐브 부스터프로,매디큐브 부스터프로,거래중,"100,000원",풍납2동,2026-08-29,0,5,59,43.6℃,뷰티풀e,뷰티/미용,,,100000
마미케어,메디큐브 부스터프로,(새상품)메디큐브 에이지알 부스터 프로 핑크,거래중,"120,000원",문정동,2026-08-27,0,13,155,37.1℃,나나,뷰티/미용,,,120000
마미케어,메디큐브 부스터프로,메디큐브 에이지알 부스터 프로 블랙,거래완료,"90,000원",문정동,2026-07-03,1,3,47,40.4℃,당근손님,뷰티/미용,문정동 아파트 직거래,"메디큐브 에이지알 부스터 프로 블랙 색상입니다
본체와 구성품 풀 패키지 
본사에 환불 받기로 하고는 .. 
기한이 지나 방치해 있던 기기라 
처음 한 두 번 사용이 다 입니다 
굴러다녀 스티커 부분은 가장자리 새 것 같지
않으니 사진으로 확인해 주세요 

단계별 작동 모두 확인 완료했고 
저는 사용하지 않아 싸게 드립니다 

알콜솜으로 소독해 두었습니다.


에눌문의 ❌
비매너 ❌ 
(본인 질문만 하고 대답안하는 비매너 차단, 
기분 좋은 거래 합시다)

문정동 아파트 직거래
택배시 착불배송",90000
마미케어,메디큐브 부스터프로,메디큐브 에이지알 부스터 프로 핑크 미개봉 새상품,거래중,"120,000원",잠실6동,2026-08-01,24,42,274,36.6℃,헤헤,뷰티/미용,,"부스터프로 미개봉 새상품 팝니다
선물받았는데 이미 쓰는게 있어서 판매해요",120000
마미케어,메디큐브 부스터프로,메디큐브 에이지알 부스터프로 마이멜로디 에디션,거래중,"140,000원",문정동,2026-08-07,0,21,275,41.3℃,잼이,뷰티/미용,,,140000
마미케어,메디큐브 부스터프로,메디큐브 에이지알 부스터 프로 블랙 풀박,거래중,"150,000원",풍납동,2026-05-03,0,5,156,36.8℃,km,뷰티/미용,,"메디큐브 에이지알 부스터 프로 블랙 색상 풀박스 구성이에요
본체와 충전 케이블, 사용 설명서, 주의사항까지 모두 갖춰져 있어요
사진에서 보이는 것처럼 구성품 모두 깔끔하게 보관되어 있습니다
사용 횟수 많지 않아요!
피부 관리에 관심 있는 분들께 추천드리는 제품이에요!",150000
마미케어,메디큐브 부스터프로,메디큐브 에이지알 부스터 프로 핑크 미개봉 송파,거래중,"175,000원",삼전동,2026-08-01,2,7,111,44.1℃,고양이집사,뷰티/미용,,,175000
마미케어,메디큐브 부스터프로,메디큐브 부스터 프로 풀박스,거래중,"130,000원",문정동,2026-08-21,0,2,68,51.8℃,ekdrms,뷰티/미용,,"메디큐브 부스터프로 풀박스 판매합니다
구매해놓고 손이 잘 안 가서 판매해요!

실 사용 5번 정도 되고
매번 사용 후에 소독해서 보관했습니다
생활 스크래치 정도 있습니다!

예민하신 분들은 패스부탁드립니다🙇‍♀️",130000
마미케어,메디큐브 부스터프로,에이지알 메디큐브 부스터 프로 (전용케이스),거래중,"160,000원",잠실3동,2026-07-02,0,0,,,,,,,160000
마미케어,메디큐브 부스터프로,메디큐브 에이지알 부스터 프로 미니 핑크,거래중,"43,000원",문정동,2026-08-14,3,45,501,65.6℃,푸항,뷰티/미용,⭐️ 육아중이라서 문고리 거래 선호합니다,"실 사용 5회 미만이라서 상태 엄청 좋습니다 😊😊
전용 파우치에 같이 넣어서 드릴게요 !

⭐️ 육아중이라서 문고리 거래 선호합니다
⭐️ 반값택배 ( Gs25,CU ) 가능합니다 
⭐️ 교환 , 환불 X
⭐️ 당근페이 보내주시면 자세한 주소 알려드려요",43000
마미케어,메디큐브 부스터프로,메디큐브 에이지알 부스터글로우 핑크 미개봉,거래중,"180,000원",풍납동,2026-08-01,1,18,90,36.5℃,뀨뀨,뷰티/미용,강동구청역 - 잠실역 근방 직거래 가능,"메디큐브 에이지알 부스터 글로우 핑크 미개봉입니다
프로2 사용중에 선물받은 거라 미개봉으로 바로 판매합니다

가격인하 20만 > 18만

교환, 환불x

강동구청역 - 잠실역 근방 직거래 가능
",180000
마미케어,메디큐브 부스터프로,메디큐브 에이지알 부스터 프로 풀박스,거래중,"115,000원",문정동,2026-07-02,1,8,346,45℃,imwlsdl,뷰티/미용,,"메디큐브 AGE-R 부스터 프로 

구매시기: 24년 12월

피부 속 광채와 탄력 관리에 좋아요
- 5가지 모드로 맞춤 케어 가능 (부스터, 콜라겐, 물광, 탄력, 에어샷)
- 쫀쫀하고 매끈한 피부결 완성
- 박스, 기기 드려요 
(충전기 xx, c타입 이용하시면 돼요)
- 살짝의 생활감 있습니다 확대 사진 참고해주세요!
그 외 정상작동 및 깨끗하게 사용함

빠른 판매 희망합니다

해당 가격에 구매하실 분만 연락주세요",115000
마미케어,메디큐브 부스터프로,(진품)장원영이 광고하는 리얼후기좋다는 뷰티디바이스 최신제품 에이지알 부스터프로2ㅇ,거래중,"280,000원",문정동,2026-08-19,0,1,57,56.8℃,오잉,,,,280000
마미케어,메디큐브 부스터프로,메디큐브 에이지알 부스터프로 핑크,거래중,"175,000원",문정동,2026-08-29,0,0,,,,,,,175000
마미케어,메디큐브 부스터프로,메디큐브 마이멜로디 에이지알 부스터 프로 송파,거래중,"190,000원",오금동,2026-05-03,2,13,132,49.2℃,나나츄파츕스,뷰티/미용,,"구매확정 날짜보면 아시겠지만 
8월에 임신한걸 모르고 샀어요ㅋㅋㅋ
병원에 물어봤는데 안쓰는게 좋을것 같다고 하셔서 
작동 잘되나 확인 해보고 지금까지
보관만 했네요 ~
당연히 제가 쓰려고 다 뜯어놨는데 못썼어요 ~",190000
마미케어,메디큐브 부스터프로,(미개봉) 메디큐브 에이지알 부스터 프로 미니 짱구 에디션,거래중,"85,000원",문정동,2026-08-27,0,2,36,41.6℃,8309,뷰티/미용,,,85000
마미케어,메디큐브 부스터프로,메디큐브 에이지알 부스터 프로 블랙 새상품,거래중,"181,000원",가락본동,2026-02-02,1,19,310,54.7℃,비움,뷰티/미용,,,181000
마미케어,메디큐브 부스터프로,메디큐브 부스터 프로 핑크 토끼 헤드캡,거래중,"120,000원",문정동,2026-08-19,0,7,62,42.7℃,홍은동,뷰티/미용,직거래-홍은르네상스cu 구산역 선릉역 파리바게트,"메디큐브 AGE-R 부스터 프로 핑크 색상이에요
토끼 헤드캡 포함되어 있어요
사진에서 보이는 그대로의 제품이에요
피부 관리에 관심 있는 분들께 추천드려요

택포xx
직거래-홍은르네상스cu 구산역 선릉역 파리바게트",120000
마미케어,메디큐브 부스터프로,메디큐브 부스터 프로 발렌타인 한정 에디션,거래중,"120,000원",문정동,2026-08-01,1,20,,,,,,,120000
마미케어,메디큐브 부스터프로,메디큐브 에이지알 부스터 프로 블랙(미개봉 새상품),거래중,"150,000원",문정동,2026-08-31,0,2,22,42.1℃,호호,뷰티/미용,,,150000
마미케어,메디큐브 부스터프로,메디큐브 에이지알 부스터프로 블랙,거래중,"110,000원",문정동,2026-06-02,2,33,636,37.6℃,보거거,뷰티/미용,,"메디큐브 에이지알 부스터프로 블랙 판매해요
구성품은 본체, 충전 케이블, 사용 설명서, 박스까지 풀박스입니다
부스터프로 전용 헤드케이스(블랙)도 함께 드립니다
피부 관리나 홈케어에  관심 있는 분들께 추천드려요.
구매 후 20번정도 사용했고, 요새 사용을 안해서 판매합니다. 
깨끗하게 보관했으나 약간의 사용감 있을 수 있습니다.",110000
마미케어,메디큐브 부스터프로,메디큐브 에이지알 부스터 프로 블랙,거래완료,"150,000원",잠실3동,2026-01-05,4,10,194,39.7℃,지금이순간,뷰티/미용,,"메디큐브 에이지알 부스터 프로 블랙 색상입니다

- 풀박스 구성입니다 (충전기 포함)
- 피부 속 광채, 쫀쫀한 탄력, 모공 케어, 피부결 개선, 붓기 완화에 도움을 줍니다
- 제조년월 2024.06

집에서 간편하게 피부 관리를 할 수 있어요",150000
마미케어,메디큐브 부스터프로,메디큐브 에이지알 부스터 프로 핑크 + 실리콘 헤드,거래중,"120,000원",문정동,2026-08-21,1,5,53,43℃,빈둥,뷰티/미용,,,120000
마미케어,메디큐브 부스터프로,메디큐브 에이지알 부스터프로 헬로키티,거래중,"180,000원",문정동,2026-08-29,0,0,,,,,,,180000
마미케어,메디큐브 부스터프로,메디큐브 에이지알 부스터프로 블랙,거래중,"130,000원",방이1동,2026-08-09,0,1,64,39.8℃,소금인형,뷰티/미용,,"메디큐브 에이지알 부스터프로 블랙입니다
구성품은 본체와 사용 설명서입니다
사진에서 보이는 것처럼 깔끔하게 보관되어 있어요
피부 관리에 관심 있는 분들께 추천드려요
부지런하지 못하다보니 몇번사용안하게되네요.
박스포장 그대로 정품입니다",130000
마미케어,메디큐브 부스터프로,메디큐브 에이지알 부스터 프로 미니 플러스 핑크,거래중,"130,000원",방이1동,2026-08-29,0,4,26,62.7℃,yoki,뷰티/미용,,,130000
마미케어,메디큐브 부스터프로,메디큐브 AGE-R 에이지알 부스터 프로,거래중,"120,000원",방이1동,2026-08-30,0,0,,,,,,,120000
마미케어,메디큐브 부스터프로,미개봉 메디큐브 에이지알 부스터프로 짱구+아이크림+히알루로닉 젤크림+콜라겐마스크팩 새상품 뷰티디바이스,거래중,"260,000원",방이1동,2026-08-31,0,0,6,43.8℃,누룽지,,,,260000
마미케어,메디큐브 부스터프로,메디큐브 에이지알 부스터 프로 EMS 뷰티 디바이스,거래중,"99,000원",방이1동,2026-08-20,0,1,49,40.3℃,평촌사람,뷰티/미용,,,99000
마미케어,메디큐브 부스터프로,메디큐브 에이지알 부스터 프로 풀박스,거래중,"100,000원",방이1동,2026-08-01,1,19,340,47.4℃,나무,뷰티/미용,,"메디큐브 에이지알 부스터 프로 풀박스 구성품 그대로 있어요
사진에서 보이는 것처럼 본체와 박스 모두 깔끔하게 보관했어요
피부 탄력 관리에 도움을 주는 제품으로 홈케어하기 좋아요
매일매일 건강한 피부를 가꾸고 싶으신 분들께 추천드려요",100000
마미케어,메디큐브 부스터프로,메디큐브 에이지알 부스터 프로 미니 핑크 클렌징 디바이스,거래중,"60,000원",방이1동,2026-08-31,0,0,8,37.9℃,00,뷰티/미용,,,60000
마미케어,메디큐브 부스터프로,메디큐브 에이지알 부스터 프로 블랙 풀박,거래중,"140,000원",방이1동,2026-07-02,2,4,119,41.8℃,힁힁,뷰티/미용,,"메디큐브 에이지알 부스터 프로 블랙
본체와 구성품 모두 사진으로 확인 가능
실 사용 최대 5회 미만 (사용 시간도 매우 짧음)
기능 이상 무
사용감 없음. 거의 새상품이라 봐도 무관
풀박 구성 : 충전선 , 박스, 본체 
제조일자 25.8",140000
마미케어,메디큐브 부스터프로,메디큐브 에이지알 부스터 프로 토탈케어,거래중,"100,000원",방이1동,2026-08-15,0,10,,,,,,,100000
마미케어,메디큐브 부스터프로,메디큐브 부스터프로 블랙,거래중,"150,000원",방이2동,2026-08-25,0,1,43,51.7℃,몬스테라,뷰티/미용,,"육아하느라 테스트만 해보고 보관중입니다

교환환불x
입금후 주소알려드려요 

메디큐브 에이지알 부스터 프로 블랙입니다. 구성품 모두 포함되어 있어요. 사진으로 확인해주세요. 피부 탄력과 리프팅에 도움을 주는 제품으로, 꾸준히 사용하시면 만족하실 거예요.",150000
마미케어,메디큐브 부스터프로,메디큐브 에이지알 부스터 프로 핑크 에디션 + 보호캡,거래중,"150,000원",방이2동,2026-08-01,0,6,250,50.9℃,zizimsa,뷰티/미용,,,150000
마미케어,메디큐브 부스터프로,메디큐브 에이지알 부스터프로 핑크,거래완료,"130,000원",거여동,2026-07-03,2,14,187,41.9℃,안녕,뷰티/미용,"비대면 거래, 문고리 거래 가능,","메디큐브 에이지알 부스터프로 핑크 색상 🩷

✅️ 본체, 박스 구성 (충전기, 사용방법 설명서 有)
✅️ 사진에서 보이는 것처럼 깔끔한 상태 유지
✅️ 피부 탄력 관리에 도움

지인에게 3개 선물받아서 나머지 하나 팝니다!
제 동생이 멋대로 뜯었는데 한번도 사용 안했어요.
진짜 새거입니다 !!! ✨️

그래도 찝찝하실까봐 얼굴에 닿는 부분 닦으시라고 알코올 스압도 같이 드립니다.

비대면 거래, 문고리 거래 가능,
거래 장소 제안 및 변경 가능

자유롭게 질문 받고 제안주셔도 괜찮습니다🫶🏻",130000
마미케어,메디큐브 부스터프로,(미개봉 새제품) 메디큐브 부스터 프로 블랙,거래중,"150,000원",방이2동,2026-08-24,0,18,,,,,,,150000
마미케어,메디큐브 부스터프로,메디큐브 에이지알 부스터 프로 블랙,거래중,"108,000원",방이2동,2026-08-01,1,10,179,53.7℃,찔러보기사양,뷰티/미용,,"*******이사 정리중 저렴하게 내놓아요*******


메디큐브 에이지알 부스터 프로 블랙 풀박스 구성이에요
본체와 충전 케이블, 사용 설명서까지 모두 갖춰져 있어요
깔끔한 디자인과 뛰어난 성능으로 만족하실 거예요
피부 관리에 관심 있는 분들께 추천드려요",108000
마미케어,메디큐브 부스터프로,메디큐브 에이지알 부스터 프로 미니 플러스핑크,거래중,"50,000원",방이2동,2026-08-24,0,11,176,37.7℃,닉네임,뷰티/미용,,,50000
마미케어,메디큐브 부스터프로,메디큐브 에이지알 부스터 프로 X2 화이트,거래중,"240,000원",방이2동,2026-08-08,7,36,,,,,,,240000
마미케어,메디큐브 부스터프로,A급) 메디큐브 에이지알 부스터프로 풀세트,거래중,"190,000원",방이2동,2026-08-26,0,2,35,53.1℃,당근페2,뷰티/미용,,,190000
마미케어,메디큐브 부스터프로,메디큐브 부스터프로 헬로키티 에디션,거래중,"166,000원",방이2동,2026-07-02,1,13,171,39.5℃,몽실몽실,뷰티/미용,,"-25년 하반기 올리브영에서 구매
-귀찮아서 너무 안써서 판매합니다 (실사용 5회 미만)
-기계 본품밖에 없어요! (박스/충전케이블 분실)
*C타입 충전 가능해요",166000
마미케어,메디큐브 부스터프로,메디메디큐브 에이지알 부스터 프로 블랙,거래중,"125,000원",방이2동,2026-08-01,0,2,58,43.2℃,erddfgggg,뷰티/미용,,"메디큐브 에이지알 부스터 프로 EMS 에어샷 소닉 블랙 정품
사용횟수 10회 미만",125000
마미케어,메디큐브 부스터프로,메디큐브 에이지알 부스터 프로 블랙 + 비타c 앰플,거래중,"130,000원",방이2동,2026-08-01,1,3,58,36.5℃,호기심가득한펭귄,뷰티/미용,,,130000
마미케어,메디큐브 부스터프로,메디큐브 부스터 프로 미니,거래완료,"50,000원",잠실6동,2026-02-03,0,0,22,39.3℃,뭘봐,뷰티/미용,,"메디큐브 부스터 프로 미니 화이트 색상
- 25년 5월 7일에 올리브영에서 구매
- 스크래치X
- 사용감 적음",50000
마미케어,메디큐브 부스터프로,(메디큐브) 에이지알 부스터 프로 (부속품 다있음),거래중,"130,000원",방이2동,2026-04-03,2,19,495,47.1℃,랄랄,뷰티/미용,,,130000
마미케어,메디큐브 부스터프로,메디큐브 에이지알 부스터 프로 블랙,거래중,"140,000원",방이2동,2026-08-13,0,2,74,39.1℃,홍홍,뷰티/미용,,"메디큐브 에이지알 부스터 프로 블랙입니다
사진에서 보시는 것처럼 구성품 모두 포함되어 있어요
피부 탄력과 리프팅에 관심 있는 분들께 추천드려요

저는 잘 안쓰게 돼서 팔아요 
한 작년에 사두고 10번..? 쓴 것 같아요
이사 가는 김에 물건정리겸 올려요 ~",140000
마미케어,메디큐브 부스터프로,메디큐브 에이지알 부스터 프로 블랙,거래중,"96,000원",방이2동,2026-05-03,3,16,462,44.9℃,아쿠아,뷰티/미용,,"메디큐브 에이지알 부스터 프로 블랙 색상입니다:) 
피부 관리 효과를 높여주는 제품!!
탄력 있고 건강한 피부를 원하는 분들께 추천드려요
.
공식 홈페이지(메디큐브)에서 구매했습니다
박스는 제가 꾸준히 쓸 줄 알고 버렸는데.. 예..
귀찮아서 손이 잘 안가서 초반에만 몇 번 쓰고 보관하다가 당근 내놓습니다ㅠㅠ",96000
마미케어,메디큐브 부스터프로,메디큐브 에이지알 부스터 프로 클렌저 세트 베이지,거래중,"120,000원",방이2동,2026-08-11,0,8,97,62.1℃,승쿠,뷰티/미용,,,120000
마미케어,메디큐브 부스터프로,메디큐브 에이지알 부스터 프로 블랙,거래중,"200,000원",방이2동,2026-08-16,0,1,24,37.2℃,띠용,뷰티/미용,,"제품명 : 메디큐브 에이지알 부스터 프로 블랙
구매일 : 26.01.20
실사용 : 10회 미만

잘 사용하지 않아서 판매합니다ㅠㅠ
실사용 별로 안해서 상태는 좋아요!

배송비는 3000원 추가입니다!",200000
마미케어,메디큐브 부스터프로,메디큐브 에이지알 부스터 프로+PDRN 부스터젤,거래중,"120,000원",방이2동,2026-08-01,0,10,206,45.4℃,오느레밤,뷰티/미용,,,120000
마미케어,메디큐브 부스터프로,메디큐브 부스터프로(+메디큐브제품),거래중,"200,000원",방이2동,2025-08-31,5,15,411,39℃,시카고피자,뷰티/미용,,"메디큐브 부스터프로 미개봉 새상품

제품 추가로 같이 드립니다",200000
마미케어,메디큐브 부스터프로,메디큐브 AGE-R 부스터 프로,거래중,"150,000원",방이2동,2026-05-03,1,12,351,46.6℃,룰루냔나,뷰티/미용,,"본체와 박스만 있습니다
피부 탄력 관리에 도움을 주는 제품으로 매일매일 건강한 피부를 가꿔보세요",150000
마미케어,메디큐브 부스터프로,메디큐브 헬로키티 에디션 부스터 프로,거래중,"250,000원",방이2동,2026-06-02,1,26,,,,,,,250000
마미케어,메디큐브 부스터프로,메디큐브 에이지알 부스터 프로 풀박스,거래중,"136,000원",방이2동,2026-05-03,3,12,459,42.9℃,당그으으니,뷰티/미용,,"메디큐브 에이지알 부스터 프로 풀박스 구성이에요
본체와 충전 케이블, 사용 설명서까지 모두 갖춰져 있어요
깔끔한 블랙 색상으로 고급스러움을 더했어요
피부 탄력 관리에 관심 있는 분들께 추천드려요",136000
마미케어,메디큐브 부스터프로,메디큐브 에이지알 부스터프로x2 핑크 풀박스,거래중,"262,000원",방이2동,2026-08-10,0,7,187,37.1℃,이지,뷰티/미용,,,262000
마미케어,메디큐브 부스터프로,메디큐브 부스터프로 블랙,거래중,"200,000원",방이2동,2026-06-02,0,3,179,48.4℃,8910398,뷰티/미용,문고리거래 가능,"박스 포함입니다!

하자 X 
항상 소독하면서 깨끗하게 위생적으로 사용한 제품입니다
실사용 기간 6개월 미만

개별적으로 구매한 캡까지 같이 드립니다
저는 다른 기기도 있어서 판매하는데.. 올인원 기기라서 이게 제일 편해요!!!!

택배 가능
문고리거래 가능",200000
마미케어,메디큐브 부스터프로,메디큐브 부스터 프로 핑크 스페셜 에디션,거래중,"240,000원",방이2동,2026-08-21,0,3,90,38.2℃,쿵쿵이,,,"메디큐브 부스터 프로 스페셜 에디션 핑크 색상이에요
기프트 구성품으로 PDRN 핑크 퍼스트 앰플 세럼과 히알루로닉 세라마이드 젤리 크림이 함께 들어있어요
사진에서 보시는 것처럼 본체와 구성품 모두 깔끔하게 보관되어 있어요
피부 탄력과 광채를 더하고 싶으신 분들께 추천드려요
쿠폰써서 50만원정도에 구매했고 
실착용 1-2번밖에없어요 
구매하시면 크림이랑 증정품 모두 풀세트로 드리고
알코올 소독 솜도 몇개 같이 챙겨드릴게요 ~",240000
마미케어,메디큐브 부스터프로,메디큐브 부스터 프로 age-r 미개봉 새상품,거래중,"140,000원",방이2동,2026-07-02,2,10,157,44.2℃,콩콩이,뷰티/미용,,,140000
마미케어,메디큐브 부스터프로,메디큐브 부스터프로 미니 새거 흰색,거래중,"80,000원",방이2동,2026-08-01,0,18,187,47.8℃,룰루랄라,,,"메디큐브 부스터프로 미니 새거 흰색 팔아요! 
사용 한번도 안한 새거고, 박스채로 드릴게요! 
사진찍으려고 뜯은거고 사용감 아예 없습니당",80000
마미케어,메디큐브 부스터프로,메디큐브 에이지알 부스터 프로 미니 플러스 화이트,거래중,"50,000원",방이2동,2026-08-29,0,5,97,40.7℃,풍수시리야,뷰티/미용,,,50000
마미케어,메디큐브 부스터프로,메디큐브 부스터 프로 미니 핑크,거래중,"42,000원",방이2동,2026-08-01,0,7,232,37.6℃,줄리아,뷰티/미용,,"메디큐브 부스터 프로 미니 핑크 색상이에요
피부 탄력과 매끈한 피부결 관리에 도움을 주는 제품이에요
사진에서 보이는 구성품 그대로 보내드려요
피부 홈케어를 간편하게 하고 싶으신 분들께 추천드려요",42000
마미케어,메디큐브 부스터프로,메디큐브 에이지알 부스터 프로 핑크 에디션,거래중,"140,000원",방이2동,2026-08-21,0,25,211,36.8℃,호랑이,뷰티/미용,,,140000
마미케어,메디큐브 부스터프로,메디큐브 에이지알 부스터 프로 짱구 에디션 미개봉 새상품,거래중,"180,000원",방이2동,2026-08-21,0,5,43,41.9℃,자바,뷰티/미용,,,180000
마미케어,메디큐브 부스터프로,메디큐브 부스터프로 쿠로미 에디션,거래중,"170,000원",방이2동,2026-08-11,0,3,89,82.4℃,편하게문의주세요,뷰티/미용,"직거래는 서울 동대문구 장안동사거리 다이소 혹은 장한평역 2번 출구 앞에서 가능합니다. (비 올시, 장한평역은 x)","메디큐브 부스터프로 쿠로미 에디션


- 본품 사이즈 / 구성품 - 본체, 쿠로미 헤드케이스 커버, 클리닝 천, 충전기
- 실사용 3~5회 수준으로 매우 깨끗하고, 작동 잘 됩니다.
- 실사진은 마지막 사진 참고해 주세요.

- 170,000 원에 판매합니다. *택배비 별도 : 반택 +2,000원 / 일반 +4,000원
(택배거래 시, 편의점 택배 롯데택배 이용)

*교신불가 / 착샷문의불가

직거래는 서울 동대문구 장안동사거리 다이소 혹은 장한평역 2번 출구 앞에서 가능합니다. (비 올시, 장한평역은 x)

--------------------------------------
~거래시 유의사항~

●신중히 생각하신 뒤, 구매의사가 확실한 분들만 연락 주세요.

(모든 중고거래는 교환/환불 불가하며, 제가 거래하는 옷 상품들은 대부분 새상품이며, 간혹 중고 옷 일경우 새상품 컨디션과 거의 동일하거나 혹은 옷 상태를 기재하니 참고해 주세요.)",170000
마미케어,메디큐브 부스터프로,메디큐브 에이지알 부스터프로 핑크,거래중,"198,000원",방이2동,2026-08-01,0,3,105,40℃,먀옹,뷰티/미용,,"가격제안 받아요!!!
메디큐브 에이지알 부스터프로 핑크 색상이에요
본체와 충전 케이블, 설명서가 포함되어 있어요
사진에서 보이는 구성품 그대로 보내드려요!! 올해 1월에 관리좀 해보자! 하고 구매했는데 귀차니즘 인간인 저는 ,, 두번 사용하고 꺼내보질 않았네요,,,ㅎㅎ 배터리도 6개월동안 살아있는게 참 🫠 여름이니까 얼굴형 승모근 관리 홈케어 잘하시는분께,,판매합니닷 ㅠㅠㅠ",198000
마미케어,메디큐브 부스터프로,메디큐브 부스터 프로 팝니다(미개봉 새제품),거래중,"200,000원",방이동,2026-08-04,0,2,62,55.5℃,쪼야,뷰티/미용,,,200000
마미케어,메디큐브 부스터프로,메디큐브 에이지알 부스터 프로 핑크 풀세트,거래중,"150,000원",방이동,2026-07-02,0,16,226,47.6℃,루루까까,뷰티/미용,,,150000
마미케어,메디큐브 부스터프로,(1회 사용) 메디큐브 에이지알 부스터프로,거래중,"160,000원",방이동,2026-08-01,0,3,,,,,,,160000
마미케어,메디큐브 부스터프로,미개봉 새상품 메디큐브 에이지알 부스터프로 블랙,거래중,"190,000원",방이동,2026-08-28,0,2,17,73.6℃,뚜꾸뿌꾸,디지털기기,,,190000
마미케어,메디큐브 부스터프로,메디큐브 에이지알 부스터 프로 X2 화이트 정품,거래중,"250,000원",방이동,2026-08-27,0,14,,,,,,,250000
마미케어,메디큐브 부스터프로,메디큐브 부스터프로 미니 춘식이 에디션,거래중,"55,000원",방이동,2026-08-06,0,14,110,38.1℃,사과해요나한테,뷰티/미용,,"작년 3월에 구매했습니다
보관상자는 없고 파우치는 있습니다
프로2로 바꾸려고 팝니다",55000
마미케어,메디큐브 부스터프로,메디큐브 에이지알 부스터 프로 미니 화이트,거래중,"58,000원",방이동,2026-08-01,1,8,111,36.8℃,이야호,뷰티/미용,,,58000
마미케어,메디큐브 부스터프로,메디큐브 부스터 프로미니+앰플,거래중,"76,000원",방이동,2026-07-02,1,7,77,41℃,화화의집,뷰티/미용,,"메디큐브 에이지알 부스터 프로 미니 플러스 짱구 에디션+펩타이드 앰플
구성품은 본체, 충전기, 파우치, 설명서입니다
짱구 캐릭터가 그려져 있어 소장 가치가 높아요
피부 관리에 관심 있는 분들께 추천드려요

무료배송합니다",76000
마미케어,메디큐브 부스터프로,메디큐브 부스터프로미니플러스 브이롤러 클렌징헤드 부스터젤,거래중,"180,000원",방이동,2026-08-18,0,4,43,39℃,붕어빵사냥꾼,뷰티/미용,,,180000
마미케어,메디큐브 부스터프로,메디큐브 진동클렌저 헤드+부스터프로 미니 팝니다!,거래중,"65,000원",방이동,2026-08-23,0,4,,,,,,,65000
마미케어,메디큐브 부스터프로,메디큐브 부스터 프로 미니 핑크,거래중,"40,000원",방이동,2026-06-02,1,33,,,,,,,40000
마미케어,메디큐브 부스터프로,메디큐브 AGE-R 부스터 프로 블랙 풀박스,거래중,"97,000원",방이동,2026-06-02,1,16,,,,,,,97000
마미케어,메디큐브 부스터프로,새상품)메디큐브 부스터 프로 X2 핑크,거래중,"280,000원",방이동,2026-08-03,0,15,283,43℃,엽떡,뷰티/미용,,"메디큐브 부스터 프로 X2 핑크색상입니다
본품, 파우치까지 모두 포함되어 있어요
셀린비 바쿠치올 크림마스크팩도 함께 드릴게요(17만원상당 2회정도 사용, 예민하신분은 1회용 리들샷 여러개 보내드릴게요)
저는 이미 사용중인게 있어서 판매합니다!
면적도 넓어지고 기능도 다양해져서 추천합니다",280000
마미케어,메디큐브 부스터프로,메디큐브 에이지알 부스터프로,거래중,"210,000원",방이동,2026-08-27,0,0,15,42.5℃,라임나무다,뷰티/미용,직거래 원하고  택배도 가능함니다,"구입후5회 미만사용했습니다.
남자로 주름이 많아 사용했는데
게으른 턋인지 잘 사용치 않아 판매합니다.
글루타치온  글로우앰플 2개도 드림니다.
깨끗하고  원제품 그대로 다 있습니다.
직거래 원하고  택배도 가능함니다",210000
마미케어,메디큐브 부스터프로,메디큐브 부스터 프로 미니 화이트 에디션,거래중,"70,000원",방이동,2026-08-31,0,0,7,44.1℃,고래,뷰티/미용,,"메디큐브 부스터 프로 미니 화이트 색상이에요
구성품은 본체와 박스, 설명서, 그리고 사은품으로 받은 파우치까지 모두 있어요
사진에서 보이는 것처럼 깔끔한 상태를 유지하고 있답니다
피부 탄력과 리프팅에 관심 있는 분들께 추천드려요

상품명이 변경되어서 상세페이지는 참고용으로 올립니다
사고 한번 쓰고 느낌이 낮설어서 보관하고 있었어요
구성품 전부있고 새거에요

필요하신분 연락주세요",70000
마미케어,메디큐브 부스터프로,메디큐브 부스터프로미니+전동클렌저,거래중,"76,000원",방이동,2026-07-02,0,8,149,44.7℃,비밀쉿,뷰티/미용,,"메디큐브 에이지알 부스터 프로 미니 클렌저 핑크 색상 제품입니다. 
박스는 없으나 깔끔하게 소독해서 드립니다. 몇번 안썼는제 손이 잘 안가서 팔아요",76000
마미케어,메디큐브 부스터프로,메디큐브 에이지알 부스터 프로 핑크(새상품),거래중,"190,000원",방이동,2026-08-01,0,2,118,49℃,조은맘,뷰티/미용,,,190000
마미케어,메디큐브 부스터프로,메디큐브 부스터프로폴박스+(쇼핑백),거래중,"150,000원",방이동,2026-06-02,6,13,314,45.2℃,리아나,뷰티/미용,,"메디큐브 에이지알 부스터 프로 퍼플 색상이에요
본체와 박스, 설명서, 쇼핑백까지 모두 갖춰져 있어요
사진에서 보이는 구성 그대로 보내드려요
피부 탄력과 리프팅에 도움을 주는 뷰티 디바이스를 찾으시는 분들께 추천드려요",150000
마미케어,메디큐브 부스터프로,[메디큐브 공식몰 구입] 부스터프로미니 판매,거래중,"70,000원",방이동,2026-06-02,1,16,364,42.9℃,일산러,뷰티/미용,,,70000
마미케어,메디큐브 부스터프로,메디큐브 짱구 에디션 부스터프로 핑거 에디션,거래중,"180,000원",삼전동,2026-08-21,0,2,53,41.7℃,임시방충망,뷰티/미용,,,180000
마미케어,메디큐브 부스터프로,메디큐브 에이지알 부스터 프로 미니 화이트,거래완료,"50,000원",잠실동,2026-05-05,2,2,55,48.9℃,choco,뷰티/미용,직거래 잠실새내-종합운동장 사이 협의가능,"메디큐브 에이지알 부스터프로 미니입니다.(1세대)

1번 쓰고 안쓰게 되서 당근합니다.

새제품 컨디션이며 정품인증스티커 있고 풀박이며 파우치 모두 드립니다~

❌질문, 착샷문의, 사진에 있는 내용 등등은 답변 정중히 사양합니다. 

*반택비별도 (배송비 포함 요청 사절❌)
*직거래 잠실새내-종합운동장 사이 협의가능
*교환, 환불X

네고, 문의 안받습니다⛔️

답변 늦는 분, 잠수 탔다가 갑자기 연락하시는 분 거래 어렵습니다.",50000
마미케어,메디큐브 부스터프로,메디큐브 에이지알 부스터 프로 미니 핑크,거래중,"69,000원",삼전동,2026-08-25,0,4,45,49.4℃,둥아,뷰티/미용,🥕거래는 문고리 거래만 가능합니다(선입금 후 주소 알려드려요),"메디큐브 에이지알 부스터 프로 미니 핑크 색상이에요
피부 관리에 도움을 주는 제품으로, 집에서 간편하게 사용하기 좋아요

구성품은 사진에 보이는 본품만 있어요 박스X

1번 사용했습니다

충전 C타입

🥕에눌 가격제안 안 받아요

🥕거래는 문고리 거래만 가능합니다(선입금 후 주소 알려드려요)

🥕중고 상품이니 환불 안 됩니다. 예민하신 분들 피해주세요 신중히 구매 부탁드려요",69000
마미케어,메디큐브 부스터프로,짱구 메디큐브 부스터프로 미니 - 새상품,거래중,"90,000원",삼전동,2026-08-21,1,17,,,,,,,90000
마미케어,메디큐브 부스터프로,메디큐브 부스터프로 헬로키티,거래중,"200,000원",삼전동,2026-08-01,0,44,385,41.9℃,하리보젤리,뷰티/미용,,"작년 생일에 선물로 받았습니다. 디바이스 기기는 귀찮아서 손이 안 가길래 선물 받은 후 1회 사용 했습니다.

이사정리로 안 쓰는 안 쓰는 물건 정리 하려고 판매합니다
소독티슈는 개인적으로 써서 없으며 그 외에 구성은 다 있습니다 

이외에 궁금한 점 연락주세요~!",200000
마미케어,메디큐브 부스터프로,메디큐브 에이지알 부스터 프로 블랙,거래완료,"160,000원",문정2동,2026-05-04,2,1,66,70.5℃,무무,뷰티/미용,💬 직거래 / 택배 가능,"피부과 안 가고 집에서 관리하려고 샀는데
사용 많이 못해서 상태 정말 좋아요.

✔ 메디큐브 에이지알 부스터 프로 블랙
✔ 정가 대비 훨씬 저렴하게 드려요
✔ 작동 이상 전혀 없음 (정상 작동 확인)
✔ 2~3회 사용 후 / 소독하여 보관

👉 이런 분들 추천
	•	피부 탄력 / 리프팅 관리하고 싶은 분
	•	피부과 비용 부담되는 분
	•	홈케어 루틴 제대로 만들고 싶은 분

📦 구성
	•	본품
	•	충전 케이블
	•	박스 포함

💬 직거래 / 택배 가능
💬 빠르게 가져가실 분 우선",160000
마미케어,메디큐브 부스터프로,메디큐브 에이지알 부스터 프로/김희선 스킨 부스터/ Age_R Booster Pro,거래중,"195,000원",삼전동,2025-08-31,2,11,467,44.3℃,spring,뷰티/미용,,,195000
마미케어,메디큐브 부스터프로,미개봉) 메디큐브 부스터프로x2 핑크,거래중,"240,000원",삼전동,2026-06-02,14,56,627,52.1℃,무도키즈,뷰티/미용,사당역 직거래 or 반값택배 모두 가능합니다.,"메디큐브 신상 부스터프로x2 핑크 판매합니다! 
사진처럼 비닐도 안 뜯은 미개봉 상품이고 핑크 컬러입니다!!

사당역 직거래 or 반값택배 모두 가능합니다.",240000
마미케어,메디큐브 부스터프로,메디큐브 에이지알 부스터 프로 스페셜 에디션(풀구성),거래중,"150,000원",삼전동,2026-08-01,0,13,216,36.8℃,minv,뷰티/미용,,,150000
마미케어,메디큐브 부스터프로,메디큐브 에이지알 부스터 프로 핑크,거래완료,"170,000원",문정동,2026-05-05,2,7,218,40℃,먹보쟁이,뷰티/미용,,"본체 및 충전 케이블, 한글 설명서가 포함되어 있어요.
작년 11월에 H몰에서 구매하고 2번 사용 후 고이 보관만 하게되어 내놓아요 ㅎㅎ
필요하시면 구매내역이랑 아비브 마스크팩도 드려요!
부디 귀차니즘 없이 부지런한 분께서 구매하셨음 좋겠어요! :)",170000
마미케어,메디큐브 부스터프로,메디큐브 짱구 에디션 부스터 프로 미니 플러스,거래중,"86,000원",삼전동,2026-08-27,0,3,48,38.2℃,고양이좋아,뷰티/미용,,,86000
마미케어,메디큐브 부스터프로,메디큐브 짱구 에디션 부스터 프로 미니 플러스,거래중,"70,000원",삼전동,2026-08-30,0,11,92,55.5℃,mds,뷰티/미용,,,70000
마미케어,메디큐브 부스터프로,메디큐브 에이지알 부스터 프로 블랙 풀박스,거래중,"160,000원",삼전동,2026-06-02,0,11,162,67.7℃,당다라당당근,뷰티/미용,,,160000
마미케어,메디큐브 부스터프로,메디큐브 에이지알 부스터 프로 블랙,거래중,"198,000원",삼전동,2026-08-28,0,0,12,38.6℃,강한엄마,뷰티/미용,,"피부 탄력과 리프팅에 도움을 주는 메디큐브 에이지알 부스터 프로 블랙이에요
피부 고민 해결에 효과적인 제품으로, 집에서 간편하게 홈케어 할 수 있어요
새 제품 그대로의 상태를 유지하고 있으며, 구성품 모두 포함되어 있어요
피부 관리 효과를 높이고 싶은 분들께 추천드려요",198000
마미케어,메디큐브 부스터프로,(미개봉 새상품) 메디큐브 에이지알 부스터 프로 미니 플러스 베이지,거래중,"100,000원",삼전동,2026-08-01,1,8,146,49℃,배추몬몬,뷰티/미용,,,100000
마미케어,메디큐브 부스터프로,메디큐브 에이지알 부스터 프로 X2 핑크,거래중,"237,000원",삼전동,2026-08-28,1,6,91,36.8℃,출근전에조깅하는동료,뷰티/미용,,"메디큐브 에이지알 부스터 프로 X2 핑크 색상이에요
미개봉 새상품으로 선물하기에도 좋아요
피부 관리에 관심 있는 분들께 추천드려요",237000
마미케어,메디큐브 부스터프로,메디큐브 에이지알 부스터 프로 미니 핑크 미개봉 새상품,거래중,"90,000원",삼전동,2026-08-16,0,6,138,40.8℃,다음생엔미니멀라이프,뷰티/미용,,,90000
마미케어,메디큐브 부스터프로,메디큐브 부스터 프로 화이트 풀박스,거래중,"200,000원",삼전동,2026-08-16,0,2,82,51.3℃,당근맛집,뷰티/미용,,"메디큐브 부스터 프로 화이트 색상 풀박스 구성이에요
본체와 충전기, 설명서까지 모두 갖춰져 있답니다 
AGE-R 앰플도 함께 보내드려요
피부 탄력과 리프팅에 관심 있는 분들께 추천드려요
앰플은 상자에 있는것은 미개봉 새것이고 
나머진 하나는 70%정도 남아 있습니다

택배거래 가능 합니다 
단순변심 및 정당한 사유 없이 반품불가합니다 
거래 하실분만 챗 부탁합니다 
찔러보기 금지!!
문의만 하실분 사절!!
안녕하세요만 하실분 get out.!!
눈팅만 하고 가세요!! 
최소한의 예의는 지켜주세요!!",200000
마미케어,메디큐브 부스터프로,메디큐브 정품 부스터프로 짱구에디션 새제품 판매,거래중,"320,000원",삼전동,2026-08-20,0,0,34,89℃,광교중앙역2번출구,뷰티/미용,,,320000
마미케어,메디큐브 부스터프로,(미개봉)메디큐브 에이지알 부스터 프로 X2 (핑크/화이트),거래중,"240,000원",삼전동,2026-08-01,11,74,1021,40.5℃,1억,뷰티/미용,,,240000
마미케어,메디큐브 부스터프로,메디큐브 에이지알 부스터 프로 블랙 10회 이하사용,거래중,"130,000원",삼전동,2026-08-15,0,1,48,43.8℃,이사중입,뷰티/미용,,,130000
마미케어,메디큐브 부스터프로,메디큐브 에이지알 부스터프로 X2 미개봉 새제품,거래중,"250,000원",삼전동,2026-06-02,19,80,1123,55.3℃,헤롱,뷰티/미용,,,250000
마미케어,메디큐브 부스터프로,메디큐브 부스터 프로 미니 춘식이 에디션,거래중,"70,000원",삼전동,2026-08-01,0,6,139,39.8℃,꼰대가르송,뷰티/미용,"직거래 : 목동역 8번출구, 이마트24 남부법원점","메디큐브 부스터 프로 미니 춘식이 에디션

프로 사용 중이라 저렴하게 내놓습니다!
실사용은 10회 미만이에요
스티커 붙여져있는데 떼어드릴 수 있습니다!

직거래 : 목동역 8번출구, 이마트24 남부법원점
편의점 반값택배(cu, gs25)
0 ~ 500g : 2,000
500g ~ 1kg : 2,500",70000
마미케어,메디큐브 부스터프로,"메디큐브 에이지알 부스터 프로 미니 , 브이롤러 ,젤 세트",거래중,"100,000원",삼전동,2026-08-29,0,4,,,,,,,100000
마미케어,메디큐브 부스터프로,메디큐브 부스터 프로 핑크 풀박스(초음파 젤 증정),거래중,"130,000원",삼전동,2026-08-01,2,4,178,40.7℃,닉넴뭐로하지이,뷰티/미용,,,130000
마미케어,메디큐브 부스터프로,메디큐브 부스터프로,거래완료,"160,000원",잠실6동,2025-12-06,2,8,441,39.1℃,숑숑,뷰티/미용,직거래 / 택배도 가능합니다,"메디큐브 에이지알 부스터프로 풀박스
충전기만 없고 상태 아주 좋습니다 !

직거래 / 택배도 가능합니다",160000
마미케어,메디큐브 부스터프로,메디큐브 에이지알 부스터 프로 블랙,거래중,"105,000원",삼전동,2026-08-11,0,4,93,38.1℃,근당,뷰티/미용,,"메디큐브 에이지알 부스터 프로 블랙입니다
딱 한번 사용하고 사용안함..필름도 붙어있어요
부지런한분들이 사용해야할듯해요😭
박스는 찾아봐야돼서 본체만 팝니당

c타입 충전이라 원래충전기 사용하시면 됩니당

상태좋은거 싸게득템하세유",105000
마미케어,메디큐브 부스터프로,(미개봉 새제품)메디큐브 에이지알 부스터프로 옐로우,거래중,"170,000원",삼전동,2026-08-01,0,3,42,54.7℃,힝구야,뷰티/미용,,,170000
마미케어,메디큐브 부스터프로,미개봉새상품🌟메디큐브 부스터 프로 미니 플러스 700mAh,거래중,"160,000원",삼전동,2026-08-24,0,0,12,38.8℃,똥꾸빵꾸,뷰티/미용,,,160000
마미케어,메디큐브 부스터프로,메디큐브 에이지알 부스터 프로 (완전새제품),거래중,"160,000원",삼전동,2026-08-18,0,5,57,36.7℃,잡동사니안사니,뷰티/미용,,,160000
마미케어,메디큐브 부스터프로,메디큐브 에이지알 부스터프로 라벤더 퍼플 보라색 패키지,거래중,"210,000원",삼전동,2026-08-18,0,2,83,36.8℃,안녕하세오,뷰티/미용,,,210000
마미케어,메디큐브 부스터프로,메디큐브 AGE-R 에이지알 부스터 프로 블랙 풀박스,거래중,"90,000원",삼전동,2026-08-01,0,18,,,,,,,90000
마미케어,메디큐브 부스터프로,[새상품] 메디큐브 에이지알 부스터프로X2 조앤프렌즈 에디션,거래중,"279,000원",삼전동,2026-08-31,0,3,23,52.2℃,메로나,뷰티/미용,,,279000
마미케어,메디큐브 부스터프로,메디큐브 에이지알 부스터 프로 미니 화이트 팔아요,거래중,"50,000원",삼전동,2026-08-01,0,12,236,39.9℃,ppiyo,뷰티/미용,,,50000
마미케어,메디큐브 부스터프로,메디큐브 EMS 부스터 브이롤러 (부스터프로 미니 플러스+브이롤러 헤드),거래중,"90,000원",삼전동,2026-08-14,9,29,173,44.4℃,바다,뷰티/미용,,,90000
마미케어,메디큐브 부스터프로,메디큐브 에이지알 부스터 프로 미니 플러스 베이지(미개봉 새상퓸),거래중,"90,000원",삼전동,2026-08-01,0,12,,,,,,,90000
마미케어,메디큐브 부스터프로,메디큐브 부스터프로 미개봉 새상품 (헤드캡포함),거래중,"266,000원",삼전동,2026-06-02,0,1,92,58.7℃,루쨩,뷰티/미용,,,266000
마미케어,메디큐브 부스터프로,메디큐브 에이지알 부스터프로 X2 화이트 미개봉 새제품,거래중,"265,000원",삼전동,2026-06-02,2,20,,,,,,,265000
마미케어,메디큐브 부스터프로,메디큐브 AGR 부스터프로 블랙 새상품💖,거래중,"162,000원",삼전동,2025-08-31,7,20,617,65.3℃,감자말고당근,뷰티/미용,,"미개봉🖤
메디큐브 에이지알 부스터 프로 새상품입니다
추석 선물 가능 👍🏻
비닐 안뜯음

- 모델명: MEDICUBE AGE-R BOOSTER PRO

- 색상: 블랙
- 무게: 155g

김희선 홈케어로 유명한 제품입니다.
공홈 할인가 33만원

✔️모든 지역 택배 가능

✔️교환X, 환불 X",162000
마미케어,메디큐브 부스터프로,메디큐브 에이지알 부스터프로 블랙,거래중,"136,000원",삼전동,2026-07-02,1,6,112,50.3℃,위니,뷰티/미용,,"메디큐브 에이지알 부스터프로 블랙 판매해요
구성품은 본체, 충전 케이블, 설명서 모두 있어요
2025년 08월 제조, 26년 2월에 받았는데
테스트후 거의 사용하지 않았습니다(5회 미만)",136000
마미케어,메디큐브 부스터프로,메디큐브 age-r 부스터 프로 미니플러스 새것,거래중,"89,900원",삼전동,2026-08-01,0,6,94,68.4℃,검정냥,뷰티/미용,,,89900
마미케어,메디큐브 부스터프로,최신상품 메디큐브 에이지알 부스터 프로X2,거래중,"249,000원",삼전동,2026-08-22,1,14,162,44℃,ksh3352,뷰티/미용,,,249000
마미케어,메디큐브 부스터프로,메디큐브 AGE-R 부스터 프로,거래중,"120,000원",삼전동,2026-05-03,0,9,141,39.2℃,dkdndjdj2,뷰티/미용,,"메디큐브 AGE-R 부스터 프로 블랙 색상이에요
본체와 설명서, 케이블이 포함되어 있어요
사진에서 보이는 구성품 그대로 보내드려요
피부 탄력과 리프팅에 관심 있는 분들께 추천드려요
상태 좋습니다",120000
마미케어,메디큐브 부스터프로,(미개봉)메디큐브 부스터프로/1년 무상AS,거래중,"179,000원",삼전동,2026-07-02,3,25,439,36.5℃,띠이,뷰티/미용,,,179000
마미케어,메디큐브 부스터프로,메디큐브 에이지알 부스터 프로 미니 핑크,거래중,"75,000원",삼전동,2026-08-01,0,12,163,42.1℃,Ekdrmsakzpt,뷰티/미용,,"메디큐브 에이지알 부스터 프로 미니 핑크 
정가 12,9000원

선물 받았는데 안써서 팝니다 미개봉 새상품",75000
마미케어,메디큐브 부스터프로,메디큐브 에이지알 부스터 프로 핑크,거래중,"128,000원",삼전동,2026-08-01,0,4,112,40.3℃,빠삐코,뷰티/미용,,"메디큐브 에이지알 부스터 프로 핑크입니다.
본품, 박스, 충전기 다 새거처럼 그대로 드려요",128000
마미케어,메디큐브 부스터프로,메디큐브 에이지알 부스터프로 마이멜로디 에디션,거래중,"200,000원",삼전동,2026-08-09,0,4,76,38.1℃,XD,뷰티/미용,,,200000
마미케어,메디큐브 부스터프로,메디큐브 에이지알 부스터 프로 미니 클렌저 세트,거래중,"86,000원",삼전동,2026-08-01,1,5,94,38.5℃,네고가능합니다,뷰티/미용,,,86000
마미케어,메디큐브 부스터프로,메디큐브 에이지알 부스터프로 블랙( 미개봉 ),거래중,"200,000원",삼전동,2026-08-01,1,6,107,37℃,당근합시다람쥐,뷰티/미용,,,200000
마미케어,메디큐브 부스터프로,메디큐브 에이지알 부스터 프로,거래중,"120,000원",삼전동,2026-08-01,1,8,171,47.1℃,아차산날다람쥐,뷰티/미용,인덕원 센트럴자이 직거래 선호합니다~,"피부 탄력과 리프팅에 도움을 주는 메디큐브 에이지알 부스터 프로에요
임신확인해서 뷰티기기 처분해요
(임산부 사용 권장 안하니 참고허세요!)

본체와 충전기, 설명서까지 모두 갖춰져 있어요

피부 고민 있으신 분들께 추천드려요

인덕원 센트럴자이 직거래 선호합니다~
택배거래 가능해요~
(편의점 반값택배 2500, 일반택배 4000)
환불, 찔러보기X 무지성 네고X",120000
마미케어,메디큐브 부스터프로,메디큐브 에이지알 부스터 프로 블랙 새상품,거래중,"220,000원",삼전동,2026-08-05,0,1,59,49.1℃,인동,뷰티/미용,,,220000
마미케어,메디큐브 부스터프로,메디큐브 AGE-R 부스터 프로 블랙,거래중,"160,000원",삼전동,2026-03-04,2,2,214,41.9℃,바니바니,뷰티/미용,,"메디큐브 AGE-R 부스터 프로 블랙
풀박스 구성품 모두 있습니다
잘 안쓰기도 하고 다른 기기를 선물 받아 판매합니다

-피부 속 탄력, 모공, 피부결, 윤기, 진피 치밀도, 톤, 각질 개선에 도움을 줄 수 있습니다
-피부 컨디션에 따라 5가지 모드 사용 가능합니다",160000
마미케어,메디큐브 부스터프로,메디큐브 AGE-R 부스터 프로 짱구 에디션(새상품),거래중,"190,000원",삼전동,2026-08-28,0,3,36,49.9℃,나풋,,,,190000
마미케어,메디큐브 부스터프로,메디큐브 에이지알 부스터프로 X2 핑크,거래중,"280,000원",삼전동,2026-08-12,0,6,181,51.9℃,당근당근,뷰티/미용,,"메디큐브 에이지알 부스터프로 ×2 핑크입니다
26년 4월에 구매 후 3번정도밖에 사용안했어요
제가 보기엔 기스없고 구성품 다 있어요
마스크팩도 같이 드릴게요 10개중에 1개 사용해서 9개있습니다",280000
마미케어,메디큐브 부스터프로,메디큐브 에이지알 EMS 브이롤러& 부스터 프로 미니 플러스,거래중,"100,000원",삼전동,2026-07-02,2,18,260,37.5℃,김그린,뷰티/미용,,,100000
마미케어,메디큐브 부스터프로,메디큐브 AGE-R 부스터 프로 블랙 + 세럼 2개,거래중,"100,000원",삼전동,2026-07-02,1,9,129,89.4℃,페어,뷰티/미용,,,100000
마미케어,메디큐브 부스터프로,메디큐브 부스터 프로 미니 화이트,거래중,"50,000원",삼전동,2026-08-15,0,5,102,42.4℃,dywjd,뷰티/미용,,"메디큐브 부스터 프로 미니 화이트 색상이에요
피부 관리에 관심 있는 분들께 추천드려요

실사용 몇번 안되고 귀찮아서 방치해뒀었어요
사용 할 때마다 소독티슈 사용했고 저는 다른모델로 갈아타서 판매합니당

상자랑은 없고 단품이에요☺️
쿨거시 택포
구매 후 교환환불 불가
문의사항 없으시면 바로구매해주세용",50000
마미케어,메디큐브 부스터프로,정품) 메디큐브 AGE-R 부스터 프로 블랙 풀박스,거래중,"100,000원",삼전동,2026-08-04,0,8,101,36.7℃,참새빛,뷰티/미용,,,100000
마미케어,메디큐브 부스터프로,메디큐브 에이지알 부스터프로,거래중,"190,000원",삼전동,2026-04-03,1,3,116,41℃,옷무덤,뷰티/미용,,"혹해서 샀는데 잘 안써서 판매합니다
오히려 30대 중후반 정도 부터 효과도 많이 보고 잘쓰일거 같아요
메디큐브 소독 티슈로 닦아뒀습니다",190000
마미케어,메디큐브 부스터프로,메디큐브 에이지알 부스터 프로 미니 플러스 브이롤러 세트,거래중,"105,000원",석촌동,2026-08-01,1,13,184,42℃,냥늉냥,뷰티/미용,,,105000
마미케어,메디큐브 부스터프로,메디큐브 부스터 프로 미니 플러스 새상품,거래중,"85,000원",석촌동,2026-08-21,1,4,64,84.1℃,박부자라오,뷰티/미용,,"성수동에서 구매했어요 
올리브영에서 구매했구요 정품 미개봉 상품 
입니다 비닐 안뜯은 새거에요
세비타비겔과 여드름 비타민겔을 같이 드릴께요
아이가 상담받고 구매했는데 필요가없어서
환불하러가려니 너무 멀어서 올려봅니다
구매처 성수동 올리브영약국 , 2026 8월구매
게시글사진을 잘 보시구 구매부탁드려요
성인이 사용해도 좋지만, 청소년기 여드름
피부고민일때 사용해도 좋은 제품 입니다~
저렴하게 판매하오니,네고문의는 삼가해주세요",85000
마미케어,메디큐브 부스터프로,메디큐브 에이지알 부스터 프로 미니 플러스 젤 세트,거래중,"133,000원",석촌동,2026-08-24,0,0,14,42.9℃,알뜰당근,뷰티/미용,,,133000
마미케어,메디큐브 부스터프로,메디큐브 에이지알 부스터 프로 미니 화이트,거래중,"60,000원",석촌동,2026-08-01,1,25,272,38.2℃,아이에애야여요우으이,뷰티/미용,,,60000
마미케어,메디큐브 부스터프로,메디큐브 에이지알 부스터프로 핑크 풀박스,거래중,"150,000원",석촌동,2026-05-03,0,11,249,52.7℃,솜이,뷰티/미용,,,150000
마미케어,메디큐브 부스터프로,메디큐브 부스터프로,거래완료,"180,000원",잠실본동,2025-09-02,3,8,233,54.8℃,봄봄,뷰티/미용,문고리거래 레이크팰리스,"노란색 에디션으류 나온 제품이에요

촬영용으로 구매해서 딱 한번 사용했어요

되게 좋긴 한데 제가 게을러서..

박스 없어서 저렴히 내놔요

문고리거래 레이크팰리스",180000
마미케어,메디큐브 부스터프로,(거의새상품)메디큐브 에이지알 부스터 프로 핑크,거래중,"180,000원",석촌동,2026-08-05,0,2,119,44.5℃,다아앙그은,뷰티/미용,,,180000
마미케어,메디큐브 부스터프로,메디큐브 AGE-R 부스터 프로 쿠로미 에디션,거래중,"180,000원",석촌동,2026-08-01,0,6,130,41.2℃,동동이,뷰티/미용,,,180000
마미케어,메디큐브 부스터프로,(신제품) 메디큐브 부스터 프로,거래중,"180,000원",석촌동,2026-08-01,1,9,210,37.6℃,윈윈원원,뷰티/미용,직거래，택배/반값택배 모두 가능합니다.,"완전 새상품 미개봉입니다.
정품 인증 스티커 및 미개봉 씰 그대로 다 붙어있습니다. (사진 참고)
필요하신 분께 저렴하게 빠르게 처분합니다.
직거래，택배/반값택배 모두 가능합니다.
쿨거래 환영합니다. 편하게 채팅 주세요!",180000
마미케어,메디큐브 부스터프로,메디큐브 에이지알 부스터 프로,거래완료,"100,000원",거여2동,2026-05-04,2,5,70,92.3℃,창가에서,뷰티/미용,,"메디큐브 에이지알 부스터 프로 블랙이에요
피부미용기기로 집에서 간편하게 홈케어 하실 수 있어요
다양한 모드로 피부 고민에 맞춰 사용 가능해요
매끈하고 탄력있는 피부를 원하시는 분들께 추천드려요
24년3월 생산일",100000
마미케어,메디큐브 부스터프로,메디큐브 에이지알 (새상품)부스터프로 쿠로미 에디션,거래중,"195,000원",석촌동,2026-08-01,1,16,122,43.3℃,보리맘,뷰티/미용,,,195000
마미케어,메디큐브 부스터프로,(미개봉 새제품)메디큐브 에이지알 부스터 프로 블랙,거래중,"170,000원",석촌동,2026-08-01,0,3,50,54.7℃,힝구야,뷰티/미용,,,170000
마미케어,메디큐브 부스터프로,메디큐브 에이지알 부스터프로 마이멜로디,거래중,"170,000원",석촌동,2026-08-11,0,7,80,38.4℃,이사중,뷰티/미용,,,170000
마미케어,메디큐브 부스터프로,메디큐브 에이지알 부스터 프로 EMS 뷰티 디바이스,거래중,"100,000원",석촌동,2026-08-01,2,1,88,36.5℃,마을빵,뷰티/미용,,,100000
마미케어,메디큐브 부스터프로,메디큐브 에이지알 부스터 프로 X2 핑크,거래중,"280,000원",석촌동,2026-08-19,0,5,155,51.8℃,샤샤,뷰티/미용,,"메디큐브 에이지알 부스터 프로 X2 핑크 색상이에요
구성품은 본체와 파우치입니다
사진에서 보이는 것처럼 깔끔한 상태를 유지하고 있어요
새로나온 신상이라 기능도 좋고 피부 탄력과 리프팅에 관심 있는 분들께 추천드려요

실사용 5회정도됩니다! 
어플 연동 가능해서 ai로 맞춤설계도 해줘요

제 자신에게 주는 출산 선물로 할부로 사서 아직도 할부 내고있는데 아이 키우면서 자주 하기가 쉽지않아서 아까워 판매해요ㅠㅠ

지금 특가인데도 37만원이네요 빨리 할부 처리하고자 싸게 내놔요! 구매한지 한달됐습니당",280000
마미케어,메디큐브 부스터프로,메디큐브 부스터프로 미개봉 새제품 글루타치온 글로우 세럼,거래중,"230,000원",석촌동,2026-08-01,0,3,57,79.3℃,우리집정리중,뷰티/미용,,,230000
마미케어,메디큐브 부스터프로,메디큐브 부스터 프로 X2 조앤프렌즈 에디션,거래중,"310,000원",석촌동,2026-08-23,0,8,82,37.6℃,피부꿀단지,뷰티/미용,,,310000
마미케어,메디큐브 부스터프로,메디큐브 에이지알 부스터 프로 블랙,거래중,"129,000원",석촌동,2026-07-02,0,5,114,77.6℃,우수빠빠빠,뷰티/미용,,"메디큐브 에이지알 부스터 프로는 6가지 토탈 케어가 가능한 뷰티 디바이스입니다.
광채, 탄력, 볼륨, 모공, LED, 진동 케어를 단 하나의 기기로 경험할 수 있어요.
소닉 바이브레이션과 5가지 컬러 LED 기능으로 피부를 관리할 수 있습니다.
새 제품 가격은 203,900원입니다.
테스트만 했어요
구매후 교환이나 반품x",129000
마미케어,메디큐브 부스터프로,메디큐브 에이지알 부스터 프로 미니 핑크,거래중,"133,000원",석촌동,2026-08-11,0,1,37,37.2℃,나온,뷰티/미용,,"메디큐브 에이지알 부스터 프로 미니 핑크 색상이에요
구성품은 본체와 설명서+ 세럼 2박스+ PDRN 겔 드려요
26년2월 제조 6월에 구매했고 한번 사용했습니다.
(겔 매우 깨끗으로 알 수 있어요 ㅎ)

쿨거시 네고 가능합니당 돈이 급해서여",133000
마미케어,메디큐브 부스터프로,메디큐브 에이지알 부스터 프로 X2 핑크,거래중,"250,000원",방이1동,2026-09-01,0,3,16,37.9℃,온이님,뷰티/미용,,"메디큐브 에이지알 부스터 프로 X2 핑크색상입니다
본품과 함께 쿨링 마스크 4매와 핑크 파우치가 구성품으로 포함되어 있어요(설명서 충전기 포함)
사진에서 보시는 것처럼 깔끔한 상태를 유지하고 있습니다",250000
마미케어,메디큐브 부스터프로,메디큐브 부스터프로 미니 춘식이 에디션,거래중,"60,000원",석촌동,2026-08-01,0,15,127,38.4℃,수아,뷰티/미용,,"메디큐브 부스터 프로 미니 춘식이 에디션 입니다
본품과 파우치, 충전 케이블, 설명서와 춘식이 스티커까지 드립니다
실사용 한번정도 입니다

반품, 환불 불가입니다",60000
마미케어,메디큐브 부스터프로,메디큐브 부스터프로 미니 짱구 에디션+에이지알 부스터 진동 클렌저,거래중,"130,000원",석촌동,2026-05-03,0,13,400,39℃,찹쌀떡,뷰티/미용,,,130000
마미케어,메디큐브 부스터프로,메디큐브 부스터프로x2(새상품) + 하이포커스샷 플러스(사용횟수5회미만),거래중,"500,000원",석촌동,2026-08-01,3,3,,,,,,,500000
마미케어,메디큐브 부스터프로,메디큐브 에이지알 부스터 프로 미니 💗,거래중,"55,000원",석촌동,2026-07-02,1,7,,,,,,,55000
마미케어,메디큐브 부스터프로,메디큐브 에이지알 부스터 프로 퍼플 미개봉,거래중,"210,000원",석촌동,2026-08-20,0,3,25,48.5℃,rabbit,뷰티/미용,,,210000
마미케어,메디큐브 부스터프로,메디큐브 에이지알 부스터 프로 3종 세트,거래중,"260,000원",석촌동,2026-08-01,1,7,175,37.3℃,방가방가,뷰티/미용,,"메디큐브 에이지알 부스터 프로 3종 세트에요
사진에 보이는 구성 그대로 보내드려요
피부관리기 3가지로 집에서 홈케어하기 좋아요
매끈하고 탄력있는 피부를 원하시는 분들께 추천드려요
실사용 5번 이하로 했어요!
많이 연락주세요!",260000
마미케어,메디큐브 부스터프로,메디큐브 에이지알 부스터프로 레몬베어 에디션,거래중,"175,000원",석촌동,2026-06-02,0,13,195,46℃,쩝쩝,뷰티/미용,,,175000
마미케어,메디큐브 부스터프로,메디큐브 에이지알 부스터프로 & 울트라툰(고주파) 풀박스,거래중,"180,000원",석촌동,2026-07-02,0,4,116,57.3℃,욤욤,,,,180000
마미케어,메디큐브 부스터프로,(미개봉 새상품)메디큐브 에이지알 부스터 프로 화이트,거래중,"162,000원",석촌동,2026-07-02,1,26,281,60.3℃,일사,뷰티/미용,,,162000
마미케어,메디큐브 부스터프로,메디큐브 에이지알 부스터 프로 옐로우 풀박스,거래중,"200,000원",석촌동,2026-08-25,0,0,10,38.4℃,슈가,뷰티/미용,,,200000
마미케어,메디큐브 부스터프로,메디큐브 에이지알 부스터 프로 -[25년 2월 구매],거래중,"70,000원",석촌동,2026-08-31,1,14,206,37.4℃,오픈엔디드,뷰티/미용,,,70000
마미케어,메디큐브 부스터프로,메디큐브 에이지알 부스터 프로 헬로키티 에디션,거래중,"220,000원",송파1동,2026-07-03,2,36,499,38.6℃,라라,뷰티/미용,,,220000
마미케어,메디큐브 부스터프로,메디큐브 에이지알 부스터프로 블랙 + 보관함,거래중,"80,000원",송파1동,2026-09-01,1,4,,,,,,,80000
마미케어,메디큐브 부스터프로,메디큐브 에이지알 부스터 프로 블랙 24년,거래중,"87,000원",송파1동,2026-08-02,1,17,442,41.8℃,감자,뷰티/미용,,"본품만 있어요
사용많이안했어요
24년 4월 제조년월",87000
마미케어,메디큐브 부스터프로,정품 메디큐브 에이지알 부스터 프로 블랙,거래중,"110,000원",송파1동,2026-09-01,0,1,26,37.6℃,토리토리,뷰티/미용,,"메디큐브 에이지알 부스터 프로 블랙 색상입니다
본체랑 충전 케이블, 사용 설명서 같이 있습니다 
구매 후 귀찮아서 몇번 사용안했습니다
상태좋습니다!",110000
마미케어,메디큐브 부스터프로,메디큐브 에이지알 부스터 프로 X2 화이트 풀박스 송파,거래중,"240,000원",석촌동,2026-08-23,0,10,124,41.7℃,Ktw,뷰티/미용,,,240000
마미케어,메디큐브 부스터프로,한정판 메디큐브 부스터프로 미니 마이멜로디 에디션 송파,거래중,"60,000원",석촌동,2026-07-03,2,28,275,35.6℃,덤존나많이쥬는사람,뷰티/미용,,,60000
마미케어,메디큐브 부스터프로,에이지알 메디큐브 부스터 프로 핑크 송파,거래중,"100,000원",삼전동,2026-05-04,3,10,388,37.8℃,눙물,뷰티/미용,직거래 및 택배 가능해요!,"총 2회 사용했고 손이 잘 안 가서 올립니다

두번째 사진 보시면 가운데 금이 가있는데 사용하는데에 아무 문제 없습니다
그래도 하자가 있어 가격 낮춰서 올려요

박스는 구매하자마자 버려서 없고 기기만 있습니다

직거래 및 택배 가능해요!",100000
마미케어,메디큐브 부스터프로,메디큐브 부스터프로 미니 춘식이 에디션,거래중,"40,000원",송파1동,2026-06-03,1,23,322,42.2℃,요닝,뷰티/미용,,"메디큐브 부스터프로미니 춘식이 에디션입니다!
기기에 춘식이 스티커로 꾸몄습니다 🤩
상태 깨끗해요~!",40000
마미케어,메디큐브 부스터프로,[새기계급]메디큐브 에이지알 부스터 프로 핑크,거래중,"123,000원",송파1동,2026-08-08,2,49,543,37.8℃,반닐라,뷰티/미용,,,123000
마미케어,메디큐브 부스터프로,메디큐브 에이지알 부스터 프로,거래완료,"130,000원",위례동,2026-02-04,29,27,634,35.6℃,나나,뷰티/미용,,,130000
마미케어,메디큐브 부스터프로,《미개봉》메디큐브 부스터프로X2 화이트,거래중,"230,000원",송파1동,2026-08-02,7,80,1042,36.8℃,얍얍,뷰티/미용,,,230000
마미케어,메디큐브 부스터프로,메디큐브 에이지알 부스터프로 [핑크],거래중,"180,000원",송파1동,2026-08-02,0,6,,,,,,,180000
마미케어,메디큐브 부스터프로,메디큐브 부스터프로 미니 화이트,거래중,"48,000원",송파1동,2026-08-20,0,3,136,37℃,쿵쿵,뷰티/미용,,"메디큐브 부스터프로 미니 화이트 판매합니다.
현재 다른 디바이스 사용 중이라서 판매합니다!

부스터프로 미니는 기존 부스터프로에 있는 4가지 기능 중 부스터 모드를 레드/블루 두 가지로 나눈 기기입니다!
​
레드 LED
피부 흔적, 미백케어
​블루 LED
트러블 진정, 피지 조절

2-3초 꾹 누르면 전원이 켜지고
짧게 누르면 단계가 바뀌는데 5단계까지 있어요!
빠르게 두 번 누르면 모드(레드/블루)가 바뀌고
5분 작동 후 알아서 꺼지는데 1분이 지날 때마다 알려주고 피부에 닿을 때만 작동됩니다!!

사용 후에 알콜솜이나 티슈로 잘 닦아 보관하시면 좋습니다!",48000
마미케어,메디큐브 부스터프로,메디큐브 에이지알 부스터 프로 화이트,거래중,"149,000원",송파1동,2026-08-30,0,2,,,,,,,149000
마미케어,메디큐브 부스터프로,풀박스) 메디큐브 에이지알 부스터 프로,거래중,"118,000원",송파1동,2026-07-03,1,2,168,42.7℃,사과마켓,뷰티/미용,,"메디큐브 에이지알 부스터 프로 구성품
(본체+케이스+충전선)
그대로 판매합니다

본체 떨어트린적없고 깨끗하게 사용했는데 led부분에 금이 생겼습니다 구매하실때 참고해주세요

관심있는분들 연락주세요~

(거래 후 반품,환불 요구는 일절 불가합니다)",118000
마미케어,메디큐브 부스터프로,메디큐브 에이지알 부스터 프로 미니 판매합니다,거래중,"68,000원",송파1동,2026-08-02,1,14,114,40.1℃,애플,뷰티/미용,,,68000
마미케어,메디큐브 부스터프로,메디큐브 EMS 부스터 브이롤러 뷰티디바이스 (부스터프로 미니플러스+브이롤러헤드),거래중,"90,000원",송파1동,2026-08-30,0,5,76,25.6℃,델리,,,,90000
마미케어,메디큐브 부스터프로,(미개봉 새제품)메디큐브 에이지알 부스터 프로 블랙,거래중,"160,000원",송파1동,2026-08-18,1,3,37,37℃,탕근,뷰티/미용,,,160000
마미케어,메디큐브 부스터프로,메디큐브 에이지알 부스터 프로 블랙,거래완료,"95,000원",석촌동,2026-06-03,4,37,1674,46.4℃,당당둥두,뷰티/미용,,"메디큐브 에이지알 부스터 프로 블랙 색상이에요
24년 1월 제조 상품이며 잔기스 있습니다
사용하시는데 지장없어요
정상 작동되됨 매번 사용시 잘 닦아주며 사용했습니다
박스는 없습니다 ㅜ",95000
마미케어,메디큐브 부스터프로,(미개봉)메디큐브 에이지알 부스터 프로 블랙 새상품,거래중,"150,000원",송파1동,2026-08-18,0,15,118,37.4℃,비킹,뷰티/미용,,,150000
마미케어,메디큐브 부스터프로,메디큐브 에이지알 부스터 프로 기기 패키지,거래중,"155,000원",송파2동,2026-03-05,1,6,182,49.4℃,지니,뷰티/미용,,,155000
마미케어,메디큐브 부스터프로,메디큐브 에이지알 부스터 프로 미니플러스 스킨부스팅,거래중,"70,000원",송파2동,2026-07-03,4,33,478,36.9℃,둥이,뷰티/미용,,,70000
마미케어,메디큐브 부스터프로,메디큐브 부스터 프로 한정판 헬로키티 에디션,거래중,"185,000원",송파2동,2026-08-02,1,53,460,60.2℃,다온,뷰티/미용,,,185000
마미케어,메디큐브 부스터프로,메디큐브 에이지알 브이롤러 부스터 프로 미니 핑크,거래중,"100,000원",송파2동,2026-09-01,0,1,10,46.5℃,파차파차,뷰티/미용,,,100000
마미케어,메디큐브 부스터프로,메디큐브 에이지알 부스터 프로 미니,거래중,"67,000원",송파2동,2026-07-03,0,7,174,40.4℃,보체리,뷰티/미용,,"메디큐브 에이지알 부스터 프로 미니는 어드바이스 입문용으로 잘맞아요
@2가지 LED가 있는데요,
*RED LED - 화장품 잘스며들게하고, 피부 흔적 / 미백케어
*BLUE LED - 트러블진정/피지조절
매끈하고 건강한 피부를 원하는 분들께 추천드려요.
@ 사용횟수 10회정도입니다.
새로 선물받은게생겨서 내놓습니다.
소독 티슈로 깨끗하게 정리하고 드립니다.

@상자와 본품, 케이블 들어있습니다. 
설명서는 사진참고해주세요",67000
마미케어,메디큐브 부스터프로,메디큐브 에이지알 부스터 프로 옐로우 미개봉,거래중,"160,000원",송파2동,2026-07-03,0,6,116,89.5℃,밀리,뷰티/미용,,,160000
마미케어,메디큐브 부스터프로,메디큐브 에이지알 부스터 프로 (+뚜껑),거래중,"100,000원",송파2동,2026-07-03,0,17,169,40.9℃,kjo,,"직거래, 택배 모두 가능하며 궁금하신 점은 편하게 채팅 주세요! 😊","메디큐브 에이지알 부스터 프로 블랙 판매합니다.

* 사용 횟수가 많지 않아 상태 양호합니다.
* 위생을 위해 별도로 구매한 전용 커버를 씌워 사용했습니다.
* 구성품은 본품만 있습니다. (충전 케이블 및 박스 없음)

구매 후 사용할 일이 거의 없어 보관만 하게 되어 판매합니다.

직거래, 택배 모두 가능하며 궁금하신 점은 편하게 채팅 주세요! 😊",100000
마미케어,메디큐브 부스터프로,메디큐브 에이지알 부스터 프로 미니 핑크,거래중,"65,000원",송파2동,2026-08-18,0,4,112,49.4℃,둥아,뷰티/미용,🥕거래는 문고리 거래만 가능합니다(선입금 후 주소 알려드려요),"메디큐브 에이지알 부스터 프로 미니 핑크 색상이에요
피부 관리에 도움을 주는 제품으로, 집에서 간편하게 사용하기 좋아요

구성품은 사진에 보이는 본품만 있어요 박스X

1번 사용했습니다

충전 C타입

🥕에눌 가격제안 안 받아요

🥕거래는 문고리 거래만 가능합니다(선입금 후 주소 알려드려요)

🥕중고 상품이니 환불 안 됩니다. 예민하신 분들 피해주세요 신중히 구매 부탁드려요",65000
마미케어,메디큐브 부스터프로,[미개봉 새상품]메디큐브 에이지알 부스터 프로 미니 플러스 짱구 에디션,거래중,"80,000원",송파2동,2026-08-27,0,9,,,,,,,80000
마미케어,메디큐브 부스터프로,메디큐브 에이지알 부스터프로X2 조앤프렌즈 에디션 뷰티디바이스,거래중,"280,000원",송파2동,2026-08-26,0,6,139,51.3℃,돌콩,뷰티/미용,,,280000
마미케어,메디큐브 부스터프로,메디큐브 에이지알 부스터 프로x2,거래중,"330,000원",송파2동,2026-08-02,0,0,91,39℃,베이킹,뷰티/미용,,"2번사용
손이안가서올려요
풀박",330000
마미케어,메디큐브 부스터프로,메디큐브 부스터프로 판매합니다.,거래중,"110,000원",송파2동,2026-03-05,3,13,393,40.5℃,쁘니요미,뷰티/미용,,"피부관리에 진심인 요즘 다들 메디큐브 제품들은 유명한걸로 모두 아실꺼예요~!!
메디큐브 에이지알 부스터 프로  풀박스입니다. 피부 속 콜라겐, 탄력, 광채, 볼륨, 진피 치밀도 개선에 도움을 줍니다. 피부결 개선, 모공 면적 감소, 피부톤 개선에 효과적입니다. 자세한건 해당 상품 검색 해보시면 알 수 있어요!!

사용방법은 에이지알 이라는 어플을 다운로드 받으시고 블루트스로 폰으로 연결 하시면  어플로도 단계 및 모드를 설정하여 원하시는 모드로 사용 가능하고, 소음도 조절도 가능하며 어플로 전후 사진를 등록 하면서 달라지는 모습도 실제로 확인 하실수도 있어요☺️

어머니가 쓰시던 제품인데 10번 이내 정도 밖에 사용 안했습니다. 공홈에서도 특가로 349000원에 판매하는 가격대 있는 제품이며 아깝지만 사정상 내놓습니다😭

문의사항이나 궁금하신거 구매원하시는분들는 언제든지 연락주세요🤭
거래는 비대면 문앞 거래입니다🙂",110000
마미케어,메디큐브 부스터프로,메디큐브 에이지알 부스터 프로 블랙,거래중,"210,000원",송파2동,2026-08-23,0,0,19,38.5℃,해피맘,뷰티/미용,,"메디큐브 에이지알 부스터 프로 블랙 색상입니다 349,000원에 구입
본체와 충전 케이블, 사용 설명서가 포함되어 있어요
피부 탄력, 모공, 리프팅 등 다양한 케어가 가능한 제품이에요
피부과 시술 효과를 집에서 간편하게 경험하고 싶으신 분들께 추천드려요
실사용 2회로 사용감 적어요 ",210000
마미케어,메디큐브 부스터프로,미개봉 메디큐브 에이지알 부스터 프로 옐로우,거래중,"150,000원",송파2동,2026-07-03,0,11,167,38.7℃,공부하는주부,뷰티/미용,,,150000
마미케어,메디큐브 부스터프로,메디큐브 에이지알 부스터 프로 블랙(커버 캡 포함),거래중,"100,000원",송파동,2026-07-03,1,18,,,,,,,100000
마미케어,메디큐브 부스터프로,메디큐브 짱구 에디션 부스터 프로 미니,거래중,"50,000원",송파동,2026-08-29,0,17,,,,,,,50000
마미케어,메디큐브 부스터프로,메디큐브 에이지알 부스터 프로 X2 핑크 새제품,거래중,"240,000원",송파동,2026-08-30,1,10,125,42.1℃,pinkpong,뷰티/미용,,,240000
마미케어,메디큐브 부스터프로,메디큐브 부스터프로 미니 핑크색,거래중,"42,000원",송파동,2026-08-25,0,9,,,,,,,42000
마미케어,메디큐브 부스터프로,메디큐브 부스터 프로 미니 화이트,거래중,"70,000원",송파동,2026-08-28,0,0,28,38.5℃,당근여사,뷰티/미용,,"메디큐브 부스터 프로 미니 화이트 색상 제품이에요
구성품은 본체와 충전 케이블, 파우치가 포함되어 있어요
사진에서 보이는 것처럼 깔끔한 상태의 제품입니다
피부 관리에 관심 있는 분들께 추천드려요",70000
마미케어,메디큐브 부스터프로,메디큐브 에이지알 부스터 프로 미니 화이트,거래중,"47,000원",송파동,2026-07-03,2,34,395,51.3℃,잰잰,뷰티/미용,,,47000
마미케어,메디큐브 부스터프로,메디큐브 헬로키티 에디션 부스터 프로,거래완료,"150,000원",문정2동,2026-05-04,5,11,300,39.8℃,마리슈,뷰티/미용,,"사용 5회미만
윤곽수술하게되어 당분간사용못해서 처분합니당..",150000
마미케어,메디큐브 부스터프로,메디큐브 AGE-R 부스터 프로,거래중,"170,000원",송파동,2025-09-01,1,5,162,51.4℃,나나,뷰티/미용,,"메디큐브 AGE-R 부스터 프로
박스도 개봉하지않은 미개봉 새상품입니다!
기존에 쓰는게있어 판매합니다~
새상품그대로 저렴하게 가져가세요^^",170000
마미케어,메디큐브 부스터프로,메디큐브 에이지알 부스터 프로 블랙(미개봉),거래중,"171,000원",송파동,2026-08-02,0,2,36,38.5℃,우왕,뷰티/미용,,,171000
마미케어,메디큐브 부스터프로,메디큐브 에이지알 부스터프로(미개봉) 본사정품,거래중,"180,000원",송파동,2026-06-03,2,27,421,63.5℃,반짝반짝,뷰티/미용,,,180000
마미케어,메디큐브 부스터프로,메디큐브 에이지알 부스터 프로 미니 핑크,거래중,"55,000원",송파동,2026-08-02,1,11,124,38.3℃,마시멜로냠냠,뷰티/미용,,"다른 기기 가지고 있는 게 있어서 판매합니다
풀박스",55000
마미케어,메디큐브 부스터프로,메디큐브 에이지알 부스터 프로 X2 핑크/화이트,거래중,"260,000원",송파동,2026-08-02,2,12,221,36.6℃,한이,뷰티/미용,,,260000
마미케어,메디큐브 부스터프로,[에이지알] 부스터 프로 미니 춘식이 에디션 메디큐브,거래중,"68,000원",송파동,2026-05-04,0,7,,,,,,,68000
마미케어,메디큐브 부스터프로,미개봉) 메디큐브 부스터 프로 퍼플,거래중,"160,000원",송파동,2026-08-03,2,35,,,,,,,160000
마미케어,메디큐브 부스터프로,메디큐브 에이지알 부스터 프로 옐로우,거래중,"220,000원",송파동,2026-06-03,0,3,126,42.8℃,쩐쩐쩐,뷰티/미용,,"메디큐브 공홈에서 구매한 정품입니다
실제 사용 한번 했습니다(귀찮아서 안쓰게 되더라구요)
올해 4월에 구매했고 제조일은 25년 3월입니다

공홈에서 받은 구성품 그대로 다 있습니다",220000
마미케어,메디큐브 부스터프로,(미개봉 급처)메디큐브 에이지알 부스터 프로 미니 플러스 + 브이롤러 세트 핑크,거래중,"110,000원",송파동,2026-08-23,1,14,124,36.7℃,seven12356,뷰티/미용,,,110000
마미케어,메디큐브 부스터프로,메디큐브 장원영 부스터프로 X2 핑크 풀박스,거래중,"280,000원",송파동,2026-07-03,3,24,,,,,,,280000
마미케어,메디큐브 부스터프로,(미개봉)메디큐브 에이지알 부스터프로X2 핑크,거래중,"255,000원",송파동,2026-08-08,1,35,367,45.9℃,오하라,뷰티/미용,,,255000
마미케어,메디큐브 부스터프로,메디큐브 에이지알 부스터 프로 미니 플러스 짱구 에디션 미개봉 상품 판매합니다!,거래중,"90,000원",송파동,2026-08-08,0,2,64,51.7℃,몰라동,뷰티/미용,,,90000
마미케어,메디큐브 부스터프로,메디큐브 에이지알 부스터 프로 X2 핑크,거래중,"253,000원",송파동,2026-08-12,0,6,201,37.2℃,채채,뷰티/미용,,"메디큐브 에이지알 부스터 프로 X2 핑크 색상입니다
본체와 설명서가 포함되어 있어요 피부과 안다니고 홈 케어 할려고 샀는데 손이 잘 안가서 팝니다 사용은 3-4번 하였고 기스 하나 없는 거의 새거 처럼 보여요 관심 있으신분 문의 주세요",253000
마미케어,메디큐브 부스터프로,메디큐브 에이지알 부스터 프로 화이트 풀박스(2회사용),거래중,"150,000원",송파동,2026-08-02,0,2,,,,,,,150000
마미케어,메디큐브 부스터프로,마지막으로 가격 내려요‼️‼️ 메디큐브 에이지알 부스터 프로 & 울트라튠 40.68 일괄 판매합니다.,거래중,"130,000원",송파동,2026-08-17,2,10,163,36.5℃,아이,,,,130000
마미케어,메디큐브 부스터프로,메디큐브 에이지알 부스터 프로 마이멜로디 에디션,거래중,"275,000원",송파동,2026-08-13,0,4,,,,,,,275000
마미케어,메디큐브 부스터프로,부스터프로 짱구에디션 미개봉 새상품 판매,거래중,"260,000원",송파동,2026-08-28,0,0,15,37.1℃,쮸빠쮸,뷰티/미용,,,260000
마미케어,메디큐브 부스터프로,메디큐브 에이지알 부스터 프로 짱구 에디션 풀박스 + 바이오던스 팩 증정,거래중,"160,000원",신천동,2026-06-03,2,15,,,,,,,160000
마미케어,메디큐브 부스터프로,메디큐브 에이지알 부스터 프로x2 화이트,거래중,"230,000원",신천동,2026-08-12,0,10,216,38.2℃,kong,뷰티/미용,,"거의 세제품입니다

접촉면 기스 전혀 없이 깨끗하고,
기능 문제 전혀없고,
(+소독 완료되어있습니다)

박스 구성품 그대로 있고
구매하시면 저렇게 깔끔하게 드려용",230000
마미케어,메디큐브 부스터프로,마이멜로디 메디큐브 에이지알 부스터 프로 미니+케이블+크림 드려요~!,거래중,"50,000원",신천동,2026-08-24,0,37,341,38.5℃,당유애,뷰티/미용,,,50000
마미케어,메디큐브 부스터프로,메디큐브 에이지알 부스터프로 미니 플러스 짱구 에디션 + 파우치,거래중,"77,000원",신천동,2026-07-03,0,9,,,,,,,77000
마미케어,메디큐브 부스터프로,메디큐브 에이지알 부스터 프로 헬로키티 에디션,거래중,"250,000원",신천동,2026-05-04,1,27,,,,,,,250000
마미케어,메디큐브 부스터프로,메디큐브 AGE-R 부스터 프로 풀세트,거래중,"110,000원",신천동,2026-08-02,0,5,100,46.3℃,모아뮤아,뷰티/미용,,"메디큐브 AGE-R 부스터 프로 풀세트 판매해요
구성품 모두 포함되어 있고, 사진에서 확인 가능해요
새 제품 가격은 비싸지만, 이 제품은 합리적인 가격으로 만나보실 수 있어요
피부 관리에 관심 있는 분들께 추천드려요

가격 제안 받습니다 :)",110000
마미케어,메디큐브 부스터프로,메디큐브 에이지알 부스터프로 마이멜로디,거래중,"300,000원",신천동,2026-08-02,0,5,,,,,,,300000
마미케어,메디큐브 부스터프로,메디큐브 부스터 프로 뷰티디바이스 블랙,거래중,"143,000원",신천동,2026-08-02,0,0,40,44.3℃,집에짐이너무많아,뷰티/미용,,,143000
마미케어,메디큐브 부스터프로,메디큐브 에이지알 부스터 프로 미니 + PDRN세럼 <새제품>,거래중,"67,000원",오금동,2026-08-15,3,8,117,37.8℃,쥬라기,,,,67000
마미케어,메디큐브 부스터프로,(메디큐브/19만원/풀구성) 에이지알 부스터 프로 뷰티 디바이스,거래중,"120,000원",오금동,2026-08-02,0,4,48,61.8℃,구르미,,,,120000
마미케어,메디큐브 부스터프로,메디큐브 AGE-R 부스터 프로 블랙,거래중,"133,000원",오금동,2026-08-02,1,1,,,,,,,133000
마미케어,메디큐브 부스터프로,메디큐브 에이지알 부스터 프로 X2 화이트,거래중,"250,000원",오금동,2026-08-06,0,16,195,37.2℃,티끌모아티끌,뷰티/미용,,"메디큐브 에이지알 부스터 프로 X2 화이트 판매해요
구성품은 본체, 충전기, 설명서 모두 포함되어 있어요
사진에서 보시는 것처럼 깔끔한 상태의 제품입니다
피부 탄력과 모공,윤기를 개선하고 싶으신 분들께 추천드려요

농사 도와드리느라 사용할 시간이 없어 판매합니다
구매하시면 기기 전용 겔(1회 사용) , 보관 파우치 같이 드려요

26/07/23 구매",250000
마미케어,메디큐브 부스터프로,메디큐브 에이지알 부스터 프로 풀박스,거래완료,"140,000원",문정동,2025-09-01,4,3,207,47.3℃,망고마냐냐,뷰티/미용,장지역에서 직거래 원합니다.,"새로운 관리기를 선물 받았는데 기능이 겹쳐서 당근해요~

제가 부지런하지 않아서 많이 쓰진 않았지만
사용하면서 효과 봤구요
한 거랑 안 한 거랑 정말 다른.. 탄력모드는 바로 차이가 나요~
무게도 가볍고 핸들링이 쉬워요~

작년 봄 구매 당시 337,000원이었구요
제조년월 사진에 있습니다.
풀박스에요.
박스, 설명서, 충전 케이블 모두 포함되어 있습니다


장지역에서 직거래 원합니다.",140000
마미케어,메디큐브 부스터프로,메디큐브 에이지알 부스터 프로 블랙 풀박스,거래중,"150,000원",오금동,2026-08-09,0,3,47,36.9℃,하이츄,뷰티/미용,,,150000
마미케어,메디큐브 부스터프로,메디큐브 부스터프로 미니 춘식이 에디션,거래중,"50,000원",오금동,2026-08-02,0,4,73,36.8℃,담백한사탕,뷰티/미용,,"메디큐브 부스터 프로 미니 춘식이 에디션이에요
구성품은 사진에 보이는 본품과 파우치입니다
카카오프렌즈 춘식이 캐릭터가 그려져 있어 귀여워요
피부 관리에 관심 있는 분들께 추천드려요",50000
마미케어,메디큐브 부스터프로,메디큐브 에이지알 부스터 프로 미니,거래중,"45,000원",오금동,2026-09-01,0,2,11,38.8℃,파라요,뷰티/미용,,"메디큐브 에이지알 부스터 프로 미니

카카오프렌즈 에디션(춘식이) + 파우치

박스만 뜯고 안써서 판매합니다

정상작동됩니다",45000
마미케어,메디큐브 부스터프로,마이멜로디 메디큐브 부스터 프로 핑크 송파,거래중,"150,000원",오금동,2026-09-01,0,1,10,42.6℃,k9703,뷰티/미용,▪️직거래는 불가능합니다.,"메디큐브 에이지알 부스터 프로 핑크 구성이에요
구성품은 사진에 나와있는건들만 보관중이에요
2025년 7월 제조 상품으로 사용하기 좋아요
피부 관리 효과를 높여주는 뷰티 디바이스를 찾으시는 분들께 추천드려요
한두번 사용하고 보관만한 상품이긴한데 상품 상태 확인하시고 구매 부탁드려요

▪️직거래는 불가능합니다.
▪️편의점 택배(4,000원) / 반값택배(2,000원) 가능합니다.
▪️별도 문의 없으시면 바로 안전결제 부탁드려요!
▪️교환환불은 불가능합니다.",150000
마미케어,메디큐브 부스터프로,메디큐브 헬로키티 에디션 부스터 프로,거래중,"162,000원",오금동,2026-08-26,0,14,161,43.2℃,멍돌이,뷰티/미용,,"헬로키티 에디션 부스터 프로에요
구성품은 사진에 보이는 본체와 헬로키티 헤드 커버입니다
피부 관리에 도움을 주는 제품이에요
피부 홈케어를 간편하게 하고 싶으신 분들께 추천드려요",162000
마미케어,메디큐브 부스터프로,[26년 1월 구매]메디큐브 부스터 프로 블랙,거래중,"100,000원",오금동,2026-08-12,4,18,,,,,,,100000
마미케어,메디큐브 부스터프로,메디큐브 에이지알 부스터 프로 블랙 송파,거래중,"170,000원",석촌동,2026-05-04,0,5,91,43.1℃,얄리얄라,뷰티/미용,,"메디큐브 에이지알 부스터 프로 블랙 판매해요
구성품은 본체와 박스입니다
사놓고 귀찮아서 세번인가 쓰고 안써가지고 사진에서 보이는 것처럼 아주 깔끔한 상태에요. 거의 새거나 다름없음..
피부 탄력과 리프팅에 도움을 주는 제품으로 홈케어하기 좋아요",170000
마미케어,메디큐브 부스터프로,메디큐브 에이지알 부스터 프로 블랙,거래중,"109,000원",오금동,2026-08-02,1,4,146,39.7℃,단다,뷰티/미용,,"메디큐브 에이지알 부스터 프로 블랙 색상이에요
피부 관리 효과를 높여주는 제품으로
간편하게 사용하기 좋아요
피부 탄력과 광채를 원하시는 분들께 추천드려요",109000
마미케어,메디큐브 부스터프로,메디큐브 에이지알 부스터 프로 미니 화이트,거래중,"53,000원",오금동,2026-08-20,0,1,75,32.3℃,착한당근,뷰티/미용,,,53000
마미케어,메디큐브 부스터프로,메디큐브 에이지알 부스터 프로 미니 세트,거래중,"80,000원",오금동,2026-08-31,0,6,27,38.5℃,마을테니스멘토,뷰티/미용,,"메디큐브 에이지알 부스터 프로 미니와 부스터젤 세트예요
사진에서 보이는 것처럼 본체와 젤 모두 깨끗하게 보관되어 있어요 
10번 미만으로 사용했고 젤은 반정도 남아있어요.
집에서 간편하게 홈케어를 하고 싶으신 분들께 추천드려요",80000
마미케어,메디큐브 부스터프로,메디큐브 부스터프로 새상품급 풀박스,거래중,"170,000원",오금동,2026-05-04,0,10,185,56.7℃,solsol,뷰티/미용,,"구매하고나서 3회정도 사용했어요
하자 스크래치 전혀 없어요
귀찮아서 손이 안가네요",170000
마미케어,메디큐브 부스터프로,메디큐브 부스터프로 화이트 풀박스,거래중,"140,000원",오금동,2026-05-04,1,12,257,37.3℃,눈누난나,,,"메디큐브 부스터프로 화이트 색상입니다!
구성품은 본체와 충전 케이블 포함 풀박스이고
3회 이하 사용으로 깔끔한 상태입니다!
피부 관리에 관심 있는 분들께 추천드려요!!☺️

편하게 문의주세요🤗",140000
마미케어,메디큐브 부스터프로,(1회 사용) 메디큐브 에이지알 부스터 프로,거래중,"140,000원",오금동,2026-06-03,3,15,,,,,,,140000
마미케어,메디큐브 부스터프로,[미개봉/새상품] 메디큐브 에이지알 부스터프로 짱구에디션,거래중,"180,000원",오금동,2026-08-27,0,4,,,,,,,180000
마미케어,메디큐브 부스터프로,메디큐브 에이지알 부스터프로,거래중,"120,000원",오금동,2026-07-03,1,8,212,41.4℃,란란,뷰티/미용,직거래 금옥여고 앞 혹은 조율가능합니다,"메디큐브 에이지알 부스터프로 본체와 충전 케이블 판매합니다
사용설명서는 잃어버렸지만 검색해보시면 다 나올정도로
4가지 모드 사용법이 쉽고 간단합니다.

눈에띄는 큰 하자 없으며 알콜스왑으로 깨끗히 닦아 드려요

24년 2월제조, 고장없이 정상작동하며 배터리도 오래갑니다
집에서 간편하게 피부 관리를 하고 싶으신 분들께 추천드려요

직거래 금옥여고 앞 혹은 조율가능합니다
문고리 / 택배거래 가능 (택배비 추가는 구매자부담)

비매너, 당일파토, 직전파토, 네고 사절합니다
당일파토 직전파토는 무조건 비매너로 신고합니다
거래 약속 변동시 미리 말해주세요",120000
마미케어,메디큐브 부스터프로,메디큐브 에이지알 부스터 프로+앰플2개,거래중,"230,000원",오금동,2026-08-26,0,0,31,63.9℃,블루베리,뷰티/미용,,"메디큐브 에이지알 부스터 프로 레몬색상이에요.
본품과 앰플, 곰돌이 헤드, 충전 케이블, 사용설명서까지 모두 포함되어 있어요.
곰돌이헤드는 씌운적 없어요.
펩타이드 멜라앰플2개.

구입후 실사용 3회만입니다.",230000
마미케어,메디큐브 부스터프로,메디큐브 에이지알 부스터 프로 X2 핑크+전용 젤,거래중,"250,000원",오금동,2026-09-01,0,4,23,53.6℃,나다,뷰티/미용,,,250000
마미케어,메디큐브 부스터프로,메디큐브 에이지알 부스터 프로 핑크 (1회사용),거래중,"180,000원",오금동,2026-08-24,0,2,73,40.3℃,쁜지96,뷰티/미용,,,180000
마미케어,메디큐브 부스터프로,미개봉) 메디큐브 에이지알 부스터 프로 X2 화이트,거래중,"240,000원",오금동,2026-08-19,4,13,129,52.1℃,무도키즈,뷰티/미용,,,240000
마미케어,메디큐브 부스터프로,메디큐브 에이지알 부스터 프로 하고 하이포커샷,거래중,"153,000원",오금동,2026-08-02,0,7,,,,,,,153000
마미케어,메디큐브 부스터프로,메디큐브 부스터 프로 미니+클렌징헤드,거래중,"83,000원",오륜동,2026-08-17,0,0,52,39.8℃,반숙,뷰티/미용,직거래 선호. 편의점 반택도 가능,"부스터 프로 미니는 10회
클렌징 헤드는 3회 사용했어요.
새 기기 선물받아서 팝니당~
박스 없어서 쿨거하시면 네고해드려용
알콜솜이랑 소독용 에탄올로 닦아보내드릴게요
자세한 사진 원하지면 메세지 주셔요

직거래 선호. 편의점 반택도 가능",83000
마미케어,메디큐브 부스터프로,"메디큐브 에이지알 부스터 미니프로 ,젤 세트",거래중,"50,000원",오륜동,2026-08-11,0,7,76,37℃,Jason,뷰티/미용,,,50000
마미케어,메디큐브 부스터프로,미개봉 메디큐브 에이지알 부스터프로 짱구 에디션+콜라겐 마스크팩 4장 새상품 물광 탄력 피부관리기기,거래중,"260,000원",오륜동,2026-09-01,0,0,8,43.8℃,누룽지,,,,260000
마미케어,메디큐브 부스터프로,메디큐브 에이지알 부스터 프로 미니 화이트 새것,거래중,"80,000원",오륜동,2026-08-23,0,5,,,,,,,80000
마미케어,메디큐브 부스터프로,(미개봉) 메디큐브 부스터 프로 미니,거래중,"75,000원",오륜동,2026-07-03,0,18,,,,,,,75000
마미케어,메디큐브 부스터프로,메디큐브 부스터 프로 미니롤러 + 브이롤러 핑크,거래중,"90,000원",오륜동,2026-08-11,2,17,235,25.6℃,델리,뷰티/미용,,,90000
마미케어,메디큐브 부스터프로,메디큐브 에이지알 부스터 프로 블랙 미개봉,거래중,"180,000원",오륜동,2026-07-03,2,9,105,39.7℃,체리천사,뷰티/미용,,,180000
마미케어,메디큐브 부스터프로,메디큐브 AGE-R 부스터 프로 짱구 에디션,거래중,"180,000원",오륜동,2026-08-02,0,2,40,36.8℃,출근전에조깅하는동료,뷰티/미용,,"메디큐브 AGE-R 부스터 프로 짱구 에디션 미개봉 새상품이에요
짱구 캐릭터 디자인으로 소장 가치도 높아요
피부 탄력과 리프팅에 도움을 주는 제품이에요
특별한 디자인으로 선물하기에도 좋아요
미개봉 새제품입니당",180000
마미케어,메디큐브 부스터프로,메디큐브 AGE-R 부스터 프로 짱구 에디션 미개봉,거래중,"190,000원",오륜동,2026-08-02,1,5,142,47.2℃,당근토끼,뷰티/미용,,,190000
마미케어,메디큐브 부스터프로,메디큐브 에이지알 부스터 프로 미니 플러스 핑크 (+클렌징),거래중,"100,000원",오륜동,2026-08-16,0,5,109,42.9℃,뽀삐뿌,뷰티/미용,,,100000
마미케어,메디큐브 부스터프로,메디큐브 EMS 부스터 브이롤러 (부스터프로 미니 플러스+브이롤러 헤드),거래중,"120,000원",오륜동,2026-08-02,0,2,79,36.9℃,젠니jen,뷰티/미용,,,120000
마미케어,메디큐브 부스터프로,메디큐브 에이지알 부스터 프로 화이트,거래중,"220,000원",위례동,2026-08-03,0,1,40,36.7℃,마들린,뷰티/미용,,"메디큐브 에이지알 부스터 프로 화이트 색상입니다
글루타치온 글로우 세럼 30ml 4개 구성이에요
사진에서 보이는 것처럼 본체와 세럼 4개 
사용횟수 4회 상태 좋아요~
피부 고민 있으신 분들께 추천드려요",220000
마미케어,메디큐브 부스터프로,메디큐브 에이지알부스터프로 블랙 미개봉 새상품,거래중,"150,000원",위례동,2026-08-18,0,3,22,36.8℃,파닥파타,뷰티/미용,,,150000
마미케어,메디큐브 부스터프로,(새제품)메디큐브 에이지알 부스터프로 짱구 에디션 + 글루타치온,거래중,"280,000원",위례동,2026-08-06,0,1,59,40.3℃,감독님,뷰티/미용,,,280000
마미케어,메디큐브 부스터프로,(1회사용) 메디큐브 부스터프로×2,거래중,"285,000원",위례동,2026-08-31,0,2,29,49.2℃,Co,뷰티/미용,"봉담 직거래, 문고리, 택배거래 가능","미니 아니고 큰 사이즈입니다
1회 사용하고 시간도 없고 귀찮아서 안 쓰게 되서 판매합니다! 상태 깨끗하고 작동 잘 됩니다!
박스째 구성 그대로 드려요

상태 너무 좋아서 이 금액에 판매안되면 그냥 가지고 있을 예정입니다

봉담 직거래, 문고리, 택배거래 가능",285000
마미케어,메디큐브 부스터프로,메디큐브 에이지알 부스터 프로 미니 화이트,거래중,"49,500원",위례동,2026-08-07,0,9,,,,,,,49500
마미케어,메디큐브 부스터프로,메디큐브 부스터프로 미니 카카오프렌즈 에디션,거래중,"50,000원",위례동,2026-08-02,1,13,190,37℃,옥수수,,,,50000
마미케어,메디큐브 부스터프로,메디큐브 에이지알 부스터 프로 미니 플러스 마이멜로디 한정판,거래중,"62,000원",위례동,2026-07-03,1,32,400,60.6℃,블랙홀,뷰티/미용,✔️직거래 장소는 문의주세요,"메디큐브 에이지알 부스터 프로 미니 플러스 
마이멜로디 한정판
풀박스
5회미만 사용 후 보관만 한 제품입니다

아래내용 제발 다 읽고 동의하시는분만 
채팅걸어주세요 내용과 다른말은 무응답 차단합니다.

❎네고불가❎교환,환불불가❎반값택배 불가❎

✔️택배거래 원할시 바로구매로 가능
✔️계좌먹튀 너무많아서 당근페이 거래만 합니다
✔️직거래 장소는 문의주세요
✔️빠른직거래 불가능시 예약금필수(입금순거래)",62000
마미케어,메디큐브 부스터프로,메디큐브 에이지알 부스터 프로 블랙 정품,거래중,"140,000원",위례동,2026-07-03,1,5,95,49.4℃,뀨뀨,뷰티/미용,,"메디큐브 에이지알 부스터 프로 블랙입니다
피부 속 콜라겐, 탄력, 볼륨 개선에 도움을 줍니다
피부 장벽 강화에도 효과적입니다
사용 전후 사진 참고해주세요

- 5가지 맞춤 모드
- 사용 편의성
- 안전성 테스트 완료

메디큐브 정품

개봉했구요 
사용은 안했습니다",140000
마미케어,메디큐브 부스터프로,메디큐브 하이포커스샷 플러스+부스터프로 짱구 에디션(새상품) 일괄판매,거래중,"330,000원",위례동,2026-08-02,1,5,68,37.8℃,앨리스,,,,330000
마미케어,메디큐브 부스터프로,비닐채미개봉풀박스선물가능(메디큐브 에이지알 부스터 프로 핑크,거래중,"160,000원",위례동,2026-03-05,2,26,497,99℃,키싱쿠라민,뷰티/미용,,,160000
마미케어,메디큐브 부스터프로,(미개봉) 메디큐브 에이지알 부스터 프로 & 세럼 2개 일괄,거래중,"190,000원",위례동,2026-08-31,0,2,35,99℃,보루밍,디지털기기,,,190000
마미케어,메디큐브 부스터프로,메디큐브 짱구 에디션 부스터 프로 미니 플러스,거래중,"90,000원",위례동,2026-07-03,0,6,140,47.5℃,아공,뷰티/미용,,,90000
마미케어,메디큐브 부스터프로,메디큐브 부스터프로 X2 핑크,거래중,"260,000원",위례동,2026-08-02,0,13,299,48.1℃,솔이,뷰티/미용,,"메디큐브 부스터프로 X2 핑크 

지난주 면세점 구입
부피때문에 박스만 버렸고 사진상의 풀구성입니다
딱 1회 3분 작동해봤습니다.

✔ 환불&교환불가
✔ 2천원 추가하시면 gs25반값택배 가능합니다.",260000
마미케어,메디큐브 부스터프로,(미개봉새상품) 메디큐브 에이지알 부스터 프로 블랙,거래중,"180,000원",위례동,2026-08-16,0,1,54,50.5℃,행복한고먀미,뷰티/미용,,,180000
마미케어,메디큐브 부스터프로,메디큐브 부스터 프로 X2 화이트,거래중,"240,000원",위례동,2026-08-09,0,10,,,,,,,240000
마미케어,메디큐브 부스터프로,메디큐브 에이지알 부스터프로 미니플러스 한교동시리즈 새상품,거래중,"90,000원",위례동,2026-07-03,3,24,181,84.1℃,박부자라오,뷰티/미용,,,90000
마미케어,메디큐브 부스터프로,미개봉 메디큐브 에이지알 부스터프로 짱구 에디션+글루타치온 앰플+리페어크림+콜라겐마스크팩 새상품 물광 뷰티디바이스,거래중,"260,000원",위례동,2026-08-30,0,1,16,43.8℃,누룽지,,,,260000
마미케어,메디큐브 부스터프로,메디큐브 에이지알 부스터프로 쿠로미 에디션,거래중,"200,000원",위례동,2026-08-02,0,3,95,42.2℃,keikei2,뷰티/미용,,,200000
마미케어,메디큐브 부스터프로,메디큐브 부스터 프로 X2 화이트,거래중,"280,000원",위례동,2026-08-18,0,8,107,56.8℃,오잉,뷰티/미용,,"메디큐브 에이지알 부스터 프로 X2 화이트 색상이에요
미개봉이구요 
저는 맨마지막장 제품 사용하는게 있어서
올립니다
파우치랑 마스크팩이었나 구성품 같이 드립니다",280000
마미케어,메디큐브 부스터프로,[미개봉]메디큐브 에이지알 부스터 프로 X2 로즈핑크,거래중,"310,000원",위례동,2026-08-31,0,2,53,42.7℃,당근당근,뷰티/미용,,,310000
마미케어,메디큐브 부스터프로,메디큐브 에이지알 울트라튠 40.68 화이트+메디큐브 부스터 프로 블랙,거래중,"140,000원",위례동,2026-08-16,0,4,37,38.4℃,j123,뷰티/미용,,,140000
마미케어,메디큐브 부스터프로,메디큐브 에이지알 부스터 프로 블랙,거래중,"132,000원",위례동,2026-05-04,1,11,,,,,,,132000
마미케어,메디큐브 부스터프로,"메디큐브 부스터프로, 울트라튠 리프팅기",거래중,"250,000원",위례동,2026-08-13,0,0,,,,,,,250000
마미케어,메디큐브 부스터프로,메디큐브 에이지알 부스터 프로 블랙,거래중,"145,000원",위례동,2026-05-04,0,4,286,56.8℃,hsj26,뷰티/미용,,"피부 고민 해결을 도와주는 메디큐브 에이지알 부스터 프로 블랙이에요
다양한 모드로 피부 관리를 도와주며, 사용법도 간편해요
피부 탄력과 광채를 원하시는 분들께 추천드려요
사용감 좀 있지만 잘 작동됩니다",145000
마미케어,메디큐브 부스터프로,[미개봉] 메디큐브 에이지알 부스터 프로 레몬베어 에디션,거래중,"165,000원",위례동,2026-08-09,0,6,84,37.4℃,퇴근후에캠핑하는이웃,뷰티/미용,,,165000
마미케어,메디큐브 부스터프로,메디큐브 AGE-R 부스터 프로 미니 플러스+ 페이스롤러 미개봉,거래중,"150,000원",위례동,2026-08-30,0,0,11,43.8℃,개이득,뷰티/미용,,,150000
마미케어,메디큐브 부스터프로,메디큐브 에이지알 부스터 프로 핑크,거래중,"190,000원",위례동,2026-08-02,0,0,18,41.7℃,엉뚱이,뷰티/미용,,"메디큐브 에이지알 부스터 프로 핑크 색상이에요
피부 관리에 도움을 주는 제품이에요
매끈하고 건강한 피부를 원하는 분들께 추천드려요
1-2번 시연만 해 본 거의 새 상품 입니다",190000
마미케어,메디큐브 부스터프로,메디큐브 에이지알 부스터 프로 미니 핑크,거래중,"60,000원",위례동,2026-08-02,0,4,114,39.5℃,Daa,뷰티/미용,,"메디큐브 에이지알 부스터 프로 미니 핑크 색상
사놓고 안써서 급처합니당
잔기스가 조금 있어서 예민하신분들은 피해주세용!",60000
마미케어,메디큐브 부스터프로,메디큐브 에이지알 부스터 프로 미니 핑크,거래중,"90,000원",위례동,2026-08-02,0,7,,,,,,,90000
마미케어,메디큐브 부스터프로,(미개봉) 메디큐브 부스터프로x2 !일본라벨!,거래중,"250,000원",위례동,2026-08-02,3,15,418,39.1℃,얼랄리,뷰티/미용,,,250000
마미케어,메디큐브 부스터프로,메디큐브 에이지알 부스터프로 짱구 에디션,거래중,"220,000원",위례동,2026-08-06,0,1,48,37.9℃,당근잉,뷰티/미용,,,220000
마미케어,메디큐브 부스터프로,메디큐브 에이지알 부스터 프로 핑크 곰돌이,거래중,"160,000원",위례동,2026-08-02,0,1,54,37.2℃,판타지,뷰티/미용,,,160000
마미케어,메디큐브 부스터프로,메디큐브 에이지알 부스터 프로 블랙 (상태 아주 좋음),거래중,"115,000원",위례동,2026-05-04,2,10,,,,,,,115000
마미케어,메디큐브 부스터프로,메디큐브 에이지알 부스터 프로 풀박스 블랙,거래중,"150,000원",위례동,2026-08-02,0,0,63,40.4℃,숫자5,뷰티/미용,,,150000
마미케어,메디큐브 부스터프로,[미사용 새상품] 메디큐브 에이지알 부스터 프로 미니 핑크 풀박스,거래중,"110,000원",위례동,2026-06-03,0,8,,,,,,,110000
마미케어,메디큐브 부스터프로,메디큐브 AGE-R 부스터 프로 새상품(비닐미개봉),거래중,"180,000원",위례동,2026-02-03,1,5,,,,,,,180000
마미케어,메디큐브 부스터프로,메디큐브 에이지알 부스터 프로 퍼플,거래중,"170,000원",위례동,2026-08-02,0,3,45,45.1℃,미니멀라이프시도중,뷰티/미용,,"메디큐브 에이지알 부스터 프로 퍼플 미개봉 새상품이에요
사진에서 보이는 것처럼 구성품 모두 그대로 있어요
피부 탄력과 리프팅에 도움을 주는 제품이에요
매일매일 건강한 피부를 가꾸고 싶으신 분들께 추천드려요",170000
마미케어,메디큐브 부스터프로,메디큐브 에이지알 부스터프로 핑크 풀박스 판매해요!!,거래중,"155,000원",위례동,2026-07-03,1,7,191,43.1℃,모루토끼,뷰티/미용,,,155000
마미케어,메디큐브 부스터프로,메디큐브 에이지알 부스터 프로 라벤더 (새제품),거래중,"170,000원",위례동,2026-08-02,1,11,123,41.3℃,스우,뷰티/미용,,,170000
마미케어,메디큐브 부스터프로,메디큐브 부스터 프로 미니 핑크,거래중,"50,000원",위례동,2026-04-04,2,23,428,44℃,동구리동동,뷰티/미용,,"실 사용횟수 10회 정도 되는데 임신으로 인해 사용이 어려워져 팝니다! 
화장품 바를때 사용하면 흡수율도 훨씬 좋고 손에 화장품 안 묻게 사용할 수 있어서 넘 좋더라구요🙂",50000
마미케어,메디큐브 부스터프로,메디큐브 부스터 프로 미니 춘식이 에디션-새제품,거래중,"100,000원",위례동,2026-08-09,0,3,67,44.9℃,달달한,뷰티/미용,,,100000
마미케어,메디큐브 부스터프로,(미개봉) 메디큐브 AGE-R 부스터 프로 라벤더,거래중,"170,000원",위례동,2026-05-04,0,6,,,,,,,170000
마미케어,메디큐브 부스터프로,에이지알 부스터프로x2,거래중,"240,000원",위례동,2026-08-23,1,9,308,42.9℃,장아찌,뷰티/미용,,,240000
마미케어,메디큐브 부스터프로,메디큐브 에이지알 부스터 프로 블랙,거래중,"128,000원",위례동,2026-04-04,2,9,419,38.4℃,yixn,뷰티/미용,직거래. 택배 다 가능해요,"메디큐브 에이지알 부스터 프로 블랙입니다!
집에서 간편하게 피부 관리를 할 수 있는 뷰티 디바이스입니다
-피부 속 광채와 탄력 개선에 도움을 줍니다
-피부의 겉과 속을 동시에 케어해 줍니다
-피부결 개선, 탄력 리프팅, 모공 케어, 피부 진정 효과가 있습니다


박스는 없지만 충전선. 본품 드려요
직거래. 택배 다 가능해요
쿨거래 네고가능해요",128000
마미케어,메디큐브 부스터프로,AGE-R BOOSTER PRO MINI PLUS 메디큐브 에이지알 부스터 프로 미니 플러스 짱구 에디션,거래중,"90,000원",위례동,2026-08-27,0,7,56,62.6℃,열정,,,,90000
마미케어,메디큐브 부스터프로,메디큐브 에이지알 부스터 프로 미니 한정판 [마이멜로디 에디션],거래중,"90,000원",위례동,2026-05-04,1,14,,,,,,,90000
마미케어,메디큐브 부스터프로,메디큐브 에이지알 부스터프로 ♡미개봉 새상품♡,거래중,"180,000원",위례동,2026-08-02,1,2,68,51.8℃,당근당근22,뷰티/미용,,,180000
마미케어,메디큐브 부스터프로,메디큐브 에이지알 부스터 프로 미니 핑크 ems 클렌징 디바이져 + 클렌징폼,거래중,"70,000원",위례동,2026-08-02,1,2,122,45.2℃,뀨찌빠띠,,,,70000
마미케어,메디큐브 부스터프로,메디큐브 부스터프로 미니 화이트 에디션(새상품),거래중,"120,000원",위례동,2026-06-03,0,3,88,42.5℃,마루네,뷰티/미용,,,120000
마미케어,메디큐브 부스터프로,메디큐브 에이지알 부스터 프로 미니 플러스 젤 세트,거래중,"150,000원",위례동,2026-08-09,0,2,37,59.5℃,빵빵이,뷰티/미용,,,150000
마미케어,메디큐브 부스터프로,메디큐브 부스터프로 미니 플러스 + 클렌징 헤드 세트,거래중,"90,000원",잠실2동,2026-08-08,0,4,128,37℃,뽀리,뷰티/미용,,,90000
마미케어,메디큐브 부스터프로,메디큐브 부스터프로 레몬베어 헤드캡,거래중,"190,000원",잠실2동,2026-08-02,0,0,29,55.9℃,으라차차,뷰티/미용,🔸당수동 라포리엘 문고리거래입니다,"메디큐브 부스터프로 에이지알 뷰티디바이스 올인원 피부케어 광채

25년 7월 구매 5번정도 썼는지...

사용하다 임신으로 인해 서랍에 넣어뒀다가 
당근합니다

사용할때 알콜솜으로 항상 깨끗이
닦았어요 
깨끗해요 거의 새제품이라고 보시면돼요

🔸당수동 라포리엘 문고리거래입니다
🔸CU반값택배 가능(택포!)",190000
마미케어,메디큐브 부스터프로,(미개봉)메디큐브 AGE-R 부스터 프로 라벤더,거래중,"170,000원",잠실2동,2026-05-04,4,7,,,,,,,170000
마미케어,메디큐브 부스터프로,메디큐브 에이지알 부스터 프로 마이멜로디 한정판 새것,거래중,"420,000원",잠실2동,2026-06-03,1,4,184,41.6℃,미야옹푸딩,뷰티/미용,,,420000
마미케어,메디큐브 부스터프로,메디큐브 에이지알 부스터프로,거래완료,"150,000원",송파1동,2025-09-01,14,10,703,41.4℃,삼전동구리,뷰티/미용,,"2025년 1월 말 구매했고, 열댓번 정도 사용했습니다.
매일 사용 후 알콜솜으로 소독했어요.
제가 운동에서 아침 저녁으로 씻고 오니까 관리할 시간이 잘 안나오더라구요 ㅠ 

중앙에 약간 금이 가있어서 싸게 내놓아요.
금 가있는 것 확인 하고 연락 주세요.
진짜 구매 하실 분만 연락 주세요.

풀박스로 충전기 + 필요하시면 사은품으로 왔던 세럼/앰플 크림까지 드리겠습니다.",150000
마미케어,메디큐브 부스터프로,메디큐브 에이지알 부스터 프로 쿠로미 에디션,거래중,"162,000원",잠실2동,2026-05-04,7,35,,,,,,,162000
마미케어,메디큐브 부스터프로,메디큐브 에이지알 부스터 프로 짱구 에디션,거래중,"300,000원",잠실2동,2026-07-03,0,4,129,41.1℃,꼬깃,뷰티/미용,,,300000
마미케어,메디큐브 부스터프로,(미개봉)메디큐브 에이지알 부스터프로 블랙,거래중,"190,000원",잠실2동,2026-05-04,0,21,372,43.4℃,폴딩카트,뷰티/미용,,,190000
마미케어,메디큐브 부스터프로,메디큐브 에이지알 부스터 프로 X2 핑크 새상품,거래중,"260,000원",잠실2동,2026-08-15,0,2,73,47℃,유빈,뷰티/미용,,,260000
마미케어,메디큐브 부스터프로,메디큐브 에이지알 부스터 프로 미니 마이멜로디 에디션,거래중,"70,000원",잠실2동,2026-08-02,0,9,124,44.5℃,ekqls,뷰티/미용,,,70000
마미케어,메디큐브 부스터프로,메디큐브 이지알 부스터 프로 미니플러스 베이지,거래중,"71,000원",잠실2동,2026-08-02,0,0,49,93℃,rhdisokjf,뷰티/미용,,,71000
마미케어,메디큐브 부스터프로,메디큐브 에이지알 부스터 프로 X2 핑크,거래중,"240,000원",잠실2동,2026-08-06,1,21,377,40.5℃,1억,뷰티/미용,,"미개봉
기본 영문판 이에요
정품인증/as 가능 합니다

교환/환불 불가
",240000
마미케어,메디큐브 부스터프로,[한정판]메디큐브 AGE-R 부스터 프로 잔망루피 에디션,거래중,"180,000원",잠실2동,2026-08-11,0,9,64,39.8℃,잔향있는하늘색,,,,180000
마미케어,메디큐브 부스터프로,메디큐브 에이지알 부스터 프로 헬로키티 에디션,거래중,"350,000원",잠실2동,2026-05-04,0,26,497,45.3℃,츄루츄츄,뷰티/미용,,,350000
마미케어,메디큐브 부스터프로,[정품/풀박스] 메디큐브 에이지알 부스터 프로 (6 in 1 토탈케어) 판매합니다.,거래중,"130,000원",잠실2동,2026-06-03,0,12,186,42.7℃,럭스라이언,뷰티/미용,,,130000
마미케어,메디큐브 부스터프로,메디큐브 짱구 에디션 AGE-R 부스터 프로(미개봉),거래중,"230,000원",잠실2동,2026-08-26,0,1,20,46.5℃,두비두밥,뷰티/미용,,,230000
마미케어,메디큐브 부스터프로,[미개봉]메디큐브 에이지알 부스터 프로 블랙 미개봉,거래중,"210,000원",잠실2동,2026-06-03,0,5,142,40.2℃,녬녬,뷰티/미용,,,210000
마미케어,메디큐브 부스터프로,메디큐브 부스터 프로 미니 플러스 진동 클렌저,거래중,"99,000원",잠실2동,2026-06-03,1,7,,,,,,,99000
마미케어,메디큐브 부스터프로,메디큐브 AGE-R 부스터 프로 세트,거래중,"190,000원",잠실2동,2026-03-05,0,1,127,62.4℃,피비,뷰티/미용,,"메디큐브 AGE-R 부스터 프로 블랙 색상 풀박스입니다
2024년 5월 제조 상품입니다

- 주요 특징:
 - 피부 속 2.5mm까지 유효 성분 전달
 - 5가지 모드 (부스터, 콜라겐, 물광, 탄력, 진정)
 - 피부결 개선, 광채 부스팅, 탄력 리프팅 효과

2024년 8월에 구입했습니다. 약 10번 정도 사용한 후 박스에 넣어 보관했습니다. 결함은 없습니다.

제가 사용한 부스터 젤도 포함되어 있습니다. 절반 이상 남았습니다 (2026년 11월까지)

📍상암 DMC빌에서 거래
🚚GS25 반택 ₩2,700
❌반품불가",190000
마미케어,메디큐브 부스터프로,메디큐브 부스터프로 미니 핑크,거래중,"50,000원",잠실2동,2026-08-02,0,20,,,,,,,50000
마미케어,메디큐브 부스터프로,메디큐브 에이지알 부스터 프로 블랙 풀박스,거래중,"190,000원",잠실2동,2026-01-04,0,8,327,39.1℃,오렌지,뷰티/미용,,,190000
마미케어,메디큐브 부스터프로,메디큐브 에이지알 부스터 프로 미개봉 새상품,거래중,"160,000원",잠실3동,2026-02-03,9,41,449,40.5℃,인절미,뷰티/미용,,,160000
마미케어,메디큐브 부스터프로,(새상품) 메디큐브 AGE-R 부스터 프로 짱구 에디션 30만원,거래중,"199,000원",잠실3동,2026-08-17,1,2,82,53.5℃,쑈킹쑈핑,뷰티/미용,,,199000
마미케어,메디큐브 부스터프로,메디큐브 에이지알 부스터 프로 핑크,거래중,"285,000원",잠실3동,2026-07-03,0,4,174,40.8℃,화원유니맘,뷰티/미용,,"메디큐브 에이지알 부스터프로X2 핑크 색상이에요
본체와 박스 구성입니다
사진에서 보이는 것처럼 깔끔한 상태를 유지하고 있어요
피부 탄력 관리에 도움을 주는 제품으로 홈케어하기 좋아요

올해 초에 호기심에 구입했다가 다른것도 있어서
5번 정도쓰고 판매합니다.",285000
마미케어,메디큐브 부스터프로,메디큐브 AGE-R 부스터 프로 쿠로미 에디션,거래중,"250,000원",잠실3동,2026-08-02,1,2,,,,,,,250000
마미케어,메디큐브 부스터프로,메디큐브 AGE-R 에이지알 부스터 프로 블랙,거래중,"110,000원",잠실3동,2026-05-04,1,18,,,,,,,110000
마미케어,메디큐브 부스터프로,메디큐브 부스터 프로 미니 화이트,거래중,"60,000원",잠실3동,2026-02-03,3,36,724,48.7℃,프로필,뷰티/미용,,"메디큐브 에이지알 부스터 프로 미니 화이트
쿠팡에서 125020원주고 샀어요
상자도 같이 드려요
관리하려고 샀는데 귀찮아서 안쓰게 되요 
5-6번정도 사용했어요",60000
마미케어,메디큐브 부스터프로,[새상품] 미개봉 메디큐브 에이지알 부스터 프로 🩷핑크에디션🩷 풀박스 팔아요,거래중,"210,000원",잠실3동,2026-04-04,2,25,342,63.3℃,용가리,뷰티/미용,,,210000
마미케어,메디큐브 부스터프로,메디큐브 에이지알 부스터 프로 미니 핑크 + 전동클렌저 set,거래중,"124,000원",잠실3동,2026-08-02,0,0,38,42.1℃,GM,뷰티/미용,,,124000
마미케어,메디큐브 부스터프로,"메디큐브 에이지알 부스터프로x2 핑크색상(세럼, 파우치 포함) 미개봉 새상품 판매합니다.",거래중,"300,000원",잠실3동,2026-08-02,0,7,,,,,,,300000
마미케어,메디큐브 부스터프로,메디큐브 에이지알 짱구 에디션 부스터 프로 미니 플러스,거래중,"95,000원",잠실3동,2026-08-23,0,4,,,,,,,95000
마미케어,메디큐브 부스터프로,메디큐브 에이지알 부스터프로 핑크 풀박스,거래중,"160,000원",잠실3동,2026-05-04,4,15,533,43.4℃,폴딩카트,,,,160000
마미케어,메디큐브 부스터프로,[새제품] 메디큐브 에이지알 부스터 프로 미니 플러스 + 클렌징 헤드 세트,거래중,"124,000원",잠실3동,2026-07-03,1,7,,,,,,,124000
마미케어,메디큐브 부스터프로,(새상품) 메디큐브 에이지알 부스터프로 퍼플,거래중,"170,000원",잠실3동,2026-07-03,0,4,39,37.2℃,블리스,뷰티/미용,,,170000
마미케어,메디큐브 부스터프로,메디큐브 에이지알 부스터 프로 미니 핑크,거래중,"130,000원",잠실3동,2026-08-02,0,0,,,,,,,130000
마미케어,메디큐브 부스터프로,메디큐브 에이지알 부스터 프로 미개봉 새상품,거래중,"195,000원",잠실3동,2026-04-04,1,8,,,,,,,195000
마미케어,메디큐브 부스터프로,메디큐브 AGE-R 부스터 프로 블랙 풀박스,거래중,"140,000원",잠실4동,2026-03-05,2,18,,,,,,,140000
마미케어,메디큐브 부스터프로,"메디큐브 에이지알 브이롤러, 클렌징 디바이스, 부스터 미니프로 등",거래중,"150,000원",잠실4동,2026-08-02,0,8,,38.6℃,아슈사,,,,150000
마미케어,메디큐브 부스터프로,메디큐브 에이지알 부스터프로 화이트 미개봉 새상품,거래중,"190,000원",잠실4동,2026-06-03,1,6,81,47.5℃,혜남,뷰티/미용,,,190000
마미케어,메디큐브 부스터프로,(새제품)메디큐브 에이지알 부스터 프로 x2,거래중,"265,000원",잠실4동,2026-06-03,4,17,443,45.2℃,리아나,뷰티/미용,,,265000
마미케어,메디큐브 부스터프로,메디큐브 AGE-R 부스터 프로 블랙 거의 새상품,거래중,"165,000원",잠실4동,2026-03-05,4,14,306,45℃,당그니니니,뷰티/미용,,,165000
마미케어,메디큐브 부스터프로,메디큐브 부스터프로X2 박스 판매합니다,거래중,"5,000원",잠실4동,2026-07-03,4,4,524,46.6℃,새벽1시충동적구매뒷수습,뷰티/미용,,"박스+품질보증서 및 사용설명서 등
본체 제외 풀박스 판매합니다
충전기 들어있습니다",5000
마미케어,메디큐브 부스터프로,메디큐브 에이지알 부스터 프로 미니 핑크 세트,거래중,"290,000원",잠실4동,2026-05-04,1,13,293,38.9℃,일본여행가야합니다,뷰티/미용,,,290000
마미케어,메디큐브 부스터프로,메디큐브 하이포커스 샷 & 부스터 프로 블랙,거래중,"170,000원",잠실4동,2026-07-03,2,3,,,,,,,170000
마미케어,메디큐브 부스터프로,메디큐브 부스터프로 마이멜로디,거래중,"400,000원",잠실4동,2026-08-02,0,2,108,45.5℃,흰공주,뷰티/미용,직거래는 시간 조율이 어려워서 안 하고 있습니다.,"메디큐브 부스터프로 마이멜로디 한정판입니다.

모든 구성품 그대로 있고 세럼 새 제품 2개도 같이 보내드려요~

5회 미만 사용했고 사용감 전혀 없습니다!


반값 택배 포함 가격이며
일반 택배는 +2,000원입니다.
직거래는 시간 조율이 어려워서 안 하고 있습니다.
직거래를 한다고 해도 택배비 따로 빼드리지 않아요.


- 충분히 고민 후 꼭 구매하실 분만 연락주세요.
- 택배 거래만 가능합니다.
- 가격 제안 문의에 답하지 않겠습니다.
- 중고거래 특성상 반품, 환불 불가합니다.
- 기본적인 매너 부탁드립니다♥",400000
마미케어,메디큐브 부스터프로,(새제품)메디큐브 에이지알 부스터 프로 미니 짱구 에디션,거래중,"80,000원",잠실4동,2026-07-03,0,19,206,40.3℃,쬬아,뷰티/미용,,,80000
마미케어,메디큐브 부스터프로,메디큐브 에이지알 부스터 프로 블랙(미사용/새제품),거래중,"170,000원",잠실4동,2026-05-04,0,2,84,39℃,루미,뷰티/미용,,,170000
마미케어,메디큐브 부스터프로,메디큐브 에이지알 부스터 프로 핑크,거래중,"160,000원",잠실4동,2026-02-03,3,22,,,,,,,160000
마미케어,메디큐브 부스터프로,메디큐브 기기 하이포커스 에이지알프로 울트라튠 3종 + 부스터젤 2개,거래중,"490,000원",잠실4동,2026-08-20,0,1,34,43.2℃,녕녕,,,,490000
마미케어,메디큐브 부스터프로,메디큐브 부스터프로 헤드 케이스 핑크 (1세대),거래중,"7,000원",잠실4동,2026-07-03,0,4,63,40.2℃,stae,뷰티/미용,,,7000
마미케어,메디큐브 부스터프로,메디큐브 부스터 프로 스페셜 에디션,거래중,"310,000원",잠실4동,2026-04-04,0,1,90,61.1℃,당근페이만합니다,뷰티/미용,킨텍스 포레나 오피스텔에서 직거래,"메디큐브 부스터 프로 스페셜 에디션 판매
미개봉 새상품이고, 사진에 보이는 그대로

킨텍스 포레나 오피스텔에서 직거래
당근페이 계좌 모두 가능",310000
마미케어,메디큐브 부스터프로,메디큐브 에이지알 부스터 프로 미니 플러스 짱구 에디션,거래중,"90,000원",잠실4동,2026-08-02,0,5,73,40.1℃,스누피,뷰티/미용,,,90000
마미케어,메디큐브 부스터프로,(새제품) 메디큐브 에이지알 부스터 프로 미니 플러스,거래중,"100,000원",잠실4동,2026-08-27,0,2,28,63.9℃,다팔아버리게따,뷰티/미용,,,100000
마미케어,메디큐브 부스터프로,메디큐브 에이지알 부스터 프로X2 화이트 최신상,거래중,"290,000원",잠실4동,2026-06-03,1,17,792,56℃,라라38,뷰티/미용,,,290000
마미케어,메디큐브 부스터프로,장원영 디바이스 메디큐브 에이지알 부스터 프로 X2,거래중,"250,000원",잠실4동,2026-08-02,4,11,135,36.8℃,유비니,뷰티/미용,,,250000
마미케어,메디큐브 부스터프로,"메디큐브 포커스샷, 울트라튠, 부스터프로",거래중,"340,000원",잠실4동,2026-07-03,0,2,99,36.8℃,학오,뷰티/미용,,"메디큐브 포커스샷, 울트라튠, 부스터프로 입니다.
일괄판매이구요 
사진에서 보이는 구성품 그대로 보내드려요.
구매한지 1년정도 됐는데 사용 횟수는 각 20회미만입니다. 작년에 구매했을 당시 75만원이었습니다
깨끗이 사용했고 당연히 소독해서 드립니다. 

집에서 간편하게 피부관리 하실 분들께 추천드려요.",340000
마미케어,메디큐브 부스터프로,메디큐브 에이지알 부스터 프로 미니,거래완료,"60,000원",방이동,2025-09-01,1,2,90,42.6℃,토스트속햄스터,뷰티/미용,🤍직거래 올림픽공원역 3번 출구,"메디큐브 부스터 프로 미니 내놓습니다~
손이 잘 안가서 판매합니다
박스도 같이 드려요

- 미세 전류, 고주파, EMS, LED 기능
- 5가지 모드로 피부 관리를 도와줘요
- 피부 탄력, 모공, 각질, 윤기, 광채, 톤업에 효과적!


🤍Gs, Cu 반택 +0.2
🤍직거래 올림픽공원역 3번 출구

찔러보기, 잠수🙅🏻‍♀️
직거래 하실 땐 시간 약속을 잘 지켜주세요!

📍단순 변심이나 교환/환불은 매우 어렵습니다",60000
마미케어,메디큐브 부스터프로,메디큐브 에이지알 부스터 프로 미니 화이트,거래중,"115,000원",잠실4동,2026-08-13,0,0,,,,,,,115000
마미케어,메디큐브 부스터프로,메디큐브 에이지알 부스터 브이롤러 헤드 + 부스터 프로 미니플러스 set,거래중,"100,000원",잠실4동,2026-08-07,2,18,,,,,,,100000
마미케어,메디큐브 부스터프로,메디큐브 에이지알 부스터프로 핑크 새상품,거래중,"200,000원",잠실4동,2026-05-04,2,16,169,40.7℃,sukie,뷰티/미용,,,200000
마미케어,메디큐브 부스터프로,메디큐브 에이지알 부스터 프로 옐로우 새상품,거래중,"200,000원",잠실4동,2026-08-02,0,2,52,42.8℃,핑크밀크,뷰티/미용,,,200000
마미케어,메디큐브 부스터프로,[새상품] 메디큐브 에이지알 부스터 프로,거래중,"230,000원",잠실4동,2025-09-01,13,34,970,45℃,유부,뷰티/미용,,"메디큐브 에이지알 부스터 프로 새 상품입니다!
핑크색상이고, 토끼 헤드커버도 있습니다.

토끼헤드커버는 아이가 뜯어보았으나
부스터는 미개봉품입니다.",230000
마미케어,메디큐브 부스터프로,메디큐브 AGE-R 부스터 프로 마이멜로디 에디션,거래중,"210,000원",잠실4동,2026-05-04,0,19,,,,,,,210000
마미케어,메디큐브 부스터프로,"메디큐브 에이지알 3종 세트 (부스터 프로, 롤러, 클렌저)",거래중,"168,000원",잠실4동,2026-08-02,0,3,49,37.6℃,무인희,뷰티/미용,,,168000
마미케어,메디큐브 부스터프로,메디큐브 부스터프로 X2 핑크 새상품,거래중,"274,000원",잠실4동,2026-05-04,0,9,284,44.2℃,승아네화장품0안전포장0,뷰티/미용,중앙동 부근 직거래 합니다.,"박스 포장비닐만 제거한 새제품 풀박
올해 출시 신상 모델

정상 판매가 545,000

선물받았는데 쓰던게 있어서 내놔요


중앙동 부근 직거래 합니다.
교환X 환불X
단순변심, 마음에 안들시 본인이 재당근하셔야 합니다.


•계좌거래 안합니다.

•당근페이 / 현금거래 가능합니다.",274000
마미케어,메디큐브 부스터프로,메디큐브 부스터 프로 미니 클렌징기기 핑크,거래중,"71,000원",잠실4동,2026-07-03,2,10,151,42℃,나나,뷰티/미용,,,71000
마미케어,메디큐브 부스터프로,[미개봉새제품]메디큐브 에이지알 부스터프로 미니 플러스 짱구에디션,거래중,"100,000원",잠실4동,2026-07-03,2,7,,,,,,,100000
마미케어,메디큐브 부스터프로,메디큐브 에이지알 부스터 프로 쿠로미 에디션 미개봉,거래중,"342,000원",잠실4동,2026-05-04,0,5,138,54.4℃,애플이,뷰티/미용,,,342000
마미케어,메디큐브 부스터프로,새상품) 메디큐브 에이지알 부스터프로 X2 + 세럼 증정,거래중,"280,000원",잠실4동,2026-05-04,3,20,544,41.9℃,논현아이파크,뷰티/미용,,,280000
마미케어,메디큐브 부스터프로,"새상품! 메디큐브 에이지알 부스터프로, 하이포커스샷, 울트라튠",거래중,"530,000원",잠실4동,2026-07-03,1,0,102,39.9℃,ggo,뷰티/미용,,,530000
마미케어,메디큐브 부스터프로,(미개봉 새 상품) 메디큐브 에이지알 부스터 프로 x2 핑크 + 앰플,거래중,"300,000원",잠실4동,2026-06-03,2,4,,,,,,,300000
마미케어,메디큐브 부스터프로,메디큐브 AGE-R 부스터 프로 핑크 새상품,거래중,"170,000원",잠실4동,2026-04-04,0,20,198,65.6℃,wj,뷰티/미용,,"메디큐브 AGE-R 부스터 프로 핑크 새상품입니다

KOIR ACID TURMERIC NIGHT WRAPPING MASK, 
PDRN PINK GLUTATHIONE SERUM MIST 
함께 드립니다

포장에 네임펜으로 성능 적어 뒀으나 비닐포장이라 벗기면 깨끗합니다.",170000
마미케어,메디큐브 부스터프로,장원영 메디큐브 부스터미니 프로 짱구에디션 새제품,거래중,"89,000원",잠실4동,2026-07-03,0,9,,,,,,,89000
마미케어,메디큐브 부스터프로,미개봉 메디큐브 AGE-R 부스터 프로 핑크 + PDRN 부스터젤,거래중,"160,000원",잠실6동,2026-06-03,6,18,195,36.9℃,띠용,뷰티/미용,,,160000
마미케어,메디큐브 부스터프로,메디큐브 에이지알 부스터 프로 헬로키티 에디션,거래중,"300,000원",잠실6동,2026-03-05,0,12,356,40.8℃,기로기,뷰티/미용,,,300000
마미케어,메디큐브 부스터프로,메디큐브 에이지알 부스터 프로 헬로키티 에디션 (미개봉새상품),거래중,"500,000원",잠실6동,2026-07-03,0,5,172,47.2℃,밍밍,뷰티/미용,,,500000
마미케어,메디큐브 부스터프로,메디큐브 에이지알 부스터 프로 미니플러스 진동 클렌저,거래중,"90,000원",잠실6동,2026-06-03,1,10,164,51℃,오로라유니콘,뷰티/미용,,,90000
마미케어,메디큐브 부스터프로,[미개봉/한정판] 메디큐브 에이지알 부스터 프로 미니 플러스 마이멜로디 에디션,거래중,"90,000원",잠실6동,2026-07-03,2,22,,,,,,,90000
마미케어,메디큐브 부스터프로,메디큐브 에이지알 부스터 프로 옐로우 풀박스,거래중,"120,000원",문정동,2026-08-26,0,0,13,38.8℃,pv,뷰티/미용,,"메디큐브 에이지알 부스터 프로 옐로우 색상 풀박스 구성이에요
구성품 모두 사진으로 확인 가능해요
새 제품 가격은 비싸지만, 합리적인 가격으로 만나보세요
피부 관리에 관심 있는 분들께 추천드려요",120000
마미케어,메디큐브 부스터프로,메디큐브 에이지알 부스터 프로 핑크+ 곰헤드케이스,거래중,"159,000원",잠실6동,2026-05-04,0,2,56,36.6℃,다공다,뷰티/미용,,,159000
마미케어,메디큐브 부스터프로,[박스 미개봉 정품] 메디큐브 부스터 프로 + 판다 헤드 케이스 새 상품,거래중,"228,000원",잠실6동,2026-04-04,0,4,114,52.8℃,썸네일,뷰티/미용,,,228000
마미케어,메디큐브 부스터프로,(새상품)메디큐브 에이지알 부스터 프로 미니 춘식이 에디션,거래중,"90,000원",잠실6동,2026-08-02,0,4,,,,,,,90000
마미케어,메디큐브 부스터프로,메디큐브 에이지알 헬로키티 부스터프로 미개봉 새상품 정품,거래중,"600,000원",잠실6동,2025-09-01,0,9,282,51.8℃,melon,,,,600000
마미케어,메디큐브 부스터프로,메디큐브 에이지알 부스터 프로 미니 플러스,거래중,"1,000원",잠실6동,2026-07-03,1,3,221,53.6℃,하하요요,뷰티/미용,,,1000
마미케어,메디큐브 부스터프로,메디큐브 에이지알 부스터 프로 미니 클렌저 핑크,거래중,"150,000원",잠실6동,2026-07-03,0,3,58,36.9℃,슈슈리리,뷰티/미용,,,150000
마미케어,메디큐브 부스터프로,[박스 미개봉 정품] 메디큐브 부스터 프로 핑크 에디션 곰돌이 세트 새 상품,거래중,"220,000원",잠실6동,2026-03-05,2,8,,,,,,,220000
마미케어,메디큐브 부스터프로,"[한정판/파우치 증정] 메디큐브 부스터 프로 미니 춘식이 에디션 원가 126,000원",거래중,"70,000원",잠실6동,2026-05-04,1,17,489,48.6℃,귀여운친구,뷰티/미용,,,70000
마미케어,메디큐브 부스터프로,새상품 ) 메디큐브 부스터프로 짱구 에디션,거래중,"260,000원",잠실7동,2026-07-03,0,6,202,52.9℃,댕댕,뷰티/미용,,,260000
마미케어,메디큐브 부스터프로,(미새봉새상품풀박구성)메디큐브 부스터 프로 미니 카카오프렌즈 에디션,거래중,"70,000원",잠실7동,2026-04-04,2,14,198,61.9℃,참치,뷰티/미용,,,70000
마미케어,메디큐브 부스터프로,메디큐브 부스터 프로 미니(오프라인 새제품구매),거래중,"40,000원",잠실7동,2026-08-30,0,4,16,57.8℃,llllIIlllIl,뷰티/미용,,,40000
마미케어,메디큐브 부스터프로,메디큐브 부스터프로 미니,거래중,"54,000원",잠실7동,2026-07-03,1,9,,59.3℃,모니,,,,54000
마미케어,메디큐브 부스터프로,메디큐브 에이지알 부스터 브이롤러 (에이지알ems 브이롤러 + 부스터프로 미니 핑크 SET),거래중,"120,000원",잠실7동,2026-06-03,0,4,86,59.3℃,모니,,,,120000
마미케어,메디큐브 부스터프로,[박스미개봉 새상품] 메디큐브 에이지알 부스터 프로 라벤더 정품,거래중,"198,000원",잠실7동,2026-09-01,0,1,2,52.8℃,썸네일,뷰티/미용,,,198000
마미케어,메디큐브 부스터프로,메디큐브 에이지알 부스터 프로 핑크 풀박스,거래중,"80,000원",잠실7동,2026-09-01,0,7,41,42.9℃,보리맘,뷰티/미용,,,80000
마미케어,메디큐브 부스터프로,미개봉 메디큐브 에이지알 부스터 프로 X2 화이트,거래중,"250,000원",문정1동,2026-08-27,1,3,25,41.6℃,두붕,디지털기기,,"메디큐브 에이지알 부스터 프로 X2 화이트 색상이에요
PDRN 앰플 10ml 증정 구성으로 만나보세요
사진에서 보이는 구성 그대로 보내드려요
피부 고민 있으신 분들께 추천드려요",250000
마미케어,메디큐브 부스터프로,메디큐브 에이지알 부스터 프로 X2 화이트 미개봉,거래중,"250,000원",문정1동,2026-08-27,0,3,19,41.6℃,두붕,디지털기기,,"메디큐브 에이지알 부스터 프로 X2 화이트 제품이에요
피부 탄력과 리프팅에 도움을 주는 뷰티 디바이스랍니다
다양한 모드로 맞춤 케어가 가능해요
매끈하고 건강한 피부를 원하시는 분들께 추천드려요",250000
마미케어,메디큐브 부스터프로,(상태좋음)메디큐브 부스터프로 핑크 송파,거래중,"150,000원",마천1동,2026-08-20,0,8,127,41.4℃,레고,뷰티/미용,문고리 거래로 시간제약없이 비대면 거래 가능합니다,"충전기 선도 그대로 사용안했고 박스는 없지만 제 당근 보시면 미개봉이나 새 제품 위주로 판매하는 편이라 상태는 자신 있게 말씀드릴 수 있습니다!!

문고리 거래로 시간제약없이 비대면 거래 가능합니다",150000
마미케어,메디큐브 부스터프로,마이멜로디 메디큐브 부스터 프로 핑크,거래중,"150,000원",오금동,2026-09-01,0,2,,,,,,,150000
마미케어,메디큐브 부스터프로,메디큐브 에이지알 부스터 프로 미개봉 새상품,거래중,"150,000원",문정동,2026-08-22,0,6,29,42.2℃,샤인미어캣,뷰티/미용,,,150000
마미케어,메디큐브 부스터프로,메디큐브 에이지알 부스터 프로 미니 화이트 새것,거래중,"79,000원",잠실7동,2026-08-23,0,5,73,47.1℃,보문로,,,,79000
마미케어,메디큐브 부스터프로,에이피알 메디큐브 에이지알 부스터 프로 블랙 송파,거래중,"90,000원",거여동,2026-08-02,1,4,71,41℃,띵똥,뷰티/미용,직거래 거여역 노브랜드버거 앞,"매일 사용하기 전후로 소독한 제품입니다.
관리샵에 다니면서 사용하지 않게 되었습니다.
저렴한 가격에 판매합니다~

채팅주시면 실물 인증도 가능합니다.
직거래 거여역 노브랜드버거 앞
택배 가능 (편의점 택배 3천원 추가)",90000
마미케어,메디큐브 부스터프로,메디큐브 에이지알 부스터 프로 레몬베어 에디션,거래중,"150,000원",문정동,2026-08-21,0,3,30,39.7℃,당근당근,뷰티/미용,,,150000
마미케어,메디큐브 부스터프로,메디큐브 부스터 프로 X2 핑크 (미개봉 새상품 ),거래중,"260,000원",삼전동,2026-08-02,9,51,889,44.1℃,고양이집사,뷰티/미용,,"메디큐브 에이지알 부스터 프로 X2 핑크 색상이에요
7가지 모드와 6단계 앰플 흡수율을 자랑하는 프리미엄 토탈 디바이스랍니다
최대 흡수율 1332%로 피부 속 깊숙이 유효 성분을 전달해줘요
피부 고민 있으신 분들께 추천드려요",260000
마미케어,메디큐브 부스터프로,메디큐브 부스터프로 미니 핑크 송파,거래중,"50,000원",마천동,2026-08-02,0,20,275,43.4℃,우으응으웅,뷰티/미용,,"구매 후 5회 사용, 상태 좋아요

핑크색이고 사진에 있는 보관 파우치 같이 드려요",50000
마미케어,메디큐브 부스터프로,메디큐브 에이지알 부스터 프로 블랙 풀박 송파,거래중,"150,000원",풍납동,2026-05-04,0,5,157,36.8℃,km,뷰티/미용,,"메디큐브 에이지알 부스터 프로 블랙 색상 풀박스 구성이에요
본체와 충전 케이블, 사용 설명서, 주의사항까지 모두 갖춰져 있어요
사진에서 보이는 것처럼 구성품 모두 깔끔하게 보관되어 있습니다
사용 횟수 많지 않아요!
피부 관리에 관심 있는 분들께 추천드리는 제품이에요!",150000
마미케어,메디큐브 부스터프로,메디큐브 에이지알 부스터 프로 핑크 미개봉,거래중,"175,000원",삼전동,2026-08-02,2,7,112,44.1℃,고양이집사,뷰티/미용,,,175000
마미케어,메디큐브 부스터프로,메디큐브 부스터 프로 핑크 미개봉 새제품,거래중,"174,000원",삼전동,2026-05-04,3,9,177,44.1℃,고양이집사,뷰티/미용,,"메디큐브 에이지알 부스터 프로 핑크 색상 미개봉 새 제품입니다
피부 속부터 차오르는 광채 피부를 경험해보세요
-피부의 겉과 속을 동시에 케어해 줍니다
-피부결, 광채, 탄력, 모공, 진정, 톤, 리프팅, 볼륨 8가지 피부 고민을 해결해 줍니다",174000
마미케어,메디큐브 부스터프로,에이지알 메디큐브 부스터 프로 핑크,거래중,"100,000원",삼전동,2026-05-04,3,10,389,37.8℃,눙물,뷰티/미용,직거래 및 택배 가능해요!,"총 2회 사용했고 손이 잘 안 가서 올립니다

두번째 사진 보시면 가운데 금이 가있는데 사용하는데에 아무 문제 없습니다
그래도 하자가 있어 가격 낮춰서 올려요

박스는 구매하자마자 버려서 없고 기기만 있습니다

직거래 및 택배 가능해요!",100000
마미케어,메디큐브 부스터프로,메디큐브 에이지알 유세라딥샷(울트라튠 보상판매 가능) 송파,거래중,"76,000원",거여2동,2025-09-01,1,13,353,76.4℃,니냐니옹,뷰티/미용,,,76000
마미케어,메디큐브 부스터프로,미개봉 메디큐브 에이지알 부스터프로 짱구 에디션+글루타치온 앰플+콜라겐마스크팩+리프팅크림 새상품 물광 피부관리기기,거래중,"260,000원",잠실동,2026-09-01,0,0,9,43.8℃,누룽지,,,,260000
마미케어,메디큐브 부스터프로,(1회사용) 메디큐브 부스터프로×2,거래중,"280,000원",잠실동,2026-08-23,0,6,129,49.2℃,Co,뷰티/미용,"봉담 직거래, 문고리, 택배거래 가능","미니 아니고 큰 사이즈입니다
1회 사용하고 시간도 없고 귀찮아서 안 쓰게 되서 판매합니다! 상태 깨끗하고 작동 잘 됩니다!
박스째 구성 그대로 드려요

이 금액에 판매안되면 그냥 가지고 있을 예정입니다

봉담 직거래, 문고리, 택배거래 가능",280000
마미케어,메디큐브 부스터프로,메디큐브 에이지알 부스터 프로 X2 핑크,거래중,"275,000원",잠실동,2026-08-19,0,4,162,51.8℃,샤샤,뷰티/미용,,"메디큐브 에이지알 부스터 프로 X2 핑크 색상이에요
구성품은 본체와 파우치입니다
사진에서 보이는 것처럼 깔끔한 상태를 유지하고 있어요
새로나온 신상이라 기능도 좋고 피부 탄력과 리프팅에 관심 있는 분들께 추천드려요

실사용 5회정도됩니다! 
어플 연동 가능해서 ai로 맞춤설계도 해줘요

제 자신에게 주는 출산 선물로 할부로 사서 아직도 할부 내고있는데 아이 키우면서 자주 하기가 쉽지않아서 아까워 판매해요ㅠㅠ

지금 특가인데도 37만원이네요 빨리 할부 처리하고자 싸게 내놔요! 구매한지 한달됐습니당",275000
마미케어,메디큐브 부스터프로,[새상품] 메디힐 에이지알 부스터 프로 X2 핑크,거래중,"240,000원",잠실동,2026-09-01,0,0,,,,,,,240000
마미케어,메디큐브 부스터프로,메디큐브 부스터 프로 옐로우 미개봉 새상품,거래중,"160,000원",잠실동,2026-08-02,1,24,356,99℃,기분좋은거래,뷰티/미용,,,160000
마미케어,메디큐브 부스터프로,메디큐브 부스터프로x2 풀박,거래중,"225,000원",잠실동,2026-08-02,3,25,,,,,,,225000
마미케어,메디큐브 부스터프로,메디큐브 에이지알 부스터 프로 미니 화이트,거래중,"75,000원",잠실동,2026-08-25,0,1,74,37.1℃,당근이야,뷰티/미용,,,75000
마미케어,메디큐브 부스터프로,메디큐브 부스터프로 핑크 미개봉💖,거래중,"180,000원",잠실동,2026-08-02,3,31,364,43.3℃,파닥파닥,뷰티/미용,,"(미개봉) 메디큐브 부스터프로 핑크 색상입니다🐷
5월부터 1년간 보증기간이 있습니다 ! 저는 필요가 없어서 판매해요",180000
마미케어,메디큐브 부스터프로,메디큐브 에이지알 부스터프로 짱구 에디션,거래중,"200,000원",잠실동,2026-08-21,0,7,85,37.2℃,뭐든사요,뷰티/미용,,,200000
마미케어,메디큐브 부스터프로,(미사용)메디큐브 에이지알 부스터프로 짱구에디션 풀패키지,거래중,"170,000원",잠실동,2026-08-05,0,10,87,41.6℃,ekdrms,뷰티/미용,,,170000
마미케어,메디큐브 부스터프로,메디큐브 AGE-R 부스터 프로 짱구 에디션 미개봉 새상품판매,거래중,"170,000원",잠실동,2026-08-30,0,6,29,40.3℃,도화,뷰티/미용,,,170000
마미케어,메디큐브 부스터프로,♡미개봉♡메디큐브 에이지알 부스터 프로 X2 핑크,거래중,"260,000원",잠실동,2026-08-19,0,10,150,37.6℃,삐꾸,뷰티/미용,,,260000
마미케어,메디큐브 부스터프로,메디큐브 에이지알 부스터 프로 X2 핑크 풀박,거래중,"280,000원",잠실동,2026-08-28,0,5,83,46.8℃,카투링,뷰티/미용,,,280000
마미케어,메디큐브 부스터프로,메디큐브 에이지알 부스터 프로 라벤더 (폴박스),거래중,"140,000원",잠실본동,2026-06-03,0,8,163,45.2℃,리아나,뷰티/미용,,,140000
마미케어,메디큐브 부스터프로,메디큐브 AGE-R 부스터 프로 쿠로미 에디션,거래중,"230,000원",잠실본동,2026-08-02,1,2,34,68.3℃,안방마님,뷰티/미용,,,230000
마미케어,메디큐브 부스터프로,메디큐브 EMS 부스터 프로 미니 플러스+브이롤러 헤드 핑크,거래중,"120,000원",잠실본동,2026-07-03,0,12,203,42.3℃,퓨오,뷰티/미용,,,120000
마미케어,메디큐브 부스터프로,메디큐브 에이지알 부스터 프로 핑크(헤드캡포함),거래중,"150,000원",잠실본동,2026-08-03,0,5,98,36.6℃,꿈틀이,뷰티/미용,,,150000
마미케어,메디큐브 부스터프로,카카오프렌즈 춘식이 메디큐브 에이지알 부스터프로 미니,거래중,"50,000원",잠실본동,2026-08-30,0,13,78,37.2℃,영리한이웃,뷰티/미용,,,50000
마미케어,메디큐브 부스터프로,[미개봉 새상품] 메디큐브 짱구에디션 부스터 프로,거래중,"185,000원",잠실본동,2026-08-27,0,10,66,40.1℃,예비,뷰티/미용,,,185000
마미케어,메디큐브 부스터프로,"(일괄판매) 메디큐브 하이포커스샷, 부스터프로미니",거래중,"157,000원",잠실본동,2026-06-03,0,8,176,38℃,바니바니당근바니당근바니,뷰티/미용,,,157000
마미케어,메디큐브 부스터프로,메디큐브 에이지알 부스터 프로 헬로키티 한정판,거래중,"257,000원",잠실본동,2026-08-19,0,3,79,39.9℃,정품정품,뷰티/미용,,,257000
마미케어,메디큐브 부스터프로,메디큐브 에이지알 부스터 프로 쿠로미 에디션+에이지알 더마 EMS 샷,거래중,"410,000원",잠실본동,2026-07-03,0,3,,,,,,,410000
마미케어,메디큐브 부스터프로,메디큐브 부스터 프로 헬로키티 에디션,거래중,"180,000원",잠실본동,2026-08-02,1,17,141,36.6℃,키티중독녀,뷰티/미용,,"메디큐브 부스터 프로 헬로키티 에디션 판매해요
헬로키티 디자인으로 소장가치 높아요
본체와 사용설명서, 클렌징 티슈까지 모두 포함되어 있어요!
피부 관리 홈케어 기기 찾으시는 분들께 추천드려요 어플이랑 연동해서 내 관리 루틴을 만들거나 추천도 해줘서 유용합니다 기본적으로 사용할 땐 4가지 모드 와 5가지 강도 있습니다!

정가 339000원이고 원래 피부가 좋은 편이기도 하고 자주 사용 안 해서 판매합니당 피부 외에도 턱선라인 정리 되는 효과 있었습니다",180000
마미케어,메디큐브 부스터프로,메디큐브 에이지알 부스터 프로 핑크,거래중,"200,000원",잠실본동,2026-08-03,0,1,66,39.6℃,융융융,뷰티/미용,,"메디큐브 에이지알 부스터 프로 핑크 색상 제품이에요
사진에서 보이는 그대로 구성품이구요
피부 관리에 관심 많으신 분들께 추천드려요",200000
마미케어,메디큐브 부스터프로,메디큐브 AGE-R 부스터 프로 핑크,거래중,"160,000원",잠실본동,2026-08-02,0,5,63,39.4℃,우렁,뷰티/미용,,"메디큐브 AGE-R 부스터 프로 핑크 색상이에요

선물받았는데 쓸일없어 판매해요

새상품이고
바로구매로만 거래할게요",160000
마미케어,메디큐브 부스터프로,메디큐브 에이지알 부스터 프로×2 화이트,거래중,"270,000원",잠실본동,2026-06-03,2,21,531,37.6℃,긍철,뷰티/미용,,"메디큐브 에이지알 부스터 프로x2 화이트입니다
실사용 3회입니다

여러가지 기능 있고 구성품 그대로 판매합니다

가격제안xxxxx",270000
마미케어,메디큐브 부스터프로,메디큐브 AGE-R 부스터 프로 블랙,거래중,"135,000원",잠실본동,2026-05-04,0,7,,,,,,,135000
마미케어,메디큐브 부스터프로,메디큐브 부스터 프로 헬로키티 에디션,거래중,"250,000원",잠실본동,2026-08-13,1,17,225,40.8℃,민들레호오올시,뷰티/미용,,"소장용으로 가지고 있다 정리
새상품은 아님 사용한적 있음 

환불 받지 않습니다 신중히 결정해 주세요

거래는 현금 또는 당근페이로 받습니다
(보이스피싱 이슈로 개인계좌이체는 받지 않습니다)",250000
마미케어,메디큐브 부스터프로,메디큐브 에이지알 부스터 프로 / 새상품,거래중,"230,000원",잠실본동,2026-08-14,0,6,88,40.1℃,메로나,뷰티/미용,,"메디큐브 에이지알 부스터 프로 라벤더 색상
뜯지않은 새상품 입니다.

곰돌이 헤드캡
부스팅 앰플, 글루타치온 글로우 앰플
글루타치온 캡슐크림 등

전부 드립니다.

",230000
마미케어,메디큐브 부스터프로,[새제품] 메디큐브 에이지알 부스터 프로 X2 핑크,거래중,"290,000원",잠실본동,2026-07-03,3,22,411,99℃,플라밍고,뷰티/미용,,,290000
마미케어,메디큐브 부스터프로,메디큐브 에이지알 부스터 프로 쿠로미 에디션 풀박스,거래중,"220,000원",잠실본동,2026-08-03,0,1,67,37.9℃,민둥,뷰티/미용,,,220000
마미케어,메디큐브 부스터프로,메디큐브 *한정판* 마이멜로디에디션 부스터 프로미니 핑크라인 세트판매,거래중,"100,000원",잠실본동,2026-08-02,0,5,78,40.5℃,묭묭,뷰티/미용,,,100000
마미케어,메디큐브 부스터프로,미개봉 메디큐브 에이지알 부스터 프로 미니 핑크,거래중,"81,000원",잠실본동,2026-08-24,0,5,,,,,,,81000
마미케어,메디큐브 부스터프로,메디큐브 헬로키티 에디션 부스터 프로,거래중,"180,000원",장지동,2026-08-02,1,3,98,43.2℃,inrn,뷰티/미용,,"메디큐브 헬로키티 에디션 부스터 프로와 글로우 세럼 판매해요
구성품은 사진과 같아요
글로우 세럼은 2028년 3월 5일까지 사용 가능해요 새거구요
피부 관리에 관심 있는 분들께 추천드려요
2024 산리오이지만 2025년에 샀던거고 게을러서 몇 번 안썼어요ㅠㅠ
임신하고 못써서 올립니다
헬로키티 구성품 다 있어서 찾아볼게요~",180000
마미케어,메디큐브 부스터프로,메디큐브 에이지알 부스터 프로 블랙+보호캡,거래중,"150,000원",장지동,2026-07-03,0,3,59,39.2℃,율룽지,뷰티/미용,,,150000
마미케어,메디큐브 부스터프로,"[미개봉/새상품] 메디큐브 에이지알 부스터프로 옐로우, 히알루로닉 펩타이드 세럼",거래중,"170,000원",장지동,2026-08-24,0,1,,,,,,,170000
마미케어,메디큐브 부스터프로,메디큐브 에이지알 부스터 프로 미니플러스 진동 클렌저,거래중,"85,000원",장지동,2026-06-03,0,12,241,39.8℃,할루방구,뷰티/미용,,,85000
마미케어,메디큐브 부스터프로,메디큐브 에이지알 부스터프로 쿠로미에디션,거래중,"200,000원",장지동,2026-06-03,0,19,276,84.1℃,아이,,,,200000
마미케어,메디큐브 부스터프로,메디큐브 에이지알 부스터 프로 미니 플러스 짱구 에디션(새제품),거래중,"100,000원",장지동,2026-07-03,0,11,,,,,,,100000
마미케어,메디큐브 부스터프로,메디큐브 AGE-R 부스터 프로 + 메디큐브 에이지알 글루타치온 글로우 캡슐 크림,거래중,"130,000원",장지동,2026-06-03,1,13,216,41.1℃,Kidding,뷰티/미용,,,130000
마미케어,메디큐브 부스터프로,(미개봉) 메디큐브 에이지알 부스터 프로 미니 플러스 핑크,거래중,"90,000원",장지동,2026-08-18,1,11,,,,,,,90000
마미케어,메디큐브 부스터프로,메디큐브 에이지알 부스터프로 X2 뷰티 디바이스 -핑크,거래중,"280,000원",장지동,2026-08-02,1,3,90,42.2℃,연연연,뷰티/미용,,,280000
마미케어,메디큐브 부스터프로,메디큐브 에이지알 부스터 프로 미니 플러스(미개봉),거래중,"90,000원",장지동,2026-08-02,0,12,161,40.5℃,1억,뷰티/미용,,,90000
마미케어,메디큐브 부스터프로,메디큐브 에이지알 부스터프로 잔망루피 에디션,거래중,"180,000원",풍납1동,2026-07-03,3,15,,,,,,,180000
마미케어,메디큐브 부스터프로,메디큐브 부스터 프로 핑크 토끼 에디션,거래중,"150,000원",풍납2동,2026-08-31,0,5,33,37.4℃,달래,뷰티/미용,,"메디큐브 부스터 프로 핑크 에디션입니다
박스 구성품 그대로 있어요
충전 케이블도 있습니다
25년 10월 구매 후 한달 정도 사용했고 잘 사용하지 않게 되어 판매합니다
깨끗하게 사용했습니다",150000
마미케어,메디큐브 부스터프로,메디큐브 에이지알 부스터 프로 미니 마이멜로디,거래중,"160,000원",풍납2동,2026-07-03,0,2,,,,,,,160000
마미케어,메디큐브 부스터프로,메디큐브 에이지알 부스터 프로 미니 플러스 짱구 에디션,거래중,"89,000원",풍납2동,2026-06-03,0,4,168,65.6℃,나의당근일지,,,,89000
마미케어,메디큐브 부스터프로,[미개봉]메디큐브 에이지알 부스터 프로 블랙 풀박스,거래중,"180,000원",풍납2동,2026-05-04,7,22,,,,,,,180000
마미케어,메디큐브 부스터프로,미개봉 새상품 메디큐브 에이지알 부스터 프로미니플러스,거래중,"90,000원",풍납2동,2026-07-03,2,17,313,42℃,이슬,뷰티/미용,,,90000
마미케어,메디큐브 부스터프로,"메디큐브 에이지알 부스터 프로 퍼플 새 제품+ 중고 울트라튠,더마ems샷 일괄",거래중,"200,000원",풍납동,2026-08-02,0,2,58,46℃,소비요정탈출,뷰티/미용,,,200000
마미케어,메디큐브 부스터프로,메디큐브 부스터 프로 X2 핑크,거래중,"219,000원",풍납동,2026-08-24,6,33,,,,,,,219000
마미케어,메디큐브 부스터프로,메디큐브 부스터프로 미니플러스 +클렌저 헤드 화이트,거래중,"90,000원",풍납동,2026-07-03,0,3,33,37.3℃,엔돌핀과다분비,뷰티/미용,,,90000
마미케어,메디큐브 부스터프로,"마미케어 미니언즈 브이쎄라 EMS 마사지기, 메디큐브 춘식이 부스터 프로 미니 (가격내림)",거래중,"130,000원",풍납동,2026-08-02,0,5,124,38.1℃,배고배고,,,,130000
마미케어,메디큐브 부스터프로,(새상품)메디큐브 에이지알 부스터 프로 X2 핑크,거래중,"219,000원",풍납동,2026-08-24,1,13,96,0℃,달콤콤,뷰티/미용,,,219000
마미케어,메디큐브 부스터프로,[박스미개봉 정품] 메디큐브 에이지알 부스터 프로 블랙+물방울헤드캡 세트 새 상품,거래중,"198,000원",풍납동,2026-08-02,0,8,167,71.2℃,바다,,,,198000
마미케어,메디큐브 부스터프로,메디큐브 AGE-R 부스터 프로 풀세트 (새상품 미개봉),거래중,"230,000원",풍납동,2026-08-26,0,0,3,79.3℃,우리집정리중,뷰티/미용,,,230000
마미케어,메디큐브 부스터프로,메디큐브 에이지알 부스터 프로 블랙(미개봉),거래중,"150,000원",풍납동,2026-08-02,0,1,,,,,,,150000
마미케어,메디큐브 부스터프로,메디큐브 에이지알 부스트 프로 미니,거래중,"80,000원",송파동,2026-04-04,0,5,101,39.4℃,띠띠,뷰티/미용,직거래(잠실) 가능,"5회 미만 사용
정상 작동⭕️
상태 깨끗함
저는 생각보다 손이 잘 안 가서 팔아요 
쿨거시 반택포 8만원에 드려용
직거래(잠실) 가능",80000
마미케어,메디큐브 부스터프로,메디큐브 에이지알 부스터 힐러 풀박스,거래중,"50,000원",잠실7동,2026-06-03,5,28,372,60.8℃,화이링,뷰티/미용,,"메디큐브 에이지알 부스터 힐러 풀박스 구성입니다
본체와 충전 케이블, 사용 설명서까지 모두 갖춰져 있어요
깔끔한 디자인과 뛰어난 성능으로 만족하실 거예요
피부 탄력과 광채를 되찾고 싶은 분들께 추천드려요
써야지 써야지하고 많이 못쓰고 보관했습니다",50000
마미케어,메디큐브 부스터프로,급처!!!) 메디큐브 부스터 힐러,거래중,"50,000원",오금동,2025-11-05,9,32,480,41.2℃,뮬만듀,뷰티/미용,직거래 반택 다 돼요!,"급전 필요햐서 싸게 판매해요!! 
가격 여기서 더 안 내릴 거 같아요 ㅠㅠㅠㅜㅠ. 
사용감은 없구 두 번정도 사용했어요! 
C타입 충전입니다 
직거래 반택 다 돼요!",50000
마미케어,메디큐브 부스터프로,새상품 메디테라피 알부틴 스킨 부스터 디바이스포함 잠실나루역 직거래,거래중,"18,000원",잠실4동,2025-12-05,0,4,48,37.8℃,행복남,뷰티/미용,잠실나루역  직거래가능합니다.,"메디테라피 알부틴 스킨 부스터 세럼
디바이스(캡)포함
새상품이에요

기한은 28년 3월 18일까지입니다
잠실나루역  직거래가능합니다.",18000
마미케어,메디큐브 부스터프로,메디큐브 에이지알 부스터H,거래중,"60,000원",방이2동,2025-10-06,3,24,294,37.3℃,애플,뷰티/미용,,"메디큐브 부스터힐러 판매합니다.
이사하면서 안쓰는 물건 처분하느라 내놓습니다!
몇번 사용 안해서 상태 좋습니다!
박스랑 충전 케이블 같이 드려요~

예약금 만원 있습니다.",60000
마미케어,메디큐브 부스터프로,메디큐브 고주파,거래중,"120,000원",문정동,2026-01-04,1,9,178,46.6℃,안다푸르마,뷰티/미용,,"24년도 구매했어요. 리퍼제품아닙니다!
얼마 사용안해서 상태 최상이고 풀박스에요.",120000
마미케어,메디큐브 부스터프로,메디큐브 에이지알 하이푸샷 풀박스 + 부스터 젤/세럼,거래중,"130,000원",가락1동,2026-02-03,0,11,149,43.1℃,바이올렛,뷰티/미용,,"메디큐브 에이지알 하이푸샷 풀박스 구성입니다.
구성품은 하이푸샷 본체, 박스, 퀵 가이드, 충전 케이블이며, 구입후3~4회사용후 보관만했어요.  구입시 받은 PDRN 부스터 젤(300ml)과 콜라겐 글로우 부스터 세럼(15ml)도 함께 드립니다~3~4번사용때 함께사용해서 절반이상 남아있어요",130000
마미케어,메디큐브 부스터프로,Rxpert MCS 스킨부스터 디바이스 MCS기기,거래중,"630,000원",문정동,2026-03-05,0,12,,,,,,,630000
마미케어,메디큐브 부스터프로,"메디큐브 AGE-R 풀박스 (부스터힐러, 에어샷, 더마ems샷, 유쎄라딥샷)",거래중,"50,000원",문정동,2026-02-03,7,34,552,37.7℃,뽀야니,뷰티/미용,,"메디큐브 AGE-R 풀박스입니다

- 부스터 힐러, 에어샷, 더마 EMS 샷, 유쎄라 딥 샷 
총 4개 풀박스
- 케이블 등 모든 구성품 갖춰져 있습니다
- 사용감 약간 있지만 구매 후 손이 안가서
안쓰게되서 내놓습니다ㅠㅠ  거의 새상품 급입니다.


(부스터 힐러, 더마 ems는 판매완료 되었습니다)

각 5만원.",50000
마미케어,메디큐브 부스터프로,메디큐브 AGE-R 유쎄라 딥샷 풀박스,거래중,"64,000원",삼전동,2026-03-05,0,14,208,38.4℃,내사랑짱구,뷰티/미용,,"메디큐브 AGE-R 유쎄라 딥샷 풀박스입니다

- 풀박스 구성 (본체, 충전 케이블, 사용 설명서, 부스터 젤 100ml2026/12/06까지 
-원하시면 25년꺼 250m도 드려요 

실사용 5회미만 박스채로 모셔두고 이제 판매해요
풀충전 작동이상무 상태 깨끗해요  

피부 속 탄력 개선에 도움을 주고, 임상으로 입증된 효과를 경험할 수 있습니다",64000
마미케어,메디큐브 부스터프로,메디큐브 에이지알 뷰티기기,거래중,"76,000원",방이1동,2026-02-03,0,4,156,40.8℃,정스,뷰티/미용,,"메디큐브 에이지알 뷰티 디바이스입니다

스킨케어 흡수에 도움이되고 피부 속 탄력, 모공, 피부결, 볼륨, 광채, 리프팅 개선에 도움을 줘요. 가볍고 입문템으로 좋은거같아요.",76000
마미케어,메디큐브 부스터프로,메디큐브 AGE-R 유쎄라 딥샷 풀박스,거래중,"50,000원",방이1동,2026-04-04,2,12,104,44.8℃,army,뷰티/미용,,"메디큐브 AGE-R 유쎄라 딥샷 풀박스입니다
피부 속 콜라겐을 깨워 탄력있는 피부로 가꿔줍니다
피부 속 깊이 흡수시켜 피부 탄력 개선에 도움을 줍니다
",50000
마미케어,메디큐브 부스터프로,메디큐브 에이지알 하이포커스샷,거래중,"110,000원",잠실본동,2026-04-04,0,17,176,43.4℃,ee,뷰티/미용,,"메디큐브 에이지알 하이포커스샷
산지 반년 정도 됐고 실사 사용은 4번 정도 됩니다
사놓고 안 써서 당근해요",110000
마미케어,메디큐브 부스터프로,메디큐브 에이지알 ATS 에어샷 & 부스터 힐러 세트,거래중,"251,000원",잠실4동,2026-02-03,0,1,103,39.4℃,링딩동그라미,뷰티/미용,직거래만 합니다!,"메디큐브 에이지알 ATS 에어샷 (화이트)과 부스터 힐러 (블랙) 세트 판매합니다

두 제품 모두 박스에 담겨 있으며, 사용 흔적이 거의 없는 새상품에 가까운 상태입니다

피부 탄력 개선과 흡수율 증진에 도움을 주는 홈케어 기기로, 집에서 간편하게 피부 관리를 할 수 있습니다

각 제품에는 충전 케이블이 포함되어 있습니다

직거래만 합니다!
각 200,000입니다!",251000
마미케어,메디큐브 부스터프로,메디큐브 에이지알 부스터 힐러 로즈골드,거래중,"50,000원",신천동,2026-05-04,0,4,47,36.5℃,bunnyesc,뷰티/미용,,"피부 고민 해결을 도와주는 메디큐브 에이지알 부스터 힐러 로즈골드 색상이에요
피부 속부터 탄력과 광채를 채워주는 제품으로, 꾸준히 사용하시면 만족하실 거예요
사진에서 보이는 것처럼 깔끔하게 사용했어요
피부 관리 홈케어를 간편하게 하고 싶으신 분들께 추천드려요",50000
마미케어,메디큐브 부스터프로,메디큐브 부스터 프로 풀박스,거래완료,"80,000원",송파동,2026-08-24,1,7,133,45.2℃,냠냐,뷰티/미용,,,80000
마미케어,메디큐브 부스터프로,메디큐브 에이지알 부스터 프로 블랙,거래완료,"50,000원",오륜동,2026-06-03,0,0,34,37.6℃,뾰로롱이,뷰티/미용,,"메디큐브 에이지알 부스터 프로 블랙 제품이에요

사진에 보이는 것처럼 기스가 있습니다. 
파인것이 아닌 기스만 있습니다. 사용간에 불편함은 없습니다. 

고객센터 확인해보니 6만원정도 내면 a/s 받을 수 있다고 합니다.",50000
마미케어,메디큐브 부스터프로,메디큐브 헬로키티 에디션 부스터 프로,거래완료,"80,000원",가락본동,2026-08-14,1,1,,,,,,,80000
마미케어,메디큐브 부스터프로,매디큐브 에이지알 부스터 프로,거래완료,"60,000원",가락1동,2026-08-19,1,2,59,47.9℃,당근당긍,뷰티/미용,,,60000
마미케어,메디큐브 부스터프로,메디큐브 에이지알 부스터 프로 핑크,거래완료,"69,000원",문정동,2026-08-02,1,6,92,36.8℃,호두누나,뷰티/미용,,"메디큐브 부스터 프로 핑크 색상입니다🩷
본체와 박스 구성으로 되어 있어요! 

구매일자 : 2024년 11월

사용은 많이하지 않아 사진에서 보이는 것처럼 깔끔한 상태를 유지하고 있습니다! 하지만 이사 과정에서 충격을 받았는지ㅠ 크렉이 가있는데 사용하는데애는 지장이 없습니다! 피부 관리에 관심 있는 분들께 추천드리는 제품이에요!

파란색으로 표시된 동그라미 부분이 깨져 저렴하게 판매합니다
피부에 닿는 부분이라 걱정스러우실테지만 까슬까슬하거나 걸리는 부분은 없습니다.",69000
마미케어,메디큐브 부스터프로,메디큐브 에이지알 부스터프로 블랙 풀박스,거래완료,"70,000원",위례동,2026-08-13,3,1,46,40.1℃,호호,뷰티/미용,,"메디큐브 에이지알 부스터프로 블랙 색상이고 박스있습니당🥹
사진에서 보이는 구성품 그대로 보내드려요😀
피부 탄력 관리에 도움을 주는 제품이에요
집에서 간편하게 피부 관리를 하고 싶으신 분들께 추천드려요!!

올해 초에 구매했고 제가 자주 사용하지 않아 판매합니다!!",70000
마미케어,메디큐브 부스터프로,메디큐브 부스터프로 핑크(실사용 2회) 본품 싸게 판매합니다. 상태 S급,거래완료,"100,000원",잠실본동,2026-06-03,4,1,70,44.7℃,에그타르트,뷰티/미용,,"메디큐브 에이지알 부스터 프로 핑크 색상입니다.
구매한지는 오랜데, 귀차니즘 너무 심해서 두 번 사용해봤어요. 
이렇게 묵힐 바에는 그냥 좋은 주인분께 새인생 찾아 주려고 당근을 켰습니다.
어느덧 시즌 2가 나와버리는 바람에 좀 싸게 올려요.
상태는 진짜 잔기스 하나 없고 좋아요.
박스는 대충 보관했더니 약간 사용감 있는데
본품은 진심 걍 새거입니다. 
연락 주세요.",100000
마미케어,메디큐브 부스터프로,부스터프로 블랙,거래중,"130,000원",위례동,2026-08-02,0,6,255,39℃,휘낭시에,뷰티/미용,,"사용감 적고 깨끗한 상태입니다

홈케어기기로는 진짜 최고라고 생각해요 

사용법도 간편하고 가벼워요 
아무거나 쓰시는 앰플과 함께 사용 가능합니다!!",130000
마미케어,메디큐브 부스터프로,메디큐브 에이지알 부스터 프로 블랙,거래완료,"83,000원",오금동,2026-07-03,2,3,132,38.8℃,핀율,뷰티/미용,,"메디큐브 에이지알 부스터 프로 블랙 판매해요
매뉴얼이랑 충전기 없고 
본품만 있습니다!
정상 작동합니다
",83000
마미케어,메디큐브 부스터프로,메디큐브 에이지알 부스터프로 블랙 에디션,거래완료,"120,000원",위례동,2026-07-03,1,0,29,36.5℃,홍삼캔디,뷰티/미용,,"메디큐브 에이지알 부스터프로 블랙 에디션 판매해요
본체와 충전 케이블, 비타c 앰플 포함되어 있어요
사진에서 보이는 구성품 그대로 보내드려요
피부 탄력 관리에 도움을 주는 제품으로 홈케어하기 좋아요",120000
마미케어,메디큐브 부스터프로,메디큐브 에이지알 부스터 프로 블랙 풀박,거래완료,"100,000원",위례동,2026-07-03,1,3,61,40.7℃,파프리카,뷰티/미용,,"메디큐브 에이지알 부스터 프로 블랙 색상 풀박스 구성이에요
본체와 충전 케이블, 사용 설명서, 주의사항까지 모두 갖춰져 있어요
사진에서 보이는 것처럼 깔끔하게 보관되어 있습니다",100000
마미케어,메디큐브 부스터프로,메디큐브 에이지알 부스터 프로 x2 핑크,거래완료,"150,000원",문정동,2026-08-02,2,5,73,39.3℃,aasdddfg,뷰티/미용,,,150000
마미케어,메디큐브 부스터프로,메디큐브 에이지알 부스터 프로 X2 핑크,거래완료,"200,000원",거여동,2026-07-03,1,2,21,38.8℃,웨티78,뷰티/미용,,"메디큐브 에이지알 부스터 프로 X2 핑크색상이에요..
본체와 충전선, 설명서까지 모두 구성품 그대로 있어요
선물 받아 딱 1번 써보고 그대로라 사진에서 보이는 것처럼 깔끔한 상태를 유지하고 있어요...
거의 새제품입니다.

피부 탄력과 광채를 원하시는 분들께 추천드려요..

상태는 완전 좋은데.. 빠르게 팔고 싶어서 싸게 내놓습니다 ~  언릉 가지고 가세요~!",200000
마미케어,메디큐브 부스터프로,(새상품) 미개봉 메디큐브 부스터 프로 미니 베이지 피부관리기,거래완료,"35,000원",오금동,2026-08-02,1,4,66,53.9℃,너무나무,뷰티/미용,,"메디큐브 부스터 프로 미니 베이지 색상이에요

사진에서 보시는 것처럼 포장지도 안 뜯은 구성품 모두 그대로 있어요

피부 관리에 관심 있는 분들께 추천드려요

편하게 문의주세요^^",35000
마미케어,메디큐브 부스터프로,[2회 사용] 메디큐브 부스터 프로 미니플러스 짱구에디션,거래완료,"85,000원",위례동,2026-05-04,1,1,24,38.7℃,시카,뷰티/미용,직거래는 노량진역이나 위례 아이파크 2차 가능해요,"2025년 12월에 사서 2번 사용하고 귀찮아서 그 뒤로 사용을 안 했어요(3번째 사진 보시면 확인 가능) 본품/파우치/박스 구성입니다.
2번 다 소독하며 깨끗하게 썼고 정상 작동 잘 돼요.

네고 가능합니다:)

직거래는 노량진역이나 위례 아이파크 2차 가능해요

새 제품 가격은 119,000원이에요",85000
마미케어,메디큐브 부스터프로,메디큐브 AGE-R 부스터 프로 블랙 풀박,거래완료,"100,000원",위례동,2026-05-04,4,2,94,46.8℃,whysmom,뷰티/미용,,"메디큐브 AGE-R 부스터 프로 블랙 색상 풀박스 구성입니다
본체와 충전기, 사용 설명서까지 모두 갖춰져 있어요
사진에서 보이는 것처럼 깔끔한 상태를 유지하고 있습니다
피부 탄력과 리프팅에 관심 있는 분들께 추천드려요",100000
마미케어,메디큐브 부스터프로,메디큐브 에이지알 부스터 프로 블랙 새상품,거래완료,"200,000원",위례동,2026-04-04,1,13,203,39.1℃,쟌블리,뷰티/미용,"매너 거래 ,직거래 합니다.","메디큐브 에이지알 부스터 프로 블랙 
포장지도 안뜯은 새상품으로
선물하시기도 좋을듯 합니다.
같은 제품 사용중인데 선물 받아 저렴히 판매합니다.
정품등록 가능
가격 제안(네고) 불가.
최대한 고민해서 합리적인 가격으로 올렸습니다.
네고 문의는 정중히 사양 챗 답 안드려요.
매너 거래 ,직거래 합니다.
새상품으로 반품 불가.",200000
마미케어,메디큐브 부스터프로,메디큐브 에이지알 부스터 프로 스페셜 에디션 팝니당,거래완료,"150,000원",문정동,2026-05-04,4,8,131,36.8℃,보나리,뷰티/미용,,"구매가: 329,000원
판매가: 170,000원

급전 필요로 처분합니다~
26년 1월에 구매했습니다.
사고 한 10번 정도밖에 사용 안했어요!

거의 새 거고, 박스 포장까지 고대로 드리겠습니다~
네고 가능하니까 연락 주세욥",150000
마미케어,메디큐브 부스터프로,에이지알 부스터힐러,거래완료,"60,000원",문정동,2026-04-04,0,0,59,41.3℃,피로곰,뷰티/미용,,"부스터 프로 나오기 전 구매했습니다 
정확한 구매시기는 기억나지않습니다만 더이상 쓰지않아 판매합니다 
부스터 힐러의 기능이 있는데 저렴한 가격으로 체험하고싶은 분 추천드립니다

네고불가, 
택배가능. 택배비 미포함
일반 택배 4천원 추가
Cu 반값택배 3500원 추가",60000
마미케어,메디큐브 부스터프로,메디큐브 에이지알 부스터 프로 풀박스 상태최상,거래완료,"150,000원",가락2동,2026-03-05,1,3,66,48℃,서초동0312,뷰티/미용,육아중으로 문고리거래 합니다,"메디큐브 에이지알 부스터 프로 풀박스입니다

피부 속 콜라겐, 탄력, 보습, 윤기, 피부결, 모공까지 토탈 케어가 가능합니다
피부 속 광채를 채워주고 피부 속도를 UP 시켜줍니다

사용 설명서 등 풀박스로 함께 드립니다

실사용 5회 미만입니다

당근페이 선호,
육아중으로 문고리거래 합니다 
원하시면 저녁시간 아파트 동 앞까지는 갈수 잇어요",150000
마미케어,메디큐브 부스터프로,메디큐브 부스터 프로 핑크 판매합니다(상태 좋음),거래완료,"150,000원",문정1동,2026-03-05,1,5,161,38.7℃,태정태세비욘세,뷰티/미용,,"2025년 7월 25일에 주문했고 실사용 10회 미만 크랙도 없고 상태 좋습니다
부지런히 사용하지 못해 판매하게 되었습니다🙂


설명서와 충전선은 없지만, 사용 방법은 인터넷에 잘 나와 있고 충전은 C타입으로 하시면 됩니다!",150000
마미케어,메디큐브 부스터프로,메디큐브 에이지알 부스터프로,거래완료,"130,000원",거여2동,2026-03-05,2,1,48,43.6℃,에몽,뷰티/미용,,"메디큐브 부스터프로 판매합니다
1년 전 구매해서 세번 정도 사용했고 기기 박스는 없습니다
사용 후 알코올 소독 깨끗이 했습니다
충전기, 사용법있는 케이스만 드려요
구매하시는 분 믹순 에센스 새상품 증정드려요☺️

거여역 또는 잠실역 거래합니다
네고❌ 환불❌",130000
마미케어,메디큐브 부스터프로,메디큐브 에이지알 부스터 프로 미니 (미사용),거래완료,"45,000원",장지동,2026-01-04,2,7,230,46.2℃,powder,뷰티/미용,장지동 직거래 입니다.,"메디큐브 에이지알 부스터 프로 미니
- 피부 속 광채, 모공, 탄력 개선에 도움
- 작고 가벼워서 휴대하기 편리하고 사용하기 간편

단순 개봉만 한 미사용품 입니다.

장지동 직거래 입니다.",45000
마미케어,메디큐브 부스터프로,메디큐브 부스터 프로 미니(새상품),거래완료,"40,000원",문정1동,2026-01-04,3,14,234,55.3℃,rrrrubi,뷰티/미용,힐스테이트e편한세상문정 문고리 거래만 가능합니다.,"메디큐브 에이지알 부스터 프로 미니 새상품 판매합니다. (구매가: 10만원)

힐스테이트e편한세상문정 문고리 거래만 가능합니다.
당근페이만 받아요.
🥕",40000
마미케어,메디큐브 부스터프로,"메디큐브 에이지알 부스터 프로 핑크, 하이포커스샷 플러스 새상품 팝니다",거래완료,"180,000원",거여동,2026-01-04,4,2,73,40.5℃,여행조아,뷰티/미용,문고리거래도 좋습니다!,"메디큐브 에이지알 부스터 프로 핑크 (20만원)
메디큐브 에이지알 하이 포커스샷 플러스 핑크(18만원) 새상품 팝니다.

이미 기기가 있는데 선물 받아서 판매합니다.
두개 다 비닐도 뜯지않은 새상품입니다

두개 같이 구매시 33만원에 드리겠습니다!
PDRN 뷰스터 젤도 드릴게요(안쓴 제품)

택배 거래도 가능하구요
문고리거래도 좋습니다!",180000
마미케어,메디큐브 부스터프로,메디큐브 AGE-R 부스터 프로 미니 플러스+진동클렌저,거래완료,"120,000원",마천동,2026-01-04,0,0,13,37.6℃,미진굳,뷰티/미용,,"메디큐브 AGE-R 부스터 프로 미니 플러스와 진동 클렌저 세트입니다

- 풀박스 구성입니다
- 실사용 한두번이 전부입니다
- 충전완료해서 드립니다


세트로 팔아요",120000
마미케어,메디큐브 부스터프로,메디큐브 에이지알 부스터 프로 미개봉 새상품,거래완료,"219,000원",장지동,2025-12-05,3,8,276,37.9℃,당근당근,뷰티/미용,,"메디큐브 에이지알 부스터 프로 비닐도 뜯지 않은 새상품입니다

오늘 (11/9) 구매했는데 다른 제품 선물받아서 미개봉 새상품 바로 판매해요!! 

-피부 속 광채와 탄력 개선에 도움을 줍니다",219000
마미케어,메디큐브 부스터프로,메디큐브 에이지알 부스터 프로 핑크,거래완료,"185,000원",문정1동,2025-12-05,2,9,172,48.5℃,레오,뷰티/미용,,"메디큐브 에이지알 부스터 프로 핑크색상 풀세트입니다~ 
테스트  한번 사용했어요
 남편주려구 샀는데 안한다네요
저는 옛날버전 있구요
33만원대에 구매했어요

기계만  195,000원
앰플 두개포함  240,000원
에 당근합니다 ",185000
마미케어,메디큐브 부스터프로,Medicube 메디큐브 에이지알 부스터 프로 새상품 미개봉,거래완료,"200,000원",문정1동,2025-10-06,5,9,179,38.9℃,슝슝,뷰티/미용,,"메디큐브 에이지알 부스터 프로 (새상품/미개봉) 

정가 329,000원 → 판매가 210,000원

✔️ 비닐도 뜯지 않은 완전 새상품

✔️ 구성품 모두 포함

✔️ 기존 제품 크랙으로 메디큐브 본사 무상 교환받은 새제품

✔️ 1년 무상교환 보증 남음 → 문제 생겨도 안심!

상세 기능 및 설명은 [메디큐브 공식 홈페이지] 참고 부탁드립니다. 
(상세페이지 무단 도용은 할 수 없어요ㅠ)

선물용이나 새 제품 원하시는 분께 강력 추천드립니다!(구매 후 환불 불가)

기존에 쓰던 헤드캡(헤드 보호용 캡)있는데 필요하시면 드릴게요~",200000
마미케어,메디큐브 부스터프로,메디큐브 에이지알 부스터 프로 블랙 풀박스,거래완료,"140,000원",위례동,2025-10-06,1,2,86,41.2℃,웅샤밍,뷰티/미용,,"메디큐브 에이지알 부스터 프로 블랙 색상입니다
풀박이고 충전선은 사용하지 않아 새거구요~
초반 몇달 열심히 썼는데 상태는 깨끗합니다 !

손이 뜨거워서 그런지 스티커 부분이 조금 울어있네요ㅠ
그리고 떨어뜨리는 것과 상관 없이 기판 크랙 현상은 한두번 써도 일어날 수 있는데요~
그래도 마지막 사진 확인해보시고 구매 부탁드립니다 !

혹시 몰라 본사에 여쭤봤는데 기능상으로는 전혀 문제 없고,
유상으로 6만원에 새제품으로 교환 가능하다고 하네요 ◡̈
필요하시면 새제품 교환해서 쓰셔도 될 것 같습니다~!

소독티슈로 몇차례 꼼꼼히 닦아놓아 바로 사용하셔도 됩니다~!",140000
마미케어,메디큐브 부스터프로,메디큐브 부스터프로 쿠로미,거래완료,"180,000원",방이2동,2025-12-05,1,4,233,51℃,슈마,뷰티/미용,,"박스 + 쿠로미 클리닝 타월 + 스티커
구매시 받았던 헤어밴드 제외 구성품 모두 있습니다",180000
마미케어,메디큐브 부스터프로,메디큐브 에이지알 부스터 프로 미니,거래완료,"49,000원",거여동,2025-09-01,2,4,165,38℃,Error,뷰티/미용,,"메디큐브 부스터 프로 미니 팔아요!

정가는 112,000원이에요
- 피부 속 광채 부스팅
- 미세 전류로 피부 개선

아침에 급하게 해도 피부화장 잘먹어요!

매번 알콜솜으로 소독해서 사용했습니다!

박스도 같이 드려요~",49000
마미케어,메디큐브 부스터프로,메디큐브 부스터 진동 클렌저 세트 미개봉 새상품 원가이하 판매!(가격내림),거래완료,"80,000원",문정동,2025-09-01,1,1,74,43.9℃,하이네,뷰티/미용,"현재 직거래, 비대면 문고리 거래 모두 받고있지 않으니 그 부분은 문의하지 말아주세요!","안녕하세요!
메디큐브 부스터 진동 클렌저(부스터프로 미니 플러스 + 클렌징 헤드 SET) 핑크 미개봉 새상품 원가이하 판매합니다!
PDRN 앰플까지 함께 미택포 8.0에 판매하려고 합니다!
저는 메디큐브 홈페이지에서 15만원이 넘게 샀구요,
오늘 배송와 뜯지 않은 미개봉의 새상품입니다 :)
현재 직거래, 비대면 문고리 거래 모두 받고있지 않으니 그 부분은 문의하지 말아주세요!
배송은 상자포장 해 드릴 예정이라 반택 또는 끼택 기준 0.24이고, 일택은 0.34 입니다.
일택 원하시는 분들 중 타지역권 분은 미리 이야기주세요🙏
미개봉 새상품을 원가 이하로 판매하는 것이기 때문에 네고, 교환, 환불 절대 불가!
돈봉과 예약도 받지 않습니다🙅‍♀️
직거래, 준등기, 우편 ❌️
결제 기준 이틀 안으로 접수해드리고 있으니 ""언제 배송접수해 주시나요?"" ""당일접수해주세요!"" 라는 말은 삼가부탁드립니다🙇‍♀️
구매 원하시는 분은 연락주세요🩷",80000
마미케어,메디큐브 부스터프로,메디큐브 에이지알 에어샷 팝니다,거래완료,"95,000원",마천동,2025-09-01,0,0,57,37.6℃,미진굳,뷰티/미용,,"메디큐브 에이지알 에어샷입니다
꾸준히 쓰면 모공에 확실히 효과있어요
부스터 프로를 사서 팝니다

- 풀세트 (본체, 충전 케이블, 사용 설명서, 박스 포함)
- 상태 좋아요",95000
마미케어,메디큐브 부스터프로,메디큐브 부스터 프로 미니 + 펩타이드 앰플 2개,거래완료,"70,000원",가락2동,2025-09-01,1,6,136,53.8℃,dujjonku,뷰티/미용,,"메디큐브 부스터 프로 미니 (10번 아래로 사용)
PDRN 펩타이드 앰플 2개 (새상품, 26년12월까지)

일괄판매합니다. 

이사로 인해, 비대면거래는 19일까지만 가능합니다.
위치는 동남로9길21-6 이예요.

택배거래도 가능해요
택배비는 별도입니다~!",70000
마미케어,메디큐브 부스터프로,[미개봉 새상품] 메디큐브 에이지알 부스터프로,거래완료,"225,000원",가락2동,2025-09-01,5,7,182,62℃,jay,뷰티/미용,,"메디큐브 에이지알 부스터 프로 새상품 미개봉입니다
정가는 390,000원이에요
지금 공홈 구매시 309,000원이네요

- 5가지 모드 (부스터/MC미세전류/에어샷/더마EMS/포어샷)
- 3가지 LED 색상 (레드/블루/퍼플)
- 5 in 1 토탈 케어
- 크기: 57*57*175mm
- 무게: 175g

피부 속 광채 부스팅에 좋다고 합니다
박스도 같이 드려요~",225000
마미케어,메디큐브 부스터프로,메디큐브 부스터프로 미니 - 화이트,거래완료,"55,000원",마천2동,2025-09-01,1,1,113,43.6℃,S2,뷰티/미용,✔️ 직거래 - 스타벅스 송파마천사거리 DT점,"✔️ 정가 112,000원 -> 55,000원
✔️ 다른 디바이스가 생겨서 팝니다!
✔️ 하자, 스크레치 없습니다
✔️ 제품 박스는 구매 직후 버려서 없습니다😖(다른 박스에 포장해서 드리겠습니다)
✔️ GS 반값택배, CU 알뜰택배 가능
✔️ 직거래 - 스타벅스 송파마천사거리 DT점",55000
마미케어,메디큐브 부스터프로,메디큐브 부스터프로,거래완료,"210,000원",위례동,2025-09-01,1,14,457,40.6℃,주댕쓰,뷰티/미용,,"3-4회 사용
스크래치나 기기이상 없음
풀박스
정품인증 확인

부지런하신분이 사용 잘 하실거같아요^^",210000
마미케어,메디큐브 부스터프로,메디큐브 부스터프로 핑크,거래완료,"180,000원",거여동,2025-09-01,2,0,125,45.7℃,졍2,뷰티/미용,,"2월 4일에 구매해서 10번도 사용안한 상품입니다
매번 사용후에는 알콜스왑으로 소독해서 사용했습니다
헤드 케이스를 별도로 구매해야하는지 모르고 쓰다가 화장대에서 넘어져서 기스가 살짝 났는데 사용하는데는 전혀 문제 없고 이후에는 헤드 케이스 따로 구매해서 사용했습니다!
구성은 본품, 박스, 사용법, 충전케이블, 헤드케이스입니다",180000
마미케어,메디큐브 부스터프로,메디큐브 부스터프로,거래완료,"190,000원",삼전동,2025-09-02,1,3,139,39.7℃,요시땅,뷰티/미용,직거래 가능해요,"10회미만 사용으로 제품 깨끗하고
잘 사용됩니다

직거래 가능해요",190000
마미케어,메디큐브 부스터프로,매디큐브 부스터프로 입니다^^,거래완료,"170,000원",위례동,2025-09-01,1,1,144,37.1℃,지니,뷰티/미용,,"구입한지 7개월정도 되었고  사용 횟수는 그다지
많지 않습니다
잠들기전에 해야지 하다보면  자꾸 때를 놓쳐서요...
워낙 사용이 뜸하다보니 남편이 이걸 놓치고....
제 생일이라고  선물을 해주었네요.
그래서  ....
번듯하고 깨끗하게 유지하던 물건을 내놓습니다.

물건은 깨끗합니다.  설명서와  함께 케이스에 담아  두겠습니다. 
",170000
마미케어,메디큐브 부스터프로,메디큐브 부스터프로미니팝니다,거래완료,"70,000원",마천동,2025-09-01,2,0,125,41.2℃,sol,뷰티/미용,,,70000
마미케어,메디큐브 부스터프로,AGE-R 부스터 프로 미개봉 판매해요,거래완료,"240,000원",위례동,2025-09-01,5,2,59,37.6℃,하쿠,뷰티/미용,직거래로 가능합니다.,"새제품이고 미개봉 제품입니다. 
선물로 받았는데 사용하지 않아 판매합니다.
교환/환불은 불가입니다‼️

직거래로 가능합니다. 
위례중앙타워 또는 
8호선 장지역, 5호선 거여역 가능합니다.",240000
마미케어,메디큐브 부스터프로,메디큐브 부스터프로,거래완료,"200,000원",삼전동,2025-09-02,2,4,116,37℃,만호히,뷰티/미용,,"한달 전 ? 구매 후 10회 사용 미만 제품입니다 ! 

기기는 거의 새 상품이랑 다를게 없이 깨끗하며 정품인증 가능합니다 

충전기는 없고 박스 및 설명서는 있습니다 
충전은 c타입입니다

빠른 구매 하시며 네고 많이 해드리겠습니다 !",200000
마미케어,메디큐브 부스터프로,메디큐브 부스터프로 (풀박),거래완료,"200,000원",위례동,2025-09-01,2,1,161,42.5℃,행운미미재롱,뷰티/미용,,"구입한지 두달.
몇번 사용못했는데 
그냥 두기 아까워서 올려봅니다.",200000
마미케어,메디큐브 부스터프로,메디큐브 에이지알 부스터힐러,거래완료,"80,000원",오금동,2024-09-01,6,21,945,43.3℃,안선생님,뷰티/미용,성내천 물놀이장 인근 직거래합니다.,"피부광택에 도움주는 부스터 힐러입니다.

박스에 구성품 다 있고 정상동작합니다.

부스터 프로 구매후 사용하지 않아 판매합니다.

성내천 물놀이장 인근 직거래합니다.",80000
마미케어,메디큐브 부스터프로,메디큐브 부스터프로 미개봉 새제품,거래완료,"230,000원",가락동,2025-09-01,2,3,129,44℃,쁘띠둥이,뷰티/미용,"송파중 인근, 가락쌍용아파트 직거래 가능","메디큐브 부스터프로 미개봉 새제품

판매합니다.

송파중 인근, 가락쌍용아파트 직거래 가능
cu반값 택배 가능입니다.(택배비 별도)",230000
마미케어,메디큐브 부스터프로,메디큐브 부스터프로,거래완료,"230,000원",잠실3동,2025-09-02,1,0,140,37℃,제릭,뷰티/미용,,"24년도 9월구매

실사용횟수 5회미만 

잔상,기스 X 완전히 새제품과 다름없는상태입니다. 
몇번 사용안했는데
잘 안쓰게되어 판매해요 ",230000
마미케어,메디큐브 부스터프로,메디큐브 부스터프로 핑크,거래중,"150,000원",마천1동,2026-06-03,0,10,231,41.4℃,레고,뷰티/미용,문고리 거래로 시간제약없이 비대면 거래 가능합니다,"작년 10월쯤 구매

충전기 선도 그대로 사용안했고 박스는 없지만 제 당근 보시면 미개봉이나 새 제품 위주로 판매하는 편이라 상태는 자신 있게 말씀드릴 수 있습니다!!

문고리 거래로 시간제약없이 비대면 거래 가능합니다",150000
마미케어,메디큐브 부스터프로,메디큐브 부스터 프로 미니 화이트 에디션,거래완료,"25,000원",오륜동,2026-07-03,6,5,131,38.5℃,아낌없이,뷰티/미용,,"메디큐브 뷰티 디바이스 부스터 프로 미니 화이트 에디션입니다

풀박스이구요 파우치도 있습니다

상태 s입니다!",25000
마미케어,메디큐브 부스터프로,메디큐브 부스터 프로 미니 플러스 마멜 에디션,거래완료,"80,000원",방이동,2025-10-06,5,49,1427,48.4℃,뽀삐,뷰티/미용,🤝🏻 직거래: 방이역 인근 저희집 건물 택배보관함 (입금하시면 주소 알려드려요),"메디큐브 에이지알 부스터 프로 미니 플러스 마이멜로디 에디션입니다 사용 10회 미만이고 큰 프로 기기로 쓰려고 판매해요 ! 

박스랑 마이멜로디 꾸미기참(비닐은 없어요) 같이 드려요 🎀

📦 배송:
	•	일반택배 5,000원
	•	반값택배 3,000원

이사로 2월 27일까지만 판매합니다
🤝🏻 직거래: 방이역 인근 저희집 건물 택배보관함 (입금하시면 주소 알려드려요)",80000
마미케어,메디큐브 부스터프로,[새상품] 메디큐브 에이지알 부스터 프로 핑크,거래완료,"200,000원",방이1동,2026-03-05,1,6,152,41.5℃,딸기가좋아,뷰티/미용,,"메디큐브 에이지알 부스터 프로 핑크 새상품입니다
풀박스 그대로 보관 중입니다",200000
마미케어,메디큐브 부스터프로,메디큐브 에이지알 부스터 프로 미개봉 새상품,거래완료,"240,000원",오륜동,2025-09-01,3,15,457,42.8℃,캐롯캐롯,뷰티/미용,올림픽 선수촌 아파트나 강남역 직거래 또는 택배거래 가능합니다.,"메디큐브 에이지알 부스터 프로 미개봉 새상품 판매합니다.
바로 전 모델 쓰고 있는데 오늘 선물 받아서 내놓아요.
미개봉 새상품, 쇼핑백도 있습니다.

올림픽 선수촌 아파트나 강남역 직거래 또는 택배거래 가능합니다.
",240000
마미케어,메디큐브 부스터프로,급처) 메디큐브 에이지알 부스터 프로 미니,거래완료,"72,000원",방이동,2026-03-05,2,12,392,41.3℃,뇸뇸,뷰티/미용,직거래는 방이동 최선어학원이나 그 근처로 생각하고 있습니다 (송파구 내 협의 가능),"메디큐브 에이지알 부스터 프로 미니입니다
정품에 박스랑 사용 설명서 같이 있습니다!
c타입 충전으로 가능합니다
(플러스 아님!!)
한두번 쓰고 손이 잘 안 가서 판매합니다
소독 티슈로 깨끗하게 정리하고 드립니다

직거래는 방이동 최선어학원이나 그 근처로 생각하고 있습니다 (송파구 내 협의 가능)
편하게 연락 주세요~~",72000
마미케어,메디큐브 부스터프로,메디큐브 에이지알 부스터 프로 새상품,거래완료,"209,000원",오륜동,2025-12-05,3,2,100,45℃,soo,뷰티/미용,,"메디큐브 에이지알 부스터 프로 새상품입니다
풀박스 그대로 드립니다
피부 속 광채와 탄력을 채워주는 부스터 프로로 피부 관리를 시작해보세요",209000
마미케어,메디큐브 부스터프로,메디큐브 에이지알 부스터프로 (부스터젤 포함),거래완료,"220,000원",방이2동,2025-09-01,2,0,182,46.2℃,EL,뷰티/미용,,"모든 구성품 다 있고 상태 좋은 부스터프로입니다.
함께 사용하면 좋은 부스터젤 하나 같이 드릴게요.",220000
마미케어,메디큐브 부스터프로,메디큐브 에이지알 부스터 프로 새상품 풀박스,거래완료,"190,000원",오금동,2026-01-04,1,7,140,41.8℃,250606,뷰티/미용,,"메디큐브 에이지알 부스터 프로 새상품 풀박스입니다

-피부 속 광채, 탄력, 모공, 피부결, 진피 치밀도 개선 효과가 있습니다
-피부 속 250% 더 깊숙이 흡수시켜 줍니다

선물받았는데 안쓰게되서 판매해요
시간맞추기 힘들어서 택배가 좋아요
반값택배(GS) 가능합니다",190000
마미케어,메디큐브 부스터프로,메디큐브 에이지알 부스터 프로 미니 화이트,거래완료,"1,111원",방이동,2025-12-05,9,29,705,44℃,뉸뉴,뷰티/미용,,"메디큐브 에이지알 부스터 프로 미니 화이트 색상입니다
실제로 사용을 1번 밖에서 안해서 완전히 깨끗하고 하자 아예 없습니다. 하얀색인데도 때 없이 깔끔합니다.
박스나 구성품은 없는데 필요하시면 찾아볼게요.",1111
마미케어,메디큐브 부스터프로,일괄)메디큐브 디바이스 3종 세트,거래완료,"450,000원",방이1동,2026-05-04,2,2,151,39℃,릴리마켓,뷰티/미용,,"메디큐브 하이포커스 샷 플러스 핑크 풀박스 구성이에요
사진에 보이는 제품 모두 보내드려요.

-울트라튠 (고주파)
-하이포커스샷 플러스 (하이푸초음파)
-부스터 프로 미니 플러스 
+클렌징 디바이스 헤드 

클렌징폼과 선크림, 원데이 세럼 구성품 보내드립니다. 

최종가
교환환불 불가",450000
마미케어,메디큐브 부스터프로,메디큐브 에이지알 ATS 에어샷 화이트,거래완료,"33,000원",오금동,2026-08-02,2,5,89,43℃,책장정리중,뷰티/미용,,"메디큐브 에이지알 ATS 에어샷 화이트 제품.
구성품은 본체와 충전 케이블이 포함되어 있어요!
여름이라 모공관리하기 좋아요.
몇번 썼는데 부스터프로 공구로 구해서 요건 안쓰게될 것 같아  당근합니다.",33000
마미케어,메디큐브 부스터프로,미개봉) 메디큐브 부스터 프로 / 노랑,거래완료,"135,000원",오륜동,2026-08-08,1,11,129,57.6℃,미래엔,뷰티/미용,직거래,"메디큐브 에이지알 부스터 프로 미개봉 

직거래 
cu 송파 올림픽점 
주중 브로일링 커피숍 옆

바로거래 ㅇ 반택 ㅇ
당근페이 선호",135000
마미케어,메디큐브 부스터프로,메디큐브 에이지알 부스터프로 X2 핑크,거래완료,"220,000원",방이동,2026-07-03,1,4,97,64℃,쪼꼬우유,뷰티/미용,,"실사용 얼마 안되어서 상태 좋습니당

최신 버전입니다!",220000
마미케어,메디큐브 부스터프로,메디큐브 에이지알 부스터프로 X2 새상품,거래완료,"245,000원",방이동,2026-08-02,1,5,45,64℃,쪼꼬우유,뷰티/미용,한성백제역 1번출구,,245000
마미케어,메디큐브 부스터프로,메디큐브 에이지알 부스터 프로 라벤더 새상품,거래완료,"200,000원",방이1동,2026-01-04,2,8,206,39.5℃,도라미,뷰티/미용,,"정가 34만원입니다

현재 판매를 안하고 있는 색상입니다

개봉만 했고 사용 한 적이 없습니다
 
라벤더 곰돌이 케이스도 있습니다 ㅎㅎ 

비닐만 뜯고 잔기스 확인 외에는 사용 안했습니다! 얼굴 닿는 부분에 스티커 붙어있어서 믿으셔도 됩니다!

정품등록 되어있구요 내년 12월 26일까지 혹시라도 문제 생기면 무상교환 가능합니다. 

편하게 채팅 주세요
",200000
마미케어,메디큐브 부스터프로,메디큐브 에이지알 부스터 프로,거래완료,"185,000원",방이동,2025-09-01,1,3,127,39.1℃,뭐든당근,뷰티/미용,직거래,"메디큐브 에이지알 부스터 프로 내놓습니다
피부 광채, 모공, 탄력, 피부결 개선에 도움을 준대요
3번쓰고 알콜스왑으루 잘닦았고
크랙은 밑에 한줄이고
 사용시문제가되거나 하는부분은 없다고합니다^^


잘작동하고요  
잘쓰실분이써주세요

노클레임. 노리턴 깔끔하게 쿨거래시 1만원 더빼드려요
직거래
한성백제역입니다.

",185000
마미케어,메디큐브 부스터프로,메디큐브 부스터프로 미니,거래완료,"30,000원",오륜동,2025-09-01,3,3,236,42.6℃,푸키,뷰티/미용,둔촌오륜역 2번출구,,30000
마미케어,메디큐브 부스터프로,메디큐브 에이지알 부스터 프로 (전 구성품 보유),거래완료,"130,000원",방이동,2026-06-03,1,1,38,38.7℃,굳매너인,뷰티/미용,직거래만 가능합니다,"메디큐브 에이지알 부스터 프로 판매합니다☺️
블랙 컬러로 전 구성품 모두 가지고 있어요!

[제품 구성]
• 부스터프로 본체
• 제품 정품 박스
• 사용 설명서
• 정품 충전 케이블 (미사용)

*직거래만 가능합니다",130000
마미케어,메디큐브 부스터프로,메디큐브 AGE-R 부스터 프로 풀박스 + 글로우 세럼,거래완료,"130,000원",오륜동,2026-03-05,2,0,79,45℃,머선129,뷰티/미용,,"메디큐브 AGE-R 부스터 프로 풀박스에 글루타치온 글로우 세럼 50ml 함께 드립니다

-피부 속 광채 효과를 경험해보세요
-피부결 개선에 도움을 줍니다
-3가지 핵심 기술이 적용되어 있습니다

한 5번정도 썼는데 귀찮아서 손이 잘 안가네요
알콜솜으로 깨끗하게 닦았습니다
박스는 있지만 설명서랑 충전기가 없습니다",130000
마미케어,메디큐브 부스터프로,메디큐브 부스터프로 + 하이포커스샷,거래완료,"330,000원",방이2동,2025-09-01,1,2,202,51℃,슈마,뷰티/미용,,,330000
마미케어,메디큐브 부스터프로,메디큐브 부스터 프로,거래완료,"130,000원",방이2동,2025-09-01,5,2,358,51℃,슈마,뷰티/미용,,,130000
마미케어,메디큐브 부스터프로,급처/메디큐브 부스터 프로 미니 핑크/플러스아님!!!!,거래완료,"48,000원",방이동,2026-02-03,7,27,382,38.2℃,냐냐노냐눙,뷰티/미용,,"두번 사용
충전은 c타입 하면 됩니다",48000
마미케어,메디큐브 부스터프로,메디큐브 부스터프로 (핑크),거래완료,"160,000원",방이2동,2025-09-01,5,7,256,37.2℃,뚱냥,뷰티/미용,다우니런드리,"올해 1월에 올리브영에서 구매했고
6번 정도 사용하고 손이안가서 내놉니당!",160000
마미케어,메디큐브 부스터프로,메디큐브 에이지알 부스터 프로,거래완료,"180,000원",잠실7동,2025-09-02,3,12,379,37.3℃,초콜릿,뷰티/미용,,"메디큐브 에이지알 부스터 프로입니다
피부 속 광채를 깨우는 퀵 부스팅 스킨케어 디바이스에요

- 4가지 모드: 부스터 모드, 콜라겐 모드, 물광 모드, 탄력 모드
- 피부 밀착 & 광채 시너지 디자인

작년에 구매해서 사용하다 다른기기를 구매해서 내놓습니다.
박스도 같이 드려요.
18만원 판매합니다",180000
마미케어,메디큐브 부스터프로,메디큐브 에이지알 부스터 프로미니 +진동 클렌저,거래완료,"70,000원",방이2동,2026-04-04,2,0,51,48.5℃,당근당근,뷰티/미용,잠실헤리츠에서 문고리나 직거래 합니다,"메디큐브 에이지알 부스터 프로 미니 플러스와 진동 클렌저 헤드 세트입니다

10번 미만 사용했고 둘 다 상태 아주아주 좋고 문제없이 정상작동됩니다

- 콤팩트한 디자인으로 휴대가 간편하고 사용하기 편리합니다
- 다양한 모드와 기능을 통해 맞춤형 피부 관리가 가능합니다
- 피부 속 깊숙이 유효 성분을 전달하여 피부 개선에 도움을 줍니다

잠실헤리츠에서 문고리나 직거래 합니다",70000
마미케어,메디큐브 부스터프로,메디큐브 부스터 프로 미니(미개봉) 12만-> 6만원,거래완료,"60,000원",방이동,2025-11-05,1,2,56,39℃,ssyoung,뷰티/미용,,"장원영이 광고하는 메디큐브 에이지알 부스터 프로 미니 핑크 완죤 100% 새상품입니다
-피부 속 광채 효과
-모공 케어
-피부결 개선
-화장품 흡수 촉진

현재 쿠팡에서 120,450에 판매중인데, 50%할인한 단돈 6만원에 팔아요! 미개봉 상품이라 비닐에 포장되어 있습니다 

거래장소는 몽촌토성역/ 평일 오전에 시간됩니당",60000
마미케어,메디큐브 부스터프로,(새제품) medicube Age-R 부스터 미니& 클렌징 디바이스헤드,거래완료,"150,000원",방이1동,2026-05-04,1,3,55,46.3℃,Meconomy,뷰티/미용,,"메디큐브 Age-R 부스터 미니 프로 플러스 & 페이셜 클렌징 디바이스 헤드 일괄로 판매합니다 
생일 선물로 받아 씰도 뜯지 않은상태예요 
이미 쓰고있는 디바이스가 많아 올립니다 
선물로도 추천 드려요!
구매원하시는분만 메세지 부탁드립니다
교환 및 환불 불가",150000
마미케어,메디큐브 부스터프로,💛메디큐브 부스터프로 미니 춘식이에디션💛,거래완료,"75,000원",방이2동,2025-09-01,1,2,143,86.6℃,도백,뷰티/미용,교환X환불X직거래X문고리.우편함거래O,"5회 사용하고 잘안쓰게 되서 판매합니다
올영 공홈에서 9만원후반대에 판매중입니다
사진속 구성품 그대로입니다

🩵상점 내 다른제품과 함께 구매시 에눌가능🩵

당근페이 가능🫶
반값.끼리택배시 +2000원
일반택배시 +4000원

교환X환불X직거래X문고리.우편함거래O",75000
마미케어,메디큐브 부스터프로,메디큐브 에이지알 부스터프로,거래완료,"220,000원",문정동,2025-09-01,6,7,394,49℃,위크위크,뷰티/미용,문정역 근처 직거래 원해요,"메디큐브 에이지알 부스터 프로입니다 

문정역 근처 직거래 원해요
연락 주세요",220000
마미케어,메디큐브 부스터프로,메디큐브 에이지알 부스터프로 미개봉,거래완료,"180,000원",방이2동,2026-04-04,1,3,168,38.5℃,딸기야,뷰티/미용,,"메디큐브 AGE-R 부스터프로
봉인씰 붙어있는 미개봉 제품입니다",180000
마미케어,메디큐브 부스터프로,메디큐브 AGE-R 부스터 프로 재당근!,거래완료,"120,000원",방이2동,2025-12-05,4,0,98,43.5℃,주말연락왕빠름,뷰티/미용,,"메디큐브 AGE-R 부스터 프로 새상품 판매합니다
피부 속 광채와 매끈한 결을 선사하는 부스터 프로!
스킨케어 제품과 함께 사용하면 효과가 증폭됩니다
아쉽게도 안내서, 박스, 충전기가 없기 때문에 파격적으로 DC합니다.. 충전은 기본적인 C타입으로 충전되기때문에 필요하진 않아요. 
기기 단품입니다",120000
마미케어,메디큐브 부스터프로,메디큐브 에이지알 부스터 프로 핑크 팔아요,거래완료,"110,000원",오륜동,2026-06-03,2,2,58,48.8℃,파스텔바니,뷰티/미용,문고리거래 선호해요,"메디큐브 에이지알 부스터 프로 핑크 색상이에요
25.06 구매했어요 

보시다시피 매우 깨끗이 썼습니다.

*문고리거래 선호해요",110000
마미케어,메디큐브 부스터프로,메디큐브 AGE- R 부스터 프로,거래완료,"130,000원",오금동,2025-09-01,6,1,171,38.2℃,후추,뷰티/미용,,"구매시기 : 2024년 9월
구매금액 : 378,000 원
사용횟수 : 대략 7회 정도 사용
판매사유 : 퇴근 후 피곤하기도 하고 게을러서 잘 안하게 되어 판매합니다.",130000
마미케어,메디큐브 부스터프로,메디큐브 에이지알 미니플러스 (2회 사용),거래완료,"75,000원",송파1동,2026-04-04,1,0,46,41℃,집게사장,뷰티/미용,주말은 직거래 평일은 기숙사에가야해서 우편함거래만합니다~!,"메디큐브  에이지알 부스터프로 핑크예요~!
급전 필요해서 저렴하게 내놓아용
세달전에 사고 2번 썻어요! 
기스 하나도 없는 거의 새제품이에용
충전기는 없지만 c타입이라 휴대폰 충전기랑 호환가능해용
주말은 직거래 평일은 기숙사에가야해서 우편함거래만합니다~!",75000
마미케어,메디큐브 부스터프로,메디큐브 에이지알 부스터 프로 블랙 풀박스(중고),거래완료,"100,000원",방이2동,2026-04-04,2,3,64,39.9℃,으리,뷰티/미용,직거래 선호하며 몽촌토성역 혹은 한성백제역에서 거래 원합니다!,"메디큐브 에이지알 부스터 프로 블랙 풀박스입니다
몇달 사용하다가 귀찮아서 일년가까이 안써서 팔아요
사용감은 조금있으나 큰 스크래치나 눈에거슬리는 부분 없습니다! 충전 케이블 박스 다같이 드려요
직거래 선호하며 몽촌토성역 혹은 한성백제역에서 거래 원합니다!",100000
마미케어,메디큐브 부스터프로,메디큐브 에이지알 부스터 프로 미니 화이트,거래완료,"38,000원",송파동,2026-07-03,7,22,517,37.3℃,고구마,뷰티/미용,예은유치원,,38000
마미케어,메디큐브 부스터프로,메디큐브 디바이스 부스터프로 미개봉,거래완료,"240,000원",방이2동,2025-09-01,9,9,317,42.8℃,namvly,뷰티/미용,몽촌토성역,,240000
마미케어,메디큐브 부스터프로,메디큐브 부스터 프로 핑크 + 실리콘 헤드캡,거래완료,"160,000원",풍납2동,2026-01-04,2,3,184,42℃,왕왕,뷰티/미용,,"메디큐브 에이지알 부스터 프로 핑크색 (5회 미만 사용 + 알콜 스압으로 정리) 실리콘 헤드캡

4가지 모드 있고 충전기, 정품 인증서 등 풀박스 다 있습니다. (공홈 구매) - 329,000 구매

*피부 속 광채, 탄력, 모공, 피부결, 진피 치밀도 개선에 도움을 줍니다

귀차니즘인 저는 잘 안쓰게 돼서 판매합니다ㅠㅠ 사용감은 거의 없어요 편하게 챗 주세용",160000
마미케어,메디큐브 부스터프로,메디큐브 부스터프로 앰플3개 포함,거래완료,"12,345원",잠실4동,2025-12-05,3,3,66,58.6℃,Grace,뷰티/미용,,"2회 사용후 홈 케어 기기를 잘 사용하지 않아 보관만 하고 있습니다 
앰플3개 포함 드립니다",12345
마미케어,메디큐브 부스터프로,메디큐브 에이지알 부스터 프로,거래완료,"160,000원",잠실2동,2025-10-07,1,1,88,49.2℃,hahajiny,뷰티/미용,,"메디큐브 에이지알 부스터 프로입니다.
1년전 30만원에 구매하고 
사용 많이 안했어요.
당근 올리기전 확인해보니
작동 잘 됩니다~",160000
마미케어,메디큐브 부스터프로,메디큐브 에이지알 부스터 프로 미니,거래완료,"30,000원",송파1동,2026-08-02,2,7,93,39.4℃,캐롯캐롯,뷰티/미용,"직거래는 오후 8시 이후 가능하고, 택배비 내시면 CU편의점 택배 보내드려요.","메디큐브 에이지알 부스터 프로 미니입니다.

USB-C 타입 충전 가능해요
패키지는 버려서 기기만 있습니다

저는 부스터 프로 있어서 팔아요.

직거래는 오후 8시 이후 가능하고, 택배비 내시면 CU편의점 택배 보내드려요. 

당근 거래이니 교환 환불은 안돼요.",30000
마미케어,메디큐브 부스터프로,메디큐브 에이지알 부스터 프로 미니,거래완료,"50,000원",방이2동,2026-02-03,2,4,71,42.6℃,뚱땅뚱땅,뷰티/미용,"역삼역, 석촌역, 송파나루역 직거래합니다.","메디큐브 에이지알 부스터 프로 미니입니다

제품박스, 사용설명서 있는 풀박스이고
살 때 받은 휴대용 실리콘 파우치 같이 드려요
여행다닐때 여기에 넣어서 가지고 다니면 편해요

구매는 2025년 5월에 했는데
한두달 쓰고 다른 기기 구매하여 안쓰게 되어 판매합니다.
쓰기 전 후로 알콜스왑으로 닦아주며 관리하여 상태 좋아요~

역삼역, 석촌역, 송파나루역 직거래합니다.",50000
마미케어,메디큐브 부스터프로,메디큐브 에이지알 부스터 프로,거래완료,"220,000원",잠실7동,2024-09-02,9,4,185,37.2℃,hjyoon,뷰티/미용,직거래 선호합니다.,"새로나온 메디큐브의 에이지알 부스트프로 기계예요. 어제 택배 받아서 한번 썼는데 제 피부가 너무 예민해서 고민하다 당근에 내놓아요. (각 모드마다 1분씩 써봤어요) 아마 구하실수 있는 제일 착한 가격일겁니다. 39만원대에 구매했고 이미 착한 가격에 내놓은 제품이라 가격 네고 문의는 받지 않겠습니다. 

직거래 선호합니다.",220000
마미케어,메디큐브 부스터프로,메디큐브 부스터 프로,거래완료,"200,000원",송파2동,2025-09-01,4,3,258,40.7℃,프리지아,뷰티/미용,,"딸이 사용하는걸 보고 좋아서 나도 해보자 하고 (딸이랑은 피부에 닿는 물건 같이 사용 안함ㅎㅎ) 작년 12월29일 새해맞이로 열심히 사용해볼려고 산 매디큐브입니다.
게으른 탓에 자주 안하게 되고 (딸아이는 열심히 사용중) 더 놔두면 짐이 될것 같아 정리 하려고 합니다.
피부에 관심있고 열심히 사용하실분은 좋은거 같습니다.
가격조정은 안되구여, 진짜 몇번 사용하지않은 물건입니다.",200000
마미케어,메디큐브 부스터프로,메디큐브 에이지알 부스터 프로 풀박스+ 딥비타 크림,거래완료,"190,000원",오금동,2025-09-01,3,9,170,53.5℃,쭌쨩,뷰티/미용,,"메디큐브 에이지알 부스터 프로 2025년7월16일 구매
2-3번 사용한게 다에요... 
게으른 저에겐 너무 아까운 템이네요ㅠㅠㅠ 
쓰고나서 알콜솜으로 싹 닦아서 관리 잘했어요!

캡뚜껑은 별도로 구매했고 , 
딥비타 크림은 미개봉 제품이에요 (이것도 기계사면서 같이 주문) 같이쓰면 효과가 더 좋대요!!

가까운곳은 가져다 드릴게요!
찔러보기 사절입니다

정품큐알코드도 있습니다!


",190000
마미케어,메디큐브 부스터프로,메디큐브 에이지알 부스터 프로 쿠로미 에디션,거래완료,"220,000원",방이동,2026-01-04,1,4,154,41.2℃,이사후처분중,뷰티/미용,,"메디큐브 AGE-R 부스터 프로 쿠로미 에디션 새 제품입니다!
- 풀세트 구성 (본품, 헤드 케이스, 스티커, 융)
- 즉각적인 피부결 개선 및 광채 효과
귀여워서 구매하고 두번정도 사용해보고 귀찮아서 그냥 피부과 다니기로 하고
박스에 넣어둔채로 방치했네요
헤어밴드는 궁금해서 한번 꺼내보고 다시 넣어뒀어요
쿨거래시
1만원빼드립니다

직접 오셔야해요 방이동 시선앞",220000
마미케어,메디큐브 부스터프로,메디큐브 에이지알 부스터 프로 미니 화이트,거래완료,"37,000원",잠실4동,2026-04-04,3,5,244,51.8℃,니모,뷰티/미용,,"메디큐브 에이지알 부스터 프로 미니 화이트 색상이에요
모델명 HE-DPNH, DC 3.7V 700mAh 배터리 탑재
USB C-Type 충전 가능하며, 최대 2A까지 지원해요
피부 관리에 관심 있는 분들께 추천드려요",37000
마미케어,메디큐브 부스터프로,메디큐브,거래완료,"99,000원",송파동,2026-01-04,5,14,594,37.4℃,보라보라,뷰티/미용,,"메디큐브
부스터 진동 클렌저 헤드
부스터 프로 미니 플러스
두번 사용",99000
마미케어,메디큐브 부스터프로,메디큐브 부스터프로 미개봉 새상품,거래완료,"250,000원",석촌동,2025-09-01,1,0,103,39.5℃,당근당근,뷰티/미용,석촌/잠실/삼성역 직거래 선호,"메디큐브 부스터프로 미개봉 새상품

제품 불량(크랙)으로 어제 교환받은 미개봉 새상품입니다.

제품은 좋으나
제가 꾸준히 사용을 못해서 판매합니다!


석촌/잠실/삼성역 직거래 선호",250000
마미케어,메디큐브 부스터프로,[메디큐브] 에이지알 부스터 프로,거래완료,"240,000원",송파2동,2025-09-01,2,9,509,38.3℃,JAMIE,뷰티/미용,"직거래, 택배(택배비 별도) 거래 가능합니다","메디큐브에서 핫하게 유명한 에이지알 부스터 프로 팝니다!
4가지 모르루하나로 합쳐서 모두 사용할 수 있는 제품으로 잘 사용했는데
집의 어머니와의 소통 오류로 비슷한 다른 기계를 또 구매하셔서... 팔게 되었습니다🥹
총 사용은 10회정도로 거의 새 제품입니다!
그동안 뷰티 디바이스 구매할까 고민하시던 분이나 필요하신 분께서 사가시면 좋겠네요😊

* 직거래, 택배(택배비 별도) 거래 가능합니다",240000
마미케어,메디큐브 부스터프로,메디큐브 부스터 프로,거래완료,"180,000원",잠실6동,2025-09-02,2,9,193,43℃,엘리,뷰티/미용,문고리거래 가능하고(광장동),"메디큐브 부스터 프로 판매합니다

실 사용은 5회 미만으로 하였고 상위 버전 기기를 들이면서 사용하지 않다가 판매합니다

문고리거래 가능하고(광장동)
직거래는 CU광장현대점에서 가능합니더",180000
마미케어,메디큐브 부스터프로,메디큐브 부스터 프로 블랙,거래완료,"12,345원",잠실4동,2026-02-03,1,2,36,47.5℃,shushumom,뷰티/미용,파크리오 직거래,"메디큐브 AGE-R 부스터프로 
블랙 색상 판매합니다.

박스 포함 풀세트로 상태 좋습니다.
(매뉴얼과 케이블 모두 포함)

지인이 극찬해서 샀는데,
부지런하지 않다보니 
몇번쓰고 방치되어 있어서 판매해요

파크리오 직거래
택배 +2000
반값택배 +1000",12345
마미케어,메디큐브 부스터프로,이사정리⛄️메디큐브 에이지알 부스터프로 마이멜로디 에디션(단순개봉),거래완료,"270,000원",오륜동,2025-10-06,2,7,288,42.7℃,눙사람,뷰티/미용,안녕하세요! 소중하게 보관하던 물품을 좋은 분께 보내드리고자 글을 올려요. 🥰 꼼꼼히 읽어보시고 편하게 채팅 주세요! 이사때문에 모든물품 시세보다 싸게 급처 합니다! 문고리거래를 가장선호해요!,"✨ [메디큐브 에이지알 부스터프로 마이멜로디 에디션 미사용제품] 판매합니다 ✨
안녕하세요! 소중하게 보관하던 물품을 좋은 분께 보내드리고자 글을 올려요. 🥰 꼼꼼히 읽어보시고 편하게 채팅 주세요! 이사때문에 모든물품 시세보다 싸게 급처 합니다! 문고리거래를 가장선호해요!
📌 상세 정보
* 판매 가격:270000원
* 상품 상태: 물품구성만 확인하고 안에 구성품과 기기는 일체 사용 안했어요! 단순개봉상품입니다! 상태가 아주 깨끗해요! 풀박스 구성입니다. ✨
🤝 거래 안내 (꼭 읽어주세요!)
✅ 100% 정품 보장
판매하는 모든 물품은 확실한 정품입니다! 만약 가품일 경우 판매가의 200% 보상해 드릴 것을 약속드려요. 믿고 거래하셔도 됩니다. 👍
💰 결제 안내 (대환영!)
 * 요즘 신종사기인 핫마켓 메라마켓 처럼 포인트 결제 안받습니다! 
 * 당근페이 결제 대환영이에요! 🥕
⚠️ 가격 제안(네고) 불가
최대한 고민해서 합리적인 가격으로 올렸습니다! 아쉽지만 네고 문의는 정중히 사양할게요. 양해 부탁드려요. 🙏
📍 직거래 안내
 * 장소: 삼전삼밭나루공원
 * 방식: 서로의 시간을 아끼기 위해 비대면 거래 가능합니다! 🏃‍♂️💨
📦 택배 거래 안내
 * 일반 택배: +5,000원
 * 반값 택배: +3,000원 (GS25)
매너 있는 거래 기다릴게요! 오늘도 기분 좋은 하루 보내세요. 감사합니다! 🌸✨",270000
마미케어,메디큐브 부스터프로,이사정리⛄️ 메디큐브 에이지알 부스터프로 미니 플러스 마이멜로디 에디션 (미개봉),거래완료,"85,000원",오륜동,2025-10-06,10,30,774,42.7℃,눙사람,뷰티/미용,안녕하세요! 소중하게 보관하던 물품을 좋은 분께 보내드리고자 글을 올려요. 🥰 꼼꼼히 읽어보시고 편하게 채팅 주세요! 이사때문에 모든물품 시세보다 싸게 급처 합니다! 문고리거래를 가장선호해요!,"✨ [메디큐브 에이지알 부스터프로 미니 플러스 마이멜로디 에디션 미개봉 새상품] 판매합니다 ✨
안녕하세요! 소중하게 보관하던 물품을 좋은 분께 보내드리고자 글을 올려요. 🥰 꼼꼼히 읽어보시고 편하게 채팅 주세요! 이사때문에 모든물품 시세보다 싸게 급처 합니다! 문고리거래를 가장선호해요!
📌 상세 정보
* 판매 가격:85000원
* 상품 상태: 미개봉 새상품 제품입니다 구성품은 두번째장 사진 봐주세요! 풀박스 구성입니다. ✨
🤝 거래 안내 (꼭 읽어주세요!)
✅ 100% 정품 보장
판매하는 모든 물품은 확실한 정품입니다! 만약 가품일 경우 판매가의 200% 보상해 드릴 것을 약속드려요. 믿고 거래하셔도 됩니다. 👍
💰 결제 안내 (대환영!)
 * 요즘 신종사기인 핫마켓 메라마켓 처럼 포인트 결제 안받습니다! 
 * 당근페이 결제 대환영이에요! 🥕
⚠️ 가격 제안(네고) 불가
최대한 고민해서 합리적인 가격으로 올렸습니다! 아쉽지만 네고 문의는 정중히 사양할게요. 양해 부탁드려요. 🙏
📍 직거래 안내
 * 장소: 삼전삼밭나루공원
 * 방식: 서로의 시간을 아끼기 위해 비대면 거래 가능합니다! 🏃‍♂️💨
📦 택배 거래 안내
 * 일반 택배: +5,000원
 * 반값 택배: +3,000원 (GS25)
매너 있는 거래 기다릴게요! 오늘도 기분 좋은 하루 보내세요. 감사합니다! 🌸✨",85000
마미케어,메디큐브 부스터프로,메디큐브 에이지알 부스터 프로 핑크 새상품,거래완료,2원,잠실4동,2026-01-04,1,1,70,66.6℃,잠4동,뷰티/미용,,"메디큐브 에이지알 부스터 프로 핑크 새상품입니다
씰 그대로인 새상품입니다 
- LED 파장, 미세전류, 쿨링 기능
- 피부 탄력, 모공, 각질, 피부결 개선에 도움
- 정가는 329,000원이에요

- 엑소좀 시카 카밍 패드 100매 
(소비기한 사진첨부)

기기포함 일괄판매 합니다 
파크리오 2단지에서 거래가능하구요 
택배 가능합니다 비용추가 ",2
마미케어,메디큐브 부스터프로,리뉴얼) 메디큐브 에이지알 부스터 프로 New핑크 에디션,거래완료,"230,000원",풍납동,2025-09-01,3,13,265,36.9℃,비사리,뷰티/미용,직거래 협의 가능합니다,"메디큐브 공홈에서 구매했습니다

어머니랑 지인분들 선물 드리려고 샀다가 
수량이 조금 남아서 팝니다.

직거래 협의 가능합니다

택배비 추가 4000원 있습니다

감사합니다",230000
마미케어,메디큐브 부스터프로,메디큐브 부스터 프로 쿠로미 에디션,거래완료,"220,000원",방이1동,2025-09-01,4,6,158,38.9℃,꿔까애오,뷰티/미용,,"메디큐브 부스터 프로 쿠로미 에디션😼 
1회 사용 제품입니다
귀여운 쿠로미 에디션 놓치지 마세요! 🤗

- 5가지 모드 (톤업, 광채, 탄력, 모공, 진피)
- 25년 출시

선물로 받은 건데 저에겐 디자인이 너무 튀는 거 같아서 올려요.
진짜 그냥 새상품입니다
한정판이라서 디자인이 취향에 맞으시는 분은 얼른 챙겨 가세요!!!
기존 부스터프로랑 모든 기능 동일 합니다 ㅎㅎ",220000
마미케어,메디큐브 부스터프로,메디큐브 부스터프로,거래완료,"219,000원",송파동,2025-09-01,2,9,209,49℃,망고,뷰티/미용,,"25년 신상품
미사용 새상품이에요~
1주일전에 받았어요",219000
마미케어,메디큐브 부스터프로,메디큐브 부스터프로 미니 새상품,거래완료,"80,000원",송파1동,2025-09-01,2,9,324,44.7℃,밍밍,뷰티/미용,택배 가능하고 잠실역이나 석촌역 직거래도 가능해요,"완전 새상품입니다 !
택배 가능하고 잠실역이나 석촌역 직거래도 가능해요",80000
마미케어,메디큐브 부스터프로,메디큐브 에이지알 부스터 프로 풀박,거래완료,"150,000원",송파동,2026-01-04,1,2,98,45.1℃,밍츄르키,뷰티/미용,"직거래, 문고리거래, 택배거래 다 가능해요!!!","직거래, 문고리거래, 택배거래 다 가능해요!!!
새상품은 아니고 몇번 사용해서 
보시면 사용감 있어요! 
중고거래 특성상 교환, 반품 어렵습니다! 
충전기랑 다 있고 충전기는 뜯지도 않았어요! 
문의 주세용~~~~~~
 
직거래 : 석촌역 근처🤍",150000
마미케어,메디큐브 부스터프로,메디큐브 에이지알 부스터 프로 미니 핑크,거래완료,"30,000원",문정2동,2026-08-10,2,0,41,41℃,nunyy,뷰티/미용,문고리 거래 선호합니다~~,"메디큐브 에이지알 부스터 프로 미니 핑크 색상이에요
본체와 케이스, 박스 모두 갖춰져 있어요
사진에서 보이는 것처럼 깔끔하게 사용했고 실사용 횟수 거의 없습니다 ㅠ
피부 관리에 관심 있는 분들께 추천드려요

문고리 거래 선호합니다~~",30000
마미케어,메디큐브 부스터프로,(미개봉) 메디큐브 에이지알 미니 플러스 마이멜로디버전,거래완료,"100,000원",풍납1동,2026-02-03,1,6,62,37℃,쀼뀨,뷰티/미용,"직거래, 반택 환영합니다.","메디큐브 에이지알 부스터 프로 미니 플러스 마이멜로디 에디션입니다.
미개봉이에요!!
직거래, 반택 환영합니다.",100000
마미케어,메디큐브 부스터프로,메디큐브 에이지알 부스터 프로,거래완료,"165,000원",가락동,2025-12-05,2,0,46,50.5℃,당근냠냠,뷰티/미용,,"피부 속 콜라겐, 탄력, 보습, 광채, 피부결 개선에 도움을 주는 뷰티 디바이스이고,
유명 연예인들이 많이 쓰는 제품입이라 이미 유명한 기기입니다
사용도 몇번 안했지만, 할때마다 알코올 솜으로 닦으며 소독하면서 썼기 때문에 깨끗한 상태입니다
📍정품인증 받았습니다!
📍풀박스로 드리지만, 안에 충전기는 없어졌네요..
C타입으로 충전 가능합니다 :)
⭐️구매의사 확실하신 분만 당근 챗 주시면 감사할것 같아요!",165000
마미케어,메디큐브 부스터프로,메디큐브 에이지알 부스터 프로 마이멜로디,거래완료,"180,000원",잠실4동,2026-02-03,1,1,72,39.4℃,지옥당근,뷰티/미용,직거래도 가능,"메디큐브 AGE-R 부스터 프로 마이멜로디 에디션 새상품입니다
- 풀박스 구성 (본체, 설명서, 충전 케이블, 마이멜로디 거치대)
피부 속 콜라겐, 탄력, 보습 개선에 도움을 줄 수 있습니다

직거래도 가능
택포 우체국 보냅니다",180000
마미케어,메디큐브 부스터프로,메디큐브 부스터 프로,거래완료,"140,000원",잠실4동,2026-04-04,3,4,76,35.5℃,룰루랄라,뷰티/미용,직거래 가락시장역 문정역,"3번사용했습니다
풀박스
직거래 가락시장역 문정역
택배가능",140000
마미케어,메디큐브 부스터프로,(미개봉) 메디큐브 에이지알 부스터 프로 X2 핑크+사은품,거래완료,"290,000원",잠실4동,2026-08-02,1,8,71,40.7℃,쀼롱이,뷰티/미용,직거래/택배 모두 가능합니다☺️,"메디큐브 에이지알 부스터 프로 X2 핑크 색상이에요

정가 545,000원이에요 거저로 가져가세요:)

PDRN 버블세럼 + 원데이 세럼 20개입 + 핑크 파우치 (옵션 사은품까지 모두 포함)

직거래/택배 모두 가능합니다☺️",290000
마미케어,메디큐브 부스터프로,메디큐브 AGE-R 부스터 프로 잔망루피 에디션 새상품,거래완료,"180,000원",잠실4동,2026-04-04,1,1,59,39.6℃,육상헌,뷰티/미용,,"메디큐브 AGE-R 부스터 프로 잔망루피 에디션 풀박스입니다

-피부 속 탄력 개선에 도움을 줍니다
-피부 속 광채, 모공, 피부결, 탄력, 진피 치밀도 개선에 효과적입니다

핑크색의 귀여운 디자인으로, 꼼꼼하게 포장되어 있습니다

1 회사용했고 뚜껑은 사용하지않았습니다",180000
마미케어,메디큐브 부스터프로,급처 메디큐브 에이지알 부스터프로 블랙,거래완료,"80,000원",방이2동,2026-01-04,1,1,104,41.4℃,일마스스,뷰티/미용,,"메디큐브 에이지알 부스터프로 블랙 색상입니다
- 광채, 탄력, 볼륨, 모공 올인원 케어가 가능합니다
- 6 in 1 토탈 뷰티 디바이스입니다
피부 속 콜라겐, 엘라스틴, 보습, 리프팅 개선에 도움을 줍니다

충전기 없어요 박스 없어요 환불안됩니다 
보시다시피 엄청 깨끗합니다
기계가 많아서 파는거에요",80000
마미케어,메디큐브 부스터프로,메디큐브 부스터 프로,거래완료,"170,000원",잠실4동,2025-09-01,0,0,31,38℃,이리히힉,뷰티/미용,,"4-5번정도 사용했고 귀찮아서 자주 사용안하는 것 같아서 부지런히 잘 관리하실분이 사시면 좋을 것 같아요 ㅎㅎ  반택선호합니다

젤도 새거 같이드릴게용",170000
마미케어,메디큐브 부스터프로,메디큐브 에이지알 부스터 프로 미니 핑크,거래완료,"35,000원",문정동,2026-01-04,1,1,77,47.2℃,정직하게꼬우,뷰티/미용,,"플러스 이전버젼으로
플러스 구매하여 판매합니다
제품은 전혀 이상없습니다

박스는 이사오면서 버려서 ㅠㅠ
제품만 깨끗하게 전달드릴수 있을것 같습니다
반값택배로 진행하고 금액은 택배비 포함입니다",35000
마미케어,메디큐브 부스터프로,메디큐브 부스터프로,거래완료,"150,000원",오금동,2026-02-04,1,3,117,40℃,꿈꾸는섬,뷰티/미용,직거래,"메디큐브 부스터프로
전구성 완벽(박스,설명서,케이블)

매일 시간투자하셔서 예뻐지세요
피부과 다니느라 얼마 사용 못했어요
정상작동 확인후 소독티슈로 깨끗이 닦아두었습니다
직거래

오금현대
방이역,오금역
",150000
마미케어,메디큐브 부스터프로,메디큐브 부스터 프로 새상품,거래완료,"195,000원",잠실동,2025-09-01,6,30,484,38.3℃,박경훈,뷰티/미용,,"메디큐브 부스터 프로 새상품입니다
피부 탄력, 모공, 피부톤 개선에 좋다고 해요!

선물을 받았는데 뭔질 몰라서 
포장뜯고 설명서만 읽어봤습니다 

잠실역 인근에서 거래 가능해요. ",195000
마미케어,메디큐브 부스터프로,메디큐브 부스터 프로 미개봉 새상품,거래완료,"250,000원",잠실4동,2025-09-01,3,9,232,39℃,류휴휴휴휴,뷰티/미용,"장미아파트, 잠실나루역 직거래 가능합니다~","반품불가 씰도 그대로 붙어있는 미개봉 새상품입니다~
선물받았는데 쓰던기기가 많아 저렴하게 판매합니다~
미개봉 새상품 얻어가세요~

장미아파트, 잠실나루역 직거래 가능합니다~
환불 및 반품 불가이오니 신중한 구매 부탁드립니다~",250000
마미케어,메디큐브 부스터프로,메디큐브 에이지알 부스터 프로 핑크 새상품,거래완료,"220,000원",송파동,2025-12-05,1,4,40,49℃,꼬복이,뷰티/미용,,"메디큐브 에이지알 부스터 프로 핑크 새상품 풀박스입니다

-피부 속 광채, 탄력, 모공, 피부결, 진피 치밀도 개선에 도움을 줍니다
-피부 속 2.5mm 깊이까지 콜라겐을 채워주고, 1회 사용만으로도 즉각적인 효과를 경험할 수 있습니다",220000
마미케어,메디큐브 부스터프로,메디큐브 부스터 진동클렌저 + 부스터프로 미니 플러스,거래완료,"100,000원",잠실6동,2026-01-04,1,2,130,53℃,RB,뷰티/미용,✔️직거래 위치는 잠실나루역/장미2차아파트 입니다.,"메디큐브 부스터 진동클렌저와 부스터 미니 플러스 세트입니다 (박스X)

사놓고 몇 번 사용하지 않았어요ㅠㅠ 잘 안쓰게 되어 재판매합니다

미니플러스에 붉은색 기스가 있어요. 사진 참고해주세요!

함께 왔던 제로 폼 클렌저(미사용), 앰플도 같이 드려요~


✔️직거래 위치는 잠실나루역/장미2차아파트 입니다.

✔️CU 반택, 택배 가능합니다.
반택 +1800 / 택배 +3800",100000
마미케어,메디큐브 부스터프로,메디큐브 에이지알 부스터프로,거래완료,"180,000원",송파1동,2025-10-06,1,1,98,44.3℃,고래밥,뷰티/미용,,"메디큐브 에이지알 부스터프로 판매합니다! 
박스, 설명서 모두 포함되어 있어요~
블랙 색상으로, 집에서 간편하게 피부 관리할 수 있어요",180000
마미케어,메디큐브 부스터프로,메디큐브 에이지알 부스터 프로 블랙 팔아요,거래완료,"110,000원",잠실4동,2026-06-03,2,5,113,40.3℃,도봉동동,뷰티/미용,,"메디큐브 에이지알 부스터 프로 블랙 색상이에요
본체와 충전 케이블, 사용 설명서, 그리고 마스크팩 3개가 포함되어 있어요
사진에서 보이는 것처럼 구성품 모두 깔끔하게 보관되어 있답니다
피부 탄력과 리프팅에 관심 있는 분들께 추천드려요",110000
마미케어,메디큐브 부스터프로,메디큐브 에이지알 부스터 프로 화이트,거래완료,"167,000원",잠실4동,2026-05-04,0,2,25,40.3℃,도봉동동,뷰티/미용,,"메디큐브 에이지알 부스터 프로 화이트 색상입니다
사진에 보이는 앰플 마스크 시트 3장도 함께 드려요
피부 탄력과 광채 개선에 도움을 주는 제품이에요
매끈하고 건강한 피부를 원하시는 분들께 추천드려요",167000
마미케어,메디큐브 부스터프로,메디큐브 에이지알 부스터 프로 라벤더,거래완료,"170,000원",잠실4동,2026-05-04,0,0,18,40.3℃,도봉동동,뷰티/미용,,"메디큐브 에이지알 부스터 프로 라벤더 색상이에요
본품과 함께 티트리 앰플 마스크 시트 3장도 같이 드려요
사진에서 보이는 구성 그대로 보내드려요
피부 관리에 관심 많으신 분들께 추천드려요",170000
마미케어,메디큐브 부스터프로,메디큐브 에이지알 부스터 프로 미니 화이트,거래완료,"51,000원",잠실4동,2026-06-03,1,4,79,70.6℃,gftepwbdz,뷰티/미용,,"메디큐브 에이지알 부스터 프로 미니 화이트 색상이에요
본체와 박스, 설명서 포함되어 있어요
사진에서 보이는 구성품 그대로 보내드려요
피부 탄력 관리에 도움을 주는 제품이에요
집에서 간편하게 홈케어 하고 싶으신 분들께 추천드려요
🙏*비대면거래*직장맘이라 시간맞추고 만나기가 어려워요.
🧡안전하게 당근페이로 거래부탁드려요
⛔️개인간거래 교환⛔️환불⛔️

💚GS25반값택배 2,000원 (3~5일)
💚일반택배 4,000원 (2~3일)",51000
마미케어,메디큐브 부스터프로,메디큐브 부스터 프로 팝니다.,거래완료,"160,000원",석촌동,2025-09-01,3,2,157,37.3℃,네티,생활가전,,"메디큐브 프로 판매합니다.
한달정도 사용했습니다.
너무 바빠서 다 귀찮은 시즌이라
내놓습니다ㅜ
기본구성 다있는데, 박스 뚜껑은 없습니다.
박스뒷면에 정품스티커는 다 붙여있습니다~",160000
마미케어,메디큐브 부스터프로,메디큐브 부스터프로+앰플,거래완료,"280,000원",석촌동,2025-09-01,1,2,187,40.9℃,둘리용용이,뷰티/미용,,"스스로 관리해야한다는게 참 쉬운일이 아니더라구요 지금까지 딱 3번 사용햇고 부지런히 못쓸것같아서 팔아요~ 앰플 2개랑 같이 팝니다

사정상 택배거래만 가능해서 택배비는 제가 부담하겟습니다",280000
마미케어,메디큐브 부스터프로,메디큐브 AGE-R 부스터 프로,거래완료,"160,000원",석촌동,2025-11-05,4,2,136,38.1℃,블루로즈,뷰티/미용,직거래& 반값 택배 가능해요,"메디큐브 AGE-R 부스터 프로입니다 
피부결 개선, 모공 케어, 피부 탄력 증가에 효과적입니다
2024년 겨울에 구매하고 실사용 5번 정도했고 상태 좋습니다
다시 사용할거 같아 박스에 보관했는데 사용하지 않아 판매해요
직거래& 반값 택배 가능해요",160000
마미케어,메디큐브 부스터프로,메디큐브 에이지알 부스터프로 핑크,거래완료,"159,000원",가락동,2025-11-05,3,3,86,38.9℃,꿔까애오,뷰티/미용,,"메디큐브 에이지알 부스터 프로 핑크입니다
본품이랑 전용 충전기 챙겨드립니다 
포장만 뜯고 1회 사용했습니다
거의 새제품입니다",159000
마미케어,메디큐브 부스터프로,메디큐브 부스터프로 미니,거래완료,"67,000원",잠실4동,2026-08-11,2,17,603,72.9℃,현콩이,뷰티/미용,,"부스터프로 미니 플러스 제품입니다. 미개봉 새상품

아래 3가지 효과 있어서 속건조, 트러블, 피지, 흔적 
, 잡티 고민 가지고 계신 분들께 적극 추천드려요 !

✔️스킨케어 흡수율 높여서 속건조 해결
✔️피지 없애줘서 트러블, 요철 삭제
✔️흔적이나 잡티 없애주는 미백 케어

✨미니플러스 하나로 클렌징부터 얼굴형(윤곽,탄력), 흡수, 트러블 관리까지 가능해요! (헤드결합)",67000
마미케어,메디큐브 부스터프로,메디큐브 에이지알 부스터프로 미개봉 새상품,거래완료,"250,000원",장지동,2025-09-01,1,1,91,56.1℃,당그니그니,뷰티/미용,,"비닐 안 뜯은 새거이구요
앰플도 필요 시 같이 드려요~",250000
마미케어,메디큐브 부스터프로,메디큐브 에이지알 부스터 프로 쿠로미 에디션 한정판💜,거래완료,"160,000원",위례동,2026-04-04,1,2,77,62℃,뚜루루,뷰티/미용,,"메디큐브 에이지알 부스터 프로 쿠로미 에디션입니다
피부톤 개선에 좋고, 콜라겐 생성에 도움을 줍니다
미세전류가 피부 속 깊이 침투하여 효과를 높여줍니다
박스는 없지만 구성품인 쿠로미 머리띠(새상품)가 함께 있습니다. 
홈케어 기기가 있는데 쿠로미가 탐나서 구매했어요 
5번내외로 사용하고 보관하다 물건이너무많아 판매합니다. 


택배거래만 가능-반값택배 편의점택배가능(택비추가)
환불 불가",160000
마미케어,메디큐브 부스터프로,메디큐브 에이지알 부스터 프로 미개봉 새제품 앰플 포함,거래완료,"220,000원",장지동,2025-09-01,4,2,82,48.6℃,마이미,뷰티/미용,비대면 문고리 가능해여,"메디큐브 에이지알 부스터 프로
쇼핑백에 미개봉 새상품

글루타치온 글로우 앰플 1병과 
전용 살균 티슈 포함

비대면 문고리 가능해여",220000
마미케어,메디큐브 부스터프로,메디큐브 에이지알 부스터 프로 미니,거래완료,"40,000원",위례동,2026-02-03,5,17,560,41.9℃,럽체리맘,뷰티/미용,,"메디큐브 에이지알 부스터 프로 미니입니다
피부 속 콜라겐, 엘라스틴, 보습 성분 흡수율을 높여 피부 속부터 차오르는 탄력 광채 피부를 선사합니다


케이스없어요 , 본체만있고 생활기스는있습니다
쓰는데무리없고 어제 충전까지완료 고장난거없어요
c타입 충전기로 충전가능합니다


반값택배,비대면거래가능

반품,환불x",40000
마미케어,메디큐브 부스터프로,[미개봉 새상품] 메디큐브 에이지알 부스터 프로 미니 핑크,거래완료,"80,000원",위례동,2025-12-05,2,3,62,57.8℃,리나,뷰티/미용,위례광장 근처 비대면 문고리 거래입니다.,"메디큐브 에이지알 부스터 프로 미니 핑크색 새상품입니다. 핑크 히알루로닉 수분크림 포함해서 드려요

위례광장 근처 비대면 문고리 거래입니다.",80000
마미케어,메디큐브 부스터프로,메디큐브 부스터프로,거래중,"280,000원",위례동,2024-09-01,2,10,303,38.6℃,로포표로,뷰티/미용,,"구매한 후 실사용 몇 번 되지 않고 그대로 보관중인 제품입니다! 깨끗이 사용했어요. 기스는 1개로 사진 첨부했습니다!
위례광장에서 거래 가능해요!",280000
마미케어,메디큐브 부스터프로,(미개봉 새상품) 메디큐브 에이지알 짱구 에디션 부스터 프로 미니 플러스,거래완료,"71,000원",위례동,2026-08-17,1,6,106,38.2℃,케로챠,뷰티/미용,"직거래, 택배거래 모두 가능합니다","미개봉 새상품입니다 
직거래, 택배거래 모두 가능합니다
올해 4월에 구매하엿습니다
네고가능",71000
마미케어,메디큐브 부스터프로,메디큐브 부스터프로,거래완료,"185,000원",장지동,2025-09-01,2,3,78,40.6℃,슈영슈영,뷰티/미용,장지역 부근 직거래 O,"5월 말쯤 구매했고, 3회정도 사용했어요.
구매후 임신을 했는데 임산부는 사용하지 않는게 좋다고 해서 내놓아요..!
사용 전 후 꼭 소독했기때문에 깨끗해요.

장지역 부근 직거래 O
문고리 X
택비 부담시 O",185000
마미케어,메디큐브 부스터프로,메디큐브 에이지알 부스터 프로 미니 플러스 헤드 + 꾸미기 세트 양도합니다!,거래완료,"30,000원",문정동,2025-10-06,0,0,68,43.9℃,하이네,뷰티/미용,직거래는 문정동 근처쪽에서만 가능하니 편하게 문의주세요 :),"안녕하세요!
메디큐브 에이지알 부스터 프로 미니 플러스 헤드 + 꾸미기 세트 일괄로 택포 3.0에 양도합니다.
몸통은 없고, 헤드랑 꾸미기 세트만 있으며 미개봉 새상품입니다.
배송은 반택, 끼택(0.2) 또는 일택만 가능하며
직거래는 문정동 근처쪽에서만 가능하니 편하게 문의주세요 :)
준등기, 우편 ❌️
돈봉, 교환, 예약, 네고 ❌️
구매 원하시는 분은 연락주세요🩷",30000
마미케어,메디큐브 부스터프로,(급전필요..) 메디큐브 부스터 프로 미니 + 버블 세럼,거래완료,"80,000원",장지동,2025-09-01,0,0,60,51.6℃,나는다솔,뷰티/미용,,"메디큐브 부스터 프로 미니와 콜라겐 글로우 버블 세럼 같이 판매합니다

자주 사용을 안하게 되어 판매합니다

부스터 프로 미니 사용 횟수 7회 미만이며 소독 티슈로 닦아서 보내드립니다!
버블 세럼은 2회 사용했으며, 함께 썼을 때 물광이 올라옵니다

반값택배 가능합니다!",80000
마미케어,메디큐브 부스터프로,메디큐브 AGE-R 부스터 프로 블랙,거래완료,"90,000원",문정동,2026-02-03,7,2,102,37.9℃,FIKA,뷰티/미용,,"메디큐브 AGE-R 부스터 프로 블랙 색상 판매합니다
박스에 담겨있는 새상품급 제품입니다

바쁘다보니 자주 쓰지 못해서 필요하신 분이 가져가셨음 해서 당근 판매가들의 반값 정도의 가격에 올려두게되었습니디-!

 * 네고는 쿨거래시 1000원 가능합니다, 
저렴한 가격에 내놓이서 이 이상은 어렵습니다 ㅠㅠ",90000
마미케어,메디큐브 부스터프로,메디큐브 부스터프로 미개봉 새상품,거래완료,"240,000원",문정동,2025-09-01,5,11,216,42.8℃,홍바라기,뷰티/미용,"집은 경기광주, 회사는 장지역으로 직거래 가능하고, 택배 거래도 가능합니다^^","탄력, 피부결, 미백에 도움주는 메디큐브 부스터프로 입니다~

신랑이 저몰래 서프라이즈로 사왔는데, 저는 잘 안쓸것같아 판매해요~~

집은 경기광주, 회사는 장지역으로 직거래 가능하고, 택배 거래도 가능합니다^^

챗주세요~",240000
마미케어,메디큐브 부스터프로,메디큐브 에이지알 부스터프로 (풀박스),거래완료,"170,000원",위례동,2025-11-05,2,4,70,70.8℃,imhome,뷰티/미용,,"메디큐브 에이지알 부스터프로 풀박스에요.

풀박스에 설명서 + USB 케이블 포함되어 있습니다
충전잭은 새상품

올해 구입했고 거의 사용하지않아서 내놓습니다 
(3회미만사용)

먼저 오시는 분께 판매합니다!!",170000
마미케어,메디큐브 부스터프로,메디큐브 부스터 프로 미니 핑크 새상품,거래완료,"70,000원",위례동,2025-09-01,2,1,54,41.9℃,신짱,뷰티/미용,,"메디큐브 부스터 프로 미니 핑크 새상품입니다
정가는 102,040원이에요

- 24년 11월 출시
- 핑크색상
- 미개봉 새상품입니다
- 박스 포함",70000
마미케어,메디큐브 부스터프로,메디큐브 부스터프로 미니,거래완료,"73,000원",거여동,2025-09-01,2,6,110,40.6℃,양갱마켓,뷰티/미용,,"상자 개봉 후 테스터 1회 끝

진동 세안 브러쉬 조차도 사용 못 하는 예민 피부임을 간과했습니다 하핫..

소독 완료하였으니 데려가십쇼..",73000
마미케어,메디큐브 부스터프로,메디큐브 에이지알 부스터 프로 미니 플러스,거래중,"43,000원",위례동,2026-07-03,2,17,196,48℃,럭키비키,뷰티/미용,직거래 문고리거래 택배 모두 가능해요🩵,"메디큐브 에이지알 부스터 프로 미니 플러스 팝니다!
핑크색상이고요, 2회 사용 후 보관만 해두었습니다

피부 속 광채를 끌어올려주고, 미세 전류로 피부 탄력 개선에 도움을 줍니다

구성품 : 메디큐브 에이지알 프로 미니 

충전기 분실
핸드폰 충전기로 충전 됩니당

8월 11일 ~ 8월 15일 
제가 한국에 머무는 특정 기간에만 거래 가능합니다

직거래 문고리거래 택배 모두 가능해요🩵",43000
마미케어,메디큐브 부스터프로,메디큐브 에이지알 부스터 프로 홀리데이 풀박스 + 앰플2,거래완료,"150,000원",문정2동,2026-08-07,1,4,119,42℃,몽실토실,뷰티/미용,,"메디큐브 에이지알 부스터 프로 홀리데이 에디션+ 에이지알 글루타치온 글로우 앰플 2개 같이 드립니다.
본체와 충전 케이블, 그리고 곰돌이 헤드까지 모두 포함되어 있어요. 
1월에 gsshop 에서 30만원 넘는 가격에 구매했던 세트입니다.
앰플도 따로 구매하면 최저가 한개 30000원 넘는 물건입니다.
사진에서 보이는 것처럼 구성품 모두 깨끗하게 보관했어요.
실사용이 10회정도로 기스없이 깨끗합니다.
피부 탄력과 광채를 동시에 잡고 싶으신 분들께 추천드려요.",150000
마미케어,메디큐브 부스터프로,메디큐브 부스터 프로 미니 마이멜로디 에디션,거래완료,"65,000원",위례동,2026-03-05,2,21,494,45.1℃,뇸뇸이,뷰티/미용,✅ 아기와 함께라 문고리 거래 가능해요 👶🏻,"메디큐브 부스터 프로 미니 마이멜로디 에디션입니다
피부 속 콜라겐, 엘라스틴, 보습 성분 흡수를 촉진시켜 피부 속부터 차오르는 탄력과 광채를 경험할 수 있어요
피부결 개선, 광채 개선, 탄력 개선에 도움을 줍니다
핑크색의 귀여운 마이멜로디 디자인으로 소장 가치를 높였어요

✅ 중고라서 반품/환불은 어려워요 🥹❌
✅ 예민하신 분은 정중히 거래 피해주세요 🙏🏼
✅ 찔러보기는 마음만 받을게요☺️
✅ 아기와 함께라 문고리 거래 가능해요 👶🏻
✅ 당근 바로구매 가능해요 🥕
✅ 입금 확인되면 동·호수 안내드릴게요 🏡✨
✅ 약속 잡고 잠수는… 조용히 사양할게요 🥹
✅ 매너거래 부탁드려요 🥺
✅ 거래 후 매너평가 살짝 부탁드려요 ❤️✨",65000
마미케어,메디큐브 부스터프로,메디큐브 AGE-R 부스터 프로 미니 화이트,거래완료,"30,000원",위례동,2026-02-03,4,12,230,35.9℃,똥띠,뷰티/미용,,,30000
마미케어,메디큐브 부스터프로,메디큐브 에이지알 부스터 프로 + 콜라겐크림,거래완료,"150,000원",문정동,2026-01-04,2,2,75,45.3℃,또롱이뉴나,뷰티/미용,,"메디큐브 에이지알 부스터 프로
사용은 5번 정도했구요! 
사용설명서&충전기선& 박스 같이 있어요! 제가 알코올스왑으로 항상 청소했어서 깨끗합니다! 다른 뷰티기기를 사게되서 당근합니다!
구매하시면 콜라겐크림 새상품+ 알코올스왑도 몇개 드릴게요!
",150000
마미케어,메디큐브 부스터프로,메디큐브 부스터프로,거래완료,"220,000원",문정동,2025-09-01,0,2,150,40.9℃,행복하자나,뷰티/미용,,"cj온스타일에서 구매했습니다
실사용횟수 5회 미만입니다
박스채 있습니다",220000
마미케어,메디큐브 부스터프로,메디큐브 에이지알 부스터 프로 X2 핑크,거래완료,"220,000원",문정동,2026-08-02,1,3,29,64.9℃,다팔아제껴보아요,뷰티/미용,문정동 마곡 직거래가능,"메디큐브 에이지알 부스터 프로 X2 핑크 색상입니다
새 제품 그대로의 모습으로 보관되어 있어요
피부 관리에 관심 있는 분들께 추천드려요
핑크파우치도 드려요

문정동 마곡 직거래가능",220000
마미케어,메디큐브 부스터프로,[미개봉]메디큐브 에이지알 부스터 프로 미니 새상품,거래완료,"85,000원",문정동,2025-09-01,1,8,164,37.7℃,제니퍼,뷰티/미용,,"메디큐브 에이지알 부스터 프로 미니 새상품입니다
피부톤, 모공, 탄력 개선에 좋다고 해요

- LED 파장, 미세전류, 초음파 기능
- 핑크색상
- 1회 사용으로도 효과 기대

정가는 10만원대입니다
박스도 같이 드려요~",85000
마미케어,메디큐브 부스터프로,메디큐브 부스터 프로,거래완료,"190,000원",문정1동,2025-09-01,3,4,151,42.2℃,샤인미어캣,뷰티/미용,파크하비오 호텔앞,"정상작동하구요! 사진에보이는 그대로입니다
필요하시면 에이블미아쿠아필링기 함께드릴게요~!",190000
마미케어,메디큐브 부스터프로,메디큐브 에이지알 부스터 프로 (더 이상 가격 인하 안해요),거래완료,"170,000원",문정동,2025-09-01,5,12,241,37.7℃,niinwae,뷰티/미용,"직거래 희망하고, 근처시면 제가 갈 수 있어요 (자차로 가서 어느 정도는 제가 가는 거 가능)","메디큐브 에이지알 부스터 프로입니다
사놓고 안 써서 팔아요

풀 박스이고 사용 딱 한 번 했어요! 

직거래 희망하고, 근처시면 제가 갈 수 있어요 (자차로 가서 어느 정도는 제가 가는 거 가능)",170000
마미케어,메디큐브 부스터프로,메디큐브 AGE-R 부스터 프로 풀박스,거래완료,"120,000원",문정동,2026-01-04,4,5,91,41.7℃,시원맘,뷰티/미용,,"메디큐브 AGE-R 부스터 프로 풀박스입니다

",120000
마미케어,메디큐브 부스터프로,메디큐브 에이지알 부스터 프로 블랙 풀박스_젤 증정,거래완료,"70,000원",문정동,2026-07-03,3,9,163,41.5℃,스라차나,뷰티/미용,,"메디큐브 에이지알 부스터 프로 블랙 풀박스 구성이에요
피부 고민 해결에 도움을 주는 제품으로
탄력, 리프팅, 흡수력 개선에 효과적이에요
피부 관리 홈케어 기기 찾으시는 분들께 추천드려요
-
설명서하고 케이블은 따로 없고 본품에
사용시 필요한 젤 증정드려요~ 
-",70000
마미케어,메디큐브 부스터프로,메디큐브 AGE-R 부스터 프로 블랙 풀박스,거래완료,"150,000원",문정동,2026-03-05,2,3,78,42.1℃,뿌뿌,뷰티/미용,,"메디큐브 AGE-R 부스터 프로 블랙 색상 풀박스

- 풀박스 구성 (본체, 충전 케이블, 사용설명서, 박스)

10회미만 사용, 생활기스 있습니다.
충전기 들어있는 작은 상자? 찢어짐있습니다.

잘 사용하지 않아서 판매합니다",150000
마미케어,메디큐브 부스터프로,메디큐브 에이지알 부스터 프로 미니 플러스 짱구에디션,예약중,"35,000원",문정동,2026-09-01,1,2,21,41.4℃,율무,뷰티/미용,cu 끼리택배/일반택배 or 문고리거래 가능,"*그냥 프로 미니 아니고 프로 미니 플러스입니다*


구매후 한두번 사용했는데 피부가 예민한 편이라 사용하기 힘들 듯 하여 판매합니다 ㅜㅅㅜ

상태 매우 깨끗하며 사용에 이상 없습니다.
중고거래이므로 환불교환 불가하니 별도 문의사항은 구매 전에 채팅주세요. 

기기 단품 + 기기 보관용 파우치 + 박스 구성
충전기는 원래부터 없었고 C타입 충전입니다.

빨리 처분하고 싶어서 저렴하게 올린거라 네고 어렵습니다. 

cu 끼리택배/일반택배 or 문고리거래 가능",35000
마미케어,메디큐브 부스터프로,메디큐브 에이지알 부스터 프로 뷰티 디바이스,거래완료,"98,000원",문정동,2026-07-03,2,3,37,44℃,당근케이크,뷰티/미용,,"구매 후 몇번 사용도 안하고 쳐박아 있어서
이사 전에 처분 하려고 해요~ 잘 사용 하시는 부지런한 분께 가면 좋겠네요!!
- 박스.충전 케이블,사용안내서 다 있어요
-쿨 거래시 할인 !!

- 그래도 새상품은 아니니 예민하신 분들은 새상품 사세요 구매 후 교환 반품은 안되요🚫",98000
마미케어,메디큐브 부스터프로,메디큐브 부스터프로미니플러스 + 클렌징헤드 풀박스 set,거래완료,"109,000원",문정동,2026-05-04,3,6,212,41.8℃,문정동골프공,뷰티/미용,,"메디큐브 부스터프로미니플러스+ 클렌징헤드 판매합니다!

부스터프로미니플러스 충전시간으로는 3번 정도 충전했습니다.
클렌징해드 사용 10회 미만입니다 !

풀박스 세트로 드리고, 스티커나 데코는 새상품입니다 !",109000
마미케어,메디큐브 부스터프로,메디큐브 에이지알 부스터 프로 풀박스(2회사용),거래완료,"185,000원",문정동,2026-01-04,1,2,39,44.1℃,sam,뷰티/미용,,"메디큐브 에이지알 부스터 프로 풀박스입니다

- 풀박스 구성
- 앰플, 크림 포함 (포장도 안뜯은 새상품)
- 2회 사용(알콜스왑 소독) 후 다른 에디션 선물받아서 그대로 판매합니다. 아직 충전기도 안꺼냈습니다

피부결 개선, 광채 부스팅, 모공 케어에 도움을 줍니다",185000
마미케어,메디큐브 부스터프로,메디큐브 부스터프로 미니 마이멜로디,거래완료,"3,000원",문정동,2026-07-03,2,11,164,50℃,TreeSentinel,뷰티/미용,,"*기기 제외한 마이멜로디만 판매합니다
새상품입니다

택배도 가능합니다. ",3000
마미케어,메디큐브 부스터프로,메디큐브 AGE-R 부스터 프로 풀박스,거래완료,"155,000원",문정동,2026-02-03,6,16,465,43.2℃,해동,뷰티/미용,직거래: 커피빈 송파파크하비오점,"메디큐브 에이지알 AGE-R 부스터프로 풀박스입니다.

- 풀박스 구성 (본체, 충전 케이블,사용설명서, 박스)

요즘 피부가 예민해서 병원에서 크림 하나만 받으라고 할정도라, 정리해요
사고 팩할때 한번씩 썼고
헤드부분에 크랙선같은거 가있는데 새제품도 몇번쓰면 생길정도로 잘생겨요..저는 문제없이 사용했습니다. 참고해주세요~


직거래: 커피빈 송파파크하비오점
택배 : 반값 착불가능
반품x",155000
마미케어,메디큐브 부스터프로,메디큐브 에이지알 부스터 프로 블랙 판매합니다.,거래완료,"70,000원",문정동,2026-08-11,3,8,97,39.1℃,파랑이,뷰티/미용,,"메디큐브 에이지알 부스터 프로 블랙 제품이에요
피부 탄력과 리프팅에 도움을 주는 뷰티 디바이스입니다.
구매하고 잘 사용하지않게되어 판매합니다.
피부 고민 있으신 분들께 추천드려요",70000
마미케어,메디큐브 부스터프로,메디큐브 에이지알 부스터 프로(풀박스),거래완료,"190,000원",문정동,2025-09-01,1,0,141,49.9℃,뚜껑아빠,뷰티/미용,직거래는 문정동이나 강남역에서 가능하고,"작년 가을 즈음에 샀습니다.

성능 테스트차 한번 써봤고,  알코스왑으로 소독했습니다.

기스 전혀 없고 진짜 새거나 다름없습니다.

직거래는 문정동이나 강남역에서 가능하고
문고리 거래도 가능합니다

GS반값 택배 가능합니다! ",190000
마미케어,메디큐브 부스터프로,메디큐브 에이지알 부스터프로 잔망루피 핑크 에디션 새상품 미개봉,거래완료,"235,000원",문정동,2025-11-05,2,9,174,43.2℃,당근당근,뷰티/미용,,"40만원 주고 구매했던 제품이고

구성품 모두 있고
한번도 사용안하고 씰도 안뜯었어요
상자만 개봉된 상태입니다.",235000
마미케어,메디큐브 부스터프로,메디큐브 부스터프로 미니 핑크색상,거래완료,"50,000원",위례동,2026-06-03,1,1,95,40.6℃,불독,뷰티/미용,,"메디큐브 부스터프로 미니 핑크색상판매합니다. 
구매후 다른 디바이스를 들이게되어 사용감 많지않아요. 
",50000
마미케어,메디큐브 부스터프로,메디큐브 에이지알 부스터 프로 풀박스,거래완료,"170,000원",방이1동,2025-12-05,2,1,61,44.4℃,눙이네반찬,뷰티/미용,,"메디큐브 에이지알 부스터 프로 풀박스입니다
사고 5번도 안 써서 상태 완전 좋아요
기스도 없는 것 같습니다
거의 새거인 메디큐브 부스터젤도 무료로 드립니다",170000
마미케어,메디큐브 부스터프로,메디큐브 부스터 프로 블랙,거래완료,"95,000원",문정동,2026-07-03,3,13,255,37.1℃,시장간장새우,뷰티/미용,,"메디큐브 AGE-R 부스터 프로 블랙 본체와 충전 케이블, 사용 설명서가 포함되어 있어요
집에서 간편하게 피부 관리를 할 수 있는 뷰티 디바이스입니다!

보시다시피 구성품 전부 다 있고 사용 횟수 10회 미만입니다! 
사놓고 게을러서 계속 안 쓰게 되어 판매합니다",95000
마미케어,메디큐브 부스터프로,메디큐브 에이지알 부스터 프로,거래완료,"190,000원",석촌동,2025-10-07,2,0,46,37.3℃,코튼,뷰티/미용,,"메디큐브 AGE-R Booster Pro 내놓습니다!

작년에 구매후 서너번 써본거 같아요
거의 새제품입니다
같이 쓰면 좋은 글루타치온 앰플도 드릴께요
저렴히 가져가세요

박스랑 설명서도 같이 드려요~",190000
마미케어,메디큐브 부스터프로,메디큐브 하이포커스샷 새상품 (pdrn 대용량 부스터젤 포함),거래완료,"230,000원",문정동,2025-09-01,0,5,91,42.7℃,오옛쓰,뷰티/미용,,"👍 메디큐브 하이포커스샷 새상품 팝니다. 

사놓고 비닐만 뜯고 보관만 한 상품입니다. 

고주파 원리로 이중턱 및 피부 쳐짐 개선에 좋은 제품입니다. 실제로 메디큐브 부스터 프로 제품 사용 후 효과를 봐서 추가로 공홈에서 구매하였습니다. 

이중턱 개선해주고 탱글한 얼굴을 만들어 준다는데 저는 얼굴에 살이 많은 편이 아니라서 구매해놓고 상자 겉 비닐만 뜯어 놓고 꺼내지도 않고 고민하다가 그냥 판매합니다. 

외부 상자 비닐만 뜯어보고 상품은 꺼내지도 않고, 붙은 비닐도 제거하지 않은 아예 새상품입니다. 

추가로 함께 사용하는 pdrn 부스터 젤 300ml 대용량도 드리겠습니다. 

네고는 힘들 것 같습니다. 
구매시 연락주세요~!",230000
마미케어,메디큐브 부스터프로,메디큐브 에이지알 부스터 프로 핑크 풀박스,거래완료,"180,000원",문정동,2025-12-05,1,2,70,36.8℃,닝넹잉,뷰티/미용,직거래 강남역 문정역 인근 가능해요,"메디큐브 에이지알 부스터 프로 핑크 에디션 

공식 홈페이지에서 올해 8월 구매 
테스트 사용후 소독하고 박스에 보관해서 상태 깨끗해요
공식 홈페이지 정품등록 가능합니다
직거래 강남역 문정역 인근 가능해요
궁금하신거나 구매원하시면 채팅주세요!",180000
마미케어,메디큐브 부스터프로,메디큐브 에이지알 부스터 프로 짱구 에디션,거래완료,"170,000원",문정동,2026-07-03,1,1,41,49.8℃,김김,뷰티/미용,,"메디큐브 에이지알 부스터 프로 짱구 에디션이에요
짱구 캐릭터가 그려져 있어 소장 가치가 높아요
새 제품으로 선물하기에도 좋아요
피부 관리에 관심 있는 분들께 추천드려요",170000
마미케어,메디큐브 부스터프로,메디큐브 부스터프로 새제품 미개봉,거래완료,"250,000원",문정동,2025-09-01,0,3,110,41.2℃,시리얼,뷰티/미용,,"부스터프로
미개봉!!!새제품
사정이있어서 급하게 처분합니다

구매후 교환환불 안되요~

쿨거래 시 240,000원에 드립니다!!!",250000
마미케어,메디큐브 부스터프로,[미개봉] 메디큐브 에이지알 부스터 프로,거래완료,"215,000원",문정동,2025-09-01,1,0,113,85.4℃,마싯는봉듕앙,뷰티/미용,,"포장도 안 뜯은 미개봉 새 상품이에여..
선물 받았는데 마이멜로디 버전 살려고 내놓습니다

쿨거시 네고 가능😆🩷",215000
마미케어,메디큐브 부스터프로,메디큐브 부스터프로 곰돌이 캡 팝니다,거래완료,"3,000원",문정동,2025-09-01,1,2,47,48.1℃,뿌앵,뷰티/미용,,,3000
마미케어,메디큐브 부스터프로,메디큐브 부스터프로 마이멜로디 새제품 판매,거래완료,"300,000원",문정동,2025-09-01,2,1,145,48.1℃,뿌앵,뷰티/미용,"선물받았는데 전 노란색 있어서 판매합니다. 개봉 안했습니다. 직거래 동부지방법원 , 우체국택배 3000 원 추가","선물받았는데 전 노란색 있어서 판매합니다. 개봉 안했습니다. 직거래 동부지방법원 , 우체국택배 3000 원 추가

네고가능하니까 많이 찔러봐주세요 ^^",300000
마미케어,메디큐브 부스터프로,메디큐브 에이지알 부스터 프로 미니 새상품,거래완료,"80,000원",위례동,2025-09-01,5,13,228,37.3℃,해피,뷰티/미용,,"메디큐브 AGE-R 부스터 프로 미니 새상품입니다
피부 속 광채 부스팅에 좋대요!

- 5가지 광채 모드
- 미세 전류, 쿨링 기능
-

박스도 같이 드려요~
기존에 사용하고 있던 제품이고 선물받아서 판매합니다.",80000
마미케어,메디큐브 부스터프로,메디큐브 에이지알 부스터프로 풀박팝니다,거래완료,"12,345원",위례동,2025-09-01,2,0,110,41.9℃,뮤우노노,뷰티/미용,,,12345
마미케어,메디큐브 부스터프로,메디큐브 부스터 프로 핑크,거래중,"170,000원",위례동,2026-04-04,0,6,1044,39℃,쏠쏠,뷰티/미용,평일 남위례역 혹은 봉은사역 직거래나 그 외 장소는 협의 가능합니다.,"메디큐브 에이지알 부스터 프로 핑크색입니다.

❌❌부스터프로X2 아닙니다❌❌

평일 남위례역 혹은 봉은사역 직거래나 그 외 장소는 협의 가능합니다.
사용때마다 알콜스왑으로 닦고 사용했습니다. 5개월정도 썼구요. 상자는 없습니다.

회사에서 글 올려서 실물 사진이 없는데 필요하시면 채팅주세요!

환불 불가합니다!",170000
마미케어,메디큐브 부스터프로,풀박스 메디큐브 부스터 프로 미니 플러스 신짱구 에디션,거래완료,"80,000원",거여동,2026-07-03,1,8,138,39.8℃,썬샤인,뷰티/미용,,"메디큐브 부스터 프로 미니 플러스 신짱구 에디션 풀박스 본품과 함께 귀여운 신짱구 파우치, 설명서,충전 케이블,헤어밴드 구성 외 따로 줄기세포 크림(2028.3.20),스파출라 같이 드려요~ 
사진에서 보시는 것처럼 구성품 모두 새것처럼 깨끗하게 보관되어 있어요
집에 손 안가는 디바이스들 다 처분하려 해서 1회 테스트만 해봐서 사용감 거의 없는 새상품이라고 봐도 무방합니다 
*택비 포함 가격이에요! 
다른지역외 가까운 거리도 택배로 보내드릴 수 있습니다",80000
마미케어,메디큐브 부스터프로,메디큐브 에이지알 부스터 프로 (상태좋음),거래완료,"115,000원",위례동,2026-06-03,1,1,97,43℃,서른홧티잉,뷰티/미용,직거래 하시는분은 만원 빼드립니다*,"메디큐브 에이지알 부스터 프로 입니다. 상태좋아요.

구성품은 본체랑 박스입니다. 충전기는 C타입 쓰시면 됩니다. C타입 없으시면 하나 드릴게요.

새 제품 가격보다 훨씬 저렴하게 가져가세요!

다른 기기를 들이게되어 팝니다. 피부 관리에 관심 있는 분들에게 추천드리는 제품이에요! 

*직거래 하시는분은 만원 빼드립니다*",115000
마미케어,메디큐브 부스터프로,메디큐브 부스터프로 새상품(미개봉),거래완료,"210,000원",위례동,2025-11-05,5,7,112,52.1℃,나나,디지털기기,,"메디큐브 부스터프로 미개봉 새상품입니다. 
무상보증기간 1년 
버블세럼,마스크팩 10매 같이 드려용",210000
마미케어,메디큐브 부스터프로,메디큐브 에이지알 부스터프로 블랙,거래완료,"80,000원",문정1동,2026-07-03,2,2,96,39.6℃,눌루,뷰티/미용,가락시장역이나 삼성역에서 직거래 가능합니다.,"피부 탄력과 리프팅에 도움을 주는 메디큐브 에이지알 부스터프로 블랙입니다. 기기가 많아서 정리해요. 

구성품은 본체, 충전 케이블, 설명서가 포함되어 있구요사진에서 보시는 것처럼 상태를 좋습니다. 

피부 고민을 해결하고 싶으신 분들께 추천드려요.

가락시장역이나 삼성역에서 직거래 가능합니다.",80000
마미케어,메디큐브 부스터프로,메디큐브 에이지알 부스터 프로 미니 플러스 핑크(미개봉),거래완료,"60,000원",가락2동,2026-06-03,1,4,,52℃,달퐁,뷰티/미용,,"메디큐브 에이지알 부스터 프로 미니 플러스 핑크 색상이에요 미개봉새상품입니다
구성품은 본체와 충전기, 설명서가 있어요
사진에서 보이는 것처럼 깔끔한 상태를 유지하고 있어요
피부 관리에 관심 있는 분들께 추천드리는 제품이에요
경찰병원역 인근 아파트 비대면 거래합니다",60000
마미케어,메디큐브 부스터프로,메디큐브 부스터 프로 미니 화이트,거래완료,"40,000원",거여2동,2026-05-04,1,4,80,38.8℃,영이,뷰티/미용,,"메디큐브 부스터 프로 미니 화이트 색상이에요
올리브영에서 구매했습니다!",40000
마미케어,메디큐브 부스터프로,메디큐브 에이지알 부스터 프로 핑크,거래완료,"110,000원",가락1동,2026-06-03,2,1,80,30.1℃,아또마미,뷰티/미용,,"메디큐브 에이지알 부스터 프로 핑크 색상이에요
사진에서 보이는 본품 하나입니다 
1회사용 한거 감안 본품만 있는점 해서 판매합니다",110000
마미케어,메디큐브 부스터프로,메디큐브 부스터프로 (미개봉),거래완료,"260,000원",오금동,2025-09-01,3,2,111,38.5℃,bababanana,뷰티/미용,,"새상품입니다 
같은 제품을 선물받아서 당근합니다 
택배거래, 편의점택배
원해요~",260000
마미케어,메디큐브 부스터프로,메디큐브 에이지알 부스터프로,거래완료,"170,000원",잠실4동,2025-09-02,5,16,320,49.8℃,매너거래,뷰티/미용,몽촌토성역 근처(햇빛유치원 앞)에서 직거래 하거나,"구매한 후 사용을 안하게 돼서 팝니다. 
(실 사용횟수 약 10회)

제조일 2023.11


몽촌토성역 근처(햇빛유치원 앞)에서 직거래 하거나
반값택배(‼️CU‼️) 택배비 2,000원 부담해 주시면 가능합니다. 

구매 후 환불 불가입니다.",170000
마미케어,메디큐브 부스터프로,메디큐브 부스터프로 (박스o),거래완료,"200,000원",거여2동,2025-09-01,1,2,101,39.9℃,코코힁,디지털기기,,"매일 사용할거라는 기대를 안고 구매하였으나
저의 귀차니즘을 이기지 못하고 몇번 사용하지않았습니다😔
화장대 구석에서 먼지만 쌓이다가 화장대 청소중 발견하여 당근에 올려봅니다
박스 + 케이블 포함 되어있습니다

",200000
마미케어,메디큐브 부스터프로,메디큐브 부스터프로미니팝니다 송파,거래완료,"70,000원",마천동,2025-09-01,2,0,126,41.2℃,sol,뷰티/미용,,,70000
마미케어,메디큐브 부스터프로,메디큐브 에이지알 부스터프로 블랙,거래완료,"100,000원",가락본동,2026-05-04,2,1,103,48.4℃,스뜌삣,뷰티/미용,,"메디큐브 에이지알 부스터프로 블랙 색상이에요
본체와 박스있습니다
2번째사진보면 미세한 스크레치있는데
사용에는 문제없어요
매번 알콜스왑으로 닦으며 사용했고
첨 한달 열심히 쓰다 안쓰고 방치되어 보냅니다",100000
마미케어,메디큐브 부스터프로,메디큐브 부스터프로 새상품,거래중,"170,000원",위례동,2025-12-05,12,37,537,25.4℃,뀨잉뀨잉쀼,뷰티/미용,,"새상품입니다
정품 큐알 있어요
선물용으로도 좋음
최신제조",170000
마미케어,메디큐브 부스터프로,"메디큐브 부스터프로 핑크 미개봉 새상품 (+앰플2개, 곰돌이 헤드 커버 드림)",거래완료,"230,000원",가락본동,2026-03-05,2,6,94,37.7℃,바비누나,뷰티/미용,"(직거래, 현금거래, 네고불가)","메디큐브 AGE-R 부스터 프로 핑크 색상 미개봉 제품 판매합니다. 

- 풀박스 구성
- 같이 사용 가능한 앰플 2개(사진 참고, 유통기한 27년 4월,11월)
- 곰돌이 헤드 커버 포함

일주일 전에 교환 받은 새상품 입니다.
비닐도 안 뜯었어요! 

(직거래, 현금거래, 네고불가)",230000
마미케어,메디큐브 부스터프로,[비닐도 안뜯은 새상품+ PDRN 무료증정]메디큐브 에이지알 장원영 부스터 프로 미니 플러스 & 진동 클렌저 세트,거래완료,"120,000원",문정2동,2026-01-04,6,19,622,37.2℃,예예,뷰티/미용,,"비닐도 안뜯은 메디큐브 AGE-R 부스터 프로 미니 플러스와 진동 클렌저 세트입니다.

장원영이 광고하는 거구요, 선물받았는데 저에겐 필요하지 않아서 새상품 그대로 당근합니다.

모두 미개봉 새상품이고, PDRN 핑크 원데이 세럼은 무료로 껴서 드립니다. 
PDRN 핑크 원데이 세럼은 소비기한은 2027년 7월 9일까지입니다.",120000
마미케어,메디큐브 부스터프로,메디큐브 부스터프로 미니 - 화이트 송파,거래완료,"55,000원",마천2동,2025-09-01,1,1,114,43.6℃,S2,뷰티/미용,✔️ 직거래 - 스타벅스 송파마천사거리 DT점,"✔️ 정가 112,000원 -> 55,000원
✔️ 다른 디바이스가 생겨서 팝니다!
✔️ 하자, 스크레치 없습니다
✔️ 제품 박스는 구매 직후 버려서 없습니다😖(다른 박스에 포장해서 드리겠습니다)
✔️ GS 반값택배, CU 알뜰택배 가능
✔️ 직거래 - 스타벅스 송파마천사거리 DT점",55000
마미케어,메디큐브 부스터프로,메디큐브 부스터프로 풀박 ss급 일주일 사용,거래완료,"220,000원",가락1동,2025-09-01,1,3,124,40.6℃,무무댁,뷰티/미용,헬리오시티 1단지 직거래 가능합니다.,"사진 보시는바와 같이 풀박 구성입니다.
공식홈에서 두 달전 구입후 10회미만 사용 후 방치 중 입니다. 효과가 있을 것 같은데 부지런하지 못해 내놓아요.

3종세트 일괄시 대당 만원씩 네고 해 드립니다.

헬리오시티 1단지 직거래 가능합니다.",220000
마미케어,메디큐브 부스터프로,메디큐브 에이지알 부스터 프로,거래완료,"140,000원",가락동,2025-12-05,2,1,94,41.3℃,비우는중,뷰티/미용,헬리오시티에서 직거래 가능합니다,"메디큐브 에이지알 부스터 프로 뷰티 디바이스입니다
- 풀박스 구성으로 드립니다
- 피부 속 광채와 탄력 개선에 도움을 줍니다
- 피부결 개선, 모공 축소, 피부톤 개선 효과를 기대할 수 있습니다



헬리오시티에서 직거래 가능합니다
택배거래도 가능해요",140000
마미케어,메디큐브 부스터프로,(미개봉 새상품) 메디큐브 에이지알 부스터 프로 풀박스,거래완료,"130,000원",가락1동,2026-07-03,3,11,151,64℃,라일라,뷰티/미용,직거래 문고리 거래만 (송파 헬리오시티),"메디큐브 에이지알 부스터 프로 풀박스
미개봉 새상품 입니다~

직거래 문고리 거래만 (송파 헬리오시티)
택배는 GS편의점 반값택배 +2천원 
우체국 택배 +4천원 입니다~",130000
마미케어,메디큐브 부스터프로,메디큐브 에이지알 부스터 프로,거래완료,"170,000원",가락1동,2025-09-01,2,4,123,65.4℃,송글,뷰티/미용,,"메디큐브 에이지알 부스터 프로 내놓습니다!

- 콜라겐 부스팅, 피부 탄력, 모공, 피부결 개선에 좋아요
- 5가지 모드 (부스터, 콜라겐, 탄력, 브라이트닝, 모공)로 관리 가능
- 주 2~3회, 각 모드별 3분 사용 권장
- 구매 가격은 299,000원입니다

박스도 같이 드려요~

효과 좋고 거의 새상품인데
기스나 오염 전혀없음
최근에 울써마지해서 내놓습니다",170000
마미케어,메디큐브 부스터프로,[풀박스] 메디큐브 에이지알 부스터프로,거래완료,"180,000원",송파2동,2025-09-01,4,8,289,41.5℃,비비,뷰티/미용,,"메디큐브 에이지알 부스터프로

25년 3월 / 289,000원 구입

정품 인증 QR 있습니다~!

풀박스 구성 다 있습니다.
사용감 적어요.

게을러서 내놓습니다…ㅎ",180000
마미케어,메디큐브 부스터프로,미개봉 메디큐브 에이지알 부스터 프로 X2 핑크,거래완료,"190,000원",가락1동,2026-06-03,1,7,166,42.2℃,수통수통,뷰티/미용,,"메디큐브 에이지알 부스터 프로 핑크 색상이에요
피부 탄력과 리프팅에 도움을 주는 뷰티 디바이스랍니다
구성품은 본체와 충전기, 설명서가 있어요 구매하시면 메디큐브에서 받은 벨벳 파우치도 같이 드려요
피부 고민 있으신 분들께 추천드려요",190000
마미케어,메디큐브 부스터프로,메디큐브 부스터힐러,거래완료,"60,000원",가락1동,2025-09-01,3,14,308,50.1℃,키키찡,디지털기기,기기만 있어요 헬리오시티 문고리 거래 합니다,"메디큐브 부스터힐러 판매합니다.
효과가 좋은것 같아 프로도 구매하게 되어 부스터힐러는 판매합니다 
기기만 있어요 헬리오시티 문고리 거래 합니다",60000
마미케어,메디큐브 부스터프로,메디큐브 에이지알 부스터 프로,거래완료,"260,000원",가락동,2025-09-01,3,3,277,37.6℃,엽세여,뷰티/미용,직거래만 가능,"메디큐브 부스터 프로 풀박

10회 정도 사용하고 잘 안쓰게 되어 판매합니다

직거래만 가능",260000
마미케어,메디큐브 부스터프로,메디큐브 에이지알 부스터프로 풀박스,거래완료,"100,000원",가락1동,2026-08-02,4,8,102,37.6℃,콩알이,뷰티/미용,,"메디큐브 에이지알 부스터프로 풀박스 판매합니다.
몇번 사용 안했는데 기기가 많아서 정리합니다.",100000
마미케어,메디큐브 부스터프로,메디큐브 에이지알 부스터 프로 실사용 1달 (보증기간남음),거래완료,"180,000원",가락동,2025-11-05,1,8,152,74℃,페리윙클,뷰티/미용,시간맞추기어려워 문고리만합니다!,"메디큐브 에이지알 부스터 프로입니다
- 5분 사용 후 자동 종료됩니다
- 피부 속 탄력 개선에 도움을 줍니다
- 제조일자: 25년 6월

크랙 없고 사용 1달 정도하다가 거의안썼어요 
다른기계를 선물받아서요!
시간맞추기어려워 문고리만합니다!

✅ 문고리 선호합니다. 
- 직거래: 송파헬리오시티 (시간맞추기어려우면 못해요)
- 문고리: 헬리오시티5단지
✅ 당근페이 환영
✅ 택배+3000, 반값(gs)+1800 추가금 별도
✅ 환불, 교환, 예민하신분 대화❌
✅ 제가판매하는 것들 합산 구매시 에누리 의사 ⭕️",180000
마미케어,메디큐브 부스터프로,메디큐브 부스터프로 에이지알 새제품 선물가능,거래완료,"230,000원",가락동,2025-09-01,6,8,228,74℃,페리윙클,뷰티/미용,"직거래, 문고리 합니다","일주일전 구매한제품입니당
(뜯어보지 않았으나 2025.05 제조로 추정)

이 제품 제조년월 중요한거 아시죠?😎

직거래, 문고리 합니다
택비 별도
반택비정도는,,, 제가부담할게효

이미 네고한 가격인데 (23만원) ,,,
네고 요청하시면 대답하지 않습니다!!",230000
마미케어,메디큐브 부스터프로,메디큐브 에이지알 부스터 프로 새상품,거래완료,"200,000원",가락본동,2025-10-06,4,0,89,43.1℃,ssoo,뷰티/미용,,"메디큐브 에이지알 부스터 프로 새상품입니다
박스, 구성품 모두 그대로 있어요(비닐 안 뜯음)

* 이전 제품에 크랙이 생겨서 메디큐브에 직접 무상교환한 상품입니다~
교환 전에는 잘 썼는데, 또 막상 교환하고 보니까 비닐 뜯기도 귀찮아서요
교환 상품이라 상자 모양에 차이가 있어요:)
내부에 정품 인증하는 큐알이 있어요
같이 앞에서 열어보고 내부에 정품 인증서 확인도 가능합니다~ 없으면 환불해드릴게요🙃
+ 문제 생기면 교환 받은 날로부터 또 무상 교환 가능하다고 고지 받았습니당

블랙",200000
마미케어,메디큐브 부스터프로,메디큐브 부스터프로 3,거래완료,"180,000원",가락본동,2025-09-01,11,15,374,51.8℃,별별별,뷰티/미용,헬리오 직거래 선호합니다,"새제품 받아 1회 사용했습니다

상태 아주 좋습니다

구성품은 사진에 보이는게 다 입니다

헬리오 직거래 선호합니다",180000
마미케어,메디큐브 부스터프로,메디큐브 에이지알 부스터프로 미개봉새상품,거래완료,"260,000원",가락1동,2025-09-01,2,4,124,99℃,belle,뷰티/미용,,"메디큐브 에이지알 부스터프로 미개봉새상품팝니다
이번에 풀리뉴얼되서 새로나온거예요
안팔리면 선물할거여서..
네고는 정중히 죄송합니다",260000
마미케어,메디큐브 부스터프로,미개봉 메디큐브 부스터프로 미니 플러스 + 클렌징 헤드 SET,거래완료,"133,000원",가락1동,2025-09-01,0,2,118,37.7℃,이아인,뷰티/미용,,"메디큐브 에이지알 부스터프로 미니 플러스 + 클렌징 헤드 + 꾸미기+ 제로 폼 클렌저 포함
",133000
마미케어,메디큐브 부스터프로,메디큐브 에이지알 부스터 프로 정품케이스포함,거래완료,"189,000원",가락1동,2025-09-01,2,2,142,99℃,블루베리짜잔,뷰티/미용,헬리오시티,"메디큐브 AGE-R Booster Pro 내놓습니다

블랙 색상이고, 정품박스도 같이 드려요!

- 광채, 탄력, 볼륨, 모공 케어에 좋아요
- LED, 미세전류 기능
- 2024년 3월 제조

케이스까지 있는 좋은제품입니다.
저는 딸거까지 두개였는데 다른디바이스 하나더구매해서 하나만 내놓아요.

효과는쓰시면 확실히 있어요~매일아침 
슥  문지르기만해도 하루종일 부스터효과있어요!",189000
마미케어,메디큐브 부스터프로,에눌 가능~~ 메디큐브 에이지알 부스터프로 팔아용!,거래완료,"195,000원",송파동,2025-09-01,8,5,331,42.3℃,김망뿡,뷰티/미용,직거래 송파동 가능합니다~~,"인터넷 판매가: 329,000원

25.4.13 구매하고 2번 사용 하고 안썼어요ㅠㅠ
산지 정말 얼마 안된 제품이에용ㅠㅠ
기스도 전혀 없고 작동도 매우매우 잘 돼요!

박스는 버렸고 같이 들어있던 C타입 충전선 챙겨드릴게요!
직거래 송파동 가능합니다~~

에눌 가능하니 말씀 주세용~",195000
마미케어,메디큐브 부스터프로,메디큐브 에이지알 부스터 미니프로 클렌저 세트,거래완료,"45,000원",가락1동,2026-08-26,1,0,8,47.9℃,당근당긍,뷰티/미용,,"메디큐브 에이지알 부스터 미니프로와 클렌저 본품, 충전기까지 모두 갖춘 세트예요
사진에서 보이는 것처럼 구성품 모두 깨끗하게 사용했어요
피부 탄력과 모공 관리에 도움을 주는 제품으로 매일매일 건강한 피부를 가꿔보세요
피부 고민 있으신 분들께 정말 좋은 선택이 될 거예요",45000
마미케어,메디큐브 부스터프로,메디큐브 에이지알 부스터 프로 (새상품),거래완료,"180,000원",가락동,2026-05-04,1,4,74,46.4℃,jasa,뷰티/미용,,"비닐포장채 새제품입니다
20만원
",180000
마미케어,메디큐브 부스터프로,(박스포함) 메디큐브 에이지알 부스터 프로 미니 화이트,거래완료,"55,000원",석촌동,2026-06-03,3,11,153,50.9℃,뽀숑,뷰티/미용,,"🩷메디큐브 에이지알 부스터 프로 미니 화이트
박스 포함 입니다 :)
세번해보고 사용을 안하게되서 판매합니다

💌cu편의점 반택 + 2000

🚫 중고거래 특성 상 교환,환불 안됩니다
하자 있으면 판매를 하지를 않습니다.",55000
마미케어,메디큐브 부스터프로,메디큐브 부스터 프로 풀박스-유효기간 남음,거래완료,"210,000원",오륜동,2025-09-01,1,0,143,41℃,마미,뷰티/미용,,"메디큐브 부스터프로 
제조년월 2024년 6월로 보증기간 1년 중 5개월 남아있는 제품입니다.
잘 안쓰게 되네요. 연휴동안 집에사 잘 써보실 분 가져가시면 좋겠습니다.

풀세트 잘 보관했고 충전케이블은 비닐채 그대로 있어요. 

쓰던 앰플 혹시 필요하시다 하시면 같이 드리겠습니다.",210000
마미케어,메디큐브 부스터프로,메디큐브 에이지알 부스터프로미니 75g 화이트,거래완료,"50,000원",석촌동,2025-12-05,1,5,102,61.2℃,어쿠스틱,뷰티/미용,✅ 직거래/환불/교환은 어렵습니다,"메디큐브 에이지알 부스터프로미니 75g 화이트

3회사용후 보관중입니다
사용후 항상 알콜솜으로 닦아뒀어요^^


✅ 당근페이선호
✅ 택배가능 CU반택(+1500)/일반택배(+3000)
✅ 직거래/환불/교환은 어렵습니다",50000
마미케어,메디큐브 부스터프로,메디큐브 에이지알 부스터 프로 팝니다,거래완료,"200,000원",송파동,2025-09-01,2,2,89,37.2℃,꽁이네집,뷰티/미용,,"메디큐브 AGE-R 부스터 프로 (쿠로미 에디션) 팝니다~ 

반품 환불 불가입니다 
박스포함 헤어밴드 스티커 같이 보냅니다 ^^
",200000
마미케어,메디큐브 부스터프로,메디큐브 부스터프로 미개봉 새상품,거래완료,"280,000원",석촌동,2025-09-01,1,3,81,41.3℃,당근당근,뷰티/미용,석촌역 직거래 가능,"메디큐브 리뉴얼 된 제품 미개봉 새상품입니다.
함께 사용하면 시너지 좋은 콜라겐 젤크림 함께 드립니다.

석촌역 직거래 가능
반값택배/일반택배 가능",280000
마미케어,메디큐브 부스터프로,메디큐브 에이지알 부스터 프로 풀박스,거래완료,"150,000원",송파동,2025-10-06,3,3,98,43.7℃,깻잎머리,뷰티/미용,,"메디큐브 AGE-R Booster Pro 풀박스입니다

- 풀박스 구성 (본체, 충전기, 설명서, 박스)
- 피부결 개선 및 광채 효과

아들한테 선물 받았는데 30만원 줬다고 들었어요 
다른것도 많아 몇번 사용하지 않아  내놓습니다 
",150000
마미케어,메디큐브 부스터프로,메디큐브 에이지알 부스터 프로 미니 새제품,거래완료,"64,000원",송파동,2026-03-05,1,12,279,42℃,즐거운,뷰티/미용,"직거래: 송파역, 석촌역","메디큐브 에이지알 부스터 프로 미니 핑크색 입니다.
3번정도 사용했고 게을러서 잘 사용하지는 않아 판매합니다.

상자 있고 사용하고 알콜스왑으로 소독해두었습니다.

-직거래: 송파역, 석촌역
-반값택배 가능 +2500원",64000
마미케어,메디큐브 부스터프로,메디큐브 뷰티 디바이스 팝니다,거래완료,"50,000원",송파동,2026-05-04,7,7,146,37.3℃,진이,뷰티/미용,,"메디큐브
- 울트라튠
- 하이포커스샷(완료)
- 부스터프로
- ems 샷

판매합니당",50000
마미케어,메디큐브 부스터프로,완전 미개봉 새제품! 메디큐브 에이지알 부스터 브이롤러 + 부스터 프로 미니 플러스,거래완료,"120,000원",석촌동,2026-08-07,1,5,96,39.7℃,뮤뮤,뷰티/미용,"바로 구매, 반값 택배, 직거래 가능합니다!","메디큐브 에이지알 부스터 페이스 브이롤러 헤드 + 부스터 프로 미니 플러스 핑크입니다

브이롤러는 기기 안에 부스터 프로 미니를 결합하면 작동 되고,
부스터 프로 미니는 단독으로도 사용 가능해요 -!

이미 너무 유명한 그 메디큐브! 피부 탄력과 리프팅에 도움을 주는 제품이에요!!

최근에 선물 받았는데 저는 이미 쓰고 있던 제품이라 올려요!

구성품은 비닐도 안 뜯은 새제품들이고 사진과 같습니다!

구매하시면 메디큐브 피디알엔 마스크팩 같이 넣어드릴게요 :)
피부 관리에 관심 있는 분들께 추천드려요!

바로 구매, 반값 택배, 직거래 가능합니다!",120000
마미케어,메디큐브 부스터프로,새상품 쿠로미 메디큐브 부스터프로,거래완료,"330,000원",석촌동,2026-05-04,1,7,196,41.4℃,잇츠마이라이프,뷰티/미용,,"새상품 쿠로미 메디큐브 부스터프로 
상자도 안 열어보고 고이 간직하고 있었네요
귀찮아서 저는 써야지써야지하다
모시고있었어요
상자도 안 열어봤어요

이거하면 진짜 피부 좋아진다는데
쿠로미라 귀여워요
가져가실분 얼른 가져가세요☺️

지금 크림에서 60만원에팔아요
네이버는 120만원에 올라와있습니다",330000
마미케어,메디큐브 부스터프로,(2025.02 제조) 메디큐브 에이지알 부스터 프로 블랙,거래완료,"130,000원",송파2동,2026-02-03,1,1,115,50℃,아지아지,뷰티/미용,,"메디큐브 에이지알 부스터 프로 블랙 색상입니다

-피부톤 개선, 모공 케어, 탄력 개선에 효과적입니다
-박스는 없지만 작년에 엄마 사드렸는데 총 사용횟수 10회도 안되어 상태 매우 좋습니다",130000
마미케어,메디큐브 부스터프로,메디큐브 에이지알 부스터 프로 헬로키티 에디션,거래완료,"200,000원",석촌동,2026-02-03,1,4,72,37℃,행복행,뷰티/미용,잠실동/석촌동  직거래 선호 하구요,"메디큐브 에이지알 부스터 프로 헬로키티 에디션 풀박스입니다

구매 당시에는 열심히 해보려고  
의욕에 앞서서 내부 포장은 다 뜯었어요ㅠ
성격상 안쓰게되어 내놓습니다

내용물은 다 그대로 있구요
거짓말 안보테고 한번도 안썼습니다
외부 사용감은 없는데 
피부 접촉부분이 제품 특성상 미세기스가 좀 있어요 (거짓말 아닙니다ㅠ 피부에 댄적도 없어요)
사용안했는데 잔 기스났다고 말씀하실까봐
미리 말씀드리는거에요 
 
박스, 본체, 충전 케이블, 사용 설명서, 주의사항, AGE-R 위생 티슈 포함되어 있습니다

잠실동/석촌동  직거래 선호 하구요
중고 물품 거래상 환불 안됩니다
신중한 구매 부탁 드립니다ㅠ",200000
마미케어,메디큐브 부스터프로,부스터프로,거래완료,"190,000원",방이2동,2025-09-01,1,8,273,36.5℃,타이케,뷰티/미용,송나나루역3번출구주유소,,190000
마미케어,메디큐브 부스터프로,메디큐브 미니 플러스 & 진동 클렌저 SET 새상품,거래완료,"99,000원",방이2동,2026-03-05,3,6,83,54℃,당근당근당근당근,뷰티/미용,,"메디큐브 피부 관리 제품 세트입니다

- 메디큐브 부스터 프로
- 메디큐브 진동 클렌저 미니 플러스
- 메디큐브 슈퍼 시카 딥 클렌징 밤 (100ml)
- 메디큐브 제로 폼 클렌저 (120g)
- 메디큐브 제로 포어 블랙헤드 딥 클렌징 오일 (205ml)

피부 속 깊은 곳까지 유효 성분을 전달하여 피부 개선 효과를 높여주고, 피부결 개선에 도움을 줍니다",99000
마미케어,메디큐브 부스터프로,메디큐브 에이지알 부스터 프로 블랙(헤드커버 포함) 송파,거래완료,"150,000원",삼전동,2026-04-04,1,1,38,38.9℃,치치,뷰티/미용,,"메디큐브 에이지알 부스터 프로(헤드커버 포함)
7회 정도 사용했고 충전케이블을 포함한 풀박스로 보관 중입니다.

알콜 스왑으로 닦아가며 사용했습니다!",150000
마미케어,메디큐브 부스터프로,메디큐브 에이지알 부스터 프로 새상품(미개봉상품) 송파,거래완료,"230,000원",삼전동,2025-09-01,2,5,94,38.2℃,yeyeyeyeye,뷰티/미용,,"메디큐브 에이지알 부스터 프로 미개봉 새상품입니다

모두 아시는 상품이라 
자세한 설명은 생략하겠습니다!
아예 미개봉 상품입니다.

선물로 두개를 받게되어 하나는 내놓습니당!",230000
마미케어,메디큐브 부스터프로,새상품 미개봉 제품 메디큐브 에이지알 부스터 프로 X2 핑크 송파,거래완료,"245,000원",삼전동,2026-08-02,7,31,424,44.1℃,고양이집사,뷰티/미용,,"메디큐브 에이지알 부스터 프로 X2 핑크 색상이에요
새상품 그대로 포장되어 있어요
피부 관리에 도움을 주는 제품이에요
집에서 간편하게 홈케어 하고 싶으신 분들께 추천드려요",245000
마미케어,메디큐브 부스터프로,메디큐브 에이지알 부스터 프로 마이멜로디 송파,거래완료,"210,000원",삼전동,2025-11-05,1,4,,39.4℃,왕키,뷰티/미용,,"메디큐브 AGE-R 부스터 프로 마이멜로디 에디션 풀박스 입니다.

구매하고 한번 사용 후 그대로 보관중입니다.
제피부에는 자극되는거 같아서 판매합니다.",210000
마미케어,메디큐브 부스터프로,메디큐브 부스터 힐러 (최저가🔥) 송파,거래완료,"59,000원",삼전동,2025-09-01,2,6,195,47.5℃,챠즈,뷰티/미용,직거래 석촌고분역 1번출구,"메디큐브 에이지알 부스터 힐러 내놓습니다!
피부결 개선에 효과 많이 봤어요!
이 기기 반납해서 부스터프로 보상판매로 10만원 할인받을 수도 있어요~!

박스, 충전선도 같이 있습니다~
알콜솜 소독 완료

직거래 석촌고분역 1번출구
수, 목 오후 7시 반 전에는 선릉역 4번출구 가능
반택 가능(gs25, cu)",59000
마미케어,메디큐브 부스터프로,메디큐브 부스터 프로 핑크 송파,거래완료,"100,000원",삼전동,2026-03-05,2,1,84,47.5℃,챠즈,뷰티/미용,직거래: 석촌고분역 1번출구,"메디큐브 부스터 프로 핑크 본체랑 충전선 판매합니다!
상자 없어서 저렴히 올려용

직거래: 석촌고분역 1번출구",100000
마미케어,메디큐브 부스터프로,(미개봉 완전 신품) 메디큐브 부스터프로 핑크,거래완료,"200,000원",석촌동,2025-09-01,10,10,163,37.1℃,푸바옹,뷰티/미용,,"5월 해외 이주로 인해 짐정리 중이라 최저가로 급하게 판매합니다!

선물 받은건데 사용하지 않아서
비닐도 뜯지 않았습니다.
정품 미개봉 새상품이에요🙂

쿠팡 최저가가 26만원 정도 하는 것 확인했고 그것 보다 더 저렴하게 20만 원에 드려요!

필요하셨던 분들은 6만원 한번에 세이브 하실 기회입니다!

선착순으로 빠르게 처분하는게 목적이라
쿨거 하실 분 선호합니다:)

본품+USB케이블 구성입니다.",200000
마미케어,메디큐브 부스터프로,메디큐브 에이지알 부스터 프로 핑크베어 에디션,거래완료,"100,000원",석촌동,2026-04-04,6,1,65,39.2℃,상추,뷰티/미용,,"실사용 별로 안되는데 손이 잘 안가서 당근합니다 ~~



메디큐브 에이지알 부스터 프로 핑크베어 에디션입니다
피부 속 콜라겐, 엘라스틴, 보습 통로를 열어 피부 스스로 힘을 키울 수 있도록 도와줍니다
전원 버튼과 모드 버튼이 있고, 5분 사용 후 10초 간격으로 자동 종료됩니다",100000
마미케어,메디큐브 부스터프로,메디큐브 부스터프로 송파,거래완료,"200,000원",삼전동,2025-09-01,2,4,115,37℃,만호히,뷰티/미용,,"한달 전 ? 구매 후 10회 사용 미만 제품입니다 ! 

기기는 거의 새 상품이랑 다를게 없이 깨끗하며 정품인증 가능합니다 

충전기는 없고 박스 및 설명서는 있습니다 
충전은 c타입입니다

빠른 구매 하시며 네고 많이 해드리겠습니다 !",200000
마미케어,메디큐브 부스터프로,메디큐브 부스터프로 미니 핑크 송파,거래완료,"56,000원",삼전동,2025-11-05,1,9,160,38.4℃,매너있게합시다,뷰티/미용,,"메디큐브 부스터 프로 미니 핑크입니다~ 
핑크색이고, 꼼꼼하게 사용해서 상태 좋아요~
화면 구성대로 본품만 입니다",56000
마미케어,메디큐브 부스터프로,메디큐브 AGE-R 부스터 힐러 풀박스,거래완료,"48,000원",방이동,2026-01-04,1,2,34,37.7℃,안녕병아리,뷰티/미용,,"메디큐브 AGE-R 부스터 힐러입니다

-피부 속 흡수율을 높여주는 뷰티 디바이스입니다
-집에서 간편하게 에스테틱 효과를 낼 수 있습니다

사용감 있는 제품이지만 풀박스 입니다. 
작동 잘 되고 깨끗하게 사용했습니다.
피부에서 광나는 효과 있어요.
저는 에이지알 프로 제품 있어서 판매합니다.

잠실역 까지는 거래장소 변경 가능 합니다.",48000
마미케어,메디큐브 부스터프로,메디큐브 에이지알 부스터 프로 송파,거래완료,"190,000원",삼전동,2025-10-06,1,1,83,39.6℃,쿠루쿠,뷰티/미용,,"메디큐브 에이지알 부스터 프로 판매합니다.

상자와 충전 케이블 포함되어 있습니다. (설명서 없음)
몇번 안써서 상태는 거의 새것 같습니다!",190000
마미케어,메디큐브 부스터프로,메디큐브 AGE-R 부스터 프로 미니 플러스 미개봉,거래완료,"90,000원",석촌동,2026-01-04,4,9,217,37.8℃,둥이,뷰티/미용,,"메디큐브 AGE-R 부스터 프로 미니 플러스 새상품입니다
미개봉 풀박스 제품이에요
피부 속 흡수 촉진시켜주는 제품입니다 !!
박스가 조금 찌그러져서 싸게 판매합니다 
미개봉상품이라 사용에는 전혀 문제없습니다 ㅎㅎ
동일제품있는데 선물받아서 올려요~~",90000
마미케어,메디큐브 부스터프로,메디큐브 에이지알 부스터 프로 풀박스+ 캡,거래완료,"210,000원",방이2동,2025-09-01,5,8,156,44℃,이당근,뷰티/미용,택배거래 직거래 둘다 가능합니다,"풀박스 + 별도 구매한 캡도 같이 드려요
상태 양호합니다
택배거래 직거래 둘다 가능합니다
연락주세요",210000
마미케어,메디큐브 부스터프로,메디큐브 에이지알 부스터프로(25.7월 네이버 구매) 송파,거래완료,"180,000원",삼전동,2025-09-01,3,8,133,36.7℃,HJJ,뷰티/미용,"삼전역, 삼전초등학교 직거래만 가능합니다.","메디큐브 에이지알 부스터프로 25년 7월에 구매한거 팝니다. (만나서 네이버로 구매 인증 가능!!)

실사용 ”2회“밖에 안되고, 결혼준비중이여서 웨딩 플래너님이나 웨딩샵에서도 추천해줘서 샀는데 역시 홈케어는 부지런해야되는것같습니다😇 

오자마자 팔생각전혀없고 계속 쓸려고해서 박스설명서 다 버려서 남아있는거 “본품+케이스” 뿐입니다. 

충전은 아이폰c타입으로 가능합니다!

모드 다양하고 워낙 유명한템인데, 궁금하셨던분이나 꾸준히 케어하실분 싸게 가져가세요~!

삼전역, 삼전초등학교 직거래만 가능합니다.",180000
마미케어,메디큐브 부스터프로,메디큐브 부스터프로 송파,거래완료,"190,000원",삼전동,2025-09-01,1,3,138,39.7℃,요시땅,뷰티/미용,직거래 가능해요,"10회미만 사용으로 제품 깨끗하고
잘 사용됩니다

직거래 가능해요",190000
마미케어,메디큐브 부스터프로,이사가용 오늘까지 이가격 메디큐브 에이지알 부스터프로 미개봉 새상품 송파,거래완료,"185,000원",삼전동,2026-02-03,9,18,395,42.3℃,눙사람,뷰티/미용,안녕하세요! 소중하게 보관하던 물품을 좋은 분께 보내드리고자 글을 올려요. 🥰 꼼꼼히 읽어보시고 편하게 채팅 주세요!이사때문에 모든물품 시세보다 싸게 급처 합니다! 문고리거래를 가장선호해요!,"✨ [메디큐브 에이지알 부스터프로 미개봉 새상품] 판매합니다 ✨
안녕하세요! 소중하게 보관하던 물품을 좋은 분께 보내드리고자 글을 올려요. 🥰 꼼꼼히 읽어보시고 편하게 채팅 주세요!이사때문에 모든물품 시세보다 싸게 급처 합니다! 문고리거래를 가장선호해요!
📌 상세 정보
* 판매 가격:200000원
* 상품 상태: 미개봉 새상품 제품입니다✨
🤝 거래 안내 (꼭 읽어주세요!)
✅ 100% 정품 보장
판매하는 모든 물품은 확실한 정품입니다! 만약 가품일 경우 판매가의 200% 보상해 드릴 것을 약속드려요. 믿고 거래하셔도 됩니다. 👍
💰 결제 안내 (대환영!)
 * 요즘 신종사기인 핫마켓 메라마켓 처럼 포인트 결제 안받습니다! 
 * 당근페이 결제 대환영이에요!🥕
⚠️ 가격 제안(네고) 불가
최대한 고민해서 합리적인 가격으로 올렸습니다! 아쉽지만 네고 문의는 정중히 사양할게요. 양해 부탁드려요. 🙏
📍 직거래 안내
 * 장소: 삼전삼밭나루공원
 * 방식: 서로의 시간을 아끼기 위해 비대면 거래 가능합니다! 🏃‍♂️💨
📦 택배 거래 안내
 * 일반 택배: +5,000원
 * 반값 택배: +3,000원 (GS25)
매너 있는 거래 기다릴게요! 오늘도 기분 좋은 하루 보내세요. 감사합니다! 🌸✨",185000
마미케어,메디큐브 부스터프로,메디큐브 에이지알 부스터 프로 블랙 미개봉 새제품,거래완료,"180,000원",송파1동,2026-04-04,0,4,53,48.9℃,자대피,뷰티/미용,,"메디큐브 에이지알 부스터 프로 블랙 색상입니다
피부 속 콜라겐, 탄력, 광채, 모공, 진피 치밀도, 톤, 결, 각질 개선에 도움을 줍니다
블랙헤드와 피부결 케어에 효과적입니다

미개봉 (비닐도 안뜯음) 
정품 등록가능",180000
마미케어,메디큐브 부스터프로,메디큐브 에이지알 부스터프로 마이멜로디 에디션,거래완료,"190,000원",가락본동,2026-07-03,0,1,37,37.1℃,체리,뷰티/미용,,"💕메디큐브 AGE- R 부스터프로 마이멜로디 한정판 에디션💕
기기 본체와 충전 케이블, 스티커, 설명서, 파우치 그리고 마이멜로디 디자인의 박스까지 모두 포함되어 있어요-!
실사용 딱 2번이고 정가격 33만원주고 구매했습니다.",190000
마미케어,메디큐브 부스터프로,메디큐브 부스터 프로 거의새것,거래완료,"170,000원",가락1동,2025-11-05,1,1,128,99℃,블루베리짜잔,뷰티/미용,스타벅스 잠실역점,"메디큐브 에이지알 AGE-R 부스터 프로입니다
저랑 딸이 각자하나씩 샀는데 저는 지금도 너무잘쓰고있고^
딸꺼는  5회미만사용후 외국나가버렸네요.
매일  간편하게 아침저녁 습관처럼하기 딱좋은 사이즈고 생각보단 안하는것보단 속건조도 잡혀 효과있어요.가격제안은 더이상 안받아요.
헬리오시티.잠실역.송파역 택배가능",170000
마미케어,메디큐브 부스터프로,메디큐브 하이포커스샷 PDRN 부스터 젤 풀세트,거래중,"99,000원",방이1동,2026-05-05,1,4,81,47.8℃,냐오옹,뷰티/미용,,"메디큐브 하이포커스샷과 PDRN 부스터 젤 풀세트 구성이에요
피부 컨디션 개선과 영양 케어에 도움을 주는 제품이에요
7가지 펩타이드 성분으로 피부 탄력과 매끄러움을 선사해요
피부 관리 효과를 높이고 싶으신 분들께 추천드려요

겔은 한번썼어요!! 양 그대로 !!급처해요 ㅠㅠㅠ 제가 정말 좋아하는 리프팅 기구인데 급처합니당 

기구는 작년 여름에 샀습니다",99000
마미케어,메디큐브 부스터프로,메디큐브 부스터프로 레몬에디션,거래완료,"110,000원",마천동,2026-06-04,2,6,89,39.8℃,오로시,뷰티/미용,,"메디큐브 부스터프로 레몬에디션 한정품
실사용 5회미만이라 기스거의없이 상태 좋습니다
사진 참고해주세요 박스와충전케이블 함께드려요",110000
마미케어,메디큐브 부스터프로,메디큐브 에이지알 부스터 프로 미니 화이트,거래완료,"25,000원",삼전동,2026-08-13,2,0,29,36.6℃,다빈,뷰티/미용,,,25000
마미케어,메디큐브 부스터프로,메디큐브 에이지알 부스터 프로 블랙,거래완료,"86,000원",잠실6동,2026-08-03,0,3,106,56.6℃,레나,뷰티/미용,,"메디큐브 에이지알 부스터 프로 블랙 색상이에요
피부관리기 본품과 사용 설명서가 포함되어 있어요
사진에서 보이는 것처럼 깔끔한 상태를 유지하고 있어요
매끈하고 탄력있는 피부를 원하시는 분들께 추천드려요",86000
마미케어,메디큐브 부스터프로,메디큐브 부스터프로 미니 핑크색상 하남,거래완료,"50,000원",위례동,2026-06-04,1,1,96,40.6℃,불독,뷰티/미용,,"메디큐브 부스터프로 미니 핑크색상판매합니다. 
구매후 다른 디바이스를 들이게되어 사용감 많지않아요. 
",50000
마미케어,메디큐브 부스터프로,메디큐브 부스터프로 짱구에디션,거래완료,"150,000원",잠실2동,2026-06-04,2,3,85,42.2℃,판다,뷰티/미용,,"메디큐브 부스터프로 짱구에디션 팝니다. 
구매후 몇번 사용하지 않아 상태 좋고 깨끗합니다. 구성품으로 있던 스티커 (2장), 피규어, 세안밴드 모두 미개봉 입니다.",150000
마미케어,메디큐브 부스터프로,메디큐브 부스터 프로 핑크(+알콜스왑 10매),거래완료,"120,000원",송파1동,2026-05-05,5,33,447,44.6℃,저뇨,뷰티/미용,,"선물 받았는데 사용 잘 안 해서 판매합니다 !
상자도 필요하시면 드리고 알콜 스왑도 필요하시면 같이 드리겠습니다
중고제품 특성상 환불/반품 불가합니다 :)",120000
마미케어,메디큐브 부스터프로,[한정판] 메디큐브 에이지알 부스터프로 미니플러스 마이멜로디 에디션 (브이롤러 호환가능),거래완료,"69,000원",잠실4동,2026-06-04,1,15,425,46.2℃,쿠키모찌,뷰티/미용,,"박스만 버려서 없고, 본품 내용물은 저게 다였습니다!! 기기 이상 없습니당
한정판이라 공홈에는 안팔고 인터넷에 20중후반으로 판매하는 것 같습니당 

5번 정도 썼구, ”부스터프로미니플러스“ 기종이라 브이롤러 호환 가능합니다⭕️

구매하시면 2만원대 에이프릴 트라넥삼산 랩핑마스크 같이드려용❗️
채팅주세욥! 💗 쿨거래시 에눌가능",69000
마미케어,메디큐브 부스터프로,메디큐브 부스터 프로 미니 마이멜로디 에디션,거래완료,"56,000원",잠실2동,2026-06-04,4,13,202,55.1℃,다팔자,뷰티/미용,,"메디큐브 부스터 프로 미니 마이멜로디 에디션이에요
사랑스러운 마이멜로디 디자인으로 소장가치 높아요
꼼꼼한 피부 관리를 도와주는 뷰티 디바이스랍니다
피부 고민 있으신 분들께 추천드려요

2-3번 사용해서 거의 새상품입니다",56000
마미케어,메디큐브 부스터프로,메디큐브 AGE-R 부스터 프로 마이멜로디 에디션,거래완료,"220,000원",잠실동,2026-06-04,1,5,107,43.1℃,엽떡,뷰티/미용,잠실새내직거래,"메디큐브와 마이멜로디가 만난 AGE-R 부스터 프로 에디션이에요

풀박

기기 일주일 사용

스티커, 머리띠,충전기,구성품 악세서리는 미사용

잠실새내직거래
택배거래 가능",220000
마미케어,메디큐브 부스터프로,메디큐브 에이지알 부스터 프로 미니 화이트 (+알콜스왑),거래완료,"50,000원",잠실본동,2026-06-04,2,9,150,41.2℃,noel,뷰티/미용,,"서너번 썼는데 제가 장벽이 약해서 못쓰겠어서 팝니다ㅠㅠ 
알콜스왑 한박스 함께 드릴게요",50000
마미케어,메디큐브 부스터프로,메디큐브 부스터 프로 미니 화이트 에디션(앰플 포함),거래완료,"40,000원",거여동,2026-08-03,2,11,136,45.7℃,배콩이,뷰티/미용,"직거래, 택배 모두 가능해요. 택배비는 별도에요.","피부 관리 필수템 메디큐브 부스터 프로 미니 화이트 에디션이에요.
사진에서 보이는 것처럼 깔끔한 상태를 유지하고 있어요.
2-3번 정도 밖에 사용안해서 기기는 멀쩡해요. 기스도 없고요앰플도 같이 드려요.
충전기는 따로 없었고 c타입으로 충전하시면 됩니다.
직거래, 택배 모두 가능해요. 택배비는 별도에요.
환불X",40000
마미케어,메디큐브 부스터프로,메디큐브 에이지알 부스터 프로 미니 화이트,거래완료,"45,000원",문정동,2026-07-04,1,5,85,37.5℃,minminmin,뷰티/미용,,"메디큐브 에이지알 부스터 프로 미니입니다

USB-C 타입 충전 가능해요
패키지는 버려서 기기만 있습니다
아무 세럼이랑 같이 사용하기 좋아요
전 쓰는게 귀찮아서 판매합니다..",45000
마미케어,메디큐브 부스터프로,[미개봉] 메디큐브 부스터프로 X2 - 핑크,거래완료,"300,000원",잠실2동,2026-06-04,1,2,30,96.5℃,야누야뉴,뷰티/미용,"메가커피 잠실롯데월드점, 순복음노원교회 근처에서 직거래 가능하고,","메디큐브 부스터프로 X2 핑크색상 미개봉 새 제품입니다!
히아루로닉 멀티 펩타이드 세럼 30ml 사은품 새 제품도 같이 드립니다!

메가커피 잠실롯데월드점, 순복음노원교회 근처에서 직거래 가능하고,
바로구매, 씨유 반택도 가능합니다!
필요하신분 연락주세요! 감사합니다:)",300000
마미케어,메디큐브 부스터프로,[미개봉]메디큐브 에이지알 부스터 프로 X2 핑크,거래완료,"250,000원",잠실동,2026-08-03,2,7,103,38.4℃,밍밍,뷰티/미용,,"메디큐브 에이지알 부스터 프로 X2 핑크 미개봉 새상품이에요
피부 고민 해결에 도움을 주는 뷰티 디바이스랍니다
사진에서 보이는 구성 그대로 보내드려요
피부 관리 홈케어를 간편하게 하고 싶으신 분들께 추천드려요
버전2라 AI기능도된대요
쿠팡 최저가29만원보다 싸게팝니다",250000
마미케어,메디큐브 부스터프로,메디큐브 에이지알 부스터 프로 미니 플러스 2026.4월 구입 (새상품),거래완료,6원,잠실7동,2026-06-04,1,11,228,79.8℃,퀀텀셀러,뷰티/미용,당분간 타지역에 있어 직거래는 어렵습니다~,"메디큐브 공홈 구입

새상품

미사용

풀박



당분간 타지역에 있어 직거래는 어렵습니다~ 


택배비 별도

택배 + 4,600
반값 + 2,400 

(GS  ~24시간이내, CU ~48시간이내 발송)


저는 진품만 취급하고 가품은 들떠보지도 않습니다. 

구매 전 게시글 정독 해 주시고 설명이 더 필요한 부분 문의 부탁드립니다.

이런분들 차단/ 답변 X👇
- 진가품 여부 물어볼 시
- 가격제안 불가 상품에 에눌 or 택포 물어볼 시
- 질문 폭탄 (예: 간단한 서칭으로 알아볼 수 있는 정보)
- 하루안에 톡 확인 없을 시

***입금 후 환불/ 교환 불가!!!",6
마미케어,메디큐브 부스터프로,메디큐브 에이지알 (AGE-R) 부스터 프로 블랙 풀박스 판매합니다.,거래완료,"120,000원",가락1동,2026-06-04,2,5,119,40.8℃,루피,뷰티/미용,,"메디큐브 에이지알 AGE-R 부스터 프로 블랙 색상 풀박스 구성입니다.
본체와 충전 케이블, 사용 설명서, 박스 모두 다 있습니다.

피부과 추천 받아서 샀는데, 마침 다른 기계 또 선물 받아서
보관해놓다가 판매해요.
산지는 1년정도 됐는데, 실제 사용은 4번정도 한 것 같습니다.
박스째로 보관해서 상태는 사진과 같이 매우 깨끗합니다.",120000
마미케어,메디큐브 부스터프로,메디큐브 에이지알 부스터프로x2 핑크,거래완료,"250,000원",가락1동,2026-06-04,2,3,78,49.8℃,바치케,뷰티/미용,문고리거래 또는 우편함거래 희망합니당,"메디큐브 에이지알 부스터프로x2 핑크 색상이에요
2회정도 사용했고 손이 잘 가지 않아 판매합니당

문고리거래 또는 우편함거래 희망합니당",250000
마미케어,메디큐브 부스터프로,메디큐브 부스터 프로 미니 플러스,거래완료,"70,000원",석촌동,2026-07-04,3,6,156,38.2℃,로니,뷰티/미용,,"메디큐브 age-r 부스터 프로 미니 마이멜로디 특별 에디션

올리브영 명동매장에서 구매한 정품이고, 풀박스를 포함한 본품과 설명서가 그대로 있고 박스 안에 정품 바코드도 있어요.

실사용 10회 미만이고 저는 써보니 좋아서 부스터프로로 업그레이드 하려고 올립니다.",70000
마미케어,메디큐브 부스터프로,새상품 미개봉) 메디큐브 에이지알 부스터 프로 미니 플러스 핑크,거래완료,"80,000원",잠실4동,2026-07-04,2,8,150,47.8℃,뮤암바,뷰티/미용,,"메디큐브 에이지알 부스터 프로 미니 플러스 핑크 색상이에요
블루투스 연동으로 실시간 케어 시간 확인 및 리모트 컨트롤 기능, 배터리 잔량 확인이 가능해요
레드, 블루, 퍼플 3가지 LED 모드로 맞춤 케어가 가능하답니다
피부 고민 있으신 분들께 추천드려요",80000
마미케어,메디큐브 부스터프로,메디큐브 마이멜로디 에이지알 부스터 프로 미니 플러스,거래완료,"70,000원",잠실본동,2026-06-04,2,3,33,55.7℃,니순,뷰티/미용,직거래 장소 협의 가능합니다,"메디큐브와 마이멜로디가 만나 탄생한 에이지알 부스터 프로 미니 플러스에요
사랑스러운 마이멜로디 디자인으로 소장 가치까지 높였어요
풀세트 입니다

사용횟수 얼마 안 됩니다! 손이 잘 안 가서 판매해요

알콜스왑 쓰면 부식?된다고 해서 소독티슈 따로 구매해서 매번 닦아서 썼어요

직거래 장소 협의 가능합니다",70000
마미케어,메디큐브 부스터프로,[미개봉 새제품] 메디큐브 에이지알 부스터프로 핑크 + PDRN 핑크 크림 & 마스크팩 풀세트,거래완료,"320,000원",잠실동,2026-06-04,0,0,53,37.3℃,은행강사,뷰티/미용,📍 거래 방식: 직거래는 남양주 호평동 또는 택배 거래 가능 (+배송비 별도),"선물 받고 비닐도 뜯지 않은 완벽한 새상품 상태 그대로 보관 중입니다.

구성품 목록 (전체 미개봉 새제품)
1. 에이지알 부스터 프로x2
2. 피디알엔 핑크 콜라겐 캡슐 크림 
3. 피디알엔 핑크 비타 코팅 세럼 마스크 10매입 
    일괄 320,000원에 저렴하게 판매합니다

새 상품이라 네고는 정중히 사양합니다. 
📍 거래 방식: 직거래는 남양주 호평동 또는 택배 거래 가능 (+배송비 별도)",320000
마미케어,메디큐브 부스터프로,메디큐브 에이지알 부스터 프로 핑크 새상품,거래완료,"170,000원",잠실7동,2026-07-04,1,3,97,44.4℃,하이,뷰티/미용,,"메디큐브 에이지알 부스터 프로 핑크 미개봉 새상품입니다!!
미국 세포라에서 사고 그대로 들고와서 안쓰게 되네요ㅠㅠ",170000
마미케어,메디큐브 부스터프로,(새상품) 메디큐브 에이지알 부스터 프로 미니 플러스 짱구 에디션,거래완료,"95,000원",잠실2동,2026-05-05,3,3,106,96.7℃,체리레드,뷰티/미용,잠실새내역 에서 직거래 또는,"메디큐브 에이지알 부스터 프로 미니 플러스 짱구 에디션 입니다. 

본품과 전용파우치 구성으로, 미개봉 새상품이에요. 짱구캐릭터가 넘 귀엽습니다. 사진찍느라 열어본게 다에요. 

잠실새내역 에서 직거래 또는
반값택배 +2,000원
일반택배 +3500원 입니다.",95000
마미케어,메디큐브 부스터프로,[미개봉/새상품] 메디큐브 AGE-R 부스터 프로 블랙,거래완료,"165,000원",잠실2동,2026-05-05,3,12,108,43.9℃,잇챠챠,뷰티/미용,,"메디큐브 에이지알 부스터 프로 블랙 판매합니다
미개봉 제품이고, 선물받았는데 동일한 제품이 있어서 판매합니다🩵",165000
마미케어,메디큐브 부스터프로,메디큐브 AGE-R 부스터 프로 블랙 풀박스 미개봉 새상품,거래완료,"140,000원",석촌동,2026-05-05,0,0,25,42.8℃,noah,뷰티/미용,,"메디큐브 AGE-R 부스터 프로 블랙 색상 풀박스 제품이에요

사진에서 보시는 것처럼 구성품 모두 포함되어 있어요

새 제품 가격보다 훨씬 저렴하게 가져가실 수 있어요

피부 탄력과 리프팅에 관심 있는 분들께 추천드려요

미사용 세재품입니다",140000
마미케어,메디큐브 부스터프로,메디큐브 에이지알 부스터 프로 블랙,거래완료,"136,000원",잠실본동,2026-05-05,4,12,207,42.2℃,요키,뷰티/미용,삼전역 직거래 합니다. 편히 챗주세요.,"메디큐브 에이지알 부스터 프로 블랙 색상이에요. 
구성품은 본체와 설명서, 충전 케이블이 있어요. 
사진에서 보이는 것처럼 깔끔한 상태를 유지하고 있어요. 
피부 탄력과 리프팅에 관심 있는 분들께 추천드려요. 

삼전역 직거래 합니다. 편히 챗주세요.",136000
마미케어,메디큐브 부스터프로,메디큐브 AGE-R 부스터 프로 블랙 풀박스(새상품),거래완료,"160,000원",신천동,2026-05-05,2,8,85,43.2℃,한나엄마,뷰티/미용,,"메디큐브 AGE-R 부스터 프로 블랙 색상 풀박스입니다
사진에서 보이는 구성품 그대로 보내드려요
피부 탄력과 리프팅에 도움을 주는 제품이에요
집에서 간편하게 홈케어 하고 싶으신 분들께 추천드려요",160000
마미케어,메디큐브 부스터프로,메디큐브 에이지알 부스터 프로 블랙 미개봉 새상품,거래완료,"180,000원",잠실2동,2026-04-05,2,5,99,39.1℃,먀먀먀미,뷰티/미용,,"메디큐브 에이지알 부스터 프로 블랙 미개봉 새상품입니다
친구 생일 선물로 샀다가 다른 걸로 주게 되어 팔아요
공홈 정가 39만원 정가입니다
풀패키지로 드려요",180000
마미케어,메디큐브 부스터프로,메디큐브 에이지알 부스터 프로 블랙 풀박스,거래완료,"136,000원",거여1동,2026-05-05,2,6,119,35.9℃,가을너머,뷰티/미용,선릉역 직거래,"메디큐브 에이지알 부스터 프로 블랙 색상 풀박스 구성이에요
피부 관리 효과를 높여주는 뷰티 디바이스랍니다
구성품 모두 사진에 담아두었으니 확인해주세요
피부 탄력과 광채를 원하시는 분들께 추천드려요
3번 정도 사용이라 거의 새거에요

-개인간 거래로 환불불가
-선릉역 직거래",136000
마미케어,메디큐브 부스터프로,메디큐브 에이지알 부스터 프로 미니 플러스,거래완료,"80,000원",오금동,2026-05-05,1,1,61,52.9℃,웰든,뷰티/미용,착불혹은직거래가능합니다,"메디큐브 에이지알 부스터 프로 미니 플러스와 트리플 콜라겐 세럼 세트예요
사진에서 보이는 구성품 그대로 보내드려요
피부 탄력과 광채를 더해주는 제품으로 홈케어 효과를 느껴보세요
선물받은 미개봉새상품입니다
착불혹은직거래가능합니다",80000
마미케어,메디큐브 부스터프로,메디큐브 에이지알 부스터 프로 미니 핑크팝니다.,거래완료,"35,000원",방이2동,2026-05-05,3,3,99,44.3℃,징네징,뷰티/미용,,"메디큐브 에이지알 부스터 프로 미니 핑크 팝니다.
충전기는 없는데 c타입 충전기로 충전 가능합니다.

네고 가능합니다.",35000
마미케어,메디큐브 부스터프로,메디큐부 부스터프로x2 핑크색,거래완료,"280,000원",잠실3동,2026-05-05,1,2,98,42.7℃,윤슬마켓,뷰티/미용,직거래는 가능합니다 잠실역 희망,"메디큐부 부스터프로x2 핑크색, 파우치같이 포함
파우치에 풀박스 입니다
정상 작동되고 하자 전혀 없습니다
핑크색은 흔하지 않아서 괜히 더 예쁜느낌이 들어요ㅎ
원하시면 사은품 수분시트팩 같이 드릴게요


직거래는 가능합니다 잠실역 희망
바로구매도 가능합니다",280000
마미케어,메디큐브 부스터프로,메디큐브 부스터프로+캡슐크림 미개봉 판매,거래완료,"195,000원",잠실3동,2026-04-05,1,0,42,36.8℃,동그라미,뷰티/미용,,"미개봉 제품 입니다.
본체 및 캡슐크림 묶음으로 판매합니다.
",195000
마미케어,메디큐브 부스터프로,신상 메디큐브 에이지알 부스터 프로x2 핑크,거래완료,"200,000원",삼전동,2026-04-05,3,12,175,37.1℃,꾸루직,뷰티/미용,직거래만 가능합니다,"이번에 나온 메디큐브 에이지알 부스터 프로x2 핑크 색상 팝니다.
본체와 충전기, 파우치, 설명서까지 모두 포함되어 있고 풀박이에요 다른 뷰티기기가 생겨서 팝니다 4번 사용했습니다
직거래만 가능합니다",200000
마미케어,메디큐브 부스터프로,메디큐브 에이지알 부스터프로미니 1회사용,거래완료,"50,000원",잠실동,2025-09-02,4,30,725,48.9℃,choco,뷰티/미용,직거래 잠실새내-종합운동장 사이,"메디큐브 에이지알 부스터프로 미니입니다.(1세대)

1번 쓰고 안쓰게 되서 당근합니다.

새제품 컨디션이며 정품인증스티커 있고 풀박이며 파우치 모두 드립니다~

⛔️네고(택배비포함요구 등) 답변 안합니다

*반택비별도
*직거래 잠실새내-종합운동장 사이
*교환, 환불X",50000
마미케어,메디큐브 부스터프로,메디큐브 AGE-R 부스터 프로,거래완료,"140,000원",잠실동,2026-04-05,3,3,46,67.5℃,마루냥,뷰티/미용,,"메디큐브 AGE-R 부스터 프로 판매해요

본체와 사용 설명서, 충전 케이블이 포함되어 있어요
블랙 색상이고 구성품 모두 사진에 보이는 그대로예요
잘 작동하는것 확인했고 C타입 충전입니다 


사고 거의 몇번 하지 않았습니다만 보관을 좀 했어서 겉 상자만 사용감 살짝 있고 기기는 거의 새것 컨디션입니다 

잘사용하지 않아서 판매합니다",140000
마미케어,메디큐브 부스터프로,메디큐브 에이지알 부스터 프로 블랙(헤드커버 포함),거래완료,"150,000원",삼전동,2026-04-05,1,1,39,38.9℃,치치,뷰티/미용,,"메디큐브 에이지알 부스터 프로(헤드커버 포함)
7회 정도 사용했고 충전케이블을 포함한 풀박스로 보관 중입니다.

알콜 스왑으로 닦아가며 사용했습니다!",150000
마미케어,메디큐브 부스터프로,메디큐브 부스터프로미니,거래완료,"40,000원",잠실3동,2026-04-05,2,4,145,41.5℃,마루야,뷰티/미용,직거래 잠실역 6번 출구,"메디큐브 부스터프로미니 판매합니다.(사용감ㅇ)

직거래 잠실역 6번 출구",40000
마미케어,메디큐브 부스터프로,메디큐브 부스터 프로 미개봉 새상품,거래완료,"200,000원",잠실3동,2026-04-05,1,5,179,44.1℃,맘껏고고,뷰티/미용,"직거래 선호, 바로구매도 가능해요!","메디큐브 미개봉+마스크팩 2매입니다.
꾸준히 하면 확실히 효과가 좋아요. ^^
메디큐브 정품이구요. 
크랙이 생겨서 as신청 후 새상품으로 받았어요. 
제조날짜로부터 1년 6개월 전에 이상이 생기면
as도 가능해요. 
제조날짜(본체에 적힘)는 최근일꺼예요. 
새상품으로 받은지 1달도 안됐거든요.
As응대가 아주 좋아요.
직거래 선호, 바로구매도 가능해요!
궁금한 내용 있으면 쳇 주세요~",200000
마미케어,메디큐브 부스터프로,메디큐브 AGE-R 부스터 프로 블랙,거래완료,"140,000원",잠실2동,2026-04-05,1,4,55,40.8℃,답장느려욤,뷰티/미용,,"메디큐브 AGE-R 부스터 프로 블랙 색상 판매. 

공식몰에서 구매했어요~

사용감 있구 기능엔 문제 없습니다~ 

구성품: 박스+ 본 제품",140000
마미케어,메디큐브 부스터프로,[거의 새제품] 메디큐브 에이지알 부스터 프로 핑크 / 10회 미만 사용 / 풀구성,거래완료,"150,000원",문정동,2026-03-06,3,17,407,37.2℃,쟈니,뷰티/미용,직거래 / 택배 모두 가능해요.,"안녕하세요 🌼

메디큐브 에이지알 부스터 프로 핑크 판매합니다.

25년 겨울에 구매했고, 10회 미만으로 사용했어요.
피부관리 기기를 여러 개 사용하다 보니 손이 잘 안 가서 정리합니다.
보관만 해둔 상태라 사용감 거의 없고, 작동 잘 됩니다.

✔ 구성품 전부 보관 중 (박스 포함)
✔ 충전 및 작동 이상 없음
✔ 알코올 소독 후 전달 예정

예민하신 분은 패스 부탁드리고,
쿨거래 시 약간의 네고 가능합니다 😊

직거래 / 택배 모두 가능해요.
문의 주세요!",150000
마미케어,메디큐브 부스터프로,메디큐브 AGE-R 부스터프로 풀박,거래완료,"105,800원",잠실6동,2026-04-05,3,11,466,37.5℃,김진진,뷰티/미용,,"메디큐브 AGE-R 부스터프로
박스 전부 있습니다

상태는 사진과 같아요
잘 보관하고 많이 쓰지는 않았지만, 예전에 산 물품이라 사용감이 느껴질 수도 있어요
불편하지 않으신 분 연락주세요

24년 1월 구매했습니다",105800
마미케어,메디큐브 부스터프로,메디큐브 AGE-R 부스터 프로 풀박스,거래완료,"140,000원",잠실2동,2026-04-05,2,2,71,37.1℃,몽이맘,뷰티/미용,,"메디큐브 AGE-R 부스터 프로 풀박스입니다

- 풀박스 구성 (본체, 충전 케이블, 설명서, 박스)

피부 속 광채, 탄력, 모공, 피부결, 진피층까지 토탈 케어가 가능합니다

제조일자는 2024년 5월입니다
사용 5회미만으로 거의 새상품입니다",140000
마미케어,메디큐브 부스터프로,(마지막가격)메디큐브 부스터 프로 미니,거래완료,"40,000원",삼전동,2026-03-06,3,8,176,41.1℃,니유니유,뷰티/미용,,"메디큐브 부스터 프로 미니입니다
- 작고 가벼워서 휴대하기 편리하고 사용하기 쉬워요
- 피부 속 깊숙이 유효 성분을 전달하여 피부 개선에 도움을 줍니다
- 집에서 간편하게 피부 관리를 할 수 있다는 장점이 있습니다",40000
마미케어,메디큐브 부스터프로,메디큐브 에이지알 부스터 프로,거래완료,"110,000원",문정동,2026-03-06,2,0,64,42.6℃,아싸뵹,뷰티/미용,,"제품만 있어서 싸게 넘김
집에 충전기로 그냥 충전하시면 됩니다
2-3회 사용",110000
마미케어,메디큐브 부스터프로,메디큐브 부스터프로미니,거래완료,"52,000원",잠실4동,2026-01-05,4,23,514,39.9℃,당긍망켕,뷰티/미용,,"https://naver.me/G1mHL5z8 상품 상세페이지입니다

분홍색이구요
사두고 손이 잘 안가서 판매합니다
박스 없고 제품만 있어서 저렴하게 판매합니다",52000
마미케어,메디큐브 부스터프로,에이지알 메디큐브 부스터프로 핑크,거래완료,"120,000원",잠실3동,2026-03-06,3,2,111,39.4℃,생각하는당근,뷰티/미용,,"에이지알 메디큐브 부스터프로 핑크
박스 및 구성품은 없어요",120000
마미케어,메디큐브 부스터프로,메디큐브 AGE-R 부스터 프로 핑크 풀세트 새상품,거래완료,"230,000원",잠실동,2026-03-06,2,2,55,39.6℃,플라잉,뷰티/미용,,"메디큐브 AGE-R 부스터 프로 핑크, PDRN 글로우 키트, 핑크 버니 헤드 케이스 풀세트 새상품입니다
피부 속 콜라겐, 탄력, 모공, 피부결, 윤기, 톤, 진정, 보습 개선에 도움을 줍니다
-피부 속 광채를 깨워주는 PDRN 글로우 키트와 함께 사용하면 더욱 좋습니다",230000
마미케어,메디큐브 부스터프로,<새상품>메디큐브 에이지알 부스터 프로 핑크 풀박스,거래완료,"200,000원",잠실동,2026-03-06,0,2,44,55.9℃,김당근,뷰티/미용,직거래 잠원동 소재 아파트입니다.,"메디큐브 에이지알 부스터 프로 핑크색상 풀박스입니다
구성품 확인으로 겉 비닐만 뜯었고 미사용 새제품이에요

- 풀박스 구성품 (본체, 사용 설명서, C타입 케이블)
- 피부 컨디션에 맞춰 사용 가능
- 부스터 모드, 미세전류 모드, 더마샷 모드, 에어샷 모드 지원
이라고 하네요

GS 반값 택배가능합니다. 
택배비 부담하셔야합니다.

직거래 잠원동 소재 아파트입니다.
비대면 거래 시에는 문 앞에 내놓을게요.
거래하시면 상세주소 알려드립니다.

사진 자세히 봐주세요.
반품X 환불X",200000
마미케어,메디큐브 부스터프로,메디큐브 에이지알 부스터 프로 미개봉 새상품,거래완료,"210,000원",잠실본동,2026-03-06,1,1,14,39.7℃,호이이,뷰티/미용,,"메디큐브 AGE-R 부스터 프로 블랙 색상 미개봉 새상품입니다
실링도 안뜯은 최근 제조된 새상품입니더",210000
마미케어,메디큐브 부스터프로,메디큐브 AGE-R 부스터 프로 블랙,거래완료,"150,000원",잠실3동,2026-03-06,5,4,,46.6℃,용꼬리용용,뷰티/미용,CU 반값택배 선호하고 직거래도 가능한데 반품은 시간이 없어 어려워요!!,"메디큐브 에이지알 부스터 프로 블랙 색상입니다
핑크파우치까지 드려요!
한 한달 열심히 하다가 아예 안해서 ㅎ 사용감은 보시다시피 거의 없습니다🙅🏻‍♀️ 이사하는데 짐돼서 팔아요 

CU 반값택배 선호하고 직거래도 가능한데 반품은 시간이 없어 어려워요!!",150000
마미케어,메디큐브 부스터프로,메디큐브 에이지알 프로 미니 (3회사용),거래완료,"55,000원",잠실본동,2026-02-04,3,15,225,45.3℃,커피한잔할래용,뷰티/미용,,"메디큐브 AGE-R 부스터 프로 미니 입니다
풀박스이고 3회만 사용해 상태 좋습니다. 부스터프로 구매하여 판매합니다.",55000
마미케어,메디큐브 부스터프로,(미개봉) 메디큐브 에이지알 부스터 프로 새상품,거래완료,"200,000원",신천동,2026-01-05,1,2,50,37.2℃,heeee,뷰티/미용,잠실역,,200000
마미케어,메디큐브 부스터프로,메디큐브 에이지알 부스터 프로 (새제품),거래완료,"230,000원",삼전동,2026-01-05,1,3,71,44.1℃,고양이집사,뷰티/미용,,"메디큐브 에이지알 부스터 프로 새제품입니다 블루투스 지원되는 제품 
 
블랙,핑크 두가지 색상 

- 7가지 모드로 풀케어 가능
- 피부 속 광채를 깨워주는 부스터 프로
- 다양한 피부 고민을 해결해줍니다

피부 전문가가 만든 에이지알 부스터 프로로 피부 관리하세요",230000
마미케어,메디큐브 부스터프로,메디큐브 AGR 부스터 프로 블랙 하남,거래완료,"90,000원",위례동,2025-12-06,4,8,128,42.2℃,토토,뷰티/미용,,"메디큐브 AGR 부스터 프로 블랙 색상입니다
피부 속 광채와 탄력을 채워주는 데 도움을 줍니다
USB 충전 케이블 포함되어 있습니다
피부결 개선과 모공 케어에 효과적입니다
박스가 없어서 싸게 내놓습니다",90000
마미케어,메디큐브 부스터프로,메디큐브 에이지알 부스터 프로 마이멜로디,거래완료,"210,000원",삼전동,2025-11-06,1,4,126,39.4℃,왕키,뷰티/미용,,"메디큐브 AGE-R 부스터 프로 마이멜로디 에디션 풀박스 입니다.

구매하고 한번 사용 후 그대로 보관중입니다.
제피부에는 자극되는거 같아서 판매합니다.",210000
마미케어,메디큐브 부스터프로,메디큐브 부스터프로 미니 핑크,거래완료,"60,000원",잠실본동,2025-11-06,0,1,57,40.3℃,만두호빵,뷰티/미용,• 직거래,"메디큐브 부스터 프로 미니 핑크

메디큐브 부스터 프로 미니 핑크 판매합니다!
사용감이 정말 적지만 저렴하게 내 놓아요🫶🏻

• 직거래
• 일반택배 / 4,000원
• 반값택배 / 1,800원
• 알뜰택배 / 1,800원",60000
마미케어,메디큐브 부스터프로,메디큐브 에이지알 부스터 프로 블랙 풀박스,거래완료,"175,000원",삼전동,2025-11-06,1,0,43,65.1℃,명재,뷰티/미용,,"메디큐브 에이지알 부스터 프로 블랙 풀박스입니다
피부 속 광채 효과
피부결 개선에 도움
모공 케어에 효과적
하자 전혀없고 실사용 5회 미만입니다",175000
마미케어,메디큐브 부스터프로,메디큐브 부스터 프로 미니 핑크,거래완료,"55,000원",오금동,2025-11-06,2,2,62,47.1℃,랄랄라,뷰티/미용,,"메디큐브 부스터 프로 미니 핑크색입니다~
피부톤과 광채 개선에 도움을 줍니다
피부결 개선에도 효과적입니다
저는 귀차니즘으로 두세번 사용했어요~😅
박스는 있는데 충전선만 분실했어요~
원하시면 집에 있는  충전선 드릴께요
연락주세요 ㅎㅎ",55000
마미케어,메디큐브 부스터프로,메디큐브 부스터프로 미니 핑크,거래완료,"56,000원",삼전동,2025-11-06,1,9,161,38.4℃,매너있게합시다,뷰티/미용,,"메디큐브 부스터 프로 미니 핑크입니다~ 
핑크색이고, 꼼꼼하게 사용해서 상태 좋아요~
화면 구성대로 본품만 입니다",56000
마미케어,메디큐브 부스터프로,메디큐브 에이지알 부스터 프로 박스포함,거래완료,"170,000원",신천동,2025-10-07,1,3,164,38.2℃,세월,뷰티/미용,,"메디큐브 에이지알 부스터 프로 2024년 2월 15일에 구매한 제품입니다. 사용은 잘 안했고 세척 비누로 박박 닦았습니다.
작동 제대로 합니다~
충전기는 없습니다.
c타입으로 충전 하실 수 있어요",170000
마미케어,메디큐브 부스터프로,메디큐브 부스터 프로 미니 플러스 마이멜로디 에디션,거래완료,"85,000원",잠실2동,2025-10-07,0,6,109,78.3℃,흰뎅,뷰티/미용,,,85000
마미케어,메디큐브 부스터프로,메디큐브 AGE-R 에이지알 부스터 프로 디바이스,거래완료,"150,000원",잠실4동,2025-10-07,8,6,128,43.5℃,heajuxx,뷰티/미용,,"사용 한번하고 보관중입니다.

게을러서 잘 안 쓰게 되네요. 

빠른 거래시 네고 가능합니다.",150000
마미케어,메디큐브 부스터프로,Medicube 에이지알 부스터 프로,거래완료,"165,000원",문정동,2025-09-02,2,1,74,39.1℃,솜사탕,뷰티/미용,,"메디큐브 에이지알 부스터 프로 
박스도 같이 드려요! 블랙 색상에 사용법도 간단합니다

구매 후 몇차례 사용하다 게을러서 사용을 안하고 보관만하네요. 
2024년 8월 구매한거 같아요 

택배 거래 선호 
반값택배 가능합니다",165000
마미케어,메디큐브 부스터프로,미개봉~ 메디큐브 에이지알 부스터 프로,거래완료,"220,000원",잠실3동,2025-09-02,2,7,115,61℃,오공,뷰티/미용,잠실트리지움 직거래 합니다,"메디큐브 에이지알 부스터 미개봉 새상품입니다

- 퀵, 딥, 톤업, 탄력, 모공 부스팅 모드
- 멸균 티타늄 헤드
- 3단계 안전 시스템
- 인체공학적 디자인

잠실트리지움 직거래 합니다",220000
마미케어,메디큐브 부스터프로,메디큐브 에이지알 부스터 프로 미니 핑크 + PDRN 세럼 + 박스,거래완료,"73,000원",잠실4동,2025-09-02,2,5,149,52.5℃,유과,뷰티/미용,• 직거래 가능,"올해 4월에 구매한 제품입니다.

별로 사용하지 않아서 새상품과 다름없고, 알콜 솜으로 소독 또한 마쳤습니다 👼 화장품 흡수를 도와주고 미백 / 트러블에 효과 볼 수 있는 제품입니다! 

메디큐브 세럼 1.5ml* 10ea 와 박스도 함께 드립니다! 

쿨거시 네고 가능 ✅
구매 의사 없으시면 채팅 ❎

• gs25 cu 반택 +2,000원
• 직거래 가능",73000
마미케어,메디큐브 부스터프로,미개봉 새상품/메디큐브 AGE-R 부스터 프로,거래완료,"240,000원",잠실3동,2025-09-02,9,11,276,43.6℃,토슈즈,뷰티/미용,,"얼마전 선물 받았는데 사용중인거랑 
같은 제품이라 판매 합니다

현재 메디큐브 공식 스마트스토어에서
340,000원 판매중인 제품입니다

미개봉에 쇼핑백까지 있어
선물용으로도 좋을 것 같습니다

당근페이 거래
택배 거래 합니다(택비포함)",240000
마미케어,메디큐브 부스터프로,메디큐브 부스터프로 (AGE R Booster Pro),거래완료,"160,000원",잠실7동,2025-09-02,3,2,120,37.8℃,쿨맘,뷰티/미용,,"작년에 홈쇼핑에서 구매해서 다섯번 정도 사용하고서는 계속 사용하지를 못해서 내놓습니다.. 
새상품 상태에서 몇번 사용하지않고 박스에 잘 모신거라 상태는 최상이고 사용설명서까지 박스채 있어요.

제품은 워낙 인기있어서 잘 아실 에이지알 부스터프로구요.. 높은수준의 케어효과를 위해  광채 라인 탄력 모공 5가지LED 소닉 바이브레이션이 들어간 6 in 1 케어제품이에요... 

메디큐브 부스터프로에 관심있으신분들 연락주세요..",160000
마미케어,메디큐브 부스터프로,메디큐브 애이지알 부스터 프로 핑크,거래완료,"190,000원",잠실동,2025-09-02,0,1,53,47.4℃,호빵,뷰티/미용,,"부스터 프로 핑크색입니다
사용 횟수 3 회입니다

- LED 마스크 기능
- 갈바닉 이온 마사지
- 모공, 미백, 주름 개선, 탄력, 피부톤 개선에 도움
- 쿨링, 온열 마사지 기능
- 클렌징 및 영양 공급

풀박스 / 25년 2월 선물 받았습니다.

쿨거 시 택포 가능",190000
마미케어,메디큐브 부스터프로,(한정판)메디큐브 에이지알 부스터 프로 쿠로미,거래완료,"300,000원",석촌동,2025-09-02,2,4,127,41.1℃,대롱이,뷰티/미용,,"메디큐브 에이지알 부스터 프로 쿠로미 에디션입니다

구성품 케이블말고 안뜯엇고 1회 사용하였습니다. 

구매하시면 차홍 듀얼하드왁스, 픽스볼륨헤어스프레이 같이 드립니다",300000
마미케어,메디큐브 부스터프로,메디큐브 에이지알 부스터 프로,거래완료,"252,000원",잠실본동,2025-09-02,2,3,142,43.7℃,간지간지,뷰티/미용,,"메디큐브 에이지알 부스터 프로입니다
올리브영 어워즈 한정 기획 상품이에요

- 6 in 1 토탈 케어 (광채, 탄력, 볼륨, 모공 케어)
- PDRN 앰플 2종 증정
- 풀박스 구성입니다

새상품(미개봉) 입니다",252000
마미케어,메디큐브 부스터프로,메디큐브 부스터프로 핑크,거래완료,"200,000원",문정동,2025-09-02,1,4,192,42.4℃,퉁투니,뷰티/미용,,"구매 후 10회 전 후 사용
사진과 같이 깨끗해요
같이 구매한 커버캡 2개 포함",200000
마미케어,메디큐브 부스터프로,메디큐브 에이지알 부스터프로 (미개봉)+마스크팩,거래완료,"225,000원",석촌동,2025-09-02,4,3,115,39.9℃,째이,뷰티/미용,석촌역 매봉역 인근 직거래 가능합니다,"부스터프로 미개봉 새제품 판매합니다. (+메디큐브 마스크팩 5매)
25년 3월 메디큐브 공홈에서 배송받은 리뉴얼 새제품입니다. 

석촌역 매봉역 인근 직거래 가능합니다",225000
마미케어,메디큐브 부스터프로,메디큐브 에이지알 부스터프로 미개봉 삽니다,거래완료,"210,000원",가락2동,2025-09-02,2,2,318,37.3℃,달덩이,뷰티/미용,,"에이지알 부스터프로 미개봉 상품 삽니다
색상은 상관없어요
채팅주세요~",210000
마미케어,메디큐브 부스터프로,메디큐브 에이지알 부스터프로 미니,거래완료,"78,000원",장지동,2025-09-02,1,7,232,41.2℃,당근왔숑,뷰티/미용,,"산지 한달도 안되고 사용도 한번 밖에 안한 제품입니다.
부스터프로로 바꾸려고 판매합니다.
메디큐브 공식 홈페이지에서 구매했어요~",78000
마미케어,메디큐브 부스터프로,[미개봉] 메디큐브 에이지알 AGE-R 부스터 프로,거래완료,"260,000원",잠실2동,2025-09-02,2,4,189,96.5℃,야누야뉴,뷰티/미용,잠실역 근처에서 직거래 가능하니 필요하신분 연락주세요!,"에이지알 부스터 프로 미개봉 새 제품입니다
잠실역 근처에서 직거래 가능하니 필요하신분 연락주세요!
감사합니다:)",260000
마미케어,메디큐브 부스터프로,메디큐브 부스터 프로팔아요,거래완료,"100,000원",잠실2동,2025-09-02,12,2,265,37.7℃,그레이맘,뷰티/미용,,"구입한지 네달 정도됐는데 사용은 10회 미안입니다.
꾸준히 관리하면 효과를 많이 보는것같아요
다른종류가 있어서 정리하려고합니다.
같이 받았던 콜라겐 앰플도 같이 드립니다
다른 앰플로도 가능하나 이걸 사용했을때 조금더 잘되는것같았어요.",100000
마미케어,메디큐브 부스터프로,메디큐브 에이지알 부스터프로 판매합니다🍀,거래완료,"200,000원",문정동,2025-09-02,2,5,194,44.1℃,미미미마,뷰티/미용,,"안녕하세요 !
올인원 피부미용기기
메디큐브 부스터프로 판매합니다

사용한 건 정말 몇 회 안 되고 
사용할 때마다 알콜스왑으로 닦고 보관했었습니다
아직 할부도 안 끝났는데요…😅
당분간 모공치료때문에 홈케어 바르느라 사용 안 할 것 같아서 판매합니다 !

정가는 329,000원입니다

편하게 당근 주세요
거래 희망 장소도 협의해드리겠습니다~!",200000
마미케어,메디큐브 부스터프로,메디큐브 에이지알 부스터 프로 팝니다,거래완료,"170,000원",잠실본동,2025-09-02,9,1,234,37℃,소원,뷰티/미용,,"가격을 잘못올린것같아 재업로드 합니다
한두번쓰고 귀찮아서 안쓰게되서 팝니다",170000
마미케어,메디큐브 부스터프로,메디큐브 에이지알 부스터프로 AGE-R BOOSTER PRO,거래완료,"210,000원",송파2동,2025-09-02,2,2,157,39.8℃,brandy,뷰티/미용,송파동 롯데슈퍼 송파점 앞 직거래 (다른 장소로 변경은 어려운 점 미리 양해부탁드려요),"에이지알 부스터 프로 / 뷰티 디바이스

두번 사용 후 박스에 보관해두어, 사용감은 크게는 없습니다(사용후 알콜스왑으로 소독완료)

박스는 구입당시 뜯었었고, 구입 후 2회 사용 후에는 사용하지 않았기 때문에 다시 박스에 넣어둔 상태입니다.

* 구입시 박스, 사용설명서, usb 충전케이블 모두 있습니다


송파동 롯데슈퍼 송파점 앞 직거래 (다른 장소로 변경은 어려운 점 미리 양해부탁드려요)",210000
마미케어,메디큐브 부스터프로,메디큐브 에이지알 부스터 프로 판매합니다!,거래완료,"230,000원",잠실2동,2025-09-02,1,1,115,37.1℃,점니,뷰티/미용,,"메디큐브 부스터프로 판매합니다! (사용설명서 제외 풀박)
케이스까지 포함된 기획품이고 약 5번 사용하였습니다~
알콜 스왑으로 깨끗하게 닦아서 전달 드려요~!",230000
마미케어,메디큐브 부스터프로,"메디큐브 부스터프로(신상품, 미개봉)",거래완료,"280,000원",잠실동,2025-09-02,2,1,248,40.9℃,빙빙고추잠자리,뷰티/미용,,"❇️메디큐브 부스터프로
(신상품 미개봉) 2024/11/26배송완료
질문 후 잠수 타시는 분 사절합니다.

#잠실새내역 5번출구 
#택배가능",280000
마미케어,메디큐브 부스터프로,메디큐브 에이지알 부스터프로,거래완료,"200,000원",잠실2동,2025-09-02,2,0,157,41℃,담이,뷰티/미용,,"메디큐브 에이지알 부스터프로

글루타치온 앰플2개(앰플미개봉)

기기는 10회미만사용으로 상태양호합니다.",200000
마미케어,메디큐브 부스터프로,메디큐브 부스터 프로 새제품,거래완료,"220,000원",잠실7동,2025-09-02,4,10,172,44℃,lemangel,뷰티/미용,,"메디큐브 새제품 (새제품이기는 하나 작년에 샀던 제품 AS 요청으로 받은 새제품 입니다.) 
+ 마스크팩 및 콜라겐 세럼",220000
마미케어,메디큐브 부스터프로,메디큐브 부스터프로(박스포함),거래완료,"230,000원",송파2동,2025-09-02,2,2,200,40℃,헤헤헤,뷰티/미용,,"올해초에 구매했고 실사용은 많지 않습니다
충전선 제외하고 박스 다 가지고 있고
충전 c타입이라 집에 가지고 계신거 쓰셔도 될듯합니당. 효과는 좋은데 저는 피부과를 꾸준히 다니고 있어서 잘 안쓰게 되서 내놓습니다",230000
음식물처리기,미닉스 음식물 처리기,미닉스 음식물처리기 HQD-260C,거래중,"148,000원",가락동,2026-08-31,0,1,34,48.6℃,에스더,생활가전,,"깔끔한 디자인의 미닉스 음식물처리기 HQD-260C 판매해요
음식물 쓰레기 처리 용량은 2.5L이고 최대 소비 전력은 470W예요
주방에서 발생하는 음식물 쓰레기를 간편하게 처리할 수 있어요
음식물 쓰레기 냄새와 부피 때문에 고민이셨던 분들께 추천드려요.
5회사용.둔포초등학교 인근입니다
",148000
음식물처리기,미닉스 음식물 처리기,미닉스 더플렌더 MNFD-100G,거래중,"120,000원",가락본동,2026-08-31,0,12,495,49.1℃,홍홍,생활가전,,"미닉스 더 플렌더 음식물처리기

최대한 깨끗하게 닦았는데 사용한 중고제품이니 감안 후 구매하실분만 연락주세요. 

- 내부통은 버려서 새로 구매 후 사용해야 합니다
- 4번사진 필터 쪽 오염 확인해주세요
- 호환되는 필터 같이 드려요
- 필요하시면 미닉스 전용 박스 포장 가능합니다

* 거래 후 취소는 불가하며 가격네고는 사양합니다.
* 택배 가능",120000
음식물처리기,미닉스 음식물 처리기,미닉스 더 플렌더 음식물처리기,거래중,"180,000원",거여1동,2026-08-01,0,1,82,50.3℃,지리,생활가전,,"미닉스 더 플렌더 음식물처리기입니다
깔끔한 디자인으로 어느 주방에나 잘 어울려요
음식물 쓰레기 냄새 걱정 없이 쾌적한 주방을 만들어보세요

내솥은 사용감 있습니다! 
이사가야해서 저렴하게 올려요~!",180000
음식물처리기,미닉스 음식물 처리기,미닉스 더 플렌더 음식물처리기 필터포함,거래중,"175,000원",잠실동,2026-08-01,8,49,1307,42.5℃,구구가가,생활가전,잠실주공5단지 직거래,"미닉스 더 플렌더 음식물처리기 
작동잘됨 
MNFD-100G
활성탄필터 2개 같이드립니다.

잠실주공5단지 직거래
구매후 교환환불불가",175000
음식물처리기,미닉스 음식물 처리기,[새상품급] 미닉스 더 플렌더 음식물처리기 MNFD-100G,거래중,"200,000원",가락본동,2026-08-10,0,26,513,55.7℃,찌이니,생활가전,,,200000
음식물처리기,미닉스 음식물 처리기,미닉스 음식물처리기 MNFD-100BE,거래중,"280,000원",문정1동,2026-08-04,1,5,162,37.4℃,가을애찬,생활가전,,"미닉스 음식물처리기 MNFD-100BE 판매해요
사진에서 보시는 것처럼 깔끔한 디자인의 음식물처리기입니다
음식물 쓰레기 걱정 없이 편리하게 사용해보세요
주방을 더욱 쾌적하게 만들어 줄 아이템이에요 40만원정도에 구입한지 두달정도 되었고 혼자살아서 필요가 없을것 같아서 내놓습니다",280000
음식물처리기,미닉스 음식물 처리기,[최신상] 미닉스 음식물 처리기 (거의 새상품),거래중,"400,000원",잠실동,2026-08-24,0,2,78,64.5℃,영하맘,생활/주방,,,400000
음식물처리기,미닉스 음식물 처리기,미닉스 더 플렌더 맥스 음식물처리기,거래중,"290,000원",가락본동,2026-08-30,2,11,127,40.1℃,토마토,생활/주방,,"미닉스 더 플렌더 맥스 음식물처리기 MNFD-200G 판매해요
3L 대용량으로 넉넉하게 사용할 수 있어요
음식물 쓰레기 냄새 걱정 없이 쾌적한 주방을 만들어보세요
음식물 쓰레기 부피를 획기적으로 줄여주는 똑똑한 제품이에요

제조년월 26년 6월
한번사용했어요
새상품급 입니다
",290000
음식물처리기,미닉스 음식물 처리기,미닉스 더 플렌더프로 음식물처리기 MNFD-120G,거래중,"260,000원",가락본동,2026-08-25,0,11,312,49.9℃,참참당근,생활/주방,,,260000
음식물처리기,미닉스 음식물 처리기,미닉스 더 플렌더 MNFD-100G 음식물처리기,거래중,"200,000원",거여1동,2026-08-01,1,63,5152,38.3℃,노을,생활가전,,,200000
음식물처리기,미닉스 음식물 처리기,미닉스 더 플렌더 프로 건조분쇄 음식물처리기,거래중,"280,000원",송파1동,2026-04-03,20,21,1061,47.3℃,mmbi,생활가전,,"미닉스 더 플렌더 프로음식물처리기 깨끗합니다

자취방에서 써서 많이 안썼어용 쿨거부탁드립니당",280000
음식물처리기,미닉스 음식물 처리기,미닉스 더 플랜더 PRO ㅡ 미사용 새제품,거래중,"300,000원",거여동,2026-08-01,3,9,149,38.2℃,남매엄마,생활가전,,"미닉스 더 플랜더 PRO 음식물 처리기 판매해요
2L 용량에 하이퍼 건조, 제로 노이즈 모드까지 갖췄어요
호평받는 강력한 탈취 성능을 자랑합니다

선물받아서 상자만 버린상태이고 
한번도 사용하지 않은 완전 새제품입니다. ",300000
음식물처리기,미닉스 음식물 처리기,[새상품] 미닉스 더 플렌더 MAX 음식물처리기 3L (MNFD-200G),거래중,"430,000원",문정동,2026-04-03,2,6,231,40.1℃,봄꽃,생활가전,,"미닉스 더 플렌더 MAX 음식물처리기입니다.
새상품 바로 주소 변경해서 보내드립니다!",430000
음식물처리기,미닉스 음식물 처리기,미닉스 음식물 처리기 2L <완전 새상품>,거래중,"300,000원",거여1동,2026-08-17,0,17,399,38.6℃,떠누야,생활/주방,,"구매하고 딱히 필요없는거 같아서 한 번도 사용 안한 새상품입니다.

용량 2리터입니다",300000
음식물처리기,미닉스 음식물 처리기,미닉스 맥스 음식물처리기,거래중,"300,000원",거여1동,2026-08-19,0,7,373,99℃,무가비,생활/주방,,"내솥에 살짝기스있어요.

미닉스 음식물처리기입니다. 깔끔한 화이트 색상으로 어떤 주방에도 잘 어울려요. 음식물 쓰레기 걱정 없이 쾌적한 주방 환경을 만들어보세요. 냄새 걱정 없이 편리하게 사용할 수 있습니다.",300000
음식물처리기,미닉스 음식물 처리기,[미개봉 새상품] 미닉스 더 플랜더 맥스(3L) 음식물 쓰레기 처리기 송파,거래중,"430,000원",삼전동,2026-05-03,1,10,217,40.7℃,mhmh,생활가전,,"미닉스 더 플렌더 맥스(3L) 음식물처리기입니다.

2026년 3월 제조된 개봉하지 않은 새상품입니다. 
선물 받았는데 사용중인 제품이 있어서 내 놓습니다.
모델명은 MNFD-200G, 색상은 그레이지입니다.
음식물 쓰레기, 냄새 걱정 없이 깔끔하게 처리 가능합니다.

제품 사이즈는 폭 195mm, 높이 341mm, 깊이 422mm입니다.",430000
음식물처리기,미닉스 음식물 처리기,미개봉새상품)미닉스 더플렌더 PRO 음식물 처리기,거래중,"319,000원",거여1동,2026-08-23,0,14,390,37.6℃,조이,생활/주방,,,319000
음식물처리기,미닉스 음식물 처리기,⭐️미닉스맥스 음식물처리기 (새상품급),거래중,"300,000원",거여1동,2026-08-25,0,19,302,53℃,메이파파,생활/주방,,"여름철 필수 아이템✨

깔끔한 화이트 색상의 미닉스 음식물처리기예요.

주방 어디에 둬도 잘 어울리는 모던한 디자인입니다.

특히 여름철 음식물 쓰레기 걱정 없이 쾌적한 주방을 만들어보세요.

소음도 거의 없고, 음식물 쓰레기 냄새와 부피 때문에 고민이셨던 분들께 추천드려요!

모델명 : MNFD-200G
2026년 제조

* 음식물 없이 테스트1회 진행

<제품 특징>
3L 대용량
음식물 부피와 냄새를 효과적으로 줄여줌
분리형 내통으로 세척과 관리가 편리",300000
음식물처리기,미닉스 음식물 처리기,미닉스 식기세척기 PRO 새제품(배달가능),거래중,"245,000원",장지동,2026-04-03,2,28,374,41.1℃,니냐니뇨,생활가전,,"미닉스 무설치 식기세척기 PRO 새제품입니다.

남편한테 미닉스 음식물처리기 사랬더니 식기세척기를 사왔네요.. 
기간이 지나 반품이 어려워 당근합니다.",245000
음식물처리기,미닉스 음식물 처리기,[미개봉 새상품] 미닉스 더플렌더 음식물처리기,거래중,"350,000원",송파동,2026-04-03,9,25,537,56.8℃,백여,생활가전,,"미닉스 더 플렌더 프로 음식물처리기

박스 개봉한 적 없는 새상품 입니다

구매하실 분께는 박스사진 확인시켜드릴 수 있습니다
제품 먼저 올려놓아요

📍위치: 석촌역 4번출구 도보5분거리",350000
음식물처리기,미닉스 음식물 처리기,미닉스 음식물처리기,거래중,"330,000원",거여동,2026-08-06,0,0,224,39.2℃,당근바로구매,생활/주방,,"미닉스 더 플렌더 맥스 음식물처리기예요
깔끔한 디자인으로 주방 어디에나 잘 어울려요
음식물 쓰레기 부피를 줄여주고 
냄새 걱정을 덜어줘요!!
음식물 쓰레기 처리 고민이신 분들~~
저렴한 가격에 상태좋은 음쓰기 들여보세요^^",330000
음식물처리기,미닉스 음식물 처리기,(26년 4월 제품) 미닉스 더플렌더 Max 건조분쇄 음식물처리기 가정용 MNFD-200G,거래중,"300,000원",신천동,2026-08-26,1,0,23,54.6℃,유기템센터,,,,300000
음식물처리기,미닉스 음식물 처리기,미닉스 더 플렌더 프로 음식물처리기 화이트,거래중,"350,000원",문정동,2026-08-01,0,2,35,36.5℃,남주,생활가전,,"새 제품, 비닐 안 뜯음

미닉스 더 플렌더 프로 음식물처리기 화이트 색상이에요
깔끔한 디자인으로 어느 주방에나 잘 어울려요
음식물 쓰레기 걱정 없이 편리하게 사용해보세요
주방을 더욱 쾌적하게 만들어 줄 아이템이랍니다",350000
음식물처리기,미닉스 음식물 처리기,미닉스 더 플렌더 맥스 3L 음식물처리기,거래중,"300,000원",거여동,2026-08-28,1,35,398,67.8℃,1028,생활/주방,,"미닉스 더 플렌더 맥스 3L 음식물처리기입니다
새상품 그대로 보관만 해두었어요
구성품 모두 있고 박스도 깨끗해요
주방 냄새 고민 해결해 줄 똑똑한 제품이에요

⚠️1회 사용이라 상태 너무 좋아요
⚠️26.06 제조",300000
음식물처리기,미닉스 음식물 처리기,미닉스 더플렌더 Max 3L 건조분쇄 음식물처리기,거래중,"330,000원",잠실6동,2026-08-14,0,2,69,43.6℃,파나세PanaChe,스포츠/레저,,,330000
음식물처리기,미닉스 음식물 처리기,미닉스 더플렌더 Max MNFD-200G 3L 건조분쇄 음식물처리기,거래중,"340,000원",잠실6동,2026-08-08,0,0,91,43.6℃,파나세PanaChe,생활/주방,,,340000
음식물처리기,미닉스 음식물 처리기,미닉스 더 플렌더 맥스 음식물처리기 3L,거래중,"320,000원",거여동,2026-08-27,1,6,381,48.7℃,우리집커피왕,생활/주방,,"미닉스 더 플렌더 맥스 음식물처리기입니다
음식물쓰레기 부피를 획기적으로 줄여주는 제품이에요
박스에 넣어놓았어요^^

실사용은 3번정도 사용했구요 지금은
컨디션아주 좋게 보관중이에요 
사진에보시면 살짝 얼룩 있는데 제가봤을땐 좀 보이는데 사진에 담길정도는 아니긴한거같아요
제조년월이 26년도 4월입니다 ^^
",320000
음식물처리기,미닉스 음식물 처리기,음식물처리기 건조통 미닉스 더폴랜더믹스 2L,거래중,"20,000원",문정1동,2026-08-09,0,5,282,36℃,토끼,생활/주방,,,20000
음식물처리기,미닉스 음식물 처리기,미닉스 더플렌더 Max 음식물처리기 MNFD-200G,거래중,"320,000원",문정2동,2026-08-12,1,2,191,49.9℃,참참당근,생활/주방,,,320000
음식물처리기,미닉스 음식물 처리기,🎈미닉스 맥스 음식물처리기 (새상품급),거래중,"300,000원",문정동,2026-08-25,0,8,149,53℃,메이파파,생활/주방,,"여름철 필수 아이템✨

깔끔한 화이트 색상의 미닉스 음식물처리기예요.

주방 어디에 둬도 잘 어울리는 모던한 디자인입니다.

특히 여름철 음식물 쓰레기 걱정 없이 쾌적한 주방을 만들어보세요.

소음도 거의 없고, 음식물 쓰레기 냄새와 부피 때문에 고민이셨던 분들께 추천드려요!

모델명 : MNFD-200G
2026년 제조

* 음식물 없이 테스트1회 진행

<제품 특징>
3L 대용량
음식물 부피와 냄새를 효과적으로 줄여줌
분리형 내통으로 세척과 관리가 편리",300000
음식물처리기,미닉스 음식물 처리기,❇️미닉스 맥스 음식물처리기 (새상품급),거래중,"300,000원",문정동,2026-08-25,0,1,88,53℃,메이파파,생활/주방,,"여름철 필수 아이템✨

깔끔한 화이트 색상의 미닉스 음식물처리기예요.

주방 어디에 둬도 잘 어울리는 모던한 디자인입니다.

특히 여름철 음식물 쓰레기 걱정 없이 쾌적한 주방을 만들어보세요.

소음도 거의 없고, 음식물 쓰레기 냄새와 부피 때문에 고민이셨던 분들께 추천드려요!

모델명 : MNFD-200G
2026년 제조

* 음식물 없이 테스트1회 진행

<제품 특징>
3L 대용량
음식물 부피와 냄새를 효과적으로 줄여줌
분리형 내통으로 세척과 관리가 편리",300000
음식물처리기,미닉스 음식물 처리기,미닉스 음식물처리기 더플렌더 MAX,거래중,"350,000원",문정동,2026-08-11,1,21,833,65℃,뚠뚠,생활/주방,,"●무상 AS기간 2년이구요
구입년도 25년 11월30일 입니다.


부모님께 선물 드렸는데,  처음 사드리고 설명해 드린다고, 한번 작동 잠깐 해보고는, 계속 사용을 안하셨네요ㅠ

새거라고 보시면 됩니다.
정품보증서도 그대로 있습니다.


",350000
음식물처리기,미닉스 음식물 처리기,미닉스 더 플렌더 맥스 음식물처리기 MNFD-200G,거래중,"320,000원",문정동,2026-08-27,1,20,325,54.2℃,새우깡좋아,생활/주방,,,320000
음식물처리기,미닉스 음식물 처리기,미닉스 맥스 MAX 음식물처리기 (새상품 컨디션),거래중,"300,000원",문정동,2026-08-22,0,11,163,45.5℃,나무좋아,생활/주방,,,300000
음식물처리기,미닉스 음식물 처리기,미닉스 음식물처리기 MAX 3L MNFD-200G,거래중,"330,000원",문정동,2026-08-18,1,14,114,73.2℃,망아지간식,생활/주방,,,330000
음식물처리기,미닉스 음식물 처리기,(배달가능)미닉스 더 플렌더 음식물처리기 정품,거래중,"280,000원",문정동,2026-07-02,0,20,2983,56.4℃,Oo,생활/주방,,,280000
음식물처리기,미닉스 음식물 처리기,미닉스 더 플랜더 맥스 음식물처리기,거래중,"320,000원",문정동,2026-06-02,4,11,778,68℃,바로구매거래소,생활/주방,,"미닉스 더 플랜더 맥스 음식물처리기 판매해요
모델명 MNFD-200G이며, 소비전력 0.9kW에요
음식물 쓰레기 부피를 획기적으로 줄여주는 제품이에요
주방 위생과 냄새 걱정을 덜어줄 똑똑한 주방템이랍니다
26년제품이라  무상 as남아있습니다.
상태깔끔합니다!",320000
음식물처리기,미닉스 음식물 처리기,<미개봉 새상품> 미닉스 더 플렌더 프로,거래중,"350,000원",문정동,2026-08-26,0,16,378,56.1℃,샤크,생활/주방,,"• 집들이 선물로 받았는데 집이 좁아 사용하지 못 해서 판매해요.
• 미닉스 음식물 처리기 더플렌더 PRO
• 가정용 분쇄기 건조기 MNFD-120G
⠀ 
<<새상품, 미개봉이에요!!>>",350000
음식물처리기,미닉스 음식물 처리기,새상품 미닉스 더플렌더 베이직 음식물처리기 건조통 내솥,거래중,"38,000원",방이1동,2026-08-29,0,12,176,52.8℃,구르미,생활/주방,,,38000
음식물처리기,미닉스 음식물 처리기,미닉스 더 플랜더 MAX 26.04제품,거래중,"320,000원",방이2동,2026-07-02,5,55,2926,75.7℃,네고사양,생활/주방,,"미닉스 음식물처리기 MAX 제품이에요
내부 스테인리스 통과 강력한 분쇄 기능으로 음식물 쓰레기를 깔끔하게 처리해줘요
상단 디스플레이로 작동 상태를 쉽게 확인할 수 있어요
음식물 쓰레기 처리 고민이신 분들께 추천드려요

깨끗해요 몇번 사용 안했어요 새상품이나 다름없어요",320000
음식물처리기,미닉스 음식물 처리기,미닉스 더플랜더 Max 음식물처리기,거래중,"310,000원",방이동,2026-08-01,1,15,823,87.8℃,당거지사절,생활/주방,,"미닉스 더플랜더 Max 음식물처리기 판매해요
한두번사용
26년 제조
서비스에 문제없고 미닉스는 서비스잘해줘요",310000
음식물처리기,미닉스 음식물 처리기,[미개봉 새상품]미닉스 더 플렌더 MAX 음식물처리기 3L,거래중,"390,000원",방이동,2026-08-22,2,15,323,48.6℃,행복한여행,기타 중고물품,,,390000
음식물처리기,미닉스 음식물 처리기,"(새상품)미닉스 더플렌더 MAX 음식물처리기 3L(필터, 컨테이너 포함) 팔아요~^^",거래중,"420,000원",삼전동,2026-08-24,0,5,132,61.1℃,반짝마녀,,,,420000
음식물처리기,미닉스 음식물 처리기,미닉스 더플렌더 맥스 음식물처리기 A급,거래중,"290,000원",삼전동,2026-08-31,1,4,30,54.1℃,여신님,생활/주방,,"미닉스 더플렌더 맥스 음식물처리기 판매해요
깔끔한 디자인과 컴팩트한 사이즈로 주방 어디에나 잘 어울려요
음식물 쓰레기 냄새 걱정 없이 쾌적한 주방을 만들어보세요
음식물 쓰레기 부피를 획기적으로 줄여주는 똑똑한 제품이랍니다

👍2026년   04월   제조년월
👍3회 사용 햇어요~~A급
👍궁굼사항 잇으면 톡 주세요~
",290000
음식물처리기,미닉스 음식물 처리기,(특s급 - 모터 필터 새상품) 미닉스 더 플렌더 음식물처리기,거래중,"290,000원",삼전동,2026-08-12,0,10,487,51℃,eldrmsgody,생활/주방,,,290000
음식물처리기,미닉스 음식물 처리기,미닉스 더 플랜더 Max,거래중,"300,000원",삼전동,2026-08-12,1,30,738,52.5℃,정동하,생활/주방,,"갑각류 치킨뼈 소주병까지 갈린다는 음식물 처리기 입니다.
고온 분쇄 타입 입니다.
용량은 3리터로 4인 가족도 충분히 쓸 수 있는 용량 입니다.
제조연월은 26년 2월 입니다.
생각보다 쓸 일이 없어서 싸게 팝니다.

사용 여부: 작동 테스트 1회
상품 상태: 박스 포함 새 상품급

✅️ 인근지역 배달 해드립니다.

✅️ 네고는 어렵습니다. 🙏",300000
음식물처리기,미닉스 음식물 처리기,[새상품] 미닉스 더 플랜더 음식물처리기 (그레이지) 리필필터 2개 드림,거래중,"320,000원",삼전동,2026-08-26,0,11,136,77.1℃,매너거래Only,생활/주방,,,320000
음식물처리기,미닉스 음식물 처리기,미닉스 더 플렌더 음식물처리기 3중 하드필터 1개,거래중,"17,500원",삼전동,2026-08-21,0,12,208,60℃,띠링띠링,생활가전,,,17500
음식물처리기,미닉스 음식물 처리기,미닉스 더 플랜더 음식물처리기 하드락 필터,거래중,"15,000원",석촌동,2026-08-03,0,12,239,48.9℃,구매할분만연락해주세요,생활가전,,,15000
음식물처리기,미닉스 음식물 처리기,미닉스 더플랜더 맥스 음식물처리기 (최상),거래중,"300,000원",석촌동,2026-08-15,0,2,119,57.5℃,이거정말싸네,생활/주방,,,300000
음식물처리기,미닉스 음식물 처리기,S급 미닉스 더 플렌더 프로 음식물처리기,거래중,"260,000원",석촌동,2026-08-29,1,6,52,37.6℃,안사면손해,생활/주방,"✨ 새상품급 컨디션! 꼼꼼한 검수와 테스트를 완료한 제품만 판매합니다. 정상 작동 및 상태 확인 후 등록하며, 안심하고 구매하실 수 있습니다. 직거래 및 당근택배(가능 품목) 가능합니다. 온·오프라인 동시 판매로 예약은 입금 순으로 진행됩니다. 중고·리퍼 특성상 단순 변심에 의한 교환 및 환불은 어렵습니다. 궁금한 사항은 언제든 편하게 문의 주세요. 빠른 거래 환영합니다!","S급 미닉스 더 플렌더 프로 음식물처리기

[제품 정보]
-브랜드: 미닉스(MINIX)
-제품명: 더 플렌더 PRO 음식물처리기
-모델명: MNFD-120G
-제조년월: 2026년 5월
-제조사: ㈜앳홈
-제조국: 대한민국
-정격전압: 220V / 60Hz
-소비전력: 500W
-처리방식: 분쇄 + 건조
-용량: 2L
-1회 처리량: 약 1kg
-처리시간: 약 4~6시간
-크기: 195 × 422 × 341mm
-무게: 약 9kg
-탈취: 활성탄/복합 필터 방식
-주요 기능: 자동처리, 자동보관, 자동세척,
                   자동절전, 고온살균, 열풍건조,
  
미닉스 더 플렌더 프로 음식물처리기입니다.
구성품은 본체, 설명서, 보증서 포함입니다
깔끔한 디자인으로 주방 어디에나 잘 어울려요.
음식물 쓰레기 고민을 덜어줄 똑똑한 제품이에요.
✨ 새상품급 컨디션! 꼼꼼한 검수와 테스트를 완료한 제품만 판매합니다. 정상 작동 및 상태 확인 후 등록하며, 안심하고 구매하실 수 있습니다. 직거래 및 당근택배(가능 품목) 가능합니다. 온·오프라인 동시 판매로 예약은 입금 순으로 진행됩니다. 중고·리퍼 특성상 단순 변심에 의한 교환 및 환불은 어렵습니다. 궁금한 사항은 언제든 편하게 문의 주세요. 빠른 거래 환영합니다!

빠른 출고 & 안전 배송!


✅ 주문 시 익일 출고됩니다.
✅ 일반 상품은 당근택배로 빠르고 편리하게 발송!
✅ 부피가 큰 상품 또는 고가 상품은 한진택배로 안전하게 발송해드립니다.
",260000
음식물처리기,미닉스 음식물 처리기,휴렉 음식물 처리기 베로 가정용 3L 미닉스맥스 동일용량,거래중,"170,000원",송파1동,2026-08-28,0,10,155,53.8℃,쇼핑중독,생활가전,,,170000
음식물처리기,미닉스 음식물 처리기,미닉스 더플렌더 맥스 음식물처리기 S급 MNFD-200G,거래중,"280,000원",송파동,2026-08-31,1,2,33,54.1℃,여신님,생활/주방,,,280000
음식물처리기,미닉스 음식물 처리기,미닉스 더플랜더 음식물처리기 맥스 MNFD-200G(새상품급),거래중,"285,000원",송파동,2026-08-24,0,6,78,99℃,경제RC,생활/주방,,,285000
음식물처리기,미닉스 음식물 처리기,스마트카라 음식물처리기 필터 음식물 미닉스,거래중,"220,000원",송파동,2026-06-02,0,1,189,47.8℃,오유네,생활/주방,,,220000
음식물처리기,미닉스 음식물 처리기,원가이하) (8월만이가격) 풀무원 음처기 본품 + 필터 5개✨️ 풀무원 음식물처리기 3L 미닉스 더플랜더 락앤락 등,거래중,"299,000원",신천동,2026-08-23,0,2,109,37℃,아이스슈,,,,299000
음식물처리기,미닉스 음식물 처리기,미개봉 새상품)미닉스 더 플렌더 맥스 그레이지 3L 음식물 처리기,거래중,"390,000원",신천동,2026-08-29,0,4,72,45.5℃,miri36,생활/주방,,,390000
음식물처리기,미닉스 음식물 처리기,26년 5월 새상품급 미닉스 더 플랜더 Max 음식물처리기,거래중,"310,000원",신천동,2026-08-28,0,0,15,56.6℃,오픈박스평택,생활/주방,,,310000
음식물처리기,미닉스 음식물 처리기,음식물 처리기 필터 2개 호환가능 (미닉스 쿠쿠 스마트카라 쉘퍼 린클 에코체),거래중,"7,000원",신천동,2026-08-25,0,3,41,40.3℃,vowwov,생활가전,,,7000
음식물처리기,미닉스 음식물 처리기,[새상품] 미닉스 더플렌더 맥스 음식물처리기 MNFD-200G,거래중,"350,000원",신천동,2026-08-01,1,21,1606,87.6℃,하루,생활/주방,,,350000
음식물처리기,미닉스 음식물 처리기,미닉스 더플랜더 맥스 음식물처리기 3L MNFD-200G,거래중,"330,000원",오금동,2026-08-21,0,3,59,49.4℃,리뉴,생활/주방,,,330000
음식물처리기,미닉스 음식물 처리기,미닉스 음식물처리기 더플렌더 MAX MNFD-200G,거래중,"280,000원",오금동,2026-07-02,8,52,3101,87.8℃,당거지사절,생활/주방,,,280000
음식물처리기,미닉스 음식물 처리기,완전 신제품급 미닉스 더 플렌더 음식물처리기 MNFD-100G,거래중,"300,000원",오금동,2026-08-15,0,1,120,37.6℃,안사면손해,생활/주방,,,300000
음식물처리기,미닉스 음식물 처리기,미닉스 더플랜더 맥스 MNFD-200G 음식물처리기,거래중,"300,000원",오금동,2026-08-12,0,3,383,90.4℃,땡글이,생활/주방,,,300000
음식물처리기,미닉스 음식물 처리기,미닉스 더플랜더 맥스 MNFD-200G 음식물처리기,거래중,"330,000원",오륜동,2026-08-01,1,18,864,49.4℃,리뉴,생활/주방,,,330000
음식물처리기,미닉스 음식물 처리기,26년 5월 미닉스 더 플렌더 맥스 음식물처리기 MNFD-200G,거래중,"310,000원",위례동,2026-08-26,1,3,40,67.1℃,리퍼브새강자,생활/주방,,,310000
음식물처리기,미닉스 음식물 처리기,26년5월제조 미닉스 맥스 음식물처리기 MNFD-200G,거래중,"305,000원",위례동,2026-08-26,0,4,103,37.6℃,안사면손해,생활/주방,,,305000
음식물처리기,미닉스 음식물 처리기,미닉스 더 플렌더 Pro 음식물 처리기,거래중,"250,000원",위례동,2026-08-07,2,19,404,75.7℃,로우,생활/주방,,"사용감 1~2회 있습니다!

내부는 사용감 크게 없어요!

작동 잘 됩니다!

박스는 없어요!",250000
음식물처리기,미닉스 음식물 처리기,26년 5월 제조 미닉스 더 플렌더 MAX 음식물처리기,거래중,"320,000원",위례동,2026-08-24,0,0,65,37.6℃,안사면손해,생활/주방,,,320000
음식물처리기,미닉스 음식물 처리기,새상품급 미닉스 더 플렌더 음식물처리기 MNFD-120G 그레이지,거래중,"300,000원",위례동,2026-08-13,0,2,80,42.2℃,오픈박스가전짱,생활/주방,,,300000
음식물처리기,미닉스 음식물 처리기,새상품급ㆍ미닉스 더 플렌더 MAX,거래중,"300,000원",위례동,2026-08-01,5,52,1285,99℃,이수,생활/주방,,"미닉스 더 플렌더 MAX 음식물처리기 판매해요
깔끔한 화이트 색상에 모던한 디자인으로 주방 어디에나 잘 어울려요
음식물 쓰레기 부피를 획기적으로 줄여주는 똑똑한 제품이랍니다
음식물 쓰레기 처리 고민이신 분들께 추천드려요

ㆍ사용 여부 : 1회 사용
ㆍ상품 상태 : 박스 미포함 새 상품급
한번 사용해보고 해외 나가야되서 필요 없어서 팝니다

✅️ 인근지역 배달 해드립니다.",300000
음식물처리기,미닉스 음식물 처리기,미닉스 더 플렌더 음식물 처리기 전용 3중 하드 락 필터 (MAX / PLUS 전용),거래중,"28,000원",위례동,2026-08-31,1,2,27,43.8℃,피코토닝,생활가전,,,28000
음식물처리기,미닉스 음식물 처리기,미닉스 식기세척기,거래중,"100,000원",잠실본동,2026-05-03,4,21,523,41.4℃,바니바니,생활가전,,"미닉스 식기세척기 
실사용 10회미만 
측면 스크레치 있음
사용설명서 , 전용세제 , 연결 호스 등 구성품 전부있습니다
직접 가지러 오셔야 합니다",100000
음식물처리기,미닉스 음식물 처리기,미닉스 음식물처리기 basic 그레이지,거래완료,"50,000원",송파동,2026-08-17,7,24,1479,39.1℃,주민,생활가전,,"미닉스 음식물 처리기 그레이지 색상이에요
가정용으로 사용하기 좋은 제품입니다
사진에서 보시는 것처럼 구성품은 본품 1개입니다
음식물 쓰레기 고민 해결해 줄 제품이에요

프로가 아닌 베이직 제품입니다.
사진에서 보시는것 처럼 사용감 있습니다.
연락 주세요~",50000
음식물처리기,미닉스 음식물 처리기,미닉스 음식물 처리기 더 플렌더 프로 팝니다,거래완료,"150,000원",문정동,2026-08-29,2,3,61,41.2℃,흐음,생활가전,,"120G 모델입니다
내솥 긁힘 좀 있습니다
작동은 잘 됩니다
1번 사진 구성
푸드컨테이너+새 필터 2개+음식물 처리기 = 17만
음식물 처리기만 = 15만 팝니다
",150000
음식물처리기,미닉스 음식물 처리기,미닉스 더 플렌더 맥스 음식물처리기 MNFD-200G 하남,거래완료,"220,000원",위례동,2026-08-23,3,4,61,43.5℃,julie,생활/주방,"직거래,문고리희망!","미닉스 더 플렌더 맥스 음식물처리기입니다
3L 용량으로 넉넉하게 사용할 수 있어요
음식물 쓰레기 고민 해결해 줄 똑똑한 제품이에요~~
밤에 안나가도 되고, 자기전 눌러놓고, 아침에 눌러놓고 나가도 다 처리되는 살림템~
삶의 질이 올라갑니다~
마음 같아서는 가져가고싶지만 햐외이사로 못 가져가 아쉽지만 좋은 분들께 드립니다~
주방에 인테리어도 헤치지않는 컬러, 크기 ,모양 다 충족되는 처리기입니다^^

26년 3월 제조입니다~
사용감은 있지만 상태는 깨끗하고 구성품 다 있어요~ 박스는 자리차지해서 버려서 없어용~^^ 빠르게 가져가시면 좀 깎아드려용~😁
8/23일 오후까지!!

직거래,문고리희망!
반품,환불안됩니다!!",220000
음식물처리기,미닉스 음식물 처리기,미닉스 더 플렌더 PRO 음식물처리기 2L 화이트 하남,거래완료,"130,000원",위례동,2026-08-14,5,5,105,51℃,SS,생활가전,부피가 있어 직거래로만 거래합니다.,"미닉스 더 플렌더 PRO 음식물처리기 2L 화이트 모델이에요

-본품+추가여분통

2-3개월 정도 사용후에 최근엔 보관만 해두었어요.
내솥은 금방 기스가 나는 재질이라 흠이 있지만 실사용하면 어쩔 수 없이 나는 사용감이이에요.

부피가 있어 직거래로만 거래합니다.",130000
음식물처리기,미닉스 음식물 처리기,미닉스 더 플렌더 MNFD-100G 판매합니다.,거래완료,"50,000원",가락본동,2026-08-02,5,10,1192,39.6℃,EMist,생활가전,빽다방 가락시장역점 앞에서 직거래 가능합니다. 들고 가실 가방 가져오시는게 좋을 것 같습니다.,"미닉스 음식물처리기 판매합니다.
약 1년 사용하였고, 내솥 교체하려다 다른 제품을 새로 구입하여서 판매합니다.

사진에서 보시다시피 깨끗하지는 않습니다. 냄새가 나지는 않는데, 증기가 나오는 부분은 변색이 되어 지워지지는 않습니다.

내솥이 없습니다. 공식 홈페이지에서 구입 가능합니다.

필터는 리필용 숯 갈아서 2번 정도 사용하였고, 원하시면 남은 리필용 숯 가져가셔도 됩니다.

버릴까 하다가 혹시 저렴한 가격에 가져가실 분 계실지 해서 올려봅니다.

빽다방 가락시장역점 앞에서 직거래 가능합니다. 들고 가실 가방 가져오시는게 좋을 것 같습니다.",50000
음식물처리기,미닉스 음식물 처리기,미닉스 더 플렌더 맥스 2000 음식물 처리기,거래완료,"220,000원",문정동,2026-08-11,6,14,100,99℃,하늘,생활가전,,"미닉스 더 플렌더 매ㄱ스음식물처리기 판매해요
3리터 용량으로 넉넉하게 사용할 수 있어요

2026년4월제조 

잠시 사용정도 입니다.",220000
음식물처리기,미닉스 음식물 처리기,미닉스 음식물처리기 + 카본 필터 2개,거래완료,"150,000원",잠실2동,2026-07-02,2,2,128,37.8℃,콩네,생활가전,,"미닉스 음식물처리기 본체 MNFD-100G와 카본 필터 2개 구성이에요
2년전에 샀지만 실사용은 3개월했어요. 내솥 사용감 있습니다.",150000
음식물처리기,미닉스 음식물 처리기,미닉스 음식물처리기 MNFD-100G,거래완료,"120,000원",석촌동,2026-07-02,1,2,142,38.8℃,당근등록,생활가전,,"미닉스 더 플랜더 음식물처리기 MNFD-100G 판매해요
깔끔한 디자인으로 주방 어디에나 잘 어울려요

내솥 사용감과 겉면 기스 약간 있어요
예민하신 분들은 피해주세요",120000
음식물처리기,미닉스 음식물 처리기,미닉스 음식물처리기 더 플랜더 프로,거래완료,"130,000원",석촌동,2026-08-01,2,10,230,48.8℃,무지개,생활/주방,,"미닉스 더 플랜더 프로 음식물처리기 입니다
사용 3개월정도고 대가족이라 음쓰양이 감당이 안돼 그냥 버리는게 많아지다보니 안쓰고 처박아두게 되네요..ㅠㅠ 
초반에 신나서 한참 국물있는거 그대로 다넣고 돌렸더니 다 달라붙어서 그럴때마다 칼로 뜯어냈더니 그뒤로 내솥기능을  잃은듯해요ㅜ 내솥은 따로 사야할거 같지만 이것도 원하시면 드릴게요 그래서 싸게 올립니다
화이트 색상이구요
필터는 교환하고 얼마 안썼던거 같아 그대로 청소만하고 뒀습니다 
1인이나 2인가구는 혁명적인 아이템이 분명합니다
냄새도 김치찌개?같은 냄새 아주 약하게 나고 끝나면 털어 버리면 됩니다
*단 국물은 꼭 비우고 버리세요..*",130000
음식물처리기,미닉스 음식물 처리기,미닉스 더 플랜더 음식물처리기,거래완료,"100,000원",송파동,2026-07-02,4,6,405,53.3℃,오징,생활가전,직거래 송파한양아파트2차,"미닉스 더 플랜더 음식물처리기 
사용감 많아서 저렴하게 올립니다 
 음식물통 코팅이 벗겨졌지만 사용하는데 지장은 없습니다
필터 교체 해야합니다~ 


직거래 송파한양아파트2차

환불❌",100000
음식물처리기,미닉스 음식물 처리기,미닉스 더 플렌더 PRO 음식물처리기,거래완료,"190,000원",문정동,2026-07-02,1,15,253,99℃,하늘,생활가전,,"
내부 통은 스크래치나 코팅벗겨짐 없음
2L용량
저소음, 소리조절가능
",190000
음식물처리기,미닉스 음식물 처리기,"보증기간 남음, 미닉스 MNFD-100G 음식물처리기(25년제조,배달)",거래완료,"185,000원",잠실동,2026-06-02,4,17,462,43.5℃,신뢰,생활/주방,,"미닉스 더 플랜더프로 음식물처리기 MNFD-100G 모델이에요
2025년 1월 제조 상품입니다.
음식물 쓰레기 부피를 획기적으로 줄여주는 똑똑한 제품이에요
주방을 깔끔하게 유지하고 싶은 분들께 추천드려요
배달비용은 거리에 따라 발생할 수도 있습니다.",185000
음식물처리기,미닉스 음식물 처리기,미닉스 더 플랜더 음식물처리기 MNFD-100G,거래완료,"160,000원",문정동,2026-07-02,5,11,344,36.5℃,카니,생활가전,,"미닉스 더 플랜더 음식물처리기 MNFD-100G 판매해요
100g 용량으로 넉넉하게 사용할 수 있어요
음식물쓰레기 냄새 걱정 없이 깔끔하게 처리해줘요
주방을 더욱 쾌적하게 만들어 줄 아이템이에요",160000
음식물처리기,미닉스 음식물 처리기,미닉스 음식물처리기 프로,거래완료,"250,000원",잠실2동,2026-08-01,3,6,111,48.1℃,원공,생활가전,,"미닉스 음식물처리기 판매해요

1회 사용했구, 필름도 그대로 있네요 
사진에 보이는 구성품 그대로 드려요

혼자 살다보니 음식물이 한주먹도 안나와서ㅜㅜ
산지 3개월도 안되서 팔아요

미생물?그것도 딱 한범쓴거라 새거로 보셔도 무관해요",250000
음식물처리기,미닉스 음식물 처리기,미닉스 더 플렌더 PRO 판매 (실사용 5회 미만/상태 A급),거래완료,"260,000원",오금동,2026-08-01,1,2,42,37℃,캐롤라인,생활가전,직거래 선호 (5호선 방이역 인근),"미닉스 더 플렌더 PRO 음식물처리기 판매합니다.

* 2026년 2월 구매
* 실사용 5회 미만으로 거의 새 제품 수준입니다.
* 정상 작동하며 이상 없습니다.
* 사용 후 내부 세척 및 보관했습니다.
* 박스는 없으며 구성품은 사진과 동일하게 드립니다.
* 직거래 선호 (5호선 방이역 인근)

거의 사용하지 않아 판매합니다.
상태 좋은 제품 찾으시는 분께 추천드립니다.
궁금하신 점은 편하게 문의 주세요.",260000
음식물처리기,미닉스 음식물 처리기,실사용❌미닉스 더 플렌더 음식물처리기,거래완료,"230,000원",송파동,2026-08-01,1,9,136,37.7℃,홀릐몰릐,생활가전,,"구매후 사용 한번도 안했어요 보관만 했어요 
새상품이에요 깨끗합니다

깔끔한 디자인으로 어느 공간에나 잘 어울려요🤍
음식물 쓰레기 부피를 획기적으로 줄여주는 똑똑한 제품이랍니다
주방 위생 관리에 신경 쓰시는 분들께 추천드려요
(그럴려고 샀는데 사정상 안쓰게 되어서 팔아요)

쿨거래 환영이요",230000
음식물처리기,미닉스 음식물 처리기,미닉스 음식물처리기 미니 새상품,거래완료,"265,000원",잠실동,2026-08-01,2,24,311,40.4℃,응이,생활가전,,"사놓고 집에있을일이없어 쓸일이 안생겨서 결국 팝니다 .. 싸게내놓습니다 가져가세용
저렴하게내놓는거라 네고어렵습니다 쿨거하실분 찾아용
아니면 그냥 두고 쓰겠습니당",265000
음식물처리기,미닉스 음식물 처리기,[새상품급] 미닉스 더 플렌더 신상 프로버전 음식물처리기,거래완료,"280,000원",방이1동,2026-08-01,2,9,128,42.8℃,호와이,생활가전,,"올해 초에 구매해서 2회정도 사용 후 
안쓰게 되어 비닐포장해서 보관해 놓은 제품입니다.
사용감 거의 없습니다.

새로나온 프로버전이며 MNFD-120G 2L 용량입니다.
기존 버전과 달리 자동으로 돌아가 편합니다.

곧 애기가 태어나 급처분하여 싸게 내놓습니다.
미닉스 신제품 싸게 가져가세요☺️

 ",280000
음식물처리기,미닉스 음식물 처리기,미닉스 더 플렌더 맥스 음식물처리기 판매합니다.,거래완료,"350,000원",문정2동,2026-05-03,5,12,342,49.9℃,슬기로운정석,생활가전,되도록이면 직거래 선호,"미닉스 더 플렌더 맥스 음식물처리기  판매합니다.

모델명: MNFD-200G
제조년월: 2026년1월
특이사항: 
- 선물받고 정상작동되는지 보려고 1회 사용
   음식물이 많이 나오지않아 판매 결정

음식물쓰레기 부피를 획기적으로 줄여주는 제품이에요
내부 통을 분리하여 세척이 간편하고, 
냄새 걱정 없이 사용할 수 있어요
음식물쓰레기 처리 고민이신 분들께 추천드려요

선물받은 박스 그대로 있어서 택배발송도 가능하나
되도록이면 직거래 선호
(경기도 군포 지샘병원 근처)

연락주세요",350000
음식물처리기,미닉스 음식물 처리기,미닉스 음식물처리기 더 플랜더 맥스,거래완료,"250,000원",거여1동,2026-07-02,1,2,174,39.4℃,찰꾼,생활가전,,"미닉스 더 플랜더 맥스 음식물처리기 판매합니다.

실사용 10회 정도 되고, 통세척해서 드려요!

구성 (본체 박스 X)
- 본체 + 필터 장착
- 푸드 컨테이너 2개 (새상품1, 사용품1)
- 활성탄 필터 1개 (새상품)

거래 장소는 채팅 주시면 협의해서 정해요!",250000
음식물처리기,미닉스 음식물 처리기,미닉스 더 플렌더 프로 음식물처리기,거래완료,"320,000원",문정2동,2026-08-01,2,3,104,37.9℃,KM,생활가전,,"미닉스 더 플렌더 프로 음식물처리기 미개봉 새상품이에요
박스 그대로 보관 중이며 구성품 모두 포함되어 있어요
2리터
정품등록 가능
2026년  4월 제품
연락주세요 ",320000
음식물처리기,미닉스 음식물 처리기,[미개봉] 미닉스 음식물처리기 더프렌더 미니 팝니다.,거래완료,"300,000원",송파1동,2026-07-02,1,2,92,38.1℃,아욘,생활/주방,석촌역 송리단길 근처에서 직거래 가능합니다.,"미닉스 더 플렌더 음식물처리기 미니 미개봉 팝니다.
석촌역 송리단길 근처에서 직거래 가능합니다.",300000
음식물처리기,미닉스 음식물 처리기,(새상품) 미닉스 음식물 처리기 가정용 분쇄기 건조기 더플렌더 Basic 팝니다.,거래완료,"250,000원",잠실본동,2026-07-02,1,1,47,52.9℃,웅힝힝,생활가전,무게 때문에 직거래만 합니다.,"https://naver.me/5839pPAE

상세 사항 위 사이트 참고 부탁드립니다.
위 공식 사이트에서 구매했고,
사놓고 안 써서 팝니다. 

뚜껑 테이프도 그대로 붙어 있어요.
상자는 없습니다. 사진 속 구성품만 있어요.

무게 때문에 직거래만 합니다.",250000
음식물처리기,미닉스 음식물 처리기,미닉스 더 플렌더 PRO 음식물처리기 미개봉,거래완료,"330,000원",잠실동,2026-06-02,5,15,239,45.5℃,거북이,생활가전,직거래 잠실엘스163동,"미닉스 더 플렌더 PRO 음식물처리기입니다
직거래 잠실엘스163동 
",330000
음식물처리기,미닉스 음식물 처리기,[26년3월제품 최상] 미닉스 더플렌더 Max 건조분쇄 음식물처리기 가정용 MNFD-200G,거래완료,"280,000원",신천동,2026-08-01,3,5,217,54.6℃,유기템센터,가구/인테리어,"(직거래 시, 예약금 1만원 있습니다)","제조년월 2026년 03월

[상세 사양]

제품명: 미닉스 더플렌더 MAX MNFD-200G
처리 방식: 건조분쇄식(복합건조식)
용량: 3L
크기: W195 x D422 x H341 mm
제품 무게: 9.3 kg
정격 전압: 220 V / 60Hz
소비 전력: 0.9 kW
탈취 방식: 복합탈취필터

[ 제품 상태 ]
 - 전체적 외관 양호하며 클리닝 작업완료함

[ 제품 기능 ]
 - 건조통 칼날 정상 작동함
 - LED 조작부 터치 정상임

(직거래 시, 예약금 1만원 있습니다)
🚀전국 무료배송",280000
음식물처리기,미닉스 음식물 처리기,[26년 5월 제품] 미닉스 더플렌더 Max 건조분쇄 음식물처리기 가정용 MNFD-200G,거래완료,"290,000원",신천동,2026-08-11,1,11,184,54.6℃,유기템센터,생활/주방,"(직거래 시, 예약금 1만원 있습니다)","2607138188

가정용 건조분쇄식 음식물처리기입니다. 
3L 처리용량, 18dB 저소음 설계, 자동처리 및 자동세척 기능을 갖춘 제품입니다.

제조년월 2026.05

제품 상태 : 외관 상태 깔끔함. 내관 모터 부분 일부 오염 있음.

[상세 사양]

모델명: MNFD-200G
처리 방식: 건조분쇄식
처리 용량: 3L
소음: 18dB
정격전압: 220V / 60Hz
소비전력: 900W
크기: 195 x 341 x 422mm
무게: 9.3kg

제품 기능 : 전원 정상 / 터치 정상 / LED 점등 정상 / 수동 조작 모드 정상 / 완전 자동 모드 정상 / 세척 기능 정상 / 건조통 탈부착 기능 정상 / 필터 정상 / 뚜껑 여닫이 정상

(직거래 시, 예약금 1만원 있습니다)
🚀전국 무료배송",290000
음식물처리기,미닉스 음식물 처리기,미닉스 더플렌더 Max 음식물처리기 MNFD-200G 3L,거래완료,"310,000원",잠실본동,2026-06-02,5,4,139,54.6℃,유기템센터,생활/주방,"거래방식: 직거래 및 택배거래 가능, 안전거래 지원","2605123322

본 제품은 **미닉스 더플렌더 Max**로,
가정용 **건조분쇄 방식 음식물처리기**입니다. **3L 용량**의 모델이며, 
친환경 모드와 오토모드, 세척모드를 지원하는 제품입니다.

[상세 사양]
- 모델명: MNFD-200G
- 용량: 3L
- 작동 모드: 친환경 모드, 오토모드, 세척모드
- 제품 형태: 가정용 건조분쇄 음식물처리기

[제품 상태 평가]
- 외관 상태: 외관 검수 결과 문제없으며, 전반적으로 **거의 새것 같은 최상급 상태**입니다.
- 작동 상태: 친환경 모드, 오토모드, 세척모드가 모두 정상 작동합니다.
- 특이사항: 기타 기능 이상은 확인되지 않았습니다.

[포함 구성품]
- 본체
- 기본 구성품
- 사용에 필요한 부속품
- 구성품은 사진 및 실물 기준으로 확인 부탁드립니다.

[거래 조건]
- 거래방식: 직거래 및 택배거래 가능, 안전거래 지원
- 문의사항이 있으시면 연락 부탁드립니다.

🚀무료배송
p.m 12시 전 주문 건 당일발송",310000
음식물처리기,미닉스 음식물 처리기,[26년 4월 제품 최상급] 미닉스 더플렌더 Max 건조분쇄 음식물처리기 가정용 MNFD-200G,거래완료,"330,000원",신천동,2026-07-02,7,5,193,54.6℃,유기템센터,생활/주방,직거래·택배 모두 가능하고 안전거래 지원해요.,"2607078028

미닉스 더플렌더 MAX 음식물처리기 판매합니다.

전체적으로 거의 새것 같은 최상급 상태입니다.
자동세척기능, 음식물 처리 기능,터치 기능 등
성능 정상작동
아주 미세한 사용감만 있음.

[상세사양]

모델명: MNFD-200G
제품 용량: 3L
제품 사이즈: W195 x D422 x H341(mm)
제품 무게: 9.3 kg
소비 전력: 0.9 kW
정격 전압: 220 V / 60Hz
처리 방식: 건조분쇄식 (복합건조식)
주요 기능: 고온 건조, 오토케어, 자동 세척, 교반, 탈취필터, 절전모드, 자동운전

직거래·택배 모두 가능하고 안전거래 지원해요.
궁금한 점 편하게 문의 주세요 😊

(직거래 시, 예약금 1만원 있습니다)

🚀전국 무료배송",330000
음식물처리기,미닉스 음식물 처리기,미닉스 더플렌더 Max 건조분쇄 음식물처리기 3L 가정용,거래완료,"330,000원",잠실6동,2026-07-02,2,2,90,43.6℃,파나세PanaChe,생활/주방,"거래방식: 직거래 및 택배거래 가능, 안전거래 지원됩니다.","[제품 개요]
2605272855
본 제품은 미닉스 더플렌더 Max 건조분쇄 음식물처리기(MNFD-200G)로, 2025년 출시된 최상위 라인업이며 2L 대비 50% 용량이 증대된 3L 대용량 건조통을 탑재합니다. 자동 세척 모드와 오토 모드가 정상 작동하여 다인 가구(4~6인)의 음식물을 한 번에 처리할 수 있는 지능형 케어 시스템이 적용된 제품입니다.

[상세 사양]
- 용량: 3L
- 모델명: MNFD-200G
- 세척 모드: 자동 세척 (1차 세척 포함)
- 악취 제거율: 99.5% 이상 (3중 활성탄 하드락 필터 적용)

[제품 상태 평가]
- 외관 상태: 미세한 생활 스크래치가 있으나 전반적으로 깨끗하며 검수 결과 문제없음입니다[검수 의견].
- 작동 상태: 전원, 세척 모드 및 오토 모드가 정상 작동 확인되었습니다[검수 의견].
- 특이사항: 미세한 사용감이 있는 우수한 상태이며, 새상품과 같은 상태가 아닌 점으로 솔직하게 기재합니다[검수 의견].

[포함 구성품]
- 본체 (미닉스 더플렌더 Max)
- 건조통 (내솥)
- 3중 활성탄 하드락 필터
- 자동 세척 전용 부품
- 제품 사용 설명서

[거래 조건]
- 희망가격: 490100원>>330,000
- 거래방식: 직거래 및 택배거래 가능, 안전거래 지원됩니다.
- 문의사항이 있으시면 연락 부탁드립니다.

♧무료배송
♧주문후 익일 발송(주말 제외)",330000
음식물처리기,미닉스 음식물 처리기,미닉스 더플렌더 MAX 3L 음식물처리기 MNFD-200G 그레이지,거래완료,"290,000원",잠실본동,2026-07-02,0,0,56,54.6℃,유기템센터,생활/주방,"거래방식: 직거래 및 택배거래 가능, 안전거래 지원 (직거래 시, 예약금 1만원 있습니다)","2605120691

미닉스 더플렌더 MAX로, 
가정용 건조분쇄 음식물처리기입니다.
3L 용량의 제품이며, 
친환경 모드와 오토모드, 건조모드, 세척모드를 
지원하는 모델입니다.

[상세 사양]  
- 제품명: 미닉스 더플렌더 MAX
- 모델명: MNFD-200G
- 용량: 3L
- 색상: 그레이지

[제품 상태 평가]  
- 외관 상태: 미세한 사용감이 있는 우수한 상태이며, 스크래치가 확인됩니다.
- 작동 상태: 친환경 모드 및 오토모드 처리가 정상이며, 건조모드와 세척모드도 정상 작동합니다.
- 특이사항: 건조용기 내부 까짐이 존재하며, 이로 인한 사용 흔적이 있습니다.

[거래 조건]  
- 거래방식: 직거래 및 택배거래 가능, 안전거래 지원 (직거래 시, 예약금 1만원 있습니다)

- 문의사항이 있으시면 연락 부탁드립니다.

🚀전국 무료배송",290000
음식물처리기,미닉스 음식물 처리기,[최상급] 미닉스 더플렌더 MAX 3L 음식물처리기 MNFD-200G 그레이지,거래완료,"300,000원",잠실본동,2026-07-02,5,6,210,54.6℃,유기템센터,생활/주방,"거래방식: 직거래 및 택배거래 가능, 안전거래 지원  (직거래 시, 예약금 1만원 있습니다)","2605128518

미닉스 더플렌더 Max로, 
건조분쇄 방식의 가정용 음식물처리기입니다. 
3L 용량의 모델이며, 
터치 조작으로 사용되는 제품입니다.

[상세 사양]  
- 제품명: 미닉스 더플렌더 Max 건조분쇄 음식물처리기 가정용  
- 모델명: MNFD-200G  
- 용량: 3L  
- 색상: 그레이지  

[제품 상태 평가]  
- 외관 상태: 외관 검수 결과 문제없으며, 사용감이 적은 새것 같은 상태입니다.  
- 작동 상태: 터치 버튼, 믹서 기능, 가열 기능이 모두 정상입니다.  
- 특이사항: 내솥은 새 상품입니다.

[거래 조건]  
- 거래방식: 직거래 및 택배거래 가능, 안전거래 지원  (직거래 시, 예약금 1만원 있습니다)

- 문의사항이 있으시면 연락 부탁드립니다.

🚀전국 무료배송",300000
음식물처리기,미닉스 음식물 처리기,미닉스 더플렌더 Max 3L 건조분쇄 음식물처리기,거래완료,"340,000원",잠실본동,2026-07-02,0,0,21,54.6℃,유기템센터,생활/주방,"거래방식: 직거래 및 택배거래 가능, 안전거래 지원 (직거래 시, 예약금 1만원 있습니다)","2605128180

미닉스 더플렌더 Max 입니다.
가정용 건조분쇄 방식의 음식물처리기입니다. 
주방에서 음식물 처리에 필요한 건조 기능과 
내부 프로펠러 작동을 지원하는 제품입니다.

[상세 사양]
- 모델명: MNFD-200G
- 제품명: 더플렌더 Max
- 방식: 건조분쇄
- 용도: 가정용

[제품 상태 평가]
- 외관 상태: 외관 검수 결과 문제없으며, 매우 깨끗한 상태입니다.
- 작동 상태: 건조 기능으로 내부 가열이 정상 작동하며, 내부 프로펠러 기능도 정상 작동합니다.
- 특이사항: 내부 용기 사용감이 거의 없는 편이나, 중고 제품 특성상 미세한 사용감은 있을 수 있습니다.

[거래 조건]
- 거래방식: 직거래 및 택배거래 가능, 안전거래 지원 (직거래 시, 예약금 1만원 있습니다)

- 문의사항이 있으시면 연락 부탁드립니다.

🚀전국 무료배송",340000
음식물처리기,미닉스 음식물 처리기,[26년 4월 제품] 미닉스 더플렌더 Max 건조분쇄 음식물처리기 가정용 MNFD-200G,거래완료,"310,000원",신천동,2026-07-02,3,0,89,54.6℃,유기템센터,생활/주방,직거래·택배 모두 가능하고 안전거래 지원해요.,"2605277291

미닉스 더플렌더 MAX 음식물처리기 판매합니다.

[상세사양]
모델명: MNFD-200G
처리 용량: 3L
제품 사이즈: W195 x D422 x H341 (mm)
제품 무게: 9.3 kg
소비 전력: 0.9 kW

3L 대용량 건조분쇄식이라 
음식물쓰레기 냄새·관리 걱정 없어요.
자동보관·자동세척·자동절전에 
음소거 모드까지 있어서 편하게 쓸 수 있어요.
미세한 사용감 외엔 전체적으로 깨끗하고 
모든 기능 정상 작동합니다.

직거래·택배 모두 가능하고 안전거래 지원해요.
궁금한 점 편하게 문의 주세요 😊

(직거래 시, 예약금 1만원 있습니다)

🚀전국 무료배송",310000
음식물처리기,미닉스 음식물 처리기,미닉스 더플렌더 MAX 건조분쇄 음식물처리기 그레이지 MNFD-200G,거래완료,"330,000원",잠실6동,2026-07-02,1,2,134,43.6℃,파나세PanaChe,생활/주방,"거래방식: 직거래 및 택배거래 가능, 안전거래 지원","[제품 개요]2605267725
본 제품은 미닉스 더플렌더 MAX 건조분쇄 음식물처리기 그레이지 MNFD-200G 가정용-065로, 건조분쇄식 처리 방식을 통해 음식물을 효율적으로 분쇄 및 건조하여 처리합니다. 복합탈취필터를 적용하여 냄새를 차단하며, 터치 조작과 세척모드를 지원하여 사용자 편의성을 높입니다.

[상세 사양]
- 브랜드: 미닉스 (Minix)
- 모델명: 더플렌더 MAX MNFD-200G
- 처리 방식: 건조분쇄식 (복합건조식)
- 탈취 방법: 복합탈취필터

[제품 상태 평가]
- 외관 상태: 건조통 상단 및 뚜껜 잠금장치 부위에 스크래치가 확인되나, 미세한 사용 흔적 외 전반적으로 양호한 상태입니다.
- 작동 상태: 전원 및 작동, 분쇄 및 건조, 세척모드, 터치 조작 등 주요 기능에 이상 없음으로 정상 작동합니다.
- 특이사항: 건조통 코팅 손상을 방지하기 위해 전분기가 많은 떡이나 밥을 단독으로 처리하지 않도록 주의해야 합니다.

[포함 구성품]
- 본체 (건조통, 뚜껑, 잠금장치 포함)
- 복합탈취필터
- 전원 코드
- 사용자 매뉴얼
- 모든 구성품이 누락 없이 포함됩니다.

[거래 조건]
- 희망가격: 487200원
- 거래방식: 직거래 및 택배거래 가능, 안전거래 지원
- 문의사항이 있으시면 연락 부탁드립니다.",330000
음식물처리기,미닉스 음식물 처리기,[최상급] 미닉스 더플렌더 Max 3L 건조분쇄 음식물처리기,거래완료,"300,000원",신천동,2026-07-02,3,10,325,54.6℃,유기템센터,생활/주방,"거래방식: 직거래 및 택배거래 가능, 안전거래 지원 (직거래 시, 예약금 1만원 있습니다)","2605274376

26년 4월 제품

미닉스 더플렌더 Max로, 
가정용 건조분쇄형 음식물처리기입니다. 
좁은 공간에서도 사용할 수 있도록 
설계된 제품이며, 
3L 처리 용량을 갖춘 모델입니다.

[상세 사양]
- 모델명: MNFD-200G
- 처리 방식: 건조분쇄형
- 용량: 3L
- 제품 색상: 그레이지

[제품 상태 평가]
- 외관 상태: 외부 사용감이 없으며, 외관 검수 결과 문제없음으로 확인됩니다.
- 작동 상태: 전원 및 버튼 조작이 정상이며, 세척모드와 오토모드 기능도 정상 작동합니다.
- 특이사항: 구성품 누락이 없으며, 전체 크리닝이 진행된 상태입니다.

[거래 조건]
- 거래방식: 직거래 및 택배거래 가능, 안전거래 지원 (직거래 시, 예약금 1만원 있습니다)

- 문의사항이 있으시면 연락 부탁드립니다.

🚀전국 무료배송",300000
음식물처리기,미닉스 음식물 처리기,"미닉스 더플렌더 MAX(MNFD-200G) 건조분쇄 음식물처리기,새것 같은 최상급, 무료배송",거래완료,"370,000원",잠실6동,2026-06-02,1,1,88,43.6℃,파나세PanaChe,생활/주방,"거래방식: 직거래 및 택배거래 가능, 안전거래 지원","2604220329

[제품 개요]  
본 제품은 미닉스 더플렌더 MAX(MNFD-200G) 건조분쇄 음식물처리기로, 가정용 음식물 쓰레기 처리에 최적화된 그레이지 컬러의 제품입니다. 내부에서 고온 열풍으로 수분을 먼저 건조한 뒤, 3세대 블레이드로 최종 분쇄하는 방식으로, 음식물 부피를 약 90%까지 감소시키는 기능을 제공합니다.  

[상세 사양]  
- 모델명: 미닉스 더플렌더 MAX (MNFD-200G)  
- 용량: 3L  
- 외형 크기: 가로 약 19.5cm 슬림 사이즈  
- 방식: 열풍 건조 후 분쇄(건조형)  
- 필터: 3중 활성탄 하드락 필터 적용  
- 처리 방식: 무게, 온도, 습도를 자동 감지하여 최적의 처리 시간 조절(지능형 케어 시스템)  

[제품 상태 평가]  
- 외관 상태: 전반적으로 거의 새것 같은 최상급 상태이며, 사용 흔적은 거의 없고, 일부 생활기스가 있으나 기능에 영향을 주지 않습니다.  
- 작동 상태: 전원 및 작동, 세척모드, 터치버튼, 인디케이터 등 모든 기능이 정상적으로 확인되어 정상 작동합니다.  
- 특이사항: 특이사항 없음  

[포함 구성품]  
- 본체(미닉스 더플렌더 MAX MNFD-200G)  
- 전용 하드락 필터(필터 포함 상태 확인)  
- 전원 어댑터 및 사용설명서(기본 구성품 모두 누락 없음)  

[거래 조건]  
- 희망가격: 487900원>>370,000
- 거래방식: 직거래 및 택배거래 가능, 안전거래 지원  
- 문의사항이 있으시면 연락 부탁드립니다.

♧안심결제로 택배거래 선호합니다.
    (‼️직거래시 예약금 있습니다.)

    [직거래 가능 장소]
    송파구 잠실 장미상가 
    성남시 성남종합운동장 인근
    가산디지털단지역 인근

♧무료배송
♧주문후 익일 발송(주말 제외)",370000
음식물처리기,미닉스 음식물 처리기,미닉스 더 플렌더 프로 음식물처리기 그레이지,거래완료,"330,000원",잠실2동,2026-05-03,4,7,144,48.1℃,원공,생활가전,,"미닉스 더 플렌더 프로 음식물처리기 그레이지 색상이에요
사진에서 보시는 것처럼 구성품 모두 뜯지도 않은 새거예여

친할머니꺼  외할머니꺼 두세트 샀다가 
어르신들이라 쓰기 어렵다고만 생각하시네요ㅜㅜ

음식물 쓰레기 처리 고민을 덜어줄 똑똑한 제품이랍니다",330000
음식물처리기,미닉스 음식물 처리기,미닉스 더 플랜더 맥스 3L 음식물처리기 (미개봉),거래완료,"340,000원",잠실3동,2026-05-03,2,4,130,42.3℃,그레이전,생활가전,,"미닉스 더 플랜더 맥스 3L 음식물처리기 그레이지 색상이에요
음식물 쓰레기 걱정 없이 깔끔한 주방을 만들어보세요
박스 미개봉 새 제품으로 선물용으로도 좋아요
음식물 쓰레기 처리 고민을 덜어줄 똑똑한 주방템이랍니다",340000
음식물처리기,미닉스 음식물 처리기,미닉스 더플렌더 음식물처리기 베이직,거래완료,"140,000원",송파동,2026-05-03,1,10,410,37.1℃,냥냥,생활가전,,"미닉스 더플렌더 베이직입니다
26년 5/5까지 보증 가능하여 구매 후 새거처럼 a/s 맡기고 사용하셔도 돼요. 솥은 최근에 갈았습니다
필터 무료로 같이 드리니 가지러 오셔야해요",140000
음식물처리기,미닉스 음식물 처리기,음식물 처리기 (미닉스 더 플렌더 맥스)(4월17일 구매)(1회 사용),거래완료,"300,000원",오륜동,2026-05-03,3,2,76,41.3℃,퀭주,생활가전,,"26년 4월 제조 최신 제품입니다. 1회 사용하였고 전체적으로 상태 좋아요 😊

음식물 쓰레기 처리 번거로움 확 줄여주는 아이템이라 자취방, 신혼집, 가정집 어디든 만족도 높습니다. 깔끔한 화이트 디자인이라 주방에 두어도 인테리어 해치지 않아요.

✔️ 모델명: MNFD-200G (미닉스 더 플렌더 맥스)
✔️ 3L 용량
✔️ 내솥 깔끔
✔️ 1회 사용하였으나 살짝 사용감 있음
✔️ 220V / 소비전력 0.9kW
✔️ 26년 4월 제조

- 사보이시티 잠실 오피스텔 거래 희망",300000
음식물처리기,미닉스 음식물 처리기,미닉스 더플렌더 음식물 처리기,거래완료,"100,000원",잠실동,2026-05-03,2,5,416,50.9℃,duck,생활가전,"문고리거래, 직거래 모두 가능합니다","미닉스 더플렌더 음식물 처리기
-모델명: MNFD-100G
-용량: 2L
-처리방식: 건조+분쇄

✅24년에 구매하여 약 2년 정도 사용
✅필터는 4달전에 교체함
(필터만 새로 구입해 교체후 사용하시길 추천)
✅사용감 있음. 사진 상세히 확인해주세요‼️
1)내솥안에 일부 코팅 벗겨짐
2)붉은색배임 

🎀 잘 건조되고 분쇄됩니다 정상작동 이상없음 ‼️

이 처리기를 써보니 물기가 많은 음식을 넣을 경우
건조가 잘안되어 질퍽하게 뭉쳐집니다
국물은 따로 싱크대에 버리고 건더기만 넣고 작동시키길 추천합니다  (고장이 아님을 말씀드리는 겁니다)

🎀 1,2인 가구에 추천드리며
가루로 분쇄되어 음식물 버리는게 너무 간편했습니다
사용하면서 너무 만족스러웠던 가전으로
가정 필수품이라 생각됩니다

🎀 내,외부 손닿는곳 모두 세척완료

📌 무게가 있어 택배거래는 안될거같고
문고리거래, 직거래 모두 가능합니다
📌 중고인점 감안해주시고 교환환불 불가",100000
음식물처리기,미닉스 음식물 처리기,미닉스 더 플랜더 맥스 음식물처리기 팔아요,거래완료,"400,000원",방이1동,2026-05-03,1,0,50,41.1℃,만나면좋은친구,생활가전,,"미닉스 더 플랜더 맥스 음식물처리기 MNFD-200G 모델입니다

- 음식물 쓰레기 냄새를 확실히 잡아줘서 쾌적한 주방 환경을 만들어 줍니다
- 스마트 보관 기능으로 더욱 편리하게 사용 가능합니다
- 3L MAX 용량
- 제품 색상은 그레이지입니다
- 220V

음식물처리기를 이미 보유중인데
선물받았습니다
필요하신 분 가져가세요

장소는 거래확정시 알려드립니다
무게가 있으니 차로 오셔야합니다",400000
음식물처리기,미닉스 음식물 처리기,미닉스 더 플렌더 PRO 음식물 처리기 가정용,거래완료,"280,000원",방이1동,2026-04-03,3,13,251,46.2℃,영영,생활가전,직거래 가능한분 편하게 연락 주세요,"미닉스 음식물 처리기 판매합니다 !
25년 6월 구매했고 
사용은 5회 미만입니다!

집에서 음식을 잘 안 해먹어서 
사용할 일이 없어 판매합니다! 
깔끔하게 사용했고 상태 좋아요 🤍

직거래 가능한분 편하게 연락 주세요",280000
음식물처리기,미닉스 음식물 처리기,미닉스 음식물처리기 더플렌더 MAX MNFD-200G,거래완료,"310,000원",잠실동,2026-04-03,4,4,176,69.6℃,바야,생활가전,,"3L 용량의 최신상 미닉스 음식물처리기 더플렌더 MAX 건조기예요
프로보다 비싼만큼 성능이 더 좋습니다.
사진에서 보이는 것처럼 깔끔한 상태를 유지하고 있어요
음식물 쓰레기 부피를 획기적으로 줄여주는 똑똑한 제품이랍니다

한번 사용했습니다.
제조일 5025년11월

상부 외부뚜껑에 미세한 기스있는데 사진처럼 자세히 안보면 잘 안보입니다.
성능에는 전혀 지장없습니다 
감안해서 싸게 올립니다.
상기 이유로 반품안됩니다.

여러 말하고 나중에 깍아달라는 분들 톡은 사양합니다.피곤해요.
",310000
음식물처리기,미닉스 음식물 처리기,미닉스 음식물 처리기 pro 건조통 내솥,거래완료,"19,000원",문정동,2026-04-03,1,1,67,39.6℃,네에,생활가전,,"내솥에 뼈가 끼어서 고장나는바람에 새로운 내솥을 주문했는데
제가 가지고 있는제품은 Basic모델인데
pro로 잘못 주문해서 당근올려요ㅠ


잘못 주문한줄 모르고 1번만 사용한 상품이에요!
원래 배송올때 붙혀있었던 테이프까지 붙혀드려요 :)",19000
음식물처리기,미닉스 음식물 처리기,음식물처리기 1등 브랜드 미닉스 더 플렌더 MAX 3리터 판매합니다.,거래완료,"380,000원",잠실동,2026-04-03,3,5,266,36.7℃,유튜브감상중,생활가전,,"음식물처리기 1등 브랜드 미닉스 더 플렌더 MAX 3리터 판매합니다.
26년 3월에 구입한 정품 신상품입니다.

1번 사용하였고, 세척하여 깨끗한 상태입니다.
사용중 소음이 거의 없고, 냄새도 안나는 음식물처리기입니다.

작동이 매우 잘 되고 미닉스 공식몰에 정품 인증 가능하여 A/S와 혜택을 받을 수 있습니다.

1인가구인데 구매하였다가 과한 것 같아 판매합니다. MAX 넉넉한 사이즈로 2인이상가구 적극 추천합니다.

구매하시면 추가로 새 필터 1개를 함께 드립니다.",380000
음식물처리기,미닉스 음식물 처리기,미닉스 더플렌더 MAX MNFD-200G,거래완료,"380,000원",잠실동,2026-04-03,1,0,98,69.6℃,바야,생활가전,,"미닉스 더플렌더 MAX 음식물처리기 MNFD-200G 모델입니다
- 3L 용량으로 넉넉하게 사용 가능해요
- 음식물 쓰레기를 쉽고 빠르게 처리할 수 있습니다
- 냄새 걱정 없이 위생적으로 사용할 수 있어요
분쇄건조 방식으로 작동하며, 박스와 모든 구성품이 포함되어 있습니다 거의 새 제품과 같은 상태입니다
정품보증카드도 그대로 있습니다.

1회 사용하고 청소 싹 해놓았습니다.
2025년11월제조",380000
음식물처리기,미닉스 음식물 처리기,새상품)미닉스 더 플렌더 PRO 음식물처리기 새제품,거래완료,"350,000원",가락2동,2026-04-03,2,7,178,47.2℃,로디,생활가전,,"미닉스 더 플렌더 PRO 음식물처리기 새상품입니다
미닉스 더 플랜더 프로
박스 개봉해서 외관만 보고 그대로 넣어둔 새상품입니다
제품 내 비닐은 손도 안댔습니다

모델명 품번 MNFD-120G
색상 그레이지

제품상세링크 첨부합니다 

쿠팡을 추천합니다!
미닉스 더 플렌더 PRO 음식물 처리기 가정용
https://link.coupang.com/a/d31AgK",350000
음식물처리기,미닉스 음식물 처리기,미닉스 음식물처리기 더플렌더 MAX (3L) 판매,거래완료,"250,000원",잠실4동,2026-04-03,4,1,100,40.4℃,앙꼬,생활가전,무게가 있고 전자제품이라 직거래만 합니다.,"미닉스 음식물처리기 더플렌더 MAX 3L

- 1~2번 정도 사용한 거의 새제품입니다.

  음식물 쓰레기가 많지 않아 사용을 잘한게 되어 판매합니다.

- 특징
•3L 대용량
•건조 + 분쇄 방식으로 냄새와 부피 줄어듬 
•3-4인 가정용으로 사용하기 편함
•품질보증 2년 (이벤트 기간 품질보증 기간 연장함) 

-구매가 49만원대 

- 무게가 있고 전자제품이라 직거래만 합니다. 

- 상태 매우 좋습니다. 바로 사용 가능합니다.",250000
음식물처리기,미닉스 음식물 처리기,미닉스 더 플렌더 MAX 음식물처리기 새상품,거래완료,"430,000원",신천동,2026-04-03,1,0,84,62.4℃,참치회장,생활가전,,"미닉스 더 플렌더 MAX 음식물처리기입니다
- 3L 용량

+미닉스 푸드컨테이너, 하드필터
추가로 드립니다

오늘 배송 되는 제품인데 이사온집에 음식물처리기가 있어서 팝니다 ㅠ",430000
음식물처리기,미닉스 음식물 처리기,미닉스 더 플렌더 맥스 음식물처리기 새상품,거래완료,"300,000원",문정동,2026-04-03,2,7,283,42.9℃,aathiel,생활가전,직거래만 가능합니다. 네고 사절.,"미닉스 더 플렌더 맥스 음식물처리기 새상품입니다
- 음식물 처리 용이
- 3L 용량
- 색상: 그레이지
- 정격전압: 220V, 60Hz

선물받았고 사진과 같이 뜯지도 않은 포장 그대로 입니다. 온라인에서 50만원 정도 하는데 네고없이 30만원에 올려봅니다.

직거래만 가능합니다. 네고 사절.",300000
음식물처리기,미닉스 음식물 처리기,미닉스 더 플렌더 음식물처리기 + 정품 리필 필터 새거2개,거래완료,"160,000원",가락동,2026-04-03,0,6,292,42.3℃,4ever,생활가전,,"24년도 제품
실 사용은 많지는 않습니다.

필터 넣는 부분 사진 확인해주세요
(예민하신분 피해주세요)
기존 리필 필터 뚜껑? 부분 일부 파손 있는데
사용하는데 문제 없습니다

반품 불가하니
구매하실분만 연락주세요
",160000
음식물처리기,미닉스 음식물 처리기,미닉스 더플렌더 음식물처리기 MNFD-100G 송파,거래완료,"250,000원",삼전동,2026-04-03,1,1,68,44.5℃,carrot,생활가전,,"미닉스 더플렌더 음식물처리기 MNFD-100G 모델입니다
- 음식물 쓰레기를 쉽고 빠르게 처리할 수 있습니다
- 냄새 걱정 없이 깔끔하게 사용할 수 있습니다
- 가정에서 사용하기 편리한 크기입니다

실사용 5회 이하 직접 오셔서 가져가셔야해요
네고가능",250000
음식물처리기,미닉스 음식물 처리기,미닉스 음식물처리기 판매합니다 송파,거래완료,"100,000원",삼전동,2026-03-04,3,0,209,41.1℃,바나나빵,생활가전,,,100000
음식물처리기,미닉스 음식물 처리기,미닉스 더 플랜더 음식물처리기 MNFD-100G,거래완료,"200,000원",문정동,2026-03-04,1,10,165,45.3℃,루루,생활가전,힐스테이트이편한세상문정 문고리거래,"미닉스 더 플랜더 음식물처리기 MNFD-100G 모델입니다

사용은 5번 이내로 사용했으며, 
상태는 사진과 같이 양호합니다

내솥은 사용감 있는데, 사용하시는덴 전혀문제없어요 

힐스테이트이편한세상문정 문고리거래",200000
음식물처리기,미닉스 음식물 처리기,최신버전 3L 미닉스 더 플랜더 MAX 음식물처리기 새상품,거래완료,"430,000원",잠실동,2026-03-04,2,6,246,58.9℃,seoul,생활가전,,"미닉스 더 플랜더 MAX 음식물처리기 새상품입니다
최신상 3L MAX 모델이며 박스에 포장되어 있습니다
음식물 처리 고민을 해결해 줄 제품입니다",430000
음식물처리기,미닉스 음식물 처리기,미닉스 더 플렌더 음식물처리기(정품필터 1개도 드림),거래완료,"180,000원",장지동,2026-03-04,1,3,150,46℃,Jy,생활가전,무거우므로 문고리 거래 원함.,"미닉스 더 플렌더 음식물처리기 판매합니다
1년정도 썼구요. 작동 잘돼요.
((+필터도 1개 드립니다.))

음식물 처리기는 중고로 사세용!!
안에 내솥은 사용감 있어서 한번 바꾸셔도 될것같아요 
미닉스 홈페이지에 4만원대 더라구요.~

- 처리 시간은 4~6시간이며, 소음은 19.9dB로 조용합니다.
-컴팩트한 사이즈로 주방에 놓기 좋아요.
-사진에 첨부했는데 미닉스에서 산 정품제품입니다.
-중고거래이므로 환불 안됨.
-당근 페이로 원함.
-무거우므로 문고리 거래 원함.
",180000
음식물처리기,미닉스 음식물 처리기,미닉스 더플렌더 음식물 처리기,거래완료,"260,000원",송파2동,2026-01-03,2,15,809,69.2℃,Ryan,생활가전,무게와 부피때문에 직거래만 가능합니다.,"모델명은 MNFD-100G 모델입니다
제조년월은 24년 6월 입니다

테스트로 한두번 쓴게 전부라
사진과 같이 사용감 거의 없습니다.

박스는 없고 본품만 있어요

무게와 부피때문에 직거래만 가능합니다.
서울특별시 송파구 오금로 32길 42 현대아파트",260000
음식물처리기,미닉스 음식물 처리기,미닉스 음식물처리기 화이트,거래완료,"140,000원",방이1동,2026-03-04,1,2,200,52.2℃,수리수리마수리,생활가전,,"미닉스 음식물처리기입니다
- 음식물 쓰레기 냄새 걱정 없이 깔끔하게 처리할 수 있습니다
- 음식물 보관 기능으로 편리하게 사용 가능합니다
- 2L 용량입니다

[2L] 미닉스 음식물 처리기 더플렌더 PRO 가정용 분쇄기 건조기 MNFD-120G",140000
음식물처리기,미닉스 음식물 처리기,미닉스 더 플렌더 맥스 음식물처리기 MNFD-200G 그레이지,거래완료,"405,000원",잠실7동,2026-02-02,2,11,328,37.1℃,118135,생활가전,,"특별 가격조정합니다  ~~~              미닉스 더 플렌더 맥스 음식물처리기 MNFD-200G 그레이지 색상입니다
 KC 인증을 받은 안전한 제품이에요
음식물 쓰레기를 90% 이상 감량해주는 강력한 성능을 자랑하며, 냄새 걱정 없이 쾌적하게 사용할 수 있습니다
220V 60Hz, 200W의 스펙을 가지고 있어요
새상품으로 상태 매우 깨끗하며, 박스와 구성품 모두 포함되어 있습니다
새로 구입한 신상품입니다 
박스에 그대로 넣어서드립니다
제가 갑자기 이사가게되어 아쉽지만 양도하려합니다~구입가격  53만원
",405000
음식물처리기,미닉스 음식물 처리기,미닉스 더 플렌더 프로 음식물처리기 그레이 미개봉,거래완료,"320,000원",장지동,2026-02-02,4,5,152,47.4℃,초코송이,생활가전,,"미닉스 더 플렌더 프로 음식물처리기 
그레이 색상 미개봉 새상품이고
모델명은 MNFD-120G 입니다
다른 걸 선물받아서 내놔요!!
주말만 거래가 가능한점 참고 부탁드려요 :)!",320000
음식물처리기,미닉스 음식물 처리기,미닉스 더 플렌더 음식물처리기 MNFD-100G 하남,거래완료,"230,000원",위례동,2026-02-02,1,0,88,42.7℃,심플리,생활가전,,"미닉스 더 플렌더 음식물처리기 MNFD-100G 모델입니다
24년 7월 제조된 제품으로 
10회 정도 사용했고 깨끗한 상태입니다.

박스는 없고 본품만 있습니다.
필터 따로 구매하시어 교체하시면 좋을듯 합니다.",230000
음식물처리기,미닉스 음식물 처리기,"미닉스 더 플렌더 프로 음식물처리기(미사용품)+푸드컨테이너, 하드필터 포함",거래완료,"340,000원",잠실동,2026-02-02,4,3,131,41.3℃,리린,생활가전,"잠실엘스 서문에서 직거래 가능하며,","미닉스 더 플렌더 프로 음식물처리기 미사용 새 제품입니다.

여분 활성탄 필터 1개 + 2L 음식물 컨테이너를 함께 드립니다. 이 둘은 미개봉이며, 사진과 같은 구성입니다! 

본체 박스는 부피가 커서 없지만
필터 비닐도 뜯지 않은 새 거예요!

- 제조연월: 25년 7월
-모델명:MNFD-120G

잠실엘스 서문에서 직거래 가능하며, 
시간 조율이 어려우실 경우 선입금 후 비대면 문고리도 가능합니다. (주차등록 가능)
무게가 있어 택배는 어려울 것 같아요🥲

당근페이 가능합니다!
",340000
음식물처리기,미닉스 음식물 처리기,미닉스 더 플렌더 음식물처리기 아이보리,거래완료,"130,000원",문정동,2026-02-02,2,3,352,0℃,하돌이,생활가전,,"미닉스 더 플렌더 음식물처리기 아이보리색상입니다
겉은 아주 깨끗하며 안엔 사용감 있습니다
음식물처리기 특성상 소비기한 정보는 없습니다",130000
음식물처리기,미닉스 음식물 처리기,미닉스 더 플렌더 음식물 처리기 MNFD-100G 그레이지,거래완료,"100,000원",방이1동,2026-02-02,6,6,333,41.6℃,방가방가,생활/주방,,"미닉스 더 플렌더 음식물 처리기 MNFD-100G 그레이지 색상 판매합니다.
제조년월은 25년 3월로 확인되며, KC 인증을 받은 제품입니다.
음식물 쓰레기를 냄새 걱정 없이 깔끔하게 처리해주는 제품이에요.
콤팩트한 디자인으로 주방 어디에 두어도 잘 어울리며, 저소음 설계로 조용하게 작동하는 것이 장점입니다.
용량은 2리터입니다. 안에 청소가 안되잇어 싸게 올립니다 안에는 세척만해서 쓰시면 됩니다 작동은 이상없습니다 귀찮아서 싸게 올려요",100000
음식물처리기,미닉스 음식물 처리기,(미개봉+필터2개)미닉스 더플렌더 PRO 음식물처리기,거래완료,"380,000원",신천동,2026-02-02,2,0,66,62.4℃,참치회장,생활/주방,,"미개봉 미닉스 더플렌더 PRO 음식물처리기입니다. 배송 온 박스채로 드립니다! 단숨변심이여서 박스 뜯지도 않았 습니다
사은품으로 온 필터2개 모두 드립니다.",380000
음식물처리기,미닉스 음식물 처리기,미닉스 더플렌더 프로 음식물처리기 새상품,거래완료,"285,000원",거여동,2026-02-02,1,3,156,40.6℃,중고거래환불불가,생활가전,,"미닉스 더플렌더 프로 음식물처리기 
- 음식물 쓰레기를 쉽고 빠르게 처리할 수 있습니다
- 냄새 걱정 없이 깔끔하게 사용할 수 있습니다
- 필터 포함 2개 추가구매했어요 


현 새상품 429000

필터추가 구성 2개 37600 포함 
총466000원 입니다 정가기준

5회정도 사용했어요 

ㅡㅡㅡㅡㅡㅡㅡㅡㅡㅡ


미생물 안넣어도 되고
소음도 적어요 

네이버에 미닉스 음식물처리기 검색하면 
설명 잘나와있어요^^

https://naver.me/x3jKoiJs",285000
음식물처리기,미닉스 음식물 처리기,미닉스 더 플랜더 음식물처리기 MNFD-100G,거래완료,"150,000원",위례동,2026-04-04,3,12,513,57.8℃,레몬트리,생활가전,,"미닉스 더 플랜더 음식물처리기 MNFD-100G 모델입니다
음식물 쓰레기를 빠르고 효율적으로 처리할 수 있습니다
- 냄새 없이 위생적인 관리가 가능합니다
- 2L 용량으로 가정에서 사용하기에 적합합니다

몇번사용안했습니다.",150000
음식물처리기,미닉스 음식물 처리기,미닉스 음식물처리기,거래완료,"190,000원",위례동,2026-01-04,1,0,77,43.6℃,오드리맘맘,생활가전,,"미닉스 음식물 처리기 판매해요
올해 초 구입했고 실사용은 10회 미만이나 특성상 
중고이니 사용감이 좀 있으니 예민하신분은 피해주세요 
사용 간편하고 조작이 간단해서 설명서는 인터넷 참조해서 사용하시면 됩니다
 
비싸게 새거 사시지말고 데려가세요 
어차피 한두번 쓰면 비슷해집니다^^

",190000
음식물처리기,미닉스 음식물 처리기,미닉스 더 플렌더 프로 음식물처리기,거래완료,"330,000원",송파동,2026-01-03,1,0,,37.8℃,엔비파파,생활가전,,"미닉스 더 플렌더 프로 음식물처리기입니다
색상은 그레이지이고, 모델명은 MNFD-120G입니다

개봉 안한 새제품입니다.

",330000
음식물처리기,미닉스 음식물 처리기,미닉스 pro 음식물처리기 새상품,거래완료,"340,000원",오금동,2026-01-03,1,2,80,39.7℃,네고반품진상사절xxx,생활가전,,"미닉스 음식물쓰레기 처리기 입니다
궁금해서 박스만 개봉해본 씰 그대로 붙어있는 새상품입니다
박스째로 있고 스티리폼 그대로 있습니다 
기계 들어있던 투명한 비닐봉지는 손톱에 찢어져서 버렸습니다

",340000
음식물처리기,미닉스 음식물 처리기,미닉스 더플렌더 음식물처리기,거래완료,"100,000원",잠실3동,2025-12-04,2,3,210,52.9℃,유칼립투스,생활가전,문고리거래 선호,"미닉스 음식물처리기입니다
2년전 구입
사용감 있어요

내솥은 따로 구입할 수 있는걸로 알고있습니다

활성탄 필터 새거 하나 같이 드립니다

작동은 잘 됩니다

교환, 환불X

문고리거래 선호",100000
음식물처리기,미닉스 음식물 처리기,미닉스 더 플랜더 프로 음식물처리기 MNFD-120G,거래완료,"270,000원",위례동,2025-12-04,1,2,57,65.7℃,당근이쥬,생활가전,,"미닉스 더 플랜더 프로 음식물처리기 MNFD-120G 모델입니다

- 음식물 쓰레기 냄새 걱정 없이 위생적인 관리가 가능합니다
- 220V, 60Hz, 0.5kWh

사용량이 적어서 내솥상태도 좋고 작동은 물론
잘됩니다!
집에서 음식을 별로 안해먹어서 필요가 없어서
판매합니다.",270000
음식물처리기,미닉스 음식물 처리기,미닉스 음식물처리기 판매합니다~,거래완료,"200,000원",문정1동,2025-12-04,1,5,289,39℃,수통골돌짜장,생활/주방,문고리거래 희망하며 직접 가져가셔야돼요!,"미닉스 음식물처리기 팝니다~

올해 상반기에 사서 몇번 사용하다 안 쓰게 되어 판매합니다
음식물처리 후 잔여물 보관하는 통도 같이 드려요~!

문고리거래 희망하며 직접 가져가셔야돼요!",200000
음식물처리기,미닉스 음식물 처리기,미닉스 더플렌더 음식물 처리기 송파,거래완료,"250,000원",삼전동,2025-12-04,1,2,66,51.7℃,콩콩,생활가전,,"구매후 10 회 미만 소량으로 사용해서 제품상태 좋습니다. 집에서 밥을 잘 해먹지 않아서 사용할 일이 없어서 내놓습니다. 
",250000
음식물처리기,미닉스 음식물 처리기,미닉스 음식물처리기 더 플렌더,거래완료,"190,000원",잠실본동,2025-11-04,5,23,632,48.6℃,돌고래,생활가전,,"작년 신혼때 까사림공구 신상 정품구매 반년정도 쓰고 빈집 놔뒀다가 이사오면서 음쓰통 가까워져서 자주 버 리게되서 안써서 내놓아요

필터 교체후 두번 사용했고

새제품 사제필터도 하나 드립니다.",190000
음식물처리기,미닉스 음식물 처리기,미닉스 더플랜더 음식물처리기 MNFD-100,거래완료,"240,000원",송파동,2025-11-04,1,0,70,41.3℃,개미입니다,생활/주방,,"미닉스 더플랜더 음식물처리기 MNFD-100 판매합니다

- 냄새 걱정 없이 음식물 쓰레기를 처리할 수 있어 편리합니다
- 음식물 쓰레기 봉투를 자주 비우지 않아도 됩니다
- 더플랜더 3중 리필 필터 새 제품도 함께 드립니다
- 구매 가격은 40만원 정도입니다

생활 기스 약간 있습니다",240000
음식물처리기,미닉스 음식물 처리기,미닉스 더플렌더 음식물처리기 MNFD-100G,거래완료,"200,000원",가락1동,2025-10-05,3,12,336,78.5℃,알뜰,생활가전,,"- 제품명: 미닉스 더플렌더 음식물처리기
- 모델명: MNFD-100G
- 푸드컨테이너 포함

흙처럼 만들어줘서 편하고 벌레도 안생겨서 좋은데
집에서 요리를 안해서 사용빈도가 낮아 판매해요~
무게가 있어 가지러 오셔야 해요
비대면 거래도 가능합니다",200000
음식물처리기,미닉스 음식물 처리기,미닉스 더 플렌더 음식물처리기,거래완료,"240,000원",오금동,2025-09-01,4,2,192,37.5℃,단촐하게,생활가전,,"안녕하세요
미닉스 음식물처리기( 2리터) 판매합니다
상태좋습니다

구입후  다섯번정도 사용하고 보관해왔습니다
저희 집에는 용량이 조금 작아서 더 큰것으로
구입하고 내놓습니다

국내생산이고  집안 어디에 놓아도 어울립니다
조용하고  냄새 안나고  품질도 좋습니다

* 푸드컨테이너와  필터한팩 드립니다",240000
음식물처리기,미닉스 음식물 처리기,미닉스 더플렌더 음식물처리기,거래완료,"200,000원",가락1동,2026-02-02,2,31,714,57℃,으니지니v,생활가전,,"모델명 : MNFD-100G
용량 : 2리터
제조년월 : 24년 9월

45만원정도에 구매하였고 실사용 5회미만입니다.
음식을 잘해먹지않아서 사용을 많이 안했네요.
화이트색상에 디자인 해치지않고 깔끔해요.
상태는 사진보이는 그대로이고 약간의 생활기스는 있을수있습니다. 

본품 + 음식물통 구성이고 박스나 나머지는 없습니다.

자세한 사용법이나 후기는 모델명치시면 나올거예요~

중고라 반품은 어려우니 신중하게 생각해주시고 네고문의는 받지않겠습니다.

장소는 잠실본동 삼전역 근처입니다. 
부피가있어서 가지러오셔야됩니다^^",200000
음식물처리기,미닉스 음식물 처리기,미닉스 음식물처리기 푸드컨테이너,거래완료,"10,000원",문정2동,2025-10-05,1,0,194,34.1℃,바니바니당근,생활가전,,"미닉스 더 플랜더 음식물 처리기 전용 NEW 푸드 컨테이너 (잔여물 보관통)입니다

구매 가격은 14,000원 입니다.
보관만 한 새상품이에요.",10000
음식물처리기,미닉스 음식물 처리기,미닉스 더 플랜더 음식물 처리기 하남,거래완료,"200,000원",위례동,2025-10-05,0,5,105,64.1℃,위례우미린,생활가전,위례 우미린2차 정문에서 직거래 가능하고요.,"미닉스 더 플랜더 음식물 처리기 팝니다.
상태좋고 고장없습니다 
마지막 두사진 보시면 음식물 처리능력 최고입니다.

위례 우미린2차 정문에서 직거래 가능하고요.
톡확인이 늦어지면 연락주세요 
olo-사팔사사-육팔사구",200000
음식물처리기,미닉스 음식물 처리기,(미개봉 새상품) 미닉스 더 플렌더 프로 음식물처리기 판매합니다.,거래완료,"380,000원",송파동,2025-08-31,1,0,79,41.7℃,스케치,생활가전,직거래는 석촌역이나 근처시면 가져다 드립니다.,"(미개봉 새상품) 미닉스 더 플렌더 프로 음식물처리기 판매합니다.
직거래는 석촌역이나 근처시면 가져다 드립니다. ",380000
음식물처리기,미닉스 음식물 처리기,미닉스 더 플렌더 프로 <박스미개봉/새상품>,거래완료,"400,000원",가락동,2025-08-31,2,4,127,38.8℃,련다,생활가전,,"미닉스 더 플렌더 프로 새 상품입니다
박스도 그대로 있어요

자동 처리되는 편리한 음식물 처리기입니다.
신세계백화점 강남점에도 입점되어 있고
소음도 적어 사용하기 좋아요!


거래 희망 위치는 헬리오시티입니다.",400000
음식물처리기,미닉스 음식물 처리기,미닉스 더 플랜더 음식물처리기 팝니다,거래완료,"230,000원",문정동,2025-08-31,2,0,138,42.4℃,쿨링,생활가전,직거래희망합니다!,"미닉스 더 플랜더 음식물처리기 판매합니다

작년에 구매해 집에서 사용하던 제품으로
필터 교체후 5회 미만 사용
상태 깨끗하고
식구증가로 큰용량으로 변경하여
판매합니다

음식물 보관통+필터 2개 같이 드립니다

직거래희망합니다!",230000
음식물처리기,미닉스 음식물 처리기,음식물처리기 미닉스 더 플렌더 새상품,거래완료,"350,000원",가락본동,2025-08-31,11,18,505,42.2℃,샐러드,생활가전,되도록이면 직거래 하려고합니다.,"안녕하세요.
미닉스 더 플렌더 선물 받았는데
사용하고 있는 제품이 따로 있어서
올리게 되었습니다.

한번도 사용하지 않은 새제품입니다!

관심있으신분 연락주세요.

부피가 있고 택배 시 파손 우려 때문에
되도록이면 직거래 하려고합니다.
근거리까지는 조율가능합니다.
편하게 연락주세요 :)",350000
음식물처리기,미닉스 음식물 처리기,미닉스 더 플렌더 음식물처리기,거래완료,"350,000원",방이1동,2026-08-01,1,2,82,38.2℃,타미,생활가전,직거래만 진행하고 있어요!,"미닉스 더 플렌더 음식물처리기 판매해요
실사용 1회만 진행했습니다 

직거래만 진행하고 있어요!",350000
음식물처리기,미닉스 음식물 처리기,미닉스 음식물처리기 더 플렌더 MNFD-100G,거래완료,"300,000원",문정동,2025-08-31,3,6,242,38.3℃,레이,생활가전,2024년 12월 제조상품이며 저도 2024년 12월에 구매했습니다. 이사간 곳이 음식물쓰레기를 버리기 쉬운 곳이라 거의 사용하지 않아 판매하려고 합니다. 3번 정도 사용한 것 같아 거의 새제품이라 볼 수 있어요. 전자제품이라 가능한 직거래 원합니다.,"미닉스 더 플렌더 음식물처리기 MNFD-100G 모델 판매합니다

2024년 12월 제조상품이며 저도 2024년 12월에 구매했습니다. 이사간 곳이 음식물쓰레기를 버리기 쉬운 곳이라 거의 사용하지 않아 판매하려고 합니다. 3번 정도 사용한 것 같아 거의 새제품이라 볼 수 있어요. 전자제품이라 가능한 직거래 원합니다. 

- 모델명: MNFD-100G
- 슬림한 디자인으로 공간 활용에 좋아요
- 저소음, 자동 건조 기능
- 필터 교체 알림 기능
- 미개봉 리필 필터+푸드컨테이너 함께 드립니다

상태는 사진 참고해주세요!",300000
음식물처리기,미닉스 음식물 처리기,"음쓰처리기, 미닉스 더 플렌더 MNFD-100G 개봉만 한 새상품, 그레이지 색상",거래완료,"380,000원",가락동,2025-08-31,2,5,110,38.4℃,jjj,생활가전,,"미닉스 더 플렌더 음식물 처리기 새상품입니다. 
모델명은 MNFD-100G입니다.
오늘 받아서 상자만 뜯고 손도 대지 않은 새상품입니다. 

공홈에서 18% 할인된 가격 489,000원에 팔고 있고,
그것 보다 약간 저렴하게 내놓아요. 

박스도 그대로 있어요~

사용해보지 않아서
상품 설명은 공홈 url로 대체합니다. 

https://minixstore.cafe24.com/product/%EB%AF%B8%EB%8B%89%EC%8A%A4-%EC%9D%8C%EC%8B%9D%EB%AC%BC-%EC%B2%98%EB%A6%AC%EA%B8%B0-%EB%8D%94%ED%94%8C%EB%A0%8C%EB%8D%94/55/category/1/display/2/

장소는
투썸플레이스 가락시장역점에서 거래 원합니다.",380000
음식물처리기,미닉스 음식물 처리기,미닉스 푸드컨테이너 음식물처리기 보관통 (새상품),거래완료,"10,000원",문정2동,2025-08-31,1,6,205,40.6℃,쿠크,생활/주방,,"미닉스 더 플렌더 음식물 처리기
푸드컨테이너 새상품
음식물처리기 분쇄 건조후 모아두고 보관하는 통으로 2리터 용량으로 한달 보관가능
밀폐뚜껑으로 냄새 없이 보관
국내생산",10000
음식물처리기,미닉스 음식물 처리기,미닉스 음식물처리기 새상품,거래완료,"400,000원",문정1동,2025-08-31,1,1,53,44.3℃,찐찐,생활/주방,,"미닉스 더 플렌더 새상품 팝니다.
택배박스까지 그대로 다 있습니다 문정동 인근은 협의 후 갖다드릴 수도 있습니다",400000
음식물처리기,미닉스 음식물 처리기,미닉스 더 플렌더 (음식물 처리기) 판매,거래완료,"250,000원",잠실4동,2025-08-31,2,3,208,38℃,당근마켓1,생활/주방,,"건조통 내부 코팅이 많이 벗겨져 싸게 내놓습니다.
기능상에는 문제가 없지만, 필요하시면 건조통만 인터넷에서 따로 구매 가능합니다.

필터는 현재 장착된 걸로 쓰시다가 필요하실 때 공홈에서 리필 구입하여 교체하시면 됩니다.",250000
음식물처리기,미닉스 음식물 처리기,미닉스 더플렌더 음식물 처리기 + 리필 필터,거래완료,"300,000원",방이동,2025-08-31,5,8,165,45.7℃,새싹이,생활가전,,"2024년 6월 구매
식구가 적어 잘 사용하지 않아 보관하다 판매합니다 

- 미개봉 필터 1개 포함 (공홈 가격: 19,900원) 
- 내솥 깨끗 (스크래치 X)
- 미개봉 푸드 컨테이너 포함 (공홈 가격: 14,000원) 

비대면 거래, 올림픽 선수촌 아파트",300000
음식물처리기,미닉스 음식물 처리기,미닉스플렌더음식물처리기 미개봉,거래완료,"390,000원",문정동,2025-08-31,2,6,116,38.2℃,kkllpi113,생활/주방,,"미개봉입니다.
두대있어서 팔아요
컨테이너도 있어요 같이드려요
문정 거여
",390000
음식물처리기,미닉스 음식물 처리기,미닉스 음식물처리기,거래완료,"360,000원",문정동,2025-08-31,3,7,302,38.3℃,kkim,생활/주방,,"사고싶어도 바로 구매 못하는 미닉스 음식물 처리기 판매합니다. 

한달정도 사용했는데 편리하긴 하지만 저 혼자 쓰기엔 조금 과분한거 같아 판매합니다. 

작동 완전 잘 되고요. 깨끗합니다. 
정품시리얼 넘버도 같이 드리니 나중에 a/s도 편하게 하실 수 있을거 같습니다. 
여분 공기필터랑 보관통 같이 드려요.",360000
음식물처리기,미닉스 음식물 처리기,미닉스 음식물처리기,거래완료,"350,000원",방이2동,2025-08-31,2,2,281,58.3℃,물건고고,생활가전,,"6월에 구매해서 한번 썼어요

쓰지 않아서 방치만 해놨어요

당연히 정품입니다

박스도 있어서 as 할 때 좋아요

추가 필터 1개도 같이 드립니다

싸게 업어가세요

",350000
음식물처리기,미닉스 음식물 처리기,미닉스 더 플랜드.음식물 처리기,거래완료,"420,000원",잠실3동,2025-08-31,1,3,93,42.9℃,개쩌는아제,생활/주방,,"며칠 전 선물하려고 집에 하나 쓰고 2개. 구매 했다가 지인이 이미 음식물 처리기가 있어 당근에 내어 놓습니다.박스 개봉도 안한 새 제품 입니다.정말 조용하고 소리가 들리지 않고 잘 분쇄 됩니다
빨리처리 위해 싸게 내어 놧습니다.
잠실 트리지움 동문 횡단보도쪽 거래 합니다",420000
음식물처리기,미닉스 음식물 처리기,미닉스 음식물처리기 하남,거래완료,"150,000원",위례동,2025-08-31,4,6,557,39.8℃,유니워니맘,생활가전,,,150000
음식물처리기,미닉스 음식물 처리기,💗새거급미닉스 음식물처리기 더 플랜더 MAX 💗,거래중,"290,000원",위례동,2026-08-31,0,1,13,55.3℃,짱구왕,생활/주방,,,290000
음식물처리기,미닉스 음식물 처리기,미닉스 음식물처리기 + 활성탄 필터,거래중,"150,000원",위례동,2026-08-31,0,5,148,41.2℃,gpffbarktm,,직거래는 석암생소금구이 건대점 앞에서 합니다.,"미닉스 음식물처리기 본체와 새 활성탄 필터 세트예요
음식물쓰레기 냄새 걱정 없이 깔끔하게 관리할 수 있어요
주방을 더욱 쾌적하게 만들어 줄 아이템이랍니다
음식물쓰레기 처리 고민이신 분들께 추천드려요

내부 솥은 새 제품으로 교체 후 한번 사용했습니다. 코팅 까짐 없구요. 활성탄 필터는 미닉스제품 아니지만 호환되는 국내산 제품입니다. 개인적으로는 미닉스 정품 활성탄보다 효과가 좋은 것 같아요.

잘 사용하지 않아 판매합니다. 

제품 상세 상품정보는 사진을 첨부합니다. 

중고 제품 특성상 교환 환불 어렵습니다! 신중한 구매 부탁드려요! 

직거래는 석암생소금구이 건대점 앞에서 합니다.",150000
음식물처리기,미닉스 음식물 처리기,미닉스 더 플렌더 음식물처리기 미니(새상품),거래중,"260,000원",석촌동,2026-08-20,1,13,129,40℃,스미냑,생활가전,,"미닉스 더 플렌더 음식물처리기 미니 제품이에요
선물받았는데 필요가없네요
오늘의집에서 배송출발전이고 배송을 집쪽으로보내드리는 완전 새상품이에요",260000
음식물처리기,미닉스 음식물 처리기,미닉스 더 플랜더 맥스 음식물처리기 3L,거래중,"270,000원",위례동,2026-08-31,0,2,41,57.1℃,반값요정,생활/주방,,"미닉스 더 플랜더 맥스 음식물처리기 MNFD-200G 판매해요.
제조일 26년 5월입니다.
사용감 없고 깨끗합니다.
사용하던 필터 착장되어 있어서 바로 사용 가능합니다. 
택배로 보낼 때 필터는 랩핑해서 보내 드리니 꼭 필터 제거 하고 사용하세요.
음식물 쓰레기 냄새와 세균 걱정 없이 깔끔하게 관리해보세요",270000
음식물처리기,미닉스 음식물 처리기,미닉스 음식물처리기 MNFD-100G,거래중,"190,000원",잠실2동,2026-08-31,0,7,176,84.8℃,선입금빠른거래순,생활/주방,"🥕당근페이나 계좌 선입금시에만 주소 알려드리고, 문고리 거래 가능합니다.","미닉스 더 플렌더 음식물처리기 MNFD-100G 판매해요
깔끔한 디자인으로 주방 어디에나 잘 어울려요
음식물 쓰레기 부피를 획기적으로 줄여주는 똑똑한 제품이에요
음식물 쓰레기 냄새 걱정 없이 쾌적한 주방을 만들어보세요

이사왔는데 바로 음식물 쓰레기를 버릴 수 있는 곳이라 사용을 안하게되서 판매해요.
내솥은 세척하느라 빼놓았는데 포함입니다.
새걸로 구매하셔서 교체하셔도 돼요.
사용감 있습니다.

거래 파기하는 분들이 많아 예약중으로 변경 원할시에는 예약금 2만원 먼저 받겠습니다.
거래 파기시 예약금 환불 불가하오니 신중하게 결정하시기바랍니다.

🥕육아중으로 답이 늦을 수 있습니다.
🥕당근페이나 계좌 선입금시에만 주소 알려드리고, 문고리 거래 가능합니다.
🥕가전, 가구 등등 직거래 원할시에는 일정 협의하여 가져가실 수 있습니다.
🥕교환/환불 불가",190000
음식물처리기,미닉스 음식물 처리기,미닉스 더플렌더 음식물처리기 판매합니다. 활성탄필터리필,거래중,"230,000원",잠실2동,2026-08-26,5,44,1360,39.6℃,또이이이잉,생활/주방,,,230000
음식물처리기,미닉스 음식물 처리기,미닉스 더 플렌더 맥스 음식물처리기,거래중,"260,000원",잠실3동,2026-08-31,2,23,261,44.6℃,HH,생활/주방,,"미닉스 더 플렌더 맥스 음식물처리기입니다.

- 작동: 이상 없음
- 건조통: 스크래치 없이 깨끗함
- 필터: 교체 후 사용 권장
- 설명서 및 정품 박스 포함

가족 수가 적어 생각보다 사용횟수가 적어 판매합니다.",260000
음식물처리기,미닉스 음식물 처리기,미닉스 더 플랜더 맥스(3L),거래중,"270,000원",잠실4동,2026-08-24,0,25,913,49.1℃,미친백조,생활/주방,,"미닉스 음식물처리기 맥스 그레이지, 3리터입니다.

2026년 5월 제조 상품으로 외관은 물론 내부도 깔끔합니다.

그런데
뚜껑 열림이 부드럽지 않습니다.
살짝 끌어 올려야 하는데
AS 해서 쓰시면 새것처럼 쓰실 수 있습니다.

미닉스 AS 잘해 줍니다.

내용 감안하셔서 구매 바랍니다.

찔러보기 네고 x",270000
음식물처리기,미닉스 음식물 처리기,미닉스 더 플랜더 맥스 음식물처리기 MNFD-200G,거래중,"300,000원",잠실4동,2026-08-31,0,4,87,41.5℃,담근,생활/주방,,,300000
음식물처리기,미닉스 음식물 처리기,미닉스 더 플렌더 맥스 음식물처리기 3L,거래중,"310,000원",잠실4동,2026-08-24,1,21,406,59℃,수수,생활/주방,,"미닉스 더 플렌더 맥스 음식물처리기 3L 제품이에요
정격전압 220V, 60Hz, 소비전력 0.9kW 제품입니다
음식물 쓰레기 고민 해결해 줄 똑똑한 주방 필수템이랍니다
한번 사용후 박스에넣어 보관! 사진에처럼 흠잡을곳없이
깨긋한 새상품과 같은 컨디션이에요^^
1회사용으로 새거와 다름없는 미닉스 음식물처리기입니다!

:) 제조년월 26년 5월 이에요",310000
음식물처리기,미닉스 음식물 처리기,미닉스 더 플렌더 맥스 3L 음식물처리기 새상품,예약중,"350,000원",송파2동,2026-04-03,9,10,328,36.5℃,마이크온,생활가전,,"선물로 받은 새제품입니다 포장하나 건들지 않았습니다 죄송하지만 네고 없이 진행합니다

미닉스 더 플렌더 맥스 음식물처리기 새상품입니다
- 3L 용량
- 색상: 그레이지
모델명은 MNFD-200G입니다 음식물 처리, 이제 간편하게 하세요!",350000
음식물처리기,미닉스 음식물 처리기,미닉스 더 플렌더 MAX 음식물처리기 3L 그레이,거래중,"350,000원",잠실6동,2026-08-31,0,1,24,51.2℃,프레이리,생활/주방,,,350000
음식물처리기,미닉스 음식물 처리기,🥕미닉스 맥스 음식물처리기(새상품급),거래중,"300,000원",잠실6동,2026-08-24,0,7,102,53℃,메이파파,생활/주방,,"여름철 필수 아이템✨

깔끔한 화이트 색상의 미닉스 음식물처리기예요.

주방 어디에 둬도 잘 어울리는 모던한 디자인입니다.

특히 여름철 음식물 쓰레기 걱정 없이 쾌적한 주방을 만들어보세요.

소음도 거의 없고, 음식물 쓰레기 냄새와 부피 때문에 고민이셨던 분들께 추천드려요!

모델명 : MNFD-200G
2026년 제조

* 음식물 없이 테스트1회 진행

<제품 특징>
3L 대용량
음식물 부피와 냄새를 효과적으로 줄여줌
분리형 내통으로 세척과 관리가 편리",300000
음식물처리기,미닉스 음식물 처리기,미닉스 더 플렌더 맥스 음식물처리기 MNFD-200G 새상품,거래중,"390,000원",잠실6동,2026-08-25,0,13,198,61.3℃,부산사람,생활/주방,,,390000
음식물처리기,미닉스 음식물 처리기,미닉스 더플랜더 맥스 음식물처리기 MNFD-200G,거래중,"290,000원",잠실6동,2026-05-03,4,31,1267,99℃,애엄마,생활/주방,,,290000
음식물처리기,미닉스 음식물 처리기,미닉스 음식물처리기 건조통 PRO/PLUS용 2L,거래중,"39,000원",잠실6동,2026-08-26,0,12,238,38.4℃,메뚝,생활가전,,,39000
음식물처리기,미닉스 음식물 처리기,(새제품) [BASIC 전용 2L] 미닉스 더 플렌더 음식물 처리기 전용 건조통 내솥,거래중,"38,000원",잠실동,2026-08-27,1,11,168,58℃,919820,생활/주방,,,38000
음식물처리기,미닉스 음식물 처리기,26년 3월제조미닉스 더 플랜더 MAX 음식물처리기 그레이지,거래중,"310,000원",잠실동,2026-08-30,0,1,18,67.1℃,리퍼브새강자,생활/주방,,,310000
음식물처리기,미닉스 음식물 처리기,미닉스 맥스 음식물처리기,거래중,"270,000원",잠실동,2026-08-20,0,3,102,63.3℃,삐비코,생활/주방,,"사용 3회정도 했구요 
작동은 잘되는데 제 기준에서는 소음이 큰거 같아서 판매 해요 
자리차지 중이라 빠르게 가지고 가실분 우선으로 할껭",270000
음식물처리기,미닉스 음식물 처리기,신품급 미닉스 더플렌더 MAX 음식물처리기 3L,거래중,"299,000원",잠실동,2026-07-02,9,43,1202,42.2℃,오픈박스가전짱,생활/주방,,,299000
음식물처리기,미닉스 음식물 처리기,미닉스 더플랜더 Max 건조분쇄 음식물처리기 그레이지,거래중,"280,000원",잠실동,2026-08-14,1,5,796,81.2℃,김당근,생활/주방,,,280000
음식물처리기,미닉스 음식물 처리기,새상품급 미닉스 더 플렌더 음식물처리기 MNFD100G,거래중,"290,000원",잠실동,2026-08-21,0,1,24,42.2℃,오픈박스가전짱,생활/주방,,,290000
음식물처리기,미닉스 음식물 처리기,새상품급 미닉스 더 플렌더 MAX 음식물처리기,거래중,"310,000원",잠실본동,2026-08-14,1,10,132,42.2℃,오픈박스가전짱,생활/주방,,,310000
음식물처리기,미닉스 음식물 처리기,미닉스 식기세척기,거래중,"150,000원",방이동,2026-07-02,1,8,166,41.5℃,스파클링워터,생활가전,잠실벨솔레오피스텔 직거래 합니다,"미닉스 식기세척기 팝니다
사용 별로 안 해서 깨끗해요
그릇 넣어두고 건조용도로 주로 사용했는데
잘 사용 안 할거같아서 판매해요
오셔서 가져가셔야 합니다

잠실벨솔레오피스텔 직거래 합니다",150000
음식물처리기,미닉스 음식물 처리기,미닉스 3인용 식기세척기 아이보리,거래중,"200,000원",잠실4동,2026-03-04,1,6,342,57.5℃,rnswk0705,생활가전,가루세제 2봉지 같이 드려요~ 문고리거래 입니다,"미닉스 3인용 식기세척기 아이보리 색상입니다
상태는 깨끗하며, 좁은 공간에도 설치가 용이합니다
10번안쪽으로 사용하고 잘 건조시켜놓았습니다.
가루세제 2봉지 같이 드려요~ 문고리거래 입니다",200000
음식물처리기,미닉스 음식물 처리기,미닉스 더 플렌더 PRO 음식물처리기 2L 화이트,거래완료,"130,000원",송파1동,2026-08-14,3,4,126,51℃,SS,생활가전,부피가 있어 직거래로만 거래합니다.,"미닉스 더 플렌더 PRO 음식물처리기 2L 화이트 모델이에요

-본품+추가여분통

2-3개월 정도 사용후에 최근엔 보관만 해두었어요.
내솥은 금방 기스가 나는 재질이라 흠이 있지만 실사용하면 어쩔 수 없이 나는 사용감이이에요.

부피가 있어 직거래로만 거래합니다.",130000
음식물처리기,미닉스 음식물 처리기,미닉스 김치냉장고 송파,거래완료,"150,000원",풍납동,2026-07-02,2,2,151,59℃,후니,생활가전,,"깔끔한 디자인의 미닉스 음식물처리기예요
사진에서 보이는 것처럼 본체와 구성품 모두 깨끗하게 사용했어요
음식물 쓰레기 걱정 없이 편리하게 사용해보세요
주방을 더욱 쾌적하게 만들어 줄 아이템이랍니다

1달사용했습니다",150000
음식물처리기,미닉스 음식물 처리기,미닉스 더플랜더 음식물처리기 팔아요,거래완료,"260,000원",송파동,2026-08-18,3,21,171,50.9℃,제이제이,생활/주방,,"현재 사는집 이사올때 부모님이 선물로 사주셨었구요. 
사주시구 처음 딱 한번 사용하고 아예 사용안했습니다. 
안에 통 내부 보시면 기스 1도 없습니다. 테스트용도로만 사용한거구 혼자 살고 회사에서 밥을 다 주고 저녁은 항상 사먹어서 사용할일이 아예없었습니다. ",260000
음식물처리기,미닉스 음식물 처리기,미닉스 더 플렌더 음식물처리기 basic,거래완료,"180,000원",삼전동,2026-08-01,2,4,250,37.6℃,이름,생활가전,삼전역 직거래 원합니다,"미닉스 더 플렌더 음식물처리기 판매합니다

구매 후 사용 몇번 안해서 내솥상태 괜찮습니다
새 필터는 7월 초에 바꿨습니다

빨리판매하고싶어서 가격 낮췄습니다
삼전역 직거래 원합니다
(교환환불은 안됩니다)",180000
음식물처리기,미닉스 음식물 처리기,새상품 최신형 미닉스 더 플렌더 MAX 음식물처리기 그레이지 3L,거래완료,"370,000원",가락본동,2026-08-05,6,5,104,50.6℃,보리네,생활가전,,"집들이 선물 받았는데 한대더있어서 판매합니다
미닉스 더 플렌더 MAX 음식물처리기 그레이지 색상이에요
이전모델 수동으로열리는 프로아니구
최신제품 MAX입니다 
3L 대용량으로 넉넉하게 사용할 수 있어요
전라인 프로는 2리터입니다
오픈방식도 프로는 수동과 MAX는 자동의 차이가 있습니다
음식물 쓰레기 걱정 없이 깔끔하게 처리해 보세요
음식물 처리 기술의 정점을 담은 제품으로 주방을 더욱 쾌적하게 만들어 줄 거예요",370000
음식물처리기,미닉스 음식물 처리기,[26년4월 제품 최상급] 미닉스 더플렌더 Max 3L 건조분쇄 음식물처리기,거래완료,"290,000원",신천동,2026-08-03,1,6,87,54.6℃,유기템센터,생활/주방,,"2606122634

제조년월 26년 4월

미닉스 더플렌더 MAX 음식물처리기 판매합니다.

전체적으로 거의 새것 같은 최상급 상태입니다.
자동세척기능, 음식물 처리 기능,터치 기능 등
성능 정상작동
아주 미세한 사용감만 있음.

[상세사양]

모델명: MNFD-200G
제품 용량: 3L
제품 사이즈: W195 x D422 x H341(mm)
제품 무게: 9.3 kg
소비 전력: 0.9 kW
정격 전압: 220 V / 60Hz
처리 방식: 건조분쇄식 (복합건조식)
주요 기능: 고온 건조, 오토케어, 자동 세척, 교반, 탈취필터, 절전모드, 자동운전

🚀전국 무료배송",290000
음식물처리기,미닉스 음식물 처리기,미닉스 더플렌더 MAX 3L 음식물처리기,거래완료,"310,000원",잠실6동,2026-07-02,2,3,105,43.6℃,파나세PanaChe,생활/주방,"거래방식: 직거래 및 택배거래 가능, 안전거래 지원","[제품 개요]  
2605120691
본 제품은 **미닉스 더플렌더 MAX**로, 가정용 **건조분쇄 방식 음식물처리기**입니다. **3L 용량**의 모델이며, 친환경 모드와 오토모드, 건조모드, 세척모드가 모두 정상 작동합니다.

[상세 사양]  
- 제품명: 미닉스 더플렌더 MAX
- 모델명: MNFD-200G
- 용량: 3L
- 방식: 건조분쇄 방식

[제품 상태 평가]  
- 외관 상태: 미세한 사용감이 있는 우수한 상태이며, 외관 검수상 스크래치가 확인됩니다.
- 작동 상태: 친환경 모드 및 오토모드 처리 정상, 건조모드 정상, 세척모드 정상으로 기타 기능 이상 없습니다.
- 특이사항: 건조용기 내부 까짐이 존재합니다. 전체적으로 사용감은 적은 편이나, 해당 부분은 구매 전 반드시 확인이 필요합니다.

[포함 구성품]  
- 본체
- 건조용기
- 구성품은 사진 및 검수 내용 기준으로 확인 부탁드립니다

[거래 조건]  
- 희망가격: 502800원
- 거래방식: 직거래 및 택배거래 가능, 안전거래 지원
- 문의사항이 있으시면 연락 부탁드립니다.",310000
음식물처리기,미닉스 음식물 처리기,[26년4월전시상품]미닉스 더플렌더 Max 음식물처리기 MNFD-200G,거래완료,"310,000원",신천동,2026-08-01,4,7,215,54.6℃,유기템센터,생활/주방,"(직거래 시, 예약금 1만원 있습니다)","2607079722

브랜드: 미닉스 (MINIX)
모델명: 더플렌더 Max (MNFD-200G)
용량: 3L
방식: 건조분쇄식
색상: 그레이지 (Gray)
적용 구분: 가정용

전체적으로 외관이 양호하며, 건조통 바닥과 도어 커버에 스크래치와 오염이 약간 있으나 크게 신경 쓸 정도는 아닙니다.

(직거래 시, 예약금 1만원 있습니다)
🚀전국 무료배송",310000
음식물처리기,미닉스 음식물 처리기,미닉스 더플렌더 MAX 3L 건조분쇄 음식물처리기,거래완료,"350,000원",잠실본동,2026-06-02,1,1,35,54.6℃,유기템센터,생활/주방,"거래방식: 직거래 및 택배거래 가능, 안전거래 지원","2604220329

본 제품은 미닉스 더플렌더 MAX(MNFD-200G) 건조분쇄식 음식물처리기로, 
3L 용량과 고온 열풍 건조 후 3세대 블레이드 분쇄 방식을 통해 음식물 부피를 최대 약 90%까지 줄이는 가정용 음식물처리기입니다. 
내부에 3중 감지 센서와 지능형 케어 시스템을 적용하여 자동 처리 시간을 조절하고, 
3중 활성탄 하드락 필터를 통해 악취를 최대 약 99.5%까지 저감하는 구조입니다.

[상세 사양]  
- 모델명: 미닉스 더플렌더 MAX (MNFD-200G)  
- 방식: 열풍 건조 + 분쇄 일체형  
- 용량: 3L  
- 크기(약): 가로 19.5cm × 세로 30cm 내외(제품 특성상 세부 치수는 공식 스펙 기준)  
- 전원: 220V 일반 가정용 전원  
- 주요 기능: 전원/작동 버튼, 세척 모드, 터치식 버튼, 인디케이터 표시, 자동 건조·분쇄·세척 모드  

[제품 상태 평가]  
- 외관 상태: 사용 흔적이 거의 없고, 사용 중에 발생한 미세한 생활기스 외에 눈에 띄는 스크래치나 변형은 확인되지 않습니다.  
- 작동 상태: 전원 및 작동, 세척 모드, 터치버튼, 인디케이터 등 모든 기능이 정상적으로 작동하며, 건조·분쇄·세척 동작이 원활하게 이루어집니다.  
- 특이사항: 외관 검수 결과 큰 하자는 없으며, 기능상 문제는 확인되지 않습니다.

[포함 구성품]  
- 본체(미닉스 더플렌더 MAX)  
- 전원 어댑터 및 전원 코드  
- 사용설명서(해당 구성품 포함 여부는 실제 동봉 상태에 따라 다를 수 있음)  
- 기본 구성품(필터, 캡 등 공식 구성에 포함되는 부품) 모두 누락 없이 포함

[거래 조건]  
- 거래방식: 직거래 및 택배거래 가능, 안전거래 지원  
- 문의사항이 있으시면 연락 부탁드립니다.

🚀무료배송
p.m 12시 전 주문 건",350000
음식물처리기,미닉스 음식물 처리기,미닉스 더플렌더 Max 건조분쇄 음식물처리기 MNFD-200G,거래완료,"330,000원",잠실6동,2026-07-02,1,0,160,43.6℃,파나세PanaChe,생활/주방,"거래방식: 직거래 및 택배거래 가능, 안전거래 지원","[제품 개요]2605277291
본 제품은 미닉스 더플렌더 Max MNFD-200G으로, 건조분쇄 방식을 적용하여 음식물 쓰레기를 효율적으로 처리하며 오토 모드와 친환경 모드를 정상적으로 지원합니다.

[상세 사양]
- 제품 크기: W195 * D422 * H341 (mm)
- 제품 무게: 9kg
- 용량: 3L
- 소비전력: 0.5kW

[제품 상태 평가]
- 외관 상태: 미세한 사용감이 있으나 외관 상태가 깨끗하며 검수 결과 문제없음이 확인되었습니다
- 작동 상태: 건조 기능, 친환경 모드, 오토 모드, 세척 기능이 모두 정상적으로 작동합니다
- 특이사항: 특이사항 없음

[포함 구성품]
- 본체 1대
- 전원 케이블 1개
- 사용 설명서 1부
- 기본 필터 1개

[거래 조건]
- 희망가격: 490100원
- 거래방식: 직거래 및 택배거래 가능, 안전거래 지원
- 문의사항이 있으시면 연락 부탁드립니다.",330000
음식물처리기,미닉스 음식물 처리기,"미닉스 더플렌더 Max 3L 건조분쇄 음식물처리기,새것 같은 최상급",거래완료,"360,000원",잠실6동,2026-06-02,1,0,15,43.6℃,파나세PanaChe,생활/주방,"거래방식: 직거래 및 택배거래 가능하며, 안전거래를 지원합니다.","2605150660

[제품 개요]
본 제품은 미닉스 더플렌더 MAX(MNFD-200G)로, 업계 최고 수준의 음식물 처리 성능을 자랑하는 건조분쇄형 음식물처리기입니다. 19.5cm의 콤팩트한 사이즈에 3L의 대용량 처리 용량을 갖추고 있으며, 3세대 블레이드 기술과 3중 감지 센서를 탑재하여 강력한 분쇄력과 지능형 자동 처리 시간 조절 기능을 제공합니다.

[상세 사양]
- 모델명: MNFD-200G(그레이지)
- 처리 방식: 건조형(고온 열풍 건조 후 분쇄)
- 용량: 3L
- 크기: 가로 19.5cm(한 뼘 사이즈)
- 블레이드: 3세대 업그레이드 블레이드
- 센서: 3중 감지 센서(자동 처리 시간 조절)
- 필터: 3중 활성탄 하드락 필터(악취 제거율 99.5% 이상)
- 주요 기능: 가열 기능, 믹서 기능, 자동 건조 분쇄

[제품 상태 평가]
- 외관 상태: 새것 같은 최상급 상태로 외관 상 문제없습니다. 다만 사용감이 있는 상태입니다.
- 작동 상태: 가열 및 믹서 기능이 정상 작동하며, 모든 버튼이 정상입니다. 미닉스 공식 점검을 완료한 제품입니다.
- 특이사항: 특이사항 없음

[포함 구성품]
- 미닉스 더플렌더 MAX 본체(그레이지)
- 뚜껑
- 필터
- 전원 코드
- 사용 설명서

[거래 조건]
- 희망가격: 495,000원>>360,000
- 거래방식: 직거래 및 택배거래 가능하며, 안전거래를 지원합니다.
- 문의사항이 있으시면 편하게 연락 부탁드립니다.

♧안심결제로 택배거래 선호합니다.
    (‼️직거래시 예약금 있습니다.)

    [직거래 가능 장소]
    송파구 잠실 장미상가 
    성남시 성남종합운동장 인근
    가산디지털단지역 인근

♧무료배송
♧주문후 익일 발송(주말 제외)",360000
음식물처리기,미닉스 음식물 처리기,"미닉스 더플렌더 Max(MNFD-200G),새것 같은 최상급, 무료배송",거래완료,"380,000원",잠실6동,2026-06-02,1,2,70,43.6℃,파나세PanaChe,생활/주방,"거래방식: 직거래 및 택배거래 가능, 안전거래 지원","2605129817

[제품 개요]
본 제품은 미닉스 더플렌더 Max(MNFD-200G)로, 열풍건조와 분쇄 기능을 결합한 가정용 음식물처리기입니다. 3리터의 넉넉한 용량과 18데시벨의 저소음 성능으로 가족 단위 가구에 최적화되어 있습니다.

[상세 사양]
- 모델명: MNFD-200G (그레이지)
- 처리 용량: 3L
- 무게: 9.3kg
- 크기(가로×세로×깊이): 195×341×422mm
- 소음: 18dB
- 처리 방식: 열풍건조 후 분쇄
- 필터: 3중 활성탄 하드락 필터
- 필터 교체 주기: 3~4개월
- 추천 사용 인원: 4~6인
- 주요 기능: 자동 처리, 자동 세척, 자동 절전, 음소거 모드, 3중 감지 센서

[제품 상태 평가]
- 외관 상태: 제품 외부에 사용감이 없으며 새것 같은 최상급 상태를 유지하고 있습니다.
- 작동 상태: 전원 및 모든 버튼 기능이 정상 작동하며, 세척 모드 및 오토 모드 기능이 정상적으로 작동합니다.
- 특이사항: 특이사항 없음

[포함 구성품]
- 미닉스 더플렌더 Max 본체
- 전원 코드
- 사용 설명서
- 기타 구성품 일괄 포함 (누락 없음)

[거래 조건]
- 희망가격: 497,800원>>380,000
- 거래방식: 직거래 및 택배거래 가능, 안전거래 지원
- 제품 S/N: G0159832601MNFDM
- 문의사항이 있으시면 언제든지 연락 부탁드립니다.

♧안심결제로 택배거래 선호합니다.
    (‼️직거래시 예약금 있습니다.)

    [직거래 가능 장소]
    송파구 잠실 장미상가 
    성남시 성남종합운동장 인근
    가산디지털단지역 인근

♧무료배송
♧주문후 익일 발송(주말 제외)",380000
음식물처리기,미닉스 음식물 처리기,26년4월제조)미닉스 더 플렌더 맥스 음식물처리기 MNFD-200G,거래완료,"260,000원",잠실2동,2026-08-05,2,2,75,60.5℃,당근양파호박,생활가전,,"뷰티콘텐츠 촬영 샘플 미개봉 및 1회사용

박스없고 유통기한 몰라서 싸게팔아요
세트로만 판매 / 반품불가

사진에서 보이는 제품들 모두 보내드려요
새 제품 가격보다 훨씬 저렴하게 가져가세요
데일리 메이크업부터 특별한 날 메이크업까지 다양하게 연출하기 좋아요",260000
음식물처리기,미닉스 음식물 처리기,미닉스 더플렌더 MAX 음식물처리기 그레이지 3L,거래완료,"350,000원",삼전동,2026-06-02,2,3,108,39.9℃,쪼밍밍잉,생활가전,,"미닉스 더플렌더 MAX 음식물처리기 그레이지 3L 제품이에요
사진에서 보시는 것처럼 깔끔한 디자인이 돋보여요
구매 후 한 번 사용한 거의 새상품이에요
집에서 음식물 처리를 할 일이 없어서 판매합니다!
소음도 없고 용량도 큰 신상품이라 이 가격에 사시면 이득 보시는 거에요!!
쿨거래 시 에눌 가능이요 가격 제시해주세요",350000
음식물처리기,미닉스 음식물 처리기,"미닉스 음식물처리기,더플렌더 Max 그레이지,거의 새것 같은 최상급",거래완료,"330,000원",잠실6동,2026-04-03,5,8,274,43.6℃,파나세PanaChe,생활가전,🚚 직거래/택배 모두 가능 / 안전거래 환영,"
2603230786
미닉스 음식물처리기입니다
스테인리스 SUS 304 재질로 만들어져 위생적이고 튼튼합니다
음식물 쓰레기를 쉽고 깔끔하게 처리할 수 있어 편리합니다
- 음식물 쓰레기 냄새 걱정 없이 쾌적한 주방 환경을 유지할 수 있습니다
- 음식물 처리 후 간편하게 청소할 수 있습니다.

✔ 모델명: 미닉스 더플렌더 Max 그레이지  
✔ 기능: 건조분쇄 처리, 악취 최소화, 가정용 용량  
✔ 상태: 거의 새것 같은 최상급 상태  
✔ 구성품: 본체, 전원코드  

🧹 💻 주요 스펙/기능  
- 건조분쇄 방식으로 음식물 쓰레기 빠르게 처리  
- 2L 대용량 버킷, 1회 처리량 200g 이상  
- 그레이지 컬러, 슬림 디자인  

📱 편의 기능  
- 자동 건조·분쇄 모드  
- 탈취 필터로 냄새 차단  

📦 상태 설명  
- 외관 상태: 본체 전체 외부 상태 양호, 문제없음  
- 작동 상태: 전체 기능 정상 작동 확인  
- 특이사항: 없음  

💡 추천 이유  
- 거의 새것 같은 상태로 바로 사용 가능, 신뢰할 수 있는 검수 완료  
- 음식물 처리 편리함으로 주방 청결 유지에 최고  

💰 희망가: 495000원  >>380,000
🚚 직거래/택배 모두 가능 / 안전거래 환영  

관심 있으시면 사진·동영상 추가로 바로 보내드려요!

당근페이 안심결제로 택배거래 선호합니다.
(‼️직거래시 예약금 있습니다.)",330000
음식물처리기,미닉스 음식물 처리기,미닉스 더 플랜더 음식물처리기 새제품,거래완료,"330,000원",잠실동,2026-03-04,2,8,616,47.2℃,고구마,생활가전,,"미닉스 더 플랜더 음식물처리기 새제품입니다
- 모델명: MNFD-1000
- 색상: 그레이
- 220V, 60Hz
현재 인터넷에서 40만원대에 판매중입니다!",330000
음식물처리기,미닉스 음식물 처리기,미닉스 더플렌더 음식물처리기 MNFD-100G,거래완료,"250,000원",삼전동,2026-04-03,1,1,69,44.5℃,carrot,생활가전,,"미닉스 더플렌더 음식물처리기 MNFD-100G 모델입니다
- 음식물 쓰레기를 쉽고 빠르게 처리할 수 있습니다
- 냄새 걱정 없이 깔끔하게 사용할 수 있습니다
- 가정에서 사용하기 편리한 크기입니다

실사용 5회 이하 직접 오셔서 가져가셔야해요
네고가능",250000
음식물처리기,미닉스 음식물 처리기,미닉스 더 플렌더 맥스 음식물처리기 새상품,거래완료,"420,000원",송파동,2026-03-04,2,3,92,38.7℃,점심시간에수영하는고수,생활가전,,"미닉스 더 플렌더 맥스 음식물처리기 새상품입니다.
선물받았으나 기존 사용 제품있어 판매합니다.

- 음식물 쓰레기 냄새 걱정 없이 위생적인 관리가 가능합니다
- 간편한 설치로 편리하게 사용 가능합니다
- 모델명: MNFD-200G
- 색상: 그레이지
- 용량: 3L MAX
- 제조년월 : 26년 02월",420000
음식물처리기,미닉스 음식물 처리기,미닉스 더 플렌더 프로 음식물처리기 (2L) MNFD-120G,거래완료,"250,000원",송파동,2026-02-02,1,1,,45.3℃,수박수박,생활가전,,"미닉스 더 플렌더 PRO 음식물 처리기 판매합니다. 

- 모델명: MNFD-120G
- 정격전압: 220V, 60Hz
- 소비전력: 0.5kW
- 제조년월: 2025년 9월
- 구매년월: 2025년 10월
- 사용횟수: 2회

실 사용은 2번 해서 상태 아주 깨끗하고 좋습니다. 
생각보다 사이즈가 커서 원룸 주방에 두기엔 무리가 있고 더이상 음식을 해먹지 않아서 쓸 일이 없어요 ㅠㅠ 

제 구매내역은 사진으로 확인 가능합니다. 
사용설명서도 있습니다. 

무게 좀 있는 편입니다. 
사이즈 등 상세한 스펙은 아래 네이버스토어 링크 참고해주세요!

https://naver.me/5u9W0wFc


",250000
음식물처리기,미닉스 음식물 처리기,(미개봉+필터2개)미닉스 더플렌더 PRO 음식물처리기,거래완료,"390,000원",방이동,2026-01-03,1,2,131,38.5℃,주주클럽,생활가전,,"미개봉 미닉스 더플렌더 PRO 음식물처리기입니다. 배송 온 박스채로 드립니다! 단숨변심이여서 박스 뜯지도 않았습니다 
사은품으로 온 푸컨과 필터2개 모두 드립니다. 
하루이틀 내로 안 팔리면 반품할 예정입니다~ 구매 원하시면 빠르게 말씀 주세요!",390000
음식물처리기,미닉스 음식물 처리기,미닉스 더 플랜더 음식물처리기 MNFD-100G,거래완료,"250,000원",가락본동,2026-01-03,0,5,141,37.2℃,죠리퐁,생활가전,,"미닉스 더 플랜더 음식물처리기 판매합니다
MNFD-100G / 그레이 색상

사이즈가 컴팩트해서 주방 공간 많이 차지하지 않아요.
(W 195 × D 422 × H 341)

- 약 5개월 정도 사용
- 사용 중 건조통 부품 교체 완료
- 부품 교체 후 미사용, 정상 작동 확인했습니다

새 제품을 구매하게 되어 기존 제품은 판매합니다.

비닐 + 스티로폼 + 박스 3중 포장으로 안전하게 드릴게요.

중고 특성상 사용감은 있을 수 있으나,
상태 좋은 제품이라 바로 사용하셔도 됩니다.
편하게 문의 주세요",250000
음식물처리기,미닉스 음식물 처리기,미닉스 음식물 처리기 MNFD-100G,거래완료,"200,000원",잠실6동,2026-01-03,2,2,77,45.4℃,토파즈,생활/주방,,"미닉스 음식물 처리기 .
모델명은 MNFD-100G입니다.
안에 돌아가는통은 완전새것과 같구요.
겉부분도 완전 깨끗요.
필터 2개 같이 드립니다.
두번사용후 보관만했구요.
워시타워땜에 세탁실공사후 좁아서 내놓아요.",200000
음식물처리기,미닉스 음식물 처리기,"🫜미닉스 더 플랜더 PRO 미개봉 새상품, 푸드컨테이너 포함 (25.11 제조)",거래완료,"350,000원",방이동,2026-01-03,2,2,43,48.9℃,버니버니,생활가전,직거래만 가능,"미닉스 더 플랜더 PRO 음식물 처리기 미개봉 새상품입니다
- 99%의 높은 건조 분쇄율로 음식물 쓰레기를 빠르고 확실하게 처리할 수 있습니다
- 냄새 걱정 없이 쾌적하게 사용할 수 있습니다

25.11월 제조상품으로 가장 신제품에 가깝습니다!

직거래만 가능",350000
음식물처리기,미닉스 음식물 처리기,미닉스 더 플렌더 음식물처리기 미개봉 MNFD-100G,거래완료,"295,000원",가락2동,2025-11-04,4,12,214,38.7℃,우투리동,생활가전,,"미닉스 더 플렌더 음식물처리기 MNFD-100G 그레이지 색상 새상품입니다.
최근 나온 PRO제품 전 제품입니다.
박스에 담겨있는 미개봉 새제품 입니다.",295000
음식물처리기,미닉스 음식물 처리기,미닉스 더 플렌더 음식물처리기 (새상품) 송파,거래완료,"290,000원",풍납동,2025-10-05,1,16,660,36.8℃,깜깜이,생활가전,,"미닉스 더 플렌더 음식물처리기 (가정용, 그레이지 MNFD-100G) 팝니다!
박스채 그대로 보관중입니ㄷㅏ~ 
선물 받았는데 사용하지 않아서 판매합니다. 

편하게 연락 주세요!

쿠팡 상세정보
미닉스 더 플렌더 음식물처리기 가정용
https://link.coupang.com/a/cSSTiN/?style=kakao_existing_ui
",290000
음식물처리기,미닉스 음식물 처리기,미닉스 더 플렌더 음식물처리기 MNFD-100,거래완료,"260,000원",잠실동,2025-08-31,1,6,324,69.6℃,바야,생활가전,,"미닉스 더 플렌더 음식물처리기 MNFD-100 모델이에요

- 2L 용량으로 2인 가구에 딱 좋아요
- 냄새 걱정 없는 3중 필터
- 자동 보관 모드로 편리하게 사용 가능
- 사이즈는 19.5cm x 39.5cm x 42cm 입니다
- 정가는 497,000원이에요

박스없는 새겁니다.
한번썼다고 하고 판매합니다.
제조일 2025년2월",260000
음식물처리기,미닉스 음식물 처리기,미닉스 더 플렌더(음식물 처리기),거래완료,"280,000원",잠실6동,2025-08-31,1,3,,37.2℃,아네스3506,생활/주방,,"♡MNFD-100G(2리터).
♡푸드 컨테이너.
♡2024년 4월에 45만원에 구입.
♡아들이 독립 하면서 구입 했는데 한번 
   쓰고 안썼어요.음식을 거의 사먹어서    필요가 없답니다.거의 새것이예요.



",280000
음식물처리기,미닉스 음식물 처리기,미닉스 더 플랜더 새상품 음식물 처리기,거래완료,"320,000원",삼전동,2025-08-31,6,8,180,42℃,깡쓰마켓,생활가전,,"미닉스 더 플랜더 음식물 처리기 새상품입니다!

선물받고 사용해야지 하고 박스에서 꺼내고 그대로인 새상품입니다 ;

집에서 밥을 잘 안먹다보니 사용을 못햇어요


박스만 없지 새상품이니

걱정말고 문의주세요~",320000
음식물처리기,미닉스 음식물 처리기,미닉스 맥스 음식물처리기 (새상품급),거래중,"300,000원",잠실본동,2026-08-23,1,12,,,,,,,300000
음식물처리기,미닉스 음식물 처리기,미닉스 더 플랜더 맥스 음식물처리기 3L,거래중,"290,000원",잠실본동,2026-08-01,1,49,2353,71.1℃,수곡은하,생활/주방,,"미닉스 더 플랜더 맥스 음식물처리기 3L 제품이에요
내부 구성품과 전원선 모두 사진으로 확인 가능해요
깔끔한 디자인으로 주방 어디에나 잘 어울려요
음식물 쓰레기 처리 고민이신 분들께 추천드려요",290000
음식물처리기,미닉스 음식물 처리기,새상품급 미닉스 더 플렌더 음식물처리기 MNFD-100G,거래중,"270,000원",잠실본동,2026-08-21,0,13,386,37.6℃,안사면손해,생활/주방,,,270000
음식물처리기,미닉스 음식물 처리기,원가이하) 풀무원 음처기 본품 + 필터 5개✨️ 풀무원 음식물처리기 3L 미닉스 더플랜더 락앤락 등,거래중,"320,000원",장지동,2026-08-22,0,2,130,37℃,아이스슈,,,,320000
음식물처리기,미닉스 음식물 처리기,미닉스 더플렌더 미니 음식물처리기,거래완료,"230,000원",잠실2동,2026-08-30,1,2,34,41.9℃,잠원12년차,생활가전,직거래는 이태원 남산대림 근처. 또는 잠실역 인근 가능합니다.,"미닉스 더플렌더 미니입니다. 음식물쓰레기 처리기 입니다. 
다른 제품들보다 컴팩트함이 강점. 2-3인 가족이면 충분할듯. 
이사오면서 미리 샀는데 저희 동네는 음쓰 바로 버리게되어 있어서 필요가 없네요. 몇번 써보고 거의 새것같은 상태로 판매합니다. 
미사용한 정품필터 추가로 드립니다. 지금 구성으로 구매하시면 일년은 필터걱정 없겠습니다. 

직거래는 이태원 남산대림 근처. 또는 잠실역 인근 가능합니다.",230000
음식물처리기,미닉스 음식물 처리기,미닉스 김치냉장고,거래완료,"150,000원",풍납동,2026-07-02,2,2,152,58.9℃,후니,생활가전,,"깔끔한 디자인의 미닉스 음식물처리기예요
사진에서 보이는 것처럼 본체와 구성품 모두 깨끗하게 사용했어요
음식물 쓰레기 걱정 없이 편리하게 사용해보세요
주방을 더욱 쾌적하게 만들어 줄 아이템이랍니다

1달사용했습니다",150000
음식물처리기,미닉스 음식물 처리기,미닉스 더 플렌더 음식물처리기 basic 송파,거래완료,"180,000원",삼전동,2026-08-01,2,4,251,37.6℃,이름,생활가전,삼전역 직거래 원합니다,"미닉스 더 플렌더 음식물처리기 판매합니다

구매 후 사용 몇번 안해서 내솥상태 괜찮습니다
새 필터는 7월 초에 바꿨습니다

빨리판매하고싶어서 가격 낮췄습니다
삼전역 직거래 원합니다
(교환환불은 안됩니다)",180000
음식물처리기,미닉스 음식물 처리기,미닉스 음식물처리기 2L,거래완료,"220,000원",방이2동,2026-06-02,3,10,188,46℃,코지원슝이,생활가전,,"사용한지 1년 좀 안되었고, as 받아 이상없는 상태입니다. 내솥 세척도 받아 깨끗합니다. 
겉면이 전반적으로는 깨끗하나 약간의 생활감은 있습니다. 참고해주세요. 
숯필터 들어있습니다. 비닐로 포장되어 있으니 제거하고 사용하시면 됩니다. 

판매가격 : 22만원 -> 쿨거래/빠른거래 시 20만원
제조년월 : 25년 6월",220000
음식물처리기,미닉스 음식물 처리기,미닉스 플렌더 음식물처리기 팝니다,거래완료,"100,000원",신천동,2026-07-02,1,2,105,45.3℃,백곰v,생활가전,,"미닉스 플렌더 음식물처리기입니다.

음식물 쓰레기 부피를 획기적으로 줄여주는 제품입니다.

외관에 사용감은 좀 있지만, 음식물 쓰레기 냄새 제거에는 아주 효과적입니다.

- 친환경 필터를 사용하여 더욱 안심하고 사용할 수 있습니다.
- 음식물 쓰레기를 쉽고 빠르게 처리할 수 있습니다.

장소는 잠실 파크리오 아파트 입니다.",100000
음식물처리기,미닉스 음식물 처리기,미닉스 더 플랜더 맥스 음식물처리기(추가필터 포함),거래완료,"330,000원",잠실4동,2026-08-01,1,3,64,38.4℃,mawang520,생활가전,,"-미닉스 더 플랜더 맥스 음식물처리기 MNFD-200G 판매합니다.

 -26년 4월에 어머니 사용하시라고 구입했는데 한 두번 써보고 손이 잘 안 가신다 해서 판매합니다.

-구성품은 본체와  설명서, 보증서 그리고 필터도 여분으로 산거 새거로 하나 더 있습니다. 

-사진에서 보시는 것처럼 새상품처럼 깔끔합니다.",330000
음식물처리기,미닉스 음식물 처리기,미닉스 더 플렌더 프로(미개봉),거래완료,"310,000원",잠실4동,2026-08-01,3,5,135,41.3℃,규규규다,생활가전,,"미닉스 더 플렌더 프로 음식물처리기 입니다.
Pass 이벤트 당첨 되서 받았으나 필요가 없어 판매합니다
박스채 그대로 드립니다",310000
음식물처리기,미닉스 음식물 처리기,미닉스 더 플렌더 PRO 음식물처리기 가정용 그레이지,거래완료,"330,000원",잠실6동,2026-07-02,0,1,31,43.6℃,파나세PanaChe,생활/주방,"거래방식: 직거래 및 택배거래 가능, 안전거래 지원","[제품 개요]
2605297306
본 제품은 **미닉스** **더 플렌더 PRO**로, 가정용 음식물 처리기입니다. 그레이지 컬러의 세련된 외관과 전원, 버튼 조작, 세척 기능이 정상 확인된 제품입니다.

[상세 사양]
- 모델명: MNFD-120G
- 제품명: 미닉스 더 플렌더 PRO 음식물처리기
- 색상: 그레이지
- 카테고리: 가사가전

[제품 상태 평가]
- 외관 상태: 외관 검수 결과 문제없으며, 겉면에 미세한 생활 스크래치 1~2곳과 내부 스테인레스 덮개의 약간의 사용감이 있습니다.
- 작동 상태: 전원, 버튼 조작, 세척 기능 등 정상 작동이 확인되었습니다.
- 특이사항: 구성품 누락은 없으나, 내부 스테인레스 덮개에 약간의 사용감이 있으며 겉면에 미세한 생활 스크래치가 1~2곳 있습니다.

[포함 구성품]
- 본체
- 구성품 전체
- 누락 없음

[거래 조건]
- 희망가격: 399080원
- 거래방식: 직거래 및 택배거래 가능, 안전거래 지원
- 문의사항이 있으시면 연락 부탁드립니다.


♧무료배송
♧주문후 익일 발송(주말 제외)",330000
음식물처리기,미닉스 음식물 처리기,미닉스 더플렌더 Max 건조분쇄 음식물처리기 그레이지,거래완료,"370,000원",잠실6동,2026-07-02,0,0,35,43.6℃,파나세PanaChe,생활/주방,"거래방식: 직거래 및 택배거래 가능, 안전거래 지원","[제품 개요]  
2605128180
본 제품은 **미닉스 더플렌더 Max**로, 가정용 **건조분쇄 음식물처리기**입니다. 그레이지 색상 모델이며, 음식물 처리에 필요한 건조 및 분쇄 기능을 갖춘 생활가전입니다.

[상세 사양]  
- 상품명: 미닉스 더플렌더 Max 건조분쇄 음식물처리기  
- 모델명: MNFD-200G  
- 색상: 그레이지  
- 용도: 가정용  
- 분류: 생활가전  

[제품 상태 평가]  
- 외관 상태: 매우 깨끗하며 외관 검수 결과 문제없음입니다.  
- 작동 상태: 건조 기능의 내부 가열이 정상 작동하며 내부 프로펠러 기능도 정상 작동합니다.  
- 특이사항: 내부 용기 사용감이 거의 없으나, 검수 기준상 외관과 내부 사용 흔적 여부를 반드시 확인하시기 바랍니다.  

[포함 구성품]  
- 본체  
- 내부 용기  
- 기본 구성품 일체  

[거래 조건]  
- 희망가격: 502800원  
- 거래방식: 직거래 및 택배거래 가능, 안전거래 지원  
- 문의사항이 있으시면 연락 부탁드립니다.


♧무료배송
♧주문후 익일 발송(주말 제외)",370000
음식물처리기,미닉스 음식물 처리기,미닉스 더플렌더 MAX 음식물처리기 그레이지 3L 송파,거래완료,"350,000원",삼전동,2026-06-02,2,3,109,39.9℃,쪼밍밍잉,생활가전,,"미닉스 더플렌더 MAX 음식물처리기 그레이지 3L 제품이에요
사진에서 보시는 것처럼 깔끔한 디자인이 돋보여요
구매 후 한 번 사용한 거의 새상품이에요
집에서 음식물 처리를 할 일이 없어서 판매합니다!
소음도 없고 용량도 큰 신상품이라 이 가격에 사시면 이득 보시는 거에요!!
쿨거래 시 에눌 가능이요 가격 제시해주세요",350000
음식물처리기,미닉스 음식물 처리기,미닉스 더 플랜더 플러스 크림화이트,거래완료,"320,000원",방이동,2026-05-03,1,1,49,38.1℃,주미니,생활가전,직거래 희망합니다.,"미닉스 더 플렌더 플러스 음식물처리기 크림화이트 색상 미개봉 새제품입니다. 

그레이지 색상의 2L 푸드 컨테이너도 함께 드려요.
주방을 깔끔하게 만들어 줄 아이템이에요.

- 음식물 쓰레기 악취 제거에 효과적입니다.
- 음식물 쓰레기를 편리하게 처리할 수 있습니다.
- 모델명은 MNFD-110CV입니다

직거래 희망합니다.",320000
음식물처리기,미닉스 음식물 처리기,"미닉스 더플렌더 Max 3L 대용량 음식물처리기 / 조용하고 냄새제로 그레이지,거의 새것 같은 최상급",거래완료,"340,000원",잠실6동,2026-05-03,7,10,139,43.6℃,파나세PanaChe,생활/주방,🚚 직거래/택배 모두 가능 / 안전거래 환영,"2603053101
✔ 모델명: 미닉스 더플렌더 Max  
✔ 기능: 건조분쇄 처리, 자동보관 모드, 세척 모드  
✔ 상태: 거의 새것 같은 최상급 상태  
✔ 구성품: 풀 구성품 모두 포함  

🧹 💻 주요 스펙/기능  
- 3L 대용량 건조분쇄 처리  
- 고온 건조로 악취 차단  
- 저소음 작동  

📱 편의 기능  
- 자동 보관 모드  
- 간편 세척 모드  

📦 상태 설명  
- 외관 상태: 문제없음, 제품 외부 사용감 거의 없음  
- 작동 상태: 전원 및 버튼 기능 정상, 표준모드 및 세척모드 정상 작동  
- 특이사항: 구성품 누락없음  

💡 추천 이유  
- 주방 냄새 걱정 없이 쾌적함 유지, 벌레 발생 없음  
- 대용량으로 4인 가족도 여유롭게 사용 가능  

💰 희망가: 497800원  
🚚 직거래/택배 모두 가능 / 안전거래 환영  

관심 있으시면~

안심결제로 택배거래 선호합니다.
(‼️직거래시 예약금 있습니다.)
직거래 가능 장소>>잠실 장미상가 인근,성남종합운동장 인근",340000
음식물처리기,미닉스 음식물 처리기,미닉스 더 플랜더 음식물처리기 MNFD-100G(미사용품) 송파,거래완료,"250,000원",오금동,2026-02-02,1,14,295,36.6℃,부니부니,생활가전,,"25년도 3월 선물받은 미닉스 음식물 처리기를
판매합니다

한번도 사용하지 않은 미사용 제품이고 이사가서 사용하려 했는데 이사온집에 이미 설치되어 있어 내놓습니다

리필필터 2개 +플랜더용 수세미1개
미개봉 드립니다 
사용설명서도 있습니다
",250000
음식물처리기,미닉스 음식물 처리기,미닉스 더 플렌더 음식물처리기 (새상품),거래완료,"290,000원",풍납동,2025-10-05,1,16,661,36.8℃,깜깜이,생활가전,,"미닉스 더 플렌더 음식물처리기 (가정용, 그레이지 MNFD-100G) 팝니다!
박스채 그대로 보관중입니ㄷㅏ~ 
선물 받았는데 사용하지 않아서 판매합니다. 

편하게 연락 주세요!

쿠팡 상세정보
미닉스 더 플렌더 음식물처리기 가정용
https://link.coupang.com/a/cSSTiN/?style=kakao_existing_ui
",290000
음식물처리기,미닉스 음식물 처리기,미닉스 더 플렌더 PRO 음식물처리기 새상품팝니다.,거래완료,"355,000원",송파1동,2025-10-05,4,2,130,56.9℃,링어링어앵앵,생활가전,,"안녕하세요!
이번 4월에 이사오면서 선물받았는데
한번도 안쓰게 되어서 팝니다.
쓰려고 뜯어서 박스는 버려서 없습니다.

제가 팔려고 보니 앞쪽에 기스가 살짝 있어서
엄청 저렴하게 내놨어요!
꼼꼼히 확인해주세요!

구버전 아니고 자동기능 있는 이번에 
새로출시한 미닉스 pro 음식물처리기입니다.

모델명 MNFD-120G 새상품입니다.
푸드컨테이너도 같이 드려요!

가락고등학교앞에서 가능합니다.",355000
음식물처리기,미닉스 음식물 처리기,미닉스 더플렌더 Pro 새상품,거래완료,"310,000원",방이2동,2025-10-05,5,1,114,40.5℃,크크크킄,생활가전,,"미닉스 더플렌더 Pro 음식물 처리기 새상품입니다!
박스에 담겨있는 상태 그대로 드려요~

색상은 그레이고 모델명은 MNFD-120G입니다",310000
음식물처리기,미닉스 음식물 처리기,미닉스 더 플렌더 음식물처리기,거래완료,"330,000원",가락본동,2025-08-31,7,13,486,73.5℃,힘을내요미스터킴,생활가전,되도록이면 직거래 하려고합니다.,"미닉스 더 플렌더 음식물처리기 (더프로 아님!!!)

색상은 그레이지이고 모델명은 MNFD-100G(2리터)입니다

미닉스 더 플렌더 선물 받았는데
사용하고 있는 제품이 따로 있어서
올리게 되었습니다.

한번 테스트로 사용해본 제품입니다!

관심있으신분 연락주세요.

부피가 있고 택배 시 파손 우려 때문에
되도록이면 직거래 하려고합니다.
근거리까지는 조율가능합니다.
편하게 연락주세요.
",330000
음식물처리기,미닉스 음식물 처리기,미닉스 더 플렌더 음식물처리기 송파,거래완료,"240,000원",오금동,2025-08-31,4,2,191,37.5℃,단촐하게,생활가전,,"안녕하세요
미닉스 음식물처리기( 2리터) 판매합니다
상태좋습니다

구입후  다섯번정도 사용하고 보관해왔습니다
저희 집에는 용량이 조금 작아서 더 큰것으로
구입하고 내놓습니다

국내생산이고  집안 어디에 놓아도 어울립니다
조용하고  냄새 안나고  품질도 좋습니다

* 푸드컨테이너와  필터한팩 드립니다",240000
음식물처리기,미닉스 음식물 처리기,미닉스 더 플랜더 새상품 음식물 처리기 송파,거래완료,"320,000원",삼전동,2025-08-31,6,8,181,42℃,깡쓰마켓,생활가전,,"미닉스 더 플랜더 음식물 처리기 새상품입니다!

선물받고 사용해야지 하고 박스에서 꺼내고 그대로인 새상품입니다 ;

집에서 밥을 잘 안먹다보니 사용을 못햇어요


박스만 없지 새상품이니

걱정말고 문의주세요~",320000
음식물처리기,미닉스 음식물 처리기,미닉스 음식물처리기,거래완료,"250,000원",잠실동,2025-08-31,5,4,175,38.5℃,구름빵빵,생활가전,,"미닉스 음식물처리기입니다

* 3L 용량
* 화이트 색상
* 자동 문열림 기능
* 냄새 제거에 효과적
* 필터 교체형


부모님 사드렸는데
구매후 5번도 사용 안한거 같아요 

저렴하게 판매 합니다
트리지움 지하에서 거래 가능합니다",250000
음식물처리기,미닉스 음식물 처리기,미닉스 더 플렌더 PRO 음식물 처리기,거래중,"254,000원",장지동,2026-09-01,0,0,9,37.9℃,소라,생활/주방,,"미닉스 더 플렌더 PRO 음식물 처리기 가정용 그레이지 MNFD-120G-021 모델이에요.
437,300원에 구매했어요.
전체적으로 변색이 있으나 실사용에는 지장이 없습니다.
세척 모드와 건조 모드 등 기능 정상 작동 확인했습니다!

🚚 택배 거래만 가능합니다.",254000
음식물처리기,미닉스 음식물 처리기,미닉스 더 플렌더 음식물처리기 미니(새상품) 송파,거래중,"260,000원",석촌동,2026-08-20,1,13,134,40℃,스미냑,생활가전,,"미닉스 더 플렌더 음식물처리기 미니 제품이에요
선물받았는데 필요가없네요
오늘의집에서 배송출발전이고 배송을 집쪽으로보내드리는 완전 새상품이에요",260000
음식물처리기,미닉스 음식물 처리기,미닉스 더 플랜더 맥스 음식물처리기 MNFD-200G,거래중,"320,000원",장지동,2026-08-28,0,1,41,41.3℃,당근바로구매,생활/주방,,,320000
음식물처리기,미닉스 음식물 처리기,미닉스 더플랜더 Max 음식물처리기,거래중,"290,000원",풍납동,2026-08-02,1,15,833,88.4℃,당거지사절,생활/주방,,"미닉스 더플랜더 Max 음식물처리기 판매해요
한두번사용
26년 제조
서비스에 문제없고 미닉스는 서비스잘해줘요",290000
음식물처리기,미닉스 음식물 처리기,미닉스 더 플랜더 음식물처리기,거래중,"150,000원",풍납동,2026-09-01,1,24,181,54.6℃,닐리리맘보,생활가전,,"음쓰기 없었을 때 어떻게 살았나 몰라요
돌리기만하면 싹 갈아서 가루로 만들어주니까
냄새 걱정 벌레 걱정 없이 잘 썼습니다

아이 이유식 시작하면서
음쓰가 많아져서 더 큰 미닉스로 바꿨어요

1년 사용했고
깨끗하게 닦아놨습니다
필터도 1달 전에 새걸로 갈았어요

옆라인에 살짝 그을린 자국이 있으나
사용하는데는 전혀 문제 없습니다
참고하셔서 구매해주세요!",150000
음식물처리기,미닉스 음식물 처리기,미닉스 음식물처리기 더 플랜더 프로 송파,거래완료,"130,000원",석촌동,2026-08-02,2,10,231,48.8℃,무지개,생활/주방,,"미닉스 더 플랜더 프로 음식물처리기 입니다
사용 3개월정도고 대가족이라 음쓰양이 감당이 안돼 그냥 버리는게 많아지다보니 안쓰고 처박아두게 되네요..ㅠㅠ 
초반에 신나서 한참 국물있는거 그대로 다넣고 돌렸더니 다 달라붙어서 그럴때마다 칼로 뜯어냈더니 그뒤로 내솥기능을  잃은듯해요ㅜ 내솥은 따로 사야할거 같지만 이것도 원하시면 드릴게요 그래서 싸게 올립니다
화이트 색상이구요
필터는 교환하고 얼마 안썼던거 같아 그대로 청소만하고 뒀습니다 
1인이나 2인가구는 혁명적인 아이템이 분명합니다
냄새도 김치찌개?같은 냄새 아주 약하게 나고 끝나면 털어 버리면 됩니다
*단 국물은 꼭 비우고 버리세요..*",130000
음식물처리기,미닉스 음식물 처리기,"미닉스 더플렌더 Max 건조분쇄 음식물처리기 그레이지 MNFD-200G 가정용-030,거의 새것 같은 최상급",거래완료,"320,000원",잠실6동,2026-06-03,2,0,26,43.6℃,파나세PanaChe,생활/주방,"거래방식: 직거래 및 택배거래 가능, 안전거래 지원","2604091072

[제품 개요]
본 제품은 미닉스 더플렌더 Max로, 건조와 분쇄 방식을 함께 사용하는 가정용 음식물처리기입니다. 3L 용량과 18dB 저소음 설계가 적용된 제품으로, 주방에서 음식물 처리 부담을 줄이는 데 적합합니다.

[상세 사양]
- 모델명: MNFD-200G
- 처리 방식: 분쇄 + 건조
- 처리 용량: 3L
- 소음: 18dB
- 추천 사용 인원: 4~6인
- 무게: 9.3kg
- 크기: 195 x 341 x 422mm
- 전원 관련 기능: 열풍건조, 자동보관, 자동처리, 자동세척, 자동절전
- 부가 기능: 추가투입가능, 음소거모드, 내통이동식손잡이, 세라믹코팅, 인디케이터, 제로모이스트

[제품 상태 평가]
- 외관 상태: 외관 검수 결과 문제없으며, 전체적으로 상태 양호합니다.
- 작동 상태: 가열 및 믹서 기능이 정상 작동하며, 터치 버튼도 정상입니다.
- 특이사항: 사용감이 있으며, 거의 새것 같은 최상급 상태로 관리된 제품입니다.

[포함 구성품]
- 미닉스 더플렌더 Max 본체
- 내부 용기
- 기본 구성품 일체
- 사용 관련 부속품

[거래 조건]
- 희망가격: 493300원>>320,000
- 거래방식: 직거래 및 택배거래 가능, 안전거래 지원
- 문의사항이 있으시면 연락 부탁드립니다.

♧안심결제로 택배거래 선호합니다.
    (‼️직거래시 예약금 있습니다.)

    [직거래 가능 장소]
    송파구 잠실 장미상가 
    성남시 성남종합운동장 인근
    가산디지털단지역 인근

♧무료배송
♧주문후 익일 발송(주말 제외)",320000
음식물처리기,미닉스 음식물 처리기,미닉스 pro 음식물처리기 새상품 송파,거래완료,"340,000원",오금동,2026-01-04,1,2,81,39.7℃,네고반품진상사절xxx,생활가전,,"미닉스 음식물쓰레기 처리기 입니다
궁금해서 박스만 개봉해본 씰 그대로 붙어있는 새상품입니다
박스째로 있고 스티리폼 그대로 있습니다 
기계 들어있던 투명한 비닐봉지는 손톱에 찢어져서 버렸습니다

",340000
음식물처리기,미닉스 음식물 처리기,미닉스 더 플렌더 음식물처리기 송파,거래중,"180,000원",거여1동,2026-08-02,0,2,93,50.3℃,지리,생활가전,,"미닉스 더 플렌더 음식물처리기입니다
깔끔한 디자인으로 어느 주방에나 잘 어울려요
음식물 쓰레기 냄새 걱정 없이 쾌적한 주방을 만들어보세요

내솥은 사용감 있습니다! 
이사가야해서 저렴하게 올려요~!",180000
음식물처리기,미닉스 음식물 처리기,(새상품급) 미닉스 더플랜더 PRO 음식물처리기,거래중,"250,000원",풍납동,2026-09-01,0,3,19,53℃,메이파파,생활/주방,,,250000
음식물처리기,미닉스 음식물 처리기,미닉스 음식물처리기 더 플랜더,거래중,"230,000원",위례동,2026-08-28,0,5,113,41.7℃,Lia,생활가전,,"미닉스 더 플랜더 맥스 음식물처리기 판매해요.
올해 2월에 사서 많이 안썼습니다.
그래도 사시는 분을 위해 필터 새로사서 바꿨습니다. 바로 사용하시면 되구요. 건조된 음식물쓰레기를 모아놓는 통도 같이 드리고 필터교환하고 남은것도 같이 드립니다.
싸게 올리니 에눌문의는 정중히 사양합니다. 가전제품이니 환불도 어렵습니다. 감사합니다~.",230000
음식물처리기,미닉스 음식물 처리기,미닉스 더 플랜더 PRO ㅡ 미사용 새제품 송파,거래중,"300,000원",거여동,2026-08-02,3,9,150,38.2℃,남매엄마,생활가전,,"미닉스 더 플랜더 PRO 음식물 처리기 판매해요
2L 용량에 하이퍼 건조, 제로 노이즈 모드까지 갖췄어요
호평받는 강력한 탈취 성능을 자랑합니다

선물받아서 상자만 버린상태이고 
한번도 사용하지 않은 완전 새제품입니다. ",300000
음식물처리기,미닉스 음식물 처리기,미닉스 음식물 처리기 더플렌더 PRO (1회 사용),거래중,"360,000원",위례동,2026-03-05,1,19,376,38.6℃,밍밍,생활가전,,"미닉스 음식물 처리기 더플렌더 PRO
1회 사용으로 사용감 X
기스나 오염 X

직접 가져가셔야 해요!
+포장안뜯은 하드필터 리필 1개 같이

36만원",360000
음식물처리기,미닉스 음식물 처리기,미닉스 더 플렌더 MNFD-100G 음식물처리기,거래완료,"100,000원",문정동,2026-08-10,2,5,128,63.8℃,둘리,생활가전,,"미닉스 더 플렌더 음식물처리기 MNFD-100G 모델이에요
가정에서 사용하기 좋은 제품입니다
사진에서 보이는 구성품 그대로 드려요

내솥 / 필터 26년 1월에 새걸로 바꿔서 아직 쓸만합니다

음쓰처리기 입문용으로 사용하기에 적합할 거 같습니다

가지러 오셔야 합니다",100000
음식물처리기,미닉스 음식물 처리기,미닉스 더 플렌더 맥스 3L 음식물처리기,거래완료,"200,000원",문정동,2026-08-18,4,5,168,99℃,하늘,생활가전,,"미닉스 더 플렌더 맥스 3L 음식물처리기 그레이지 색상이에요
3리터입니다.통은 새것이며.본체뚜껑 미세흔적
스크래치보입니다.
거의 안보이는 정도

2026년5월제조
*바로 구입되실분만 가능합니다*",200000
음식물처리기,미닉스 음식물 처리기,[급처]미닉스 음식물처리기 MNFD-100G (상태최상),거래완료,"220,000원",신천동,2026-08-02,2,9,245,40.9℃,랑마,생활가전,직거래 혹은 문고리 거래 가능합니다!,"25년도에 60만원 주고 구매했고요, 
집에서 요리를 잘 못해먹어서 사용 빈도가 굉장히 낮습니다!! 거의 일년 보관수준이에요!! 

직거래 혹은 문고리 거래 가능합니다! 

빨리 정리 하고 싶어서 가격 많이 내렸습니다!! 

잘 쓰실 분 연락 주세요!


미닉스 음식물처리기 MNFD-100G 판매해요
사진에 보이는 구성품 그대로 드려요
깔끔한 디자인으로 어느 주방에나 잘 어울려요
음식물 쓰레기 처리 고민이신 분들께 추천드려요",220000
음식물처리기,미닉스 음식물 처리기,미닉스 더 플랜더 음식물처리기 송파,거래완료,"150,000원",풍납동,2026-07-03,4,7,370,58.9℃,후니,생활가전,,"미닉스 더 플랜더 음식물처리기 판매해요
깔끔한 베이지색상으로 어떤 주방에도 잘 어울려요
음식물 쓰레기 부피를 줄여주고 냄새 걱정 없이 사용할 수 있어요
주방 환경을 쾌적하게 만들고 싶으신 분들께 추천드려요

컨테이너 포함입니다",150000
음식물처리기,미닉스 음식물 처리기,미닉스 음식물처리기 더 플랜더 맥스 송파,거래완료,"250,000원",거여1동,2026-07-03,1,2,175,39.4℃,찰꾼,생활가전,,"미닉스 더 플랜더 맥스 음식물처리기 판매합니다.

실사용 10회 정도 되고, 통세척해서 드려요!

구성 (본체 박스 X)
- 본체 + 필터 장착
- 푸드 컨테이너 2개 (새상품1, 사용품1)
- 활성탄 필터 1개 (새상품)

거래 장소는 채팅 주시면 협의해서 정해요!",250000
음식물처리기,미닉스 음식물 처리기,미닉스 더 플렌더 PRO 음식물처리기,거래완료,"300,000원",문정동,2026-06-03,2,17,219,39.8℃,호호호호,생활가전,,"미닉스 더 플렌더 PRO 음식물처리기입니다.

선물로 받아서 부모님께 드렸는데, 막상 보시더니 필요없으시다 하셔서 올려요.ㅠㅠ
포장만 뜯고 한번도 사용안하고 바로 다시 포장해서 박스에 넣은 완전 새제품입니다!! 
구성품 모두 포함되어 있고, 깔끔한 화이트 색상으로 어떤 주방에도 잘 어울려요

사용한 경험이 없어서..
네이버 공식몰 주소 첨부합니다!
참고해보시면 좋을 것 같아요 ㅎㅎ

https://naver.me/x3jKoiJs

집에서 음식물 처리하기 번거로우신 분들 편하게 연락해주세요!! :)",300000
음식물처리기,미닉스 음식물 처리기,미닉스 더 플랜더 맥스 음식물처리기 3L MNFD-200G,거래완료,"250,000원",문정동,2026-04-04,2,4,124,99℃,하늘,생활가전,,"2025년11월제조

세척하며 까짐 보입니다.
쓰시는데는 무방합니다.
",250000
음식물처리기,미닉스 음식물 처리기,미닉스 더 플랜더 프로 음식물 처리기 MNFD-120G,거래완료,"330,000원",잠실6동,2026-04-04,2,7,264,43.6℃,파나세PanaChe,생활가전,🚚 직거래/택배 모두 가능 / 안전거래 환영,"2603238969
미닉스 더 플랜더 프로 음식물 처리기 MNFD-120G입니다

- 음식물 쓰레기를 빠르고 효율적으로 처리해줍니다
- 냄새 걱정 없이 위생적인 주방 환경을 유지할 수 있습니다
- 모델명: MNFD-120G
- 소비전력: 0.5kW
- 제조년월: 2025년 11월

✔ 모델명: 미닉스 더 플렌더 PRO  
✔ 기능: 분쇄+건조 처리, 자동 보관 및 세척, 저소음 무취 탈취  
✔ 상태: 거의 새것 같은 최상급 상태  
✔ 구성품: 본체, 모든 구성품 완비  

🧹 💻 주요 스펙/기능  
- 처리용량: 2L (1-2인 가정 추천, 4인 이하 가능)  
- 소음: 19.9dB (제로 노이즈 모드)  
- 감소량: 93% (고온 130도 열풍건조)  

📱 편의 기능  
- 자동처리 (700g 이상 시 자동 분쇄+건조 시작)  
- 자동세척+절전+보관 모드  

📦 상태 설명  
- 외관 상태: 문제없음, 제품 외부 사용감 전혀 없음  
- 작동 상태: 전원 및 버튼 기능 정상, 표준모드와 세척모드 모두 정상 작동  
- 특이사항: 구성품 누락 전혀 없음  

💡 추천 이유  
- 주방 공간 절약 콤팩트 디자인에 강력 맷돌 분쇄로 닭뼈·생선뼈도 OK  
- 냄새 걱정 없이 풀 오토 시스템으로 편리함 극대화  

💰 희망가: 424100원  >>330,000
🚚 직거래/택배 모두 가능 / 안전거래 환영  

당근페이 안심결제로 택배거래 선호합니다.
(‼️직거래시 예약금 있습니다.)",330000
음식물처리기,미닉스 음식물 처리기,미닉스 음식물처리기 MNFD-100G,거래완료,250원,가락본동,2026-04-04,2,18,402,42.1℃,두부부,생활/주방,직거래는 CU 가락일등점 앞에서 합니다,"미닉스 더 플렌더 음식물처리기 

제품명 : MNFD-100G(2리터)

제조년월일은 2024년8월입니다 

선물받았는데 두번정도 사용하고 
보관만하여 판매합니다

사진에 보이시는 구성품이 전부입니다 

음식물 쓰레기를 빠르고 간편하게 처리할 수 있습니다
- 냄새 걱정 없이 위생적인 주방 환경을 유지할 수 있습니다
- 음식물 쓰레기 처리 시간을 단축시켜줍니다
- 필터 포함

직거래는 CU 가락일등점 앞에서 합니다 
(서울 송파구 가락동 128-8 혜강빌딩)

먼저 톡오신 순이 아니라 입금순입니다.
(읽씹,불발하시는 분들 종종 계셔서요ㅠㅠ)

당근페이 혹은 현금으로만 거래합니다 (계좌거래 불가)

중고거래 교환•환불은 안됩니다 

신중구매 부탁드려요~~ ^^",250
음식물처리기,미닉스 음식물 처리기,미닉스 더 플랜더 MNFD-120g 음식물처리기,거래완료,"200,000원",문정동,2026-04-04,2,3,98,99℃,하늘,생활가전,,"미닉스 더 플랜더 음식물처리기 MNFD-120g 모델입니다
음식물 쓰레기를 빠르고 간편하게 처리할 수 있습니다
- 냄새 걱정 없이 위생적으로 사용 가능합니다

공간많이 차지하지 않아요.
잠시쓴 정도
2025년제조",200000
음식물처리기,미닉스 음식물 처리기,미닉스 음식물처리기 판매합니다,거래완료,"100,000원",삼전동,2026-03-05,3,0,210,41.1℃,바나나빵,생활가전,,,100000
음식물처리기,미닉스 음식물 처리기,새제품(미개봉) 미닉스 더 플렌더 Pro 음식물처리기 송파,거래완료,"320,000원",거여1동,2026-03-05,2,1,134,39.7℃,어흥,생활가전,직거래하면 집 주소 알려드릴게요 꽤 무거워서(9kg)차 끌고 오셔야할거같아요,"미닉스 더 플렌더 Pro 음식물처리기
설에 받았는데 집에 있어서 
새제품(미개봉) 당근해요!
네이버 공홈으로 보니까 
할인가 40만원 정도에 판매중이에요

직거래하면 집 주소 알려드릴게요 꽤 무거워서(9kg)차 끌고 오셔야할거같아요",320000
음식물처리기,미닉스 음식물 처리기,미닉스 음식물 처리기 더플렌더 PRO 가정용 분쇄기 건조기 MNFD-120G 송파,거래완료,"250,000원",마천1동,2026-02-03,3,4,231,40.5℃,해달별,생활가전,직거래는 마천공원에서 합니당,"미닉스 음식물 처리기 더플렌더 PRO 가정용 분쇄기 건조기 MNFD-120G

작년에 구매했구요
사용은 10회 정도했습니다

구성품은 사진대로입니다

직거래는 마천공원에서 합니당

자세한 사양은 미닉스 쇼핑몰 참고해주세요

https://brand.naver.com/minix/products/11562012518",250000
음식물처리기,미닉스 음식물 처리기,미닉스 더 플렌더 pro 음식물 처리기 가정용 그레이지 송파,거래완료,"260,000원",거여2동,2026-02-03,3,4,217,44.6℃,qwertyoio,생활가전,,"25년 구매
한달 사용
다른 제품이 생겨서 내놉니다

MNFD - 120G",260000
음식물처리기,미닉스 음식물 처리기,미닉스 음식물처리기 MNFD-100G,거래완료,"230,000원",문정동,2025-10-06,1,4,178,37.3℃,레나,생활/주방,,"미닉스 음식물처리기 MNFD-100G 모델입니다.

- 2L 용량
- 모델명: MNFD-100G
- 푸드 컨테이너, 필터 포함
- 두번정도 사용했습니다",230000
음식물처리기,미닉스 음식물 처리기,미닉스 음식물처리기 송파,거래완료,"230,000원",거여1동,2025-09-01,8,20,728,49.9℃,낄이,생활가전,,"미닉스 음식물처리기 판매합니다.

선물받아 4개월간 일주일에 두번정도 사용했습니다
깔끔떠는 성격이라 사용시마다 닦고 내솥 세척도 꼼꼼하게 했습니다
그래도 음식물 처리기라 약간의 생활오염 있는점 참고 부탁드려요",230000
음식물처리기,미닉스 음식물 처리기,미닉스 식기세척기,거래중,"200,000원",문정동,2026-04-04,0,6,164,40.3℃,sssss,생활가전,,"사용후 3회정도 사용했습니다!
25년 1월 구매
당근으로 사려다가 무거울 것 같아서 그냥 새거 샀는데 그냥 설거지를 해버려서 잘 안쓰게 되네요!
식기세척기 전용 세제태블릿도 드릴게요!

필요시 제가 배송도 해드릴수 있으니
연락주세요!!",200000
음식물처리기,미닉스 음식물 처리기,미닉스 더 플랜더 맥스 음식물처리기 3리터,예약중,"190,000원",문정동,2026-08-27,3,4,83,99℃,하늘,생활가전,,"2026년4월제조

잠시사용 
3리터로 넉넉하고 사용시 생기는 내부 스크래치
있습니다.깨끗합니다.",190000
음식물처리기,미닉스 음식물 처리기,미닉스 음식물처리기 더 플렌더 Pro 내솥,거래완료,"30,000원",위례동,2026-07-03,2,3,127,44.7℃,송이버섯,생활/주방,,"내솥 교체시기가 된 것 같아 구매했는데 Pro 모델로 기억하고 내솥을 잘못 구매했어요. ㅠㅠ
내솥 교체했는데도 건조도 분쇄도 제대로 안되서 확인해보니 잘못 샀네요. Basic으로 다시 구매했어요.
4-5번 정도 돌렸어요. 잘 세척해 두었어요.",30000
음식물처리기,미닉스 음식물 처리기,미닉스 더 플렌더 음식물처리기 MNFD-100G,거래완료,"230,000원",위례동,2026-02-03,1,0,89,42.7℃,심플리,생활가전,,"미닉스 더 플렌더 음식물처리기 MNFD-100G 모델입니다
24년 7월 제조된 제품으로 
10회 정도 사용했고 깨끗한 상태입니다.

박스는 없고 본품만 있습니다.
필터 따로 구매하시어 교체하시면 좋을듯 합니다.",230000
음식물처리기,미닉스 음식물 처리기,미닉스 더 플렌더 음식물처리기 가정용,거래완료,"380,000원",위례동,2025-09-01,2,2,249,41.7℃,석사부,생활가전,파손위험으로 직거래위주로 부탁드립니다.,"미닉스 더 플렌더 음식물처리기 

약 2-3회 사용한 점 감안하여 올립니다.

상태는 보시는것과 같이 깨끗하나 4번째사진의 분쇄기 쇠통에 미세 스크래치 있습니다

처가댁에 선물드렸으나 시골이라 사용할 일 없으실것같다고 하여 판매합니다.

공식 필터 1개(33,000원) 함께 동봉하여드립니다.

트레이더스에서 438,000원에 판매했었습니다. 현재는 468,000원으로 알고 있습니다.

파손위험으로 직거래위주로 부탁드립니다.

https://link.coupang.com/a/cildkJ",380000
음식물처리기,미닉스 음식물 처리기,미닉스 식기세척기 PRO 새제품(배달가능) 송파,거래중,"245,000원",장지동,2026-04-04,2,28,377,41.1℃,니냐니뇨,생활가전,,"미닉스 무설치 식기세척기 PRO 새제품입니다.

남편한테 미닉스 음식물처리기 사랬더니 식기세척기를 사왔네요.. 
기간이 지나 반품이 어려워 당근합니다.",245000
음식물처리기,미닉스 음식물 처리기,미닉스 음식물처리기 더 플렌더 Pro 내솥 하남,거래완료,"30,000원",위례동,2026-07-03,2,3,128,44.7℃,송이버섯,생활/주방,,"내솥 교체시기가 된 것 같아 구매했는데 Pro 모델로 기억하고 내솥을 잘못 구매했어요. ㅠㅠ
내솥 교체했는데도 건조도 분쇄도 제대로 안되서 확인해보니 잘못 샀네요. Basic으로 다시 구매했어요.
4-5번 정도 돌렸어요. 잘 세척해 두었어요.",30000
음식물처리기,미닉스 음식물 처리기,미개봉 새상품) 미닉스 더 플렌더 플러스 음식물처리기,거래완료,"330,000원",가락동,2026-04-04,3,10,197,49.2℃,우아맘,생활가전,부피로인해 직거래만 합니다~,"미닉스 더 플렌더 플러스 음식물처리기 미개봉 새제품입니다. 
- 음식물 쓰레기 악취 제거에 효과적입니다.
- 음식물 쓰레기를 편리하게 처리할 수 있습니다.
- 크림화이트 색상입니다.
- 모델명은 MNFD-110CV입니다.

사용하기 간편하고 음식물 부피도 줄어들고 건조되서 처리하니 편리합니다.
여섯 식구라 음쓰가 많이 나와 2L로 2개 구매했는데 1개로도 사용하기 적당해서 남은 1개 판매합니다~ 포장뜯은 실사용 제품 사진은 제가 사용하고 있는 제품이며 판매하는 제품은 미개봉 상태입니다~

부피로인해 직거래만 합니다~
",330000
음식물처리기,미닉스 음식물 처리기,미닉스 더 플렌더 프로 음식물처리기 그레이 미개봉 송파,거래완료,"320,000원",장지동,2026-02-03,4,5,153,47.4℃,초코송이,생활가전,,"미닉스 더 플렌더 프로 음식물처리기 
그레이 색상 미개봉 새상품이고
모델명은 MNFD-120G 입니다
다른 걸 선물받아서 내놔요!!
주말만 거래가 가능한점 참고 부탁드려요 :)!",320000
음식물처리기,미닉스 음식물 처리기,미닉스 음식물처리기 더 플렌더 미개봉 새상품 팝니다,거래완료,44원,위례동,2025-09-01,1,1,93,73.4℃,음악이,생활가전,,"미닉스 음식물처리기 더플렌더 판매합니다.

소형 음식물 처리기 중 가장 인기있는 제품입니다.

성능, 디자인 모두 뛰어난 제품입니다.

구매 희망하시면 연락주세요.",44
음식물처리기,미닉스 음식물 처리기,미닉스 더 플렌더 음식물처리기,거래완료,"140,000원",위례동,2026-06-03,0,3,174,42.6℃,당근당근당근바니바니,생활가전,,"미닉스 더 플렌더 음식물처리기 판매해요
1년간 사용하였어요!
사진에서 보이는 것처럼 깔끔한 상태의 제품이에요
음식물 쓰레기 걱정 없이 편리하게 사용해보세요
주방을 더욱 쾌적하게 만들어 줄 아이템이랍니다",140000
음식물처리기,미닉스 음식물 처리기,미닉스 더 플렌더 맥스 음식물처리기 3L MAX 새상품급,거래완료,"300,000원",위례동,2026-02-03,2,5,145,53.7℃,깔끔쟁이캠퍼,생활가전,,"미닉스 더 플렌더 맥스 음식물처리기 3L MAX
귤껍질 한번 갈아보고 포장해두었어요.새상품급

화이트 색상으로 어떤 주방에도 잘 어울려요

음식물 쓰레기를 99.9% 살균하고 99.9% 탈취해줘서 위생적이고 쾌적하게 사용할 수 있어요

저소음 설계로 밤에도 부담 없이 사용할 수 있으며, 3중 복합 필터와 3단계 건조 분쇄 시스템으로 음식물 쓰레기를 완벽하게 처리해줍니다",300000
음식물처리기,미닉스 음식물 처리기,미닉스 음식물처리기,거래완료,"230,000원",거여1동,2025-09-01,8,20,729,49.9℃,낄이,생활가전,,"미닉스 음식물처리기 판매합니다.

선물받아 4개월간 일주일에 두번정도 사용했습니다
깔끔떠는 성격이라 사용시마다 닦고 내솥 세척도 꼼꼼하게 했습니다
그래도 음식물 처리기라 약간의 생활오염 있는점 참고 부탁드려요",230000
음식물처리기,미닉스 음식물 처리기,미닉스 더 [새제품] 더 맥스 (그레이지 색상) 음식물처리기,거래완료,"360,000원",위례동,2026-04-04,1,1,39,42.9℃,Ndave55,생활가전,,"박스만 개봉했는데 꺼내지는 않은 완전 새제품이에요.
26년2월제품!

미닉스 더플렌더 맥스 음식물처리기 그레이지 색상이에요.
3L 용량으로 넉넉하게 사용할 수 있고
건조 분쇄 방식으로 음식물 쓰레기 부피를 확 줄여줘요.
깔끔한 디자인으로 어느 주방에나 잘 어울려요.
음식물 쓰레기 처리 고민이신 분들께 추천드려요.",360000
음식물처리기,미닉스 음식물 처리기,미닉스 더 플렌더 음식물처리기 MNFD-100G,거래완료,"220,000원",위례동,2026-02-03,2,1,79,51.2℃,Tae2HJ,생활가전,,"미닉스 더 플렌더 음식물처리기에요.
실사용 2회 이하고 보관만 하고 있어요.
사진상으로 보시다시피 상태 매우 좋구요,
제품 부피가 있어 대면거래 선호해요. ^^",220000
음식물처리기,미닉스 음식물 처리기,미닉스 음식물처리기 MNFD-100G,거래완료,"200,000원",위례동,2026-01-04,2,1,72,39.4℃,Arlin,생활가전,,"미닉스 더플렌더 음식물처리기 MNFD-100G입니다

- 음식물 건조 분쇄로 냄새 없이 사용 가능해요. 
- 10회 정도만 사용한 제품입니다. 
- 내솥에 약간의 잔기스 및 사용감이 있으나 작동은 매우 잘 됩니다.",200000
음식물처리기,미닉스 음식물 처리기,미닉스 더 플랜더 음식물 처리기,거래완료,"200,000원",위례동,2025-10-06,0,5,106,64.1℃,위례우미린,생활가전,위례 우미린2차 정문에서 직거래 가능하고요.,"미닉스 더 플랜더 음식물 처리기 팝니다.
상태좋고 고장없습니다 
마지막 두사진 보시면 음식물 처리능력 최고입니다.

위례 우미린2차 정문에서 직거래 가능하고요.
톡확인이 늦어지면 연락주세요 
olo-사팔사사-육팔사구",200000
음식물처리기,미닉스 음식물 처리기,미닉스 더 플렌더 음식물 처리기 전용 건조통 2L,거래완료,"35,000원",위례동,2026-05-04,2,8,459,38.7℃,다솜,생활가전,문고리거래 원해요 :),"미닉스 더 플렌더 음식물 처리기 전용 건조통 2L 

PRO / PLUS 전용 건조통 입니다 ^^
모델명을 잘못 구매한줄 모르고 , 
세척 후 설치만 해보았고 , 사용은 안한 제품입니다 

스티커 , 박스 그대로 포장해서 드릴께요 

문고리거래 원해요 :)",35000
음식물처리기,미닉스 음식물 처리기,미닉스 더플렌더 음식물 처리기,거래완료,"250,000원",삼전동,2025-12-06,1,2,67,51.7℃,콩콩,생활가전,,"구매후 10 회 미만 소량으로 사용해서 제품상태 좋습니다. 집에서 밥을 잘 해먹지 않아서 사용할 일이 없어서 내놓습니다. 
",250000
음식물처리기,미닉스 음식물 처리기,미닉스 더 플랜더 PRO 음식물처리기,거래중,"280,000원",잠실3동,2026-09-02,0,2,11,74.1℃,뽕님교주,생활가전,,"미닉스 더 플랜더 PRO 음식물처리기 판매해요
2L 용량에 하이퍼 건조, 제로 노이즈 모드 기능이 있어요
호평받은 강력한 탈취 성능으로 냄새 걱정 없어요
음식물쓰레기 처리 고민이신 분들께 추천드려요


올 3월에 구매했는데 실사용은 10회미만이구여 새로선물받아 내놔요. 박스채 보관되어있어요.

5년보상도 따로 했어요.
구매의사있으신분 싸게 가지고가셔요.효과는 만점입니다",280000
음식물처리기,미닉스 음식물 처리기,미닉스 더플렌더 맥스 그레이지 8월제조 미개봉 새상품,거래중,"380,000원",거여1동,2026-09-02,0,0,10,37.2℃,whdysals68,생활가전,,"MNFD-200G 미닉스 음식물 처리기입니다 3리터
미개봉 새상품 8월 제조 
퇴근후 가까운곳은 가져다드릴수 있습니다
",380000
분유포트,브레짜 분유포트,내부새척완료_미사용)베이비브레짜 분유제조기,거래중,"40,000원",가락1동,2026-08-03,3,17,,,,,,,40000
분유포트,브레짜 분유포트,베이비브레짜 분유제조기 화이트,거래중,"240,000원",잠실본동,2026-08-22,0,9,173,38.3℃,lovelyham,유아동,선물받아서 판매합니다~~! 올해6월에 구매한 최신모델입니다^^ 편히연락주세요 ~~~육아중이라 문고리거래원해요 . 가지러 와주세요,"베이비브레짜 분유제조기 출수형 분유포트 화이트 색상.
박스와 구성품 모두 포함.
현재 329000원에 판매중인제품
사진에서 보이는 것처럼 새제품이고 깔대기3개도 같이드릴게요!! 깔대기 세개 가격만 74700원입니다! 완전이득~~ ! 
분유 수유하시는 육아맘들에게 정말 유용한 아이템이에요 
선물받아서 판매합니다~~! 올해6월에 구매한 최신모델입니다^^ 편히연락주세요 ~~~육아중이라 문고리거래원해요 . 가지러 와주세요",240000
분유포트,브레짜 분유포트,베이비 브레짜 분유제조기 출수형 분유포트 화이트 판매합니다.,거래중,"130,000원",가락동,2026-07-02,1,6,214,47.9℃,히히,유아동,,,130000
분유포트,브레짜 분유포트,(재당근) 베이비브레짜 분유포트 판매합니다.,거래중,"30,000원",거여2동,2025-08-31,0,1,,40.6℃,베로니카,유아동,,"분유타는 기계입니다.
잘 사용하시면 좋겠습니다.
그리고 받자마자 수리를 받아서 새거랑 비슷할거예요.
베이비브레짜 22년 3월 제품입니다.
당근해서 구매해서 사용은 두달정도 한것 같아요.
두달이후에는 분유포트만 써서 사용하지 않고 보관만 해두고 있었습니다.
깔때기 2개입니다.",30000
분유포트,브레짜 분유포트,"[분유제조기] <미개봉 새상품> 베이비브레짜 분유제조기 출수형 분유포트 ""화이트""",거래중,"200,000원",가락동,2026-08-29,1,8,120,39.5℃,lalamom,,,,200000
분유포트,브레짜 분유포트,베이비 브레짜 분유제조기 출수형 분유포트 화이트,거래중,"145,000원",거여2동,2026-07-02,1,1,160,44.1℃,소비요정,유아동,,,145000
분유포트,브레짜 분유포트,베이비 브레짜 분유포트기,거래중,"80,000원",거여동,2026-06-02,0,0,62,37.8℃,이향란,유아동,,"사용하기 편리하고 아주 상태 양호 합니다
깔대기2개",80000
분유포트,브레짜 분유포트,베이비브레짜 분유제조기 차콜✨,거래중,"95,000원",문정동,2026-08-21,0,4,189,43.3℃,바니바니바니바니,유아동,,"아기에게 완벽한 온도의 분유를 빠르고 정확하게 만들어주는 베이비브레짜 자동 분유제조기예요

아기 배고프다고 우는데 버튼 하나만 누르면 뚝딱ㅎㅎㅎ 넘 편했어요
물만 추출도 가능해서 분유포트도 따로 필요없더라구요
세척도 어렵지않고 엄청 깨끗하게 썼습니다 :)

🫧비대면 문앞 거래 (박스째 드려요)
🫧당근페이 선입금 확인 후 주소 알려드려용(당근페이 거래 우선)
🫧교환,환불 불가",95000
분유포트,브레짜 분유포트,베이비브레짜 분유제조기 화이트,거래중,"230,000원",문정동,2026-08-04,0,3,51,48.9℃,당근당근당근이,유아동,,"출수형 분유포트 기능이 있는 베이비브레짜 분유제조기예요
사진에서 보시는 것처럼 화이트 색상 입니다
분유 제조 시 편리함을 더해주는 제품이랍니다
육아 필수템으로 육아맘들에게 추천드려요
박스 안뜯은 새상품 입니다",230000
분유포트,브레짜 분유포트,베이비브레짜 분유포트 추가부품○,거래중,"60,000원",방이2동,2025-08-31,0,2,104,68.1℃,나는살구야너랑살꾸야,유아동,,"22년도 6월

기본 외
추가 분유통 1개
깔대기 2개 있어요.


예민맘사절🚫

불발이많아..
선입금후 예약되고 주소알려드려요.☺",60000
분유포트,브레짜 분유포트,베이비 브레짜 분유제조기,거래중,"30,000원",잠실3동,2026-04-03,1,5,308,45.9℃,더블유콜렉션,유아동,,"베이비 브레짜 분유제조기 판매합니다
- 버튼 하나로 쉽고 빠르게 분유를 만들 수 있습니다
- 항상 일정한 농도로 분유를 제조해줍니다
- 밤중 수유 시 특히 유용합니다

상태는 깨끗하며, 모든 구성품 포함되어 있습니다.

23년도 말에 구매했고 사용은 1년 좀 안 했지만 귀찮아서 보관하다 이제 판매합니다.

박스도 보관 중입니다.",30000
분유포트,브레짜 분유포트,베이비브레짜:) 자동분유제조기,거래중,"50,000원",석촌동,2026-07-02,4,9,308,37℃,뀨잉뀨잉,유아동,,"국민육아템으로 유명한 베이비 브레짜
포뮬러 프로 어드밴스 분유제조기입니다. 
자동 물 조절 및 분유 조절 기능으로 편리하게 분유를 탈 수 있어요.
구성품 모두 포함되어 있고
박스째 보관중에 손상있어서 저렴하게 드려요.

환불🙅‍♀️ 가격제안🙅‍♀️
석촌동 주민센터 앞.
석촌역7번출구(8,9호선 개찰구까지 가능.)
GS25,CU편의점 반값택배 가능.",50000
분유포트,브레짜 분유포트,베이비브레짜 분유제조기 차콜 신형 판매해요 경기 하남시,거래중,"172,000원",잠실6동,2026-07-02,0,3,322,58.5℃,바니,디지털기기,,,172000
분유포트,브레짜 분유포트,베이비브레짜 분유제조기 판매합니다,거래중,"30,000원",문정동,2026-06-02,0,2,134,46.6℃,민아,유아동,상일동역 인근 아파트에서 문고리 거래합니다.,"24년 7월에 본사 세척 후 밀봉해 보관하던 제품 물려받아
26년에 태어난 아기 4개월 반 정도까지 새벽수유용으로 사용했습니다.

필터 2개 가지고 있으며, 사용 종료 후 세척해 보관 중입니다.

장이 예민했던 국내회사 분유 먹었던 아기라 손으로 타 준 적이 더 많았어서, 밤 수유때 유용하게 사용했었어요.

 + 구성품 : 본체, 필터 2개, 사용설명서, 정품인증카드, 본사세척확인서

상일동역 인근 아파트에서 문고리 거래합니다.",30000
분유포트,브레짜 분유포트,내부관리 잘된 베이비브레짜 분유제조기 재당근,거래중,"35,000원",문정동,2026-05-03,1,1,201,52℃,하이프,유아동,장지역 부근 브리앙뜨에서 문고리거래합니다.,"베이비브레짜 분유제조기 새제품 구매해서 사용하신 제품 당근해서 반년정도 사용한 제품입니다.

브레짜는 내부 관리하며 사용하는게 매우 중요한데, 매일 내부 완전 물빠짐, 2주에 한번 내부 식초 세척, 구매 후 완전 분해 세척 후 (브레짜에서 하면 비용이 5만원 정도인것으로 알고 있습니다.) 사용하였습니다.

기능상 문제되는 부분 없습니다. 
장지역 부근 브리앙뜨에서 문고리거래합니다.


",35000
분유포트,브레짜 분유포트,베이비브레짜 분유제조기 (재당근 아님),거래중,"75,000원",장지동,2026-06-02,4,18,380,38.2℃,freewill,유아동,문고리 구매 희망 합니다.,"신생아 육아 필수템 베이비브레짜 분유제조기입니다

25년 사용 제품입니다. 새 제품 구입해서 한 아이만 사용했습니다. 보관하다가 둘째 포기하고 당근합니다. 

사진에서와 같이 본체와 부품들 모두 깨끗이 관리했습니다. 깔때기 1개는 사용안한 새제품입니다. 
(깔때기 총 3개)

오늘 일자로 작동여부 이상 없는거 확인 했습니다. 

문고리 구매 희망 합니다.
중고 물품상 환불 불가하니 신중히 구매 부탁 드려요~",75000
분유포트,브레짜 분유포트,[미사용 새제품] 베이비브레짜 Formula Pro Advanced 분유제조기,거래중,"265,000원",거여동,2026-02-02,0,7,245,45℃,요를레이,디지털기기,,"25년 6월쯤 선물 받았습니다! 인증샷 찍느라 언박싱만 해보고 미사용한 제품입니다! 완모중이라 사용할일 없어서 판매합니다! 정품 등록 된 제품입니다! 

베이비브레짜 Formula Pro Advanced 분유제조기 판매합니다
- 박스, 설명서 등 구성품 모두 포함되어 있습니다
- 자동으로 분유를 제조해줘서 편리합니다
- 특히 밤중 수유 시 유용합니다
- 위생적인 관리가 가능합니다",265000
분유포트,브레짜 분유포트,🍼베이비브레짜 분유제조기 상태최상 판매합니다🍼 송파,거래중,"100,000원",삼전동,2026-06-02,1,9,143,45.9℃,꼬북,유아동,📌 육아 중이라 문고리 거래 희망합니다,"🍼 베이비브레짜 분유제조기 판매합니다

💰 10만원

━━━━━━━━━━━━━━━

✅ 사용기간 약 3개월

✅ 재당근 제품 아닙니다
직접 구매 후 사용한 제품이에요.

✅ 구성품

* 베이비브레짜 분유제조기
* 깔때기 3개
* 정품코드 카드
( 분유제조기 부속품 다 있어요)

✅ 상태

* 정상 작동
* 사용 기간이 짧아 전체적으로 깨끗한 편
* 사용 후 꾸준히 세척하며 관리

━━━━━━━━━━━━━━━

📌 육아 중이라 문고리 거래 희망합니다

📌 중고거래 특성상 교환·환불 불가

📌 사용감에 민감하신 예민맘은 정중히 사양할게요

━━━━━━━━━━━━━━━

💡 사진상 분유통에 물기가 보이는 부분은 세척 후 건조 중 촬영한 것으로, 제품 이상이나 오염이 아닌 단순 물방울입니다. 오해 없으셨으면 좋겠습니다 😊",100000
분유포트,브레짜 분유포트,베이비브레짜 Formula Pro Advanced 분유제조기,거래중,"33,000원",장지동,2026-07-02,0,1,94,50.2℃,둥둥둥,유아동,,"미사용한 제품 구매해서 1년정도 사용했습니다.
일주일에 한번씩 식초로 전체 세척하고 
물통은 수시로 닦아주며 사용했어요.
기본세척은 해놓았지만 구매 후 다시 한번 세척  사용하시면 됩니다.
2023년6월 제품이고 구성품은 본체와 깔데기2개입니다.",33000
분유포트,브레짜 분유포트,베이비브레짜 분유제조기,거래중,"15,000원",가락본동,2026-07-02,0,0,192,45.3℃,테오,유아동,,"사용감있습니다~ 하지만 고장없이 튼튼합니다.^^
아기가 젖병끊어서 이제 안쓰네요~
예민맘은 사절입니다^^",15000
분유포트,브레짜 분유포트,베이비브레짜 분유제조기 송파,거래중,"70,000원",삼전동,2025-10-05,1,1,73,41.2℃,뙹이,디지털기기,,"브레짜 분유제조기 입니다!
23년 2월제조품이예요!
6개월 전에 사용하려고 당근했는데, 저는 한번도ㅠ사용 안했어요ㅠ
세척한 상태 그대로구 보증서있어서, 본사 세척도 가능한걸로 알고있습니다!
깔대기는 2개있고, 가격은 좀 비싸지만 상태 좋은걸로 구매했습니다!

환불과 네고는 정중히 사양하겠습니다!",70000
분유포트,브레짜 분유포트,베이비브레짜 자동 분유 제조기(재당근x),거래중,"104,000원",장지동,2026-02-02,0,2,157,56.2℃,roome,유아동,문고리입니다,"베이비브레짜 자동 분유 제조기입니다

사용감 적고 깨끗하게 관리되어 상태 좋습니다

24년11월 구매했고

깔때기 부속품이 2개라 매우 편리합니다


문고리입니다",104000
분유포트,브레짜 분유포트,베이비브레짜 분유제조기 깔때기 추가 재당근아님,거래중,"72,000원",석촌동,2026-03-04,1,0,137,48.4℃,네고시러,유아동,,"마지막으로 소독하고 세척해서 놔뒀어요 
꼭 필요한 브래짜이니 겟하세오




베이비브레짜 분유제조기입니다
깔때기 포함되어 있습니다
- 자동으로 분유를 제조하여 편리합니다
- 위생적인 관리가 가능합니다
상태는 깨끗합니다",72000
분유포트,브레짜 분유포트,"베이비 브레짜 자동 분유 제조기 필터2개, 분유통2개 제조년 2020년",거래중,"20,000원",장지동,2026-03-04,2,4,248,38.8℃,지구인,유아동,,"베이비 브레짜 자동 분유 제조기입니다

당근하려고 세척 완료 26.02.22 저녁 6시 기준

필터 2개, 분유통 2개

제조년월  2020년

패키지 박스 없음",20000
분유포트,브레짜 분유포트,베이비브레짜 자동 분유제조기,거래중,"40,000원",가락1동,2026-06-02,0,0,136,37.2℃,배민한번도안해봄,유아동,,"아기 분유를 쉽고 빠르게 만들어주는 베이비브레짜 자동 분유제조기예요
사진에서 보이는 것처럼 깔끔하게 사용했어요

깔때기 하나 더 있어요",40000
분유포트,브레짜 분유포트,베이비브레짜 분유제조기 BRZFRP-1A,거래중,"59,000원",잠실6동,2025-08-31,2,6,582,71.9℃,존파크,유아동,,"베이비브레짜 분유제조기 BRZFRP-1A
https://link.coupang.com/a/cctEF7

스펙참고하세요

출산준비하시는 분들
맘마존 만드실 때 
분유먹는1년 사용하는 분유제조기 싸게데려가세요 ㅎ

예민맘은 사양합니다
네고문의안받아요",59000
분유포트,브레짜 분유포트,상태좋음 베이비브레짜 포뮬러 프로 어드밴스 분유제조기,거래중,"80,000원",방이2동,2025-08-31,1,10,469,85.6℃,다랭,유아동,장곡초 근처 비대면 문고리 거래,"23년도에 새상품 구매하여
아이 한명 쓰고 세척후 보관중입니다

진짜 브레짜 덕분에 새벽수유 등
넘편해서 최애템이었네요
박스도 있고 상태좋아요
장곡초 근처 비대면 문고리 거래
*교환, 환불 불가",80000
분유포트,브레짜 분유포트,(실사용0회)베이비브레짜 분유제조기 (26년 2월 구매)+깔데기1개,거래완료,"170,000원",오금동,2026-07-02,2,13,349,38.1℃,두댐이공원,유아동,,"베이비 브레짜 26년 2월 구매했고
“최초 식초+물 세척” 만 하고 
분유는 단 한번도 들어가지 않아 실사용은 0회인 미사용 새제품이고 위생적입니다.
물론 식초랑 물은 깨끗하게 닦아서 제거한 상태입니다.

포트+쉐이커 조합을 쓰고있어서 당근합니다

박스랑 예비 깔대기, 설명서 등 모두 구비되어 있습니다",170000
분유포트,브레짜 분유포트,베이비브레짜 분유제조기 & Burabi 분유제조기,거래완료,"30,000원",잠실6동,2026-02-02,3,1,98,42.8℃,홀롤롤로로로로로,유아동,,"거실안방 둘다 설치하고 사용했습니다
둘다 잘 작동합니다
베이비브레짜 분유제조기와 Burabi 분유제조기 일괄 판매합니다
두 제품 모두 깨끗하게 사용해서 상태 좋습니다
베이비브레짜는 분유를 자동으로 제조해주는 편리한 기능이 있고, Burabi 분유포트는 분유 물 온도 조절과 정량 출수가 가능해서 아기 분유 준비에 아주 유용합니다
전원 케이블과 베이비브레짜 추가 부품도 함께 드립니다",30000
분유포트,브레짜 분유포트,베이비브레짜 자동 분유 제조기,거래완료,"15,000원",잠실2동,2025-11-04,2,1,95,52.3℃,양키캔들,유아동,리센츠아파트 문고리거래 합니다,"친구한테 물려받았는데(21년 구매)
따로 분유포트기선물을 받아서 받은 브레짜는 사용안했어요~

세척은 해두었습니다
깔때기 여유분 3개도 드려요~



리센츠아파트 문고리거래 합니다",15000
분유포트,브레짜 분유포트,상태 최상 브레짜 분유제조기 (몇번 사용 안했어요),거래완료,"80,000원",장지동,2025-10-05,4,1,105,45.2℃,니니나누,유아동,육아중이라 문고리거래만 가능해요.,"선물 받아 몇 번만 사용하고, 현재는 분유포트만 사용 중이라 보관만하다 판매해요
깔때기 1개 추가 구입해서 총 2개 포함됩니다!

박스 보관 + 세척 완료 상태라 바로 사용하실 수 있어요.

상태: 사진 참고 (깔끔하게 잘 사용했어요)
구성: 본체(브레짜) + 깔때기 2개 + 박스

아기 키우며 시간 절약하고 싶으신 분께 추천드려요!
깨끗하고 사용감 별로 없는 브레짜 합리적인 가격에 가져가시고 나중에 당근하세요~

육아중이라 문고리거래만 가능해요.",80000
분유포트,브레짜 분유포트,[재당근X] 베이비 브레짜 자동 분유 제조기,거래완료,"50,000원",가락동,2025-10-05,3,0,61,50.4℃,보따리,유아동,,"베이비 브레짜 자동 분유 제조기입니다. 

▪︎지난주말 돌아기가 된 1명 사용했어요! 
 재당근X
▪︎마무리 세척해서 깨끗하게 보관 중
▪︎매주 식초로 세척해서 사용했어요
▪︎깔때기 총 3개
▪︎요청 시 구매내역 공유 가능
▪︎조리원 끝나고 24년 10월 말부터 사용했어요
▪︎빠른 판매를 위하여 저렴하게 올립니다!

▪︎유팡, 릴리브 분유포트도 같이 판매예정이라 필요 시 문의주세요 ~",50000
분유포트,브레짜 분유포트,베이비 브레짜 자동 분유 제조기 송파,나눔완료,무료나눔,삼전동,2025-08-31,1,0,79,50.1℃,미토콘,유아동,문고리 나눔입니다,"베이비 브레짜 분유제조기입니다.
당근으로 구매후 막상 사용하려니까 분유포트가 좀 더 나은것 같아 나눔해요.

꼭 한번 세척 후 사용하시길 바랍니다.
문고리 나눔입니다",0
분유포트,브레짜 분유포트,베이비브레짜 분유포트 Formula Pro Advanced,거래완료,"24,000원",거여1동,2025-08-31,2,1,144,37.8℃,당근나무,유아동,문고리 거래만 가능합니다.,"베이비브레짜 자동 분유제조기입니다. 깔때기는 3개입니다. 깨끗하게 사용하였고, 세척 완료하였습니다.

21년 10월 제조입니다. 

문고리 거래만 가능합니다.",24000
분유포트,브레짜 분유포트,베이비브레짜 분유제조기(21.07 생산),거래완료,"30,000원",방이동,2025-08-31,1,3,94,50.1℃,당근당근,유아동,택배함을 통한 문고리 거래 희망합니다.,"베이비브레짜 분유포트 팝니다.
물려받아 사용 후 아기가 분유를 졸업해서 당근합니다.

메뉴얼에 따라 식초세척 후 보관중으로
깔대기는 3개, 
분유통 부품은 모두 2세트 있습니다.

추가깔대기 및 부품은 작년 구매입니다.

한국 정품카드 있어서 세척서비스 이용 가능합니다.
별도의 박스는 없는 상태입니다.

택배함을 통한 문고리 거래 희망합니다.

주소지는 방이중학교 인근으로 
거래 시 상세 주소 및 설명드릴게요.",30000
분유포트,브레짜 분유포트,베이비브레짜 분유포트 24년형 Formula Pro Advanced,거래완료,"50,000원",가락1동,2025-08-31,2,0,127,48.1℃,모노킴,유아동,,"24년 3월제조 입니다.(깔때기2개)
24년 5월에 새제품 구매했습니다.
아기가 먹는거라 일주일에 꼭 소독 , 청소 꼼꼼히 진행해서 깨끗하게 사용했습니다
사진에서 보시다시피 물통 결합노즐에 물때도 없고 분유통결합 틈새에 분유가루 끼임도 없습니다.
a2분유같이 물에 잘안녹는 분유는 정말 쓰기 편합니다",50000
분유포트,브레짜 분유포트,배이비브레짜 분유포트 판매합니다!,거래완료,"10,000원",오금동,2025-08-31,4,2,245,44.3℃,멤멤,생활/주방,문고리 거래 가능해요,"1년동안 잘 쓰고 이제 드디어 분유 졸업했어요!!!!

이제 더이상 쓸일이 없네요.. 브레짜 이모님 없었으면 생각만 해도 끔찍합니다..

사용하면서 주1회 식초로 소독 꼬박꼬박 해줘서 관세척은 필요없을 정도구요, 사진으로 보이는것과 같이 부품도 항상 주기적으로 세척해서 매우 깨끗합니다.

마지막으로 내부/외부 세척도 다 해놓았어요.

장소는 개롱역 상아2차아파트 입니다.
문고리 거래 가능해요",10000
분유포트,브레짜 분유포트,"🍼신형 베이비브레짜 (24년생 사용, 재당근x, 헬리오 문고리)",거래완료,"59,000원",가락1동,2025-08-31,3,4,283,42.6℃,우니맘,유아동,헬리오에서 문고리 희망 합니다🚪,"24년생 아기가 혼자 사용헸던 베에비브레짜 분유포트 판매합니다. 재당근 / 구형 아니고, 23년부터 바뀐 신형 제품입니다. 깔대기는 2개 있어요 🍼

신생아부터 쓰는거라 깨끗하게 썼는데, 아무래도 중고이니 예민한 분들은 피해주셔요 🙏

헬리오에서 문고리 희망 합니다🚪",59000
분유포트,브레짜 분유포트,베이비브레짜 분유포트 포뮬라 프로 어드밴스 (깔때기 총 3개),거래완료,"85,000원",문정동,2025-08-31,1,5,100,43℃,jmlee789,유아동,✅문정역 근교 문고리 희망합니다.,"새제품 직접 구매해서 한 아기 잠시 사용했습니다. 
세척 후 식초로 소독 후 보관중 입니다. 
추가로 구매했어서 깔때기 총 3개 있습니다.
속/겉 박스, 설명서 모두 다 같이 드려요.

하자는 없지만 중고인거 감안하시고 연락 전에 신중한 결정 부탁드릴게요. 찔러보기는 사양하겠습니다. 

✅문정역 근교 문고리 희망합니다.
✅입금 해주시면 상세주소 알려드립니다.
✅개인간 거래로 반품 및 환불은 불가합니다.",85000
분유포트,브레짜 분유포트,베이비브레짜 분유포트,거래완료,"45,000원",가락동,2025-08-31,4,5,249,49.8℃,오키베리,유아동,육아중이라 문고리 거래 선호합니다.,"24.9월에 브레짜 공식 서비스로 사용 전 세척 서비스 받았습니다. 
모유수유 혼합중이라 사용하다가, 
완분 넘어간 뒤엔 손분유 타느라 사용을 안해서 세척하고 물 다 빼낸 뒤 보관중입니다.
깔대기 두 개 입니다.

육아중이라 문고리 거래 선호합니다.",45000
분유포트,브레짜 분유포트,베이비브레짜(풀박스)+정품인증카드,거래완료,"95,000원",잠실본동,2025-08-31,2,5,179,50.6℃,완판,유아동,,,95000
분유포트,브레짜 분유포트,베이비 브레짜 + 보르르 포트,거래완료,"75,000원",가락1동,2025-08-31,2,3,126,57℃,애플지느,유아동,헬리오시티,"브레짜 분유 제조기  + 보르르 포트(일괄) 

(브레짜는 깔때기 2개)

둘 다 새제품 구매하여 사용 했어요
작동 잘 되고 깨끗하게 사용하여 컨디션 좋습니다-
브레짜 물통에 물 끓여서 식힌 물을 
리필해줘야 하기 때문에 포트가 필수로 필요합니다. 
편리하게 한번에 두개 가져가세요! 
상세사진 참고해주세요.


-헬리오시티 2단지 지하 주차장까지 내려드려요.
-선입금 후 상세주소 전달",75000
분유포트,브레짜 분유포트,베이비 브레짜(10만원) & 보르르 분유포트(5만원) 같이하시면 13만원,거래완료,"130,000원",문정동,2025-08-31,4,1,127,39.4℃,디피,유아동,문정동 장지역 송파파크하비오 근처에서 직거래 선호합니다.,"안녕하세요, 육아용품 판매합니다! 😊

1. 베이비 브레짜 포뮬라 프로 어드밴스드 (구매가 274,000원) + 깔대기 추가 2개 (구매가 39,600원) = 313,600원 (70%할인) 
-> 10 만원 
*구매 2023년 7월

2. 보르르 분유포트 (구매가 95,000원)
-> 5만원 (50% 할인)
*구매 2023년 7월 

***베이비 브레짜와 보르르 분유 포트를 함께 구매하시면 더 할인해서 13만원에 드릴게요.

두 제품 모두 깨끗하게 사용했으며, 청결하게 관리하였습니다. 사용 후 항상 세척 및 관리를 철저히 했고, 반려동물 없는 환경(Pet-Free)에서 사용했으니 위생 걱정은 전혀 없으세요!

처음에는 제가 직접 분유를 타주었는데, 거품이 많이 생겨서 아이가 배앓이를 하는 것 같아 걱정이 되었습니다. 그래서 베이비 브레짜를 구매하여 사용했더니, 너무나도 만족스러웠고, 아이에게 훨씬 더 편안하게 분유를 먹일 수 있었습니다. 깔때기를 2개 추가 구매하여 한 번 추출할 때마다 깔때기를 교체하면서 위생을 더욱 철저히 관리했습니다. 현재는 총 3개의 깔때기가 있어 아주 위생적이며, 깔때기를 자주 갈아주고 물도 매번 갈아주시면 아기에게 더 위생적인 분유를 먹일 수 있습니다.

보르르 분유포트는 사용하기 아주 편리하고 실용적이었으며, 분유를 언제든지 정확하게 준비할 수 있어 너무 좋았습니다.

제품 상태는 아주 깨끗하고 좋습니다. 필요하신 분에게 잘 맞을 거라 생각해요.

박스, 설명서, 정품 등록 카드 
모두 다 깨끗하게 있습니다.
(내부 고정용 스티로폼은 없습니다)

1) 베이비 브레짜 포뮬라 프로 어드밴스드
    (구매가 274,000원)
    + 깔때기 추가 2개 (구매가 39,600원)
    * 10만원 (중고가 70% 이상 할인)

2) 보르르 분유 포트 (구매가 95,000원)
    * 5만원 (50% 이상 할인)

*구매시기: 2023년 7월 15일


Baby Brezza Formular Pro Advanced
+ Boleuleu Powdered Milk Pots

***베이비 브레짜와 보르르 분유 포트를 함께 구매하시면 더 할인해서 13만원에 드릴게요.

관심 있으시면 연락 주세요!
감사합니다. 🙏


* 문정동 장지역 송파파크하비오 근처에서 직거래 선호합니다.",130000
분유포트,브레짜 분유포트,베이비브레짜 분유포트 + 깔대기 3개 24년 4월제조,거래완료,"60,000원",위례동,2025-08-31,2,3,71,58℃,yjkong,유아동,송례중학교 인근 문고리거래 선호합니다.,"24년 4월 제조 상품이고 구매 후 초기에 2개월 정도 밤 수유때만 사용하였어요. 

매주 전체 청소하여 사용하였고 현재도 식초로 노들 세척한 상태입니다. 
깔대기 3개를 번갈아가며 사용하였습니다. 
박스, 사용설명서도 포함이며 
송례중학교 인근 문고리거래 선호합니다.",60000
분유포트,브레짜 분유포트,베이비 브레짜 분유포트,거래완료,"30,000원",잠실2동,2025-08-31,2,0,53,68.8℃,GUGIMANS,유아동,,"베이비브레짜 지인이 구매후 보관만 하던거 받아서 유용하게 사용하고 보내드립니다.
2022년 8월 제조일이고 작동 잘 됩니다.
소독하고 보관한거라 깨끗합니다.
깔대기 여유분 1개 더 추가하여 총 2개 드립니다.",30000
분유포트,브레짜 분유포트,베이비브레짜 분유포트 (깔대기 2개),거래완료,"20,000원",가락동,2025-08-31,2,2,87,51.3℃,미밍,유아동,육아중으로 문고리 거래 선호,"조카가 사용하던 제품을 받아서 저희 아가도 사용했는데 조카도 거의 사용하지 않고 저희도 실사용은 3개월 미만입니다.

사용시에 매주 식초로 내부 세척 했고, 
저는 깔대기 2개로 잘 사용했습니다.

이사 전 빠른 처분을 위해 저렴하게 판매합니다.


- 육아중으로 문고리 거래 선호
  (가락시장 인근 아파트)
- 교환/환불 불가",20000
분유포트,브레짜 분유포트,베이비브레짜 분유포트,거래완료,"50,000원",잠실동,2025-08-31,1,2,172,41.9℃,감귤,유아동,,,50000
분유포트,브레짜 분유포트,"베이비브레짜 분유제조기, 릴리브 분유포트 3세대",거래완료,"50,000원",가락동,2025-08-31,3,3,157,64.6℃,소월숲,유아동,경찰병원역근처 가락동 문고리거래,"두개 다 부지런한 남편덕에
1주일에 한번씩 소독하여 관리하며 사용했습니다 

제조년월 확인해보니 
베이비브레짜가 23년05월, 
릴리브가 23년06월이네요. 
박스나 설명지는 따로 없습니다 

브레짜는 깔데기 2개입니다 

제품 다 잘 사용되는지 체크완료했고, 
둘다 소독 완료된 상태로 
바로 가져가시면 됩니다 ☺️

개별 가격이고, 
두개같이 구매 쿨거래시 
총 만원 네고해드릴게요 


경찰병원역근처 가락동 문고리거래",50000
분유포트,브레짜 분유포트,"베이비브레짜) 분유 제조기 ₩359,000 반값이하",거래완료,"100,000원",잠실6동,2024-08-31,2,1,234,66.8℃,땡Q,유아동,,"베이비브레짜 분유포트기 ₩359,000

사용기간:6개월
(친정에 가있을때만 쓴거라 깔끔함)

공홈에서 추가 구매한
부속품(깔때기 2개 ₩29,800) 증정 드림.",100000
분유포트,브레짜 분유포트,베이비브레짜 분유제조기 프로 어드밴스드 화이트 (새상품급),거래중,"148,000원",잠실6동,2026-08-31,0,0,13,44.9℃,콩콩,유아동,,,148000
분유포트,브레짜 분유포트,베이비브레짜 분유제조기 출수형 분유포트 블랙,거래중,"200,000원",잠실동,2026-07-02,2,5,248,40.9℃,쏘쁘,유아동,,,200000
분유포트,브레짜 분유포트,베이비 브레짜 분유제조기 출수형 분유포트 화이트,거래완료,"90,000원",위례동,2026-05-04,1,9,356,62.5℃,눈부신,유아동,,"베이비 브레짜 분유제조기 출수형 분유포트 화이트 입니다

이미 많은 분들과 많이 알려진 제품이라 설명은 생략하겠습니다 •_•

국내 정발이고 25년 1월쯤 받고 6월 부터 26년 3월까지 사용 했습니다

개인적으로 아이들이 먹는거라 깨끗하게 관리 하고 세척하고 소독하고 사용 했습니다 •_•

제품 상태는 사진 침고 부탁 드려요!

첫번째 사진을 포함한 모든 구성품 & 박스까지 있습니다

궁금한점 채팅주세요",90000
분유포트,브레짜 분유포트,브레짜 분유포트기 새상품 판매합니다,거래중,"190,000원",장지동,2025-08-31,0,1,221,46.3℃,똥이,유아동,,"박스 그대로 뜯지도 않은 미개봉 새상품입니다
가격조정가능",190000
분유포트,브레짜 분유포트,베이비 브레짜 분유제조기 화이트 (세척완료),거래중,"150,000원",장지동,2026-08-01,0,1,67,39.9℃,고덕사는집순이,유아동,,,150000
분유포트,브레짜 분유포트,베이비브레짜 젖병세척기 화이트(세제 두팩 포함),거래중,"180,000원",잠실4동,2026-07-02,8,23,685,39.7℃,고구미,유아동,,"아기 젖병을 깨끗하게 세척하고 살균해주는 베이비브레짜 젖병세척기입니다.

새상품 쓰다가 최근 이유식 시작하면서 식세기로 세척하고 있어서 판매하게 됐습니다. (총 6개월 사용)

미리 사놓은 세제 2팩 (32,000원 상당) 도 같이 드립니다.",180000
분유포트,브레짜 분유포트,🍼베이비브레짜 분유제조기 상태최상 판매합니다🍼,거래중,"100,000원",삼전동,2026-06-02,1,9,144,45.9℃,꼬북,유아동,📌 육아 중이라 문고리 거래 희망합니다,"🍼 베이비브레짜 분유제조기 판매합니다

💰 10만원

━━━━━━━━━━━━━━━

✅ 사용기간 약 3개월

✅ 재당근 제품 아닙니다
직접 구매 후 사용한 제품이에요.

✅ 구성품

* 베이비브레짜 분유제조기
* 깔때기 3개
* 정품코드 카드
( 분유제조기 부속품 다 있어요)

✅ 상태

* 정상 작동
* 사용 기간이 짧아 전체적으로 깨끗한 편
* 사용 후 꾸준히 세척하며 관리

━━━━━━━━━━━━━━━

📌 육아 중이라 문고리 거래 희망합니다

📌 중고거래 특성상 교환·환불 불가

📌 사용감에 민감하신 예민맘은 정중히 사양할게요

━━━━━━━━━━━━━━━

💡 사진상 분유통에 물기가 보이는 부분은 세척 후 건조 중 촬영한 것으로, 제품 이상이나 오염이 아닌 단순 물방울입니다. 오해 없으셨으면 좋겠습니다 😊",100000
분유포트,브레짜 분유포트,베이비브레짜 분유제조기,거래중,"70,000원",삼전동,2025-10-05,1,1,74,41.2℃,뙹이,디지털기기,,"브레짜 분유제조기 입니다!
23년 2월제조품이예요!
6개월 전에 사용하려고 당근했는데, 저는 한번도ㅠ사용 안했어요ㅠ
세척한 상태 그대로구 보증서있어서, 본사 세척도 가능한걸로 알고있습니다!
깔대기는 2개있고, 가격은 좀 비싸지만 상태 좋은걸로 구매했습니다!

환불과 네고는 정중히 사양하겠습니다!",70000
분유포트,브레짜 분유포트,베이비브레짜 분유제조기 두대 (55000+25000),거래중,"80,000원",오륜동,2026-05-03,1,2,88,41.2℃,suhyo,유아동,"감일 더샾포웰시티 직거래,","베이비 브레짜 분유제조기에요
깨끗하게 써서 상태 좋아요!

24.9월생 아기가 썼어요

1. 한대는 새거 사서 썼고 (24.5월 제조)
—깔대기 2개
—가격 55,000원

2. 다른 한대는 시댁에서 쓰려고 당근했어요 (20.12월 제조)
—깔대기 1개
—가격 25,000원

어머님댁 물건 둘 자리 없다고 가져가라고 난리시라.. 빨리 처분하고 싶어서 저렴하게 올립니다

💚두대 일괄 구매시 네고가능합니다


감일 더샾포웰시티 직거래,
당근페이로 받을게요

-",80000
분유포트,브레짜 분유포트,상태좋음 (재당근x)베이비브레짜 포뮬러 프로 어드밴스 분유제조기,거래중,"69,000원",방이2동,2026-04-03,8,15,548,85.6℃,다랭,유아동,방이중 근처 비대면 문고리 거래,"상태좋음 (재당근x)베이비브레짜 포뮬러 프로 어드밴스 분유제조기

새상품 구매하여
아이 한명 쓰고 세척후 보관중입니다

진짜 브레짜 덕분에 새벽수유 등
넘편해서 최애템이었네요
박스랑 설명서 책자 있고 A급상태입니다

정기적으로 깨끗이 소독해서 사용했어요
방이중 근처 비대면 문고리 거래
*교환, 환불 불가",69000
분유포트,브레짜 분유포트,"브레짜 분유제조기(세척서비스완(후 미사용), 깔대기 새거 포함 3개)",거래중,"160,000원",방이2동,2025-08-31,1,3,258,39.3℃,르네,유아동,,"베이비브레짜 자동 분유 제조기에요.

24년 2월 제조,4월부터 사용한 제품 당근으로 7만원으로 구매했구요
제가 쓰려고
세척서비스 맡기고, 깔대기도 새거로 구매했어요.

그 후 한번도 안쓴  미사용 제품으로

세척서비스할때 기사님한테문의했을때 
내부 부품도 녹슨 부분 없이 
깨끗한 거의 새제품입니다.

제가 사용하려고 했는데
갑작스럽게 지인에게 새 상품을 선물 받게되어
판매합니다.

실제로 쓰려고 세척서비스 배송 후
박스도 다 버려서 제품만 있습니다ㅜ

모델명은 Formula Pro Advanced BRZ001입니다.
",160000
분유포트,브레짜 분유포트,베이비브레짜 새상품 송파,거래중,"150,000원",풍납동,2026-07-02,4,34,1542,65.4℃,말랑카우,유아동,,"베이브브레짜 분유제조기
선물받아 1회 세척만 하고 전혀사용하지않았습니다. 
박스는 버려서 없어요.",150000
분유포트,브레짜 분유포트,미개봉_ 베이비브레짜 분유제조기 화이트,거래중,"260,000원",잠실6동,2026-03-04,1,5,80,47.4℃,송파물개,유아동,가락시장역 직거래 가능합니다.,"베이비브레짜 포뮬라 프로 Advanced 분유제조기 화이트 색상입니다. 박스 그대로 미개봉 새상품입니다. 모유수유하게 되어 한번도 사용을 못했어요~! 전체 화이트 컬러라 예쁩니다.

가락시장역 직거래 가능합니다. 
시간 맞을 경우 갖다드릴 수 있습니다.",260000
분유포트,브레짜 분유포트,베이비브레짜 자동 분유 제조기,거래중,"10,000원",신천동,2025-08-31,9,6,321,51.6℃,aaa,유아동,,"베이비브레짜 자동 분유 제조기입니다

사용감이 좀 있지만 깨끗하게 사용했습니다",10000
분유포트,브레짜 분유포트,베이비브레짜 젖병소독기 BRZBWP-02A,거래중,"150,000원",삼전동,2026-06-02,1,3,,,,,,,150000
분유포트,브레짜 분유포트,베이비 브레짜 프로 어드벤스드 ㅡ 첫구매로 잘 썼어요,거래중,"20,000원",방이1동,2025-08-31,0,4,793,76.4℃,하이이,유아동,방이역 직거래 혹은 택배 수신인부담 가능합니다,"제조년월은 22.9월인 새상품 23.01에 선물 받아서 깨끗히 잘 사용하고 내놓습니다. 힘든 육아 생활 편하게 해준 육아템이에요

깨끗히 잘 닦아서 박스에 다시 넣어놓았습니다

방이역 직거래 혹은 택배 수신인부담 가능합니다
사용감은 사진에서 확인해주세요
반품, 환불은 사양하오니 신중하게 구매 부탁드려요",20000
분유포트,브레짜 분유포트,[미개봉 새상품] 베이비브레짜 분유제조기 출수형 분유포트 블랙,거래완료,"170,000원",잠실4동,2026-08-17,1,0,65,37.5℃,헬로,유아동,,"새재품입니다 

베이비브레짜 분유제조기 출수형 분유포트 블랙이에요
사진에서 보이는 것처럼 깔끔한 상태를 유지하고 있어요
분유 제조 시 편리함을 더해주는 제품이랍니다
육아 필수템으로 육아맘들에게 추천드려요",170000
분유포트,브레짜 분유포트,릴리브분유포트 + 브레짜 젖병소독기 팔아요,거래완료,"70,000원",잠실4동,2026-02-02,2,3,127,57.6℃,엠제이팔구,유아동,문고리 거래 희망합니다.,"정말 유용하게 잘 사용했던 육아 필수템입니다.
셋트로 팔아요.
문고리 거래 희망합니다.
",70000
분유포트,브레짜 분유포트,베이비 브레짜 분유제조기 (재당근x) 젤 잘 산 육아템 1위❤️,거래완료,"50,000원",가락2동,2025-08-31,1,1,71,55.8℃,ghyfdchj,유아동,,"베이비 브레짜 포뮬러 프로 어드밴스 분유제조기 판매합니다!
박스, 설명서, 브레짜 깔대기 추가분 (총2개)

육아하면서 제일 잘 산 1등 아이템입니다.
분유포트 사지마세요.
정말 신세계입니다!!😍
왜 브레짜이모라고 하는지 써보면 아십니다. 
새거 구매해서 아이한명 사용했고, 보관하다 내놓습니다. ",50000
분유포트,브레짜 분유포트,베이비 브레짜 자동 분유 제조기,나눔완료,무료나눔,삼전동,2025-08-31,1,0,80,50.1℃,미토콘,유아동,문고리 나눔입니다,"베이비 브레짜 분유제조기입니다.
당근으로 구매후 막상 사용하려니까 분유포트가 좀 더 나은것 같아 나눔해요.

꼭 한번 세척 후 사용하시길 바랍니다.
문고리 나눔입니다",0
분유포트,브레짜 분유포트,베이비브레짜 분유포트,거래완료,"32,000원",잠실동,2025-08-31,1,3,338,87.3℃,로로박,유아동,,"소독 세척 다 해놨습니다


저렴하게 구매하셔요~

⭐️⭐️자양역 근처 집앞거래만 합니다

챗환영",32000
분유포트,브레짜 분유포트,[새상품급] 베이비 브레짜 분유제조기 (출수형 분유포트 화이트),거래중,"110,000원",잠실4동,2026-06-02,2,16,327,47.2℃,Gerry,유아동,몽촌토성역 5번 출구 직거래,"25년 11월 출산으로 11월에 선물 받았으나 

모유수유로 5회 미만 사용한 새상품급 입니다.
(식초로 세척 완료)

사용할 줄 알고 박스 및 설명서는 다 버렸습니다 ㅠ
-몽촌토성역 5번 출구 직거래

제품소개글 아래 참조 부탁드립니다

https://naver.me/GP2F5v1K",110000
분유포트,브레짜 분유포트,베이비브레짜 자동 분유제조기 (깔대기새상품포함 3개),거래중,"50,000원",장지동,2026-08-31,0,1,15,43.9℃,쥬쥬,유아동,,,50000
분유포트,브레짜 분유포트,베이비브레짜 분유제조기 블랙(새상품),거래중,"220,000원",송파동,2026-05-03,1,5,113,38.4℃,골안이짱베,유아동,,"4월 막주쯤 배송 온 브레짜 분유제조기 박스도 뜯지 않은 새상품 내놓습니다! 상품구성과 자세한 설명은 카톡 선물로 받은 거라 검색해 보시면 될 것 같습니다 !
쿨거래시 네고 가능합니다 :)",220000
분유포트,브레짜 분유포트,베이비 브레짜 분유제조기,거래중,"50,000원",잠실6동,2025-08-31,1,3,863,40.1℃,irene,유아동,,"베이비 브레짜 분유제조기 입니다. 

2022년 12월 생산된 제품이고
저는 23년 3월에 구입해서 아이 두돌까지 사용했어요. 
돌 이후에는 물만 나오게 해서 사용했고 지금은 식초 소독 후 건조까지 해서 보관중입니다. 

혹시라도 더 깨끗하게 사용하고 싶으시면 브레짜 공식홈에 세척 서비스도 있으니 사용해보세요. 세척비 빼고 판매하니 가격 네고는 하지 말아주세요~

잠실 장미 2차입니다.",50000
분유포트,브레짜 분유포트,베이비브레짜 분유제조기 이유식마스터기 일괄,거래중,"30,000원",가락본동,2025-08-31,0,4,698,55.5℃,모두,유아동,문고리거래입니다.,"물려받아 사용하지 않은 브레짜 분유 제조기와 이유식 마스터기 판매합니다.
일괄로만 판매해요.

분유 제조기는 부속품중 물통, 분유통, 깔대기 없는 상태이고
이유식 마스터기는 부속품 있어요.
둘다 정품카드 같이 드려요.

공식홈에서 분해 세척서비스와 부속품 구매가 가능합니다. 

제조일은 분유제조기는 20년 8월
이유식 마스터기는 21년 6월 입니다.

문고리거래입니다.

공식홈 세척서비스
https://m.brand.naver.com/babybrezza/products/8290613223?nl-query=브레짜+세척&nl-ts-pid=izeffdqVWudss5STB6ZsssssstG-174334&NaPm=ct%3Dm3fjsinc%7Cci%3D50d941dc0d998fdaf6489a3c32f26cd16b42bf3f%7Ctr%3Dsls%7Csn%3D746168%7Chk%3D431f04117e8425ed8030c711348c7d9d433522ed",30000
분유포트,브레짜 분유포트,베이비브레짜 자동 분유 제조기 송파,거래중,"57,000원",오금동,2025-08-31,1,1,135,44.2℃,구구,유아동,문고리원합니다.,"베이비브레짜 자동 분유 제조기입니다
육아 필수템이죠!

23년 11월 아기출산 후 1년쓰고 판매합니다.
새상품사서 깨끗하게 사용했습니다!
2째 낳고 또 쓰려고 뒀는데 외동확정으로 팝니다!
세척모두 깨끗히 해놨습니다~

자세한사진 요청하시면 찍어드릴께요!

문고리원합니다.",57000
분유포트,브레짜 분유포트,베이비브레짜 분유제조기(25년구입)상태최상,거래중,"138,000원",풍납동,,,,,,,,,,138000
분유포트,브레짜 분유포트,베이비브레짜 자동 분유제조기(재당근x),거래중,"88,000원",송파1동,2026-07-03,3,11,148,,,,,,88000
분유포트,브레짜 분유포트,베이비브레짜:) 자동분유제조기 송파,거래중,"50,000원",석촌동,2026-07-03,4,9,309,,,,,,50000
분유포트,브레짜 분유포트,베이비브레짜 분유제조기 깔때기 추가 재당근아님 송파,거래중,"72,000원",석촌동,2026-03-05,1,0,139,,,,,,72000
분유포트,브레짜 분유포트,(실사용0회)베이비브레짜 분유제조기 (26년 2월 구매)+깔데기1개 송파,거래완료,"170,000원",오금동,2026-07-03,2,13,352,,,,,,170000
분유포트,브레짜 분유포트,베이비브레짜 분유포트,거래완료,"27,000원",잠실동,2025-09-01,2,5,405,,,,,,27000
분유포트,브레짜 분유포트,(재당근) 베이비브레짜 분유포트 판매합니다. 송파,거래중,"30,000원",거여2동,2025-09-01,0,1,132,40.6℃,베로니카,유아동,,"분유타는 기계입니다.
잘 사용하시면 좋겠습니다.
그리고 받자마자 수리를 받아서 새거랑 비슷할거예요.
베이비브레짜 22년 3월 제품입니다.
당근해서 구매해서 사용은 두달정도 한것 같아요.
두달이후에는 분유포트만 써서 사용하지 않고 보관만 해두고 있었습니다.
깔때기 2개입니다.",30000
분유포트,브레짜 분유포트,베이비브레짜 포뮬라 프로 어드밴스 분유제조기 판매합니다.,거래중,"95,000원",문정동,2026-03-05,0,5,387,42.7℃,그럴수있어요,유아동,,"베이비브레짜 포뮬라 프로 어드밴스 분유제조기 판매합니다.

- 정품등록카드 있습니다(미사용)
- 물통, 깔때기, 분유통 추가로 한개씩 더 있습니다

24년 새로 구매해서
24년 6월생 아이 12개월 정도까지 쓰고
식초 세척 후 보관중입니다.
",95000
분유포트,브레짜 분유포트,베이비브레짜 분유제조기(거의 사용 안함),거래중,"140,000원",장지동,2026-06-03,2,11,205,37.7℃,봉쥬르,유아동,🥕문고리거래,"구매시기 : 2026년 1월
개봉일 : 2026년 5월 중순
실제 이용 횟수 : 10회 미만

색상 : 차콜

구매 후 식초+물 세척 후 거의 사용을 안 한 제품입니다. (분유 추출은 3회 미만, 거의 물 추출로만 사용함)

제 아이에게 먹이는거라 정말 깨끗하게 청소했지만, 모유수유로 생각보다 많이 사용할 일이 없어서 판매하게 되었습니다.
실제로 사용할 목적으로 구매했던거라 박스를 버려서 박스는 없습니다😭
사용하지 않은 뒤로 비닐포장 잘 해둔 상태입니다.

🥕깔대기 2개 포함

🥕환불반품 불가

🥕문고리거래",140000
분유포트,브레짜 분유포트,"베이비브레짜 분유제조기 포뮬라 프로 어드밴스드 (재당근x, 상태최상) 송파",거래중,"120,000원",거여동,2026-05-04,1,3,156,42.8℃,단단단,유아동,거여역 근처 아파트에서 문고리 거래 희망합니다.,"24년생 3월생 아기 출산선물로 24년 2월에 새상품 선물받았습니다. 8개월까지 완모로 9개월부터 막수 1번용으로 사용하다가 12개월부터는 우유+모유로 돌아와 실사용 약 3개월간 하루 1-2회 사용으로 사용량 적습니다. 중간중간 식초세척 하였고 마지막에 식초세척과 부품 모두 청소해두었습니다. 깔때기도 1개 더 있습니다. 혹시 모를 둘째 위해 보관하다가 판매합니다...

구성: 본품, 깔때기 1개, 워런티 카드, 설명서, 본품 박스

거여역 근처 아파트에서 문고리 거래 희망합니다.

거래 확정되면 주소 알려드려요.

환불은 어렵습니다.",120000
분유포트,브레짜 분유포트,베이비브레짜 분유 제조기,거래중,"21,000원",장지동,2026-05-04,1,8,422,44.5℃,체리주인,유아동,비대면 문고리거래,"2021년에 구매한 브레짜 분유 제조기입니다. 

분유와 물을 넣고 버튼만 누르면 
정확한 온도로 맞춰져 나와
새벽 수유할 때 특히 좋아요👍🏻

잘 관리하며 사용했고 이상없습니다만 
사용감있으니 예민하신분은 피해주셔요 :)









비대면 문고리거래
송파위례",21000
분유포트,브레짜 분유포트,베이비브레짜 자동 분유제조기 (재당근x),거래중,"40,000원",장지동,2026-03-05,9,4,289,38.9℃,kkkk,유아동,,"베이비브레짜 자동 분유제조기입니다
25년 3월생 아기 1년동안 사용한 제품입니다.
깔대기는 하나로 사용했고 매주 세척하여 깨끗하게 한 아이 사용했어요! 
제조년월은 24년 11월입니다~",40000
분유포트,브레짜 분유포트,배이비브레짜 구성 많아요,거래중,"80,000원",문정동,2026-02-03,0,4,269,47.2℃,혜주,유아동,,"24년 8월 아기 선물받아서 썻어요
외국분유로 바꾸고 나선 물이 안맞아서 많이 못썻네요^^;
둘째 계획없어서 내놓습니다~

구성품 많아요!

깔떼기 3개
분유통 2개

좋은 물건 얼른 가져가세요~~",80000
분유포트,브레짜 분유포트,브레짜 분유제조기 판매합니다 송파,거래중,"67,000원",마천동,2025-09-01,0,0,336,36.5℃,고무망치,유아동,,"아무이상없이 사용 잘하고 매일 세척하여 사용하였습니다

깔대기 3개 있고 22년도 생산이지만 깨끗하게 사용했어요",67000
분유포트,브레짜 분유포트,베이비브레짜 자동 분유 제조기,거래중,"57,000원",오금동,2025-09-01,1,1,137,44.2℃,구구,유아동,문고리원합니다.,"베이비브레짜 자동 분유 제조기입니다
육아 필수템이죠!

23년 11월 아기출산 후 1년쓰고 판매합니다.
새상품사서 깨끗하게 사용했습니다!
2째 낳고 또 쓰려고 뒀는데 외동확정으로 팝니다!
세척모두 깨끗히 해놨습니다~

자세한사진 요청하시면 찍어드릴께요!

문고리원합니다.",57000
분유포트,브레짜 분유포트,베이비 브레짜 분유제조기 새상품 송파,거래완료,"55,000원",마천1동,2025-09-01,1,0,54,48.7℃,오짱,유아동,신생아 육아중이어서 문고리 거래원합니다!!^^,"베이비 브레짜 재당근해요! 새상품 당근받아와서 
정품등록 아직안했습니당 
다른 분유포트가 있는데 이걸로 충분해서 재당근으로
내놓습니당!  정품등록하시고 쓰시면 될것같아요! 

신생아 육아중이어서 문고리 거래원합니다!!^^",55000
분유포트,브레짜 분유포트,베이비브레짜 분유포트(25년1월 구입) 깔때기 4개 박스 있음 상태 매우좋음,거래완료,"100,000원",위례동,2025-09-01,3,4,161,48.5℃,감자타운,디지털기기,직거래는 위례에서 가능합니다~,"1월생 아기
조리원 나오면서 모유수유시 보충할때
사용하려고 1월 말에 급하게 구매했어요
그래서 실사용 두달정도밖에 안되고
많이 사용하지 않아서 새상품같은 상태입니다

깔때기 추가로 구매해서 총4개이고
정품등록도 하지 않아서 가져가셔서
카드 등록 하시면 내년 1월까지 보증기간
내 무상수리 받으실 수 있을거에요

제조일자는 24년8월 이고

직거래는 위례에서 가능합니다~",100000
분유포트,브레짜 분유포트,베이비브레짜 분유제조기,거래중,"40,000원",거여동,2026-07-03,2,0,28,54.4℃,수탱,유아동,예민맘는 피해주시고 문고리 거래 선호 합니다,"몇번 사용해보고 저희 아이랑 안맞아서 안썼어요 

깔대기 여유분도 있고 설명서도 있어요 

예민맘는 피해주시고 문고리 거래 선호 합니다 

입금 후 상세주소 알려드려요",40000
분유포트,브레짜 분유포트,베이비브레짜 분유 제조기(깔대기2개),거래중,"30,000원",위례동,2026-02-03,4,1,182,52.7℃,따봉,유아동,문고리 거래 원해요 / 당근페이 원해요,"필수 육아템 중 하나인 브레짜 이모님 입니다.
새벽수유할때 특히 유용하게 사용했어요

아이 입에 들어가다보니 주기적으로 식초물로 한 번씩 세척해서 사용했고 깔때기도 교체용으로 하나 더 있습니다.

편하게 쓰실 분 연락 주세요
마지막으로 세척해 비닐로 싸서 보관중입니다

*북위례 입니다
*선입금 후 상세주소 알려드려요
*문고리 거래 원해요 / 당근페이 원해요
*사용감 있으니 예민하신분은 피해주세요
*중고특성상 교환환불 불가합니다
*육아중이라 답이 느릴 수 있습니다",30000
분유포트,브레짜 분유포트,브레짜 분유제조기 판매합니다,거래중,"67,000원",마천동,2025-09-01,0,0,337,36.5℃,고무망치,유아동,,"아무이상없이 사용 잘하고 매일 세척하여 사용하였습니다

깔대기 3개 있고 22년도 생산이지만 깨끗하게 사용했어요",67000
분유포트,브레짜 분유포트,베이비 브레짜 분유제조기 새상품,거래완료,"55,000원",마천1동,2025-09-01,1,0,55,48.7℃,오짱,유아동,신생아 육아중이어서 문고리 거래원합니다!!^^,"베이비 브레짜 재당근해요! 새상품 당근받아와서 
정품등록 아직안했습니당 
다른 분유포트가 있는데 이걸로 충분해서 재당근으로
내놓습니당!  정품등록하시고 쓰시면 될것같아요! 

신생아 육아중이어서 문고리 거래원합니다!!^^",55000
분유포트,브레짜 분유포트,브레짜 분유포트 (24년 2월 구매),거래완료,"67,000원",위례동,2025-09-01,3,4,281,52.3℃,교오옹,유아동,"아가가 있어서 문고리 거래 희망하며, 위치는 위례롯데캐슬입니다","브레짜 분유제조기 판매합니다.
처음 구매한 구성품/사용설명서 모두 갖고있습니다.

24년 2월 구매했고, 막상 초반엔 모유수유하느라 실사용기간은 더 짧네요~ 아가가 쓰는거라 매번 내부세척도 하면서 사용했으나 중고인점 감안하여 구매 부탁드립니다. 

제조년월은 23년 12월입니다.

아가가 있어서 문고리 거래 희망하며, 위치는 위례롯데캐슬입니다",67000
분유포트,브레짜 분유포트,베이비브레짜 분유제조기(거의 사용 안함) 송파,거래중,"140,000원",장지동,2026-06-03,2,11,207,37.7℃,봉쥬르,유아동,🥕문고리거래,"구매시기 : 2026년 1월
개봉일 : 2026년 5월 중순
실제 이용 횟수 : 10회 미만

색상 : 차콜

구매 후 식초+물 세척 후 거의 사용을 안 한 제품입니다. (분유 추출은 3회 미만, 거의 물 추출로만 사용함)

제 아이에게 먹이는거라 정말 깨끗하게 청소했지만, 모유수유로 생각보다 많이 사용할 일이 없어서 판매하게 되었습니다.
실제로 사용할 목적으로 구매했던거라 박스를 버려서 박스는 없습니다😭
사용하지 않은 뒤로 비닐포장 잘 해둔 상태입니다.

🥕깔대기 2개 포함

🥕환불반품 불가

🥕문고리거래",140000
분유포트,브레짜 분유포트,베이비브레짜 분유 제조기 송파,거래중,"21,000원",장지동,2026-05-04,1,8,423,44.5℃,체리주인,유아동,비대면 문고리거래,"2021년에 구매한 브레짜 분유 제조기입니다. 

분유와 물을 넣고 버튼만 누르면 
정확한 온도로 맞춰져 나와
새벽 수유할 때 특히 좋아요👍🏻

잘 관리하며 사용했고 이상없습니다만 
사용감있으니 예민하신분은 피해주셔요 :)









비대면 문고리거래
송파위례",21000
분유포트,브레짜 분유포트,베이비브레짜 분유제조기 (재당근 아님) 송파,거래중,"75,000원",장지동,2026-06-03,4,18,381,38.2℃,freewill,유아동,문고리 구매 희망 합니다.,"신생아 육아 필수템 베이비브레짜 분유제조기입니다

25년 사용 제품입니다. 새 제품 구입해서 한 아이만 사용했습니다. 보관하다가 둘째 포기하고 당근합니다. 

사진에서와 같이 본체와 부품들 모두 깨끗이 관리했습니다. 깔때기 1개는 사용안한 새제품입니다. 
(깔때기 총 3개)

오늘 일자로 작동여부 이상 없는거 확인 했습니다. 

문고리 구매 희망 합니다.
중고 물품상 환불 불가하니 신중히 구매 부탁 드려요~",75000
분유포트,브레짜 분유포트,베이비브레짜 자동 분유제조기 (재당근x) 송파,거래중,"40,000원",장지동,2026-03-05,9,4,290,38.9℃,kkkk,유아동,,"베이비브레짜 자동 분유제조기입니다
25년 3월생 아기 1년동안 사용한 제품입니다.
깔대기는 하나로 사용했고 매주 세척하여 깨끗하게 한 아이 사용했어요! 
제조년월은 24년 11월입니다~",40000
분유포트,브레짜 분유포트,베이비브레짜 분유 제조기(깔대기2개) 하남,거래중,"30,000원",위례동,2026-02-03,4,1,183,52.7℃,따봉,유아동,문고리 거래 원해요 / 당근페이 원해요,"필수 육아템 중 하나인 브레짜 이모님 입니다.
새벽수유할때 특히 유용하게 사용했어요

아이 입에 들어가다보니 주기적으로 식초물로 한 번씩 세척해서 사용했고 깔때기도 교체용으로 하나 더 있습니다.

편하게 쓰실 분 연락 주세요
마지막으로 세척해 비닐로 싸서 보관중입니다

*북위례 입니다
*선입금 후 상세주소 알려드려요
*문고리 거래 원해요 / 당근페이 원해요
*사용감 있으니 예민하신분은 피해주세요
*중고특성상 교환환불 불가합니다
*육아중이라 답이 느릴 수 있습니다",30000
분유포트,브레짜 분유포트,베이비브레짜 자동 분유 제조기(재당근x) 송파,거래중,"104,000원",장지동,2026-02-03,0,2,158,56.2℃,roome,유아동,문고리입니다,"베이비브레짜 자동 분유 제조기입니다

사용감 적고 깨끗하게 관리되어 상태 좋습니다

24년11월 구매했고

깔때기 부속품이 2개라 매우 편리합니다


문고리입니다",104000
분유포트,브레짜 분유포트,베이비 브레짜 자동 분유 제조기 송파 삼전동,나눔완료,무료나눔,장지동,2025-09-01,1,0,82,50.1℃,미토콘,유아동,문고리 나눔입니다,"베이비 브레짜 분유제조기입니다.
당근으로 구매후 막상 사용하려니까 분유포트가 좀 더 나은것 같아 나눔해요.

꼭 한번 세척 후 사용하시길 바랍니다.
문고리 나눔입니다",0
분유포트,브레짜 분유포트,베이비 브레짜 자동 분유 제조기 삼전동,나눔완료,무료나눔,송파동,2025-09-02,1,0,83,50.1℃,미토콘,유아동,문고리 나눔입니다,"베이비 브레짜 분유제조기입니다.
당근으로 구매후 막상 사용하려니까 분유포트가 좀 더 나은것 같아 나눔해요.

꼭 한번 세척 후 사용하시길 바랍니다.
문고리 나눔입니다",0
분유포트,브레짜 분유포트,배이비브레짜 분유포트 판매합니다! 송파,거래완료,"10,000원",오금동,2025-09-02,4,2,246,44.3℃,멤멤,생활/주방,문고리 거래 가능해요,"1년동안 잘 쓰고 이제 드디어 분유 졸업했어요!!!!

이제 더이상 쓸일이 없네요.. 브레짜 이모님 없었으면 생각만 해도 끔찍합니다..

사용하면서 주1회 식초로 소독 꼬박꼬박 해줘서 관세척은 필요없을 정도구요, 사진으로 보이는것과 같이 부품도 항상 주기적으로 세척해서 매우 깨끗합니다.

마지막으로 내부/외부 세척도 다 해놓았어요.

장소는 개롱역 상아2차아파트 입니다.
문고리 거래 가능해요",10000
밥솥,쿠쿠 밥솥,쿠쿠 1인용 밥솥 화이트,거래중,"25,000원",가락1동,2026-08-31,0,16,304,40.2℃,사가,생활가전,,"깔끔한 화이트 색상의 쿠쿠 1인용 밥솥이에요
이사올 때 선물 받았는데 새 밥솥 구매해서 판매해요
밥 많이하면 여자 기준 3번 정도 먹어요
에너지 소비효율등급 1등급이라 전기세도 많이 안 나와요
백미, 계란찜, 보온 기능이 있어서 다양하게 활용하기 좋아요
작고 귀여운 디자인으로 어디에 두어도 잘 어울린답니다
혼자 사는 분들이나 신혼부부에게 딱 맞는 사이즈예요",25000
밥솥,쿠쿠 밥솥,쿠쿠 IH 압력밥솥 FHR0610FD 6인용,거래중,"34,000원",가락1동,2026-08-15,8,73,3996,46.8℃,이쁜별이,생활가전,,"쿠쿠 스마트 IH 압력밥솥 FHR0610FD 모델이에요
6인용으로 넉넉하게 사용할 수 있어요
에너지 소비효율 1등급으로 전기료 부담도 덜어준답니다
맛있는 밥을 짓고 싶으신 분들께 추천드려요

여기까지 AI작성이구요
내솥이 있는데 조금 벗겨졌어요ㅠ
내솥만 사시면 완전 새거처럼 사용 가능해요
오래된 모델이지만 디자인 성능 특히 디자인
너무 이뻐요 생활감도 그렇게 많지 않아요
작동 완벽 밥 진짜 맛나게 되여
필요하신분 연락주세요",34000
밥솥,쿠쿠 밥솥,쿠쿠 스마트 IH 밥솥 6인용,거래중,"50,000원",잠실동,2026-08-25,0,10,747,57.3℃,정리중,생활가전,,"쿠쿠 스마트 IH 밥솥 6인용이에요
내솥은 Xwall+ BLACK SHINE 코팅으로 밥알이 눌어붙지 않아요
다양한 요리 모드로 맛있는 밥을 지을 수 있어요
겉은지금 보관하다쌓인먼지라 깨끗히닦아드릴게요 닦으면 표면은깨끗합니다 
작동잘되는데 내솥이 긁혀서 안쓰다가 내놓아요~",50000
밥솥,쿠쿠 밥솥,쿠쿠 2인 밥솥 핑크 팝니다,거래중,"30,000원",가락1동,2026-08-01,1,20,916,39.1℃,당근당근,생활가전,,,30000
밥솥,쿠쿠 밥솥,쿠쿠 스마트 IH 10인용 압력밥솥,거래중,"70,000원",송파1동,2026-08-31,0,4,14,99℃,KJS,생활가전,,,70000
밥솥,쿠쿠 밥솥,쿠쿠 3인용 에그밥솥 CR-0375FW 화이트,거래중,"53,000원",석촌동,2026-08-25,1,17,181,57.7℃,변사마,생활가전,,"깔끔한 화이트 색상의 쿠쿠 3인용 에그밥솥 CR-0375FW 판매해요
사진에서 보시는 것처럼 내솥 코팅 벗겨짐 없이 깨끗하고 외관도 깔끔
합니다
3인 가족이 사용하기 딱 좋은 사이즈로 맛있는 밥 지어 드실 수 있어요
작지만 알찬 기능으로 매일 맛있는 밥을 즐기고 싶으신 분들께 추천드려요
현재 쿠쿠매장 에서 정가 109.000원 판매중 입니다.  반가격에 건져가세요
새상품 이며 미사용 입니다
",53000
밥솥,쿠쿠 밥솥,쿠쿠 미니 IH 전기압력밥솥 3인용,거래중,"120,000원",가락1동,2026-08-31,0,3,24,37℃,알앤,생활가전,,"*제품 설명 잘 읽어주세요!

사진설명:밥솥 앞면사진과 제품사용설명서와
쌀 주걱과 쌀 계량컵 사진입니다.
총 세트로 드립니다.
두달~세달전쯤 구매했었던
쿠쿠 미니 IH 전기압력밥솥 3인용입니다.
원가는 약 20만원 입니다.
사용감은 적고,
2주정도 사용했습니다.
사용에 문제있는 허점이나,
기스는 없습니다.
쌀 주걱과 쌀 계량컵은 밥솥 구매당시
같이 세트로 왔었습니다.
중고거래로 교환환불 불가하니 
신중히 구매 부탁합니다.
제품구매시 참고바랍니다.",120000
밥솥,쿠쿠 밥솥,쿠쿠 2인용 미니밥솥 마시멜로우 핑크,거래중,"30,000원",가락1동,2026-08-01,1,32,942,39.1℃,Imgaygayyo,생활가전,,"쿠쿠 2인용 미니밥솥 핑크 색상이에요
작고 귀여운 디자인으로 어디에나 잘 어울려요
2인 가구에게 딱 맞는 사이즈로 활용하기 좋아요
깔끔한 디자인으로 주방 어디에 두어도 예뻐요
매일 맛있는 밥을 지어 드시고 싶은 분들께 추천드려요!

내부 밑부분에 사용하다보니 노랗게 익은? 누른 부분이있는데 사용하는데에 아무문제 없고 밥솥냄비 끼우면 안보여용! 다른하자는 없습니다 다 정상작동해요 자취생 분들께 추천드려요 이뻐요",30000
밥솥,쿠쿠 밥솥,쿠쿠 미니 밥솥 CR-0671V 화이트/퍼플,거래중,"30,000원",가락1동,2026-08-31,1,0,9,53.2℃,mmjj0919,생활가전,,"깔끔한 화이트 색상에 사랑스러운 퍼플 컬러가 돋보이는 쿠쿠 미니 밥솥이에요
CR-0671V 모델로 밥맛은 물론 디자인까지 만족스러우실 거예요
작은 사이즈로 공간 차지도 적고 사용하기 편리하답니다
혼밥족이나 신혼부부에게도 안성맞춤인 밥솥이에요",30000
밥솥,쿠쿠 밥솥,쿠쿠 CRP-QS1010FG 10인용 압력밥솥 로즈골드,거래중,"40,000원",가락2동,2026-08-29,1,3,,43.3℃,소연삼촌,생활가전,,"쿠쿠 압력밥솥 CRP-QS1010FG 모델이에요
외형도 아주 깨끗하고요
10인용으로 넉넉하게 사용할 수 있답니다
로즈골드 색상으로 주방 어디에나 잘 어울려요
맛있는 밥을 짓고 싶으신 분들께 추천드려요
밥도 잘되고 작동 아주 잘 됩니다!",40000
밥솥,쿠쿠 밥솥,쿠쿠 에그밥솥 6인용 화이트,거래중,"45,000원",마천동,2026-08-14,3,10,297,35.5℃,환장하새우,생활가전,,"깔끔한 화이트 색상의 쿠쿠 에그밥솥 6인용이에요
사진으로 보시는 것처럼 상태 좋아요
밥맛을 살려주는 에그밥솥으로 맛있는 밥 지어 드세요
자취생이나 신혼부부에게 딱 맞는 사이즈랍니다",45000
밥솥,쿠쿠 밥솥,쿠쿠 10인용 압력밥솥 거의새것,거래중,"130,000원",가락1동,2026-08-31,1,3,39,97.4℃,얼음2,생활가전,직거래나 바로구매만 됩니다!,"깔끔한 블랙 색상의 쿠쿠 10인용 압력밥솥이에요
CRP-QS107FS 모델로, 에너지 효율 1등급 제품이랍니다
내솥은 STS 304 소재로 되어있어요
선물받아 2회사용
원래 쓰던것을 쓰느라 보관.
포장박스상태는 안좋음

직거래나 바로구매만 됩니다!",130000
밥솥,쿠쿠 밥솥,쿠쿠 FHS1010FD 10인용 IH 압력밥솥,거래중,"55,000원",잠실4동,2026-08-24,1,14,1187,37.4℃,건너편중식고수,생활가전,무게상 문고리거래만 합니다,"쿠쿠 스마트 IH 압력밥솥 10인용 FHS1010FD 모델이에요
직접 터치 방식으로 조작이 간편하고 다양한 메뉴 설정이 가능해요
IH 열판으로 빠르고 고르게 밥을 지을 수 있답니다
맛있는 밥을 짓고 싶으신 분들께 추천드려요

내솥은 별도구매하세요
새걸로 사시는게 위생에도 좋을 듯 합니다
감안해 싸게올림
고무파킹 아주 멀쩡 

무게상 문고리거래만 합니다
몽촌토성역 인근 

주차등록 해드림",55000
밥솥,쿠쿠 밥솥,쿠쿠 IH 압력밥솥 6인용,거래중,"50,000원",가락1동,2026-08-31,3,14,,,,,,,50000
밥솥,쿠쿠 밥솥,쿠쿠 트윈프레셔 밥솥 CRP-STQ1010FW,거래중,"80,000원",마천동,2026-07-03,0,11,,,,,,,80000
밥솥,쿠쿠 밥솥,쿠쿠 전기 압력밥솥,거래중,"50,000원",송파동,2026-08-27,3,4,140,36.5℃,LOVEARTH,생활가전,,"구매하고 거의 안썼습니다.
원가 16만원정도 해요

궁금하신점 편하게 연락주세요",50000
밥솥,쿠쿠 밥솥,쿠쿠 IH 압력밥솥 6인용 FHR0610FD,거래중,"79,000원",가락1동,2026-08-31,0,2,33,59.5℃,당근이지,생활가전,,"쿠쿠 스마트 IH 압력밥솥 6인용 FHR0610FD 모델입니다
사진에서 보시는 것처럼 깔끔하게 사용했어요
다양한 요리를 할 수 있는 기능이 탑재되어 있습니다
맛있는 밥을 짓고 싶으신 분들께 추천드려요
*최근에 안쪽까지 고무패킹 교체함.
내솥은 상태가 깨끗하게 유지.
",79000
밥솥,쿠쿠 밥솥,쿠쿠 밥솥 CR-0215MV 2인용 베이지,거래중,"60,000원",가락1동,2026-06-02,0,12,205,58.8℃,로즈킹,생활가전,,"쿠쿠 미니 밥솥 CR-0215MV 2인용 베이지 색상이에요
박스 그대로 보관만 한 새 상품입니다
작고 예쁜 디자인으로 어디에 두어도 잘 어울려요
1-2인 가구에게 딱 맞는 사이즈로 이유식이나 간단한 밥을 지을 때 유용해요
새상품입니다.",60000
밥솥,쿠쿠 밥솥,쿠쿠 1인용 소담밥솥 CR-0155MW 매트화이트 25년7월구매,거래중,"27,000원",가락1동,2026-08-01,0,11,,,,,,,27000
밥솥,쿠쿠 밥솥,쿠쿠 밥솥,거래중,"120,000원",가락1동,2026-08-12,1,8,,,,,,,120000
밥솥,쿠쿠 밥솥,쿠쿠 10인용 압력밥솥 BR105FB 풀스테인리스,거래중,"160,000원",가락1동,2026-08-31,0,0,36,44.6℃,반딧불이,생활가전,,,160000
밥솥,쿠쿠 밥솥,쿠쿠 스피드팟 멀티쿠커 (1회사용),거래중,"60,000원",신천동,2026-08-22,4,54,920,59.4℃,하하,생활가전,,"쿠쿠 스피드팟 멀티쿠커 5.7L 판매해요
올해 구매했고 1번 사용햇어요.
다양한 요리를 간편하게 할 수 있는 멀티쿠커입니다
사진에서 보시는 것처럼 구성품 모두 있어요
요리 시간을 단축시켜주는 스피드팟 기능이 탑재되어 있습니다
바쁜 일상 속에서도 맛있는 집밥을 즐기고 싶으신 분들께 추천드려요
엄마 압력밥솥 대신 사드렸는데 대식구라 용량이 작아 판매합니다.",60000
밥솥,쿠쿠 밥솥,쿠쿠 CRP-ST1010FW 10인용 밥솥,거래중,"110,000원",가락1동,2026-08-15,6,30,1593,38.4℃,빠른거래요망,생활가전,,"쿠쿠 CRP-ST0610FW 10인용 밥솥이에요
사진에서 보시는 것처럼 깔끔한 상태를 유지하고 있어요
6인용으로 넉넉하게 사용할 수 있는 밥솥이랍니다
맛있는 밥을 짓고 싶으신 분들께 추천드려요",110000
밥솥,쿠쿠 밥솥,쿠쿠 IH 압력밥솥 CHSN1010FS 10인용,거래중,"60,000원",송파1동,2026-08-01,5,18,484,36.7℃,오팔월,생활가전,,"쿠쿠 압력밥솥 10인용 모델이에요
내솥은 스테인리스로 되어있고 다양한 메뉴 조리가 가능해요
잔기스 별로 없고 사진에서 보이는 것처럼 깔끔하게 사용했습니다!",60000
밥솥,쿠쿠 밥솥,새상품급 쿠쿠 IH 압력밥솥 DHB065FDB 6인용,거래중,"150,000원",방이동,2026-08-20,1,13,205,37.5℃,may,생활가전,,"쿠쿠 스마트 IH 압력밥솥 6인용 모델이에요
사진에서 보이는 것처럼 깔끔하게 사용했어요

6개월 사용했습니다

IH 압력 기술로 맛있는 밥을 지어준답니다
매일 따뜻하고 맛있는 밥을 드시고 싶은 분들께 추천드려요

직접 가지러 오셔야해요",150000
밥솥,쿠쿠 밥솥,쿠쿠 1인용 미니 밥솥 민트,거래중,"30,000원",가락1동,2026-08-31,0,3,90,55.8℃,krihm,생활가전,"직거래, 반택, 일택 모두 가능합니다.","쿠쿠 1인용 미니 밥솥이에요
민트색상으로 깔끔하고 예뻐요
1인 가구에게 딱 맞는 사이즈랍니다
작지만 맛있는 밥을 지어주는 똑똑한 밥솥이에요



쿠팡을 추천합니다!
쿠쿠 전기보온 소담밥솥 1인용
https://link.coupang.com/a/gDfXbFLTyu


현재  48,000원에 판매 중입니다. 



1회 사용했습니다.

완전 새거예요. 구성품 모두 있습니다.

박스랑 설명서는 버렸지만 링크 🔗 참고해주시면 사용 어렵지 않아용~~ 




직거래, 반택, 일택 모두 가능합니다.

직거래는 집 앞에서 가능해요.
더샵 반포 ….  입니다

문고리도 가능합니다. 
오시게 되면 개인적으로 집 주소 및 현관 비번 알려드려요.",30000
밥솥,쿠쿠 밥솥,쿠쿠 10 인용 압력밥솥,거래중,"20,000원",가락1동,2026-08-31,2,1,61,54.5℃,담근당근,생활가전,,"쿠쿠 HZXB0610FB  10인용  밥솥
사용감 있구요  밥솥 교체로 당근 합니다
하자는 사진에 보이는 남은 시간 보이는 led가   저렇게 나오는거 말고는 이상없습니다
기능.음성  다 정확히  나옵니다

노리턴 조건입니다
세척은  사진처럼  분리해서 햇습니다

",20000
밥솥,쿠쿠 밥솥,쿠쿠 6인용 밥솥 CR-0661FR 레드,거래중,"15,000원",잠실2동,2026-08-27,0,1,50,36.8℃,콩이2,생활가전,,"쿠쿠 6인용 밥솥 CR-0661FR 레드 판매해요
사진에서 보시는 것처럼 구성품은 밥솥 본체와 내솥입니다
맛있는 밥을 지어주는 쿠쿠 밥솥으로 매일 따뜻한 집밥을 즐겨보세요
밥솥 6개월밖에 안 됐습니다. 사용 잘 됩니다  교원 반품 불가능합니다. 신중하게 생각하세요.",15000
밥솥,쿠쿠 밥솥,쿠쿠 IH 압력밥솥 FHXB1010FD 6인용,거래중,"30,000원",가락1동,2026-08-01,4,21,2303,36.7℃,juju,생활/주방,,"쿠쿠 IH 압력밥솥 FHXB1010FD 6인용이에요
사용하는 데 문제는 전혀 없고 내솥이 까져서 선물 받은 밥통으로 교체했어요~
사용하실분은 내솥만 교체하셔서 사용하심 될 거 같아요^^",30000
밥솥,쿠쿠 밥솥,쿠쿠밥솥10인용,거래중,"100,000원",가락1동,2026-08-31,1,0,45,39.2℃,강티나,생활가전,,"1년전 구매
기능 문제 전혀 없어요",100000
밥솥,쿠쿠 밥솥,정리중)쿠쿠 전기밥솥 6인용 송파,거래중,"10,000원",풍납동,2026-08-28,0,2,314,61.6℃,몽몽,생활가전,🥕문고리/직거래(지하철역),"<쿠쿠 에그 전기밥솥6인용>
내솥(X) 없어요. 압력(X)
작동 잘되고, 사용감 없이
외부/내부 깨끗해요.
(내솥 별도구매 추천)

🥕문고리/직거래(지하철역)
🥕반품 및 환불불가",10000
밥솥,쿠쿠 밥솥,쿠쿠 CRP-DH105FI 압력밥솥 10인용,거래중,"25,000원",가락1동,2026-08-31,1,0,10,37.1℃,뚱뚱엄마,생활가전,,"쿠쿠 CRP-DH105FI 압력밥솥 10인용입니다^^
모든기능정상작동입니다~
사진에나온것처럼아주깨끗한상태입니다~
뚜껑안쪽코팅이좀벗겨졋지만(마지막사진참고)
사용에는별지장없어요~
직접가져가실분우선입니다^^
반ㆍ환(NO)",25000
밥솥,쿠쿠 밥솥,쿠쿠 3인용 IH 압력밥솥 화이트 CRP-T0310FGW,거래중,"120,000원",가락1동,2026-08-29,2,42,572,99℃,행복하세요,생활가전,,,120000
밥솥,쿠쿠 밥솥,쿠쿠 6인용 밥솥 트윈프래셔 더 라이트 밥솥(CRP-ST0610FGI,거래중,"130,000원",가락1동,2026-08-01,4,53,1146,38.8℃,버섯,생활가전,,,130000
밥솥,쿠쿠 밥솥,[쿠쿠] 프리미엄 미니 IH 전기 압력밥솥 3인용,거래중,"180,000원",가락2동,2026-08-31,0,2,41,46.3℃,공기청정기,생활가전,,,180000
밥솥,쿠쿠 밥솥,쿠쿠 IH압력밥솥 DHP0610FD 블랙 10인용,거래중,"26,000원",신천동,2026-08-01,3,5,271,0℃,가격보니,생활가전,,"쿠쿠 IH압력밥솥 DHP0610FD 블랙 10인용입니다
사진에서 보이는 구성품 그대로 드려요
깔끔한 디자인으로 주방 어디에나 잘 어울려요
맛있는 밥을 짓고 싶으신 분들께 추천드려요",26000
밥솥,쿠쿠 밥솥,쿠쿠 에그 밥솥,거래중,"52,000원",가락2동,2026-08-01,0,19,843,75.7℃,소확행,생활가전,✅문고리 / 택배 거래 가능,"깔끔한 디자인의 쿠쿠 에그 밥솥 
다양한 메뉴 설정이 가능해서 편리하게 사용할 수 있어요
밥솥 본체와 전원 코드가 구성품이에요
맛있는 밥을 짓고 싶으신 분들께 추천드려요
1회 사용 (햇반족)
✅교환 불가, 환불불가이니 신중히 생각하신후 구매 결정해주세요! 
✅문고리 / 택배 거래 가능
일반택배:4000원 , 반값택배:2200원 입니다. 

✔️비매너분들 차단 합니다!",52000
밥솥,쿠쿠 밥솥,쿠쿠 10인용 압력밥솥 CRP-QS1010FG 판매합니다,거래중,"40,000원",가락2동,2026-08-24,0,3,1041,63.1℃,당근럽,생활가전,,,40000
밥솥,쿠쿠 밥솥,쿠쿠6인용 전기압력밥솥,거래중,"50,000원",방이1동,2026-08-30,0,8,89,65.8℃,afdsjhk4,생활가전,,"비대면거래요
전체적으로 깨끗요.정상작동으로 찰지게 맛있게되어요
세월의 사용감 있어요
한성백제역 근처입니다.",50000
밥솥,쿠쿠 밥솥,쿠쿠 6인용 IH압력밥솥 팝니다.,거래중,"92,000원",가락2동,2026-08-29,1,30,525,51.1℃,스카이,생활가전,,"쿠쿠 CRP-DHR067FS 6인용 IH압력밥솥이에요. 
최근 것은 아니지만 
사진에서 보시는 것처럼 깔끔한 상태를 유지하고 있고  내솥도 깨끗해요. 
쿠쿠에서  ₩453900에 판매하는 제품이예요.  내솥만도 ₩147150에 팔고 있어요
IH 압력 방식으로 맛있는 밥을 지을 수 있어요.
스테인리스내솥/스테인리스코팅/커브드/에어버블/풀스테인리스커버/분리형커버/패킹워시/잡곡쾌속/맞춤보온/백미쾌속/2기압취사/음성안내/에너지  1등급 제품이예요.
내솥 값도 안되는 가격이얘요.
싸게 구매하세요. ",92000
밥솥,쿠쿠 밥솥,쿠쿠 트윈프레셔 IH 밥솥 10인용,거래중,"120,000원",가락2동,2026-08-31,1,19,306,49.9℃,분노의뒷땅,생활가전,,"2020년 신혼때 사서 잘쓰던 밥 솥입니다.

작동상태 이상없고요 
새것 같지는 않지만 깨끗하게 닦아 뒀습니다.

패킹은 1년 반전에 새거로 갈았었습니다. 급한대로 좀 쓰시다 갈아 쓰시면 좋은것 같네요.

아래 상세페이지 모델이니 참고하셔요

https://naver.me/59ldzeFK

",120000
밥솥,쿠쿠 밥솥,쿠쿠 CRP-R0610FC 6인용 압력밥솥,거래중,"85,000원",가락2동,2026-08-07,2,4,,,,,,,85000
밥솥,쿠쿠 밥솥,쿠쿠 스마트 IH 전기 압력 밥솥 6인용,거래중,"40,000원",가락2동,2026-08-26,2,10,1691,41℃,바위너구리,생활가전,,"압력 추 케이스가 없지만 밥 하는 데는 지장 없습니다~
자세한 상태는 사진을 참고해주세요!

최근까지 잘 사용하다가 다른 밥솥이 생겨 판매해요
사용감이 있는 만큼 저렴하게 판매합니다🙂

제품명: HZXB0610FB

쿨거래 시 네고 가능",40000
밥솥,쿠쿠 밥솥,쿠쿠 트윈프레셔 밥솥 CRP-ST0610FG 6인용,거래중,"120,000원",가락2동,2026-08-31,0,7,164,99℃,당근마마,생활가전,,,120000
밥솥,쿠쿠 밥솥,[새상품]쿠쿠 사트윈프레셔 IH 전기밥솥 6인용 CRP-FHTR0610FLB,거래중,"320,000원",신천동,2026-08-19,0,4,61,65.2℃,겹벚꽃,생활가전,,"쿠쿠 트윈프레셔 IH 전기밥솥 6인용 CRP-FHTR0610FLB 모델이에요
박스째 보관만 한 새 상품입니다
사진에서 보시는 것처럼 구성품 모두 그대로 있어요
깔끔한 블랙 색상으로 어떤 주방에도 잘 어울려요
맛있는 밥을 짓고 싶으신 분들께 추천드려요",320000
밥솥,쿠쿠 밥솥,쿠쿠 스마트 IH 밥솥 FHR0610FD 6인용,거래중,"68,000원",가락2동,2026-08-30,3,9,286,57.6℃,레아,생활가전,,"쿠쿠 스마트 IH 밥솥 FHR0610FD 6인용이에요
사진에서 보이는 것처럼 깔끔한 상태의 밥솥입니다
IH 압력 방식으로 맛있는 밥을 지을 수 있어요
매일 먹는 밥, 더욱 맛있게 드시고 싶으신 분들께 추천드려요",68000
밥솥,쿠쿠 밥솥,쿠쿠 스마트 IH 압력밥솥 10인용 CHP1010FD,거래중,"15,000원",오륜동,2026-08-01,10,13,602,36.4℃,가멸이,생활가전,,"쿠쿠 스마트 IH 압력밥솥 10인용 CHP1010FD 판매해요
사진에서 보시는 것처럼 음성안내 잘되고
IH 압력 방식으로 맛있는 밥을 지을 수 있어요
깔끔한 디자인으로 주방 어디에나 잘 어울려요
매일 따뜻하고 맛있는 밥을 드시고 싶은 분들께 추천드려요 커브드 내솥이 없어서 따로 사셔야 합니다.",15000
밥솥,쿠쿠 밥솥,쿠쿠 CRP-K1060SR 10인용 레드 밥솥,거래중,"28,000원",잠실4동,2026-08-24,0,3,141,53.1℃,호잇,생활가전,잠실 몽촌토성역 문고리 거래,"쿠쿠 CRP-K1060SR 10인용 밥솥이에요
레드 색상으로 깔끔하고 예뻐요
사진에서 보이는 것처럼 구성품은 본체만 있어요
맛있는 밥을 지어줄 밥솥을 찾으시는 분들께 추천드려요

모든 기능 정상 작동 다잘됨
잠실 몽촌토성역 문고리 거래

밥 솥 바꿔서 싸게 팝니다",28000
밥솥,쿠쿠 밥솥,쿠쿠 스마트 IH 밥솥 DHX8061FS 6인용,거래중,"70,000원",가락2동,2026-08-05,1,6,1086,66℃,yyyyyy,생활가전,,"쿠쿠 스마트 IH 압력밥솥 6인용 판매해요
모델명은 DHX8061FS이고 IH 압력 방식이에요
내솥 상태도 깨끗하고 외관도 깔끔하게 사용했어요
맛있는 밥을 짓고 싶으신 분들께 추천드려요",70000
밥솥,쿠쿠 밥솥,쿠쿠 트윈프레셔 IH 밥솥 6인용,거래중,"150,000원",가락2동,2026-08-31,0,13,326,64.6℃,뭉클뭉클,생활가전,,"쿠쿠 트윈프레셔 IH 밥솥 6인용이에요
IH 방식으로 맛있는 밥을 지을 수 있어요
내솥과 뚜껑 분리가 가능해서 세척이 편리해요
깔끔한 디자인으로 주방 어디에나 잘 어울려요
매일 맛있는 밥을 드시고 싶은 분들께 추천드려요

작동잘됩니다 :) 22년 구매했어요
10인용으로 바꾸게되어서 판매합니다
환불불가 하니 신중하게 결정부탁 드립니다",150000
밥솥,쿠쿠 밥솥,쿠쿠 CRP-R068FS IH압력밥솥 6인용,거래중,"15,000원",가락2동,2026-08-07,20,14,1105,37.5℃,바바,생활가전,,"쿠쿠 IH압력밥솥 6인용 CRP-R068FS 모델이에요
내솥은 1.8L 용량이고, 소비효율등급 1등급 제품이에요
사진에서 보이는 것처럼 깔끔하게 사용했어요
맛있는 밥을 짓고 싶으신 분들께 추천드려요",15000
밥솥,쿠쿠 밥솥,쿠쿠 전기보온밥솥,거래중,"15,000원",잠실본동,2026-07-02,2,4,256,40.2℃,하하헣,생활가전,,"쿠쿠 6인용 전기보온밥솥 CR-0671V 판매해요
상태는 사진과 같습니드
3~4인 가구에 적합한 용량이에요
매일 따뜻하고 맛있는 밥을 지어 드시고 싶은 분들께 추천드려요",15000
밥솥,쿠쿠 밥솥,쿠쿠 CRP-R068FS IH압력밥솥 6인용내솥만 새로사심되요만,거래중,"20,000원",송파1동,2026-08-01,0,1,305,36.5℃,엘리,생활가전,,"깔끔한 디자인의 쿠쿠 IH압력밥솥 6인용 CRP-R068FS 판매해요
사진에서 보이는 것처럼 구성품 은
내솥은 따로구매하셔야함
밥맛을 살려주는 IH압력 방식으로 맛있는 밥을 지을 수 있답니다
매일 먹는 밥, 더욱 맛있게 즐기고 싶으신 분들께 추천드려요",20000
밥솥,쿠쿠 밥솥,쿠쿠 CRP-CHS1010FS (10인용),예약중,"80,000원",가락2동,2026-08-20,2,25,1129,66.8℃,유진,생활가전,,"에너지소비효율 1등급 제품이라 전기세 절감에 좋습니다.
​**스테인리스 분리형 커버(STS 304)**로 깔끔하게 분리 세척하며 관리했습니다.
​Smart IH 압력 방식이라 밥맛이 일정하고 좋습니다.
​상태: 패킹 새것 속패캥 2중패킹 교환했습니다.
​최근까지 문제없이 정상 작동하던 시험 해봤습니다. 내솥은 사진 참조 헤주세요.",80000
밥솥,쿠쿠 밥솥,쿠쿠 2인용 전기밥솥 CR-0215MW 화이트,거래중,"40,000원",가락2동,2026-08-29,1,26,427,37.6℃,여행자보스,생활가전,,,40000
밥솥,쿠쿠 밥솥,쿠쿠 IH 6인용 압력밥솥 팝니다갖다드려요,거래중,"77,000원",가락동,2026-08-23,0,8,,,,,,,77000
밥솥,쿠쿠 밥솥,쿠쿠 밥솥,거래중,"60,000원",가락동,2025-08-31,8,20,1157,42.1℃,우주,생활가전,,"쿠쿠 6인용 밥솥입니다

디자인이 깔끔하고 예뻐요~
분리형 커버로 세척도 용이합니다
압력 밥솥이 아닌 전기밥솥입니다.",60000
밥솥,쿠쿠 밥솥,20년식 쿠쿠 10인용 압력밥솥,거래중,"80,000원",가락동,2026-08-04,1,19,2033,99℃,돈불,생활가전,,"쿠쿠  10인용 압력밥솥이에요
다양한 메뉴와 압력 기능으로 맛있는 밥을 지을 수 있어요
사진에서 보이는 것처럼 깔끔하게 사용했어요

매일 따뜻하고 맛있는 밥을 드시고 싶은 분들께 추천드려요
✅️패킹은교환한지 얼마안됨
판매시 작동은 동영상드리고 판매

✅️중고거래 특성상 거래 후 반품, 교환 환불 불가합니다 이점 유념

",80000
밥솥,쿠쿠 밥솥,쿠쿠 IH 압력밥솥 JHR0620FD 6인용,거래중,"70,000원",잠실3동,2026-07-02,10,36,1180,51.9℃,하드민,생활가전,,"쿠쿠 IH 압력밥솥 JHR0620FD 모델이에요
6인용으로 넉넉하게 사용할 수 있어요
내솥과 뚜껑 분리형으로 세척도 간편하답니다
맛있는 밥을 지어줄 똑똑한 밥솥을 찾으신다면 추천드려요",70000
밥솥,쿠쿠 밥솥,쿠쿠 1인용 소담밥솥 매트화이트,거래중,"35,000원",가락동,2026-08-11,0,19,288,51℃,찜튀말고쿨거래,생활가전,,"매트 화이트 색상의 쿠쿠 1인용 소담밥솥으로
백미취사, 계란찜, 보온 기능이 있고 12시간 보온 기능도 갖췄습니다
분리형 커버와 분리형 파워코드로 세척도 간편합니다
집에서 일체 밥을 해먹지 않아서 내놓습니다

거래장소 : 자영타워빌 앞 / CU반값택배가능",35000
밥솥,쿠쿠 밥솥,쿠쿠 CRP-P0610FD 6인용 압력밥솥,거래중,"30,000원",가락동,2026-08-29,2,7,,,,,,,30000
밥솥,쿠쿠 밥솥,쿠쿠 스마트 IH 밥솥 DHP0610FD6인용,거래중,"69,000원",가락동,2026-08-31,1,15,219,88.7℃,호랑이할배,생활가전,,"쿠쿠 스마트 IH 밥솥 DHP0610FD6인용입니다
사진에서 보시는 것처럼 구성품 모두 잘 갖춰져 있어요
IH 압력 방식으로 맛있는 밥을 지을 수 있답니다
따뜻하고 맛있는 밥을 매일 드시고 싶은 분들께 추천드려요
",69000
밥솥,쿠쿠 밥솥,쿠쿠 CRP-ST0610FG 6인용 밥솥,거래중,"102,000원",가락동,2026-08-22,2,13,935,65.8℃,물고기자리,생활가전,,"쿠쿠 CRP-ST0610FG 6인용 밥솥이에요
깔끔한 디자인과 편리한 기능으로 매일 맛있는 밥을 지을 수 있어요
사진에서 보이는 것처럼 내부 상태도 깨끗하게 관리되었어요
매일 사용하는 밥솥, 새것처럼 깨끗한 제품으로 바꿔보세요

남산역 중고 물품반품불가 ",102000
밥솥,쿠쿠 밥솥,쿠쿠 트윈프레셔 6인용 밥솥 CRP-ST0610FG,거래중,"128,000원",가락동,2026-08-18,1,33,1141,45℃,예리,생활가전,,,128000
밥솥,쿠쿠 밥솥,쿠쿠 2인용 밥솥 CR-0255MW,거래중,"10,000원",가락동,2026-08-31,0,1,206,37.3℃,가링으,생활가전,,"쿠쿠 2인용 밥솥 CR-0255MW 판매해요
사진에서 보시는 것처럼 구성품은 밥솥 본체와 전원선입니다
깔끔한 디자인으로 어떤 주방에도 잘 어울려요
맛있는 밥을 짓고 싶으신 분들께 추천드려요",10000
밥솥,쿠쿠 밥솥,쿠쿠 IH 트윈프레셔 마스터셰프 10인용 화이트 밥솥(내솥x),거래중,"120,000원",가락동,2026-08-30,0,5,481,44.4℃,잴루,생활가전,,,120000
밥솥,쿠쿠 밥솥,쿠쿠 스마트 IH 6인용 밥솥 DHP0610F30~30D 6인용,거래중,"100,000원",가락동,2026-08-06,3,18,1003,74.8℃,환영합니다24시간,생활가전,,,100000
밥솥,쿠쿠 밥솥,쿠쿠 6인용압력밥솥,거래중,"55,000원",가락동,2026-08-26,0,0,139,99℃,돈불,생활가전,,"쿠쿠 6인용 IH 압력밥솥이에요
윗사진 참고하세요 
다양한 요리 모드로 맛있는 밥을 지을 수 있답니다
매일 따뜻하고 맛있는 밥을 드시고 싶은 분들께 추천드려요
✅️패킹 내솥 좋은편  작동은 동영상드린후 판매",55000
밥솥,쿠쿠 밥솥,쿠쿠 6인용 트윈프레셔 Smart IH 압력밥솥 (CRP-JHTR0610FD),거래중,"81,000원",가락동,2026-08-28,0,15,1132,57.4℃,Mac,생활가전,,,81000
밥솥,쿠쿠 밥솥,쿠쿠 6인용 전기밥솥,거래중,"30,000원",가락동,2026-08-31,0,2,32,45.2℃,꼴랑,생활가전,,"깔끔한 디자인의 쿠쿠 6인용 전기밥솥이에요
사진에서 보이는 것처럼 내부 상태도 깨끗하게 관리되었어요
밥솥은 역시 쿠쿠죠
혼자 사는 분이나 신혼부부에게 딱 맞는 사이즈랍니다 사진참고 하시고 중고특성상 교환환불은 정중히 거부합니다 ",30000
밥솥,쿠쿠 밥솥,쿠쿠새상품 IH 전기압력밥솥 6인용 CRP-FHTR0610FLB,거래중,"350,000원",신천동,2026-06-02,0,6,343,65.2℃,겹벚꽃,생활가전,,"쿠쿠 IH 전기압력밥솥 6인용 CRP-FHTR0610FLB 모델이에요
사진에서 보시는 것처럼 깔끔한 디자인을 자랑해요
6인용으로 넉넉하게 사용할 수 있답니다
문서, 영상 작업 하시는 분들에게 추천드리는 가성비 있는 노트북이에요
새거입니다 ",350000
밥솥,쿠쿠 밥솥,쿠쿠 IH 압력밥솥,거래중,"130,000원",가락동,2026-08-01,1,23,1316,44.7℃,YJL01,생활가전,,"사진에서 보이는 것처럼 깔끔한 상태를 유지하고 있어요.
설명서도 있어요.
6인분 (1.08L) 까지 가능해요.
사이즈는 37.8x 26.6x 25.6cm 입니다.
내솥은 한번 교체했고, 그 이후에 몇 번 사용 안 했어요.
하자 없어요.",130000
밥솥,쿠쿠 밥솥,쿠쿠 IH 압력밥솥 DHB0660FDM 6인용,거래중,"120,000원",가락동,2026-08-25,0,1,357,45℃,동글이네,생활가전,,"쿠쿠 IH 압력밥솥 
DHB0660FDM 6인용
IH 압력 에너지 소비효율 1등급 
본체내부 벽까짐 
23.4
내솥은 생활기스 외 깨끗해요



",120000
밥솥,쿠쿠 밥솥,쿠쿠 IH 압력밥솥(10인용). 상태굿,거래중,"70,000원",가락동,2026-08-31,0,4,52,49℃,농구장골프트레이너,생활가전,,"쿠쿠 IH 압력밥솥 10인용이에요
사진에서 보이는 것처럼 깔끔하게 사용했어요
보관만 하다 당근해요~~
IH 압력 방식으로 맛있는 밥을 지을 수 있어요
매일 따뜻하고 맛있는 밥을 드시고 싶은 분들께 추천드려요",70000
밥솥,쿠쿠 밥솥,쿠쿠 스퀘어 보온밥솥 CR-0415MW 화이트,거래중,"55,000원",가락동,2026-08-06,0,1,,,,,,,55000
밥솥,쿠쿠 밥솥,[상태최고-내솥/패킹] 깨끗한 쿠쿠 스마트 IH 밥솥 6인용 DHR0660FD,거래중,"120,000원",가락동,2026-08-31,0,1,,,,,,,120000
밥솥,쿠쿠 밥솥,쿠쿠 IH 스마트 밥솥 HLF1065SE 10인용,거래중,"40,000원",가락동,2026-08-28,1,11,633,39.6℃,민채,생활가전,,"쿠쿠 IH 스마트 밥솥 HLF1065SE 모델이에요
10인용으로 넉넉하게 사용할 수 있어요
사진에서 보이는 것처럼 깔끔하게 사용했어요
맛있는 밥을 짓고 싶으신 분들께 추천드려요",40000
밥솥,쿠쿠 밥솥,쿠쿠 6인용 전기 밥솥 CR-0685GWM(택배비별도),거래중,"65,000원",가락동,2026-08-17,0,9,1253,38.1℃,jujuhy,생활/주방,,,65000
밥솥,쿠쿠 밥솥,쿠쿠 압력밥솥 6인용,거래중,"45,000원",가락동,2026-08-31,0,2,24,42.8℃,미미,생활가전,," 쿠쿠 압력밥솥 6인용 판매해요
집에있던기간은 몇년됐지만 밥을 잘 안해먹어서 
별로 안썼습니다!
내솥 깨끗하고 고무패킹 상태도 아주 좋습니다.
잘작동되고 밥도 맛있게 너무 잘 돼요
환불불가 입니다 ",45000
밥솥,쿠쿠 밥솥,쿠쿠 스마트 IH 압려밥솥 6인용,거래중,"60,000원",가락동,2026-08-28,1,34,1140,46.3℃,파키라,생활가전,사용기간 3년  문고리거래원해요,"모델명:CRP DHP0610FD
쿠쿠 스마트 IH 밥솥 이에요
6인용으로 넉넉하게 사용할 수 있어요
다양한 메뉴와 IH 기술로 맛있는 밥을 지어준답니다
깔끔한 디자인으로 주방 어디에나 잘 어울려요
맛있는 밥으로 든든한 한 끼를 책임져 줄 밥솥이랍니다
에너지1등급  제품입니다
내솥은 약간흠있습니다
사용기간 3년  문고리거래원해요",60000
밥솥,쿠쿠 밥솥,쿠쿠압력밥솥,거래중,"30,000원",가락2동,2026-03-04,2,6,458,36.4℃,테스형,생활/주방,가락동무궁화공원,,30000
밥솥,쿠쿠 밥솥,쿠쿠 마스터셰프 사일런트 오브제 10인용 밥솥,거래중,"390,000원",잠실본동,2026-07-02,3,28,422,40.8℃,봉규,생활가전,,"쿠쿠 마스터셰프 사일런트 오브제 전기밥솥입니다
모델명은 CRP-OHTR1010FGW입니다
- 풀 스테인리스 내솥으로 위생적입니다
- 부드러운 곡선 디자인으로 주방 인테리어에 잘 어울립니다
- 10인용입니다
미개봉 새제품입니다 .
색상은 화이트입니다.",390000
밥솥,쿠쿠 밥솥,쿠쿠 3인용 밥솥,거래중,"28,000원",가락동,2026-08-24,2,26,1731,39.8℃,somin,생활가전,,"2~3인용 쿠쿠 밥솥이에요. 
화이트  색상입니다. 
몇번밖에  사용하지 않아  밥솥 외관은  스크래치나 찌끄러짐 없이   반짝반짝  빛이 날 정도로 깨끗합니다 . 
두번째  사진  밥솥안에  저부분만  약간 나왔는데
그렇게  모양이  만들어진건지  제가  사용하다  그런건지는 모르겠지만  이부분만  눈에  띄고
다른것들은  깨끗합니다
사용감 거의없습니다
",28000
밥솥,쿠쿠 밥솥,쿠쿠 6인용 IH 전기밥솥 (CRP-DH0610FW),거래중,"200,000원",가락본동,2026-08-31,1,8,198,36.8℃,드니로,생활가전,,,200000
밥솥,쿠쿠 밥솥,쿠쿠 IH 압력밥솥 DHR067FS 6인용,거래중,"65,000원",가락본동,2026-08-20,2,39,,,,,,,65000
밥솥,쿠쿠 밥솥,쿠쿠 스마트 IH 밥솥 10인용,거래중,"60,000원",가락본동,2026-08-23,0,29,1832,64.8℃,매일happy,생활가전,,"쿠쿠 스마트 IH 밥솥 10인용입니다
IH 스마트 압력 방식으로 맛있는 밥을 지을 수 있습니다 음성기능있어 어떤요리도. 잘해낼수있습니다
깔끔한 디자인으로 주방 어디에 두어도 잘 어울려요
매일 따뜻하고 맛있는 밥을 드시고 싶은 분들께 추천드려요
사진참조하시고 구입하시기바랍니다. ",60000
밥솥,쿠쿠 밥솥,(상태좋아요)쿠쿠 스마트 IH 6인용 밥솥,거래중,"105,000원",가락본동,2026-08-28,0,9,432,99℃,아롱이,생활가전,,"쿠쿠 스마트 IH 압력밥솥 6인용입니다
2021년구입
밥잘됩니다
내솥깨끚합니다A급수준
고무바킹상태좋아요
음성지원됩니다
사용많이안해깨끗하고상태좋아요
사진에서 보시는 것처럼 내솥과 본체 모두 깔끔하게 관리되었어요
다양한 요리 모드로 맛있는 밥을 지을 수 있답니다
매일 따뜻하고 맛있는 밥을 드시고 싶은 분들께 추천드려요",105000
밥솥,쿠쿠 밥솥,쿠쿠 스마트 압력밥솥 팝니다.,거래중,"80,000원",방이동,2026-01-03,1,11,1124,41℃,고귀한영혼,생활가전,,"쿠쿠 스마트 IH 압력밥솥 6인용 모델입니다.
에너지 소비 효율 1등급 제품입니다.
사진 첨부하였듯이 옮기다가 외관에 금이 간 흔적 있으나 사용 및 기능에 전혀 문제없고. 사용감 많지 않아 깨끗합니다. 
직접 오셔서 가져가실분만 연락주세요.",80000
밥솥,쿠쿠 밥솥,쿠쿠 10인용 압력밥솥 CRP-D451F 레드,거래중,"8,500원",잠실4동,2026-08-01,0,2,281,46.4℃,아이맥M1,생활가전,,"쿠쿠 10인용 압력밥솥 CRP-D451F 레드 색상이에요.
사진에서 보이는 것처럼 구성품은 본체와 밥솥 전원선입니다.

사진처럼 사용감 있습니다. 그래서 맥반석 계란 구울 때, 식혀 만들 때, 찰밥 만들 때, 냄새나는 생선 넣고 솥밥 만들 때, 캠핑가서 막 쓸 때, 별장 야외 데크에 두고 쓸 때와 같이 부담 없이 편하게 쓸 수 있습니다. 

정상 작동하지만 고무패킹이 오래 되어서 취사될 때 김이 새어 나옵니다. 고무패킹(15000원) 꼭 교체하고 쓰세요.",8500
밥솥,쿠쿠 밥솥,쿠쿠 10인용 압력밥솥 CRP-QS1010FG 로즈골드,거래중,"48,000원",가락본동,2026-08-28,0,3,431,39.9℃,cisw,생활가전,,,48000
밥솥,쿠쿠 밥솥,쿠쿠 IH 압력밥솥 8인용,거래중,"40,000원",가락본동,2026-08-01,2,2,435,45.1℃,우개지,생활가전,,"쿠쿠 IH 압력밥솥 8인용입니다.

비대면거래 원합니다",40000
밥솥,쿠쿠 밥솥,쿠쿠 CRP-P0610FD 6인용 압력밥솥,거래중,"50,000원",마천동,2026-09-01,0,2,124,56.1℃,데세오,생활가전,,"쿠쿠 CRP-P0610FD 6인용 압력밥솥이에요
에너지소비효율 1등급 제품으로 전기료 부담을 덜어드려요
2020년2월제조
분리형 커버로 세척이 간편하고 위생적으로 사용할 수 있어요
맛있는 밥을 짓고 싶으신 분들께 추천드려요

중고 특성상 환불은 불가하오니 확인하시고 연락주세요!!",50000
밥솥,쿠쿠 밥솥,쿠쿠 IH 트윈프레셔 10인용최고급 밥솥 최저가의15프로.,거래중,"130,000원",가락본동,2026-08-29,0,10,436,81.4℃,코스모스,생활가전,,,130000
밥솥,쿠쿠 밥솥,쿠쿠 6인용 밥솥 내솥,거래중,"10,000원",가락본동,2026-08-31,0,2,47,44℃,로또,생활가전,,"쿠쿠 6인용 밥솥 내솥입니다
x-wall 다이아쉴드 코팅 내솥이구요
crp bhb067fs 모델 밥솥에서 사용하던 내솥입니다
호환되는 모델은 3번째 사진보시면 될거같구요
사진에서 보듯이 코딩벗겨짐 조금 있는데 혹
서브용으로 필요하신분 있을까 싶어 올려봅니다",10000
밥솥,쿠쿠 밥솥,쿠쿠 스마트 IH 밥솥 CHS1010FS,거래중,"90,000원",가락본동,2026-08-12,2,56,,,,,,,90000
밥솥,쿠쿠 밥솥,쿠쿠 CRP-R069FS 6인용 압력밥솥,거래중,"85,000원",가락본동,2026-08-24,1,20,446,69℃,구구,생활가전,,"쿠쿠 6인용 압력밥솥 CRP-R069FS 모델이에요
열판압력밥솥/6인용/
☆  다이아몬드 내숕 ,AS 재코팅 완료했어요.
☆ 정상 작동 잘됩니다.
풀스테인리스커버/분리형커버/백미쾌속/자동세척/음성안내/에너지: 2등급/소비전력: 890W/무게: 3.7kg/해머링디자인/크기(가로x세로x깊이): 356x257x266mm
사진에서 보시는 것처럼 깔끔한 상태를 유지하고 있어요
맛있는 밥을 지어줄 똑똑한 밥솥을 찾으신다면 추천드려요
☆☆ 교환, 환불은 어렵습니다.",85000
밥솥,쿠쿠 밥솥,쿠쿠 CRP-BR065FB 6인용 압력밥솥,거래중,"110,000원",가락본동,2026-08-30,1,6,145,43.2℃,쩡이,생활가전,,"쿠쿠 압력밥솥 
6인용으로 넉넉하게 사용할 수 있어요
사진에서 보이는 것처럼 깔끔하게 사용했어요
맛있는 밥을 짓고 싶으신 분들께 추천드려요
일주일정도 사용햇는데 다른밥솥이 생겨서 사용안하게되서 내놓아요~
깨끗합니다~깔끔한제품 원하시는분 톡주세요~
반품×
비매너 사절할께요!",110000
밥솥,쿠쿠 밥솥,쿠쿠 6인용 전기밥솥,거래중,"50,000원",오륜동,2026-03-04,0,2,490,42.3℃,싸다싸요,생활가전,올림픽선수기자촌 1단지,"깨끗해요.
직거래요.",50000
밥솥,쿠쿠 밥솥,쿠쿠 트윈프레셔 마스터쉐프 10인용,거래중,"340,000원",잠실3동,2026-08-23,0,5,59,39.6℃,비비안리,생활가전,,"쿠쿠 LHTR1010FGWM 10인용입니다 
가장인기있고 고급스런색상인  그레이스화이트입니다
보온기능으로 뚜껑을 열어놓고 쌀요거트 만들어 먹을려고 구입했는데 쿠퍼압력솥에 밥해서 보온밥솥에 밥이랑 쌀누룩넣고 쌀요거트만들려고 보온기능으로 뚜껑을 열고 발효하려고 했더니 뚜껑을 닫으라고 음성이 나오면서 보온설정이 안돼서 쿠쿠본사에 전화했더니 지금 나오는 밥통은 뚜껑을 닫아야지만 보온이 된다네요
ㅠ ㅠ
그런줄도 모르고 밥솥을 구입했으니 
딱한번 밥만 넣어본 새밥솥입니다
이밥솥 구입하고 싶으신분은 새제품이나 마찬가지이니 구입하시면 좋으실거 같아요.
",340000
밥솥,쿠쿠 밥솥,쿠쿠 CR-0616TB 3-4인용 밥솥,거래중,"10,000원",가락본동,2026-08-29,1,5,284,81.2℃,즐거운하루,생활가전,,"쿠쿠 전기밥솥 CR-0616TB 모델이에요
3-4인용으로 넉넉하게 사용할 수 있어요
작동 아주 잘 된답니다
가성비 좋은 밥솥으로 매일 맛있는 밥 지어 드세요",10000
밥솥,쿠쿠 밥솥,쿠쿠 6인용JHR0660FBM,거래중,"100,000원",가락본동,2026-08-26,0,2,291,39℃,매너당근,생활/주방,,"깨끗히 세척해놨습니다.

내솥 사진 확인해주세요.고무패킹 상태 좋아요


밥 잘되고.김새는곳없이 잘됩니다.


색상도 어느 가구에나 잘 어울립니다.

배달가능해요",100000
밥솥,쿠쿠 밥솥,쿠쿠 IH 밥솥 10인용+새제품 패킹1개,거래중,"140,000원",거여1동,2026-08-28,0,38,638,99℃,꺼먹살이,생활가전,,"깔끔한 디자인의 쿠쿠 IH 밥솥 10인용이에요
미사용 패킹 하나 드립니다
밥 잘되고 모든 기능 정상작동합니다
22년9월 생산모델입니다
",140000
밥솥,쿠쿠 밥솥,쿠쿠 CRP-RT107FC 10인용 압력밥솥,거래중,"58,000원",거여1동,2026-08-30,0,11,153,61.4℃,미미,생활가전,,"쿠쿠 압력밥솥 10인용 CRP-RT107FC 모델이에요
내솥 코팅 벗겨짐 없이 깨끗하게 사용했어요
옆으로  김샘이  없고  추도잘  움직입니다
고압 무압이  있어서  밥지을  때  편리  합니다
고슬 밥이랑  야채밥 완두콩 밥을  지을때는  무압으로  하면  좋구요
찰진밥  각종 찜 할때는  고압으로 
사용하면  좋습니다
다양한 요리를 할 수 있는 만능 압력밥솥이랍니다
마지막  사진을  보시면  밥솥케이스  뒤면에  실금이  살짝  있습니다
이사하면서  어디에  부딪쳤는가  봅니다
사용에는  문제없고  자세이  살펴보아야  보입니다
감안하요  가격을  싸게  내놓습니다
맛있는 밥을 짓고 싶으신 분들께 추천드려요

바로구매  하실분은  충분이  고민하고
신청하세요
일단 신청하시면 취소는 안합니다
포장하는게  쉬운거  아닙니다",58000
밥솥,쿠쿠 밥솥,쿠쿠 IH 압력밥솥 JHTR1060FLB 10인용,거래중,"390,000원",잠실본동,2026-08-01,0,4,155,40.8℃,봉규,생활가전,,"쿠쿠 스마트 IH 압력밥솥 JHTR1060FLB 모델이에요
10인용으로 넉넉하게 사용할 수 있어요
다양한 요리 모드와 IH 기술로 맛있는 밥을 지어준답니다
깔끔한 디자인으로 주방 어디에 두어도 잘 어울려요
매일 맛있는 밥을 짓고 싶은 분들께 추천드려요
미개봉 새제품입니다.
사용후기
https://m.blog.naver.com/0821hyun/224206401162
",390000
밥솥,쿠쿠 밥솥,쿠쿠 스마트 IH 압력밥솥 10인용 🍀,거래중,"57,000원",거여1동,2026-08-06,1,27,3910,99℃,StaR,생활가전,,"쿠쿠 IH 압력밥솥 10인용 모델 JHR1020FD 판매해요 ~

내솥 사용감 있습니다 ✔ 
사진 참고해주세요 

- 제조년월: 2018.08
- 풀 스테인리스 내솥으로 위생적이고 관리가 편리해요
- 커브드 디자인으로 고급스럽고, 주방 어디에 두어도 잘 어울려요 
- 다양한 메뉴 설정이 가능해서 밥맛을 살려줘요
- 맛있는 밥을 짓고 싶으신 분들께 추천드려요",57000
밥솥,쿠쿠 밥솥,쿠쿠 스마트 IH 밥솥 JHT1010FS 10인용,거래중,"88,000원",거여1동,2026-08-25,3,21,685,59.6℃,가을낙엽,생활가전,,,88000
밥솥,쿠쿠 밥솥,쿠쿠 IH 밥솥 6인용(2017),거래중,"55,000원",가락1동,2025-10-05,3,3,674,99℃,보석상자,생활가전,송파역 부근에서 직거래 합니다,"쿠쿠 IH 밥솥 FHR0610FD 모델입니다.풀스텐레스 에코 커브드
상태는 사진으로 대신합니다
밥솥 내부는 풀 스테인리스 3.0 ECO로 되어있습니다.사용감 있습니다
외관은 블랙 색상입니다
음성 가이드 방송합니다
제조년월은 2017년.07월.
송파역 부근에서 직거래 합니다
자차이용시 가락1동 주민센터 주차장입니다",55000
밥솥,쿠쿠 밥솥,쿠쿠 IH 압력밥솥 1.8L FHV1010FD,거래중,"95,000원",거여1동,2026-08-01,2,10,,,,,,,95000
밥솥,쿠쿠 밥솥,쿠쿠 CRP-P0610FD 6인용 IH 압력밥솥,거래중,"50,000원",거여1동,2026-08-10,0,20,1543,99℃,수산,생활가전,,"쿠쿠 IH 압력밥솥 6인용 CRP-P0610FD 모델이에요
내솥은 Xwall Diamond 코팅으로 되어있어 밥알이 눌어붙지 않아요
에너지소비효율 1등급으로 전기료 부담도 적답니다
맛있는 밥을 짓고 싶으신 분들께 추천드려요
압력좋아요
음성안내됨",50000
밥솥,쿠쿠 밥솥,쿠쿠 IH 압력밥솥 8인용 핑크,거래중,"33,000원",거여1동,2026-08-21,0,3,165,37.2℃,악동,생활가전,,"쿠쿠 IH 압력밥솥 8인용 핑크 색상이에요
에너지소비효율 1등급 제품으로 전기료 절약에 도움이 된답니다
IH 압력 방식으로 맛있는 밥을 지을 수 있어요
매일 먹는 밥, 이 밥솥으로 맛있게 지어보세요",33000
밥솥,쿠쿠 밥솥,쿠쿠 마스터셰프 사일런스 프로 CRP-PHNLTR0610FGW 6인용 밥솥 화이트,거래중,"320,000원",거여1동,2026-08-01,0,40,1512,71.1℃,차차차,생활/주방,,,320000
밥솥,쿠쿠 밥솥,쿠쿠 IH압력밥솥 FHTS1010FB 10인용,거래중,"280,000원",잠실본동,2026-07-02,8,11,306,40.8℃,봉규,생활가전,,"쿠쿠 IH압력밥솥 FHTS1010FB 10인용 제품이에요
풀 스테인리스 3.0 에코 기능이 탑재되어 있어요
사진에서 보이는 것처럼 구성품 모두 새것 그대로 있어요
맛있는 밥을 짓고 싶으신 분들께 추천드려요
미개봉 새제품입니다.",280000
밥솥,쿠쿠 밥솥,쿠쿠 10인용 압력밥솥,거래중,"20,000원",방이1동,2026-08-01,1,3,119,43.1℃,동탄사계,생활가전,,"쿠쿠 압력밥솥 입니다 10인용

사용감있습니다


내솥은 작년에 바꿔서 상태 괜찮습니다

내부 패킹은  새것 있어서 같이 드리겠습니다

밥은 잘 되고 보온은 물이 조금씩 생겨서 사용안했습니다.

원래 밥해서 소분해서 냉동실두는 스타일이라 사용하는데 지장없었습니다.

밥은 아주 맛있게 잘됩니다. 


",20000
밥솥,쿠쿠 밥솥,쿠쿠 CR-0352FR 3인용 밥솥,거래중,"23,000원",거여2동,2026-08-31,0,2,122,53℃,풀입,생활가전,,"깔끔한 디자인의 쿠쿠 3인용 밥솥 CR-0352FR이에요
사진에서 보시는 것처럼 내부도 깨끗하게 사용했어요
맛있는 밥을 지어줄 똑똑한 밥솥을 찾으신다면 추천드려요",23000
밥솥,쿠쿠 밥솥,쿠쿠 10인용 IH 밥솥,거래중,"50,000원",거여동,2026-08-29,1,1,169,61℃,무지개,생활가전,,"깔끔한 디자인의 쿠쿠 10인용 IH 밥솥이에요
사진으로 보시는 것처럼 내부도 깨끗하게 사용했어요
맛있는 밥을 지어줄 똑똑한 밥솥을 찾으신다면 추천드려요",50000
밥솥,쿠쿠 밥솥,쿠쿠 스마트 IH 밥솥 JHR066OFBM 6인용,거래중,"100,000원",거여동,2026-08-24,0,10,734,39℃,매너당근,생활가전,,,100000
밥솥,쿠쿠 밥솥,쿠쿠 스마트 IH 밥솥 CHS10BFS 10인용,거래중,"120,000원",거여동,2026-08-31,0,1,31,74.8℃,환영합니다24시간,생활가전,,"쿠쿠 스마트 IH 밥솥 CHS10BFS 10인용입니다
사진에서 보시는 것처럼 내부 상태 깨끗합니다
2기압으로 고급형 압력밥솥입니다 
다양한 요리 모드를 지원하여 활용도가 높아요
맛있는 밥을 짓고 싶으신 분들께 추천드려요
구매후 반품환불안됩니다 
신중한구매해주세요 ",120000
밥솥,쿠쿠 밥솥,쿠쿠 스마트 IH 압력밥솥 6인용 FHXB0610FD,거래중,"100,000원",가락1동,2026-05-03,0,3,145,99℃,보석상자,생활가전,송파역 부근에서 직거래 합니다,"쿠쿠 스마트 IH 압력밥솥 FHXB0610FD 판매해요
IH 압력 방식으로 밥맛을 살려주고 에너지 절약 기능이 있어요
내솥은 풀 스테인리스 커브드 재질이에요.밥잘됩니다.음성안내방송.
제조일자는 19년 04월이에요
상태나 사용감은 사진으로 확인해주세요
송파역 부근에서 직거래 합니다
자차이용시 가락1동 주민센터 주차장입니다",100000
밥솥,쿠쿠 밥솥,쿠쿠 IH압력밥솥 6인용.2014.,거래중,"100,000원",가락1동,2025-08-31,6,15,2213,99℃,보석상자,생활가전,송파역 부근에서 직거래 합니다,"쿠쿠 SMART IH 압력밥솥 DHR0610FS 모델입니다
상태는 사진으로 대신합니다
제조년월은 14년 6월입니다
커브드 내솥상태 좋고,고무패킹상태도 좋음
밥도 잘 됩니다
송파역 부근에서 직거래 합니다
자차이용시 가락1동 주민센터 주차장입니다",100000
밥솥,쿠쿠 밥솥,쿠쿠 CRP-JHR0620FD 6인용 IH압력밥솥 60만원대 모델,거래중,"104,000원",거여동,2026-07-02,2,16,1178,61.7℃,안녕하세요,생활가전,,,104000
밥솥,쿠쿠 밥솥,쿠쿠 스마트 IH 밥솥 FHS0610FD 6인용,거래중,"55,000원",거여동,2026-08-23,4,12,1509,59.6℃,가을낙엽,생활가전,,"쿠쿠 스마트 IH 압력밥솥 6인용입니다
사진에서 보시는 것처럼 깔끔한 상태를 유지하고 있어요
IH 압력 방식으로 맛있는 밥을 지을 수 있답니다
매일 먹는 밥, 건강하고 맛있게 지어드세요. 물받이. 없어요 2000원이면 구매가능합니다 ",55000
밥솥,쿠쿠 밥솥,쿠쿠 IH압력밥솥 10인용,거래중,"50,000원",방이1동,2026-05-03,0,3,191,37.4℃,비트,생활가전,,"쿠쿠 IH압력밥솥 10인용이에요
IH 압력 기술로 맛있는 밥을 지어준답니다
내솥에 긁힘자국 한군데 있고 내솥과 본체 모두 깔끔하게 관리되어 있어요 
계약금 만원입니다",50000
밥솥,쿠쿠 밥솥,쿠쿠 CRP-P0660FD 6인용 압력밥솥2023,거래중,"60,000원",가락1동,2026-05-03,0,4,175,99℃,보석상자,생활가전,송파역 부근에서 직거래 합니다,"쿠쿠 압력밥솥 CRP-P0660FD 모델이에요
6인용으로 음성 안내방송 합니다
내솥은 Xwall Black 코팅으로 되어 있슴.내솥 사진처럼 사용감 있슴.
밥 잘 됩니다
송파역 부근에서 직거래 합니다
자차이용시 가락1동 주민센터 주차장입니다",60000
밥솥,쿠쿠 밥솥,쿠쿠 CRP-ST0610FG 6인용 압력밥솥,거래중,"50,000원",거여동,2026-08-30,3,8,465,57.2℃,햇님과달님,생활가전,,"쿠쿠 CRP-ST0610FG 6인용 압력밥솥이에요.작동 잘됩니다.
내솥이 사용감 있어요.바킹과본체는 깨끗 합니다. 남자자취생2명이 2년사용
고압취사, 슈퍼쾌속 기능이 있어요
무압취사, 오픈쿠킹도 가능해요
맛있는 밥을 짓고 싶으신 분들에게 추천드려요",50000
밥솥,쿠쿠 밥솥,쿠쿠 밥솥 CR-0675FW,거래중,"40,000원",거여동,2026-05-03,2,3,1180,37.6℃,소망희망,생활가전,,"깔끔한 화이트 색상의 쿠쿠 밥솥1인용 CR-0675FW 판매해요
에너지 소비효율 1등급으로 전기료 절약에 도움이 되는 제품이에요
사진에서 보이는 것처럼 구성품은 본체와 전원선이 전부입니다
매일 맛있는 밥을 짓고 싶으신 분들께 추천드려요",40000
밥솥,쿠쿠 밥솥,2021년산 쿠쿠 6인용 압력밥솥 CRP-P0610FD판매,거래중,"74,700원",거여동,2026-08-20,0,3,480,57.6℃,누리마루,기타 중고물품,,,74700
밥솥,쿠쿠 밥솥,쿠쿠 CRP-R0610FS 6인용 압력밥솥,거래중,"60,000원",거여동,2026-08-17,4,7,276,42.2℃,ash,생활가전,,"쿠쿠 압력밥솥 CRP-R0610FS 모델이에요
6인용으로 넉넉하게 사용할 수 있어요
사진에서 보이는 것처럼 깔끔하게 사용했어요
맛있는 밥을 짓고 싶으신 분들께 추천드려요",60000
밥솥,쿠쿠 밥솥,쿠쿠 스마트 IH 밥솥CHS108FD10인 용,거래중,"120,000원",거여동,2026-08-23,0,9,324,53.5℃,jhk,생활가전,,,120000
밥솥,쿠쿠 밥솥,쿠쿠 IH압력밥솥 HXB107FS,거래중,"20,000원",잠실2동,2026-03-04,3,4,610,42.2℃,별님,생활가전,,"쿠쿠 IH압력밥솥 HXB107FS 모델입니다
- 풀 스테인리스 내솥으로 위생적입니다
- 내솥은 사용감이 있어 교체하고 사용하시길 권고드립니다",20000
밥솥,쿠쿠 밥솥,쿠쿠 스마트 IH 압력밥솥 10인용 CHS108FS,거래중,"150,000원",거여동,2026-08-27,2,8,388,42.1℃,신비,생활가전,,,150000
밥솥,쿠쿠 밥솥,깨끗한 쿠쿠 압력밥솥 3인용 EHS0320FW,거래중,"120,000원",거여동,2026-08-30,2,25,778,51.5℃,심플추구,생활가전,,,120000
밥솥,쿠쿠 밥솥,쿠쿠 10인용 압력밥솥 내솥 송파,거래중,"13,000원",풍납동,2026-08-14,0,3,210,88.5℃,연결,생활가전,,"Xwall 10인용 압력밥솥 내솥이에요
사진에서 보이는 것처럼 사용감 있고 코팅 벗겨진 데가 조금 있지만 밥은 잘 돼요.
",13000
밥솥,쿠쿠 밥솥,쿠쿠 미니 밥솥 CR-0352FR,거래중,"15,000원",송파동,2026-04-03,2,4,107,45℃,화암,생활가전,,"쿠쿠 미니 밥솥 CR-0352FR 모델입니다
- 0.54L 용량으로 밥, 죽, 찜 요리가 가능합니다
- 밥맛 조절 기능이 있어 취향에 맞게 밥맛을 선택할 수 있습니다
- 425W 소비전력입니다",15000
밥솥,쿠쿠 밥솥,쿠쿠 IH 압력밥솥 10인용,거래완료,"30,000원",문정동,2026-05-05,2,0,125,38.5℃,민들레꽃,생활가전,,"깔끔한 디자인의 쿠쿠 IH 압력밥솥 10인용이에요
다양한 요리 모드로 맛있는 밥을 지을 수 있어요
내솥 포함 구성입니다
기능잘되고 밥맛좋습니다~ 
얼마 사용하지않았습니다. 10인용 유용하게 사용하실 분은 좋으실거예요 ",30000
밥솥,쿠쿠 밥솥,쿠쿠 IH 스마트 밥솥 EHS0310FS3인용,거래중,"97,000원",거여동,2026-08-24,1,37,1896,88.7℃,호랑이할배,생활가전,,"쿠쿠 IH 스마트 밥솥3인용 EHS0310FS 판매해요
사진에 보이는 구성품 그대로 드려요
깔끔한 디자인으로 어떤 주방에도 잘 어울려요
맛있는 밥을 짓고 싶으신 분들께 추천드려요
밥도잘되고내외부 작동상태 이상없고 내솥상태양호합니다 ",97000
밥솥,쿠쿠 밥솥,쿠쿠 스마트 IH 압력밥솥 레드,거래중,"27,000원",가락본동,2026-07-02,4,7,278,37.7℃,초보송파인,생활가전,,"쿠쿠 스마트 IH 압력밥솥 레드 색상이에요
사진에서 보이는 것처럼 백미 잡곡 쾌속 등 다양하게 조리 가능하고
내솥과 뚜껑 분리형으로 세척도 간편해요
좀 썼는데 밥솥안에 청소를 깔끔하게 해서 작동도 밥 퀄도 조아요",27000
밥솥,쿠쿠 밥솥,쿠쿠 IH압력밥솥 10인용.2015.,거래중,"90,000원",가락1동,2025-08-31,3,7,666,99℃,보석상자,생활가전,송파역 부근에서 직거래 합니다,"쿠쿠 IH압력밥솥 CHRN1010FD 모델입니다
상태는 사진으로 대신합니다
밥솥 내부 스테인리스로 되어있어요
내솥 깨끗하고 밥도 잘 됩니다
음성 안내 방송합니다
제조년월은 15년 4월입니다
송파역 부근에서 직거래 합니다
자차이용시 가락1동 주민센터 주차장입니다",90000
밥솥,쿠쿠 밥솥,쿠쿠 10인용 전기밥솥 BR105FB 풀스테인리스,거래중,"160,000원",거여동,2026-08-29,3,24,426,38.6℃,에델바이스,생활가전,,,160000
밥솥,쿠쿠 밥솥,쿠쿠 스마트 IH 밥솥 JHR066FD 6인용,거래중,"180,000원",거여동,2026-08-31,0,4,83,42.1℃,신비,생활가전,,"쿠쿠 스마트 IH 밥솥 JHR066FD 모델이에요
6 인용으로 넉넉하게 사용할 수 있어요
사진에서 보이는 것처럼 깔끔하게 사용했어요
맛있는 밥을 짓고 싶으신 분들께 추천드려요",180000
밥솥,쿠쿠 밥솥,쿠쿠 6인용 압력밥솥 CR-0655FR 레드,거래중,"13,000원",잠실본동,2026-07-02,4,6,369,42.1℃,amg,생활/주방,,"쿠쿠 6인용 압력밥솥 CR-0655FR 레드 색상이에요
사진에서 보이는 것처럼 구성품은 밥솥 본체입니다
에너지소비효율등급 4등급 제품이에요
맛있는 밥을 짓고 싶으신 분들께 추천드려요
",13000
밥솥,쿠쿠 밥솥,쿠쿠 밥솥 CR-0622IB 화이트/퍼플,거래중,"10,000원",거여동,2026-08-30,0,0,325,40.8℃,크리스탈스톤,생활가전,,"6인용 쿠쿠 밥솥 CR-0622IB 모델이에요
화이트와 퍼플 색상이 조화롭게 어우러져 깔끔한 디자인을 자랑해요
사진에서 보이는 것처럼 내부 구성품 모두 갖춰져 있어요
작지만 알찬 기능으로 맛있는 밥을 지어줄 거예요 ",10000
밥솥,쿠쿠 밥솥,​쿠쿠 6인용 IH 압력밥솥 (내솥 새것 교체 / 상태 최상),거래중,"180,000원",거여동,2026-08-30,1,3,329,44℃,희동희동,생활가전,,,180000
밥솥,쿠쿠 밥솥,쿠쿠 밥솥 CR-0632FV 핑크 6인용,거래중,"26,000원",잠실3동,2025-12-04,2,6,245,36.8℃,KevinKim,생활/주방,잠실주공5단지 YMCA 주말 직거래 가능합니다.,"쿠쿠 6인용 밥솥 CR-0632FV 핑크색입니다
에너지 소비 효율 1등급 제품으로 에너지 절약에 도움이 됩니다
- 밥맛이 좋고 보온 기능이 뛰어나 따뜻한 밥을 오래 즐길 수 있습니다
- 핑크색 디자인이 주방에 포인트를 줍니다
- 잠실주공5단지 YMCA 주말 직거래 가능합니다.",26000
밥솥,쿠쿠 밥솥,쿠쿠 스마트 IH 압력밥솥,거래중,"50,000원",거여동,2026-08-10,5,28,3810,41.5℃,부르릉,생활가전,,"쿠쿠 스마트 IH 압력밥솥이에요
사진에서 보이는 것처럼 다양한 기능이 탑재되어 있어요
자취하면서 쓰다가 결혼하고 문제없이 오늘도 밥을 잘 해먹었습니다만
이제 식구가 늘어나서 더이상 3인용으론 감당이 안될것 같아 판매합니다..

상단부분 공기 배출되는 외부 플라스틱 커버가 결합되는게 조금 불량이지만 쓰는데는 전~혀 지장 없습니다.

모델명 :  쿠쿠 CRP-HQB0310FS",50000
밥솥,쿠쿠 밥솥,쿠쿠 IH 트윈프레셔 6인용 밥솥 LHTR0610FWM,거래중,"180,000원",거여동,2026-08-25,0,28,724,53.5℃,jhk,생활가전,,,180000
밥솥,쿠쿠 밥솥,쿠쿠압력밥솥(10인용),거래중,"30,000원",송파동,2026-02-02,9,4,227,37.4℃,산울림,생활가전,송파한양1차 롯데수퍼 제일은행앞,"쿠쿠압력밥솥모델 BCHF105BD
10인용입니다ㆍ
구매시기는 좀되었지만 사용은 6개월정도사용했는데자세히보면 내솥잔기스 좀 있어요ㆍ
자식들이 출가후 두식구 사용하기에 용량이 커서판매하고자합니다ㆍ
오늘 취사확인한결과 밥 잘되었어요ㆍ
",30000
밥솥,쿠쿠 밥솥,쿠쿠 IH압력밥솥 6인용 CRP-M1060SR,거래중,"30,000원",방이2동,2026-02-02,0,1,118,43.6℃,아나아아아,생활가전,,"쿠쿠 IH압력밥솥입니다
밥맛이 좋고 다양한 요리가 가능합니다
모델명은 CRP-M1060SR로 추정됩니다
- IH 기술로 밥맛이 좋습니다
- 다양한 요리 기능으로 활용도가 높습니다",30000
밥솥,쿠쿠 밥솥,쿠쿠 CRP-QS1010FG 10인용 IH압력밥솥,거래중,"42,000원",거여동,2026-08-29,0,8,507,41.3℃,흐르는강물,생활가전,,,42000
밥솥,쿠쿠 밥솥,쿠쿠 IH밥솥 3인용 판매해요.,거래중,"115,000원",거여동,2026-07-02,1,28,1142,41.9℃,반가워요,생활가전,,"최상급 IH압력이라 밥맛이 좋아요.
화이트라 깔끔하고 예뻐요!",115000
밥솥,쿠쿠 밥솥,쿠쿠 IH압력밥솥 6인용 2016,거래중,"70,000원",가락1동,2026-03-04,4,7,552,99℃,보석상자,생활가전,송파역 부근에서 직거래 합니다,"쿠쿠 IH압력밥솥 DHR0610FS 모델입니다
- 풀 스테인리스 2.0 메탈릭 ECO 디자인이 적용되었어요
- 스마트 IH 기능으로 밥맛이 좋습니다
- 밥솥 내부에는 눈금 표시가 있어 편리합니다
음성 안내방송 합니다
내솥상태 비교적 좋고 밥도 잘 됩니다
상태는 사진으로 대신합니다
송파역 부근에서 직거래 합니다
자차이용시 가락1동 주민센터 주차장입니다",70000
밥솥,쿠쿠 밥솥,쿠쿠 CRP-ST1010FW 10인용 밥솥 정상작동 찰진밥잘됨비싼제품저압력빵빵 상태양호 깨끗 택배가 내솥고무바킹깨끗,거래중,"115,000원",거여동,2026-08-06,1,15,,,,,,,115000
밥솥,쿠쿠 밥솥,쿠쿠 스마트IH압력밥솥 6인용 2019,거래중,"80,000원",가락1동,2026-01-03,1,15,1153,99℃,보석상자,생활가전,송파역 부근에서 직거래 합니다,"쿠쿠 스마트 IH 압력밥솥 DHS067FS 모델입니다
풀 스테인리스 ECO 제품으로, 밥솥 내부에 눈금 표시가 되어 있어 편리합니다.으멍 안내방송합니다
바킹상태는 좋으나,내솥상태는
다소 잔기스 있습니다
밥도 잘 됩니다
- 6인용 사이즈입니
- IH 기술로 밥맛이 좋습니다
- 에너지 효율이 좋습니다
상태는 사진으로 대신합니다
송파역 부근에서 직거래 합니다
자차이용시 가락1동 주민센터 주차장입니다.",80000
밥솥,쿠쿠 밥솥,쿠쿠10인용 압력밥솥 (새고무),거래중,"65,000원",거여동,2026-08-28,0,15,355,83.6℃,난이제집이없다,생활가전,,"
작동 잘됩니다 내솥 깨끗 합니다 생활기스 있습니다고무 상하지 좋습니다 없습니다 김샘는것 없습니다 밥알이 눌어붙지 않아 요
10인용으로 넉넉하게 사용할 수 있는 압력밥솥이랍니다 내부외부 깨끗 합니다 
맛있는 밥을 짓고 싶으신 분들께 추천드려요",65000
밥솥,쿠쿠 밥솥,쿠쿠 IH 압력밥솥 CRP-HF0610F,거래중,"70,000원",거여동,2026-08-23,0,3,280,38.3℃,행복하세요엄지척님여가요,,,"쿠쿠 IH 압력밥솥 CRP-HF0610F 모델이에요
6인용으로 컴팩트한 사이즈를 자랑해요
다양한 메뉴와 IH 압력 기능으로 맛있는 밥을 지을 수 있어요
깔끔한 디자인으로 주방 어디에나 잘 어울리고 예뻐요
매일 맛있는 밥을 짓고 싶은 분들께 추천드려요",70000
밥솥,쿠쿠 밥솥,쿠쿠 6인용 밥솥 블랙 (CRP-P0660FD),거래중,"89,000원",거여동,2026-08-24,0,6,145,49.2℃,점심먹고,생활가전,"다산동 다산이편한세상 아파트 5111동에서 직거래합니다. 택배도 가능하구요 편의점택배, 반값택배 다 가능합니다! 택배비는 별도에용","쿠쿠 전기압력밥솥 6인용이에요
엑스월 다이아몬드 코팅 내솥과 에너지효율 1등급을 자랑해요
스텐 커버와 열판압력 방식으로 밥맛을 살려줘요
3~4인 가구에 적합한 용량으로 맛있는 밥을 지을 수 있어요
매일 먹는 밥, 깔끔한 블랙 색상으로 주방 인테리어 효과까지 더해보세요

✅️ 상태 정말 좋습니다! 몇번 못썼어요
✅️ 에너지 효율 1등급에 고급스러워보여요
✅️ 적당한 찰기있는 밥을 만들어줘요
✅️ 내솥도 긁힘 안보일 정도로 깨끗해요!

박스(이 제품 박스는 아님)도 있어서 택배 거래도 됩니다!



다산동 다산이편한세상 아파트 5111동에서 직거래합니다. 택배도 가능하구요 편의점택배, 반값택배 다 가능합니다! 택배비는 별도에용",89000
밥솥,쿠쿠 밥솥,쿠쿠 밥솥,거래중,"50,000원",거여동,2026-08-24,2,3,287,37.4℃,흰늑대,,,"쿠쿠 밥솥 판매해요
사진에 보이는 그대로 구성품입니다
깨끗하게 사용했어요
맛있는 밥 지어 드실 분께 추천드려요",50000
밥솥,쿠쿠 밥솥,쿠쿠 스마트 IH 압력밥솥 6인용 2015,거래중,"55,000원",가락1동,2026-02-02,1,15,2020,99℃,보석상자,생활가전,송파역 부근에서 직거래 합니다,"쿠쿠 SMART IH압력밥솥 DHR0610FD 모델입니다
- 풀 스테인리스 ECO로 제작되어 위생적입니다
- IH압력 방식으로 밥맛이 좋습니다
2015년 5월에 제조되었습니다
상태는 사진으로 대신합니다
내솥 상단부 테두리 까임이 약간있슴
음성안내방송하며,밥도 잘 됩니다.
상태는 사진으로 대신합니다
송파역 부근에서 직거래 합니다
자차이용시 가락1동 주민센터 주차장입니다",55000
밥솥,쿠쿠 밥솥,"패킹(속,외)새거로교채 한쿠쿠 풀스테인리스 4.0 IH 압력밥솥 6인용",거래중,"157,000원",마천1동,2026-08-29,0,17,581,64.1℃,사랑,생활가전,,,157000
밥솥,쿠쿠 밥솥,쿠쿠 CRP-QS1010FS 10인용 IH압력밥솥,거래중,"50,000원",마천1동,2026-08-27,0,1,424,64.3℃,당근816,생활가전,,,50000
밥솥,쿠쿠 밥솥,쿠쿠 압력밥솥 커버 패킹 CCP-03 (3인용),거래중,"11,500원",석촌동,2026-08-18,0,5,112,36.9℃,윤지,생활/주방,,"쿠쿠 압력밥솥 커버 패킹 CCP-03 (3인용) 새제품이에요
사진에서 보이는 것처럼 깔끔하게 포장되어 있어요
새 제품이라 더욱 안심하고 사용하실 수 있답니다",11500
밥솥,쿠쿠 밥솥,쿠쿠 IH압력밥솥 CRP-N0610SR 6인용 레드,거래중,"50,000원",석촌동,2026-07-02,2,2,98,36.4℃,kw11345,생활/주방,,"쿠쿠 IH압력밥솥 6인용 판매해요
사진에 보이는 구성품 그대로 드려요
깔끔한 디자인의 레드 색상으로 주방 어디에나 잘 어울려요
맛있는 밥을 짓고 싶으신 분들께 추천드려요",50000
밥솥,쿠쿠 밥솥,쿠쿠 CRP-ST1010FGI 6인용 압력밥솥,거래중,"180,000원",마천2동,2026-08-22,0,14,632,76.4℃,완전득템,생활가전,,"쿠쿠 CRP-ST1010FGI 압력밥솥이에요
1.8L 용량으로 10인 가족이 사용하기 좋아요
내솥은 스테인리스 스틸 재질로 되어있어요
맛있는 밥을 지어주는 밥솥으로 매일 든든한 식사를 챙겨보세요
테스트로 한번 사용 상태 최상입니다
",180000
밥솥,쿠쿠 밥솥,쿠쿠 IH 압력밥솥 10인용,거래중,"70,000원",마천2동,2026-08-10,2,11,1367,99℃,크리스탈,생활가전,,"쿠쿠 IH 압력밥솥 10인용 CHRN1010FD 
에너지 소비효율 1등급 제품
고무패킹 새상품 교체
내솥사용감 많아요. 밥맛은 좋아요 
교환x, 환불x",70000
밥솥,쿠쿠 밥솥,쿠쿠 트윈프레셔 IH 밥솥 6인용(부품용) 오만원이고 키판고장as센타수리시8만원 이점감안 밥솔상태최상입니다!,거래중,"50,000원",마천2동,2026-08-31,0,11,290,73.8℃,베이스볼,,,,50000
밥솥,쿠쿠 밥솥,쿠쿠압력밥솥,거래중,"10,000원",문정2동,2025-12-05,8,7,893,44.9℃,좋은하루되세요,생활/주방,장지역근처,"생활기스 조금 있습니다 
필요하신분 가져가세요 ",10000
밥솥,쿠쿠 밥솥,쿠쿠 밥솥 JHP1010FG 10인용,거래중,"50,000원",마천2동,2026-08-06,3,7,346,41.2℃,사세요,생활가전,,"밥솥 6인용으로 교체하여 판매합니다 작동 잘 됩니다
밥 꼬들하니 맛있게 잘 됩니다
중고거래 특성상 교환, 환불 불가합니다
고무패킹은 한번 교체하심이 좋을것 같습니다 교체하지않아도 밥맛은 괜찮아요",50000
밥솥,쿠쿠 밥솥,쿠쿠 CRP-RT109FP 10인용 압력밥솥 로즈골드,거래중,"100,000원",마천2동,2026-08-25,2,10,366,41.4℃,꾸제,생활가전,,,100000
밥솥,쿠쿠 밥솥,쿠쿠 IH 스마트 압력밥솥 10인용,거래중,"43,000원",마천2동,2026-08-27,1,9,989,45.6℃,짱구,생활가전,,"깔끔한 디자인의 쿠쿠 IH 스마트 압력밥솥이에요
10인용으로 넉넉하게 사용할 수 있어요
사진에서 보이는 것처럼 구성품 모두 잘 갖춰져 있답니다
맛있는 밥을 짓고 싶으신 분들께 추천드려요",43000
밥솥,쿠쿠 밥솥,쿠쿠 CRP-P0620FDM 6인용 압력밥솥,거래중,"50,000원",마천동,2026-08-31,0,1,181,64.7℃,황소21,생활가전,,"쿠쿠 압력밥솥 6인용 2021년11월식  ᆢ2022년 구입입니다   CRP-P0620FDM 모델이에요
1.08L 용량으로 넉넉하게 사용할 수 있어요
내솥과 본체 모두 깨끗하게 사용했어요
맛있는 밥을 짓고 싶으신 분들께 추천드려요

아는분이 2022년구입후 사용하다
내놓아서  올림니다 
정상작동 상태 성능 기능 모두양호
밥 잘 ㅡ됨니다   이상없습니다 ",50000
밥솥,쿠쿠 밥솥,쿠쿠 IH 압력밥솥,거래중,"80,000원",마천동,2026-08-26,1,18,602,62.1℃,양파,생활가전,비대면.직거래 가능합니다,"쿠쿠 IH 압력밥솥 10인용 모델이에요
사진에서 보이는 것처럼 구성품 모두 잘 갖춰져 있어요
내솥과 뚜껑 모두 깨끗하게 관리되어 있답니다
23년 9월 제조일구요
맛있는 밥을 짓고 싶으신 분들께 추천드려요
상태 깨끗한편이나 약간의 중고감은
감안해 주세요

🧸🧸예약(x) 
비대면.직거래 가능합니다",80000
밥솥,쿠쿠 밥솥,쿠쿠 2인용 밥솥 CR-0215MW,거래중,"45,000원",가락1동,2025-08-31,2,8,283,44.5℃,꿀이,생활/주방,,"여행용으로 구매했고 한번 실사용했습니다
핑크입니다
보관 가방 따로 구매했고 같이 드립니다

예민하신 분은 피해주세요.
송파역 또는 헬리오시티에서 거래 원합니다.
꼭 구입하실 분만 채팅 부탁드립니다.",45000
밥솥,쿠쿠 밥솥,(맛있는밥) 쿠쿠 6인용 밥솥 CR-0632FV 핑크,거래중,"28,000원",마천동,2026-08-29,0,4,206,59.7℃,모당,생활가전,,,28000
밥솥,쿠쿠 밥솥,쿠쿠 스마트 IH 밥솥 FHTS107FG 10인용,거래중,"143,000원",마천동,2026-08-27,0,1,163,42.2℃,한국5,생활가전,,,143000
밥솥,쿠쿠 밥솥,쿠쿠 IH압력밥솥 3인용 2011,거래중,"40,000원",가락1동,2026-01-03,4,15,872,99℃,보석상자,생활가전,송파역 부근에서 직거래 합니다,"쿠쿠 IH압력밥솥 HQXT030FR 모델입니다
- 3인용입니다.자취용.캠핑용.
  1인가구용으로 적당
- 11년 3월 제조되었습니다
상태는 사진으로 대신합니다
내솥 상태 좋고 밥 잘됩니다
처음 1분정도 웅소리 납니다
쿠쿠만의 찰진밥맛을 느낄 수 있고, 다양한 요리도 가능합니다 음성지원 기능도 있어서 편리하게 사용할 수 있습니다.
송파역 부근에서 직거래 합니다
자차이용시 가락1동 주민센터 주차장입니다",40000
밥솥,쿠쿠 밥솥,[새상품-홈페이지 배송지 변경 택배 발송] 쿠쿠 트윈프레셔 마스터셰프 6인용 IH 밥솥,거래중,"330,000원",오륜동,2026-04-03,2,10,317,44.1℃,바니바니당근당근,생활가전,,"새상품입니다.
배송지 변경하여 댁으로 보내드립니다.

쿠쿠 트윈프레셔 마스터셰프 6인용 IH압력밥솥입니다
- 올스테인리스 커브드 내솥으로 위생적이고 청결하게 사용할 수 있습니다
- 초고압과 무압 두 가지 압력으로 밥맛을 조절할 수 있습니다
- 오픈 쿠킹으로 최적의 타이밍에 재료를 첨가할 수 있습니다
- W383 x D262 x H260mm, 무게 7kg",330000
밥솥,쿠쿠 밥솥,쿠쿠 압력밥솥 커버 패킹 CCP-08 (8인용),거래중,"8,000원",송파2동,2026-08-01,0,2,90,43.7℃,쪽떡,생활/주방,,"쿠쿠 압력밥솥 커버 패킹 CCP-08 (8인용) 새제품이에요
사진에서 보시는 것처럼 깔끔하게 포장되어 있어요
밥솥 사용 시 꼭 필요한 부품이라 미리 준비해두시면 좋아요
새 밥솥을 구매하신 분들께 선물하기에도 좋은 제품이에요",8000
밥솥,쿠쿠 밥솥,마지막) 쿠쿠 전기 밥솥 [ cuckoo electric rice cooker ],거래중,"28,000원",송파1동,2026-07-02,0,1,22,69.9℃,JayHoon,생활가전,직거래 시 2호선 잠실역 가능 ( 10번 출구 ),"정품

중고 제품 ( 5~6 인용 )


더 이상 사용하지 않아 판매 합니다~

자세한 상태 사진 확인해주세요~!!


직거래 시 2호선 잠실역 가능 ( 10번 출구 )

택배 거래 시 착불 ( 선불 5,000 원 )

교환 & 환불 불가!!!

반값 택배 및 당근 페이 이용 안 함!!!


직거래 당일 연락 두절 시

비매너 평가하기 및 신고 하기 & 차단 합니다!!!",28000
밥솥,쿠쿠 밥솥,(최상AAA)쿠쿠 IH 압력밥솥 6인용 로즈골드,거래중,"140,000원",마천동,2026-08-31,0,2,45,64.6℃,백합화의노래,생활가전,,,140000
밥솥,쿠쿠 밥솥,쿠쿠IH 10인용2기압 압력밥솥 ( A급),거래중,"140,000원",마천동,2026-08-24,1,45,1068,49.2℃,알투,생활가전,,"쿠쿠 IH 압력밥솥 10인용 CRP-KHTS1060FD 모델이에요
내솥과 뚜껑 분리가 가능해서 세척이 편리해요 고무패킹 싹다 새것 내솥 깨끗 합니다  밥 보온 기가막히게 잘됩니다 
다양한 요리 모드를 지원해서 활용도가 높아요 하자 없습니다 
맛있는 밥을 짓고 싶으신 분들께 추천드려요",140000
밥솥,쿠쿠 밥솥,쿠쿠 올스텐 스마트 IH 밥솥 6인용 송파,예약중,"150,000원",풍납2동,2026-08-24,1,19,177,38.1℃,aaaa07,생활가전,,"쿠쿠 스마트 IH 밥솥 6인용입니다
사진에 보이는 구성품 그대로 드려요
일부러 올스텐 내솥 모델 찾아서 구매했어요!!
올스텐 내솥과 올스텐 뚜껑 분리형으로 세척이 편리해요. 안내문 포함.
건강하고 맛있는 밥을 짓고 싶으신 분들께 추천드려요. 아기 이유식을 위해서도 많이 쓴다고 하네요.
제가 다른 밥솥을 주로 사용해서 사용감이 거의 없습니다. 
2024년 01 제조. 사놓구 사용은 2-3회 밖에 안되요. 깨끗합니다.  
사용후기가 가장 많은 링크로 가져왔어요.  확인 후 연락 부탁드립니다~~~

https://naver.me/5MvM8D74

사용 후 반품 환불 불가",150000
밥솥,쿠쿠 밥솥,쿠쿠 10인용 압력밥솥 CRP-M109FB,거래중,"63,000원",마천동,2026-08-27,0,3,251,52.7℃,라일락,생활가전,,"쿠쿠 10인용 압력밥솥 CRP-M109FB 판매해요
사진에서 보시는 것처럼 깔끔한 상태의 밥솥입니다
10인용으로 넉넉하게 사용할 수 있어요
맛있는 밥을 지어줄 쿠쿠 압력밥솥으로 매일 즐거운 식사 시간 만들어보세요",63000
밥솥,쿠쿠 밥솥,쿠쿠 IH 압력밥솥 CRP-HDT1062SP 핑크,거래중,"15,000원",마천동,2026-08-25,2,12,424,48.7℃,집정리중,생활가전,,,15000
밥솥,쿠쿠 밥솥,쿠쿠 밥솥 6인용 고무패킹 CCP-DH06,거래중,"18,000원",잠실본동,2026-05-03,3,8,179,41.2℃,굿잡,생활/주방,,"쿠쿠 듀얼 모션 패킹 6인용 고무패킹
CCP-DH06
총 3개있음 개당 18,000원 일괄 50,000원",18000
밥솥,쿠쿠 밥솥,쿠쿠 스마트 IH 3인용 압력밥솥,거래중,"90,000원",마천동,2026-08-31,0,11,190,48℃,쌤프레,생활가전,,"쿠쿠 스마트 IH 3인용 압력밥솥이에요
다양한 메뉴와 보온 기능으로 맛있는 밥을 지을 수 있어요
IH 기술로 빠르고 고르게 익혀준답니다

품번 HQB0310FS
아들이 잠깐 자취하느라 구입했는데 많이 쓰지않아 상태는 최상입니다 기존박스가 없어서 바로구매시 최대한 꼼꼼히 포장해서 보낼게요",90000
밥솥,쿠쿠 밥솥,쿠쿠 IH 압력밥솥 6인용(CRP- DHP0610FD),거래중,"50,000원",마천동,2026-06-02,1,9,1723,66.1℃,아이쥬하,생활가전,,,50000
밥솥,쿠쿠 밥솥,쿠쿠 압럭밥솥 10인용파킹 송파,거래중,"7,000원",풍납1동,2026-02-02,0,1,184,85.5℃,leeeeeeee,생활/주방,송파구 한가람로20길44 우리홈마트 오셔서 톡주세요 바로나갑니다,,7000
밥솥,쿠쿠 밥솥,쿠쿠 밥솥,거래중,"39,900원",오륜동,2024-08-31,4,3,518,93.3℃,체리젤리,생활/주방,"💡직거래:동네부근,지하철 개찰구(⭕️)출구(❌)","중고.정상작동.베란다 정리하다가 나와서 묻은 먼지 같은건 보이는대로 다 닦아놨읍니다.

🛍거래 전 필독🛍

⏰시.간.약.속 엄수❗️❗️❗️
💡(늦거나 변동사항 제발 미리 하루 전에)
💡(현금=미리 잔돈 알맞게)
✍🏻가격내려서 올리므로 에눌❌환불❌
     (많이 구매 시 일부분 조정)
💡직거래:동네부근,지하철 개찰구(⭕️)출구(❌)
💡택배:반값:CU,GS25만 이용.2,000원
             일반:수도권=3,800,지방권:4,500~
             운송장 사진 첨부
✍🏻확.실.히 구매하실 분만 채팅🙏🏻
     (질문충,에눌충,태클충,잠수 등 기타 절대 사양)
✍🏻늦은시간도 채팅 가능.
     (자면 답 느림)
✍🏻최대한 하자 확인 후 올리므로
     (중고특성상 환불,반품,교환❌)
✍🏻예약보단 답장 빠른 입금순 쿨거래 위주.
     (거래 시 펑크 노쇼방지 위해 물건 값 반이라도
     (선입 시 거래 확정)",39900
밥솥,쿠쿠 밥솥,쿠쿠 IH 압력밥솥 FHRL0610FG6인용 로즈골드(S급제품),거래중,"130,000원",마천동,2026-07-02,1,10,648,99℃,자유의여신,생활가전,,,130000
밥솥,쿠쿠 밥솥,쿠쿠 전기밥솥 0675FW 쿠쿠전자밥솥,거래중,"50,000원",마천동,2026-08-01,8,18,503,40.8℃,닭가슴살,생활가전,문래동 쪽 직거래 가능하고 바로구매 눌러주셔도 좋습니다 감사합니다,"쿠쿠 전기밭솝 0675FW 제품입니다. 
박스 보유 중입니다. 
2번정도 사용하고 보시다시피 잘 보관만 했어요 
검색해보시면 인기 정말 많은 제품이고, 
정가보다 아래에 정리합니다. 
필요하신 분 편하게 연락주세요

문래동 쪽 직거래 가능하고 바로구매 눌러주셔도 좋습니다 감사합니다",50000
밥솥,쿠쿠 밥솥,[1년미만사용] 쿠쿠 스마트 IH 압력밥솥 FHTS107FS 10인용,거래중,"160,000원",마천동,2026-08-26,0,34,781,61.5℃,날개잃은천사,생활가전,,,160000
밥솥,쿠쿠 밥솥,쿠쿠 압력밥솥 CRP-A1020MX,거래중,"25,000원",잠실6동,2025-12-04,2,2,237,40℃,샤인머스킷,생활가전,문고리거래 가능합니다 : ),"쿠쿠 압력밥솥(10인) CRP-A1020MX 모델입니다
밥맛이 좋고, 다양한 요리가 가능합니다


*개인간의 중고거래로 반품 불가합니다  : )
*문고리거래 가능합니다 : )",25000
밥솥,쿠쿠 밥솥,쿠쿠 CRP-K107FR 10인용 압력밥솥,거래중,"80,000원",마천동,2026-08-30,1,6,64,38.7℃,댕댕,생활가전,,"쿠쿠 압력밥솥 10인용 CRP-K107FR 모델이에요
박스 구성품 그대로 보관되어 있어요
사진에서 보이는 것처럼 깔끔한 상태를 유지하고 있답니다
한번도 안쓴 새거에요
맛있는 밥을 짓고 싶으신 분들께 추천드려요
새거라 교환, 환불불가입니다
전원켜서 작동여부 다 확인했습니다~ ^^",80000
밥솥,쿠쿠 밥솥,쿠쿠 스마트 IH 압력밥솥 6인용 JHT0610FS,거래중,"108,000원",마천동,2026-08-17,4,68,2365,65.8℃,물고기자리,생활가전,,,108000
밥솥,쿠쿠 밥솥,[새상품-홈페이지발송] 쿠쿠 트윈프레셔 마스터셰프 10인용 밥솥,거래중,"380,000원",오륜동,2026-04-03,5,3,237,44.1℃,바니바니당근당근,생활가전,,"쿠쿠 트윈프레셔 마스터셰프 IH 전기압력밥솥 CRP-LHTAR1010FGI 모델 판매합니다
홈페이지에서 배송지 변경하여 댁으로 보내드립니다.


- 10인용
- 그레이스 아이보리 색상
- 풀 스테인리스 내솥으로 위생적이고 견고합니다
- 2중 모션 밸브로 더욱 섬세하게 압력 조절이 가능합니다
- 크기: W425 x D301 x H289mm
- 무게: 8.7kg

분리형 커버로 세척이 용이하고, 풀 스테인리스 재질로 깨끗하게 오래 사용할 수 있습니다",380000
밥솥,쿠쿠 밥솥,쿠쿠 IH 압력밥솥 JHT0610FS,거래중,"90,000원",마천동,2026-08-01,0,3,840,40.3℃,요세쁘,생활가전,,"쿠쿠 IH 압력밥솥 JHT0610FS 모델이에요
10인용으로 넉넉하게 사용할 수 있어요
에너지소비효율 1등급으로 전기료 부담도 적어요
맛있는 밥을 짓고 싶으신 분들께 추천드려요",90000
밥솥,쿠쿠 밥솥,"198,000원 쿠쿠 전기압력밥솥 CRP-P0610FD 6인용",거래중,"65,000원",마천동,2026-08-01,1,11,1072,81.3℃,O택배가능O,생활가전,,,65000
밥솥,쿠쿠 밥솥,쿠쿠 CRP-P067FR 6인용 압력밥솥,거래중,"70,000원",마천동,2026-08-15,0,2,192,75.8℃,채팅주세요,생활가전,,"깔끔한 디자인의 쿠쿠 압력밥솥이에요
6인용으로 적당한 사이즈랍니다
내솥과 뚜껑 분리가 가능해서 세척도 편리해요
맛있는 밥을 짓고 싶으신 분들께 추천드려요",70000
밥솥,쿠쿠 밥솥,쿠쿠 트윈프레셔 6인용 전기 압력 밥솥,거래중,"200,000원",마천동,2026-08-17,1,7,390,58.6℃,복숭아화채,생활가전,,"쿠쿠 트윈프레셔 6인용 밥솥이에요
에너지소비효율등급 1등급으로 전기료 절약에 도움이 돼요



최근 선물받고 한번썼어요
네고불가
박스포장 그대로있어요",200000
밥솥,쿠쿠 밥솥,쿠쿠 내솥 6인용 에코 스테인리스 커브드,예약중,"30,000원",잠실2동,2026-08-27,2,23,1253,66.3℃,당근조아,생활가전,,"상태 쓸만합니다
외관 및 물눈금 디자인과 동일 확인해주세요21",30000
밥솥,쿠쿠 밥솥,쿠쿠 스마트 IH 압력밥솥(10인용),거래중,"200,000원",마천동,2026-08-31,1,2,46,57.6℃,비우는재미,생활가전,,"쿠쿠 IH 압력밥솥 10용 
사진에서 보이는 것처럼 깔끔한 디자인을 자랑해요
IH 압력 기술로 맛있는 밥을 지을 수 있답니다
매일 먹는 밥, 더 맛있게 즐기고 싶으신 분들께 추천드려요  
애들 왔을때
딱  한번사용
새거나  마찬가지요
식구가 없는관계로 6인용만사용하네요
환불x
",200000
밥솥,쿠쿠 밥솥,쿠쿠 CR-0671V 6인용 밥솥,거래중,"25,000원",마천동,2026-06-02,6,12,512,38.9℃,행운의날,생활가전,,"쿠쿠 6인용 밥솥 CR-0671V 모델이에요
사용감 있지만 상태 좋습니다
사진 잘 보시고 챗 주세요 

",25000
밥솥,쿠쿠 밥솥,쿠쿠 6인용 전기밥솥 CR-0685GW 화이트,예약중,"55,000원",잠실본동,2026-07-02,1,4,231,35.9℃,숙자님,생활가전,,"깔끔한 디자인의 쿠쿠 6인용 전기압력밥솥 CR-0685GW 화이트 모델이에요
사진에서 보시는 것처럼 내부 구성품 모두 잘 갖춰져 있답니다
맛있는 밥을 짓기에 충분한 6인용 사이즈로, 어떤 식탁에도 잘 어울릴 거예요
매일 따뜻하고 맛있는 밥을 드시고 싶은 분들께 추천드려요",55000
밥솥,쿠쿠 밥솥,쿠쿠 블랙스톤 압력밥솥 6인용 미사용,거래중,"150,000원",마천동,2026-08-23,5,30,512,42.8℃,이사준비,생활가전,,"쿠쿠 블랙스톤 전기압력밥솥 6인용 CRP-R0695F 모델이에요
사진처럼 구성품 모두 새것처럼 잘 보관되어 있어요
깔끔한 디자인으로 주방 어디에나 잘 어울릴 거예요
매일 맛있는 밥을 짓고 싶은 분들에게 추천드려요

집들이선물받았는데 이미 사용중인밥솥이있어 미사용 그대로 판매합니다",150000
밥솥,쿠쿠 밥솥,쿠쿠 스마트 IH 밥솥 BHX-B060FB 6인용,거래중,"68,000원",마천동,2026-08-12,2,3,882,53.5℃,jhk,생활가전,,"쿠쿠 스마트 IH 밥솥 BHX-B060FB 6인용이에요
IH 압력 방식으로 맛있는 밥을 지을 수 있어요
내솥은 wide&flat 디자인으로 넓고 평평해요
깔끔한 디자인으로 주방 어디에나 잘 어울려요
매일 맛있는 밥을 짓고 싶은 분들께 추천드려요",68000
밥솥,쿠쿠 밥솥,패킹새거로교채한쿠쿠 CRP-RT067FP 6인용 압력밥솥,거래중,"82,000원",마천동,2026-08-24,2,1,484,64.1℃,사랑,생활가전,,,82000
밥솥,쿠쿠 밥솥,쿠쿠 트윈프레셔 CRP-TT0310FGW 3인용 밥솥,거래중,"120,000원",마천동,2026-08-20,0,7,291,99℃,반갑다가을아,생활가전,,,120000
밥솥,쿠쿠 밥솥,쿠쿠6인용 압력밥솥 2025년구입 내솥 좋아요,거래중,"120,000원",마천동,2026-08-26,0,7,318,67.1℃,북면,생활/주방,,,120000
밥솥,쿠쿠 밥솥,쿠쿠 스마트 IH 밥솥 6인용 2019,거래중,"50,000원",가락1동,2026-08-31,0,0,2,99℃,보석상자,생활가전,송파역 부근에서 직거래 합니다,"쿠쿠 스마트 IH 밥솥 FHS0610FD 6인용입니다
IH 기술로 맛있는 밥을 지어드려요
다양한 메뉴와 스마트한 기능으로 편리하게 사용 가능해요
매일 따뜻하고 맛있는 밥을 드시고 싶은 분들께 추천드려요
상태는 사진으로 대신합니다
송파역 부근에서 직거래 합니다
자차이용시 가락1동 주민센터 주차장입니다",50000
밥솥,쿠쿠 밥솥,쿠쿠 CRP-P0660FD 6인용 압력밥솥,거래중,"120,000원",마천동,2026-08-25,0,0,163,42.3℃,짤랑이,생활가전,,"쿠쿠 6인용 압력밥솥이에요
CRP-P0660FD 모델이며, 에너지소비효율 1등급 제품이에요
내솥 제외구성이며, 깔끔하게 사용했어요
맛있는 밥을 짓고 싶으신 분들께 추천드려요!
거의 새제품 같고 내솥만 사서 쓰세요~",120000
밥솥,쿠쿠 밥솥,쿠쿠 스마트 IH 밥솥 FHS0610FD 6인용,거래중,"124,000원",마천동,2026-08-25,0,3,319,75.1℃,나올심더,생활가전,,"쿠쿠 스마트 IH 밥솥 FHS0610FD 6인용입니다
IH 기술로 맛있는 밥을 지어드려요
내솥과 분리형 커버로 세척이 간편해요
쿠쿠밥솥 중에 고급형 입니다
내솥 또한 스테인레스로 깔끔하고 위생적이죠
깔끔한 디자인으로 주방 어디에나 잘 어울려요
매일 맛있는 밥을 짓고 싶은 분들께 추천드려요
내솥은 재코팅 전문 회사에서 재코팅 했어요
패킹도 같이 교체했구요",124000
밥솥,쿠쿠 밥솥,쿠쿠 IH압력밥솥 10인용,거래중,"68,000원",마천동,2026-08-01,3,33,,,,,,,68000
밥솥,쿠쿠 밥솥,쿠쿠 CRP-QS1010FG 10인용 압력밥솥,거래중,"63,000원",마천동,2026-08-23,1,6,,,,,,,63000
밥솥,쿠쿠 밥솥,쿠쿠 10인용,예약중,"45,000원",마천동,2026-08-31,1,7,73,98.7℃,스윙,생활가전,,"내솥 상태 양호해요 
풀스텐 압력밥솥 
압력잘되고 김샘없어요 
밥 찰지고 맛있게 잘되요 세척보관 ",45000
밥솥,쿠쿠 밥솥,쿠쿠 스마트 IH 6인용 압력밥솥,거래중,"68,000원",마천동,2026-08-01,6,60,,,,,,,68000
밥솥,쿠쿠 밥솥,쿠쿠 스마트 IH 밥솥 CHS108FD 10인용,거래중,"120,000원",마천동,2026-08-03,1,16,,,,,,,120000
밥솥,쿠쿠 밥솥,쿠쿠 밥솥 10인용,거래중,"140,000원",문정1동,2026-08-14,0,17,999,49.2℃,Iscream,생활가전,직거래 가능,"쿠쿠 CRP-GHR1010FD 밥솥입니다.
산 지는 오래되었으나 3개월정도만 사용하고 씻어서 보관만 해두었습니다. 40만원쯤 산 데다 얼마 사용하지 않아 아까워서 올려봅니다.
마지막 사진처럼 약간의 까짐 있습니다.

비대면 거래 가능
직거래 가능",140000
밥솥,쿠쿠 밥솥,쿠쿠 1인용 전기보온 밥솥(새제품),거래중,"38,000원",문정1동,2026-08-01,0,29,815,37.1℃,138,생활가전,,"귀엽고 앙증맞은 크기예요. 크기 비교하시라고 두유 넣어봤어요.
밥 고슬하게 잘 되고 한그릇 반 정도 나와요.
물 맞추기좋게 잘 표시되어 있어서 좋고요.
두개 필요해서 샀다가 하나만 쓰게되어 하나 내놓습니다. 박스도 뜯지않은 새제품이예요~
쿠팡에서 5만원에 판매되고 있네요.

반도4차입니다.",38000
밥솥,쿠쿠 밥솥,쿠쿠 스마트 IH 밥솥 6인용 2016,거래중,"30,000원",가락1동,2026-08-21,0,0,23,99℃,보석상자,생활가전,송파역 부근에서 직거래 합니다,"쿠쿠 스마트 IH 밥솥 DHR0610FD 6인용이에요
IH 기술로 맛있는 밥을 지어준답니다
밥은 잘 됩니다
내솥과 뚜껑 분리형으로 세척도 간편해요
 내솥 상태  매우 안 좋습니다
상태는 사진으로 대신합니다
송파역 부근에서 직거래 합니다
자차이용시 가락1동 주민센터 주차장입니다",30000
밥솥,쿠쿠 밥솥,쿠쿠밥솥 10인용,거래중,"20,000원",방이1동,2025-08-31,8,4,664,50.9℃,마이콜,생활/주방,,"김이 옆으로 샙니다.
 부품용으로 사용하실 분 있을까 올립니다.

-거래희망장소: 방이1동 주민센터 앞",20000
밥솥,쿠쿠 밥솥,쿠쿠 10인용 압력밥솥 QK1010BUG,거래중,"180,000원",문정1동,2026-08-21,3,10,,,,,,,180000
밥솥,쿠쿠 밥솥,쿠쿠 30인용 업소용 전기밥솥 CR-3055B,예약중,"35,000원",방이동,2026-08-29,3,3,139,41.3℃,뉴뉴,생활가전,,"업소용으로 사용하기 좋은 쿠쿠 30인용 전기밥솥 CR-3055B입니다
대용량으로 많은 양의 밥을 지을 수 있어 편리해요
내솥 용량은 6.3L이며, 스테인리스 내솥으로 위생적이에요
많은 양의 밥을 자주 하시는 분들께 추천드려요
구매한지 1년되어 사용감 있지만 직동은 잘 됩니다",35000
밥솥,쿠쿠 밥솥,쿠쿠 CRP-P0660FD 6인용 압력밥솥,거래중,"80,000원",문정1동,2026-08-03,0,6,1052,75.8℃,채팅주세요,생활가전,,"깔끔한 디자인의 쿠쿠 압력밥솥이에요
6인용으로 넉넉하게 사용할 수 있어요
내솥은 다이아몬드 코팅으로 되어있답니다
맛있는 밥을 짓고 싶으신 분들께 추천드려요
사용감있으나 작동 잘됩니다
환불x",80000
밥솥,쿠쿠 밥솥,쿠쿠 스마트 IH 밥솥 FHR0610FD 6인용,예약중,"87,000원",문정1동,2026-08-30,0,8,215,65.8℃,물고기자리,생활가전,,"쿠쿠 스마트 IH 압력밥솥 6인용입니다
사진에서 보시는 것처럼 깔끔한 상태를 유지하고 있어요
다양한 취사 모드를 지원하여 편리하게 사용할 수 있습니다
맛있는 밥을 짓고 싶으신 분들께 추천드려요

중고. 물품반품불가 ",87000
밥솥,쿠쿠 밥솥,쿠쿠 6인용 내솥,예약중,"15,000원",잠실2동,2026-08-29,1,1,272,66.3℃,당근조아,생활가전,,"쿠쿠 6인용 밥솥 ""내솥 단품만"" 판매합니다
상태 양호합니다
외관 및 물눈금 디자인과 동일 확인해주세요26

밥솥 모델명 CR-0632FV 제품에 사용하던 내솥인데 밥솥 본체는 교체하게 되어서 내솥만 따로 필요하신 분 계실까 하여 올립니다
​본체 없이 내솥만 들리는 구성이니 구매하실 때 꼭 확인해 주세요
관련 블로그에서 일치 확인 참조하셔요
https://blog.naver.com/terashine/220868677282?viewType=pc

​내부 물높이 눈금 선명하게 잘 남아있고 전반적으로 깨끗하게 관리하며 사용했습니다
외관에 세월의 흔적이나 가벼운 생활 스크래치 정도는 살짝 보이지만 밥 짓거나 쓰시는 데는 전혀 문제없습니다
​기존에 쓰시던 내솥 코팅이 많이 벗겨져서 교체용으로 찾으시거나 서브용으로 필요하신 분이 가져가시면 좋을 것 같습니다",15000
밥솥,쿠쿠 밥솥,쿠쿠 스마트 IH 밥솥 FHR0610FD 6인용,거래중,"100,000원",문정1동,2026-08-23,2,9,935,36℃,중이,생활가전,직거래 가능합니다.,"### 쿠쿠 압력밥솥 판매합니다

쿠쿠 **SMART IH 압력밥솥 6용 ** 판매합니다.

* 정상적으로 작동합니다.
* **깨끗하게 사용하고 관리한 제품입니다.**
* 내솥 및 내부 상태는 사진 참고 부탁드립니다.
* 중고 제품이라 약간의 사용감은 있을 수 있습니다.
* 사진에 보이는 제품 그대로 판매합니다.

💰 **가격: 100,000원**

직거래 가능합니다.
관심 있으신 분은 편하게 연락 주세요. 감사합니다!
",100000
밥솥,쿠쿠 밥솥,쿠쿠6인용 레드 압력밥솥,거래중,"30,000원",문정1동,2026-08-31,0,0,18,49.2℃,알투,생활가전,,,30000
밥솥,쿠쿠 밥솥,쿠쿠 IH 압력밥솥 10인용,거래중,"65,000원",문정1동,2026-06-02,2,6,361,42.4℃,국화,생활가전,,"쿠쿠 IH 압력밥솥 10인용이에요
사진에서 보이는 것처럼 내부 상태도 깔끔하게 관리되었어요
맛있는 밥을 지어줄 똑똑한 밥솥을 찾으신다면 추천드려요",65000
밥솥,쿠쿠 밥솥,쿠쿠 CRP-RT109FC 10인용 압력밥솥,거래중,"50,000원",문정1동,2026-08-27,1,7,886,59.2℃,국내산흙당근,생활가전,,"쿠쿠 압력밥솥 CRP-RT109FC 모델이에요
10인용으로 넉넉하게 사용할 수 있어요
고압취사, 백미쾌속, 잡곡 등 다양한 메뉴가 가능해요
맛있는 밥을 짓고 싶으신 분들께 추천드려요 내솥 사진참고해주세요 사용감 있어요",50000
밥솥,쿠쿠 밥솥,쿠쿠 밥솥 나눔해요,예약중,무료나눔,송파2동,2026-05-03,2,6,516,40.2℃,해물도리아,생활/주방,,,0
밥솥,쿠쿠 밥솥,쿠쿠6인용 IH압력 밥솥 2023년 구입 밥 잘되요,거래중,"130,000원",문정1동,2026-08-01,1,13,620,67.1℃,북면,생활가전,,,130000
밥솥,쿠쿠 밥솥,쿠쿠 CRP-R067FS IH 압력밥솥,거래중,"45,000원",문정1동,2026-08-07,0,10,1064,99℃,수산,생활가전,,"쿠쿠 IH 압력밥솥 CRP-R067FS 모델이에요
다양한 요리 모드를 지원해서 활용도가 높아요
에너지 소비효율 등급 1등급으로 전기료 절약에도 도움이 된답니다
맛있는 밥을 짓고 싶으신 분들께 추천드려요
압력좋아요
음성안내됨",45000
밥솥,쿠쿠 밥솥,쿠쿠 트윈프레셔 더라이트 6인용 전기압력밥솥,거래중,"145,000원",잠실6동,2026-08-07,1,4,118,43.6℃,파나세PanaChe,생활/주방,,,145000
밥솥,쿠쿠 밥솥,쿠쿠전기밥솥,예약중,"7,000원",잠실6동,2026-07-02,1,5,722,36.8℃,소중한사람,생활가전,,,7000
밥솥,쿠쿠 밥솥,쿠쿠 10인용 밥솥,거래중,"75,000원",문정2동,2026-08-01,1,6,473,64.7℃,마라탕사랑해,생활가전,,"쿠쿠 10인용 압력밥솥입니다
사용감은 있지만 깨끗해요",75000
밥솥,쿠쿠 밥솥,쿠쿠 스마트 IH 밥솥 JHT0610FS 6인용,거래중,"95,000원",문정2동,2026-08-24,1,81,2410,53.1℃,자리,생활가전,,"쿠쿠 스마트 IH 압력밥솥 6인용이에요
사진에서 보이는 모델명은 JHT0610FS입니다
IH 스마트 기술로 맛있는 밥을 지어드실 수 있어요
매일 먹는 밥, 이 밥솥으로 더욱 맛있게 즐겨보세요

중고  반품불가 ",95000
밥솥,쿠쿠 밥솥,쿠쿠 스마트 IH 압력밥솥 6인용 2017,거래중,"60,000원",가락1동,2026-05-03,1,5,479,99℃,보석상자,생활가전,송파역 부근에서 직거래 합니다,"쿠쿠 스마트 IH 밥솥 FHR0610FD 판매해요
상태나 사용감 등은 사진으로 대신함
모델명은 FHR0610FD이고 6인용 밥솥이에요 2017
내솥은 풀 스테인리스로 되어있고 에너지 세이버 기능이 있어요
제조년월은 17년 07월이에요
송파역 부근에서 직거래 합니다
자차이용시 가락1동 주민센터 주차장입니다",60000
밥솥,쿠쿠 밥솥,쿠쿠 CRP-UT0610FGW 6인용 그레이스 화이트 압력밥솥,거래중,"172,000원",문정2동,2026-08-16,0,18,695,62℃,asdfghjkl,생활가전,,,172000
밥솥,쿠쿠 밥솥,쿠쿠 6인용 Eco Stainless 밥솥 내솥,거래중,"50,000원",문정2동,2026-08-31,1,3,114,32.1℃,남산,생활/주방,,"쿠쿠 6인용 밥솥 내솥이에요
Eco Stainless Curved 제품으로 깔끔하고 고급스러워요
내부에 눈금이 표시되어 있어 계량하기 편리해요
맛있는 밥을 짓고 싶으신 분들께 추천드려요",50000
밥솥,쿠쿠 밥솥,쿠쿠 전기 압력밥솥 CRP-M112,예약중,"20,000원",송파동,2025-10-05,4,2,233,35.3℃,정현,생활가전,,"쿠쿠 풀스테인리스 전기압력밥솥입니다
모델명은 CRP-M112이고, 메이드 인 코리아 제품입니다
밥솥 기능으로는 보온, 재가열, 예약, 자동세척, 압력취사, 백미쾌속 등이 있습니다",20000
밥솥,쿠쿠 밥솥,쿠쿠 CRP-R0695FGB 6인용 밥솥 2024년 생산,거래중,"80,000원",문정2동,2026-08-01,2,12,896,99℃,살림다이어트,생활가전,,,80000
밥솥,쿠쿠 밥솥,쿠쿠 IH 압력밥솥 DHXB0610FS 6인용,거래중,"90,000원",문정2동,2026-08-13,0,43,1134,80.2℃,밤하늘에별,생활가전,,"쿠쿠 스마트 IH 압력밥솥 DHXB0610FS 모델이에요
6인용으로 넉넉하게 사용할 수 있답니다
IH 압력 방식으로 맛있는 밥을 지어줘요
깔끔한 디자인으로 주방 어디에나 잘 어울려요
매일 먹는 밥, 맛있게 지어 드세요

상태 좋습니다.
김 새는거 없습니다
3주전에 쿠쿠 서비스 센테 가서 점검 받았으며
내솥 압력패킹 15만 주고 교체 했습니다.
밥 찰지게 잘됩니다.",90000
밥솥,쿠쿠 밥솥,쿠쿠 IH전기 압력밥솥 6인용 밥 잘되고 추 잘돌아갑니다 모든 기능 다 잘됩니다,거래중,"65,000원",문정2동,2026-08-19,1,5,,,,,,,65000
밥솥,쿠쿠 밥솥,쿠쿠 스마트 IH 압력밥솥 10인용,거래중,"100,000원",문정2동,2026-08-22,0,4,803,76.5℃,비움,생활가전,,"솥까짐없음 김새는거 살짝있어서 고무패킹만 갈면됨 
쿠쿠 스마트 IH 압력밥솥 10인용입니다
사진에서 보이는 것처럼 깔끔한 상태를 유지하고 있어요
IH 압력 기술로 맛있는 밥을 지을 수 있답니다
문서, 영상 작업 하시는 분들에게 추천드리는 가성비 있는 노트북이에요",100000
밥솥,쿠쿠 밥솥,쿠쿠 IH압력밥솥 10인용 JHR1020FD 블랙,거래중,"80,000원",가락1동,2026-05-03,0,4,239,99℃,보석상자,생활가전,송파역 부근에서 직거래 합니다,"쿠쿠 IH압력밥솥 10인용 JHR1020FD 모델이에요.2017.
Full Stainless 4.0 Master Curved 기술이 적용되어 더욱 위생적이고 편리하게 사용할 수 있어요
내솥은 10인용까지 쌀 양을 측정할 수 있도록 눈금이 표시되어 있답니다
상태나 내솥 사용감은 사진으로 대신합니다
송파역 부근에서 직거래 합니다
자차이용시 가락1동 주민센터 주차장입니다",80000
밥솥,쿠쿠 밥솥,쿠쿠 풀스테인리스 에코미니 3인용 밥솥,거래중,"95,000원",문정2동,2026-08-01,2,9,389,38℃,화란,생활가전,,"쿠쿠 풀스테인리스 에코미니 3인용 밥솥이에요
사진에서 보이는 것처럼 깔끔한 디자인을 자랑해요.  사용으로 인해 표면에 작게 벗겨진 부분이 몇군데 있습니다. 열 배출구 부근에 표면이 조금 갈라진 부분이 있습니다만 밥 짓는 기능에는 전혀 상관이 없습니다.
3인 가족에게 딱 맞는 용량으로 매일 맛있는 밥을 지을 수 있어요. 30만원에 구입한 물건입니다. 
매력적인 디자인으로 주방 어디에 두어도 잘 어울릴 거예요",95000
밥솥,쿠쿠 밥솥,쿠쿠 10인용 트윈프레셔 + 내솥(새상품),거래중,"173,000원",문정2동,2026-08-09,0,9,1640,84.2℃,당근페이가안전합니다,생활가전,"직거래,문앞비대면거래,바로거래 모두가능","밥솥을 새로 구매하여 판매합니다

하자 있으나 
패킹도 지난달에 새거로 교체하였고
기존 내솥 상태 괜찮고 밥 잘됩니다
추가 새상품 내솥도 드립니다.

*하자내용*
메인보드문제로 대기상태에서 혼자 
오작동되기도 함 
서비스센터 유상수리 가능


저는 밥하고 나서 보온모드 안쓰고 전원끄고
바로 냉동용기에 옮겨담아 냉동 보관 사용했습니다.

외부 내부 세척완료

바로구매시 
다른 새밥솥박스에 포장해보내드리며

내솥새거는 별도로 박스택배보내드립니다

직거래,문앞비대면거래,바로거래 모두가능
",173000
밥솥,쿠쿠 밥솥,쿠쿠 CRP-RT067FC 압력밥솥,거래중,"68,000원",문정2동,2026-08-01,2,16,2659,64.1℃,사랑,생활가전,,"쿠쿠 압력밥솥 CRP-RT067FC 모델이에요
6인용으로 넉넉하게 사용할 수 있어요  음성안내 부터 전기능 작동 잘되요 내솥 사용흔 잔기스 조금 있어요저렴하게올려요 *사진참고 * 중고거래상 결재후 환불교환반품 안돼요 중고상품 예민하신분은 새상품구매해주세요 구매의사 있으신분만 문자연락주세요 ",68000
밥솥,쿠쿠 밥솥,쿠쿠전기압력밥솟10인용,예약중,"5,000원",가락2동,2024-08-31,3,2,296,82.3℃,굿프렌드,생활가전,개롱역 3번출구,"사용감많고 내솥 스크래치 까임 있어요
작동에는 이상없습니다",5000
밥솥,쿠쿠 밥솥,쿠쿠 IH 압력밥솥 CRP-HEXG103F 10인용,거래중,"30,000원",문정2동,2026-08-31,0,1,51,59.4℃,가미,생활가전,,,30000
밥솥,쿠쿠 밥솥,쿠쿠10인용 밥솥+패킹새거,거래중,"200,000원",문정2동,2026-08-31,0,2,63,60.1℃,다주자,생활가전,,"25년 제조
1년미만  사용감적음
a급
새패킹도 여유로 드려요

보시고 결정하세요
고사포해수욕장 ",200000
밥솥,쿠쿠 밥솥,쿠쿠 10인용 밥솥 CR-1075S,거래중,"50,000원",문정2동,2026-08-19,1,14,731,49.2℃,하얀강아지,생활가전,,"쿠쿠 10인용 밥솥 CR-1075S 판매해요
사진에서 보시는 것처럼 내부 구성품 모두 깨끗하게 보관되어 있어요
10인용으로 넉넉하게 사용할 수 있는 밥솥입니다
맛있는 밥을 지어줄 든든한 밥솥을 찾으시는 분들께 추천드려요
사용감 거의 없어요
사진 꼼꼼히 살펴 보세요
쓰질않아 당근 합니다.
외모 훌륭 합니다",50000
밥솥,쿠쿠 밥솥,쿠쿠 IH 압력밥솥 AHXB1060FB 10인용,거래중,"65,000원",문정동,2026-08-31,0,9,189,80.2℃,밤하늘에별,생활가전,,"쿠쿠 IH 압력밥솥 AHXB1060FB 모델이에요
10인용으로 넉넉하게 사용할 수 있어요
사진에서 보이는 것처럼 깔끔하게 사용했어요
맛있는 밥을 짓고 싶으신 분들께 추천드려요

상태 좋습니다
내솥 도 상태 괜찮습니다 
밥 찰지게 잘되며 김 새는거 없습니다.",65000
밥솥,쿠쿠 밥솥,쿠쿠밥솥 KHTS1060FD 10인용,거래중,"80,000원",문정동,2026-08-29,0,1,307,67.8℃,히도니,생활가전,,"쿠쿠제품이고 정상작동입니다.
사용감있으며 내솥까지있습니다.",80000
밥솥,쿠쿠 밥솥,쿠쿠 CRP-N0610FP 6인용 레드 압력밥솥,거래중,"30,000원",문정동,2026-08-27,0,2,317,40℃,부처님,생활가전,,,30000
밥솥,쿠쿠 밥솥,쿠쿠 CRP-G1030MP 10인용 압력밥솥,거래중,"70,000원",문정동,2026-08-30,0,0,20,52℃,사랑기쁨,생활가전,,"쿠쿠 CRP-G1030MP 10인용 압력밥솥이에요
사진에서 보이는 것처럼 깔끔한 상태를 유지하고 있어요
맛있는 밥을 지어줄 똑똑한 밥솥을 찾으신다면 눈여겨봐주세요
매일 먹는 밥, 이제 쿠쿠 압력밥솥으로 맛있게 지어보세요",70000
밥솥,쿠쿠 밥솥,20년식 쿠쿠 스마트 IH 6인용 압력밥솥,거래중,"200,000원",문정동,2026-08-16,0,27,2105,99℃,돈불,생활가전,,"쿠쿠 스마트 IH 압력밥솥 6인용이에요
✅️스텐내솥 교환한지 얼마안되서 깨끗함  10만대넘응
안쪽패킹새걸로 교환
다양한 요리 모드로 맛있는 밥을 지을 수 있어요
IH 열판으로 빠르고 고르게 열이 전달되어 밥맛이 좋아요

깔끔한 디자인으로 주방 어디에 두어도 잘 어울려요
매일 맛있는 밥을 짓고 싶은 분들께 추천드려요 

✅️바로구매시 택배시 작동은 영상드린후 포장해요
내솥도비싸요 에눌없이 하실분만 톡주세요
✅️중고거래 특성상 거래 후 반품, 교환 환불 불가합니다 이점 유념
",200000
밥솥,쿠쿠 밥솥,쿠쿠 CRP-R108FB 10인용 압력밥솥,거래중,"45,000원",문정동,2026-08-09,0,10,812,64.3℃,당근816,생활/주방,,"쿠쿠 압력밥솥 CRP-R108FB 모델이에요
1.8L 용량으로 10인 가족이 사용하기 좋아요
내솥과 뚜껑 분리가 가능해서 세척도 간편하답니다
매일 맛있는 밥을 지어줄 똑똑한 밥솥을 찾으신다면 추천드려요",45000
밥솥,쿠쿠 밥솥,쿠쿠 CRP-R069FS 압력밥솥 6인용,거래중,"85,000원",문정동,2026-07-02,1,31,1259,69℃,구구,생활가전,,"쿠쿠 압력밥솥 CRP-R069FS 모델.
내솥 재 코팅 A/S 완료.
6인용으로 넉넉하게 사용할 수 있어요. 밥맛을 살려주는 기능이 탑재되어 있어 맛있는 밥을 지을 수 있습니다. 깔끔한 디자인으로 주방 어디에 두어도 잘 어울려요. 갓 지은 따뜻한 밥을 매일 즐기고 싶으신 분들께 추천드려요",85000
밥솥,쿠쿠 밥솥,쿠쿠 압력밥솥 CRP-P0620FDM 6인용,거래중,"70,000원",문정동,2026-08-30,1,8,144,40.1℃,앤119,생활가전,,"쿠쿠 압력밥솥 6인용 판매해요
24년 8월 제조 상품이에요
내솥과 뚜껑 분리형으로 세척이 간편해요
맛있는 밥을 짓고 싶으신 분들께 추천드려요",70000
밥솥,쿠쿠 밥솥,쿠쿠 스마트 IH 밥솥 FHR0610FD 6인용,거래중,"89,000원",마천동,2026-08-30,0,8,,,,,,,89000
밥솥,쿠쿠 밥솥,쿠쿠 IH 압력밥솥 10인용,거래중,"47,000원",문정동,2026-08-28,1,7,148,38.6℃,다정,생활가전,,"쿠쿠 IH 압력밥솥 HLF1060SR 모델이에요
10인용으로 넉넉하게 사용할 수 있어요
IH 압력 방식으로 맛있는 밥을 지을 수 있답니다
가족들과 함께 따뜻한 밥을 즐기고 싶으신 분들께 추천드려요",47000
밥솥,쿠쿠 밥솥,쿠쿠 CRP-QS1020FS 10인용 압력밥솥,거래중,"120,000원",문정동,2026-08-20,1,2,284,44.1℃,창문방충망,생활가전,,"깔끔한 디자인의 쿠쿠 10인용 압력밥솥이에요
CRP-QS1020FS 모델로 다양한 요리가 가능해요
사진에서 보이는 것처럼 구성품은 본체와 전원선입니다
맛있는 밥을 짓고 싶으신 분들께 추천드려요",120000
밥솥,쿠쿠 밥솥,쿠쿠 CRP-QS1020FS 10인용 밥솥,거래중,"50,000원",문정동,2026-08-13,0,9,624,52.3℃,하얀,생활가전,,"쿠쿠 10인용 압력밥솥입니다. CRP-QS1020FS 모델이며, 에너지 소비효율 1등급 제품이에요. Xwall Diamond 코팅 내솥으로 밥맛을 살려준답니다. 갓 지은 맛있는 밥을 원하시는 분들께 추천드려요
반품 네고안됩니다",50000
밥솥,쿠쿠 밥솥,쿠쿠 CRP-P0660FD 6인용 압력밥솥,거래중,"40,000원",문정동,2026-06-02,2,9,423,46.2℃,tuffy,생활가전,,"쿠쿠 압력밥솥 CRP-P0660FD 
6인용으로 넉넉하게 사용할 수 있답니다
IH 압력 방식


• 최대한 꼼꼼히 검수하여 사진과 설명을 올렸으나, 미처 발견하 지 못한 미세한 생활감이 있을 수 있습니다.
• 예민하신 분은 신중하게 고민 후 구매해 주세요.
• 상품 상태 미숙지로 인한 환불/반품은 불가합니다.
• 궁금하신 점은 당근톡으로 언제든 편하게 문의주세요!",40000
밥솥,쿠쿠 밥솥,쿠쿠 밥솥 CR-0613R 3인용,거래중,"20,000원",문정동,2026-08-23,2,8,537,50℃,데이빗,생활가전,,"쿠쿠 밥솥 CR-0613R 모델이에요
3인용으로 혼자 또는 둘이서 사용하기 좋아요
깔끔한 디자인으로 주방 어디에나 잘 어울려요
맛있는 밥 지어 드실 분께 추천드려요",20000
밥솥,쿠쿠 밥솥,쿠쿠 IH 밥솥 HYXB1080FB 10인용,거래중,"70,000원",문정동,2026-08-27,0,3,117,99℃,수산,생활가전,,"쿠쿠 IH 스마트 밥솥 HYXB1080FB 10인용이에요
에너지소비효율 1등급으로 전기세 걱정 없이 사용할 수 있어요
내솥은 Xwall Black Shine 코팅으로 밥맛을 살려준답니다
깔끔한 디자인으로 주방 어디에나 잘 어울려요
압력좋아요
음성지원됨
내외솥깨끗
방금새패킹교체",70000
밥솥,쿠쿠 밥솥,쿠쿠 스마트 IH 밥솥 JHY1010FB 10인용,거래중,"110,000원",문정동,2026-08-24,1,5,308,53.5℃,jhk,생활가전,,,110000
밥솥,쿠쿠 밥솥,"쿠쿠 IH ,압력밥솥 10인용",거래중,"95,000원",문정동,2026-08-06,2,27,979,65.3℃,엔지니어,생활가전,,"정상적으로 작동 합니다 
음성 가이드  사진참조
 2023년 구입
사용감약간 예민하신분 패스 하세요",95000
밥솥,쿠쿠 밥솥,쿠쿠 6인용 IH밥솥 HVT0610SR,거래중,"55,000원",문정동,2026-08-31,0,0,12,99℃,아임화인,생활/주방,,"쿠쿠 6인용 IH 밥솥 판매합니다. 
내솥과 패킹 상태,좋습니다.
패킹은 최근에  교체했습니다.
성능 이상없고,내외부 깨끗합니다

쿠쿠전자 CRP-HVT0610SR
/IH압력밥솥/6인용/분리형커버/자동세척/소비전력: 1,040W/무게: 5.6kg/마블코팅/크기:36.2cm x 26.5cm x 25.4cm",55000
밥솥,쿠쿠 밥솥,쿠쿠 10인용 밥솥 QK1010BUG,거래중,"200,000원",문정동,2026-08-20,1,10,343,40℃,연년생맘,생활가전,,"쿠쿠 10인용 압력밥솥 QK1010BUG 판매해요
사진에 보이는 구성품 그대로 보내드려요
깔끔한 디자인의 쿠쿠 밥솥으로 맛있는 밥 지어 드세요
매일 먹는 밥, 이 밥솥으로 더욱 맛있게 즐겨보세요",200000
밥솥,쿠쿠 밥솥,(최상AAA)쿠쿠 트윈프레셔 IH 압력밥솥 6인용,거래중,"140,000원",문정동,2026-08-30,2,15,424,51℃,수선화,생활가전,,,140000
밥솥,쿠쿠 밥솥,쿠쿠 3인용 밥솥 CR-0365FR 레드,거래중,"35,000원",문정동,2026-08-17,2,4,141,43.3℃,무궁화꽃같이,생활가전,,"쿠쿠 3인용 전기밥솥 CR-0365FR 레드 색상이에요
사진에서 보시는 것처럼 깔끔한 상태를 유지하고 있어요. 상태 최상 이에요.
맛있는 밥을 지어줄 똑똑한 밥솥을 찾으신다면 추천드려요",35000
밥솥,쿠쿠 밥솥,쿠쿠 CRP-P104FB 10인용 밥솥,거래중,"95,000원",문정동,2026-08-01,0,5,717,45.8℃,산이,생활가전,,"방금  서비스 센터에서  패킹 및  노즐  교체하고 
점검  받고  온  쿠쿠 CRP-P104FB 10인용 압력밥솥이에요
깔끔한 블랙 색상으로 어떤 주방에도 잘 어울려요
사진에서 보시는 것처럼 구성품 모두 갖춰져 있어요
맛있는 밥을 짓고 싶으신 분들께 추천드려요",95000
밥솥,쿠쿠 밥솥,쿠쿠 스마트 IH 밥솥 CHX-B1010PS 10인용 팝니다,거래중,"100,000원",문정동,2026-08-01,2,12,,,,,,,100000
밥솥,쿠쿠 밥솥,쿠쿠 6인용 압력밥솥 CRP-N0680SSM,거래중,"40,000원",문정동,2026-08-28,1,23,900,40.2℃,라라리사,생활가전,,"쿠쿠 6인용 압력밥솥 CRP-N0680SSM 판매해요
사진에 보이는 구성 그대로 드려요
내솥은 사용감이 있지만 잘 작동합니다.
깨끗하게 청소했습니다.

배송 O 환불 X",40000
밥솥,쿠쿠 밥솥,쿠쿠 CRP-HUF1080SS IH 압력밥솥 10인용,거래중,"78,000원",문정동,2026-08-01,2,16,874,99℃,행복하세요,생활가전,,,78000
밥솥,쿠쿠 밥솥,쿠쿠 10인용 밥솥,거래중,"40,000원",문정동,2026-08-23,1,1,275,42.7℃,햄스터,생활/주방,,"압력이 약간 새는데 밥하는데는 아무런 이상이 없습니다.

",40000
밥솥,쿠쿠 밥솥,쿠쿠 IH 압력밥솥 DHR067FS 6인용 밥잘됩니다 내솥깨끗,거래중,"95,000원",문정동,2026-08-24,2,13,526,67.5℃,행복,생활/주방,,,95000
밥솥,쿠쿠 밥솥,쿠쿠 10인용 압력밥솥 로즈골드,거래중,"65,000원",문정동,2026-08-30,1,4,204,62.7℃,당근좋아,생활가전,,"쿠쿠 10인용 압력밥솥 CRP-RT109FC 모델이에요
IH 압력 방식으로 맛있는 밥을 지을 수 있고 많이 쓰지 않아서 내솥도 벗겨짐,까짐없이 내외관 상태 좋아요 
내솥은 X-Wall Diamond 코팅으로 눌어붙지 않아요
깔끔하고 고급스러운 로즈골드색상으로 주방 인테리어에도 잘 어울려요
매일 따뜻하고 맛있는 밥을 드실수 있으니 필요하신분 연락주세요 ",65000
밥솥,쿠쿠 밥솥,(23년 )쿠쿠 3인용 IH 압력밥솥 화이트,거래중,"125,000원",문정동,2026-08-29,0,20,744,53.1℃,자리,생활가전,,"쿠쿠 3인용 IH 압력밥솥 화이트 색상이에요
사진에서 보이는 것처럼 깔끔한 디자인을 자랑해요
내솥은 다이아몬드 코팅으로 되어있어 밥이 잘 눌어붙지 않아요
맛있는 밥을 짓고 싶으신 분들께 추천드려요

중고  반품불가 ",125000
밥솥,쿠쿠 밥솥,쿠쿠 3인 밥솥,거래중,"50,000원",문정동,2025-08-31,4,16,1729,45.2℃,비우자,생활/주방,,"밥 잘 되구요

세컨드사용으로 한거라 사용감은 적으나 
중고인점은 감안해주세요

사진찍을때보니 약간 금 간 부분이 있어
가격낮추어 올려요

신중하게 생각해보시고 꼭 하실분만 챗주세요",50000
밥솥,쿠쿠 밥솥,쿠쿠 스마트 IH 전기압력밥솥 CRP-CHS108FD,거래중,"80,000원",문정동,2026-08-01,1,21,1597,99℃,IDNUMBER,생활/주방,,,80000
밥솥,쿠쿠 밥솥,쿠쿠 IH 압력밥솥 HUXT1010FB 10인용,거래중,"60,000원",문정동,2026-08-13,0,9,601,99℃,수산,생활가전,,"쿠쿠 IH 압력밥솥 HUXT1010FB 모델이에요
10인용으로 넉넉하게 사용할 수 있어요
사진에서 보이는 것처럼 내부 구성품 모두 잘 갖춰져 있답니다
맛있는 밥을 짓고 싶으신 분들께 추천드려요
압력좋아요
음성안내됨
",60000
밥솥,쿠쿠 밥솥,쿠쿠 6인용 밥솥 CR-0651FR 레드,거래중,"10,000원",문정동,2026-08-28,0,3,624,40.5℃,루비,생활가전,,"깔끔한 쿠쿠 6인용 밥솥 CR-0651FR 레드 색상이에요
사진에서 보이는 것처럼 구성품은 본체입니다
새 제품 가격은 10만원대입니다
매일 맛있는 밥을 짓고 싶은 분들에게 추천드려요
내솥만 따로구매하심될꺼같아요",10000
밥솥,쿠쿠 밥솥,쿠쿠 IH 10인용 밥솥 HLT106SV 타이탄,거래중,"50,000원",문정동,2026-08-15,1,2,234,80.3℃,노블레스오블레쥬,생활가전,,"쿠쿠 IH 압력밥솥 10인용 모델이에요
타이탄 내솥으로 밥맛이 좋아요
IH 방식으로 빠르고 맛있는 밥을 지을 수 있어요
깔끔한 화이트/핑크 색상으로 주방 어디에나 잘 어울려요
매일 맛있는 밥을 드시고 싶은 분들께 추천드려요",50000
밥솥,쿠쿠 밥솥,[쿠쿠 밥솥 CRP-RT109FC] 판매합니다,거래중,"30,000원",문정동,2026-08-15,1,17,3142,40.5℃,하롱롱,생활가전,거래는 문래역에서 직거래 혹은 바로구매로 합니다.,"쿠쿠 10인용 밥솥 판매합니다.

작동에는 전혀 문제없으나 내솥에 사용감이 좀 있어, 저렴하게 판매합니다

거래는 문래역에서 직거래 혹은 바로구매로 합니다.",30000
밥솥,쿠쿠 밥솥,쿠쿠 6인용 전기압력밥솥 CRP-BR065FB,거래중,"140,000원",문정동,2026-08-25,2,12,406,43.4℃,곰도리푸,생활가전,,,140000
밥솥,쿠쿠 밥솥,쿠쿠 IH 압력밥솥 10인용 KHTS1060FD,거래중,"110,000원",문정동,2026-08-29,0,3,150,74.8℃,환영합니다24시간,생활가전,바로구매 나 문고리만 됩니다,"쿠쿠 IH 압력밥솥 10인용 KHTS1060FD 모델이에요
고급형. 트원프례셔입니다
앞에 시간표. 쬐금 불안들어곳 있습니다. 밥되는거하고 아무관계 없습니다
밥 너무 잘합니다 너무 깨끗합니다 
풀 스테인리스 내솥으로 위생적이고 관리가 편해요
다양한 메뉴와 IH 기술로 맛있는 밥을 지을 수 있어요
가족이 많은 가정에서 사용하기 좋은 넉넉한 용량이에요
중고에 민간하신분은 사절합니다
구매후 반품환불안됩니다 신중한구매해주세요 
바로구매 나 문고리만 됩니다",110000
밥솥,쿠쿠 밥솥,쿠쿠 CRP-RT107FC 10인용 압력밥솥,거래중,"80,000원",문정동,2026-08-30,1,5,128,48.6℃,케인,생활가전,,"쿠쿠 압력밥솥 CRP-RT107FC 모델이에요
10인용으로 넉넉하게 사용할 수 있어요
내솥에 물 높이 표시가 있어서 편리해요
맛있는 밥을 지어줄 똑똑한 밥솥이랍니다 내솥도 깨끗하고 패킹 뚜껑도 새거예요 ",80000
밥솥,쿠쿠 밥솥,쿠쿠 CRP-RT107FP 압력밥솥 10인용 로즈골드.고압.무압취사. 1등급.음성안내.,거래중,"130,000원",문정동,2026-08-27,0,3,79,99℃,미쉘,생활가전,,,130000
밥솥,쿠쿠 밥솥,쿠쿠 10인용 IH 전기압력밥솥,거래중,"149,000원",문정동,2026-08-22,0,10,184,37.9℃,천사,생활가전,,"쿠쿠 IH 전기압력밥솥 10인용 CRP-JHR1010FC 모델이에요.
289,000원에 구매했어요.
사용 흔적이 있고 본체 우측에 스크래치가 있으나 사용에 지장은 없으며, 전체 클리닝 작업을 완료했습니다.
해당 사항을 제외한 전체적인 상태는 양호합니다.
취사와 각 메뉴, 자동 세척, 패널 및 터치 모드, 스팀 기능도 모두 정상 작동합니다!

🚚 택배 거래만 가능합니다.",149000
밥솥,쿠쿠 밥솥,쿠쿠 스마트 IH 압력밥솥 BHXB0660FB 팝니다,거래중,"45,000원",문정동,2026-08-01,2,15,2028,50.7℃,열무맘,생활가전,,,45000
밥솥,쿠쿠 밥솥,쿠쿠 IH 압력밥솥 10인용 로즈골드,거래중,"100,000원",문정동,2026-08-27,0,1,108,45.5℃,M매니아,생활가전,,"쿠쿠 IH 압력밥솥 10인용 로즈골드 색상이에요
IH 기술로 빠르고 맛있는 밥을 지을 수 있어요
다양한 메뉴와 백미, 잡곡 취사가 가능해요
깔끔한 디자인으로 주방 어디에나 잘 어울려요
매일 맛있는 밥을 드시고 싶은 분들께 추천드려요. 구입한 뒤 몇번 사용하고 방치했다가 발견된, 상태 양호한 물건 입니다.",100000
밥솥,쿠쿠 밥솥,쿠쿠 IH 압력밥솥 JHI1030FG 10인용,거래중,"150,000원",문정동,2026-08-23,0,30,746,53.4℃,흰구름,생활가전,,"쿠쿠 IH 압력밥솥 JHI1030FG 모델이에요2021련11월제조.2022년구입입니다.
10인용으로 넉넉하게 사용할 수 있어요
IH 압력 방식으로 맛있는 밥을 지을 수 있답니다
깔끔한 디자인으로 주방 어디에 두어도 잘 어울려요
매일 먹는 밥, 더욱 맛있게 즐겨보세요.작동 아무 이상없습니다.(위례에서거래합니다)반품.환불불가..",150000
밥솥,쿠쿠 밥솥,쿠쿠 IH 압력밥솥 CRP-HF0610FI 6인용,거래중,"50,000원",문정동,2026-07-02,2,3,194,46.8℃,훠이훠이,생활가전,,"쿠쿠 IH 압력밥솥 CRP-HF0610FI 판매해요
사진에 보이는 그대로 구성품입니다
IH 기술로 밥맛을 살려주는 밥솥이에요
맛있는 밥으로 든든한 한 끼를 책임져 줄 밥솥을 찾으시는 분들께 추천드려요

6인용",50000
밥솥,쿠쿠 밥솥,쿠쿠 IH 압력밥솥 6인용,거래중,"60,000원",문정동,2026-08-01,0,3,210,67.6℃,일출,생활가전,,"쿠쿠 IH 압력밥솥 6인용  입니다
아침까지 밥잘했어요
큰패킹((19000원)주고 교환
에너지 소비효율 1등급으로 전기료 부담도 적어요
음성인식 ㆍ자동세척
황금내솥 (사진참고)
구매후 교환ㆍ환불 안됨
",60000
밥솥,쿠쿠 밥솥,💖💖쿠쿠 IH 💯💯압력밥솥 6인용💯💯DHB0660FDM 💓💓6인용,거래중,"73,000원",문정동,2026-08-21,1,11,580,41.6℃,낭만치우천황,생활/주방,,,73000
밥솥,쿠쿠 밥솥,쿠쿠10인용 압력밥솥 2024년구입 내솥상태 좋습니다,거래중,"120,000원",문정동,2026-08-07,1,27,1442,67.1℃,북면,생활가전,,,120000
밥솥,쿠쿠 밥솥,쿠쿠 10인용 압력밥솥 CRP-BR105FB 블랙 (새상품),거래중,"160,000원",문정동,2026-08-31,1,10,101,62.5℃,알사탕,생활가전,,,160000
밥솥,쿠쿠 밥솥,쿠쿠 6인용 밥솥 CR-0632FV 핑크,거래중,"45,000원",문정동,2026-07-02,0,1,206,46.8℃,훠이훠이,생활가전,,"깔끔한 디자인의 쿠쿠 6인용 밥솥이에요
CR-0632FV 모델로 밥맛을 살려주는 기능이 있어요
사진에서 보이는 것처럼 구성품은 본체와 전원선입니다",45000
밥솥,쿠쿠 밥솥,쿠쿠 CRP-G1020MP 10인용 밥솥 핑크,거래중,"15,000원",문정동,2026-08-31,1,0,78,45.8℃,영스타,생활가전,,"쿠쿠 10인용 밥솥 CRP-G1020MP 모델이에요
사진에서 보시는 것처럼 깔끔한 핑크 색상이고요
밥솥 본체와 전원선이 구성품이에요
맛있는 밥을 지어줄 든든한 밥솥을 찾으시는 분들께 추천드려요 식혜만들기와  농막에서 쓰기 좋습니다 ",15000
밥솥,쿠쿠 밥솥,쿠쿠 CR-0322P 밥솥 1인용입니다,거래중,"10,000원",문정동,2026-08-24,2,1,131,37.1℃,파륵,생활가전,,"쿠쿠 CR-0322P 밥솥이에요
사진에서 보시는 것처럼 깔끔한 상태를 유지하고 있어요
밥솥 본체와 전원 코드가 구성품이에요
맛있는 밥을 지어줄 든든한 밥솥을 찾으시는 분들께 추천드려요",10000
밥솥,쿠쿠 밥솥,쿠쿠 CRP-P1010FD 10인용 밥솥,거래중,"70,000원",문정동,2026-07-02,5,24,1039,85.1℃,스마일,생활가전,,"쿠쿠 CRP-P1010FD 10인용 압력밥솥이에요
사진에서 보시는 것처럼 깔끔한 상태를 유지하고 있어요
10인용으로 넉넉하게 사용할 수 있는 밥솥이랍니다
맛있는 밥을 짓고 싶으신 분들께 추천드려요
2024년 11월 제품 입니다.

사진 그대로 입니다.

비대면 거래 부탁드립니다.",70000
밥솥,쿠쿠 밥솥,쿠쿠 스마트IH 압력밥솥 6인용 블랙,거래중,"65,000원",문정동,2026-08-24,1,12,564,99℃,송골매,생활가전,,"많이 사용하지 않아서 상태양호한 22년도 제품 쿠쿠 IH 압력밥솥 6인용 HVB06BS 모델이에요
블랙 색상으로 깔끔하고 예뻐요
패킹과 내솥은 Eco Stainless 로 작년에 교체했으며 내외부 세척해놨습니다 

*고잔동 은혜와진리교회 주차창입구 근처 입니다*",65000
밥솥,쿠쿠 밥솥,쿠쿠3인용 IH 압력밥솥/배달가능,거래중,"148,000원",문정동,2026-08-01,3,81,7431,64.1℃,잠발라,생활가전,,"내솥재코팅한 새제품입니다 /눈금 없어요

김새지 않아요,아주 깨끗합니다.
- 작고 가벼워서 공간 활용도가 높고 이동이 편리합니다
- 에너지 효율이 높아 전기세 절약에 도움이 됩니다
바로 사용하셔도 됩니다.
※구매후 반품불가입니다  잘 보시고  
   잘보시고 구매결정바랍니다
배송비는 5천원추가입니다

010-2136-1376",148000
밥솥,쿠쿠 밥솥,쿠쿠 6인용 밥솥 CR-0632P 화이트/핑크,거래중,"20,000원",문정동,2026-08-13,1,4,278,59.1℃,찐빵,생활/주방,,"깔끔한 디자인의 쿠쿠 6인용 밥솥 CR-0632P입니다
사진에서 보시는 것처럼 화이트와 핑크 색상이 조화롭게 어우러져 주방 어디에 두어도 잘 어울려요
6인용으로 넉넉하게 사용할 수 있어 신혼부부나 3-4인 가구에 딱 맞아요
맛있는 밥을 짓고 싶으신 분들에게 추천드려요",20000
밥솥,쿠쿠 밥솥,쿠쿠 6인용 압력밥솥,거래중,"50,000원",문정동,2026-08-30,0,24,769,43.6℃,letgo,생활가전,,"쿠쿠 6인용 압력밥솥 
내부및 외부 깨끗하고 밥 잘됩니다.",50000
밥솥,쿠쿠 밥솥,새상품)정품 쿠쿠 CRP-P107FR 전기밥솥 내솥 10인용,거래중,"65,000원",문정동,2026-08-18,0,15,706,42.7℃,여니타니후,생활가전,,,65000
밥솥,쿠쿠 밥솥,쿠쿠 CRP-GX451FR 6인용 밥솥,거래중,"35,000원",방이1동,2026-07-02,2,5,435,43.3℃,무궁화꽃같이,생활가전,,"쿠쿠 CRP-GX451FR10 인용 밥솥이에요
사진에서 보시는 것처럼 내부 상태 깨끗하고 외관도 깔끔해요
6인용으로 넉넉하게 사용할 수 있는 밥솥이랍니다
맛있는 밥을 짓고 싶으신 분들께 추천드려요",35000
밥솥,쿠쿠 밥솥,쿠쿠 스마트 IH 밥솥 JHR1060FD 10인용,거래중,"110,000원",방이1동,2026-08-17,1,9,553,99℃,반갑다가을아,생활가전,,,110000
밥솥,쿠쿠 밥솥,쿠쿠 압력밥솥 6인용,거래중,"40,000원",가락1동,2025-10-05,2,4,776,99℃,보석상자,생활가전,송파역 부근에서 직거래 합니다,"쿠쿠 압력밥솥 CRP-P067FD 모델입니다.상태는 사진으로 대신합니다
내솥 안바닥 콕 몇군데 있습니다
음성 가이드 안내 방송 합니다
잡은 잘 됩니다
송파역 부근에서 직거래 합니다
자차이용시 가락1동 주민센터 주차장입니다",40000
밥솥,쿠쿠 밥솥,쿠쿠 6인용 밥솥 CR-0632FV 핑크,거래완료,"20,000원",문정1동,2026-08-03,2,1,27,40.9℃,반하다,생활가전,,"깔끔한 디자인의 쿠쿠 6인용 전기밥솥 CR-0632FV입니다
사진에서 보시는 것처럼 내부도 깨끗하게 관리되었어요
맛있는 밥을 지어줄 든든한 밥솥을 찾으신다면 추천드려요",20000
밥솥,쿠쿠 밥솥,쿠쿠 밥솥 10인용 새상품 CRP-QS1020PGM,거래중,"150,000원",방이1동,2026-08-01,10,34,,,,,,,150000
밥솥,쿠쿠 밥솥,쿠쿠 IH 압력밥솥 FHTS1010FC 10인용,거래중,"200,000원",방이1동,2026-08-20,1,26,501,42℃,서전트,,,"포장뜯고 열고닫고는 했지만 밥,요리는 한번도 안한 새제품이니 다름없는 제품으로
쿠쿠 IH 압력밥솥 FHTS1010FC 10인용 제품이에요
풀 스테인리스 소재와 트윈 압력 기술로 맛있는 밥을 지을 수 있어요
박스 구성 그대로 보관되어 있어 선물용으로도 좋아요
매일 먹는 밥, 더욱 맛있게 즐기고 싶으신 분들께 추천드려요",200000
밥솥,쿠쿠 밥솥,쿠쿠 IH압력밥솥 10인용 KHTS1060FD,거래중,"135,000원",방이1동,2026-08-01,2,44,1395,45℃,참살이,생활가전,,"쿠쿠 IH압력밥솥 10인용 KHTS1060FD 판매해요
사진에 보이는 구성품 모두 드려요
IH 기술로 맛있는 밥을 지어주는 밥솥이에요
매일 따뜻하고 맛있는 밥을 드시고 싶으신 분들께 추천드려요
쿠쿠 트윈 플레이셔
풀 스테인리스 4.0 마스터  ECO 스테인리스 내솥을 사용하여 위생적입니다
취사 방식: IH 압력밥솥 (4기압 취사)
내솥코팅: 엑스월 블랙샤인, 에어버블 코팅
커버/패킹: 풀 스테인리스 분리형 커버
2중 모션 패킹 (압력 패킹새로교환완료)
주요 기능:
음성 안내 기능
자동 세척 기능
에너지 아이, 대기전력 차단 스위치
다이렉트 터치
에너지 효율: 1등급
- 에너지 절약 모델입니다
- 밥맛이 좋고 찰집니다
- 다양한 요리가 가능합니다
 
상태는 사진과 같이 완전깨끛한 상급상태를 유지하고 있습니다 내솥 상태는 사진과 갔이 깨끗합니다
청소 및 점검 완료 구매후 바로사용 하시면 됩니다
상품을 보지 않고 매매하는 거라 상세하게 적어드렸어요. 잘 살펴 보시고 구매하세요.
거매후 교환 환불 반품안됍니다",135000
밥솥,쿠쿠 밥솥,쿠쿠 미니 밥솥 CR-0671V 화이트/퍼플,거래중,"10,000원",방이1동,2026-08-29,0,4,316,38℃,좋은날,생활가전,,"쿠쿠 미니 밥솥 CR-0671V 화이트/퍼플 색상이에요
사진에서 보이는 것처럼 내부 구성품 모두 갖춰져 있어요
혼밥족이나 신혼부부에게 딱 맞는 사이즈랍니다",10000
밥솥,쿠쿠 밥솥,쿠쿠 10인용 압력밥솥 CRP-R108FS,거래중,"70,000원",방이2동,2026-08-23,0,5,189,99℃,삐삐,생활/주방,현관 문고리 거래 희망합니다.,"쿠쿠 10인용 압력밥솥 CRP-R108FS 판매해요
사진에서 보시는 것처럼 깔끔한 상태의 밥솥입니다
10인용으로 넉넉하게 사용할 수 있어요
상태 깨끗합니다 
저렴하게 내놓아 가격 제안  안받습니다.
구매의사 있으신 분만 연락주세요.
물건에 하자 없으면 교환, 환불은 어려운 점 이해 부탁드려요~  
택배 가능합니다
현관 문고리 거래 희망합니다.
(파주 운정3동 한빛 도서관 근처 입니다)",70000
밥솥,쿠쿠 밥솥,쿠쿠 IH 압력밥솥 CHP1010FD 10인용,거래중,"50,000원",방이2동,2026-08-24,1,12,1357,40.5℃,꽃길,생활가전,,"내솥이 없어요.
내솥 구매해서 쓰시면 작동은 사용상 문제는 없습니다. 
작동되는 동영상있음.
반품× 환불× 비대면 가능0",50000
밥솥,쿠쿠 밥솥,패킹새거로교채한쿠쿠 압력밥솥 10인용 CRP-M107FR,거래중,"51,000원",방이2동,2026-08-17,0,1,177,64.1℃,사랑,생활가전,,,51000
밥솥,쿠쿠 밥솥,쿠쿠 IH 압력밥솥 CHP1010FD 10인용,거래중,"100,000원",방이2동,2026-05-03,3,5,641,36.5℃,기본좀지키자,생활가전,직거래만합니다,"중중고아니고
제가직접 새상품 구입후 사용하다
밥솥를 신형으로 교체하면서
보관해두었습니다

고장없으며 손잡이 2만원주고 교체해놓았습니다.

직거래만합니다",100000
밥솥,쿠쿠 밥솥,쿠쿠 6인용 2기압 밥솥 FHR067FD,거래중,"75,000원",방이2동,2026-08-05,4,76,4323,99℃,아임화인,생활/주방,,"쿠쿠 6인용 2기압 밥솥 FHR067FD 판매합니다. 

풀스테인리스 커버와 스테인리스 내솥,에너지 절약기능이  탑재된 모델입니다.

내솥과 패킹 상태 양호합니다.
내솥에 작은 흠이 있습니다.
사진 봐 주세요.
.
쿠쿠전자 CRP-FHR067FD /IH압력밥솥/6인용/
스테인리스내솥/블랙코팅/커브드/에어버블/
풀스테인리스커버/
패킹워시/분리형커버/
2기압취사/음성안내/
자동세척/에너지:1등급/
소비전력:1090W/
무게:6.4kg/
크기(가로x세로x깊이): 379x258x265mm",75000
밥솥,쿠쿠 밥솥,쿠쿠 스마트 IH 압력밥솥 10인용 JHR1010FD,거래중,"120,000원",방이2동,2026-08-01,4,13,334,67.5℃,해바라기,생활가전,,,120000
밥솥,쿠쿠 밥솥,쿠쿠 CRP-PK0610BGI 6인용 압력밥솥,거래중,"100,000원",방이2동,2026-08-17,0,2,177,39.3℃,냄새,생활가전,,"쿠쿠 6인용 압력밥솥 CRP-PK0610BGI 판매해요
사진에서 보시는 것처럼 깔끔한 상태의 제품이에요 거의 새 제품입니다
맛있는 밥을 지어주는 똑똑한 밥솥이랍니다
매일 따뜻하고 맛있는 밥을 드시고 싶은 분들께 추천드려요",100000
밥솥,쿠쿠 밥솥,쿠쿠 3인용 밥솥 CR-0365FR 레드,거래완료,"20,000원",위례동,2026-08-26,1,1,40,38℃,위례인,생활/주방,,"3인용 밥솥으로 거의 사용하지 않은 새것과 같아요
백미 드시는 분들에게 특히 추천드려요
깔끔한 디자인과 편리한 기능으로 만족하실 거예요
맛있는 밥으로 든든한 한 끼를 즐겨보세요",20000
밥솥,쿠쿠 밥솥,쿠쿠 3인용 밥솥 CR-035SFP 레드,거래중,"33,000원",방이동,2026-08-01,5,4,195,52.3℃,솜솜,생활가전,,"쿠쿠 3인용 밥솥 CR-035SFP 모델이에요
밥솥 본체와 계량컵, 주걱이 포함되어 있어요
깔끔한 레드 색상으로 주방 어디에나 잘 어울려요
매일 맛있는 밥을 짓고 싶은 분들께 추천드려요
몇번 사용하지 않았습니다 보관 해놓고 내놓은 거예요 깨끗해요 
환불 반품 불가 ",33000
밥솥,쿠쿠 밥솥,쿠쿠 밥솥 ICRP-QS1020FSM 10인용,거래중,"70,000원",방이동,2026-08-16,0,1,181,37.9℃,아랑2,생활가전,,"쿠쿠 밥솥 ICRP-QS1020FSM 10인용 판매해요
에너지소비효율 1등급 제품으로 전기료 부담을 덜어드려요
사진에서 보이는 그대로의 제품입니다
맛있는 밥을 지어줄 쿠쿠 밥솥으로 든든한 식사 준비하세요",70000
밥솥,쿠쿠 밥솥,쿠쿠 스마트 IH 밥솥 CHP1010FD 10인용,거래중,"110,000원",방이동,2026-08-11,0,12,820,75.1℃,나올심더,생활가전,,,110000
밥솥,쿠쿠 밥솥,쿠쿠 스마트 IH 밥솥 DHR0610FD 6인용,거래중,"79,000원",방이동,2026-08-31,0,5,121,41.8℃,공일공칠삼팔사일구사이,생활가전,"2. 제품은 1개씩이며 선착순 판매입니다.(1순위-입금, 2순위-직거래)","쿠쿠 스마트 IH 밥솥 6인용입니다
사진에서 보시는 것처럼 깔끔한 상태를 유지하고 있어요
맛있는 밥을 지어줄 똑똑한 밥솥을 찾으신다면 이 제품을 추천드려요


쿠쿠 전기압력밥솥 6인용 모델입니다
모델명은 CRP-P0610FD입니다
- 다이아몬드 코팅 내솥으로 밥맛이 좋습니다
- 찰진밥, 잡곡밥 등 다양한 메뉴 선택 가능합니다
밥솥 상태는 양호합니다

쿠쿠밥솥 6인용 전기 압력밥솥
CRP-P0610FD)
일반압력조작방식 : 그림화면에너지효율 : 1등급소비전력 : 890W 패킹 : 2중모션패킹
요리종류 : 백미쾌속취사 : 백미취사 : 고화력
보온 : 맞춤보온음성지원 : 음성안내, 한국어, 중국어자동세척 : 가능부가기능 : 2중소프트스팀캡, 
밥물고임방지 배수로, 논스톱스팀배출, 자동살균
신품 출시가격 29만원 제품으로 
상태 양호하고 성능 문제 없습니다.
특히 내솥 신품가격만 13만원일정도로
고급.ih풀스테인리스 재질입니다.
내솥 상태도 좋습니다.

<거래 및 배송 안내>
제품 문의 - 010-칠삼팔사-일구사이 (문자 문의 환영)
1. 평일 (월-금) 주간시간에는 근무중이기에 응답이 늦을 수 있습니다. 
2. 제품은 1개씩이며 선착순 판매입니다.(1순위-입금, 2순위-직거래) 
3. 직거래 또는 택배 거래 가능합니다.
(네비 주소 - 서울 성동구 무학봉길 35 cu편의점앞 또는 2호선 상왕십리역 ,5호선 행당역)
4. 택배비는 구매자 부담으로 발송합니다(착불) 
(선불 택배 희망시 9천원 추가 선입금하시고  우체국 또는 cj대한통운 택배 이용합니다.)
5. 서울지역은 선입금 9천원 추가시 퀵서비스 배송됩니다.
6. 고속버스 특송도 발송가능합니다.  (1만 5천원이상 선입금 추가)
7. 안마의자는 부피와 무게가 있어서 오직 용달로만 배송가능합니다.(서울,인천, 경기도기준 6만원~10만원 예상)
8. 본 판매글은  SLR클럽, 뽐뿌, 루리웹, 중고나라(중고나라 페이 가능), 당근(당근 신용 온도 46도, 당근페이도 가능), 
옥션(안심카드결제 가능)까지 동시에 게재됩니다.",79000
밥솥,쿠쿠 밥솥,쿠쿠 IH 압력밥솥 10인용,거래중,"153,000원",방이동,2026-08-19,0,5,604,38℃,고고링,생활가전,,"쿠쿠 IH 압력밥솥 10인용입니다. 스마트 IH 기능으로 맛있는 밥을 지을 수 있어요.
 구성품은 사진과 같습니다. 
내솥 사용감 있어요 (사진참조) 그외 하자 무",153000
밥솥,쿠쿠 밥솥,쿠쿠 트윈프레셔 10인용밥솥 KHTS1060FD,거래중,"145,000원",방이동,2026-08-17,1,54,1810,99℃,아임화인,생활/주방,,,145000
밥솥,쿠쿠 밥솥,쿠쿠 HSB065FE 레드 6인용 IH 압력밥솥,거래중,"33,000원",방이동,2026-08-11,2,11,808,66.7℃,번팅,생활가전,,"쿠쿠 스마트 IH 압력밥솥 HSB065FE 모델이에요
레드 색상으로 주방 어디에나 잘 어울려요
6인용 사이즈로 넉넉하게 사용할 수 있어요
맛있는 밥을 지어주는 똑똑한 밥솥이랍니다
내솥사용감있으나 음성,작동이상없음",33000
밥솥,쿠쿠 밥솥,쿠쿠 IH 압력밥솥 10인용,거래중,"80,000원",방이동,2026-08-27,3,5,334,58.3℃,광령댁,생활가전,,"쿠쿠 IH 압력밥솥 10인용입니다
2년 조금 넘게 사용했어요.
사진에서 보시는 것처럼 깔끔한 상태를 유지하고 있어요
맛있는 밥을 지어줄 든든한 주방 필수템이랍니다
매일 따뜻하고 맛있는 밥을 드시고 싶은 분들께 추천드려요",80000
밥솥,쿠쿠 밥솥,쿠쿠 스마트 IH 압력밥솥 CHRN1010FD 10인용,거래중,"110,000원",방이동,2026-07-02,1,12,904,45.8℃,산이,생활가전,,,110000
밥솥,쿠쿠 밥솥,쿠쿠 트윈프레셔 3인용 밥솥 그레이쉬화이트,거래중,"140,000원",방이동,2026-07-02,1,10,,,,,,,140000
밥솥,쿠쿠 밥솥,쿠쿠 스마트 IH 압력밥솥 3인용,거래중,"90,000원",방이동,2026-08-17,0,18,,80.2℃,밤하늘에별,생활가전,,"쿠쿠 스마트 IH 압력밥솥 3인용이에요
사진에서 보이는 것처럼 깔끔한 상태를 유지하고 있어요
다양한 취사 모드를 지원해서 편리하게 사용하실 수 있답니다
맛있는 밥을 짓고 싶으신 분들께 추천드려요

상태 좋고 하자 없습니다.
김 새는거 없으며 내솥 코팅 벗겨짐 없습니다.
2인 가정이나 자녀 자취방 에 사용하기 좋습니다.",90000
밥솥,쿠쿠 밥솥,쿠쿠 CRP-P067FD 6인용 밥솥,거래중,"50,000원",방이동,2026-08-01,1,2,643,37.2℃,루이,생활가전,,"깔끔한 디자인의 쿠쿠 6인용 밥솥이에요
CRP-P067FD 모델로 맛있는 밥을 지을 수 있어요
사진에서 보이는 것처럼 구성품은 밥솥 본체와 전원선입니다
매일 따뜻하고 맛있는 밥을 드시고 싶은 분들께 추천드려요
안에 솥은 따로 새것으로 사셔야 해요",50000
밥솥,쿠쿠 밥솥,쿠쿠 전기압력밥솥 6인용 새상품,거래중,"180,000원",방이동,2026-08-10,0,17,1685,38.6℃,피식당근,생활가전,,"쿠쿠 전기압력밥솥 6인용 새제품이에요
색상은 블랙 색상입니다
포장도 뜯지 않은 제품입니다 
관심있으신 분들은 연락주세요",180000
밥솥,쿠쿠 밥솥,쿠쿠 HPXQ0610FG 6인용 밥솥,거래중,"30,000원",방이동,2026-08-03,0,1,573,40.7℃,한국이,생활가전,,"쿠쿠 10인용 밥솥 HPXQ0610FG 판매해요
사진에 보이는 그대로 구성품이며, 밥솥 내부 상태흠이 있어 교처하고 써야 할 것 같아요!
깔끔한 디자인으로 어떤 주방에도 잘 어울려요
맛있는 밥을 지어줄 쿠쿠 밥솥으로 든든한 식사 준비하세요!
작동은 잘됩니다!",30000
밥솥,쿠쿠 밥솥,쿠쿠 스마트 IH 밥솥 CHS10BD 10인용,거래중,"100,000원",삼전동,2026-08-17,0,8,668,45℃,참살이,생활가전,,"
끛까지 읽어 보시고 구매 하세요

쿠쿠 IH압력밥솥 10인용 CHR1010FD 판매해요
사진에 보이는 구성품 모두 드려요
IH 기술로 맛있는 밥을 지어주는 밥솥이에요
매일 따뜻하고 맛있는 밥을 드시고 싶으신 분들께 추천드려요
쿠쿠 
풀 스테인리스 2.0 마스터 ECO  내솥을 사용하여 위생적입니다
취사 방식: IH 압력밥솥 (2기압 취사)
내솥코팅: 엑스월 블랙샤인, 에어버블 코팅
커버/패킹: 풀 스테인리스 분리형 커버
2중 모션 패킹 (압력 패킹새지안음)
주요 기능:
음성 안내 기능
자동 세척 기능

다이렉트 터치
에너지 효율: 1등급
• 밥맛이 좋고 찰집니다
• 다양한 요리가 가능합니다

상태는 사진과 같이 완전깨끛한 상급상태를 유지하고 있습니다 내솥 상태는 사진과 갔이 수세미 자욱외 깨끗합니다
청소 및 점검 완료 구매후 바로사용 하시면 됩니다
상품을 보지 않고 매매하는 거라 상세하게 적어드렸어요. 잘 살펴 보시고 구매하세요.
거매후 교환 환불 반품 안됍니다
",100000
밥솥,쿠쿠 밥솥,쿠쿠 3인용 밥솥 CR-0375FW 화이트,거래중,"50,000원",삼전동,2026-08-31,2,22,268,40.5℃,봉봉,생활가전,,"쿠쿠 3인용 밥솥 CR-0375FW 화이트에요
3인 가구라 구매 후 밥을 한번 해봤는데 생각보다 사이즈가 작아서 6인용으로 바꾸게 되어 판매합니다

사용을 거의 하지 않아 외관 내솥 모두 깨끗합니다
자취중이신 1-2인 가구에 딱 맞는 사이즈이고
크기도 적당해서 공간 활용도 높아요
쿠쿠라서 밥맛은 좋습니다",50000
밥솥,쿠쿠 밥솥,쿠쿠 트윈프레셔 IH 밥솥 6인용 내 솥새거 LHTR0610FW,거래중,"160,000원",잠실6동,2026-08-31,0,1,46,47.1℃,리얼브라우니,생활가전,,,160000
밥솥,쿠쿠 밥솥,쿠쿠 10인용 밥솥 CR-1055B 화이트,거래중,"20,000원",삼전동,2026-08-31,0,0,,,,,,,20000
밥솥,쿠쿠 밥솥,쿠쿠 IH 스마트 밥솥 EHS0320FS 3인용,거래중,"90,000원",삼전동,2026-08-31,2,6,112,40.4℃,코알라,생활가전,,"쿠쿠 IH 스마트 밥솥 EHS0320FS 3인용이에요
23년에 구매했고 다양한 요리 모드로 맛있는 밥을 지을 수 있어요. IH 압력 방식으로 밥맛이 더욱 좋아요

참고로, 이 밥통은 아이들용으로만 사용하려고 구매한겁니다. 
그런데 온 가족이 큰 밥통을 다같이 사용 안하는 바람에 초반에만 사용해서 사용감 많이 없습니다.",90000
밥솥,쿠쿠 밥솥,쿠쿠 FHS1010FD 10인용 IH 압력밥솥,거래중,"45,000원",잠실4동,2026-08-23,1,14,1257,37.4℃,건너편중식고수,생활가전,무게상 문고리거래만 합니다,"쿠쿠 스마트 IH 압력밥솥 10인용 FHS1010FD 모델이에요
직접 터치 방식으로 조작이 간편하고 다양한 메뉴 설정이 가능해요
IH 열판으로 빠르고 고르게 밥을 지을 수 있답니다
맛있는 밥을 짓고 싶으신 분들께 추천드려요

내솥은 별도구매하세요
새걸로 사시는게 위생에도 좋을 듯 합니다
감안해 싸게올림
고무파킹 아주 멀쩡 

무게상 문고리거래만 합니다
몽촌토성역 인근 

주차등록 해드림",45000
밥솥,쿠쿠 밥솥,쿠쿠 CR-0622IB 6인용 보온밥솥,거래중,"25,000원",가락2동,2026-08-31,0,1,22,37℃,예쁜엄마,생활가전,,"쿠쿠 6인용 밥솥 CR-0622IB 판매해요
박스 구성품 그대로 있어요
내솥에 생활 기스 약간 있지만 사용하는데 문제 없어요
깔끔한 디자인으로 주방 어디에나 잘 어울려요
매일 맛있는 밥 지어 드실 분께 추천드려요
본박스에 넣어서 보내요",25000
밥솥,쿠쿠 밥솥,쿠쿠 전기압력밥솥 (6인용),거래중,"30,000원",가락본동,2026-08-31,0,4,25,73.9℃,밀키트,생활/주방,직거래요~,"밥 찰지게 맛있게 잘 되고 아무 하자 없습니다
내솥은 보시는대로 사용감 많습니다
직거래요~",30000
밥솥,쿠쿠 밥솥,쿠쿠 10인용 밥솥,거래중,"20,000원",삼전동,2026-08-31,0,0,50,49.1℃,캐스퍼81,생활/주방,,,20000
밥솥,쿠쿠 밥솥,쿠쿠 IH 압력밥솥 6인용 핑크,거래중,"30,000원",삼전동,2026-08-27,0,4,630,37℃,알로에,생활가전,,"쿠쿠 IH 압력밥솥 6인용 핑크 색상이에요
사진에서 보이는 것처럼 깔끔한 상태를 유지하고 있어요
IH 압력 방식으로 맛있는 밥을 지을 수 있답니다
매일 따뜻하고 맛있는 밥을 드시고 싶은 분들께 추천드려요",30000
밥솥,쿠쿠 밥솥,쿠쿠 트윈 압력 밥솥 CRP-ST0610FW,거래중,"120,000원",삼전동,2026-05-03,4,33,,,,,,,120000
밥솥,쿠쿠 밥솥,쿠쿠 트윈프레셔 밥솥,거래중,"90,000원",삼전동,2026-08-20,2,3,,,,,,,90000
밥솥,쿠쿠 밥솥,쿠쿠 IH 압력밥솥 CRP-DHX80610FS 6인용,거래중,"129,000원",가락2동,2026-08-25,1,2,95,54.6℃,가락,생활가전,,"쿠쿠 IH 압력밥솥 6인용 판매해요
사진에 보이는 그대로 구성품 모두 있어요
에너지소비효율 1등급 제품입니다
맛있는 밥을 짓고 싶으신 분들께 추천드려요
전부 분해해서 새척해 놨습니다",129000
밥솥,쿠쿠 밥솥,쿠쿠 6인용 밥솥 CR-0631P 화이트/핑크,거래중,"12,000원",삼전동,2026-08-29,0,1,326,38.4℃,하령마마,생활가전,,"쿠쿠 6인용 밥솥 CR-0631P 화이트/핑크 색상이에요
사진에서 보이는 것처럼 깔끔한 디자인의 밥솥입니다
6인용으로 넉넉하게 사용할 수 있어요
맛있는 밥을 지어줄 쿠쿠 밥솥으로 매일 든든한 식사 하세요.
바로구매는  사양합니다.
당근머니도 사양합니다.",12000
밥솥,쿠쿠 밥솥,쿠쿠 10인용 밥솥 CR-1075S 실버,거래중,"60,000원",삼전동,2026-08-31,0,1,,,,,,,60000
밥솥,쿠쿠 밥솥,쿠쿠 6인용 트윈프레셔 밥솥(미개봉),거래중,"170,000원",석촌동,2026-08-01,4,44,1000,52.4℃,짱슈니v,생활가전,,"쿠쿠 6인용 트윈프레셔 밥솥(미개봉)
- CRP-ST0615FW
- 매트화이트 & 샴페인골드 색상
- 에너지소비효율 1등급

미개봉상붐.
당근에서 미개봉상품 구매후, 바로 재판매합니다.
구매후 뜯지않아 미개봉상품 그대로입니다.

평택 위치에 따라 배송도 가능하니,
당근톡주세요~",170000
밥솥,쿠쿠 밥솥,쿠쿠 CRP-ST1010FG 10인용 밥솥,거래중,"79,000원",석촌동,2026-08-26,1,18,662,59.5℃,당근이지,생활가전,,"쿠쿠 10인용 밥솥 CRP-ST1010FG 판매해요
사진에서 보이는 것처럼 깔끔한 상태의 밥솥입니다
맛있는 밥을 지어줄 똑똑한 밥솥을 찾으시는 분들께 추천드려요
내솥 교체를 했음.",79000
밥솥,쿠쿠 밥솥,쿠쿠 스마트 IH 압력밥솥 CHPN109FD 10인용 송파,거래중,"26,000원",오금동,2026-05-03,4,6,1412,43.3℃,천사아가맘,생활가전,,"쿠쿠 스마트 IH 압력밥솥 10인용입니다
사진에서 보시는 것처럼 IH 압력 방식으로 맛있는 밥을 지을 수 있어요
다양한 요리 모드를 지원하여 활용도가 높습니다
밥맛을 중요하게 생각하시는 분들께 추천드려요
내솥교체해야 할것 같아서 싸게 올려요~

중고특성상 민감분 찔러보기 반품 사양합니다.
쿨거래시 가격 에눌 가능합니다",26000
밥솥,쿠쿠 밥솥,쿠쿠 전기압력밥솥 판매합니다,거래중,"150,000원",석촌동,2026-08-31,0,1,65,40℃,재미나게,생활/주방,,"쿠쿠 전기압력밥솥
PK0610BGI 
179,000원에 매장에서 구매한 새제품입니다
2026년 05월 제조
15만원에만 판매합니다",150000
밥솥,쿠쿠 밥솥,쿠쿠쿠 CRP-P0610FD 6인용 밥솥,거래중,"10,000원",잠실4동,2026-08-01,6,6,814,44.2℃,겨자,생활가전,,"쿠쿠 6인용 밥솥 CRP-P0610FD 판매해요

고장난곳 없습니다 
내솥 드릴수 있으나 바꾸시는것을 권장합니다",10000
밥솥,쿠쿠 밥솥,쿠쿠 전기밥솥 CRP-ST0615FWSM 새상품,거래중,"180,000원",석촌동,2026-08-24,1,15,858,50.6℃,끼야오,생활가전,,,180000
밥솥,쿠쿠 밥솥,쿠쿠 CRP-QS1020FSM 16인용 압력밥솥,거래중,"32,000원",신천동,2026-08-27,3,3,120,81.7℃,샛별,생활가전,,"2019년도에 생산되 23년에 구입해서 사용중
선물이 들어와서 당근합니다 쿠쿠  CRP-QS1020FSM 모델이에요 6인용으로 넉넉하게 사용할 수 있어요 내솥은 X-Wall Diamond 코팅으로 밥이 눌어붙지 않아요
맛있는 밥을 짓고 싶으신 분들께 추천드려요

잠실나루역 2번 출구나 개찰구 자동차는 장미전철상가 입구로 오세요 ",32000
밥솥,쿠쿠 밥솥,쿠쿠 압력밥솥 6인용,거래중,"60,000원",석촌동,2026-08-31,0,1,153,99℃,삐삐,생활가전,현관 문고리 거래 희망합니다.,"쿠쿠 CRP-P0620FDM 6인용 압력밥솥이에요
다이아몬드 코팅 내솥으로 밥맛을 살려줘요
다양한 메뉴와 자동 세척 기능까지 갖췄어요
매일 맛있는 밥을 짓고 싶은 분들께 추천드려요
외부는 깨끗하고 내솥은 사용감있지만 아직은 사용 가능합니다 
저렴하게 내놓아 가격 제안  안받습니다.
구매의사 있으신 분만 연락주세요.
물건에 하자 없으면 교환, 환불은 어려운 점 이해 부탁드려요~  
택배 가능합니다
현관 문고리 거래 희망합니다.
(파주 운정3동 한빛 도서관 근처 입니다)",60000
밥솥,쿠쿠 밥솥,쿠쿠밥솥 6인용 새상품,거래중,"230,000원",석촌동,2026-08-01,0,32,2801,69.9℃,피코다솜,생활/주방,,,230000
밥솥,쿠쿠 밥솥,쿠쿠 CRP-R068FS 압력밥솥,거래중,"40,000원",석촌동,2026-08-12,0,2,224,39.4℃,비타민,생활가전,,"쿠쿠 CRP-R068FS 압력밥솥이에요
1.08L 용량으로 밥맛을 살려주는 IH 압력밥솥이랍니다
에너지 소비효율 등급 1등급으로 전기료 부담도 덜어드려요
매일 맛있는 밥을 짓고 싶은 분들께 추천드려요.
밥잘지어지는 압력솥찾는다면 쿠쿠",40000
밥솥,쿠쿠 밥솥,쿠쿠 IH 트윈프레셔 마스터셰프 10인용 화이트 밥솥,거래중,"120,000원",석촌동,2026-08-29,0,5,585,44.4℃,잴루,생활가전,,,120000
밥솥,쿠쿠 밥솥,쿠쿠 스마트 IH 압력밥솥 6인용 BHXB0610FP 음성기능있어요,거래중,"40,000원",석촌동,2026-08-28,0,22,1458,99℃,유니유,생활가전,,,40000
밥솥,쿠쿠 밥솥,쿠쿠 밥솥 10인용 화이트,거래중,"139,000원",석촌동,2026-08-20,0,15,651,45.5℃,천사황,생활가전,,"깔끔한 화이트 색상의 쿠쿠 밥솥 10인용이에요
내솥과 구성품 모두 깨끗하게 보관되어 있어요
사진으로 확인해보세요
맛있는 밥을 지어줄 똑똑한 밥솥을 찾으시는 분들께 추천드려요.새상품 한번도 사용안햇어요.",139000
밥솥,쿠쿠 밥솥,쿠쿠밥솥(6인용) 송파,거래중,"41,000원",오금동,2026-06-02,2,7,531,43.2℃,민귀,생활가전,,"쿠쿠 6인용 hvb0680sr

구입한지는 9년정도됐고 내솥은 3년전인가 교체한번했습니다. 깨끗하게 사용했어요! 이사하면서 내놔요

반품불가x",41000
밥솥,쿠쿠 밥솥,쿠쿠 6인용 전기밥솥,거래중,"25,000원",석촌동,2026-08-31,0,3,62,45.2℃,꼴랑,생활가전,,"깔끔한 디자인의 쿠쿠 6인용 전기밥솥이에요
사진에서 보이는 것처럼 내부 상태도 깨끗하게 관리되었어요
밥솥은 역시 쿠쿠죠
혼자 사는 분이나 신혼부부에게 딱 맞는 사이즈랍니다 사진참고 하시고 중고특성상 교환환불은 정중히 거부합니다 ",25000
밥솥,쿠쿠 밥솥,쿠쿠 IH 압력밥솥 FHSO610FB 6인용,거래중,"50,000원",석촌동,2026-08-31,0,4,210,59.2℃,국내산흙당근,생활가전,,"쿠쿠 IH 압력밥솥 FHSO610FB 6인용이에요
에너지 세이버 기능으로 전기료 절약에도 도움을 줘요
풀 스테인리스 에코 내솥으로 위생적이고 편리하게 사용 가능해요
맛있는 밥을 짓고 싶으신 분들께 추천드려요",50000
밥솥,쿠쿠 밥솥,쿠쿠 IH압력밥솥 6인용 DHR0610FS부속품,거래중,"30,000원",신천동,2026-07-02,2,7,1270,65.2℃,겹벚꽃,생활가전,,"쿠쿠 IH압력밥솥 6인용 모델 DHR0610FS입니다
- 풀 스테인리스 2.0으로 제작되어 위생적입니다
- 에너지 소비 효율 1등급 제품입니다
- 밥맛이 좋고 찰지고 부드러운 밥을 지을 수 있습니다
부속품으로 판매합니다 
내솥×",30000
밥솥,쿠쿠 밥솥,쿠쿠6인용 밥솥,거래중,"160,000원",송파1동,2026-08-22,1,21,,,,,,,160000
밥솥,쿠쿠 밥솥,쿠쿠 6인용 전기보온밥솥 CR-0671V. 3회사용.깨끗함.,거래중,"30,000원",송파1동,2026-07-02,6,11,1056,54.5℃,쏭콩과의행복,생활가전,,,30000
밥솥,쿠쿠 밥솥,쿠쿠 스마트 IH 밥솥6인용,거래중,"110,000원",송파1동,2026-08-30,3,3,172,67.6℃,일출,생활가전,,"  쿠쿠 6인용 IH 압력밥솥  
  21년 6월제조, 22년 5월구입
  패킹 :보름전교체
  내솥:  에코 커브드' 내솥입니다.
 코팅 벗겨진 곳 없이 좋아요 (사진참고)
 위생 상태: 분리형 커버부터 내부 구석구석 세척하고 고온 스팀 소독까지  끝내놨습니다.
사진넘기면서. 자세히 확인 하세요


",110000
밥솥,쿠쿠 밥솥,쿠쿠 6인용 풀스텐레스 트윈프레셔 밥솥,거래중,"100,000원",송파1동,2026-08-25,4,33,940,67.9℃,가을가을,생활/주방,,"22년도구매
무압/고압 선택가능 
트윈프레셔라 밥맛 좋습니다. 

내솥 및 고무패킹 교체한지 얼마되지않아
상태 좋습니다. 
(내솥만 10만원대이고 패킹은 2만원대)
새상품은 아니니 예민하신 분은 패스해주세요. 
노리턴입니다.",100000
밥솥,쿠쿠 밥솥,쿠쿠 IH 압력밥솥 DHR0610FG 10인용,거래중,"60,000원",송파1동,2026-08-17,5,38,3998,43.5℃,유이쓰,생활가전,,"쿠쿠 IH 압력밥솥 DHR0610FG 10인용입니다

잠금은 되는데 인식이 안되어 매장 수리 혹은 자가수리 하셔서 사용하셔야 합니다. 유튜브에 영상 잘 나와있어요.",60000
밥솥,쿠쿠 밥솥,쿠쿠 IH 압력밥솥 10인용 HET1082SP,거래중,"35,000원",잠실2동,2026-04-03,6,9,741,46.7℃,낮달맞이,생활가전,직거래새내역,"깔끔한 디자인의 쿠쿠 IH 압력밥솥 10인용이에요
집정리로급정리 합니다
사진에서 보이는 것처럼 구성품은 밥솥 본체입니다
수리한번 하셔서 쓰시면 좋을것같아서 저렴히 드립니다
밥할때 밥이 조금 설익는것같아요
상태는 깨끗합니다
밥솥 까짐도없이  깨끗합니다
직거래새내역",35000
밥솥,쿠쿠 밥솥,쿠쿠 스마트 IH 밥솥 CHS1010FS,거래중,"130,000원",송파2동,2026-08-31,0,4,102,59.2℃,국내산흙당근,생활가전,,"쿠쿠 스마트 IH 밥솥 CHS1010FS 판매해요
다양한 요리 모드를 지원하는 스마트 IH 밥솥입니다
사진에서 보이는 것처럼 구성품은 본체입니다
맛있는 밥을 짓고 싶으신 분들께 추천드려요 내솥 구매한지 2달정도 되여 깨끗합니다 김샘없구요 내솥 가격보다 조금더 받고 판매합니다",130000
밥솥,쿠쿠 밥솥,(22년9월) 쿠쿠 CRP-ST1010FW 밥솥,거래중,"105,000원",송파2동,2026-08-20,1,22,,,,,,,105000
밥솥,쿠쿠 밥솥,쿠쿠 IH 압력밥솥 10인용 CRP-R108FB,거래중,"38,000원",송파2동,2026-08-27,2,10,968,41.3℃,흐르는강물,생활가전,,"쿠쿠 IH 압력밥솥 10인용 CRP-R108FB 판매해요
사진에 보이는 것처럼 에너지 효율 1등급 제품이에요
풀 스테인리스 내솥으로 위생적이고 밥맛도 좋아요
매일 맛있는 밥을 짓고 싶은 분들께 추천드려요
문자나  전화부탁드려요",38000
밥솥,쿠쿠 밥솥,쿠쿠 IH 압력밥솥 8인용 판매합니다,거래중,"48,000원",송파2동,2026-08-18,1,3,191,40℃,딴질,생활/주방,직거래 희망하며 궁금한 점 있으시면 편하게 연락 주세요.,"쿠쿠 IH 압력밥솥 8인용 판매합니다

* 모델명: CRP-HASXED82OFB
* 정상 작동합니다.
* 밥도 잘 되고 모든 기능 이상 없습니다.
* 사용감은 적고 전체적으로 깨끗한 편입니다.
* 옆면에 싱크대 아래로 떨어지면서 생긴 작은 스크래치가 있습니다. (사진 참고)
* 그 외에는 상태 양호하며 바로 사용 가능합니다.

신품 가격: 약 35만~45만 원대

판매 가격: 100,000원

직거래 희망하며 궁금한 점 있으시면 편하게 연락 주세요.",48000
밥솥,쿠쿠 밥솥,쿠쿠 IH 압력밥솥 10인용,거래중,"150,000원",위례동,2026-08-28,0,3,271,47.3℃,나무가다,생활가전,,"쿠쿠 IH 압력밥솥 10인용이에요
사진에서 보시는 것처럼 구성품은 밥솥 본체입니다
IH 압력 방식으로 맛있는 밥을 지을 수 있어요
매일 따뜻하고 맛있는 밥을 드시고 싶은 분들께 추천드려요",150000
밥솥,쿠쿠 밥솥,쿠쿠 스마트 IH 밥솥 JHP0610FG,거래중,"120,000원",송파동,2026-08-30,0,7,411,44.4℃,미소,생활가전,,"쿠쿠 스마트 IH 밥솥 JHP0610FG 모델이에요
IH 기술로 맛있는 밥을 지어준답니다
내솥과 뚜껑 분리형으로 세척도 간편해요 깨끗하고 상태좋아요.
고무패킹도 교체해놨어요.
사진 그대로이니 살펴보시고 구매해주세요.
매일 먹는 밥, 더욱 맛있게 즐기고 싶으신 분들께 추천드려요
중고거래상  반품 ×",120000
밥솥,쿠쿠 밥솥,쿠쿠 스마트 IH 밥솥 6인용,거래중,"140,000원",송파동,2026-08-24,0,28,478,48℃,라이프,생활가전,,"쿠쿠 스마트 IH 밥솥 6인용이에요
IH 기술로 맛있는 밥을 지을 수 있어요
내솥은 올스텐으로 되어있어 위생적이에요
에너지 소비효율 1등급으로 전기료 절약에도 좋아요
매일 맛있는 밥을 드시고 싶은 분들께 추천드려요",140000
밥솥,쿠쿠 밥솥,쿠쿠 스마트 IH 밥솥 CHS1010FW,거래중,"200,000원",송파동,2026-08-18,0,11,856,61.3℃,쿠스코,생활가전,,"쿠쿠 스마트 IH 밥솥 CHS1010FW 모델이에요
IH 기술로 빠르고 맛있는 밥을 지을 수 있어요
깔끔한 디자인으로 주방 어디에나 잘 어울려요
맛있는 밥을 짓고 싶으신 분들께 추천드려요
구입후 10회미만 사용후 보관 중
거의 명절때만 사용함   
깨끗하고 하자 없음",200000
밥솥,쿠쿠 밥솥,쿠쿠 IH 스마트 마스터셰프 압력밥솥 6인용,거래중,"150,000원",송파동,2026-08-15,3,22,2277,48.6℃,빠른쿨거래요먕,생활가전,,,150000
밥솥,쿠쿠 밥솥,쿠쿠 CRP-R0610FC 6인용 압력밥솥 블랙스톤,거래중,"70,000원",송파동,2026-08-30,0,0,131,45.2℃,아기아빠,생활가전,,,70000
밥솥,쿠쿠 밥솥,쿠쿠 레트로 IH 압력밥솥 6인용,거래중,"46,000원",송파동,2026-08-07,0,4,725,48.9℃,택배도가능합니다,생활가전,,"쿠쿠 IH 압력밥솥 CRP-HCB0615FW 모델이에요
6인용으로 넉넉하게 사용할 수 있어요
IH 압력 방식으로 맛있는 밥을 지을 수 있답니다
매일 따뜻하고 맛있는 밥을 드시고 싶은 분들께 추천드려요",46000
밥솥,쿠쿠 밥솥,쿠쿠 마스터셰프 사일런스 6인용 밥솥,거래중,"330,000원",잠실본동,2026-07-02,6,25,463,40.8℃,봉규,생활가전,,"깔끔한 디자인의 쿠쿠 마스터셰프 사일런스 6인용 밥솥이에요
CRP-PHFFTR0610FGW 
사진에서 보이는 것처럼 구성품 모두 잘 갖춰져 있어요
맛있는 밥을 짓고 싶으신 분들에게 추천드려요
미개봉 새제품입니다 ",330000
밥솥,쿠쿠 밥솥,쿠쿠 IH 압력밥솥 10인용,거래중,"50,000원",송파동,2026-08-30,0,11,335,46.3℃,홍냥홍냥,생활가전,,"쿠쿠 IH 압력밥솥 10인용
에너지 소비 효율 등급 1등급

작은밥솥으로 바꿔서 싸게 내놓습니다
생활기스외에 눈에띄는 하자없음 밥 잘지어집니다",50000
밥솥,쿠쿠 밥솥,쿠쿠 스마트 IH 밥솥 BHX-B0660FB 6인용,거래중,"40,000원",송파동,2026-08-25,1,6,2410,52.2℃,등대,생활가전,,,40000
밥솥,쿠쿠 밥솥,18년식쿠쿠 스마트 IH 밥솥 10인용,거래중,"130,000원",송파동,2026-08-13,0,5,494,99℃,돈불,생활가전,,"쿠쿠 스마트 IH 밥솥 6인용이에요
사진에서 보이는 것처럼 깔끔한 상태를 유지하고 있어요
IH 기술로 맛있는 밥을 지어준답니다
매일 따뜻하고 맛있는 밥을 드시고 싶은 분들께 추천드려요

✅️내솥상태좋아요 
엘이디 약간흐림 
작동은 판매시 동영상드린후 판매
✅️중고거래 특성상 거래 후 반품, 교환 환불 불가합니다 이점 유념",130000
밥솥,쿠쿠 밥솥,쿠쿠 CRP-R067FB 압력밥솥 6인용,거래중,"47,000원",잠실동,2026-05-03,1,6,393,38.8℃,스페이스,생활가전,직거래 원해요~^^,"쿠쿠 압력밥솥 CRP-R067FB 모델이에요
6인용으로 넉넉하게 사용할 수 있어요
사진에서 보이는 것처럼 깔끔하게 사용했어요
맛있는 밥을 짓고 싶으신 분들께 추천드려요
직거래 원해요~^^


중고거래 특성상 반품 환불 안됩니다",47000
밥솥,쿠쿠 밥솥,쿠쿠 IH 압력밥솥 JHR1010FC 10인용,거래중,"120,000원",송파동,2026-08-31,0,6,111,59.5℃,당근이지,생활가전,,"쿠쿠 스마트 IH 압력밥솥 10인용 모델이에요
사진에서 보시는 것처럼 깔끔한 디자인을 자랑합니다
다양한 요리 모드를 지원하여 활용도가 높아요
맛있는 밥을 짓고 싶으신 분들께 추천드려요
*고무패킹과 내솥상태가 깨끗하게 유지함.",120000
밥솥,쿠쿠 밥솥,쿠쿠 전기밥솥 CRP-BR065FB,거래중,"180,000원",송파동,2026-08-16,2,17,1159,71.2℃,짹팟,생활가전,,"새 상품 쿠쿠 전기밥솥 BR065FB 판매해요
6인용
풀 스테인리스 디자인으로 깔끔하고 고급스러워요
사진에서 보시는 것처럼 미개봉 새 상품입니다
주방에 세련됨을 더해줄 쿠쿠 전기밥솥
색상이 블랙이라서 집안. 인테리어 신경쓰시는분 참고해주세요 ",180000
밥솥,쿠쿠 밥솥,쿠쿠 CRP-PHFFTR0610FGW 6인용 밥솥,거래중,"330,000원",잠실본동,2026-05-03,10,28,556,40.8℃,봉규,생활가전,,"쿠쿠 CRP-PHFFTR0610FGW 6인용 밥솥이에요
깔끔한 디자인으로 주방 어디에나 잘 어울려요
다양한 요리를 할 수 있는 기능이 탑재되어 있어요
매일 맛있는 밥을 짓고 싶은 분들께 추천드려요
미개봉 새제품입니다.",330000
밥솥,쿠쿠 밥솥,쿠쿠 스마트 IH 밥솥 DHP0610FD 6인용,거래중,"115,000원",송파동,2026-08-31,0,1,26,42.8℃,복숭아,생활가전,,"쿠쿠 스마트 IH 밥솥 DHP0610FD 6인용입니다
IH 기술로 맛있는 밥을 지어드실 수 있어요
내솥은 에코 스테인리스로 되어있습니다
갓 지은 따뜻한 밥으로 든든한 한 끼를 즐겨보세요
고무패킹 교체한데 얼마안되여 밥맛 최상이예요 사진에세 보시다 싶이 내솥도 신품에가까우며 전반적으로 깨끗해요
반품 환불 사양할께요 ",115000
밥솥,쿠쿠 밥솥,쿠쿠 IH압력밥솥 6인용 DHR0610FS,거래중,"200,000원",송파2동,2026-07-02,1,6,272,45.9℃,풍로초,생활가전,,"쿠쿠 IH압력밥솥 6인용 DHR0610FS 모델이에요
사진에서 보시는 것처럼 깔끔한 디자인을 자랑해요
IH 압력 기술로 맛있는 밥을 지을 수 있답니다
가족 식사 준비에 딱 맞는 6인용 사이즈예요
뚜껑 스텐  분리형 세척가능  패킹 1달전 교체함
워낙 깔끔하게 사용해서 뒷부분 물받이도 매번 밥지을 때마다 씻어서 새것처럼 깔끔합니다
지금도 사용하고 있어요
내솥도 사용감은 있어도  스크레치는 없어요
집나간 식구들이 각각이 밥솥을 가지고 들어와 여러개가 되어 당근합니다
지금도 판매가 460000원대 올라오네요
",200000
밥솥,쿠쿠 밥솥,새패킹 21년식 쿠쿠 스마트 IH 밥솥 6인용,거래중,"150,000원",송파동,2026-08-01,0,10,938,99℃,돈불,생활가전,,,150000
밥솥,쿠쿠 밥솥,쿠쿠 밥솥 새상품,거래중,"190,000원",송파동,2026-08-26,0,41,5739,42.9℃,유자차에이드,생활가전,문고리 거래 가능,"쿠쿠 밥솥 PK0620BUG 새상품이에요
구성품 모두 포함되어 있으며, 사진에서 확인 가능해요
사진 찍으려고 개봉만 했어요!!

깔끔한 디자인으로 주방 어디에나 잘 어울려요
맛있는 밥을 짓고 싶으신 분들께 추천드려요

문고리 거래 가능
당근페이 가능
환불 불가!!",190000
밥솥,쿠쿠 밥솥,쿠쿠 스마트 IH 밥솥 CHP1010FD 10인용,거래중,"100,000원",송파동,2026-08-25,0,8,,,,,,,100000
밥솥,쿠쿠 밥솥,쿠쿠 HPF0688SH 레드 6인용 IH 압력밥솥,거래중,"45,000원",신천동,2026-08-31,0,2,26,66.4℃,네잎클로버의노래,생활가전,,,45000
밥솥,쿠쿠 밥솥,쿠쿠 밥솥 10인용,거래중,"21,000원",풍납동,2026-04-03,2,5,680,49.8℃,덥다,생활/주방,,"쿠쿠 밥솥 CRP-HUXF103SD (SMART IH) 모델 판매합니다.
전체적인 세월감 및  내솥에는 기즈가 있습니다. 중고거래 특성상 환불은 어려운점 양해 바랍니다.  밥은 잘되나  패킹 교환이 필요합니다
비대면 거래 선호 빠른거래 부탁드립니다.",21000
밥솥,쿠쿠 밥솥,쿠쿠 IH 스마트 밥솥 EHS0310FW 3인용,예약중,"70,000원",잠실동,2026-08-26,6,28,1151,59.3℃,새출발,생활가전,,"쿠쿠 IH 스마트 밥솥 EHS0310FW 3인용이에요
IH 스마트 기술로 맛있는 밥을 지을 수 있어요
내솥은 풀 스테인리스로 되어있어 위생적이에요
깔끔한 디자인으로 주방 어디에나 잘 어울려요
 밥. 맛있게 잘됩니다
잘 쓰던 밥솥인데 조금 큰 것으로 바꿀려구요  
상태는. 사진 그대로 깨끗합니다
교환 ×  환불 ×",70000
밥솥,쿠쿠 밥솥,[쿠쿠] 프리미엄 미니 IH 전기 압력밥솥 3인용 외 일괄,거래중,"180,000원",신천동,2026-08-31,1,7,119,46.3℃,공기청정기,생활가전,,,180000
밥솥,쿠쿠 밥솥,쿠쿠 10인용 압력밥솥 CRP-QS1010FG,거래중,"80,000원",신천동,2026-08-23,0,0,188,99℃,삐삐,생활가전,현관 문고리 거래 희망합니다.,"쿠쿠 10인용 압력밥솥 CRP-QS1010FG 판매해요
1.8L 용량으로 넉넉하게 사용 가능해요
본체 상태 깨끗하고 내솥은 사용감 있습니다 
맛있는 밥을 짓고 싶으신 분들께 추천드려요
저렴하게 내놓아 가격 제안  안받습니다.
구매의사 있으신 분만 연락주세요.
물건에 하자 없으면 교환, 환불은 어려운 점 이해 부탁드려요~  
현관 문고리 거래 희망합니다.
(파주 운정3동 한빛 도서관 근처 입니다)",80000
밥솥,쿠쿠 밥솥,쿠쿠 IH 압력밥솥 10인용 CRP-JHR1060FD,거래중,"130,000원",거여1동,2026-08-25,0,18,,,,,,,130000
밥솥,쿠쿠 밥솥,쿠쿠 트윈프레셔 마스터셰프 IH 10인용 밥솥,거래중,"220,000원",신천동,2026-08-19,0,11,867,99℃,무가비,생활/주방,,,220000
밥솥,쿠쿠 밥솥,쿠쿠 CRP-P1010FD (10인용) 압력밥솥,거래중,"70,000원",신천동,2026-08-11,0,7,1083,50.2℃,monster,생활가전,,"쿠쿠 압력밥솥 CRP-P1010FD 모델

한달 전에 
쿠쿠 해운대 서비스센터에서
고무패킹을  새 것으로 교체한 상태임

10인용

정상작동 제품이며
구매 후 취소, 반품은 안받아요
.
.",70000
밥솥,쿠쿠 밥솥,쿠쿠 IH 압력밥솥 CRP-HDG1060SI 10인용 송파,거래중,"10,000원",오금동,2026-08-01,1,4,128,41.7℃,검정머리앤,생활가전,,"쿠쿠 IH 압력밥솥 CRP-HDG1060SI 
10인용입니다.
전 구운계란이나 다른요리할때 썼어요.
뒷부분 물받이는 없어요.
전 밑에 쟁반하나 깔고 썼네요.",10000
밥솥,쿠쿠 밥솥,쿠쿠 10인용 압력밥솥 내솥,거래중,"13,000원",풍납동,2026-08-14,0,3,213,88.5℃,연결,생활가전,,"Xwall 10인용 압력밥솥 내솥이에요
사진에서 보이는 것처럼 사용감 있고 코팅 벗겨진 데가 조금 있지만 밥은 잘 돼요.
",13000
밥솥,쿠쿠 밥솥,쿠쿠 CRP-R108FS 10인용 압력밥솥,거래중,"30,000원",신천동,2026-08-30,1,4,109,41.4℃,제제,생활/주방,상계주공7단지 문고리거래 선호,"쿠쿠 CRP-R108FS 10인용 압력밥솥
백미.현미.잡곡.쾌속.고화력 등 다양한 기능
어제까지 밥 해먹었고 작동 잘됩니다.

상계주공7단지 문고리거래 선호",30000
밥솥,쿠쿠 밥솥,쿠쿠 압력밥솥 CRP-M1060SE,거래중,"100,000원",가락1동,2025-10-05,2,3,651,40.1℃,랄라네,생활가전,헬리오시티 306동,"쿠쿠 밥솥입니다.
8인분 가능합니다.",100000
밥솥,쿠쿠 밥솥,쿠쿠 CRP-P0620FDM 6인용 압력밥솥,거래중,"70,000원",신천동,2026-08-28,1,3,135,40.1℃,철거달인,생활가전,,"쿠쿠 압력밥솥 6인용 판매해요
CRP-P0620FDM 모델이고,
2024년 생산
 거의사용하지않아 깨끗해요 
사진에서 보시는 것처럼 구성품은 본체와 전원선입니다
밥맛을 살려주는 맛있는 밥을 원하시는 분들께 추천드려요",70000
밥솥,쿠쿠 밥솥,쿠쿠 IH압력밥솥 HSXT0610FB 6인용,거래중,"60,000원",신천동,2026-07-02,5,17,1626,40.3℃,소희,생활가전,,"쿠쿠 IH압력밥솥 HSXT0610FB 모델이에요
6인용으로 넉넉하게 사용할 수 있어요
사진에서 보이는 것처럼 내부도 깔끔하게 관리되었어요
맛있는 밥을 짓고 싶으신 분들께 추천드려요",60000
밥솥,쿠쿠 밥솥,쿠쿠전기밥솥 6인용,거래중,"90,000원",신천동,2026-08-23,0,1,419,45.8℃,바밀,기타 중고물품,,,90000
밥솥,쿠쿠 밥솥,쿠쿠 스마트 IH 압력밥솥 10인용,거래중,"75,000원",신천동,2026-08-31,0,8,203,59.5℃,당근이지,생활가전,,"쿠쿠 스마트 IH 압력밥솥 10인용이에요
스테인리스 내솥으로 위생적이고 편리하게 사용 가능해요
다양한 메뉴 설정으로 맛있는 밥을 지을 수 있어요
깔끔한 디자인으로 주방 어디에나 잘 어울려요
매일 맛있는 밥을 짓고 싶은 분들께 추천드려요",75000
밥솥,쿠쿠 밥솥,쿠쿠 IH 압력밥솥 10인용 HNXF1020FB,거래중,"45,000원",신천동,2026-08-31,0,4,167,57.7℃,샤넬,생활가전,,"쿠쿠 IH 압력밥솥 10인용 모델이에요
사진에서 보시는 것처럼 깔끔한 디자인을 자랑해요
IH 압력 방식으로 맛있는 밥을 지을 수 있답니다
밥솥 구매를 고민하고 계신다면 이 제품을 눈여겨보세요",45000
밥솥,쿠쿠 밥솥,쿠쿠 밥솥 HPXG0610FG,거래중,"10,000원",가락동,2025-11-04,6,7,985,71.4℃,쟈스민,생활가전,,"쿠쿠 밥솥 HPXG0610FG 모델입니다

생활 흔적  있습니다",10000
밥솥,쿠쿠 밥솥,쿠쿠 CRP-QS107FG 10인용 압력밥솥,거래중,"25,000원",오금동,2026-08-31,1,4,169,86.1℃,무무,생활가전,,"쿠쿠 압력밥솥 CRP-QS107FG 모델이에요
10인용으로 넉넉하게 사용할 수 있어요
모든게정상작동 하는데
곧 패킹을 교환하셔야합니다
",25000
밥솥,쿠쿠 밥솥,쿠쿠 6인용 IH 전기밥솥 DHP0610FD,예약중,"30,000원",가락동,2026-08-13,2,2,137,40.2℃,라라라,생활가전,문고리 거래 희망하고 직접 가져가주셔야해요!,"쿠쿠 6인용 IH 전기밥솥 DHP0610FD 판매해요
애기키우는 집이라 나름깨끗하게 사용했는데
중고인점 감안해주세요~
참고로 2년 전에 내솥도 교체했었어요!

문고리 거래 희망하고 직접 가져가주셔야해요!",30000
밥솥,쿠쿠 밥솥,쿠쿠 스마트 IH 밥솥 JHR0660FD 6인용,거래중,"140,000원",오금동,2026-08-13,1,22,805,53.5℃,jhk,생활가전,,"쿠쿠 스마트 IH 밥솥 JHR0660FD 6인용입니다
사진에서 보시는 것처럼 깔끔한 상태를 유지하고 있어요
IH 기술로 빠르고 맛있는 밥을 지을 수 있답니다
매일 맛있는 밥으로 든든한 식사를 하고 싶으신 분들께 추천드려요  Full  STAINLESS 4.0 입니다 무상보증 2년",140000
밥솥,쿠쿠 밥솥,쿠쿠 HZX-B0610FR 6인용 압력밥솥 레드 송파,거래중,"29,000원",오금동,2026-07-02,1,1,107,54.9℃,당근당근,생활가전,,"쿠쿠 압력밥솥 HZX-B0610FR 모델이에요
6인용. 

내솥 벗겨짐 있어요. 사진 확인 부탁드려요.

 자주 밥을 하지 않으시거나 밥이외 요리용으로 추천해요. 하지만 밥은 맛있어요.



가락동 167-7 bhc치킨^^  오전 10시부터 새벽1시까지 가능.  당근페이 가능.",29000
밥솥,쿠쿠 밥솥,쿠쿠 IH압력밥솥 10인용 블랙페블 2015,거래중,"55,000원",가락1동,2026-04-03,0,0,81,99℃,보석상자,생활가전,송파역 부근에서 직거래 합니다,"쿠쿠 IH압력밥솥 블랙페블 에디션 HYXB1060FR 모델입니다

- Xwall Black Shine 코팅으로 밥맛이 좋고 청결 유지가 용이합니다
- 10인용 밥솥입니다
바킹상태 상태좋고 밥 잘됩니다
내솥에 흠집이 있습니다 (사진 참고) 그 외에는 깨끗하게 사용했습니다

상태는 사진으로 대신합니다
송파역 부근에서 직거래 합니다
자차이용시 가락1동 주민센터 주차장입니다",55000
밥솥,쿠쿠 밥솥,쿠쿠 CRP-HUF1080SS IH 압력밥솥 10인용,거래중,"77,000원",오금동,2026-08-01,2,16,881,99℃,행복하세요,생활가전,,,77000
밥솥,쿠쿠 밥솥,쿠첸 & 쿠쿠 압력밥솥 송파,거래중,"20,000원",오금동,2025-08-31,3,6,1558,46.2℃,복숭아,생활가전,,"쿠첸이랑 쿠쿠 압력밥솥 팝니다~ 

두 제품 모두 사용감은 있지만, 아직 사용하는데 취사안데요고처서사용해야돼요개당2만",20000
밥솥,쿠쿠 밥솥,쿠쿠 IH 압력밥솥 HNXT1020FB 6인용,거래중,"40,000원",오금동,2026-08-24,0,12,723,99℃,genius,생활가전,,"쿠쿠 IH 압력밥솥 HNXT1020FB 6인용입니다
에너지소비효율 1등급으로 전기료 부담을 덜어드려요
다양한 요리 모드를 지원하여 활용도가 높아요
맛있는 밥을 짓고 싶으신 분들께 추천드려요
밥 맛있게 잘되고,음성 지원 되어
편리합니다.
",40000
밥솥,쿠쿠 밥솥,쿠쿠 3인용 밥솥 CR-0352FR 송파,거래중,"15,000원",삼전동,2026-01-03,3,12,724,87.6℃,핑바,생활가전,직거래ㅡ배명고앞,"쿠쿠 3인용 밥솥입니다
약간 사용감 있습니다
(사진 참고)
2인가정 또는 자취생
추천해요~^^

직거래ㅡ배명고앞 ",15000
밥솥,쿠쿠 밥솥,쿠쿠 CRP-P067FR 레드6인용 밥솥 8윌20일 고무패킹교체및 AS점검 완료,거래중,"54,000원",오금동,2026-08-20,1,10,501,59.8℃,온누리,생활가전,,,54000
밥솥,쿠쿠 밥솥,쿠쿠 6인용 압력밥솥 CRP-N0680SSM,거래중,"35,000원",오금동,2026-08-27,1,23,932,40.2℃,라라리사,생활가전,,"쿠쿠 6인용 압력밥솥 CRP-N0680SSM 판매해요
사진에 보이는 구성 그대로 드려요
내솥은 사용감이 있지만 잘 작동합니다.
깨끗하게 청소했습니다.

택배 O 환불 X",35000
밥솥,쿠쿠 밥솥,패킹새거로교채한쿠쿠 CRP-RT067FP 6인용 압력밥솥,거래중,"89,000원",오금동,2026-08-23,2,1,495,64.1℃,사랑,생활가전,,,89000
밥솥,쿠쿠 밥솥,쿠쿠 스마트 HI 압력밥솥 CRP-HQB0310FS,거래중,"80,000원",오금동,2026-08-29,0,4,109,40.4℃,낭닌구,생활가전,,,80000
밥솥,쿠쿠 밥솥,쿠쿠 10인용 압력밥솥 HWF1060FB 로즈골드,거래중,"87,000원",오금동,2026-08-31,0,0,64,38.4℃,행복한하루되세요,생활가전,,,87000
밥솥,쿠쿠 밥솥,쿠쿠 압럭밥솥 10인용파킹,거래중,"7,000원",풍납1동,2026-02-02,0,1,186,85.5℃,leeeeeeee,생활/주방,송파구 한가람로20길44 우리홈마트 오셔서 톡주세요 바로나갑니다,,7000
밥솥,쿠쿠 밥솥,새패킹 쿠쿠 스마트 IH 압력밥솥 10인용,거래중,"80,000원",오금동,2026-08-07,1,21,1263,99℃,돈불,생활가전,,"깔끔한 쿠쿠 스마트 IH 압력밥솥 10인용이에요

IH 기술로 빠르고 맛있는 밥을 지을 수 있답니다
매일 맛있는 밥을 짓고 싶은 분들께 추천드려요
✅️새패킹이고 ✅️내솥은약간에사용감있어요
작동은 판매시 동영상드림

✅️중고거래 특성상 거래 후 반품, 교환 환불 불가합니다 이점 유념",80000
밥솥,쿠쿠 밥솥,쿠쿠 전기보온밥솥 WHA-BT1010ID 1.8L 내솓만팔아요,거래중,"20,000원",오금동,2026-08-24,0,0,126,73.9℃,메너거래,생활가전,,,20000
밥솥,쿠쿠 밥솥,쿠쿠 SMART IH 6인용 전기압력밥솥,거래중,"40,000원",오금동,2026-08-01,2,9,2247,99℃,매화,생활가전,직거래만 가능해요~,"모델명 BHS0610FB
제조일자 2017.03.
작동잘됩니다.
내솥은 사용감 있습니다.
세척완료.

중고라서 물건에 큰 하자 없으면 교환, 환불은 어려운 점 이해 부탁드려요~
직거래만 가능해요~",40000
밥솥,쿠쿠 밥솥,쿠쿠 CRP-P0660FD 6인용 압력밥솥,거래중,"65,000원",오금동,2026-08-01,1,3,599,45.8℃,산이,,,"쿠쿠 압력밥솥 6인용입니다
사진에서 보시는 것처럼 깔끔한 상태를 유지하고 있어요
맛있는 밥을 지어줄 똑똑한 밥솥을 찾으신다면 이 제품을 눈여겨봐주세요
매일 먹는 밥, 이제는 쿠쿠 압력밥솥으로 더욱 맛있게 즐겨보세요",65000
밥솥,쿠쿠 밥솥,쿠쿠 스마트 IH 밥솥 FHS1010FD 6인용,거래중,"95,000원",오금동,2026-08-29,0,14,281,66.2℃,이사를합시다,생활가전,,"쿠쿠 10인용 2기압 전기밥솥 FHS1010FD 모델입니다.
윤기, 찰기, 보온, 모든 면에서 뛰어난 밥맛을 자랑합니다.
전체적으로 깨끗하고,밥 잘됩니다.

압력밭솥으로 바꾸고 
2년정도 혹시 몰라서 보관만 하고 있었습니다

쿠쿠전자 CRP-FHS1010FD /IH압력밥솥/10인용/
스테인리스내솥/Xwall블랙샤인코팅/에어버블/
풀스테인리스커버/패킹워시/
분리형커버/2기압취사/
맞춤보온/백미쾌속/잡곡쾌속/
음성안내/다이렉트터치/
자동세척/에너지아이/
대기전력차단스위치/
소비전력:1455W/
무게:9.5kg/LED디스플레이 / 크기(가로x세로x깊이): 310x291x422mm/


그래도 중고이다보니, 예민하신분 패스요
구매후 반품 및 환불 불가하오니, 신중하게 연락주세요!",95000
밥솥,쿠쿠 밥솥,쿠쿠 스마트 IH 6인용 전기압력밥솥,거래중,"38,000원",오금동,2026-08-01,2,23,2940,99℃,매화,생활가전,직거래만 가능해요~,"모델명 BHXB0610FS
제조일자 2013.11.
작동잘됩니다.
세척완료.

중고라서 물건에 큰 하자 없으면 교환, 환불은 어려운 점 이해 부탁드려요~
직거래만 가능해요~",38000
밥솥,쿠쿠 밥솥,쿠쿠 IH압력밥솥 DHB0660FE 로즈골드,예약중,"30,000원",방이1동,2026-05-03,11,21,2804,47.8℃,냐오옹,생활가전,,"쿠쿠 IH압력밥솥 DHB0660FE 로즈골드 색상이에요
6인용으로 넉넉하게 사용할 수 있답니다
에너지소비효율 1등급으로 전기료 부담도 덜어드려요
맛있는 밥을 짓고 싶으신 분들께 추천드려요",30000
밥솥,쿠쿠 밥솥,쿠쿠압력밥솥 6인용 트윈프레셔 기능,거래중,"70,000원",오금동,2026-08-01,1,21,2263,72.1℃,가득,생활가전,현금 직거래. 당근페이만 가능,"쿠쿠6인용 crp-rt067fp  트윈프레셔 (무압.고압)테두리 로즈 골드
새상품아니니 예민하신분은 연락❌
제품상태 사진확인해주세요.  


🛑 구매 결정만 답함. 상품 있음🛑

🥕 거래시 참고 (은행계좌거래 ❌)
 -  상품 설명과 사진 확인 필수
-  담아갈 가방 꼭 가져오세요.
-  일괄 구매 및 선입금자 우선 
-  현금 직거래. 당근페이만 가능
-  비매너 신고( 구매 의사 없는 대화
가격 흥정)
- 택배 요청시 손상 책임지지 않음.
- 반품 환불 X .예민한분 구매 X

🤷거래 장소 : 미사역 인근",70000
밥솥,쿠쿠 밥솥,쿠쿠 스마트 IH 밥솥 FHR1010FG 10인용 로즈골드,거래중,"110,000원",오금동,2026-08-23,0,10,888,42.1℃,신비,생활가전,,,110000
밥솥,쿠쿠 밥솥,새상품 쿠쿠정품 밥솥주걱 쌀계량컵 트레이 수세미 일괄,거래중,"4,000원",잠실본동,2025-08-31,2,2,29,67.3℃,forest,생활/주방,청량리부근 직거래 및 택배거래 가능합니다.,"밥솥주걱 쌀계량컵 트레이 수세미 일괄

청량리부근 직거래 및 택배거래 가능합니다.

*반값택배 (GS25 선불 2000원)가능
*일반택배 (선불 3800원) 가능
*중고거래이니 환불 교환 불가입니다.
*예약보단 선착순 판매 선호합니다.
*물건에 따라 반값택배는 부피 무게가 크면 접수가 안되서 일반택배로만 접수가능합니다.",4000
밥솥,쿠쿠 밥솥,쿠쿠 트윈프레셔 6인용 압력밥솥 CRP-ST0610FC,거래중,"70,000원",가락1동,2026-06-02,0,5,153,99℃,보석상자,생활가전,송파역 부근에서 직거래 합니다,"쿠쿠 트윈프레셔 6인용 밥솥 CRP-ST0610FC 판매해요
상태나 사용감등은 사진으로 대신합니다
다양한 취사 모드를 지원하여 맛있는 밥을 지을 수 있어요
음성 안내방송 하고,빕 잘 됩니다
내솥 상 태도 좋습니다
송파역 부근에서 직거래 합니다
자차이용시 가락1동 주민센터 주차장입니다",70000
밥솥,쿠쿠 밥솥,쿠쿠 6인용 밥솥 CR-0632FV 핑크,거래중,"60,000원",오금동,2026-08-30,0,0,40,41.5℃,제주마중물,생활가전,,"쿠쿠 6인용 밥솥 모델CR-0632FV입니다
사진에서 보시는 것처럼 깔끔한 핑크 색상이에요
내솥과 뚜껑 분리형으로 세척이 편리해요
맛있는 밥을 지어줄 쿠쿠 밥솥으로 매일 든든한 식사 하세요
구매후 몇번 사용않음
상태 최상 90%이상
외부,내부상태, 내솥 최상양호,기능정상",60000
밥솥,쿠쿠 밥솥,쿠쿠 3인용 IH압력밥솥 CRP-EHS0320FS,거래중,"140,000원",오금동,2026-07-02,0,27,863,53.9℃,은하수,생활가전,,,140000
밥솥,쿠쿠 밥솥,쿠쿠 스마트 IH 압력밥솥 6인용,거래중,"80,000원",가락1동,2026-05-03,1,5,571,99℃,보석상자,생활가전,송파역 부근에서 직거래 합니다,"쿠쿠 IH 압력밥솥 6인용 JHR0610FB 커브드 판매해요.
상태나사용감은 사진참고
스마트 IH 기능이 있고 에너지 세이버 기능도 있어요.음성방송 안내.
내솥은 블랙샤인 코팅이고 커브드 제품이에요.밥 잘됩니다.
제조년월은 16년 12월이에요
송파역 부근에서 직거래 합니다
자차이용시 가락1동 주민센터 주차장입니다",80000
밥솥,쿠쿠 밥솥,쿠쿠 밥솥 CR-0365FR 3인용밥솥,거래중,"24,000원",오금동,2026-07-02,1,4,168,38.5℃,씨에루,생활가전,,"내솥 코팅 벗겨짐 없이 깨끗하게 사용했어요
밥맛을 살려주는 압력 기능으로 맛있는 밥을 지을 수 있답니다
매일 먹는 밥, 이 밥솥으로 맛있게 지어보세요",24000
밥솥,쿠쿠 밥솥,쿠쿠 6인분용 전기압력밥솥,거래중,"70,000원",오금동,2026-08-01,4,39,4367,58.2℃,효잠,생활가전,,"쿠쿠 Full Stainless 분리형커버 CRP-R069FP 6인분용 열판가열방식 전기압력밥솥입니다 

사진처럼 깨끗하고 컨디션 매우 좋고 맛있는 밥 잘 짓습니다.
중요한 내솥은 블랙코팅 고급내솥으로 내부 코팅상태는 사진처럼 매우 깨끗합니다. 
다만 눈금이 없어서 물조절은 감으로 하셔야 합니다.
현재 온라인 몰에서 약 24만원대에 판매중인 모델입니다 
https://prod.danawa.com/info/?pcode=6357172

음성기능이 있어 밥짓기가 편리합니다.
현재 패킹상태 양호하며 김이새거나 증기누설 전혀 없으며 밥 잘 짓습니다.
판매전 내부 완전분해하여 세제청소후 점검하고 조립한 상태입니다.
거래후 한동안 쓰시다가 옆구리에서 김이새거나 밥맛이 없어지면 쿠쿠서비스센타에서 알맞은 패킹만 하나 사셔서 교환하시면 새밥솥처럼 맛있는 밥을 지을 수 있습니다.
사천읍 정의리에 있는 종합운동장 주차장에서 거래합니다
거래현장에서  판단 가능합니다 그리고 거래후 3일정도 밥지어 보시고 설명과 다를 경우 깔끔하게 반품 받습니다",70000
밥솥,쿠쿠 밥솥,쿠쿠 IH 스마트 압력밥솥 EHS0320FW3인용,거래중,"110,000원",오금동,2026-08-30,1,14,468,65.8℃,물고기자리,생활/주방,,,110000
밥솥,쿠쿠 밥솥,쿠쿠 6인용 밥솥 CR-0651FR 레드,거래중,"5,000원",오금동,2026-08-28,1,4,745,40.5℃,루비,생활가전,,"깔끔한 쿠쿠 6인용 밥솥 CR-0651FR 레드 색상이에요
사진에서 보이는 것처럼 구성품은 본체입니다
새 제품 가격은 10만원대입니다
매일 맛있는 밥을 짓고 싶은 분들에게 추천드려요
내솥만 따로구매하심될꺼같아요",5000
밥솥,쿠쿠 밥솥,쿠쿠 6인용 IH압력밥솥,거래중,"160,000원",오금동,2026-08-20,0,5,490,48.1℃,희생,생활가전,직거래 더샵 3단지,"쿠쿠 6인용 IH압력밥솥 CRP-DHP0610FD 제품입니다 2년 전에 새제품 구매해서 3개월 정도 사용하다가 밥 해먹기 귀찮아서.. 판매합니다 상태 양호합니다
직거래 더샵 3단지
판매가 17만원 네고x
",160000
밥솥,쿠쿠 밥솥,쿠쿠 IH 10인용 밥솥 HLF1060SR,거래중,"45,000원",오금동,2026-08-31,0,0,52,89.4℃,미소사랑,,,"쿠쿠 IH 10인용 밥솥 HLF1060SR이에요
IH 열방식으로 맛있는 밥을 지을 수 있어요
내솥은 웨얼 다이아몬드 코팅으로 눌어붙지 않아요 내솥 깨끗하고 밥맛있게 잘됩니다 
10인용으로 넉넉하게 사용할 수 있답니다
온 가족이 함께 먹기 좋은 밥솥이에요 필요하신분 톡주세요  ^_^",45000
밥솥,쿠쿠 밥솥,쿠쿠 전기압력밥솥 10인용,거래중,"170,000원",오금동,2026-08-29,0,9,149,46.7℃,빵삐용,생활가전,,"쿠쿠 CRP-ST1010FGI 전기압력밥솥 10인용
아이보리 색상입니다.
선물 받고 3번 정도 사용하고 집에서 밥을 안먹고 사용 안해서 내놓아요! 깨끗합니다.
원가 35만원이네요",170000
밥솥,쿠쿠 밥솥,쿠쿠 IH 압력 밥솥 CRP-P0660FD 6인용 블랙,거래중,"50,000원",오금동,2026-08-01,9,20,523,36.8℃,혜바라기,생활가전,,,50000
밥솥,쿠쿠 밥솥,❤️쿠쿠 6인용 IH전기압력밥솥 CRP-FHXB0610FD 판매합니다❤️,거래중,"170,000원",오금동,2026-08-10,2,11,170,41.9℃,김또깡,생활/주방,,,170000
밥솥,쿠쿠 밥솥,쿠쿠 10인용 IH밥솥 HLXF108SR,거래중,"25,000원",오금동,2026-08-31,0,1,59,99℃,아임화인,생활/주방,,"쿠쿠 10인용 IH 밥솥입니다. 타이탄 레드와 화이트 컬러 배합이 특징인 클래식한 디자인의 모델로, 강력한 IH(유도가열) 압력 방식을 사용하여 맛있는 밥을 지어줍니다.

내솥에 사용감 있습니다.
사진 봐 주세요.
패킹기능 이상 없습니다

용량: 10인용으로 대가족이나 넉넉한 양의 밥을 지을 때 적합합니다.

취사 방식: IH 압력 취사 방식을 채택하여 내솥 전체에 열이 골고루 전달되어 밥맛이 차집니다.

주요 기능: 전면부 디스플레이를 통해  백미쾌속, 잡곡, 현미발아, 누룽지, 영양죽, 만능찜 등 다양한 요리 메뉴를 선택할 수 있으며 자동세척 기능도 지원합니다

쿠쿠전자 CRP-HLXF108SR/IH압력밥솥/10인용/블랙코팅/분리형커버/백미쾌속/자동세척/소비전력: 1,400W/
무게: 7.2kg/
크기:40cm x 29.8cm x 29cm",25000
밥솥,쿠쿠 밥솥,쿠쿠 10인용 전기밥솥 (압력아님),거래중,"20,000원",오금동,2026-08-25,1,5,1062,46.6℃,어여쁜마마,생활/주방,,"안녕하세요, 쿠쿠 10인용 전기밥솥이에요
전기밥솥이며 압력밥솥이 아닙니다
밥솥 내부와 뚜껑의 모습도 사진으로 확인해주세요",20000
밥솥,쿠쿠 밥솥,쿠쿠 3인용 IH압력밥솥 CRP-HQB0310FS,거래중,"90,000원",오금동,2026-08-21,2,19,596,54.8℃,아기토마토,생활가전,,,90000
밥솥,쿠쿠 밥솥,쿠쿠 스마트 IH 압력밥솥 AHXB1060FD 10인용,거래중,"50,000원",오륜동,2026-08-18,0,24,3592,88.2℃,행복하세요,생활가전,,,50000
밥솥,쿠쿠 밥솥,쿠쿠 3인용 밥솥 CR-0352FR 레드,거래중,"20,000원",오륜동,2026-08-31,0,0,55,80.3℃,민들레,생활가전,,"쿠쿠 3인용 밥솥 CR-0352FR 레드 색상이에요
사진에서 보시는 것처럼 깔끔한 상태를 유지하고 있어요
3인 가족에게 딱 맞는 용량으로 매일 맛있는 밥을 지을 수 있답니다
밥솥 하나로 매일매일 갓 지은 듯한 따뜻한 밥을 즐겨보세요",20000
밥솥,쿠쿠 밥솥,쿠쿠 IH 압력밥솥 6인용 CRP-HZXB0660FB,거래중,"38,000원",오륜동,2026-03-04,6,8,2070,57.6℃,미투,생활가전,,,38000
밥솥,쿠쿠 밥솥,쿠쿠압력밥솥 6인용 2018년식,거래중,"40,000원",오륜동,2026-08-31,0,0,96,55.5℃,엔지니어,생활가전,,"내솥도 비교적 깨끗합니다 
전체적으로 깨끗하게 청소해놨어요 
바로 사용가능합니다 

■■■택배 배송가능■■■
아래에 있는 바로구매 로 결제
부탁드립니다.
포장 후 안전하게 발송 하겠습니다.
감사합니다.",40000
밥솥,쿠쿠 밥솥,쿠쿠 음성지원 IH 압럭밥솥 10인용,거래중,"75,000원",오륜동,2026-07-02,2,8,301,74.9℃,마시멜로,생활가전,직거래.택배거래 가능해요,"쿠쿠 음성지원 IH 압럭밥솥 10인용이예요
새것같진 않지만 작동이상없이 잘되고
양호한편이에요
내솥겉면은 금색이고 내부도 금색계통이에요
음성지원되어서 편해요
직거래.택배거래 가능해요",75000
밥솥,쿠쿠 밥솥,새패킹 쿠쿠 10인용 압력밥솥,거래중,"70,000원",오륜동,2026-08-01,1,6,312,99℃,돈불,생활가전,바로구매시 직거래시 작동은 동영상드린후 판매해요,"쿠쿠 압력밥솥 CRP-P0610FD 모델이에요
10인용으로 넉넉하게 사용할 수 있답니다
깔끔한 디자인으로 주방 어디에 두어도 잘 어울려요
맛있는 밥을 짓고 싶으신 분들께 추천드려요
✅️새패킹 내솥좋고  밥솥왜관도좋아요
바로구매시 직거래시 작동은 동영상드린후 판매해요

✅️중고거래 특성상 거래 후 반품, 교환 환불 불가합니다 이점 유념",70000
밥솥,쿠쿠 밥솥,쿠쿠 6인용 전기 압력 밥솥,거래중,"80,000원",위례동,2026-08-31,1,4,84,91.4℃,토끼,생활가전,,"작동 잘 됩니다
22년 4월 생산입니다 

사용감은 사진 확인바랍니다 
중고라서  반품 환불 되지 않는점 이해바랍니다 감사합니다",80000
밥솥,쿠쿠 밥솥,쿠쿠 IH 압력밥솥 GHR-1010FD 10인용,거래중,"90,000원",위례동,2026-08-23,1,20,663,55.9℃,파송송계란탁,생활가전,,"쿠쿠 IH 압력밥솥 GHR-1010FD 모델이에요
10인용으로 넉넉하게 사용할 수 있어요
사진에서 보시는 것처럼 깔끔하게 사용했어요
맛있는 밥을 짓고 싶으신 분들께 추천드려요",90000
밥솥,쿠쿠 밥솥,쿠쿠 스마트 IH 밥솥 CHP1010FD 10인용,거래중,"105,000원",위례동,2026-08-11,0,12,840,75.1℃,나올심더,생활가전,,,105000
밥솥,쿠쿠 밥솥,쿠쿠 IH 전기압력밥솥 CHRN1010FD,거래중,"110,000원",위례동,2026-08-01,1,7,1142,45.8℃,산이,생활가전,,"서비스센터 다녀왔어요
IH 전기압력밥솥 CHRN1010FD 판매해요
10인용으로 넉넉하게 사용할 수 있어요
풀스테인리스 내솥으로 위생적이고 관리가 편해요
다양한 요리가 가능한 스마트 IH 기능이 탑재되어 있어요
맛있는 밥을 짓고 싶으신 분들께 추천드려요",110000
밥솥,쿠쿠 밥솥,쿠쿠 6인용crp p0660fd 압력밥솥.고화력취사.음성안내.1등급.새패킹포함,거래중,"90,000원",위례동,2026-08-30,0,3,84,99℃,미쉘,,,,90000
밥솥,쿠쿠 밥솥,쿠쿠 IH 압력밥솥 HZXB0660FR 레드 6인용,거래중,"55,000원",위례동,2026-08-30,1,2,185,88.7℃,호랑이할배,생활가전,,,55000
밥솥,쿠쿠 밥솥,쿠쿠트윈프래이셔 6인용 압력밥솥 JHTS0660FS,거래중,"120,000원",위례동,2026-06-02,2,47,1374,45℃,참살이,생활/주방,,,120000
밥솥,쿠쿠 밥솥,(새상품)쿠쿠 10인용 IH 압력밥솥 KHTS1070FS,거래중,"270,000원",위례동,2026-08-14,5,73,2372,51℃,해피765,생활/주방,,,270000
밥솥,쿠쿠 밥솥,쿠쿠 CRP-P107FR 압력밥솥 레드,거래중,"23,000원",위례동,2026-08-28,0,3,637,99℃,거부기사랑,생활가전,,"쿠쿠 압력밥솥 CRP-P107FR 모델이에요
10인용으로 넉넉하게 사용할 수 있어요
다양한 요리 모드가 있어서 활용도가 높아요
맛있는 밥을 짓고 싶으신 분들께 추천드려요",23000
밥솥,쿠쿠 밥솥,쿠쿠 IH 압력밥솥 CRP-HXKS1010FB 10인용,거래중,"60,000원",위례동,2026-08-02,0,1,427,75.2℃,새가날다,생활가전,,,60000
밥솥,쿠쿠 밥솥,쿠쿠 스마트 IH 압력밥솥 JHTR1010FD 10인용 (현대백화점 구매),거래중,"200,000원",위례동,2026-08-27,2,5,306,65.1℃,바람,생활가전,,,200000
밥솥,쿠쿠 밥솥,쿠쿠 압력밥솥 6인용 블랙,거래중,"30,000원",위례동,2026-08-01,2,2,1610,44.7℃,히히동,생활가전,,"깔끔한 디자인의 쿠쿠 압력밥솥 6인용이에요
사진에서 보이는 것처럼 구성품은 본체만 있어요
밥맛을 살려주는 맛있는 밥을 지어드실 수 있어요
매일 따뜻하고 맛있는 밥을 드시고 싶은 분들께 추천드려요 
내솥 교체해서 쓰실분
사용감 많음",30000
밥솥,쿠쿠 밥솥,쿠쿠10인용 IH 압력밥솥 HYXB1060FR 레드,거래중,"63,000원",위례동,2026-08-21,1,3,226,64.1℃,사랑,생활가전,,,63000
밥솥,쿠쿠 밥솥,"쿠쿠 6인용, 10인용 전기압력밥솥 미개봉 새상품",거래중,"180,000원",위례동,2026-08-10,4,36,1798,38.6℃,피식당근,생활가전,,,180000
밥솥,쿠쿠 밥솥,쿠쿠 IH 스마트 압력밥솥 10인용,거래중,"157,000원",위례동,2026-08-28,0,4,,,,,,,157000
밥솥,쿠쿠 밥솥,쿠쿠 IH 압력밥솥 FHR1010FG 10인용 로즈골드,거래중,"140,000원",위례동,2026-08-02,7,57,1755,45℃,참살이,생활가전,,,140000
밥솥,쿠쿠 밥솥,쿠쿠 IH 압력밥솥 DHB0660FD 6인용,거래중,"111,000원",위례동,2026-08-01,0,13,1011,54.7℃,runthedragon,생활가전,,"쿠쿠 IH 압력밥솥 6인용 모델이에요
사진에서 보이는 것처럼 깔끔하게 사용했어요
다양한 요리 모드로 맛있는 밥을 지을 수 있답니다
매일 따뜻하고 맛있는 밥을 드시고 싶은 분들께 추천드려요

아무 문제없이 사용하던 제품인데, 최근에 신형제품 행사로 당첨이되어 판매합니다.",111000
밥솥,쿠쿠 밥솥,쿠쿠 CRP-P104FB 압력밥솥,거래중,"71,900원",위례동,2026-08-01,5,18,956,66.9℃,큰박,생활가전,,"쿠쿠 압력밥솥 CRP-P104FB 모델이에요
10 인용으로 넉넉하게 사용할 수 있어요
깔끔한 디자인으로 주방 어디에나 잘 어울려요  23.11월
매일 맛있는 밥을 지어줄 똑똑한 밥솥이랍니다",71900
밥솥,쿠쿠 밥솥,쿠쿠 CRP-P0620FDM 6인용 압력밥솥,거래중,"120,000원",위례동,2026-08-05,1,4,287,37.5℃,군밤,생활가전,,"쿠쿠 압력밥솥 CRP-P0620FDM 모델이에요
6인용으로 넉넉하게 사용할 수 있답니다
에너지소비효율등급 1등급으로 전기세 절약에도 좋아요
맛있는 밥 지어줄 쿠쿠 밥솥으로 주방을 업그레이드해보세요

올해 2월에 구입했고 실사용 10번내외 했습니다. 
쿠팡 가격 19만원",120000
밥솥,쿠쿠 밥솥,쿠쿠 트윈프레셔 마스터셰프 IH 6인용 밥솥. 새상품.,거래중,"300,000원",위례동,2026-08-27,0,11,421,70.1℃,닉퓨리,생활/주방,,,300000
밥솥,쿠쿠 밥솥,쿠쿠 CRP-P107FR 10인용 압력밥솥 레드,거래중,"50,000원",위례동,2026-08-21,0,3,351,50.4℃,무릉도원,생활가전,,,50000
밥솥,쿠쿠 밥솥,쿠쿠 6인용 전기압력밥솥,거래중,"50,000원",위례동,2026-08-15,1,2,1237,51.9℃,봄바,생활가전,,"쿠쿠 6인용 전기압력밥솥 입니다.
내솥 바닥 벗겨짐있습니다.(사진)
밥은 잘되고, 내부 압력고무패킹도 얼마전 새것으로 교체했어요.
성능은 이상없습니다.",50000
밥솥,쿠쿠 밥솥,쿠쿠 IH 압력밥솥 6인용 JHT0610FS,거래중,"200,000원",위례동,2026-08-21,0,14,294,60.1℃,892750,생활가전,,"쿠쿠 IH 압력밥솥 6인용 JHT0610FS 모델이에요
풀 스테인리스 마스터 제품으로 위생적이고 깔끔하게 사용 가능해요
다양한 요리 모드와 스마트 IH 기능으로 맛있는 밥을 지을 수 있답니다
아이 자취한다고 올초에구입했는데 군에입대하서
판매합니다 몆번사용안한제품입니다",200000
밥솥,쿠쿠 밥솥,쿠쿠 스마트 IH 6인용 밥솥 (음성인식),거래중,"50,000원",위례동,2026-09-01,1,1,20,99℃,엑설런트기프트페미리,,,"쿠쿠 스마트 IH 6인용 밥솥 DHP0610FD 판매해요
사진에서 보시는 것처럼 깔끔하게 사용했고 내솥상태도 좋아요
구매후 1년정도 1주일에2~3회 사용하고 보관했는데 지금 해보니
●밥은 되는데 찰진느깜이 덜해요
 아마 4분 남겨놓고  증기배출이 안 되서 그런것 같 아요 ●
고려해 저렴히 올립니다 
환불×




",50000
밥솥,쿠쿠 밥솥,쿠쿠 CRP-P0660FD 6인용 압력밥솥,거래중,"30,000원",위례동,2026-09-01,0,1,19,50.4℃,무릉도원,생활가전,,"쿠쿠 CRP-P0660FD 6인용 압력밥솥이에요
사진에서 보이는 것처럼 밥솥 본체와 내솥이 구성품이에요
에너지 소비효율 1등급 제품으로 전기료 절약에도 좋아요
맛있는 밥을 짓고 싶으신 분들께 추천드려요.필요하신분 연락주세요 중고특성상 환불 반품은않되요 ",30000
밥솥,쿠쿠 밥솥,쿠쿠 스마트 IH 밥솥 6인용 DHXBO610FS,거래중,"100,000원",위례동,2026-09-01,0,0,26,99℃,카페리스명인설렁탕,생활가전,,,100000
밥솥,쿠쿠 밥솥,쿠쿠 스마트IH 압력밥솥 10인용,거래중,"70,000원",위례동,2026-09-01,0,0,7,44℃,홍당무,생활가전,,"내관 깨끗하고 패킹 교체한지 얼마안되서 압력상태좋고 추팍팍돌고 밥잘됩니다 음성지원 2019년구매 서비스센터에서 점검다받았습니다 


중고거래특성상 반품,환불 안됩니다 ",70000
밥솥,쿠쿠 밥솥,쿠쿠 CRP-R067FS 압력밥솥 6인용,거래중,"20,000원",잠실본동,2026-08-31,1,6,208,40℃,좋은하루,생활가전,,"깔끔한 디자인의 쿠쿠 압력밥솥 6인용 CRP-R067FS 모델이에요
사진에서 보이는 것처럼 구성품 모두 잘 갖춰져 있어요
밥맛을 살려주는 IH 압력 방식으로 맛있는 밥을 지을 수 있답니다
요즘처럼 집밥이 중요할 때, 맛있는 밥으로 든든한 한 끼 챙겨보세요",20000
밥솥,쿠쿠 밥솥,쿠쿠 IH 압력밥솥 HSXT0610FB 6인용,거래중,"50,000원",위례동,2026-09-01,0,1,44,44.8℃,가마섬,생활가전,,"쿠쿠 IH 압력밥솥 HSXT0610FB 모델이에요
6인용으로 넉넉하게 사용할 수 있어요
IH 압력 방식으로 맛있는 밥을 지어준답니다
매일 따뜻하고 맛있는 밥을 드시고 싶은 분들께 추천드려요",50000
밥솥,쿠쿠 밥솥,쿠쿠 IH압력밥솥 BHX-B0660FD 6인용 블랙,거래중,"40,000원",잠실2동,2026-08-30,1,4,75,40.2℃,개캐니,생활가전,,"쿠쿠 IH압력밥솥 BHX-B0660FD 6인용 블랙이에요
사진에서 보이는 것처럼 깔끔한 상태를 유지하고 있어요
IH 압력 기술로 맛있는 밥을 지을 수 있답니다
구매한지는 꽤 되었지만 사용은 많이 하진않았습니다. 
내부솥에 흠집이 있으나 기능상의 문제는 전혀 없습니다. 
다른 제품을 쓰게되어서 잘 안쓰게되어 내놓습니다. ",40000
밥솥,쿠쿠 밥솥,쿠쿠 6인용 밥솥 CR-0632FV,거래중,"25,000원",위례동,2026-09-01,0,3,23,99℃,자몽,생활가전,,"쿠쿠 6인용 전기밥솥 CR-0632FV 모델이에요
제조년월 2014.2
김새는곳 없고 정상작동 잘 됩니다
전체적으로 깨끗해요
사용감은 사진 확대해서 잘 보시고
구매결정하시면 됩니다",25000
밥솥,쿠쿠 밥솥,(맛있는밥) 쿠쿠 6인용 밥솥 CR-0632FV 핑크,거래중,"23,000원",위례동,2026-08-29,1,6,287,60.3℃,모당,생활가전,,,23000
밥솥,쿠쿠 밥솥,쿠쿠 트윈프레셔 밥솥 CRP-ST0610FG 6인용,거래중,"90,000원",위례동,2026-08-31,0,16,306,99℃,당근마마,생활가전,,,90000
밥솥,쿠쿠 밥솥,쿠쿠 IH 압력밥솥 CRP-BCHF107FW 화이트 10인용,거래중,"240,000원",잠실4동,2026-07-03,2,9,354,39.2℃,세렝게티,생활가전,,"쿠쿠 IH 압력밥솥 CRP-BCHF107FW 화이트 색상 10인용 제품이에요
박스 개봉만 한 새 상품으로 구성품 모두 그대로 있어요
사진에서 보시는 것처럼 깔끔한 디자인이 돋보여요
맛있는 밥을 짓고 싶으신 분들께 추천드려요",240000
밥솥,쿠쿠 밥솥,쿠쿠 CRP-M110FD 10인용 압력밥솥,거래중,"45,000원",위례동,2026-07-03,7,16,683,40.1℃,귤맘,생활가전,,"쿠쿠 CRP-M110FD 압력밥솥 10인용이에요
사진에서 보시는 것처럼 깔끔한 상태를 유지하고 있어요
맛있는 밥을 지어줄 든든한 밥솥을 찾으신다면 추천드려요",45000
밥솥,쿠쿠 밥솥,쿠쿠 6인용 마스터쉐프 트윈프레서,거래중,"350,000원",잠실동,2026-08-02,0,2,83,44.5℃,RR,생활가전,,"쿠쿠에서 가장좋은 밥솥입니다
가끔씩 사용해서 상태 좋습니다 

1년전쯤 쿠쿠 매장에서 65만원에 구입한제품 입니다(성능은 동일해도 무광블랙이 조금더 비싸요)

깔끔한 디자인의 쿠쿠 6인용 밥솥이에요
깨끗하게 사용했어요
맛있는 밥 지어 드실 분께 추천드려요",350000
밥솥,쿠쿠 밥솥,쿠쿠 전기밥솥 6인용,거래중,"10,000원",풍납동,2026-08-29,0,2,348,61.6℃,몽몽,생활가전,🥕문고리/직거래(지하철역),"<쿠쿠 에그 전기밥솥6인용>
내솥(X)없어 별도 구매하거나
밥솥 고장난 분께 추천해요.
작동 잘되고 실사용 별로 없어 
외부/내부 깨끗해요.

🥕문고리/직거래(지하철역)
🥕반품 및 환불불가",10000
밥솥,쿠쿠 밥솥,쿠쿠 밥솥 내솥 3인용,거래중,"3,500원",위례동,2026-09-01,0,1,13,36.5℃,헤연,생활가전,,"쿠쿠 3인용 밥솥 내솥이에요
사진에서 보이는 것처럼 깔끔한 상태를 유지하고 있어요
밥 양 조절 눈금이 있어서 편리하게 사용하실 수 있어요
맛있는 밥을 짓고 싶으신 분들께 추천드려요",3500
밥솥,쿠쿠 밥솥,쿠쿠 스마트 IH 밥솥 BHX-B0660FB 6인용,거래중,"99,000원",위례동,2026-08-27,0,3,268,44.3℃,주당근,생활/주방,,,99000
밥솥,쿠쿠 밥솥,쿠쿠 CRP-R0610FC 6인용 압력밥솥,거래중,"60,000원",위례동,2026-08-29,1,3,672,51.3℃,당근해서비상금뽀리자,생활가전,,"쿠쿠 압력밥솥 CRP-R0610FC 모델이에요
6인용으로 넉넉하게 사용할 수 있답니다
에너지소비효율 1등급으로 전기세 걱정 없이 사용하세요
맛있는 밥을 짓고 싶으신 분들께 추천드려요.

고무패킹 새제품 교체하시라고 함께드리고 바로 사용하시라고 소독 하고 깨끗하게 싹 씻어놔습니다. 
사진에 보시듯 사용감 있는곳 있지만 밥 아주 잘됩니다. 좋은분 가져가셨스면 좋겠습니다.",60000
밥솥,쿠쿠 밥솥,쿠쿠 IH 전기압력밥솥 3인용,거래중,"130,000원",위례동,2026-08-29,2,42,737,48.4℃,설레임,생활가전,,"CRP-EHS0320FS

상태좋고, 내솥까짐 없어요.

자취할 때 밥을 잘 안해먹었어요.",130000
밥솥,쿠쿠 밥솥,쿠쿠 IH 압력밥솥 HWF1060FB 10인용 로즈골드,거래중,"45,000원",위례동,2026-09-01,3,2,70,38.6℃,jh,생활가전,,,45000
밥솥,쿠쿠 밥솥,쿠쿠 CRP-ST1010FW 10인용 밥솥 정상작동 찰진밥잘됨비싼제품저압력빵빵 상태양호 깨끗 택배가 내솥고무바킹깨끗,거래중,"113,000원",위례동,2026-08-06,1,14,,,,,,,113000
밥솥,쿠쿠 밥솥,쿠쿠 CRP-N0610FP 6인용 레드 압력밥솥,거래중,"27,000원",위례동,2026-08-27,0,1,,,,,,,27000
밥솥,쿠쿠 밥솥,쿠쿠 스마트 IH 압력밥솥 10인용 KHTS1060FG,거래중,"130,000원",위례동,2026-08-13,1,39,,,,,,,130000
밥솥,쿠쿠 밥솥,쿠쿠 6인용 압력밥솥,거래중,"20,000원",위례동,2026-09-01,2,5,382,62.5℃,리셋5,생활가전,,"쿠쿠 CRP-P067FD 
6인용 압력밥솥이에요

패킹은 몇달전 교환
밥 잘되고 보온잘 되요
1인이나 2인 가족 추천

중고라 사용감있어요
환불 안됨",20000
밥솥,쿠쿠 밥솥,쿠쿠 6인용 밥솥 CR-0675FW 송파,예약중,무료나눔,삼전동,2026-08-02,6,7,556,39℃,kindmen777,생활가전,,"깔끔한 디자인의 쿠쿠 6인용 전기밥솥 CR-0675FW 판매해요
사진에서 보시는 것처럼 상태 양호한 제품입니다
다양한 취사 모드와 예약 기능으로 편리하게 사용 가능해요
매일 맛있는 밥을 짓고 싶은 분들께 추천드려요",0
밥솥,쿠쿠 밥솥,쿠쿠 6인용 전기압력밥솥,거래중,"80,000원",위례동,2026-09-01,0,3,98,99℃,산골억척아지매,생활/주방,,"작동 잘 됩니다

21년 1월 제조

예민하신분 사양 합니다

네고 문의 답변 하지 않습니다

환불 X",80000
밥솥,쿠쿠 밥솥,쿠쿠 CRP-RT0610FD 6인용 압력밥솥,거래중,"95,000원",위례동,2026-08-29,0,1,237,68.1℃,네오,생활가전,,"취향에 따라 압력 또는 무압으로 취사가

 가능한 고급모델이며 깨끗합니다

쿠쿠 압력밥솥 CRP-RT0610FD 


 ",95000
밥솥,쿠쿠 밥솥,쿠쿠 스마트 IH 압력밥솥 6인용 BDHF065BD,거래중,"63,000원",위례동,2026-08-27,0,1,178,85.6℃,윤윤,생활가전,,,63000
밥솥,쿠쿠 밥솥,쿠쿠 6인용 IH압력밥솥 CRP-N0680SR,거래중,"99,000원",가락1동,2025-11-05,13,21,689,37.2℃,채송화,생활가전,,"쿠쿠 6인용 IH압력밥솥 CRP-N0680SR 모델~

   ""한번두  사용하지않은
새상품  입니다""


- 밥맛이 좋고 다양한 요리가 가능합니다
- IH 기술로 밥을 빠르고 맛있게 지을 수 있습니다
- 에너지 소비효율은 3등급입니다",99000
밥솥,쿠쿠 밥솥,쿠쿠 압력밥솥 커버 패킹 CCP-03 (3인용) 송파,거래중,"11,500원",석촌동,2026-08-18,0,5,114,36.9℃,윤지,생활/주방,,"쿠쿠 압력밥솥 커버 패킹 CCP-03 (3인용) 새제품이에요
사진에서 보이는 것처럼 깔끔하게 포장되어 있어요
새 제품이라 더욱 안심하고 사용하실 수 있답니다",11500
밥솥,쿠쿠 밥솥,쿠쿠 CRP-RT107FC 압력밥솥 10인용,거래중,"50,000원",위례동,2026-08-27,2,9,401,40.8℃,동전패치,생활가전,,"쿠쿠 압력밥솥 CRP-RT107FC 모델이에요
10인용으로 넉넉하게 사용할 수 있어요
내부 솥은 최근 구매 사용.

사진에서 보이는 것처럼 내부 코팅도 깨끗하게 관리되었어요
맛있는 밥을 짓고 싶으신 분들께 추천드려요",50000
밥솥,쿠쿠 밥솥,쿠쿠 IH 압력밥솥 HUF1080HM 10인용,거래중,"50,000원",위례동,2026-08-28,0,0,277,40℃,후니,생활가전,,"내솥은 따로 구매하셔서 사용하세요
사용하는데는 아무른 지장없습니다
쿠쿠 IH 압력밥솥 HUF1080HM 모델이에요
10인용으로 넉넉하게 사용할 수 있어요
IH 압력 방식으로 맛있는 밥을 지어준답니다
깔끔한 디자인으로 주방 어디에나 잘 어울려요
매일 맛있는 밥을 드시고 싶은 분들께 추천드려요
",50000
밥솥,쿠쿠 밥솥,쿠쿠전기밥솥,거래중,"20,000원",가락본동,2025-09-01,3,0,230,37.9℃,근dang,생활/주방,송파드림병원,,20000
밥솥,쿠쿠 밥솥,쿠쿠 올스텐 스마트 IH 밥솥 6인용,예약중,"150,000원",풍납2동,2026-08-24,1,18,180,38.1℃,aaaa07,생활가전,,"쿠쿠 스마트 IH 밥솥 6인용입니다
사진에 보이는 구성품 그대로 드려요
일부러 올스텐 내솥 모델 찾아서 구매했어요!!
올스텐 내솥과 올스텐 뚜껑 분리형으로 세척이 편리해요. 안내문 포함.
건강하고 맛있는 밥을 짓고 싶으신 분들께 추천드려요. 아기 이유식을 위해서도 많이 쓴다고 하네요.
제가 다른 밥솥을 주로 사용해서 사용감이 거의 없습니다. 
2024년 01 제조. 사놓구 사용은 2-3회 밖에 안되요. 깨끗합니다.  
사용후기가 가장 많은 링크로 가져왔어요.  확인 후 연락 부탁드립니다~~~

https://naver.me/5MvM8D74

사용 후 반품 환불 불가",150000
밥솥,쿠쿠 밥솥,쿠쿠 10인용 압력밥솥 HWF1060FB 갈색,거래중,"83,000원",위례동,2026-08-31,0,0,81,38.4℃,행복한하루되세요,생활가전,,"쿠쿠 10인용 압력밥솥 HWF1060FB 로즈골드 색상이에요
IH 스마트 IH 기능으로 맛있는 밥을 지을 수 있어요
내솥과 뚜껑 분리형으로 세척이 간편해요
매일 먹는 밥, 쿠쿠 압력밥솥으로 맛있게 지어보세요",83000
밥솥,쿠쿠 밥솥,쿠쿠 스마트 IH 6인용 밥솥 DHS067FS,거래중,"108,000원",위례동,2026-08-19,3,24,1384,75.1℃,나올심더,생활가전,,"쿠쿠 스마트 IH 밥솥 DHS067FS 6인용 모델이에요
IH 기술로 빠르고 맛있는 밥을 지을 수 있어요
다양한 메뉴와 스마트 터치 기능으로 편리하게 사용 가능해요
풀 스테인리스 커버와 스텐 내솥으로 위생적으로 사용할 수 있어요
다양한 메뉴와 스마트 IH 기능으로 맛있는 밥을 지을 수 있답니다
매일 사용하는 밥솥, 깔끔하고 성능 좋은 쿠쿠 밥솥으로 바꿔보세요
쿠쿠밥솥중에 고급형 입니다
내솥이 까저 보관만 하다 내솥 재코팅 전문회사에서 재코팅 하여 몇번 사용함
    패킹도 어제 교체 하였음
      새것같은 중고 입니다 
          압력 빵빵 합니다",108000
밥솥,쿠쿠 밥솥,쿠쿠 에코 스테인리스 밥솥 내솥 10인용,예약중,"25,000원",송파1동,2026-08-31,0,5,281,54.7℃,로메인,생활/주방,문고리로 보시고 결정하셔도 됩니다,"쿠쿠 밥솥 내솥 10인용입니다
에코 스테인리스 소재로 제작되었어요
사진에서 보이는 것처럼 깔끔한 상태입니다
밥맛을 살려주는 내솥으로 맛있는 밥 지어 드세요

이번에 밥솥을 바꾸게 되어 팝니다.
사용감 사진과 같구요!
문고리로 보시고 결정하셔도 됩니다",25000
밥솥,쿠쿠 밥솥,쿠쿠 10인용 IH밥솥 HLXF108SR,거래중,"20,000원",위례동,2026-09-01,0,2,117,99℃,아임화인,생활/주방,,"쿠쿠 10인용 IH 밥솥입니다. 타이탄 레드와 화이트 컬러 배합이 특징인 클래식한 디자인의 모델로, 강력한 IH(유도가열) 압력 방식을 사용하여 맛있는 밥을 지어줍니다.

내솥에 사용감 있습니다.
사진 봐 주세요.
패킹기능 이상 없습니다

용량: 10인용으로 대가족이나 넉넉한 양의 밥을 지을 때 적합합니다.

취사 방식: IH 압력 취사 방식을 채택하여 내솥 전체에 열이 골고루 전달되어 밥맛이 차집니다.

주요 기능: 전면부 디스플레이를 통해  백미쾌속, 잡곡, 현미발아, 누룽지, 영양죽, 만능찜 등 다양한 요리 메뉴를 선택할 수 있으며 자동세척 기능도 지원합니다

쿠쿠전자 CRP-HLXF108SR/IH압력밥솥/10인용/블랙코팅/분리형커버/백미쾌속/자동세척/소비전력: 1,400W/
무게: 7.2kg/
크기:40cm x 29.8cm x 29cm",20000
밥솥,쿠쿠 밥솥,쿠쿠 스마트 IH 밥솥 CHP1010FD 10인용,거래중,"157,000원",위례동,2026-09-01,0,1,27,75.1℃,나올심더,생활가전,,,157000
밥솥,쿠쿠 밥솥,쿠쿠 전기압력밥솥 CRP-FA0661SP 6인용 송파,예약중,"5,000원",오금동,2026-08-02,2,0,,,,,,,5000
밥솥,쿠쿠 밥솥,쿠쿠 압력밥솥 6인용(배달가능),거래중,"48,000원",위례동,2026-08-02,4,16,785,65℃,잠발라,생활가전,,"김새지 않고 밥 잘됩니다
모든기능 정상
내솥상태 아주좋습니다 벗겨진데 없습니다
바로 사용해도될정도로 깨끗합니다
※뒷쪽 물받이 없지만 밥한뒤 물흐름 거의 없습니다

배송비는 5천원추가입니다

010-2136-1376",48000
밥솥,쿠쿠 밥솥,쿠쿠 밥솥 내솥 CJH-TLX0600ID,거래중,"18,000원",위례동,2026-06-03,0,0,,,,,,,18000
밥솥,쿠쿠 밥솥,쿠첸 트리플 IH 압력 밥솥 6인용 최고급라인 솥 김연아밥솥 초고압 쿠쿠,거래중,"170,000원",송파동,2026-08-02,0,3,56,62.9℃,행복전도사,생활가전,최우선 직거래 희망하며,"쿠첸 트리플 IH 압력 밥솥 6인용 최고급라인 솥 김연아밥솥 초고압 쿠쿠 
모델명 CRT-SPE0670W 
2023년 01월 제조
초고압 IH 압력 방식으로 맛있는 밥을 지을 수 있어요
깔끔한 디자인으로 어떤 주방에도 잘 어울립니다
상세사항 사진참조
가장 비싼라인이었어요

개인입니다
가까운곳은 2만원추가시 집 문앞에 놓아드려요 대신 분실 고장 이상등 책임지지 않습니다 
착불 +
고화질 디테일한 사진 확인부탁드립니다
최우선 직거래 희망하며
판매자 미쳐 발견하지 못한 부분등 어떠한경우라도 중고 거래 특성상 환불 절대 불가능하니 신중한 거래 부탁드립니다.
디지털/가전들은 직접오셔서 꼭 테스팅후 가져가세요 
사이즈는 직접오셔서 확인바랍니다
그럼에도 
구매자의 요청으로 택배거래 가능하나 파손면책 동의 되어야 배송됩니다
강남구 청담동 직거래가능
소중한 시간 매너거래 부탁드려요",170000
밥솥,쿠쿠 밥솥,쿠쿠 IH 10인용 밥솥 HLT1080SE,거래중,"40,000원",위례동,2026-09-01,0,0,30,41.1℃,융용,생활가전,,"쿠쿠 IH 10인용 밥솥 HLT1080SE 판매해요
사진에서 보이는 것처럼 구성품은 밥솥 본체입니다
IH 방식으로 맛있는 밥을 지을 수 있어요
따뜻한 밥을 좋아하시는 분들에게 추천드려요",40000
밥솥,쿠쿠 밥솥,쿠쿠 CRP-N0660SR 6인용 압력밥솥 레드,거래중,"80,000원",위례동,2026-08-03,1,2,431,45.8℃,산이,생활가전,,,80000
밥솥,쿠쿠 밥솥,쿠쿠 IH 전기밥솥 HMGX1011FG 10인용,거래중,"35,000원",위례동,2026-09-01,1,4,,,,,,,35000
밥솥,쿠쿠 밥솥,음성지원쿠쿠 IH 압력밥솥 CRP-HFG061F,거래중,"60,000원",위례동,2026-08-02,1,1,,,,,,,60000
밥솥,쿠쿠 밥솥,쿠쿠 트윈프레셔 10인용밥솥 KHTS1060FD,거래중,"140,000원",위례동,2026-08-17,1,57,,,,,,,140000
밥솥,쿠쿠 밥솥,쿠쿠 CRP-N0610FP 6인용 레드 압력밥솥,거래중,"19,000원",위례동,2026-08-30,2,7,167,68.4℃,JH,생활가전,,,19000
밥솥,쿠쿠 밥솥,(새제품)쿠쿠 IH 압력밥솥 03 Full STAINLESS 2.0,거래중,"197,000원",위례동,2026-08-21,1,16,709,56.4℃,꾸미꾸미,생활가전,,,197000
밥솥,쿠쿠 밥솥,쿠쿠3인용 IH 압력밥솥/배달가능,거래중,"137,000원",위례동,2026-08-02,3,82,,,,,,,137000
밥솥,쿠쿠 밥솥,쿠쿠 6인용 전기압력밥솥,거래중,"230,000원",위례동,2026-08-31,1,11,,,,,,,230000
밥솥,쿠쿠 밥솥,쿠쿠 스마트 IH 압력밥솥 10인용 레드,거래중,"62,000원",위례동,2026-08-28,1,4,193,52℃,사랑기쁨,생활가전,,,62000
밥솥,쿠쿠 밥솥,쿠쿠 CRP-N067FR 6인용 압력밥솥 레드,거래중,"23,000원",위례동,2026-08-02,5,26,,,,,,,23000
밥솥,쿠쿠 밥솥,쿠쿠 IH 10인용 압력밥솥,거래중,"50,000원",위례동,2026-08-20,0,6,900,41.7℃,부장,생활가전,,"쿠쿠 IH 6인용 압력밥솥이에요
풀 스테인리스 2.0 메탈릭 에코 디자인으로 깔끔하고 고급스러워요
에너지 소비효율 등급 1등급으로 전기료 절약에도 도움이 된답니다
매일 맛있는 밥을 짓고 싶으신 분들께 추천드려요
2020년식입니다. 사용중 판매해요 ",50000
밥솥,쿠쿠 밥솥,쿠쿠 밥솥 3인용 (CRP-MHTR0310FW),거래중,"130,000원",잠실2동,2026-08-23,1,38,1376,49.4℃,당근마트,생활가전,,"쿠쿠 밥솥 3인용입니다

모델명 : CRP-MHTR0310FW

이사하면서 6인용으로 교체하여 내놓습니다.
상태는 깨끗하고 작동잘됩니다.

필요하신분 연락주세요.",130000
밥솥,쿠쿠 밥솥,쿠쿠 CR-0352FR 3인용 밥솥 레드,거래중,"10,000원",잠실2동,2026-09-01,2,3,107,86.1℃,동해,생활가전,,"깔끔한 디자인의 쿠쿠 3인용 밥솥이에요
CR-0352FR 모델로 레드 색상이 매력적이에요
내솥 포함 구성품이며, 밥솥 본체와 전원선이 있어요
작은 용량으로 1~3인 가구에 적합해요
매일 맛있는 밥을 짓고 싶은 분들께 추천드려요",10000
밥솥,쿠쿠 밥솥,"쿠쿠 전기압력밥솥 6인용, CRP-P0620FDM, 블랙",거래중,"90,000원",잠실2동,2026-08-21,0,6,357,43.8℃,토토씨,생활/주방,,,90000
밥솥,쿠쿠 밥솥,쿠쿠 CR-0622R 레드 6인용 밥솥,거래중,"12,000원",잠실2동,2026-08-25,0,3,209,47.6℃,비비,생활가전,,"깔끔한 레드 색상의 쿠쿠 6인용 밥솥이에요
사진에서 보이는 것처럼 1.0L 용량으로 넉넉하게 사용할 수 있어요
내솥과 뚜껑 분리가 가능해서 세척도 간편하답니다
매일 맛있는 밥을 짓고 싶은 분들께 추천드려요",12000
밥솥,쿠쿠 밥솥,"(특S급)쿠쿠 스마트 IH 압력밥솥 6인용 FHS0610FD,근거리무료배송가능",거래중,"142,000원",잠실2동,2026-08-23,1,25,780,73.5℃,드래곤아이언,생활/주방,,,142000
밥솥,쿠쿠 밥솥,쿠쿠 스마트 IH압력 밥솥 레드,거래중,"69,000원",잠실2동,2026-08-31,0,5,89,51.8℃,보리,생활가전,,"쿠쿠 스마트 IH 밥솥 레드 색상이에요
IH 기술로 맛있는 밥을 지을 수 있어요
압력밥솥입니다

밥솥 하나로 매일 맛있는 밥을 즐겨보세요

깨끗합니다
사용량 적어요",69000
밥솥,쿠쿠 밥솥,[최상급] 쿠쿠 6인용 에코 스테인리스 커브드 내솥 (코팅 완벽),거래중,"70,000원",잠실2동,2026-08-31,0,9,,,,,,,70000
밥솥,쿠쿠 밥솥,"(특SS급)쿠쿠 트윈프레셔 CRP-R0610FC 6인용 압력밥솥 블랙, 근거리무료배송가능",거래중,"109,000원",잠실2동,2026-08-20,0,18,695,73.5℃,드래곤아이언,,,,109000
밥솥,쿠쿠 밥솥,쿠쿠 IH 압력밥솥 HMT106SR 레드10인용,거래중,"28,000원",잠실2동,2026-07-03,2,6,309,51.5℃,김주0,생활가전,,,28000
밥솥,쿠쿠 밥솥,쿠쿠 밥솥 6인용,거래중,"190,000원",잠실3동,2026-08-02,2,5,352,41℃,하하,생활가전,,"CRP-NO6805SR 6인용 쿠쿠 밥솥 
사용 안한 새것 ",190000
밥솥,쿠쿠 밥솥,쿠쿠 6인용 트윈 프레셔 압력밥솥 (잘되요.내솥 1개 더 !)사진 참조하세요!,거래중,"75,000원",잠실3동,2026-08-27,0,3,504,88.6℃,아나바다,생활가전,,,75000
밥솥,쿠쿠 밥솥,쿠쿠 IH 압력밥솥 HMF-1080SH 로즈골드 10인용,거래중,"80,000원",잠실3동,2026-08-31,1,2,93,59.2℃,국내산흙당근,생활가전,,,80000
밥솥,쿠쿠 밥솥,쿠쿠 10인용 압력밥솥,거래중,"90,000원",잠실3동,2026-08-02,5,31,1334,99℃,고구마,생활가전,,"패킹 전부 새걸로 교체했습니다 사진 보시면 아실거에요 
내솥도 사용감 적어요
밥 잘 됩니다 작동 잘 되어요 
예민하신 분은 패스해주세요
개인간 중고거래이므로 구매 후 교환 및 환불&반품 불가합니다",90000
밥솥,쿠쿠 밥솥,쿠쿠 10인용 IH 압력밥솥 GHR1010FD,거래중,"155,000원",잠실3동,2026-08-31,0,6,93,75℃,별주부,생활가전,,"쿠쿠 10인용 IH 압력밥솥 GHR1010FD 판매해요
내솥:풀 스테인리스 에코 커브드 (사진참고 깨끗해요)
패킹:오늘새로교체 해서  자동세척
20년제조 20년 12월구입
원가:50만원 넘게주고 구입 
깨끗하게 사용했습니다 
스마트IH기능으로 죽ㆍ삼계탕ㆍ요거트ㆍ등등여러가지 기능이 편하게 되어 있어요
사진 넘기면서  자세히 확인하세요 

",155000
밥솥,쿠쿠 밥솥,쿠쿠 IH 압력밥솥 FHTR0610FLB 6인용,거래중,"350,000원",잠실3동,2026-08-25,0,13,296,47.5℃,타이핑,기타 중고물품,,"쿠쿠 IH 트윈프레시어 압력밥솥 FHTR0610FLB 6인용 미개봉 신제품이에요
풀스테인레스 IH 기술로 맛있는 밥을 지을 수 있답니다
",350000
밥솥,쿠쿠 밥솥,쿠쿠 IH 압력밥솥 HUF1060SO 레드,거래중,"78,000원",잠실3동,2026-09-01,0,0,21,64.1℃,사랑,생활가전,,,78000
밥솥,쿠쿠 밥솥,(미사용) 쿠쿠 10인용 압력밥솥 CRP-UT1010FGW 화이트,거래중,"250,000원",잠실3동,2026-08-20,2,23,1120,38.1℃,ABC루시퍼,,,,250000
밥솥,쿠쿠 밥솥,쿠쿠 3인용 프리미엄 미니 IH전기압력밥솥 판매합니다,거래중,"150,000원",잠실4동,2026-08-04,3,20,751,41.9℃,김또깡,생활/주방,,,150000
밥솥,쿠쿠 밥솥,쿠쿠 IH 압력밥솥 6인용,거래중,"48,000원",잠실4동,2026-08-02,1,14,1017,69℃,코팅맨,생활/주방,,"쿠쿠 IH 압력밥솥 6인용으로
내솥은 새로 재코팅하였으며
정상작동하며 좋은 밥솥입니다.
일산 및 운정지역은 직접 배달해 드립니다.
",48000
밥솥,쿠쿠 밥솥,쿠쿠 IH 전기밥솥 HYXB1060FR,거래중,"80,000원",잠실4동,2026-08-06,0,1,61,38.1℃,롱롱,생활가전,,"쿠쿠 스마트 IH 전기밥솥 HYXB1060FR 모델이에요
기능도 많고 내솥도 새활기스만있어요
사진에서 보이는 것처럼 집에서 2년 깔끔하게 사용했어요
맛있는 밥을 지어줄 똑똑한 밥솥을 찾으시는 분들께 추천드려요",80000
밥솥,쿠쿠 밥솥,쿠쿠 6인용 내솥,거래중,"3,000원",잠실4동,2026-09-01,0,4,287,59.8℃,베이글전문가,생활가전,,"쿠쿠 6인용 밥솥 내솥이에요
사진처럼 사용감 있지만 깨끗하게 사용했어요
밥맛을 살려주는 내솥으로 맛있는 밥 지어드세요",3000
밥솥,쿠쿠 밥솥,쿠쿠 IH 압력밥솥 CRP-HF0610FI 6인용,거래중,"48,000원",잠실4동,2026-07-03,0,3,196,46.8℃,훠이훠이,생활가전,,"쿠쿠 IH 압력밥솥 CRP-HF0610FI 판매해요
사진에 보이는 그대로 구성품입니다
IH 기술로 밥맛을 살려주는 밥솥이에요
맛있는 밥으로 든든한 한 끼를 책임져 줄 밥솥을 찾으시는 분들께 추천드려요

6인용",48000
밥솥,쿠쿠 밥솥,쿠쿠 IH 압력밥솥 HSXB0630FB 6인용,거래중,"40,000원",잠실4동,2026-08-21,5,1,334,36.6℃,변강소,생활가전,,"쿠쿠 IH 압력밥솥 6인용 판매해요
모델명은 HSXB0630FB이고 IH 압력 기능이 있어요
사진에 보이는 구성품 그대로 드려요
깔끔한 디자인으로 주방 어디에나 잘 어울려요
매일 맛있는 밥을 짓고 싶은 분들께 추천드려요
티끌모아태산",40000
밥솥,쿠쿠 밥솥,"(거의 새것, 박스O) 쿠쿠 3인용 0365FR 레드 밥솥/주방용품/자취/신혼부부",거래중,"35,000원",잠실4동,2026-08-22,0,1,70,53.5℃,중급리베라,생활가전,,,35000
밥솥,쿠쿠 밥솥,쿠쿠 2인용 3인용 미니 압력밥솥,거래중,"180,000원",잠실4동,2026-08-02,0,3,96,37.1℃,mugmug,생활가전,,"쿠쿠 2인용 3인용 미니 압력밥솥 그레이스 화이트입니다. 
컴팩트한 사이즈로 1-3인 가구에 적합해요.
24년도에 제조한 제품이라서 완전 새제품입니다:)",180000
밥솥,쿠쿠 밥솥,쿠쿠10인용 IH 압력밥솥 2023년구입 내솥 좋아요,거래중,"150,000원",잠실4동,2026-08-05,1,8,699,67.1℃,북면,생활가전,,,150000
밥솥,쿠쿠 밥솥,쿠쿠 HZXB0660FR IH 압력밥솥 레드,거래중,"40,000원",잠실4동,2026-08-29,2,2,126,39.6℃,민채,,,"쿠쿠 IH 압력밥솥 HZXB0660FR 모델이에요
6인용으로 넉넉하게 사용할 수 있답니다
레드 색상으로 주방 어디에나 잘 어울려요
맛있는 밥을 짓고 싶으신 분들께 추천드려요.사용감이 조금 있지만 사용하는데 문제가 없습니다",40000
밥솥,쿠쿠 밥솥,쿠쿠 IH 압력밥솥 AHX-B1060FD 10인용,거래중,"70,000원",잠실4동,2026-08-21,2,20,,,,,,,70000
밥솥,쿠쿠 밥솥,쿠쿠 전기밥솥 6인용 레드 🍀,거래중,"35,000원",잠실4동,2026-08-02,1,4,,,,,,,35000
밥솥,쿠쿠 밥솥,쿠쿠 압력밥솥CRP- HSBX0630FB 6인용,거래중,"40,000원",잠실6동,2026-08-10,1,2,,,,,,,40000
밥솥,쿠쿠 밥솥,"(특S급)쿠쿠 10인용 IH 압력밥솥 HWF-1060FS, 근거리무료배송가능",거래중,"128,000원",잠실6동,2026-08-27,1,8,316,73.5℃,드래곤아이언,생활/주방,,,128000
밥솥,쿠쿠 밥솥,쿠쿠 CRP-N0680SR 10인용 압력밥솥,거래중,"38,000원",잠실6동,2026-08-02,0,2,794,99℃,genius,,,"쿠쿠 압력밥솥 10인용 판매해요
사진에서 보시는 것처럼 내부 상태 깨끗하게 사용했어요
잡곡밥, 백미밥 등 다양한 메뉴 조리 가능해요
맛있는 밥 지어 드시고 싶은 분들께 추천드려요
밥 맛있게 잘 됩니다
오른쪽 살짝 찌그러졌지만 작동이상 없어요.
주로 여름에만 사용했어요.
음성기능 지원",38000
밥솥,쿠쿠 밥솥,쿠쿠 스마트 IH 압력밥솥 10인용 KHTS1060FD,거래중,"180,000원",잠실6동,2026-08-28,0,5,275,53.5℃,jhk,생활가전,,,180000
밥솥,쿠쿠 밥솥,쿠쿠6인용압력밥솥팝니다,거래중,"80,000원",잠실6동,2026-08-02,2,15,1038,46.3℃,마죠르,생활가전,,,80000
밥솥,쿠쿠 밥솥,쿠쿠 10인용 압력밥솥 밥통,거래중,"60,000원",잠실6동,2026-07-03,1,6,471,75.8℃,채팅주세요,생활가전,,"쿠쿠 압력밥솥이에요
10인용으로 넉넉하게 사용할 수 있어요
내솥은 다이아몬드 코팅으로 되어있어 밥맛을 살려줘요 상태도 양호합니다
맛있는 밥을 짓고 싶으신 분들께 추천드려요
환불x",60000
밥솥,쿠쿠 밥솥,쿠쿠밥솥 LHTR0610FB모델,거래중,"150,000원",잠실6동,2026-08-02,0,8,1130,53.1℃,이거봐봐요,생활가전,,"쿠쿠밥솥입니다. 
2년정도 사용하다 가족수가 늘어 10인용으로 
교체한다고 6인용을 판매합니다. 

전체적으로 깨끗한 편이며 
밥 잘됩니다. 
내솥은 인터넷에 따로 판매 하구요. 

쿨거래시 네고 가능합니다. 연락주세요~",150000
밥솥,쿠쿠 밥솥,쿠쿠 CRP-M107FR 레드 압력밥솥 10인용,거래중,"30,000원",잠실6동,2026-08-28,0,4,208,64.7℃,황소21,생활가전,,,30000
밥솥,쿠쿠 밥솥,쿠쿠 6인용 밥솥 CR-0675FW 화이트,거래중,"40,000원",위례동,2026-09-01,1,7,42,39.6℃,프레스티지,생활가전,,"깔끔한 화이트 색상의 쿠쿠 6인용 밥솥 CR-0675FW입니다. 구성품 모두 사진에 담겨있어요. 갓 지은 맛있는 밥을 원하시는 분들께 추천드려요

한번도 사용하지 않은 박스만 없는 새제품입니다",40000
밥솥,쿠쿠 밥솥,쿠쿠 CRP-PWE107FB 10인용 압력밥솥 로즈골드 송파,거래중,"50,000원",거여동,2026-09-01,0,1,11,36.5℃,붉은여우,생활가전,,"쿠쿠 압력밥솥 10인용 로즈골드 색상이에요
CRP-PWE107FB 모델이고, 내솥과 뚜껑 분리형으로 세척이 편리해요
사진에서 보시는 것처럼 깔끔한 상태를 유지하고 있어요",50000
밥솥,쿠쿠 밥솥,쿠쿠 스마트 IH 압력밥솥 6인용 DHB0610FS,거래중,"27,000원",잠실7동,2026-09-01,0,2,132,53.2℃,임시닉네임77,생활가전,,,27000
밥솥,쿠쿠 밥솥,쿠쿠 6인용 밥솥 CR-0671V 보라색,거래중,"25,000원",잠실동,2026-09-01,0,0,13,36.8℃,낭낭,생활가전,,"쿠쿠 6인용 전기보온밥솥 CR-0671V 모델이에요
현재 45,000원정도
2번 사용했습니다!!!!!",25000
밥솥,쿠쿠 밥솥,쿠쿠 스마트 IH 밥솥 FHR L0610FG 6인용 로즈골드,거래중,"45,000원",잠실동,2026-08-23,4,13,400,46.1℃,들꽃향기,생활가전,,,45000
밥솥,쿠쿠 밥솥,쿠쿠 스마트 IH 밥솥 10인용,거래중,"55,000원",잠실동,2026-08-23,0,29,2074,64.8℃,매일happy,생활가전,,"쿠쿠 스마트 IH 밥솥 10인용입니다
IH 스마트 압력 방식으로 맛있는 밥을 지을 수 있습니다 음성기능있어 어떤요리도. 잘해낼수있습니다
깔끔한 디자인으로 주방 어디에 두어도 잘 어울려요
매일 따뜻하고 맛있는 밥을 드시고 싶은 분들께 추천드려요
사진참조하시고 구입하시기바랍니다. ",55000
밥솥,쿠쿠 밥솥,쿠쿠 IH 압력밥솥 AHXB1060FD 10인용,거래중,"40,000원",잠실동,2026-09-01,0,3,48,39.8℃,박문우,생활가전,,"쿠쿠 IH 압력밥솥 AHXB1060FD 10인용입니다
사진에서 보시는 것처럼 깔끔한 상태를 유지하고 있어요
IH 압력 방식으로 맛있는 밥을 지을 수 있답니다
매일 따뜻하고 맛있는 밥을 드시고 싶은 분들께 추천드려요",40000
밥솥,쿠쿠 밥솥,쿠쿠트윈프레셔 6인용 JHT0610FS 8월 내솥.패킹 교체,거래중,"170,000원",문정동,2026-09-01,0,0,20,42.2℃,당근이라면,생활/주방,,"내솥 패킹 8월에 새껄로 교체했어요.

물받이.회전추 있는곳.싹 세척해놨어요


실버색상.은색.이라 인테리어 효과도좋고 이쁨니다.

밥도 아주 맛있게 잘되고 김새는곳 없어요.


다양한 기능으로 여러요리 가능합니다!!

채팅주셔서 가까운곳이면 가져다드릴께요!

고압 메뉴: 백미, 찰진 백미, 구수한 백미, 찰진 백미 고화력, 백미 쾌속, 잡곡, 찰진 잡곡, 구수한 잡곡, 찰진 잡곡 고화력, 잡곡 쾌속, 현미발아, 누룽지, 고압찜

무압 메뉴: 무압백미, 나물밥, 이유식, 무압찜, 건강죽, 간편식


쿠쿠 스마트 IH 압력밥솥 JHT0610FS 6인용이에요
직접 터치 방식으로 편리하게 사용할 수 있어요
IH 압력 기술로 맛있는 밥을 지어준답니다
깔끔한 디자인으로 주방 어디에나 잘 어울려요
맛있는 밥을 짓고 싶으신 분들께 추천드려요",170000
밥솥,쿠쿠 밥솥,쿠쿠 스마트 IH 밥솥 BHX-B0660FB 6인용,거래중,"89,000원",잠실동,2026-08-27,1,3,,,,,,,89000
밥솥,쿠쿠 밥솥,매장정리중 쿨거 에눌가능🪼쿠쿠 CRP-RT067FP 6인용 압력밥솥,거래중,"30,000원",위례동,2026-07-03,5,8,875,50.4℃,HEOGIE,생활가전,,"쿠쿠 CRP-RT067FP 6인용 압력밥솥이에요
사진에서 보이는 것처럼 깔끔한 디자인의 밥솥입니다
6인용으로 넉넉하게 사용할 수 있어요
맛있는 밥을 지어줄 똑똑한 밥솥을 찾으시는 분들께 추천드려요",30000
밥솥,쿠쿠 밥솥,쿠쿠 IH압력밥솥 HUF1060SO 레드,거래중,"42,000원",문정동,2026-06-03,1,3,248,47.2℃,장이야,생활가전,,"쿠쿠 IH압력밥솥 HUF1060SO 모델이에요
사진에서 보이는 것처럼 레드 색상으로 깔끔한 디자인을 자랑해요
IH 압력 기술로 맛있는 밥을 지을 수 있답니다
매일 맛있는 밥을 드시고 싶은 분들께 추천드려요",42000
밥솥,쿠쿠 밥솥,(미개봉) 쿠쿠 트윈프레셔 마스터셰프 오브제 6인용 밥솥,거래중,"370,000원",위례동,2026-08-17,1,9,129,40.6℃,심심땅콩,생활가전,직거래 희망 장소: [위례광장로 215 부근 ],"[미개봉/새제품] 쿠쿠 마스터셰프 사일런스 오브제 6인용 압력밥솥 (그레이스 화이트)

안녕하세요!
쿠쿠 마스터셰프 사일런스 오브제 6인용 IH 압력밥솥 미개봉 새제품 판매합니다.
 * 모델명: CRP-OHNLLR0610FGW
 * 색상: 그레이스 화이트
 * 상태: 미개봉 새제품
선물 받았는데 이미 사용하는 밥솥이 있어서 판매하게 되었습니다. 현재 인터넷 최저가 45~46만 원대인 고급 모델입니다.
⚠️ 구매 전 꼭 읽어주세요!
사진에 보이듯 택배 배송 과정에서 박스 겉면 일부가 찢어지고 붉은색 마카글이 있어요.
하지만 개봉 테이프도 뜯지 않은 완전 미개봉 새제품이므로 내부 밥솥은 전혀 문제없이 깨끗합니다!  (예민하신 분은 피해주세요)

 * 직거래 희망 장소: [위례광장로 215 부근 ]

출장으로 인해 다음주 주말에 거래 가능합니다!

관심 있으신 분은 편하게 채팅 주세요! 🙇‍♂️",370000
밥솥,쿠쿠 밥솥,쿠쿠 3인용 전기보온 에그밥솥 CR-0375FW,거래중,"48,000원",잠실동,2026-09-01,0,9,135,47.1℃,jw,생활가전,,,48000
밥솥,쿠쿠 밥솥,쿠쿠IH내솥(6인용),거래중,"30,000원",잠실동,2026-06-03,2,6,1305,73.3℃,안뇽,생활/주방,,"문앞비대면
구매후 몇번안쓰고 밥솥이 고장났어요ㅠㅠ
세척시 기스있어요 그외깨끗!
비매너예민찔러보기패스 
환불X",30000
밥솥,쿠쿠 밥솥,쿠쿠 IH 압력밥솥 HWF1060FB 10인용 로즈골드,거래중,"69,000원",장지동,2026-08-26,0,5,302,99℃,새롭게하소서,생활가전,,,69000
밥솥,쿠쿠 밥솥,쿠쿠 스마트 IH 밥솥 HWXF1070FR 레드 10인용,거래중,"69,000원",장지동,2026-08-26,0,6,,99℃,새롭게하소서,생활가전,,,69000
밥솥,쿠쿠 밥솥,쿠쿠 BHXB0610FS 6인용 IH 압력밥솥,거래중,"70,000원",잠실동,2026-09-01,0,0,,81.4℃,코스모스,생활가전,,"https://m.danawa.com/product/product.html?code=2210830&cateCode=10252932
쿠쿠 스마트 IH 압력밥솥 BHX0610FS 모델이에요.
메뉴지원 정상작동.음성지원 안돼요.밥이 되어지는 상황을 동영상으로 볼수 있어요. 연식있어 사용감 없다 할수 없지만
내외관 눈에 띄는 이염.흠집없어요.
밥도 맛있게 잘되고 특이사항 없어요. 아침에 잡곡취사후
자동세척해서 내보냅니다.
바로 그냥 쓰셔도 돼요.흰색이라
깨끗해서 주방이 환해집니다.
에너지 소비효율 등급 1등급으로 전기료 부담도 적어요
거래후엔 고장외엔 반품.환불 안되시오니 신중구매 부탁드려요. 

",70000
밥솥,쿠쿠 밥솥,쿠쿠 스마트 IH 밥솥 BHXB0660FD 블랙 6인용 팔아요! 송파,거래중,"20,000원",마천동,2026-08-02,4,7,541,40.8℃,dreamer,생활가전,,"<쿠쿠 스마트 IH 밥솥 BHXB0660FD 블랙 6인용>

사진에서 보이는 것처럼 
겉은 완전 깔끔한 상태의 전기밥솥입니다!

작동은 아주 잘 됩니다!
내솥이 흠짓이 나서 본체와 내솥 모두 당근합니다.
내솥은 따로 구매해서 사용하시길 권장드려요!!! 🙏🏻

문앞 거래 진행할게요!
직접 가지러 와주세요^^",20000
밥솥,쿠쿠 밥솥,쿠쿠 IH 압력밥솥 HUХF103SR 레드 내솥흠 있 슴,거래중,"42,000원",문정동,2026-07-03,1,1,387,47.2℃,장이야,생활가전,,,42000
밥솥,쿠쿠 밥솥,쿠쿠 6인용 밥솥 CR-0631P 화이트/핑크,거래중,"10,000원",마천동,2026-08-30,1,2,,,,,,,10000
밥솥,쿠쿠 밥솥,쿠쿠 밥솥 CRP-J0610FP,거래중,"11,000원",잠실동,2026-08-02,1,3,154,94.1℃,검은,생활가전,비대면문고리만 가능합니다,"쿠쿠 6인용 IH 압력밥솥이에요
사진에서 보이는 모델명은 CRP-J0610FP입니다
다양한 요리가 가능한 만능 밥솥이에요
맛있는 밥을 짓고 싶으신 분들께 추천드려요


잠실본동 주민센터 근처
비대면문고리만 가능합니다
엘베없는 4층,!!

중고 특성상 교환/환불은 힘들어요 😭",11000
밥솥,쿠쿠 밥솥,쿠쿠10인용 압력밥솥 (새고무),거래중,"60,000원",잠실동,2026-08-28,0,15,453,83.1℃,난이제집이없다,생활가전,,"
작동 잘됩니다 내솥 깨끗 합니다 생활기스 있습니다고무 상하지 좋습니다 없습니다 김샘는것 없습니다 밥 찰지게 보온 맞있게 잘되구요 기능에 이상 없습니다 
 압력밥솥이랍니다 내부외부 깨끗 합니다 
맛있는 밥을 짓고 싶으신 분들께 추천드려요",60000
밥솥,쿠쿠 밥솥,쿠쿠 IH 압력밥솥 HSXT0610FB 6인용,거래중,"40,000원",잠실동,2026-09-01,0,0,,,,,,,40000
밥솥,쿠쿠 밥솥,쿠쿠 30인용 업소용 밥솥 CR-3031N,거래중,"80,000원",문정동,2026-08-31,2,5,62,38.4℃,쿤스,생활가전,,"업소용으로 사용하기 좋은 쿠쿠 30인용 밥솥 이에요
대용량으로 많은 양의 밥을 지을 수 있어 편리해요
사진에서 보이는 것처럼 깔끔하게 사용했어요
두가지 모델있구요 
첫번째 사진 밥솥(80000원)
두번째 사진 밥솥(40000원)",80000
밥솥,쿠쿠 밥솥,쿠쿠 전기밥솥 6인용 송파,거래중,"10,000원",풍납동,2026-08-29,0,2,355,61.6℃,몽몽,생활가전,🥕문고리/직거래(지하철역),"<쿠쿠 에그 전기밥솥6인용>
내솥(X)없어 별도 구매하거나
밥솥 고장난 분께 추천해요.
작동 잘되고 실사용 별로 없어 
외부/내부 깨끗해요.

🥕문고리/직거래(지하철역)
🥕반품 및 환불불가",10000
밥솥,쿠쿠 밥솥,쿠쿠 IH 전기압력밥솥 10인용 송파,거래중,"225,000원",거여1동,2026-08-18,0,0,83,36.5℃,옥희뽕,생활가전,,"쿠쿠 IH 전기압력밥솥 10인용 모델입니다
사진에서 보이는 구성품 그대로 드려요
깔끔한 디자인으로 주방 어디에나 잘 어울려요
맛있는 밥을 짓고 싶으신 분들께 추천드려요",225000
밥솥,쿠쿠 밥솥,쿠쿠 HZX-B0610FR 압력밥솥 레드 송파,거래중,"29,000원",거여동,2026-08-02,1,3,213,50.2℃,이사ing,생활가전,,"쿠쿠 IH 압력밥솥 HZX-B0610FR 모델이에요
레드 색상으로 주방 어디에나 잘 어울려요
압력이 작동고장인데 밥 짓는건 문제 없습니다",29000
밥솥,쿠쿠 밥솥,(21년7월)쿠쿠 CRP-ST066인용FC 밥솥,거래중,"99,000원",잠실동,2026-08-26,0,14,293,65.8℃,물고기자리,생활가전,,"쿠쿠 밥솥 CRP-ST0610FC 모델이에요
내솥과 뚜껑 내부까지 깨끗하게 관리된 제품입니다
맛있는 밥을 지어줄 든든한 밥솥을 찾으신다면 추천드려요

중고  반품불가 ",99000
밥솥,쿠쿠 밥솥,쿠쿠 풀스테인리스 밥솥,거래중,"10,000원",송파동,2025-10-06,25,23,781,35.3℃,정현,생활가전,송파구 송파동 송파아파트,"쿠쿠 풀스테인리스 밥솥 (CRP-M1010FD)입니다
밥솥 상태는 사진에서 보이는 것처럼 깨끗합니다~",10000
밥솥,쿠쿠 밥솥,쿠쿠 6인용 Smart IH압력밥솥,거래중,"100,000원",위례동,2026-01-04,5,15,819,42.7℃,당근24,생활가전,,"쿠쿠 6인용 Smart IH압력밥솥 DHB0660FT 모델입니다.
- 모든 기능 및 부품 상태는 매우 좋습니다 (패킹은 최근 교체했고 풀 스테인리스 내솥 상태가 좋습니다)
- 다만 정면 LCD 패널 디스플레이는 고장입니다 (음성 안내가 있습니다)
- 구매 및 사용 기간은 2년 미만입니다",100000
밥솥,쿠쿠 밥솥,쿠쿠 IH 압력밥솥 10인용 레드,거래중,"30,000원",위례동,2026-08-02,0,1,102,43.3℃,조아,생활가전,,"쿠쿠 IH 압력밥솥 10인용 레드 색상이에요
사진에서 보이는 것처럼 내부 구성품 모두 깨끗하게 관리되었어요, 최근 패킹 교체했어요
IH 압력 방식으로 맛있는 밥을 지을 수 있답니다
중고사용감있음을 감안 반품사양",30000
밥솥,쿠쿠 밥솥,쿠쿠 10인용 내솥,거래중,"10,000원",위례동,2026-08-30,0,4,99,57.7℃,깜씨,생활가전,,,10000
밥솥,쿠쿠 밥솥,쿠쿠 IH압력밥솥 HQXT0310FR 3인용 송파,거래중,"108,000원",거여동,2025-11-05,1,1,456,41.4℃,헬창인생,생활가전,,"쿠쿠 IH압력밥솥 HQXT0310FR 모델입니다.
- 내솥, 고무링 새걸로 교채해서 비싸게 팔아요
- 3인용 사이즈입니다
- 에너지 소비 효율 등급은 2등급입니다
- 밥솥 내부에는 계량컵이 함께 들어있습니다
신세계에서 산 밥솥입니다",108000
밥솥,쿠쿠 밥솥,쿠쿠 스마트 IH 밥솥 DHP0610FD 6인용,거래중,"100,000원",잠실동,2026-08-31,0,2,,,,,,,100000
밥솥,쿠쿠 밥솥,패킹새거로교채한쿠쿠 CRP-RT067FP 6인용 압력밥솥,거래중,"80,000원",잠실동,2026-08-24,2,1,531,64.1℃,사랑,생활가전,,,80000
밥솥,쿠쿠 밥솥,쿠쿠 스마트 IH 압력밥솥 HZ XB0610FB,거래중,"10,000원",문정2동,2026-05-04,6,10,1041,47.1℃,아이리스,생활가전,,"쿠쿠 스마트 IH 압력밥솥 HZ XB0610FB 판매해요
6인용입니다.
밥 잘 됩니다.
취소버튼 작동이 원활하지 않습니다.
내솥은 별도 구매하셔야 합니다.
반품환불 안됩니다.",10000
밥솥,쿠쿠 밥솥,쿠쿠 IH 압력밥솥 CRP-HWF1060FDM 10인용,거래중,"70,000원",잠실본동,2026-08-31,0,2,198,64.4℃,화네리아,생활가전,,,70000
밥솥,쿠쿠 밥솥,쿠쿠 IH압력밥솥 HLT1061SV TITAN 10인용,거래중,"15,000원",문정동,2026-03-05,2,8,,43℃,오케이,생활가전,,"쿠쿠 IH압력밥솥 10인용 모델입니다
밥솥 내부에는 10인분까지 밥을 할 수 있도록 눈금이 표시되어 있습니다
IH 기술로 밥맛이 좋고, 다양한 요리 기능이 있어 활용도가 높습니다
",15000
밥솥,쿠쿠 밥솥,쿠쿠 트윈프레셔 IH 밥솥 6인용,예약중,"20,000원",위례동,2026-08-04,8,6,1445,37.5℃,문기절친,생활가전,,"쿠쿠 트윈프레셔 IH 밥솥 6인용이에요
IH 압력 방식으로 맛있는 밥을 지을 수 있어요
내솥에 흠은 조금 있으나 사용은 가능항",20000
밥솥,쿠쿠 밥솥,쿠쿠 6인용 전기 CR-0671V 밥솥,거래중,"28,000원",문정동,2025-09-01,2,15,159,85.1℃,쑥쑥,생활가전,,"새거나 마찬가지.
물넣고 시착테스트 정도

2024년 12월 제조

CR-0671V",28000
밥솥,쿠쿠 밥솥,쿠쿠 6인용 밥솥 CR-0675FW,예약중,무료나눔,삼전동,2026-08-02,6,7,557,39℃,kindmen777,생활가전,,"깔끔한 디자인의 쿠쿠 6인용 전기밥솥 CR-0675FW 판매해요
사진에서 보시는 것처럼 상태 양호한 제품입니다
다양한 취사 모드와 예약 기능으로 편리하게 사용 가능해요
매일 맛있는 밥을 짓고 싶은 분들께 추천드려요",0
밥솥,쿠쿠 밥솥,쿠쿠 CR-0352FR 3인용 밥솥,거래중,"15,000원",잠실본동,2026-09-01,0,1,55,47℃,소돌,생활가전,,"쿠쿠 3인용 밥솥 CR-0352FR 모델이에요
사진에서 보시는 것처럼 내솥과 뚜껑 분리형으로 세척이 간편해요
에너지소비효율 1등급으로 전기료 절약에도 도움이 된답니다
깔끔한 밥맛을 원하시는 분들께 추천드려요",15000
밥솥,쿠쿠 밥솥,쿠쿠 HZX-B0610FR 6인용 압력밥솥 레드,거래중,"29,000원",오금동,2026-07-03,1,1,108,54.9℃,당근당근,생활가전,,"쿠쿠 압력밥솥 HZX-B0610FR 모델이에요
6인용. 

내솥 벗겨짐 있어요. 사진 확인 부탁드려요.

 자주 밥을 하지 않으시거나 밥이외 요리용으로 추천해요. 하지만 밥은 맛있어요.



가락동 167-7 bhc치킨^^  오전 10시부터 새벽1시까지 가능.  당근페이 가능.",29000
밥솥,쿠쿠 밥솥,쿠첸 & 쿠쿠 압력밥솥,거래중,"20,000원",오금동,2025-09-01,3,6,1559,46.2℃,복숭아,생활가전,,"쿠첸이랑 쿠쿠 압력밥솥 팝니다~ 

두 제품 모두 사용감은 있지만, 아직 사용하는데 취사안데요고처서사용해야돼요개당2만",20000
밥솥,쿠쿠 밥솥,쿠쿠Eco Stainless압력밥솥내솥(10인용),거래중,"10,000원",장지동,2026-08-02,0,3,424,99℃,땅근,생활가전,,"쿠쿠 압력밥솥 10인용 내솥이에요
사진처럼 Eco Stainless 재질.
사용감,실리콘코팅손상.
저렴당근.

",10000
밥솥,쿠쿠 밥솥,쿠쿠 스마트 IH 밥솥 10인용,예약중,"10,000원",위례동,2026-08-25,3,5,352,44.3℃,수달,생활가전,,"쿠쿠 스마트 IH 밥솥 10인용 .
내솥은 교체해서 사용하셔야 돼요
구입해서 3년 정도 사용하다 내솥이
울퉁불퉁하고 벗겨짐이 있어서
새로 바꿨어요..내솥만 구입해 바꿔
사용할실 분 가져가세요.
고무패킹은 최근에 교체했습니다 
밥맛이랑 다른 성능은 최상입니다
",10000
밥솥,쿠쿠 밥솥,쿠쿠 압력 밥솥,거래중,123원,장지동,2025-10-06,3,1,458,99℃,새롭게하소서,생활가전,,"쿠쿠 압력밥솥 저렴하게 판매합니다. 밥솥 상태는 사진과 동일합니다. 압력취사, 백미쾌속 등 다양한 기능이 있습니다. 문의 없으시면 바로 안전결제해주시면 됩니다!

쿠쿠 압력 밥솥 팝니다.

10인용입니다. 

밥할때 김이 좀 새는데 고무패킹 교환해서 사용 하실분 연락주세요..

(고구마를 가스불에 올려놓고 지켜보고 신경쓸필요 없이, 밥솥에다 🍠 고구마 씻어서 💦 아주조금넣고 취사눌러놓으면, 고구마가 맛있게 익어서, 가스불신경 안쓰고 쓰기 좋아요..)


내솥상태 코팅도 벗겨짐 없이 상태는 아주 좋아요. 

내솥만구입하려면 7만원줘야해요.

 내솥 가격보다도 저렴하게 정리중입니다~** 

내솥만 팔아도 이가격은 충분히받아요..

판매: 2만5천원 

빠른선택 하신분에게 드립니다 ~*

서울시 송파구 성남지역은 배송원하시면 배송비1만원 받고 배달가능합니다...",123
밥솥,쿠쿠 밥솥,쿠쿠 3인용 밥솥 CR-0352FR,거래중,"15,000원",삼전동,2026-01-04,3,12,725,87.6℃,핑바,생활가전,직거래ㅡ배명고앞,"쿠쿠 3인용 밥솥입니다
약간 사용감 있습니다
(사진 참고)
2인가정 또는 자취생
추천해요~^^

직거래ㅡ배명고앞 ",15000
밥솥,쿠쿠 밥솥,(최상AAA)쿠쿠 트윈프레셔 IH 압력밥솥 10인용,거래중,"150,000원",잠실본동,2026-08-31,2,16,286,64.6℃,백합화의노래,생활가전,,"쿠쿠 스마트 IH 압력밥솥 10인용 JHR1010FC 모델이에요
사진에서 보이는 것처럼 구성품 모두 잘 갖춰져 있어요
IH 스마트 압력 기술로 맛있는 밥을 지을 수 있답니다
매일 따뜻하고 맛있는 밥을 드시고 싶은 분들께 추천드려요

외관은 흠없이 깨끗합니다 
내솥은 얼마사용하지 않아 사진과 같이 양호합니다 
패킹은 새것입니다 

일반밥솥이 아닌 IH 스마트 고화력 밥솥이라 열판식과 차원이 다릅니다 
고압 무압 기능으로 활용도가 높아요 
밥 찰지게 정말 잘됩니다 밥솥최고입니다 ",150000
밥솥,쿠쿠 밥솥,쿠쿠 Xwall 다이아몬드 6인용 내솥 송파,거래중,"5,000원",마천2동,2026-01-04,1,3,670,78.2℃,JS,생활/주방,,"쿠쿠 Xwall 다이아몬드 6인용 밥솥 내솥입니다
밥솥 내솥 코팅이 벗겨진 부분들이 있습니다 사진 참고해주세요",5000
밥솥,쿠쿠 밥솥,쿠쿠 IH 압력밥솥10인용,예약중,"35,000원",잠실본동,2026-08-31,5,6,94,52.9℃,수야맘,생활가전,무게가 있어 비대면 문고리 거래 원합니다.,"쿠쿠 IH 압력밥솥 10인용입니다. 구입한지 좀 됐지만 냄비밥 해먹으면서 거의 사용하지 않아 약간의 사용감만 있을 뿐 상태 좋아요. 
사진 보면 아시겠지만 내솥과 내부도 깨끗해요. IH 압력 방식으로 맛있는 밥을 지을 수 있어요. 
무게가 있어 비대면 문고리 거래 원합니다. 
거래 후 환불 교환 안됩니다.",35000
밥솥,쿠쿠 밥솥,쿠쿠밥솥,거래중,"25,000원",장지동,2024-09-01,4,4,642,48.8℃,아리,생활/주방,,"쿠쿠밭솥
판매합니다.
밭솥 HJT0660SR

판매장소는 
명륜진사갈비 서울문정점앞",25000
밥솥,쿠쿠 밥솥,쿠쿠 전기 보온 밥솥,거래중,"13,000원",문정동,2021-09-02,13,15,1841,49.5℃,글루씨,디지털기기,,"쿠쿠 전기 보온 밥솥 팝니다.
사용감 있으며 잘 안쓰게 되어 팝니다.


https://www.cuckoo.co.kr/product/product_view.aspx?iproductkey=1035&mmes=1&scatmenucode=shp011&scatrefcode=shp011001
",13000
밥솥,쿠쿠 밥솥,쿠쿠 트윈프레셔 6인용내솥패킹새로교체!,거래중,"150,000원",잠실본동,2026-08-25,0,15,536,39℃,매너당근,생활가전,,"쿠쿠트윈프레셔 6인용 JHT0610FS 


고급스러운 실버 색상입니다.

고무패킹 새거.내솥 한달도 안된 거의 새거입니다.


고압 무압 메뉴 사용해서 잘 사용했습니다.

쿠쿠에서 가장 인기있는 모델중 하나로.

가격도 제일 고가에 분류됩니다.
미세힌 생활 스크레치는 있을수 있습니다.

김새는곳없이 밥 진짜 맛있게 되요!!

다른기능도 이상없구요.

버튼도 다 잘 눌리구요.

가까운곳은 가져다드릴수있어요.

고압 메뉴: 백미, 찰진 백미, 구수한 백미, 찰진 백미 고화력, 백미 쾌속, 잡곡, 찰진 잡곡, 구수한 잡곡, 찰진 잡곡 고화력, 잡곡 쾌속, 현미발아, 누룽지, 고압찜

무압 메뉴: 무압백미, 나물밥, 이유식, 무압찜, 건강죽, 간편식
",150000
밥솥,쿠쿠 밥솥,쿠쿠밥솥 헤리티지 2.0 CRP-HWXB1020FB 판매합니다!!,거래중,"129,999원",문정동,2025-09-01,0,2,108,66.6℃,매너가사람을만든다,생활/주방,직거래시 3만원을 받고 있습니다.,"🥕  ▪️필독▪️🥕

        거래 불발을 막기 위해 항상,언제나
                      📌 예 . 약 . 금. 📌 
         직거래시 3만원을 받고 있습니다. 
                   예약 걸어주세요 🙏
▪여러구매자가 있을시, 무조건 예약금이 선기준.
▪구입 불발 시 약속시간 10분 늦을 시 예약금은 돌려받지 못함🙏
————[👭거래👫] ————
▪ 택배 : 무조건 구매자가 5천원부담

▪ 직거래 :  (따로 주소 알려드림)

️▪네고는 가격제안받기 표시 된 상품만 가능. 

️▪구매하실의사가 있는데 돈이 좀 부족하시면 언제든지 네고 요청해주세요. 
   상식선에서 최대한 맞춰서 판매할게요.  부담 갖지마시고 편하게 연락주세요.🤗
️
▪💥중고물품💥이므로 훼손, 뜯어짐, 파손 사용감 있습니다. 구매 후  
    💥어떠한 사유가있어도 교환, 환불은 안되요. 신중히 구매해주세요.🫡

️▪ 좋은거래해요.  항상 행복한 날 보내세요~ 🥰 🙏",129999
밥솥,쿠쿠 밥솥,쿠쿠 IH 압력밥솥 CRP-HD1010FI 10인용,거래중,"35,000원",문정동,2026-08-30,0,0,,,,,,,35000
밥솥,쿠쿠 밥솥,쿠쿠 3인용 밥솥,거래중,"50,000원",잠실본동,2026-08-28,2,34,1043,39.8℃,슈가대디,생활/주방,,"캠핑용으로 사서 5회정도 사용했습니다.
3인용 밥솥으로 소가족 또는 1인욘으로 적당합니다

파우치도 같이 드려요",50000
밥솥,쿠쿠 밥솥,전기밥솥쿠쿠 쿠쿠 10인용 IH 밥솥 KHT1010FB 로즈골드,거래중,"90,000원",문정동,2026-08-27,0,1,33,46.1℃,천왕봉,생활가전,,,90000
밥솥,쿠쿠 밥솥,쿠쿠 IH 전기밥솥 HTXT1010FS,거래중,"46,000원",문정동,2026-07-03,0,0,,,,,,,46000
밥솥,쿠쿠 밥솥,[미개봉]쿠쿠 트윈프레셔 마스터셰프 저당밥솥 사일런스 오브제 6인용 CRP-OHNLLR0610FGW,예약중,"400,000원",위례동,2026-08-07,7,42,807,84.3℃,해맑은애기공주,생활/주방,문고리거래 / 택배 가능합니다.,"쿠쿠전자 밥솥 CRP-OHNNLR0610FGW 그레이스 화이트 모델이에요 😊

쿠쿠에서 나오는 가장 좋은 밥솥입니다.

미개봉 완박스 상태 그대로 드립니다!


* 예의 갖춘 거래 원합니다.
* 문고리거래 / 택배 가능합니다. 
* 노쇼방지 및 집주소 사전공개 방지위해 입금 확인 후 상세주소 공유합니다. 
* 중고거래 특성상 환불은 어렵습니다. 
* 비대면거래도 사람간의 거래입니다. 기본은 지켜주세요😊",400000
밥솥,쿠쿠 밥솥,경보산업 밥솥칸막이 쿠쿠6인용 NEW-K6-03,거래중,"5,000원",장지동,2024-09-01,5,1,141,45℃,geumbo,생활/주방,"위례 내 직거래 원하며 구매 후 취소, 환불 불가합니다.","쿠쿠 6인용 밥솥 칸막이입니다. 
이유식 때 잠깐 쓰고 보관 중입니다. 

위례 내 직거래 원하며 구매 후 취소, 환불 불가합니다.",5000
밥솥,쿠쿠 밥솥,전기밥솥 쿠쿠 CRP-QS1010FS 10인용 밥솥,거래중,"38,000원",문정동,2026-08-11,0,2,100,46.1℃,천왕봉,생활가전,,,38000
밥솥,쿠쿠 밥솥,쿠쿠 IH 압력밥솥 CRP-HXG0812FB 8인용,거래중,"48,000원",문정동,2026-08-02,0,0,79,46.1℃,천왕봉,생활가전,,,48000
밥솥,쿠쿠 밥솥,쿠쿠 스마트 IH 압력밥솥 10인용 FHV1010FD,예약중,"12,000원",위례동,2026-08-09,1,3,400,44.6℃,아티스트홍,생활가전,문고리 거래 가능합니다,"쿠쿠 스마트 IH 압력밥솥 10인용입니다 사용감 있어 저렴하게 판매합니다 
IH 압력 방식으로 맛있는 밥을 지을 수 있답니다
매일 먹는 밥, 이 밥솥으로 더욱 맛있게 즐겨보세요
문고리 거래 가능합니다 ",12000
밥솥,쿠쿠 밥솥,전기밥솥쿠쿠 쿠쿠 스마트 IH 밥솥 DHR061FS 6인용,거래중,"115,000원",문정동,2026-08-19,0,1,57,46.1℃,천왕봉,생활가전,,,115000
밥솥,쿠쿠 밥솥,쿠쿠 4인용 전기밥솥 (논스틱 코팅) 송파,예약중,"30,000원",마천2동,2026-08-02,2,18,239,41.4℃,뚱이언니,생활/주방,문고리 거래합니다.,"깔끔한 디자인의 쿠쿠 4인용 전기밥솥이에요.
엄마 사드렸는데 4인용은 작다고 하셔서 판매합니다ㅠㅠ 2번 사용 해보셨다합니다.
박스는 버리셧다고 하셔서 없구요. 보이는게 다입이다.

교환×, 환불 ×, 예민하신분은 피해주세요.
문고리 거래합니다.
",30000
밥솥,쿠쿠 밥솥,쿠쿠 IH 압력밥솥 HUХF103SR 레드,거래중,"87,000원",문정동,2026-08-02,0,3,132,46.1℃,천왕봉,생활가전,,"쿠쿠 IH 압력밥솥 HUХF103SR 레드 색상이에요
스마트 IH 기능과 압력 취사 기능이 탑재되어 있어요
내솥은 블랙샤인 코팅으로 되어있고, 에너지 소비효율 1등급 제품이에요
맛있는 밥을 짓고 싶으신 분들께 추천드려요  내솥 흠없이  깨끗하고 좋습니다 밥마름 방지  이중바킹  음성알림기능 ",87000
밥솥,쿠쿠 밥솥,쿠쿠 전기압력밥솥 CRP-FA0661SP 6인용,예약중,"5,000원",오금동,2026-08-02,2,0,167,42.4℃,nostalgia,생활가전,,"깔끔한 화이트 핑크 색상의 쿠쿠 압력밥솥 CRP-FA0661SP 6인용이에요
사진에서 보이는 것처럼 내부 구성품 모두 깨끗하게 보존되어 있어요
다양한 취사 모드로 맛있는 밥을 지을 수 있답니다
매일 따뜻하고 맛있는 밥을 드시고 싶은 분들께 추천드려요",5000
밥솥,쿠쿠 밥솥,쿠쿠 CRP-L1061SB 10인용 압력밥솥,거래중,"36,000원",문정동,2026-07-03,0,0,130,46.1℃,천왕봉,생활가전,,"쿠쿠 10인용 압력밥솥 CRP-L1061SB 판매해요
사진에서 보이는 것처럼 구성품은 밥솥 본체와 내솥입니다
깔끔한 디자인으로 어떤 주방에도 잘 어울려요
맛있는 밥을 짓고 싶으신 분들께 추천드려요",36000
밥솥,쿠쿠 밥솥,쿠쿠밥솥/가격내림,예약중,"30,000원",가락동,2025-09-01,7,8,,36.9℃,필기호,생활가전,,"쿠쿠 3인용 밥솥입니다 1-2인 가구에 딱이고 밥도 쌀 종류별대로 금방 잘됩니다
현재 판매가 같이 올려드립니다
구매하실분 연락주세요

이사정리판매
판매기한 12/26",30000
밥솥,쿠쿠 밥솥,쿠쿠 업소용 밥솥 CR-3055B,예약중,"30,000원",문정2동,2025-12-05,3,4,301,36.8℃,꼬부기,생활가전,,"쿠쿠 업소용 밥솥 CR-3055B 모델입니다
스테인리스 재질로 되어있고, 밥솥 외부에 사용감은 있지만, 내부밥솥은 새로산지 얼마안됐습니다 
- 뛰어난 보온력으로 밥맛을 오래 유지시켜 줍니다
- 대용량 취사가 가능하여 많은 양의 밥을 한 번에 준비할 수 있습니다",30000
밥솥,쿠쿠 밥솥,쿠쿠 CRP-RT107FC 10인용 압력밥솥,거래중,"170,000원",잠실본동,2026-09-01,0,1,15,59.8℃,나는나야,생활가전,,"쿠쿠 CRP-RT107FC 10인용 전기압력밥솥이에요
사진에서 보이는 것처럼 내부 코팅도 깨끗하고 외관도 깔끔해요
10인용으로 넉넉하게 사용할 수 있어요
맛있는 밥을 짓고 싶으신 분들께 추천드려요
박스없는새제품",170000
밥솥,쿠쿠 밥솥,쿠쿠 6인용 IH밥솥 HVT0610SR,거래중,"50,000원",잠실본동,2026-08-31,0,7,56,99℃,아임화인,생활/주방,,"쿠쿠 6인용 IH 밥솥 판매합니다. 
내솥과 패킹 상태,좋습니다.
패킹은 최근에  교체했습니다.
성능 이상없고,내외부 깨끗합니다

쿠쿠전자 CRP-HVT0610SR
/IH압력밥솥/6인용/분리형커버/자동세척/소비전력: 1,040W/무게: 5.6kg/마블코팅/크기:36.2cm x 26.5cm x 25.4cm",50000
밥솥,쿠쿠 밥솥,쿠쿠 10인용 음성 압력밥솥 CRP-QS1010FGㅇ,거래중,"62,000원",잠실본동,2026-07-03,1,4,,,,,,,62000
밥솥,쿠쿠 밥솥,쿠쿠 IH 압력밥솥 JHR1060FD 10인용,거래중,"80,000원",잠실본동,2026-08-02,3,4,542,45.4℃,당근이용자,생활가전,,"쿠쿠 IH 압력밥솥 JHR1060FD 모델이에요
10인용으로 넉넉하게 사용할 수 있어요
사진에서 보이는 것처럼 다양한 메뉴와 기능을 갖추고 있답니다
맛있는 밥을 짓고 싶으신 분들께 추천드려요
네고❌❌❌❌",80000
밥솥,쿠쿠 밥솥,쿠쿠 CRP-DH105FI 압력밥솥 10인용,거래중,"20,000원",잠실본동,2026-09-01,1,0,90,37.1℃,뚱뚱엄마,생활가전,,"쿠쿠 CRP-DH105FI 압력밥솥 10인용입니다^^
모든기능정상작동입니다~
사진에나온것처럼아주깨끗한상태입니다~
뚜껑안쪽코팅이좀벗겨졋지만(마지막사진참고)
사용에는별지장없어요~
직접가져가실분우선입니다^^
반ㆍ환(NO)",20000
밥솥,쿠쿠 밥솥,"(내솥 특SS급) 쿠쿠 IH 압력밥솥 10인용 CHXB1010FS 실버,",거래중,"148,000원",잠실본동,2026-08-27,2,20,1033,73.5℃,드래곤아이언,생활/주방,,,148000
밥솥,쿠쿠 밥솥,쿠쿠 10인용 전기압력밥솥,거래중,"38,000원",잠실본동,2026-08-02,0,6,611,99℃,매화,생활가전,직거래만 가능해요~,"모델명 CRP-K1021MR 
사진에서 보이는 것처럼 깔끔하게 사용했어요
맛있는 밥을 지어줄 똑똑한 밥솥을 찾으시는 분들께 추천드려요
** 뒷면 물받이는 없습니다 **

중고라서 물건에 큰 하자 없으면 교환, 환불은 어려운 점 이해 부탁드려요~
직거래만 가능해요~",38000
밥솥,쿠쿠 밥솥,쿠쿠 CRP-R1010FC 10인용 밥솥,거래중,"59,000원",잠실본동,2026-08-25,2,5,410,88.7℃,호랑이할배,생활가전,,"쿠쿠 CRP-R1010FC 10인용 압력밥솥이에요
내솥은 다이아몬드 코팅으로 되어있어 밥이 잘 눌어붙지 않아요
사진에서 보시는 것처럼 구성품은 밥솥 본체와 내솥입니다
맛있는 밥을 짓고 싶으신 분들께 추천드려요 
밥도잘되고 내외부작동 상태이상없고 내솥상태양호합니다 ",59000
밥솥,쿠쿠 밥솥,쿠쿠 CRP-HGXG1010FR 10인용 레드 밥솥,거래중,"40,000원",장지동,2026-08-21,0,2,,,,,,,40000
밥솥,쿠쿠 밥솥,쿠쿠 CRP-M1010FR 10인용 압력밥솥,거래중,"55,000원",장지동,2026-08-22,0,5,147,99℃,수산,생활가전,,"쿠쿠 압력밥솥 10인용 CRP-M1010FR 모델이에요
내솥은 X-Wall 마블 코팅으로 되어있어요
에너지 소비효율 등급 1등급 제품입니다
맛있는 밥 지어 드시고 싶은 분들께 추천드려요
압력좋아요
음성안내됨
내솥깨끗해요
잘벗겨지지않고
잘눌러붙지않는
내솥입니다.",55000
밥솥,쿠쿠 밥솥,쿠쿠 CRP-FA0621MR 6인용 압력밥솥,거래중,"27,000원",장지동,2026-08-30,1,2,90,39.5℃,태구모,생활가전,,"쿠쿠 압력밥솥 6인용으로
정상적으로작동합니다
사진참조 하세요 밥잘하고 보온도 이상없어요
압도 안세요 예민 하신분 패스 중고에요
전혀문제없습니다",27000
밥솥,쿠쿠 밥솥,쿠쿠 압력밥솥 10인용,거래중,"175,000원",장지동,2026-08-15,1,3,390,45.6℃,나무그늘,생활가전,,"3년정도  사용했어요 
한달전에 내솥  12만원에
새거로 교체했습니다 
밥 잘되고 알림 음성 잘 나옵니다 
",175000
밥솥,쿠쿠 밥솥,쿠쿠 3인용 밥솥 CR-0365FR 레드,거래중,"30,000원",장지동,2026-08-27,1,12,654,41℃,손지타,생활가전,,"쿠쿠 3인용 밥솥 CR-0365FR 레드 색상이에요
사진에서 보이는 것처럼 깔끔하게 사용했어요
밥솥 본체와 전원선이 구성품이에요
작지만 맛있는 밥을 지어주는 똑똑한 밥솥이랍니다",30000
밥솥,쿠쿠 밥솥,쿠쿠 CRP-N0610FP 6인용 레드 압력밥솥,거래중,"50,000원",장지동,2026-08-28,0,3,133,99℃,양파,생활가전,,,50000
밥솥,쿠쿠 밥솥,쿠쿠 압력밥솥 CRP-N0680SR 레드 6인용,거래중,"55,000원",장지동,2026-08-07,3,1,104,99℃,당근당근,생활가전,,,55000
밥솥,쿠쿠 밥솥,쿠쿠 IH 압력밥솥 HQXT0310FR 레드 3인용,거래중,"57,000원",장지동,2026-08-23,2,10,338,88.7℃,호랑이할배,생활가전,,,57000
밥솥,쿠쿠 밥솥,쿠쿠 IH 압력밥솥 10인용 레드,거래중,"75,000원",장지동,2026-08-24,0,2,158,59.1℃,찐빵,생활가전,,"깔끔한 디자인의 쿠쿠 IH 압력밥솥 10인용이에요
사진에서 보시는 것처럼 내부 구성품 모두 잘 갖춰져 있답니다
IH 압력 방식으로 맛있는 밥을 지을 수 있어요 내솥깨끝해요
매일 따뜻하고 맛있는 밥을 드시고 싶은 분들께 추천드려요.내외부청소.기능시험다했읍니다.바킹교환했읍니다",75000
밥솥,쿠쿠 밥솥,쿠쿠IH 압력밥솥 HSXBG06FB 6인용마지막인하.,거래중,"50,000원",장지동,2026-08-27,1,18,1054,81.4℃,코스모스,생활가전,,,50000
밥솥,쿠쿠 밥솥,쿠쿠 10인용 풀스테인리스 커브드 내솥,거래중,"10,000원",장지동,2026-09-01,0,0,34,51.1℃,jja,생활가전,,"쿠쿠 10인용 밥솥 내솥이에요
풀스테인리스 커브드 디자인으로 되어있어요
사진에서 보이는 것처럼 내부 눈금 표시도 잘 되어 있답니다
밥맛을 살려주는 내솥으로 맛있는 밥 지어 드세요",10000
밥솥,쿠쿠 밥솥,쿠쿠 CRP-N0680SR 6인용 레드 압력밥솥,거래중,"69,000원",장지동,2026-08-28,1,3,137,38.2℃,기쁨,생활가전,,,69000
밥솥,쿠쿠 밥솥,쿠쿠 IH 압력밥솥 10인용 KHT1020FD,거래중,"124,000원",장지동,2026-08-23,2,18,571,75.1℃,나올심더,생활가전,,"쿠쿠 IH 압력밥솥 10인용 KHT1020FD 판매해요
- 풀 스테인리스 4.0으로 제작되어 위생적이고 오래 사용할 수 있습니다
- 고압과 무압 취사가 모두 가능하여 다양한 밥맛을 즐길 수 있습니다
- 에너지 소비 효율 1등급 제품입니다
- 내솥 재코팅 전문 회사에서 재코팅하여 사용이 적어서 깨끗해요
- 패킹 얼마전 교환 했구요
- 쿠쿠 밥솥중에 고급형 입니다",124000
밥솥,쿠쿠 밥솥,쿠쿠 IH 압력밥솥 10인용 레드,거래중,"80,000원",장지동,2026-08-30,1,2,151,61.1℃,물망초,생활가전,,"쿠쿠 IH 압력밥솥 10인용 레드 색상이에요
사진에서 보이는 것처럼 내부 밥솥 상태도 깨끗하고 외관도 깔끔해요
IH 압력 방식으로 맛있는 밥을 지을 수 있어요
온 가족이 함께 먹기 좋은 10인용 사이즈라 활용도가 높아요. 다양한기능이있어편리하답니다. 음성기능 살균세척 찜 탕 모든걸 할수있는. 아이랍니다 필요하신분. 쳇 주세요",80000
밥솥,쿠쿠 밥솥,쿠쿠 IH 압력밥솥 CHP1010FW 밥솥 10인용,거래중,"100,000원",장지동,2026-07-03,3,29,6838,46.3℃,가나다,생활가전,,,100000
밥솥,쿠쿠 밥솥,쿠쿠 6인용 밥솥 내솥,거래중,"35,000원",장지동,2026-08-25,2,21,1683,75.1℃,나올심더,생활가전,,"쿠쿠 6인용 밥솥 내솥이에요
사진에서 보이는 것처럼 깨끗하게 사용했어요
밥솥 내솥만 필요하신 분께 추천드려요
내솥 재코팅 전문 회사에서 재코팅한 재품입니다",35000
밥솥,쿠쿠 밥솥,쿠쿠 IH 10인용 밥솥 레드,거래중,"95,000원",장지동,2026-08-15,0,0,152,44.1℃,요리하는캥거루,생활가전,,"쿠쿠 IH 10인용 밥솥입니다
레드 색상으로 깔끔하고 예뻐요
IH 기술로 맛있는 밥을 지을 수 있어요
밥솥 구매를 고민하시는 분들께 추천드려요


가져다 드립니다",95000
밥솥,쿠쿠 밥솥,쿠쿠 10인용 내솥 CRP-FH S1010FG,거래중,"60,000원",장지동,2026-09-01,1,1,34,74.8℃,환영합니다24시간,생활가전,바로구매 나 문고리합니다,"쿠쿠 10인용 일자형 내솥 CRP-FH S1010FG 판매해요
사진에서 보이는 것처럼 내솥만 있어요
새 제품 가격은 173,510원이에요
밥맛을 살려주는 쿠쿠 내솥으로 맛있는 밥 지어 드세요 
쿠쿠 정품을 전문업체에서 (재코팅)한 새제품입니다 뒤에 사진에 적용되는. 모델번호 올렸습니다 참고해주세요 
구매후 반품환불안됩니다 신중한구매해주세요 
바로구매 나 문고리합니다",60000
밥솥,쿠쿠 밥솥,쿠쿠 IH 압력밥솥 HSXB0630FB,거래중,"90,000원",장지동,2026-08-02,0,7,634,50.8℃,감쟈,생활가전,,"쿠쿠 IH 압력밥솥 HSXB0630FB 모델이에요
사진에서 보이는 것처럼 구성품은 밥솥 본체와 내솥입니다
IH 압력 방식으로 맛있는 밥을 지을 수 있어요
매일 따뜻하고 맛있는 밥을 드시고 싶은 분들께 추천드려요",90000
밥솥,쿠쿠 밥솥,쿠쿠 프리미엄 2기압 IH압력밥솥 3인용 블랙,거래중,"180,000원",장지동,2026-08-02,2,83,2551,64.2℃,모히또조아,생활가전,,,180000
밥솥,쿠쿠 밥솥,😁쿠쿠 스마트 IH 압력밥솥 10인용,거래중,"180,000원",장지동,2026-07-03,4,27,778,85.9℃,미니멀,,,"😁쿠쿠 스마트 IH 압력밥솥 10인용 판매해요

※ 2022.12제조
👌사진에 보이는 구성품 그대로 드려요

👌에너지소비효율 1등급 제품입니다

👍맛있는 밥을 짓고 싶으신 분들께 추천드려요.

※몇회 사용하지 않았어요.
※거의 새제품 수준입니다.
※매장에서 50~60만원대 판매되고 있어요.",180000
밥솥,쿠쿠 밥솥,쿠쿠10인용 최고급 IH 압력밥솥 내솥상태 좋아요,거래중,"160,000원",장지동,2026-08-27,2,22,617,64℃,나루,생활가전,,,160000
밥솥,쿠쿠 밥솥,쿠쿠 CRP-CHAS109FW 10인용 내솥,거래중,"60,000원",장지동,2026-09-01,1,1,28,74.8℃,환영합니다24시간,생활가전,,"쿠쿠 CRP-CHAS109FW 모델에 사용 가능한 커브형 내솥이에요
10인용 밥솥에 맞는 내솥이며, 사진처럼 깔끔한 상태를 유지하고 있어요
새 제품 가격은 181,000원이며, 내솥만 필요하신 분들께 좋은 기회예요
쿠쿠 정품을 전문업체에서( 재코팅한) 새제품입니다 
밥맛을 살려주는 좋은 내솥으로 맛있는 밥 지어 드세요
마지막 사진에 적용되는 모델 올렸습니다 참고하세요 ",60000
밥솥,쿠쿠 밥솥,쿠쿠 스마트IH 압력밥솥 10인용,거래중,"150,000원",장지동,2026-08-02,1,6,440,40.8℃,hr,생활가전,,"쿠쿠 스마트IH 압력밥솥 10인용이에요
더 비싼 밥솥 선물 받아서 판매합니다. 혼자 살아서
밥취사 하자마자 바로 소분해서 냉동고에 넣으면서 사용해서 사용감은 많이 없어요.
작동 잘하고 한달에 1-2번 정도 백미 취사만 했습니다.",150000
밥솥,쿠쿠 밥솥,쿠쿠 IH 압력밥솥 6인용,거래중,"70,000원",장지동,2026-08-08,0,15,1025,99℃,삼가동신사,생활가전,,"밥맛 좋고 성능 좋은 쿠쿠 압력밥솥 6인용이에요
내솥도 전반적으로 컨디션이 매우 좋습니다
깨끗하게 사용해서 받은 대로 바로 사용하실 수 있어요
매일 맛있는 밥 지어 드시고 싶은 분들께 추천드려요",70000
밥솥,쿠쿠 밥솥,쿠쿠 IH압력밥솥 FHLV1010FG 로즈골드 10인용,거래중,"140,000원",장지동,2026-08-02,1,2,570,36.6℃,투안이,생활가전,,,140000
밥솥,쿠쿠 밥솥,쿠쿠 CR-0632FV 핑크 6인용 밥솥,거래중,"13,000원",장지동,2026-08-07,0,1,,,,,,,13000
밥솥,쿠쿠 밥솥,쿠쿠 6인용 IH 트윈프레셔 CRP-LHTR0610FB 밥솥,거래중,"150,000원",장지동,2026-08-02,3,14,876,36.7℃,분식집연기컨설턴트,생활가전,,,150000
밥솥,쿠쿠 밥솥,쿠쿠 IH압력밥솥 (배송가능),거래중,"50,000원",풍납1동,2026-07-03,2,4,448,43℃,4006,생활가전,,"쿠쿠 IH압력밥솥 10인용입니다
IH 압력 방식으로 맛있는 밥을 지을 수 있답니다
매일 따뜻하고 맛있는 밥을 드시고 싶은 분들께 추천드려요

가까운곳은 배송가능이요 ",50000
밥솥,쿠쿠 밥솥,쿠쿠 HVTO6105SR 6인용 레드 IH 압력밥솥,거래중,"32,000원",풍납1동,2026-08-30,2,9,325,83.2℃,7080,생활가전,,,32000
밥솥,쿠쿠 밥솥,쿠쿠 압력밥솥 CRP-FA0661SP 6인용,거래중,"25,000원",풍납2동,2026-08-02,3,11,397,54.4℃,밤일낮잠,생활/주방,,"쿠쿠 압력밥솥 CRP-FA0661SP 모델이에요
6인용으로 넉넉하게 사용할 수 있어요
사진에서 보시는 것처럼 깔끔한 상태를 유지하고 있어요
맛있는 밥을 짓고 싶으신 분들께 추천드려요",25000
밥솥,쿠쿠 밥솥,쿠쿠 밥솥 CR-0331I 화이트/오렌지,거래중,"15,000원",풍납2동,2026-08-26,1,0,53,38.9℃,시루봉농원,생활가전,,"쿠쿠 밥솥 CR-0331I 모델이에요
화이트와 오렌지 색상 조합이 깔끔하고 예뻐요
사진에서 보이는 것처럼 밥솥 본체와 전원선이 구성품이에요
따뜻한 밥을 지어 드시고 싶은 분들께 추천드려요

차박  민박 캠핑  갈때 사용하면 좋아요",15000
밥솥,쿠쿠 밥솥,쿠쿠 CRP-P107FR 10인용 압력밥솥 레드,거래중,"55,000원",풍납동,2026-08-17,0,12,281,80.2℃,밤하늘에별,생활가전,,,55000
밥솥,쿠쿠 밥솥,쿠쿠 6인용 압력밥솥,거래중,"38,000원",풍납동,2026-05-04,0,4,534,99℃,나냐,생활가전,,,38000
밥솥,쿠쿠 밥솥,[6인용 압력밥솥-고압/무압 둘다 가능] 쿠쿠 스마트 IH 압력 밥솥 JHT0610FS,거래중,"140,000원",풍납동,2026-08-02,1,33,2697,55.2℃,Mini,생활가전,,,140000
밥솥,쿠쿠 밥솥,쿠쿠 6인용 전기압력밥솥 CRP-BR065FB,거래중,"180,000원",풍납동,2026-08-23,0,8,257,43.5℃,집을살려줘,생활가전,,,180000
밥솥,쿠쿠 밥솥,쿠쿠 IH 압력밥솥 HNX B1080FB 10인용,거래중,"40,000원",풍납동,2026-08-16,2,1,822,42.4℃,실로,생활가전,,"쿠쿠 IH 압력밥솥 HNX B1080FB 10인용이에요
사진에서 보이는 것처럼 구성품은 본체와 전원선입니다
IH 압력 방식으로 맛있는 밥을 지을 수 있어요
매일 따뜻하고 맛있는 밥을 드시고 싶은 분들께 추천드려요(반품.환불 절대안됨)",40000
밥솥,쿠쿠 밥솥,쿠쿠 압력밥솥 10인용 CRP-G103MP,거래중,"44,000원",풍납동,2026-08-02,0,1,113,41.7℃,blue,생활/주방,,"쿠쿠 압력밥솥 10인용 CRP-G103MP
에너지 소비효율 등급 1등급
내솥 코팅도 벗겨짐 없이 깨끗하게 사용했어요
",44000
밥솥,쿠쿠 밥솥,쿠쿠 10인용 밥솥 내솥,거래중,"60,000원",풍납동,2026-09-01,0,4,145,99℃,돈불,생활가전,,"쿠쿠 10인용 밥솥 내솥이에요
사진에서 보이는 것처럼 내부 코팅이 잘 되어 있어요
밥맛을 살려주는 내솥으로 맛있는 밥 지어 드세요
깔끔한 밥솥 내솥을 찾으시는 분들께 추천드려요
밥솥내부는깨끗해요 외부는 변색있음 ",60000
밥솥,쿠쿠 밥솥,쿠쿠 CRP-N0680SR 6인용 레드 압력밥솥,거래중,"60,000원",풍납동,2026-08-13,0,6,583,99℃,수산,생활가전,,,60000
밥솥,쿠쿠 밥솥,쿠쿠 압력밥솥 CRP-E0620M 레드,거래중,"36,000원",풍납동,2026-08-19,3,7,517,97.8℃,godvwo1hdg,생활가전,,"깔끔한 디자인의 쿠쿠 압력밥솥이에요
CRP-E0620M 모델로 압력 취사 기능이 탑재되어 있어요
사진에서 보이는 것처럼 레드 색상으로 주방 어디에나 잘 어울린답니다
맛있는 밥을 짓거나
구운계란삶은용도로  추천드려요",36000
밥솥,쿠쿠 밥솥,쿠쿠 트윈프레셔 CRP-ST069FGI 밥솥,거래중,"100,000원",위례동,2026-08-14,5,43,3320,48.8℃,동현,생활가전,북위례 문고리거래,"쿠쿠 트윈프레셔 밥솥 CRP-ST069FGI 모델이에요
6인용으로 넉넉하게 사용할 수 있어요
사진에서 보이는 것처럼 깔끔하게 사용했어요
맛있는 밥을 짓고 싶으신 분들께 추천드려요
북위례 문고리거래",100000
밥솥,쿠쿠 밥솥,쿠쿠 CRP-R067FB 압력밥솥,거래중,"39,000원",문정2동,2026-08-30,0,0,37,99℃,새롭게하소서,생활가전,,"쿠쿠 압력밥솥 CRP-R067FB 모델이에요
6인용으로 넉넉하게 사용할 수 있어요
사진에서 보이는 것처럼 깔끔하게 사용했어요
맛있는 밥을 짓고 싶으신 분들께 추천드려요

밥솥 내솥은 코팅벗겨짐 있어서 밥솥본체만 저렴하게 판매합니다..

예민하신분은 폐스해주세요~**~",39000
밥솥,쿠쿠 밥솥,쿠쿠 IH 압력밥솥 10인용,거래중,"67,000원",마천동,2026-08-02,1,8,342,41.2℃,멍이맘,생활가전,,"깔끔한 디자인의 쿠쿠 IH 압력밥솥 10인용이에요
사진에서 보이는 것처럼 구성품은 본체입니다
이사로인해 내놔요
맛있는 밥을 지어줄 똑똑한 밥솥을 찾으시는 분들께 추천드려요",67000
밥솥,쿠쿠 밥솥,쿠쿠 스마트 IH 밥솥 JHR0610FB 6인용,거래중,"120,000원",문정동,2026-08-24,0,5,143,42.2℃,당근이라면,생활가전,,"쿠쿠 인기모델 입니다.색상도 브라운색상이라.

실제로보면 더 고급스러워보입니다.


시진 모델명 쪽 이외는 외부 깨끗하구요.

밥 아무이상 없이 김새는곳 없이 잘 되구요.

고무패킹 한달전 교체

내솥 아주 작게 찍힘 이외에 상태좋습니다.

사진확인해주세요.


자동세척.분해세척까지 완료했습니다.



가까운곳 배달 가능합니다.


원산지 국산
용량 6인용
방식 IH압력
조작방식 터치식, 그림화면, 버튼식
내솥코팅
Xwall블랙샤인코팅
내솥재질
Full스텐Eco커브드웨이브내솥
패킹 2중모션패킹
와이드&플랫
뚜껑
Full스텐커버, 분리형내솥커버, 원터치분리
요리종류
백미, 잡곡, 영양밥, 김초밥, 현미발아, 영양죽, 삼계탕, 누룽지, 묵은쌀, 이유식, 영양찜, 현미, 홍삼, 만능찜, 멀티국, 치즈, 요거트, 백미저압, 저,고압찜
쾌속취사 백미(13분), 잡곡(26분)
취사
맞춤밥맛, 맞춤취사, 예약취사, 고화력,


쿠쿠 스마트 IH 압력밥솥 6인용 브라운 색상이에요
직접 터치 방식으로 편리하게 사용할 수 있어요
IH 기술로 맛있는 밥을 지어준답니다
매일 따뜻하고 맛있는 밥을 드시고 싶으신 분들께 추천드려요",120000
밥솥,쿠쿠 밥솥,쿠쿠 30인용 업소용 전기밥솥 CR-3055B,거래중,"20,000원",가락본동,2026-09-01,1,0,34,37.9℃,긍정적삶,생활가전,,"업소용으로 사용하기 좋은 쿠쿠 30인용 전기밥솥이에요
대용량으로 많은 양의 밥을 지을 수 있어 편리해요
내솥과 본체 모두 튼튼한 스테인리스 재질로 되어있어요
많은 양의 밥을 빠르고 맛있게 지을 수 있어 식당이나 행사장에서 사용하기 좋아요

2개있습니다. 개당가격",20000
밥솥,쿠쿠 밥솥,쿠쿠 전기밥솥,거래중,"50,000원",문정동,2026-08-02,19,22,732,54.5℃,호야호야,생활가전,,"깔끔한 디자인의 쿠쿠 전기밥솥 (3인용 예상)
다양한 메뉴 설정이 가능해서 편리하게 사용하실 수 있어요.",50000
밥솥,쿠쿠 밥솥,쿠쿠밥솥(6인용),거래중,"41,000원",오금동,2026-06-03,2,7,534,43.2℃,민귀,생활가전,,"쿠쿠 6인용 hvb0680sr

구입한지는 9년정도됐고 내솥은 3년전인가 교체한번했습니다. 깨끗하게 사용했어요! 이사하면서 내놔요

반품불가x",41000
밥솥,쿠쿠 밥솥,쿠쿠 밥솥 CH-0365FR,거래중,"17,000원",오금동,2025-11-05,2,5,535,39.6℃,콩이,생활/주방,오금현대아파트앞,"쿠쿠 밥솥 CH-0365FR 모델입니다
압력밥솥아니고 일반밥솥입니다",17000
밥솥,쿠쿠 밥솥,쿠쿠 HZX-B0610FR 압력밥솥 레드,거래중,"29,000원",거여동,2026-08-02,1,3,214,50.2℃,이사ing,생활가전,,"쿠쿠 IH 압력밥솥 HZX-B0610FR 모델이에요
레드 색상으로 주방 어디에나 잘 어울려요
압력이 작동고장인데 밥 짓는건 문제 없습니다",29000
밥솥,쿠쿠 밥솥,쿠쿠 IH압력밥솥 10인용 CRP-JHR1060FD 다크티타늄실버,거래중,"130,000원",거여1동,2026-05-04,1,13,667,58.2℃,수처작주,생활가전,,"쿠쿠 IH압력밥솥 10인용 CRP-JHR1060FD 다크티타늄실버 모델이에요
사진에서 보이는 것처럼 깔끔하게 사용했어요
IH 압력 기술로 맛있는 밥을 지을 수 있어요
매일 맛있는 밥을 짓고 싶은 분들께 추천드려요",130000
밥솥,쿠쿠 밥솥,쿠쿠 6인용 밥솥 CR-0675FW 화이트,거래중,"20,000원",마천동,2026-09-01,1,7,181,55.5℃,예삐네,생활가전,,"깔끔한 화이트 색상의 쿠쿠 6인용 밥솥이에요
모델명은 CR-0675FW이며, 2024년 05월 제조 상품이에요
내솥 용량은 1.08L이고, 소비 전력은 600W입니다
매일 맛있는 밥을 짓고 싶은 분들께 추천드려요",20000
밥솥,쿠쿠 밥솥,쿠쿠6인용 스마트 IH 밥솥 2023.2,거래중,"45,000원",마천동,2026-09-01,0,1,11,49.2℃,알투,생활가전,,,45000
밥솥,쿠쿠 밥솥,쿠쿠 CRP-QS1010FGM 10인용 압력밥솥,거래중,"10,000원",마천동,2026-09-01,1,0,,,,,,,10000
밥솥,쿠쿠 밥솥,쿠쿠 밥솥 CR-0675FW,거래중,"50,000원",마천동,2026-08-30,4,24,688,48℃,당근욤뇸,생활가전,,"3월에 구매하고 사용을 안해서 판매해요
하자 없고 새거나 다름 없어요",50000
밥솥,쿠쿠 밥솥,쿠쿠 CRP-P0615FWS 6인용 압력밥솥,거래중,"30,000원",마천동,2026-08-16,3,19,8816,41.7℃,바다,생활가전,,"쿠쿠 압력밥솥 CRP-P0615FWS 모델이에요
6인용으로 넉넉하게 사용할 수 있답니다
사진에서 보시는 것처럼 구성품은 밥솥 본체와 박스가 있어요
맛있는 밥을 짓고 싶으신 분들께 추천드려요 내솣 스크레치많아요 교체해서 사용하기 바람니다",30000
밥솥,쿠쿠 밥솥,쿠쿠 3인용 전기밥솥 CR-0375FW 화이트 단순 개봉,거래중,"60,000원",마천동,2026-09-01,1,7,168,43.8℃,두언,생활가전,,,60000
밥솥,쿠쿠 밥솥,쿠쿠 스마트 IH 밥솥 DHP0610FD 6인용,거래중,"35,000원",마천동,2026-08-31,2,7,379,43.3℃,김민수,생활가전,,"쿠쿠 스마트 IH 밥솥 DHP0610FD 모델이에요
6인용으로 넉넉하게 사용할 수 있어요
사진에서 보이는 그대로의 상태이며, 내부 밥솥에 사용감이 있어요
맛있는 밥을 짓고 싶으신 분들께 추천드려요

밥솥 내솥에 흠집이 많아서 싸게 팔게요.",35000
밥솥,쿠쿠 밥솥,쿠쿠 IH 밥솥 DHS069FD 6인용,거래중,"40,000원",마천동,2026-09-01,0,1,116,51.1℃,jja,생활가전,,"쿠쿠 스마트 IH 밥솥 6인용이에요
사진에서 보이는 것처럼 깔끔한 디자인을 자랑해요
IH 기술로 맛있는 밥을 지을 수 있답니다
매일 따뜻하고 맛있는 밥을 드시고 싶은 분들께 추천드려요",40000
밥솥,쿠쿠 밥솥,쿠쿠 6인용 전기밥솥,거래중,"45,000원",마천동,2026-08-29,1,35,765,36.8℃,뀨오빠,생활가전,,"깔끔한 디자인의 쿠쿠 6인용 전기밥솥이에요 
구매한지 6개월 됐고 몇번 사용 안 해서 깔끔해요 사용해도 바로 밥 소룬 하고 수세미가 아니라 스펀지로 닦아내서 기그 전혀 없고 새상품급입니다!",45000
밥솥,쿠쿠 밥솥,쿠쿠 3인용 밥솥 CR-0375FW,거래중,"50,000원",마천동,2026-08-02,8,36,2127,51.4℃,향기로운그녀,생활가전,,"깔끔한 화이트 색상의 쿠쿠 3인용 밥솥이에요
CR-0375FW 모델로 밥맛을 살려주는 기능이 있어요
작지만 알찬 기능으로 매일 맛있는 밥을 지을 수 있답니다
혼자 또는 둘이서 사용하기 딱 좋은 사이즈예요",50000
밥솥,쿠쿠 밥솥,쿠쿠 3인용 밥솥 CR-0675FW 화이트 판매합니다.,거래중,"12,000원",마천동,2026-08-16,9,14,781,38.7℃,지붕,생활가전,,,12000
밥솥,쿠쿠 밥솥,쿠쿠 압력밥솥 6인용 SRP-0611FI,거래중,"45,000원",마천동,2026-09-01,0,0,11,53℃,풀입,생활가전,,,45000
밥솥,쿠쿠 밥솥,쿠쿠 6인용 밥솥 CR-1055B,거래중,"43,000원",위례동,2026-08-19,1,5,150,68.9℃,딸기,생활가전,,"깔끔한 화이트 색상의 쿠쿠 6인용 밥솥 CR-1055B입니다
내솥 포함 구성품 모두 사진으로 확인 가능해요
새 제품 가격은 10만원대입니다
매일 맛있는 밥을 짓고 싶은 분들께 추천드려요
한두번 사용후 보관만 한 제품 입니다 

중고 특성상 구매후 환불은 어려워요 ^^",43000
밥솥,쿠쿠 밥솥,쿠쿠 트윈프레셔 10인용 밥솥 CRP-ST1010FW 화이트,거래중,"120,000원",마천동,2026-08-26,3,28,1150,53.2℃,봄아,생활가전,,,120000
밥솥,쿠쿠 밥솥,쿠쿠 밥솥 6인용,거래중,"54,000원",마천동,2026-08-02,1,23,5099,39.3℃,히헤혀,생활가전,,"구매 4년된 밥솥입니다.
고압취사가 고장나 무압취사만 가능합니다 As받으러
가시면 될 것 같습니다.
편하게 연락주세요",54000
밥솥,쿠쿠 밥솥,쿠쿠 마스터셰프 사일런스 10인용 밥솥 그레이스 화이트,거래중,"480,000원",위례동,2026-08-16,1,0,61,36.7℃,ryan,생활가전,,"미개봉 새제품입니다


쿠쿠 마스터셰프 사일런스 밥솥 10인용 그레이스 화이트 모델이에요
박스만 개봉한 새 상품으로 구성품 모두 그대로 있어요
깔끔하고 모던한 디자인으로 주방 어디에나 잘 어울릴 거예요
매일 맛있는 밥을 짓고 싶은 분들에게 추천드려요",480000
밥솥,쿠쿠 밥솥,쿠쿠 스마트 IH 밥솥 DHR0610FS 6인용,거래중,"68,000원",마천동,2026-08-31,0,16,604,88.7℃,호랑이할배,생활가전,,"쿠쿠 스마트 IH 밥솥 6인용입니다
사진에서 보시는 것처럼 깔끔한 상태를 유지하고 있어요
다양한 요리 모드를 지원하여 활용도가 높습니다
맛있는 밥을 짓고 싶으신 분들께 추천드려요",68000
밥솥,쿠쿠 밥솥,쿠쿠 CRP-QS1010FG 10인용 로즈골드 밥솥,거래중,"50,000원",마천동,2026-08-31,2,9,435,40.7℃,하늘,생활가전,,,50000
밥솥,쿠쿠 밥솥,쿠쿠 CRP-ST0610FW 6인용 밥솥,거래중,"105,000원",마천동,2026-08-23,4,26,843,88.7℃,호랑이할배,생활가전,,"쿠쿠 트윈프리셔6인용 밥솥 CRP-ST0610FW 판매해요
사진에 보이는 구성품 그대로 드려요
깔끔한 디자인으로 주방 어디에나 잘 어울려요
맛있는 밥 지어줄 똑똑한 밥솥을 찾으신다면 추천드려요
밥도잘되고내외부작동상태이상
없고내솥상태양호합니다
그외자세한것은사진으로확인하세요구입시기22,12
",105000
밥솥,쿠쿠 밥솥,쿠쿠 IH 압력밥솥 JHP0610FGPS 6인용,거래중,"230,000원",마천동,2026-09-01,0,1,16,61.3℃,쿠스코,생활/주방,,"새상품 쿠쿠 IH 압력밥솥 JHP0610FGPS 6인용이에요
풀 스테인리스 2.0 마스터 모델로 깔끔하고 고급스러워요
IH 압력 방식으로 맛있는 밥을 지을 수 있답니다
매일 먹는 밥, 건강하고 맛있게 드시고 싶으신 분들께 추천드려요
새상품입니다 ",230000
밥솥,쿠쿠 밥솥,쿠쿠밥솥 CRP-JHR0660FD,거래중,"50,000원",마천동,2026-08-02,2,9,260,37℃,데이지,생활가전,,,50000
밥솥,쿠쿠 밥솥,쿠쿠 밥솥,거래중,"40,000원",마천동,2026-08-21,0,1,1450,58.5℃,츄러스,생활가전,,"사용감 다소 
솥 바꾸시거나 막 쓰실 분 추천",40000
밥솥,쿠쿠 밥솥,쿠쿠 IH압력밥솥 HLF109SXR 10인용 레드,거래중,"60,000원",마천동,2026-09-01,0,0,18,38℃,강가3,생활가전,,,60000
밥솥,쿠쿠 밥솥,쿠쿠 CRP-QS1020FG 10인용 밥솥 로즈골드,거래중,"130,000원",마천동,2026-08-14,2,10,190,45℃,멋져부러,생활가전,,,130000
밥솥,쿠쿠 밥솥,쿠쿠 스마트 IH 밥솥 AHP1010FD 10인용,거래중,"20,000원",마천동,2026-09-01,0,9,623,43.8℃,두언,생활가전,,,20000
밥솥,쿠쿠 밥솥,쿠쿠 스마트 IH 밥솥 DHXB0610FS 6인용(실사용2회),거래중,"190,000원",마천동,2026-09-01,0,1,28,41.8℃,아나아나,생활가전,,,190000
밥솥,쿠쿠 밥솥,쿠쿠 스마트 IH 밥솥 DHXB0610FS,거래중,"48,000원",마천동,2026-08-19,2,20,2196,53.5℃,프레셔스,생활가전,,"쿠쿠 스마트 IH 압력밥솥 DHXB0610FS 모델이에요
사진으로 보시는 것처럼 내부도 깔끔하게 사용했어요
다양한 요리 모드로 맛있는 밥을 지을 수 있답니다
건강하고 맛있는 밥을 매일 드시고 싶은 분들께 추천드려요",48000
밥솥,쿠쿠 밥솥,쿠쿠 에그밥솥 6인용 화이트,거래중,"40,000원",마천동,2026-08-28,2,3,385,36.2℃,Xmsozpql,생활가전,,"쿠쿠 전기보온 에그밥솥 6인용이에요
혼자 사용했고 사용감은 조금있으나 세척해서 사용하시면 깨끗하십니다! 다른 기능 문제는 없어요
연락주시면 사진 보여드릴게요",40000
밥솥,쿠쿠 밥솥,쿠쿠 6인용 트윈프레셔 Smart IH 압력밥솥 (CRP-JHTR0610FD),거래중,"75,000원",마천동,2026-08-28,1,19,1528,57.4℃,Mac,생활가전,,,75000
밥솥,쿠쿠 밥솥,쿠쿠 6인용 CRP-ST0610FW 밥솥,거래중,"135,000원",마천동,2026-08-30,1,2,233,65.3℃,엔지니어,생활가전,,"쿠쿠 CRP-ST0610FW 모델 밥솥이에요
정상적으로 작동 합니다 
음성가이드 패킹 지금 교환
교환 내솥 양호 ",135000
밥솥,쿠쿠 밥솥,쿠쿠 IH 압력밥솥 CRP-DHX80610FS 6인용,거래중,"116,000원",가락2동,2026-08-25,1,2,100,54.6℃,가락,생활가전,,"쿠쿠 IH 압력밥솥 6인용 판매해요
사진에 보이는 그대로 구성품 모두 있어요
에너지소비효율 1등급 제품입니다
맛있는 밥을 짓고 싶으신 분들께 추천드려요
전부 분해해서 새척해 놨습니다",116000
밥솥,쿠쿠 밥솥,쿠쿠 IH 밥솥 HZXB0610FR 레드 6인용,거래중,"15,000원",거여동,2026-08-09,2,8,175,66.4℃,강변사랑,생활가전,마천역 1번출구 직거래원해요,"쿠쿠 IH 압력밥솥 6인용 판매해요
IH 스마트 기능으로 맛있는 밥을 지을 수 있어요
내솥은 블랙샤인 코팅으로 밥알이 눌어붙지 않아요
사용감 있으니 신중한구매 당부드려요
식혜나 약밥 해먹으려 보관했는데 안써서 당근해요

마천역 1번출구 직거래원해요 ",15000
밥솥,쿠쿠 밥솥,쿠쿠 IH 전기압력밥솥 10인용,거래중,"225,000원",거여1동,2026-08-17,0,0,84,36.5℃,옥희뽕,생활가전,,"쿠쿠 IH 전기압력밥솥 10인용 모델입니다
사진에서 보이는 구성품 그대로 드려요
깔끔한 디자인으로 주방 어디에나 잘 어울려요
맛있는 밥을 짓고 싶으신 분들께 추천드려요",225000
밥솥,쿠쿠 밥솥,쿠쿠 IH압력밥솥 CRP-N0610FP 6인용,거래중,"35,000원",장지동,2026-04-04,1,0,178,77.3℃,플립이,생활가전,,"쿠쿠 IH압력밥솥 CRP-N0610FP 6인용입니다
- 밥맛이 좋고 에너지 효율이 높은 1등급 제품입니다
- 2013년 6월 제조되었으며, 사용감은 있지만 깨끗하게 사용했습니다
- 찰진밥, 부드러운밥 등 다양한 밥맛을 선택할 수 있습니다
- 6인용이라 넉넉하게 밥을 지을 수 있습니다

밥 아주 맛있게
잘됩니다. 밥솥을 바꿔서 판매합니다^^",35000
밥솥,쿠쿠 밥솥,쿠쿠 IH압력밥솥 HQXT0310FR 3인용,거래중,"108,000원",거여동,2025-11-05,1,1,457,41.4℃,헬창인생,생활가전,,"쿠쿠 IH압력밥솥 HQXT0310FR 모델입니다.
- 내솥, 고무링 새걸로 교채해서 비싸게 팔아요
- 3인용 사이즈입니다
- 에너지 소비 효율 등급은 2등급입니다
- 밥솥 내부에는 계량컵이 함께 들어있습니다
신세계에서 산 밥솥입니다",108000
밥솥,쿠쿠 밥솥,쿠쿠 트윈프레셔 6인용,거래중,"440,000원",가락2동,2025-09-01,0,1,271,47.4℃,나의작은천사에게,생활가전,,"미개봉 새상품

crp-phtr0610fws 

루미웜실버색 입니다

새제품 최저가느누496,630 이네여",440000
밥솥,쿠쿠 밥솥,쿠쿠 밥솥 CR-0375FW,거래완료,"20,000원",가락동,2026-08-18,2,0,56,41.9℃,밍첼,생활가전,,"깔끔한 화이트 색상의 쿠쿠 밥솥입니다.
내솥과 뚜껑 분리가 가능해서 세척이 편합니다.
사용에 전혀 문제는 없습니다만 식구가 늘면서 좀더 용량이 큰 밥솥을 구입하면서 내놓게 되었습니다. 
3인 식구로 나온 제품입니다만 사용한 바로는 1~2인정도가 밥 먹기 괜찮을 것 같고 
3인 식구는 한번 더 밥을 지어야될 정도의 양입니다.
중고제품이라 소소한 사용감은 있으니 고려해주세요-
내부 구성품 밑 뒤 물받이 통은 세척해서 건조 후 설치해서 드립니다.",20000
밥솥,쿠쿠 밥솥,쿠쿠 밥솥,거래완료,"70,000원",오금동,2026-08-02,5,6,374,52.6℃,블루베리당근,생활가전,,"CRP-DHP0610FD
연식은 있지만 사용을 얼마 안 해서 팝니다
집에서 밥을 거의 안해먹네요
6인용",70000
밥솥,쿠쿠 밥솥,쿠쿠 트윈프레셔 밥솥 CRP-ST0610FW 6인용,거래완료,"45,000원",거여동,2026-08-02,5,9,156,37.5℃,노루,생활가전,,"쿠쿠 트윈프레셔 밥솥
CRP-ST0610FW 6인용입니다",45000
밥솥,쿠쿠 밥솥,쿠쿠 6인용 전기밥솥 CR-0675FW,거래완료,"20,000원",거여동,2026-07-03,2,2,89,40.6℃,솔리상점,생활가전,,"깔끔한 디자인의 쿠쿠 6인용 밥솥 CR-0675FW에요
내솥, 계량컵, 주걱 모두 포함되어 있어요
에너지소비효율 1등급으로 전기료 부담도 적어요

2년정도사용했고 깨끗합니다 내솥을떨어뜨려서 살짝 찌그러졌는데 사용하는데 전혀 문제없어요~",20000
밥솥,쿠쿠 밥솥,쿠쿠 6인용 에그밥솥 CR-0675FW,거래완료,"25,000원",가락동,2026-06-03,1,2,115,43.3℃,짼짼이,생활가전,,"쿠쿠 밥솥 CR-0675FW 모델이에요
사진에서 보시는 것처럼 내부가 깨끗하게 관리되었어요
밥솥은 역시 쿠쿠죠
맛있는 밥 지어 드실 분께 추천드려요

6인용 밥솥입니다.

사용한지는 2년좀 넘었습니다만 집에서 밥을 잘 안해먹어서 실사용은 6개월정도 될거에요!!

모두 깨끗하게 씻어서 보관중입니다!!

사용하는데 전혀 문제없어요!

밥주걱도 있어요!",25000
밥솥,쿠쿠 밥솥,쿠쿠 밥솥 6인용 IH 압력밥솥,거래완료,"50,000원",문정2동,2026-08-18,2,4,1311,61.1℃,yyyyeeee,생활가전,,"쿠쿠 6인용 IH 압력밥솥입니다
2019년쯤 구매한것 같아요
모델명: CRP-JHT0610FS

* 제조사: 쿠쿠전자
* 제품: 트윈프레셔 IH 전기압력밥솥
* 용량: 6인용
* 방식: IH 압력
* 2기압 취사 + 무압 취사
* 풀 스테인리스 분리형 커버
* 에너지소비효율 1등급
* 크기 약 269 × 268 × 392mm
* 무게 약 6.8kg 

정품 IH 풀스테인리스 내솥 따로 구매해서 사용하려면
약 14만~15만원대정도인 것 같아요. 
잔기스가 있긴해서 이 점 감안해주세요",50000
밥솥,쿠쿠 밥솥,쿠쿠 3인용 전기밥솥 CR 0375 FW,거래완료,"30,000원",오금동,2026-08-04,3,4,113,41.7℃,울레미,생활가전,,,30000
밥솥,쿠쿠 밥솥,쿠쿠 트윈프레셔 IH 밥솥 6인용 LHTR0610FW,거래완료,"20,000원",문정동,2026-08-02,2,3,534,54.6℃,푸른하늘은하수,생활가전,,"쿠쿠 트윈프레셔 IH 밥솥 6인용 LHTR0610FW 모델이에요 (밥통없음)
스마트 IH 기능으로 맛있는 밥을 지을 수 있어요
사진에서 보이는 구성품 그대로 드려요
깔끔한 디자인으로 주방 어디에나 잘 어울려요
매일 맛있는 밥을 짓고 싶은 분들께 추천드려요",20000
밥솥,쿠쿠 밥솥,쿠쿠 CRP-RT069FP 압력밥솥 6인용 문정1동,나눔완료,무료나눔,거여동,2026-08-13,1,2,124,38℃,안젤라,생활가전,,"쿠쿠 압력밥솥 6인용 CRP-RT069FP 모델이에요
사진에서 보이는 것처럼 깔끔하게 사용했어요
오늘까지 사용한 제품이예요
 내솥이 약간 흠이 났지만 밥은 아주 잘되요
작년에 내솥과 고무 패킹은 교체했었습니다
밥솥을 선물 받아 나눔합니다",0
밥솥,쿠쿠 밥솥,쿠쿠 CRP-R108FB 10인용 압력밥솥 로즈골드,거래완료,"59,000원",장지동,2026-08-24,1,3,132,99℃,새롭게하소서,생활/주방,,"쿠쿠 CRP-R108FB 10인용 압력밥솥이에요
로즈골드 색상으로 주방 어디에나 잘 어울려요
내솥은 풀 스테인리스로 되어있어 위생적으로 사용할 수 있어요
맛있는 밥을 짓고 싶으신 분들께 추천드려요",59000
밥솥,쿠쿠 밥솥,쿠쿠 CRP-ST1010FW 밥솥,거래완료,"90,000원",위례동,2026-06-03,1,0,78,40.5℃,sm7157,생활가전,,"쿠쿠 CRP-ST1010FW 제품입니다.
깔끔한 디자인으로 주방 어디에나 잘 어울려요

실사용1번있는 거의새제품입니다 1인가구라 생각보다쓸일이없더라구요..깨끗합니다",90000
밥솥,쿠쿠 밥솥,쿠쿠 IH 밥솥 FHX8061FD 10인용,거래완료,"89,000원",문정2동,2026-08-17,0,5,247,99℃,새롭게하소서,생활가전,,"쿠쿠 스마트 IH 압력밥솥 10인용입니다
사진에서 보시는 것처럼 깔끔한 상태를 유지하고 있어요
다양한 취사 모드를 지원하여 원하는 밥맛을 즐길 수 있습니다
맛있는 밥을 짓고 싶으신 분들께 추천드려요

쿠쿠 FHXB0610FD 전기밥솥입니다. 외관 상태 좋고, 디스플레이도 잘 나옵니다. 다양한 요리 모드를 지원하며, 에너지 절약 기능도 있습니다. 

 밥, 잡곡, 영양죽 등 다양한 메뉴를 터치로 간편하게 선택할 수 있습니다. 밥솥 상태는 사진과 동일하며, 깨끗하게 사용별로 안했습니다. 

쿠쿠 IH압력밥솥 6인용 모델입니다
- 풀 스테인리스 에코로 위생적입니다
- 스마트 IH 기능으로 밥맛을 조절할 수 있습니다

- 분리형 커버로 세척이 용이합니다
- 에너지 효율이 좋습니다

사용은 별로 안해서 전체적으로 상태는 아주최상급으로 좋아요~**~

내솥과 패킹도 깨끗하고 김도 안새며 밥도 잘됍니다~ 

압력밥솥 밥 쾌속 해도 밥 찰지고 맛있게 잘됩니다 ~*~*

음성안내 기능이 있어서 어르신들 사용하시기에도 좋아요~**~

정상작동 안되면 100% 환불해드립니다..

서울시 송파구 성남지역은 배송원하시면 배송비1만원 받고 배달가능합니다..

빠른선택 쿨거래 하시는 한분에게 드립니다..

",89000
밥솥,쿠쿠 밥솥,쿠쿠밥솥,거래완료,"30,000원",위례동,2026-08-02,3,4,207,42.7℃,모디바,생활가전,직거래나 문고리 거래만 할께요,"새 밥솥을 들이게 되서 판매합니다
밥은 항상 냉동밥으로 얼려서 먹어서 
딱 밥하는용으로만 사용했어요
위에 솥커버랑 항상 분리해서 세척 잘해서 사용했습니다
맛있는밥 하는데 전혀 지장 없어요 ! (다른용도로 가볍게 사용하는것도 추천드려요)
솥은 겉부분 까짐 있어서 참고 해주세요 ㅠ

직거래나 문고리 거래만 할께요",30000
밥솥,쿠쿠 밥솥,쿠쿠 CRP-QST1010FD 10인용 압력밥솥,거래완료,"25,000원",거여동,2026-08-14,1,5,70,36.8℃,소소당근,생활가전,,"쿠쿠 압력밥솥 10인용입니다. 
구입 연도는 2019년도 이고 잔기스등이 있지만 사용은 잘됩니다.
밥솥이 무거워서 작은 밥솥을 구매하면서 당근 합니다.",25000
밥솥,쿠쿠 밥솥,쿠쿠 IH압력밥솥 HTX-B1011FB 10인용,거래완료,"40,000원",거여동,2026-08-02,1,6,126,37.3℃,체육관디저트멘토,생활가전,,"쿠쿠 IH압력밥솥 10인용입니다
사진에서 보이는 것처럼 에너지효율 1등급 받은 제품이에요
내솥과 본체 모두 깔끔하게 사용했어요
맛있는 밥 지어 드시고 싶은 분들께 추천드려요",40000
밥솥,쿠쿠 밥솥,쿠쿠 스마트 IH 압력밥솥 FHR-L0610FG,거래완료,"69,000원",장지동,2026-08-18,1,12,755,99℃,새롭게하소서,생활가전,,"쿠쿠 스마트 IH 압력밥솥 6인용입니다. IH 압력 방식으로 맛있는 밥을 지을 수 있어요. 구성품은 사진에 보이는 밥솥 본체입니다. 밥솥이 필요하신 분께 추천드려요

밥, 잡곡, 영양죽 등 다양한 메뉴를 터치로 간편하게 선택할 수 있습니다. 밥솥 상태는 사진과 동일하며, 깨끗하게 사용별로 안했습니다. 

쿠쿠 IH압력밥솥 6인용 모델입니다
- 풀 스테인리스 에코로 위생적입니다
- 스마트 IH 기능으로 밥맛을 조절할 수 있습니다

- 분리형 커버로 세척이 용이합니다
- 에너지 효율이 좋습니다

사용은 별로 안해서 전체적으로 상태는 양호합니다 ~**~

내솥과 패킹도 깨끗하고 김도 안새며 밥도 잘됍니다~ 

압력밥솥 밥 쾌속 해도 밥 찰지고 맛있게 잘됩니다 ~*~*

음성안내 기능이 있어서 어르신들 사용하시기에도 좋아요~**~

서울시 송파구 성남지역은 배송원하시면 배송비1만원 받고 배달가능합니다..

예민하신분은 폐스해주세요..",69000
밥솥,쿠쿠 밥솥,쿠쿠 IH 압력밥솥 FHTAS1010FW 10인용,거래완료,"60,000원",거여동,2026-08-02,2,4,141,38.3℃,Ashley,생활가전,,"1번사용,거의 새것입니다. 즉석밥을 사먹어서 사용 안했습니다.

쿠쿠 스마트 IH 압력밥솥 FHTAS1010FW 모델이에요.

10인용으로 넉넉하게 사용할 수 있답니다
에너지소비효율 1등급으로 전기료 절약에도 좋아요.

맛있는 밥을 짓고 싶으신 분들께 추천드려요

",60000
밥솥,쿠쿠 밥솥,쿠쿠밥솥(하자있음),거래완료,"40,000원",오금동,2026-08-09,1,2,156,43.9℃,쌀국수조하,생활/주방,,"오류가 조금 나요

밥은 잘 지어지구요

오류가 나면 전원콘센트를 뺐다가 끼우면 됩니다

내솥값만 10만원이 넘었어요

사용감은 있습니다

사진 다 넘겨보시고 톡주세요
",40000
밥솥,쿠쿠 밥솥,쿠쿠 CR-0675FW 6인용 전기밥솥,거래완료,"30,000원",거여동,2026-07-03,1,1,79,48.8℃,원스텝,생활가전,직거래만가능합니다,"쿠쿠 CR-0675FW 6인용 전기밥솥이에요
사진에서 보이는 것처럼 깔끔한 
상태를 유지하고 있어요

직거래만가능합니다 

마천동 84-9 
CU 편의점",30000
밥솥,쿠쿠 밥솥,쿠쿠 CRP-ST1010FW 밥솥,거래완료,"80,000원",위례동,2026-06-03,3,3,114,41.3℃,달려라그루,생활/주방,,"10인 밥솥이라 생각보다 너무 크네요.
2인식구라 ㅠㅠ ... 새로운 대식구 찾습니다.
상태 정말 깨끗합니다.",80000
밥솥,쿠쿠 밥솥,쿠쿠 압력밥솥 6인용,나눔완료,무료나눔,가락동,2026-08-28,2,2,75,36.5℃,카라,생활가전,문고리 거래 원해요~,"쿠쿠 압력밥솥이예요~밥짓는 기능으로만^^
6인용으로 넉넉하게 사용할 수 있어요
사진에서 보이는 것처럼 세월의 흔적은 있지만 지난주까지 밥짓는 데 문제 없었구요, 밥 맛있게 잘 지어집니다. 이번에 새로 밥솥 구매하게 되서 나눔합니다
문고리 거래 원해요~
가동초등학교 근처입니다. 연락주시면 오실때
정확한 주소 알려드릴게요",0
밥솥,쿠쿠 밥솥,쿠쿠 스마트 IH 압력밥솥 6인용 DHR0610FD,거래완료,"30,000원",가락2동,2026-08-05,1,3,125,57.6℃,유니스가든,생활가전,송파더샵루미스타아파트 직거래 혹은 문고리거래합니다!,"쿠쿠 6인용 고화력 IH 압력밥솥 판매합니다.
풀스테인리스 분리형 커버라 위생적으로 세척하며 깨끗하게 사용했습니다. 그리고 할 수 있는한 최대한 깨끗하게 세척해 놓았습니다.

 모델명: CRP-DHR0610FD
 용량: 6인용 (4인 가구정도에 적당)
 상태: 사용감은 있으나 취사 및 보온 작동 아주 잘 됩니다. 내외관 사용감은 사진 참고 부탁드립니다~ 
중고 특성상 환불은 어려우니 사진 확인하시고 편하게 채팅 주세요!

송파더샵루미스타아파트 직거래 혹은 문고리거래합니다!",30000
밥솥,쿠쿠 밥솥,쿠쿠 35분 영업용 밥솥,거래완료,"60,000원",가락본동,2026-08-25,5,0,48,37.8℃,구동,생활가전,,"실사용. 거이 없고요 다른게 있어서 급하게

처분합니다 작동 이상 없고요 깨끗합니다

반품x",60000
밥솥,쿠쿠 밥솥,쿠쿠 미니 밥솥 CR-0675FW,거래완료,"25,000원",잠실3동,2026-08-03,2,1,98,44℃,햇살나무,생활가전,,"깔끔한 디자인의 쿠쿠 미니 밥솥 CR-0675FW 판매해요
2-3인용으로 혼자 또는 둘이서 사용하기 좋아요
다양한 취사 모드와 예약 기능으로 편리하게 사용할 수 있어요
매일 맛있는 밥을 지어 드시고 싶은 분들께 추천드려요",25000
밥솥,쿠쿠 밥솥,쿠쿠 IH 압력밥솥 HMT1060SB 10인용,거래완료,"69,000원",장지동,2026-08-24,0,1,58,99℃,새롭게하소서,생활가전,,"쿠쿠 IH 압력밥솥 10인용 HMT1060SB 판매해요
사진에서 보이는 것처럼 내부 구성품 모두 깨끗하게 관리되었어요
IH 압력 방식으로 맛있는 밥을 지을 수 있답니다
밥솥 하나로 매일 맛있는 집밥을 즐겨보세요

특히 IH압력밥솥으로 밥맛이 좋아요~**~

(그리고 밥솥 바닥면적이 넓어서 누룽지 좋아하시는 분들은 고소한 누룽지도 해먹을 수 있어서 저는 아주 좋았어요) 

제가 여기다 누룽지 해먹으니까 너무 맛있어서 판매안하고 있다가~~~요즘은 직장에서 저녁까지 해결하고 오다보니~~판매합니다..

내솥 코팅도 벗겨짐없이 상태 최상급으로 믿고하셔도 됩니다 ~**~

빠른선택 쿨거래 하시는 한분에게 드립니다..

식당에서 구입하여 손님들에게 맛있는 밥을 드리고 싶은사장님~득템하세요 ~^^*


정상작동 안되면 바로 반품및환불을 해드립니다~**~

그래도 예민하신분은 폐스해주세요..

",69000
밥솥,쿠쿠 밥솥,쿠쿠 IH압력밥솥 6인용 DHP0610FD,거래완료,"35,000원",문정동,2026-07-03,4,1,102,38.1℃,라이프,생활가전,,"쿠쿠 IH압력밥솥 6인용 DHP0610FD 모델이에요
사진에서 보시는 것처럼 깔끔한 상태를 유지하고 있어요
다양한 요리를 맛있게 만들어주는 스마트 IH 기능이 탑재되어 있답니다
매일 맛있는 밥을 짓고 싶은 분들께 추천드려요",35000
밥솥,쿠쿠 밥솥,쿠쿠 IH 압력밥솥 DHB0660FDM,거래완료,"45,000원",문정동,2026-08-02,5,9,298,39.9℃,황족봉타나,생활가전,,"쿠쿠 IH 압력밥솥 DHB0660FDM 모델이에요
다양한 메뉴와 스마트 IH 기능으로 맛있는 밥을 지을 수 있어요
사진에서 보이는 것처럼 깔끔하게 사용했어요
매일 따뜻하고 맛있는 밥을 드시고 싶은 분들께 추천드려요",45000
밥솥,쿠쿠 밥솥,쿠쿠 IH 압력 밥솥 6인용 블랙 CRP-P0660FD,거래완료,"35,000원",장지동,2026-07-03,1,3,193,42.2℃,해바라기,생활가전,,"쿠쿠 IH 압력 밥솥 6인용 블랙 CRP-P0660FD 모델이에요 음성지원되며 실사용2년이내입니다
IH 압력 방식으로 맛있는 밥을 지을 수 있어요
내솥과 본체 모두 깔끔하게 사용했어요~
내솥에 조금의 기스 감안해서 저렴히 판매해요
매일 따뜻하고 맛있는 밥을 드시고 싶은 분들께 추천드려요
패킹분리세척,자동세척 다 완료했습니다",35000
밥솥,쿠쿠 밥솥,쿠쿠 CRP-ST1010FG 10인용 IH 압력밥솥,거래완료,"65,000원",가락동,2026-08-02,2,7,105,40.5℃,고덕사랑5,생활가전,,"쿠쿠 CRP-ST1010FG 10인용 IH 압력밥솥이에요
사진에서 보시는 것처럼 깔끔하게 사용했어요
IH 압력 방식으로 맛있는 밥을 지을 수 있답니다
매일 먹는 밥, 더욱 맛있게 드시고 싶으신 분들께 추천드려요",65000
밥솥,쿠쿠 밥솥,쿠쿠 IH 압력밥솥 HUT1070FH 레드 6인용,거래완료,"30,000원",오금동,2026-08-02,1,0,98,39℃,고승현,생활가전,,"깔끔한 디자인의 쿠쿠 IH 압력밥솥 HUT1070FH 모델이에요
6인용으로 넉넉하게 사용할 수 있고 IH 열판으로 맛있는 밥을 지을 수 있어요
사진에서 보이는 것처럼 생활 스크레치 있습니다
작동 완전 잘 됩니다",30000
밥솥,쿠쿠 밥솥,쿠쿠 6인용밥솥 CRP-FHR0610FD,거래완료,"50,000원",장지동,2026-08-02,2,1,67,63℃,꼬우,생활가전,,"어제까지 정말 잘 쓴 쿠쿠 밥솥이에요
내솥도 주기적으로 바꿔가며 썼습니다
꼭 필요하신분께 드리고 싶어요",50000
밥솥,쿠쿠 밥솥,쿠쿠 CRP-R0655FB 6인용 압력밥솥,거래완료,"60,000원",마천2동,2026-08-02,2,5,246,46.8℃,호랑,생활가전,,"쿠쿠 CRP-R0655FB 6인용 압력밥솥이에요
사진에서 보이는 것처럼 깔끔한 디자인을 자랑해요
다양한 취사 모드를 지원하여 맛있는 밥을 지을 수 있어요

이 제품은 쿠쿠(CUCKOO) 브랜드의 CRP-R0655FB 모델입니다.6인용 용량의 블랙스톤 전기압력밥솥입니다.풀 스테인리스 분리형 커버와 자동세척 기능이 포함되어 있습니다.

딱 2번 밥해먹었습니다.",60000
밥솥,쿠쿠 밥솥,쿠쿠 IH 스마트 IH 밥솥 10인용,거래완료,"45,000원",위례동,2026-07-03,1,2,73,45.5℃,융댕,생활가전,,"쿠쿠 스마트 IH 밥솥 10인용이에요
사진에서 보이는 것처럼 깔끔하게 사용했어요
IH 압력 방식으로 맛있는 밥을 지을 수 있답니다
매일 따뜻하고 맛있는 밥을 드시고 싶은 분들께 추천드려요",45000
밥솥,쿠쿠 밥솥,쿠쿠 6인용 전기밥솥 S급 팝니다,거래완료,"36,000원",위례동,2026-07-03,2,0,166,45.6℃,니니리리,생활가전,,"쿠쿠 6인용 전기밥솥 그레이스화이트 모델이에요
사진에서 보이는 것처럼 깔끔한 상태를 유지하고 있어요
취사를 몇 회 진행하지 않아 상태가 아주 좋습니다
6인용으로 넉넉하게 사용할 수 있어 가정에서 사용하기 좋아요
쿠팡체험단으로 새 밥솥을 얻게되어 산지 얼마 안된 이 밥솥을 저렴하게 판매합니다
멀지 않은 위치면 시간 맞춰 근처까지 가져다 드립니다",36000
밥솥,쿠쿠 밥솥,쿠쿠 3인용 밥솥 CR-0675FW,거래완료,"30,000원",가락동,2025-10-06,2,10,219,43.2℃,산소,생활가전,,"쿠쿠 3인용 밥솥 CR-0675FW 모델 판매합니다

- 3인용 (0.6L)
- 백미, 잡곡, 현미/발아현미 밥 가능
- 자동세척 기능
- 에너지 소비 효율 1등급

거의 쓰지 않아 최상 깨끗 합니다",30000
밥솥,쿠쿠 밥솥,쿠쿠 IH 압력밥솥 JHT0610FS,거래완료,"25,000원",오금동,2026-07-03,1,0,196,58.5℃,하니,생활가전,,"쿠쿠 IH 압력밥솥 JHT0610FS 판매해요
사용은 가능합니다.
그러나 증기가빠지는게 불규칙합니다.
AS받아서 쓰시거나 부품용으로 쓰시기 바랍니다
사진에서 보이는 것처럼 구성품 모두 잘 갖춰져 있어요
잡곡, 고화력, 누룽지, 건강죽 등 다양한 메뉴 조리가 가능해요
깔끔한 디자인으로 주방 어디에나 잘 어울릴 거예요
",25000
밥솥,쿠쿠 밥솥,쿠쿠 멀티쿠커,거래완료,"51,000원",거여동,2026-08-05,1,13,161,43.2℃,마라에이드,생활/주방,,"쿠쿠 멀티쿠커 판매합니다
구매하고 연마제 제거 후 테스트 삼아 쌀밥한번 지어본게 전부입니다 새상품이나 다름없어요 연마제 제거 노동 제가 다했으니 오히려 이득 새상품 8만5천원인데 싸게 데려가세요",51000
밥솥,쿠쿠 밥솥,쿠쿠 CRP-R069FP 6인용 압력밥솥,거래완료,"49,000원",문정2동,2026-08-17,5,3,76,99℃,새롭게하소서,생활가전,,"쿠쿠 압력밥솥 6인용 CRP-R069FP 모델이에요
깨끗하게 사용한 제품으로 내부 솥 상태도 좋아요
사진에서 보시는 것처럼 구성품 모두 갖춰져 있어요
맛있는 밥을 짓고 싶으신 분들께 추천드려요

깨끗하게 세척해 바로 사용할수있도록 깨끗하게 관리되었어요~**~

패킹도 새거로 갈아서 밥 할때 김샘없이 정상작동 됩니다 ~**~

(내솥 사진 확인 하시고 구매요청 하시기 바랍니다.)

가전제품이라 무게가있어서 배송원하시면 서울시 송파구 성남지역은 배송비1만원 받고 배달가능합니다..

반품및환불 어려우니 신중하게 선택해주시면 감사하겠습니다 예민하신분은 폐스해주세요..
",49000
밥솥,쿠쿠 밥솥,쿠쿠 IH 압력밥솥 CRP-HFG061F 6인용,거래완료,"10,000원",문정동,2026-08-02,4,3,155,47.4℃,쟈니,생활가전,,"쿠쿠 IH 압력밥솥 CRP-HFG061F 모델이에요
6인용으로 넉넉하게 사용할 수 있어요
IH 압력 방식으로 맛있는 밥을 지어준답니다
깔끔한 디자인으로 주방 어디에 두어도 잘 어울려요
밥 안 해먹어서 팝니다. 사진처럼 사용감 있습니다.",10000
밥솥,쿠쿠 밥솥,6인용쿠쿠 스마트 IH 압력밥솥 DH066FS,거래완료,"35,000원",거여동,2026-06-03,3,2,106,39.4℃,포포맨,생활가전,,"*쿠쿠 스마트 IH 압력밥솥 DH066FS 모델이에요
*내솥과 본체,패킹교환해서 모두 깔끔하게 관리되어 있어요
*구매후 반품불가요~~",35000
밥솥,쿠쿠 밥솥,쿠쿠 CRP-N0680SR 6인용 압력밥솥 레드,거래완료,"21,000원",거여1동,2026-08-08,2,1,113,38.5℃,찬몽이,생활가전,,"쿠쿠 압력밥솥 CRP-N0680SR 모델이에요
6인용 사이즈로 넉넉하게 사용할 수 있어요
레드 색상으로 주방 어디에나 잘 어울린답니다
맛있는 밥을 짓고 싶으신 분들께 추천드려요",21000
밥솥,쿠쿠 밥솥,쿠쿠 CR-0375FW 미니 밥솥,거래완료,"20,000원",위례동,2026-06-03,2,0,96,55.8℃,또치의당근,생활가전,꿈에그린 문고리합니다,"쿠쿠 미니 밥솥 CR-0375FW 판매해요
사진에서 보시는 것처럼 깔끔한 상태의 제품입니다
작지만 알찬 기능으로 맛있는 밥을 지을 수 있어요
1-2인 가구에 딱 맞는 사이즈로 활용하기 좋아요

제조는 21년 3월이고
햇반 사먹어서 많이 안써서 매우 깨끗해요!

꿈에그린 문고리합니다",20000
밥솥,쿠쿠 밥솥,쿠쿠 HPF0665SE 6인용 IH 압력밥솥 레드,거래완료,"49,000원",문정2동,2026-08-09,1,1,207,99℃,새롭게하소서,생활가전,,"쿠쿠 IH 압력밥솥 6인용입니다
레드 색상으로 깔끔하고 예뻐요
사진에서 보시는 것처럼 구성품 모두 있습니다
맛있는 밥 지어 드실 분께 추천드려요

깔끔한 디자인의 쿠쿠 IH 압력밥솥이에요
6인용으로 구성되어 있으며, 사진에서 보시는 것처럼 내부 구성품 모두 깨끗하게 관리되었어요
IH 압력 방식으로 맛있는 밥을 지을 수 있답니다

사진에서 보이는 것처럼 깔끔한 상태를 유지하고 있어요
IH 압력 기술로 맛있는 밥을 지을 수 있답니다

밥솥 내솥이 작고 가벼워서 손십게 맛있는 밥을 금방해서 먹을 수 있어서 큰밥솥보다 훨씬 활용도가 좋습니다~**~

사용을 별로 안해서 사용감 전체적으로 깔끔하게 아주상태 좋아요..
(그러나 8번사진 보시면 옆에 금이 살짝 났는데 사용하는데는 전혀 문제 없지만 참고 하시고, 저렴하게 득템하세요)

받아보시고 마음에 안드시면 바로 반품및환불을 해드릴수있어요..

정상작동하는 쿠쿠 6인용 밥솥
저렴하게 득템하세요 ~**~

빠른선택 쿨거래 하시는 한분에게 드립니다..

가전제품이라 무게가있어서 배송원하시면 서울시 송파구 성남지역은 배송비1만원 받고 배달가능합니다",49000
밥솥,쿠쿠 밥솥,쿠쿠 10인용 전기밥솥 QK1010BUG 박스새상품,거래완료,"140,000원",위례동,2026-07-03,2,9,229,41.7℃,쿄릭,생활가전,,"쿠쿠 10인용 전기밥솥 QK1010BUG 판매해요
사진그대로 박스포장 새상품입니다.
깔끔한 디자인으로 어떤 주방에도 잘 어울려요^^
맛있는 밥을 짓고 싶으신 분들께 추천드려요.^^",140000
밥솥,쿠쿠 밥솥,쿠쿠 스마트 IH 압력밥솥 JHV1010FB 10인용,거래완료,"50,000원",거여동,2026-07-03,1,5,181,55.2℃,수아레스,생활가전,,"쿠쿠 스마트 IH 압력밥솥 JHV1010FB 모델이에요. 10인용으로 넉넉하게 밥을 지을 수 있어요. 풀 스테인리스 4.0 마스터 커브드 내솥으로 위생적이고 튼튼하게 사용할 수 있답니다. 에너지 소비효율 1등급 제품으로 전기료 부담 없이 사용하기 좋아요. 온 가족이 함께 맛있는 밥을 즐기기에 좋은 밥솥이에요.

사용감은 좀 있습니다. 예민하신준은 선택을 피해 주세요. ",50000
밥솥,쿠쿠 밥솥,쿠쿠 압력밥솥10인용,나눔완료,무료나눔,위례동,2026-08-02,11,11,575,54.2℃,하늘,생활가전,문고리 거래입니다.,"사진4장
1등급. 21년도 10월 제품으로  
불이 들어 왔다 꺼졌다 하는데 써비스받아 쓰셔야 합니다. 사진을 잘 확인해 보시고 가져가실 분은
문고리 거래입니다.",0
밥솥,쿠쿠 밥솥,쿠쿠 6인용 전기보온밥솥 CR-0671V,거래완료,"5,000원",마천동,2026-08-02,1,0,43,40.7℃,통통이,생활가전,,"깔끔한 화이트 색상의 쿠쿠 6인용 전기보온밥솥이에요
CR-0671V 모델로 밥맛을 살려주는 기능이 있어요
사진에서 보이는 구성 그대로 보내드려요
매일 맛있는 밥을 짓고 싶은 분들께 추천드려요   사서 세번쓰고  썼습니다",5000
밥솥,쿠쿠 밥솥,쿠쿠 QS1010FG 압력밥솥 10인용,거래완료,"190,000원",거여동,2026-07-03,1,7,279,41.1℃,깽깽이,생활가전,,"쿠쿠 압력밥솥 QS1010FG 모델이에요
10인용으로 넉넉하게 사용할 수 있어요
박스에 담겨있는 새상품입니다
맛있는 밥을 지어줄 쿠쿠 압력밥솥으로 매일 즐거운 식사 시간을 만들어보세요",190000
밥솥,쿠쿠 밥솥,쿠쿠 CRP-RT069FW 압력밥솥 화이트(내솥있음),거래완료,"10,000원",오금동,2026-08-02,7,3,426,43.8℃,행복가득,생활가전,,"쿠쿠 나눔합니다. 

쿠쿠에 고기찜을 여러번해서 상태가 안 좋아요.. 물 받침대에 구멍 및 금이 가 있습니다. 다만 압력은 잘 되어서 밥, 찜 등 편하게 쓰기에는 좋아요. 요리 다 되면 자동으로 압력이 빠지지 않아 젓가락으로 증기 나오는 곳을 건드려 줘야 합니다~",10000
밥솥,쿠쿠 밥솥,쿠쿠 6인용 밥솥 CR-0632FV 핑크,거래완료,"9,000원",가락2동,2026-08-02,2,1,39,39℃,아아,생활가전,,"쿠쿠 6인용 밥솥 CR-0632FV 핑크 색상이에요
깨끗하게 사용해서 내부 상태도 좋아요
맛있는 밥 지어 드실 분께 추천드려요",9000
밥솥,쿠쿠 밥솥,쿠쿠 CRP-HV0606SR 6인용 레드 IH 압력밥솥,거래완료,"15,000원",장지동,2026-08-05,7,2,148,53℃,우항항,생활가전,,"쿠쿠 IH 압력밥솥 6인용 레드 색상이에요
스마트 IH 기능으로 맛있는 밥을 지을 수 있답니다
내솥과 본체 모두 깔끔하게 사용했어요
밥맛을 중요하게 생각하시는 분들께 추천드려요",15000
밥솥,쿠쿠 밥솥,쿠쿠x하이메이드 밥솥나눔,나눔완료,무료나눔,오금동,2026-08-25,4,1,70,38.2℃,송파궁궁,생활가전,마트앞,"6인용 입니다
가지러오셔야합니다!",0
밥솥,쿠쿠 밥솥,쿠쿠 IH 압력밥솥,거래완료,"30,000원",가락동,2026-06-03,2,2,224,43.1℃,귀욤심,생활가전,,"쿠쿠 IH 압력밥솥입니다
사진에서 보시는 것처럼 구성품 모두 갖춰져 있어요
깔끔한 디자인으로 어떤 주방에도 잘 어울려요
맛있는 밥을 짓고 싶으신 분들께 추천드려요",30000
밥솥,쿠쿠 밥솥,쿠쿠 압력 6인용 밥솥 CRP-FA0621MR,거래완료,"10,000원",문정동,2026-07-03,2,0,46,55.7℃,하늘,생활가전,,"깔끔한 디자인의 쿠쿠 압력 6인용 밥솥이에요
CRP-FA0621MR 모델로 다양한 요리가 가능해요
사진으로 확인 가능한 구성품 모두 있어요
맛있는 밥을 지어줄 든든한 밥솥을 찾으시는 분들께 추천드려요

상태 깨끗하고 양호합니다. ",10000
밥솥,쿠쿠 밥솥,쿠쿠 CRP-QS1020FGM 압력밥솥 10인용,거래완료,"50,000원",거여동,2026-08-02,1,4,49,38.2℃,밍밍이이이,생활가전,,"깔끔한 디자인의 쿠쿠 압력밥솥 10인용이에요
CRP-QS1020FGM 모델로 내부 스테인리스 재질의 밥솥이랍니다
사진으로 보시는 것처럼 내부 상태도 깨끗하게 관리되었어요 예민하신분들 사양",50000
밥솥,쿠쿠 밥솥,쿠쿠 CRP-P067FD 6인용 압력밥솥,거래완료,"13,000원",문정동,2026-08-02,3,2,249,44.2℃,문정동맘,생활가전,,"쿠쿠 6인용 압력밥솥 CRP-P067FD 판매해요
사용감 많아요~
그래서 금방 겟하시라고 저렴히 올립니다
패킹은 교환하심 좋을것같습니다
내솥은 기스가 있어서 보시고 구매하시는거 추천합니다",13000
밥솥,쿠쿠 밥솥,쿠쿠 압력밥솥,거래완료,"30,000원",위례동,2026-06-03,1,0,36,46.5℃,크리스조,생활가전,문고리거래 직거래 모두 가능합니다,"3년전쯤 구매하였고 선물 받은 전기밥솥이 생겨 판매합니다.
문고리거래 직거래 모두 가능합니다
작동은 이상 없이 잘 됩니다 ",30000
밥솥,쿠쿠 밥솥,쿠쿠 트윈프레셔 IH 압력밥솥 10인용,거래완료,"85,000원",가락1동,2026-06-03,2,7,578,42.1℃,바비아빠,생활가전,,"쿠쿠 트윈프레셔 IH 압력밥솥 10인용입니다
사진에서 보이는 것처럼 구성품 모두 잘 갖춰져 있구요,
며칠전 당근에서 95000원에 구매했고  10인용이라 너무커서 6인용으로 바꿀려고 다시판매합니다.
밥 2번해봤는데 압력새지 않고
잘되구요, 내솥도 깨끗합니다
흠이하나있는데 액정시간이 조금흐려요 그외는 완벽합니다.
@송파구(송파동,문정동,가락동,거여동,마천동,오금동,,율현동,자곡동,위례) 직접 가져다 드려요!!!",85000
밥솥,쿠쿠 밥솥,쿠쿠 IH압력밥솥 HNX1020FB 10인용,거래완료,"60,000원",장지동,2026-08-02,3,1,143,53.1℃,주노파파,생활가전,,"깔끔한 디자인의 쿠쿠 IH압력밥솥 HNX1020FB 10인용이에요
사진에서 보시는 것처럼 구성품 모두 잘 갖춰져 있어요
6인용과 함께 사용하다보니 많이 사용 안했어요.
내솥은 바꾼지 얼마 안되었어요.",60000
밥솥,쿠쿠 밥솥,쿠쿠 압력밥솥 HUFX10FR 레드 6인용,거래완료,"23,000원",위례동,2026-08-02,3,7,431,42.9℃,현산,생활가전,,"쿠쿠 압력밥솥 HUFX10FR 모델이에요
6인용으로 넉넉하게 사용할 수 있어요
레드 색상으로 주방 어디에나 잘 어울린답니다
맛있는 밥을 짓고 싶으신 분들께 추천드려요",23000
밥솥,쿠쿠 밥솥,쿠쿠 30인용 밥솥 CR-3031V,거래완료,"25,000원",문정동,2026-08-02,2,1,52,41.4℃,별세는아이,생활가전,,"쿠쿠 30인용 대용량 밥솥이에요
사진에서 보시는 것처럼 깔끔한 상태를 유지하고 있어요
대용량 밥솥이 필요하셨던 분들께 추천드려요",25000
밥솥,쿠쿠 밥솥,쿠쿠 IH압력밥솥 HWF-1060FBS,거래완료,"40,000원",문정동,2026-07-03,3,12,368,43.9℃,춘돌,생활가전,,"쿠쿠 IH압력밥솥 HWF-1060FBS 판매해요
사진에서 보이는 것처럼 IH압력밥솥 기능이 탑재되어 있어요
내솥은 10인용입니다
맛있는 밥을 지어줄 쿠쿠 IH압력밥솥으로 집밥을 즐겨보세요
고무패킹교환 새로했고요  교환후 미사용 오늘 사용테스트 이상없음 확인  내솥 기스거의 없음 ",40000
밥솥,쿠쿠 밥솥,쿠쿠 전기 압력밥솥 6인용 (에너지 1등급),거래완료,"30,000원",위례동,2026-08-02,5,4,252,57.2℃,양탄자,생활가전,,"쿠쿠 IH 압력밥솥(DHP0610FD) 판매합니다.

• 에너지소비효율 1등급으로 전기요금 부담이 적습니다.

• 내솥, 취사 기능 모두 이상 없이 사용 가능합니다.

• 밥은 잘 되지만 예전만큼의 밥맛은 아닌 것 같아 새 제품으로 교체하면서 저렴하게 판매합니다.

✔️ 정가 26만3천원

전기밥솥으로 사용하셔도 되고, 

찜 요리 전용으로 활용하실 분께도 추천드립니다.

4년정도 사용해서 사진과 같이 생활 사용감이 있고 

밥맛이 아주 좋은 편은 아니라 저렴히 올려요.

(무난하게 쓰실 분 추천 예민하신 분 패스부탁드려요)




",30000
밥솥,쿠쿠 밥솥,쿠쿠압력밥솥 6인용,거래완료,"40,000원",위례동,2026-06-03,3,2,283,38℃,바른사람,생활가전,직거래만 가능합니다.,"2022년 구매 제품입니다.
실제 사용은 2년 조금 넘었고
밥솥 선물로 기존 밥솥을 보관하다 정리하려고요
내솥 사용감 있습니다. 참고하시어 구매 결정해주세요.
저는 밥할때만 사용했는데 계란 굽거나 식혜로도 많이 사용하시네요
구매후 반품은 안되는점 알아주세요~~
직거래만 가능합니다.",40000
밥솥,쿠쿠 밥솥,새 상품/ 오늘까지) 쿠쿠 트윈프레셔 밥솥 ST1010FG 10인용,거래완료,"210,000원",오금동,2026-06-03,1,0,28,47.7℃,오금,생활가전,,"쿠쿠 전기압력밥솥 10인용 트윈프레셔 모델입니다.
개봉하지 않은 새 상품입니다.
10인용으로 넉넉하게 사용할 수 있는 밥솥입니다.
오늘까지만 판매합니다.
오늘 구매확정하시고 수령은 편한 시간 말씀해 주세요.",210000
밥솥,쿠쿠 밥솥,쿠쿠 IH압력밥솥 10인용 HMXT1070SB,거래완료,"9,000원",오금동,2026-06-03,1,0,77,47.7℃,오금,생활가전,,"쿠쿠 압력밥솥 10인용입니다. 
취사 중 김이 빠지는데 수리해서 사용하실 분 연락주세요.
사용감 있습니다.
버튼 등 다른 기능은 이상없습니다.",9000
밥솥,쿠쿠 밥솥,쿠쿠 6인용 압력밥솥 HUFX10FR 레드,거래완료,"23,000원",위례동,2026-08-02,2,3,358,42.9℃,현산,생활가전,,"쿠쿠 압력밥솥 6인용 판매해요
모델명은 HUFX10FR이고 색상은 레드예요
내솥과 뚜껑 분리형으로 세척이 편리해요
맛있는 밥을 짓고 싶으신 분들께 추천드려요",23000
밥솥,쿠쿠 밥솥,쿠쿠 CRP-P107FD 10인용 압력밥솥,거래완료,"10,000원",위례동,2026-06-03,2,1,112,59.9℃,트브은,생활가전,GS편의점(뉴송파스타힐스점),,10000
밥솥,쿠쿠 밥솥,쿠쿠 3인용 밥솥 CR-0352FR,거래완료,"4,000원",거여동,2026-08-02,4,4,124,39.5℃,프랭크오션,생활가전,,"쿠쿠 3인용 전기보온밥솥 CR-0352FR이에요
구형 모델이고 밥은 아주 잘 지어져요.
1~2인 가구에서 간단히 쓰기 좋습니다.",4000
밥솥,쿠쿠 밥솥,쿠쿠 IH압력밥솥 10인용 로즈골드,거래완료,"20,000원",문정동,2026-06-03,5,4,217,41.8℃,밤토리,생활가전,,"쿠쿠 IH압력밥솥 10인용 로즈골드 색상이에요
내솥이 기스가 나서 안쓰고 두던 건데 이사가며 판매합니다 겉상태는 아주 깨끗합니다 혹시 내솥교체해서 쓰실분 연락주세요!",20000
밥솥,쿠쿠 밥솥,쿠쿠 CRP-N068FR 6인용 압력밥솥,나눔완료,무료나눔,가락2동,2026-07-03,2,0,104,47.2℃,점구,생활가전,,"이사 때문에 내놓으려다 혹시 가져가실 분 있으실까 해서 올려봅니다~ 
보시다시피 사용감은 많이 있습니다.
작동 잘 됩니다.",0
밥솥,쿠쿠 밥솥,쿠쿠 HPF0665SE 레드 6인용 압력밥솥,거래완료,"49,000원",장지동,2026-08-02,1,5,531,99℃,새롭게하소서,생활가전,,"깔끔한 레드 색상의 쿠쿠 압력밥솥이에요
6인용으로 넉넉하게 사용할 수 있답니다
내솥과 뚜껑 분리형으로 세척도 간편해요
맛있는 밥을 짓고 싶으신 분들께 추천드려요

사진에서 보이는 것처럼 깔끔한 상태를 유지하고 있어요
IH 압력 기술로 맛있는 밥을 지을 수 있답니다
작지만 알찬 기능으로 매일 맛있는 밥을 즐기고 싶으신 분들께 추천드려요

쿠쿠 압력밥솥 백미, 잡곡, 김초밥 등 다양한 메뉴 조리 가능합니다. 압력취사, 재가열 기능도 탑재되어 있습니다.

밥솥 내솥이 작고 가벼워서 손십게 맛있는 밥을 금방해서 먹을 수 있어서 큰밥솥보다 훨씬 활용도가 좋습니다~**~

사용을 별로 안해서 사용감 전체적으로 깔끔하게 아주상태 좋아요..

(그러나 8번사진 보시면 옆에 금이 살짝 났는데, 밥하는데 전혀지장 없는 곳이에요~~이것 때문에 싸게 내놓습니다)

적당한 가격제안 맞으면 드릴께요~**~


구매하셔서 밥을 해보시고 정상작동 안되면 바로 반품및환불을 해드립니다..

정상작동하는 쿠쿠 6인용 밥솥
저렴하게 득템하세요 ~**~

빠른선택 쿨거래 하시는 한분에게 드립니다..

가전제품이라 무게가있어서 배송원하시면 서울시 송파구 성남지역은 배송비1만원 받고 배달가능합니다

",49000
밥솥,쿠쿠 밥솥,쿠쿠 IH 압력밥솥 6인용,거래완료,"15,000원",거여동,2026-06-03,2,2,445,41.1℃,깽깽이,생활가전,,"쿠쿠 IH 압력밥솥 6인용 판매해요
사진에 보이는 구성품 그대로 드려요
내솥은 별도 구매해서 사용 하시면 될 것 같아요.",15000
밥솥,쿠쿠 밥솥,쿠쿠 CRP-P067FD 6인용 압력밥솥 블랙 급처~,거래완료,"40,000원",문정동,2026-07-03,1,4,62,55.2℃,robin9110,생활가전,직거래 문정동아아파트에서 가능합니다,"쿠쿠 6인용 압력밥솥 CRP-P067FD 모델 처분합니다

깔끔한 블랙 색상으로 7년전 20만대에 구매했는데 10회도 사용안했습니다

밥솥 내부와 구성품 모두 사진으로 확인 가능해요

직거래 문정동아아파트에서 가능합니다",40000
밥솥,쿠쿠 밥솥,쿠쿠 에코스테인리스 커브드 내솥 6인용,거래완료,"27,000원",장지동,2026-03-05,15,12,1355,47.4℃,오렌지맛당근,생활/주방,문고리 거래할게요.,"1년 안썼는데 새로 밥솥을 구매하게되어 판매합니다.

안쪽에 스크래치 살짝 있습니다.
사진 확인해주세요.

사용했던 밥솥 모델명 : CRP-OHTR0620FGV

문고리 거래할게요.
",27000
밥솥,쿠쿠 밥솥,쿠쿠 IH 6인용 압력밥솥 HXB0660FC,거래완료,"25,000원",문정1동,2026-07-03,1,1,56,38.6℃,다일라,생활가전,,"쿠쿠 IH 압력밥솥 HXB0660FC 모델. 6인용이고요.
내솥상태 깨끗합니다. 
트윈펠리스101아파트 맞은편 린나이가스가게 앞에서 거래 가능합니다~
",25000
밥솥,쿠쿠 밥솥,고장난 쿠쿠 10인용 압력밥솥,거래완료,"1,000원",위례동,2026-08-02,7,3,162,42.9℃,남하차,생활/주방,,"잠금 헤제가 고장났습니다.
그래서 취사가 안됩니다.
보온 용도만 쓰실분 부품으로 쓰실분.",1000
밥솥,쿠쿠 밥솥,쿠쿠 10인용 전기보온밥솥 새상품,거래완료,"75,000원",가락동,2026-06-03,2,2,77,47.8℃,첨밀밀,생활가전,,"엄마한테 사드렸는데 안쓰신다해서 판매합니다
상품에 대한 설명은 아래 링크 참고하세요!


https://m.brand.naver.com/cuckoo/products/12443094410?NaPm=ct%3Dmpkyz6lx%7Cci%3Dcheckout%7Ctr%3Dppc%7Ctrx%3Dnull%7Chk%3Df2d99812a933c4475df4556d098fcbcc61c0c687",75000
밥솥,쿠쿠 밥솥,쿠쿠 10인용 압력밥솥 고무패킹 세트,거래완료,"3,000원",거여동,2026-04-04,5,5,124,39.2℃,보라돌이,생활가전,,"쿠쿠 10인용 압력밥솥 CRP-HWF1060FDM 전용 정품 고무패킹 3종 세트입니다(압력패킹+분리형패킹+고무손잡이)

5년사용중이던밥솥 밥맛이 예전같지않아서  패킹 갈았는데 일주일도 못썼는데 계기판이 고장났데요
계기판교체비용이 9만원이라 버리고 새로 구매했어요~~ㅠㅠ",3000
밥솥,쿠쿠 밥솥,쿠쿠 6인용밥솥 패킹 미개봉 새제품,거래완료,"5,000원",마천동,2026-08-02,4,0,93,41.1℃,오로라,생활/주방,,"쿠쿠 6인용 패킹워시 분리형커버 패킹
새제품",5000
밥솥,쿠쿠 밥솥,쿠쿠 Xwall Diamond 내솥 6인용,거래완료,"40,000원",문정동,2026-03-05,6,14,1452,54.1℃,apple,생활/주방,,"쿠쿠 밥솥 내솥입니다
Xwall Diamond 코팅 내솥이며, 6인용 입니다
밥솥 내솥의 다이아몬드 코팅으로 밥맛이 좋습니다",40000
밥솥,쿠쿠 밥솥,쿠쿠 압력밥솥 내솥 10인용 Eco Stainless,거래완료,"20,000원",가락2동,2026-04-04,1,9,519,70.2℃,대성강,생활/주방,,"쿠쿠 압력밥솥 내솥입니다
Eco Stainless 재질로 만들어졌고, Xwall 코팅이 되어있습니다
모델명은 HWS1010FR입니다
10인용 밥솥에 사용 가능합니다
압력보상추가 되어있어 밥맛이 좋습니다
내솥교체후 밥솥이고장났어여~~
내솥새것처럼깨끗해요
호환되는내솥인지확인후구매부탁드려요",20000
밥솥,쿠쿠 밥솥,쿠쿠 에코스테인레스 커브드 내솥,거래완료,"35,000원",거여동,2026-06-03,1,2,229,59.2℃,mjkim,생활/주방,문고리만 가능하고,"25년9월에 구매하고 얼마 사용안햇어요.
밥솥이 고장나잇는데  수리센터 가보니 수리불가라하여 내솥만 판매합니다ㅡ
새물품이 아니다보니 솥안에 생활감은 있습니다ㅡ
양쪽손잡이, 하단 모두 찌그러진부분없습니다

문고리만 가능하고
정확한 모델명은 마지막 사진에 있습니다^^",35000
밥솥,쿠쿠 밥솥,쿠쿠 Xwall 10인용 압력밥솥 내솥,거래완료,"15,000원",위례동,2026-08-04,5,1,126,39℃,주부,생활가전,,"쿠쿠 Xwall 10인용 압력밥솥 내솥이에요
사진에서 보이는 것처럼 깔끔한 상태를 유지하고 있어요
10인용 밥솥에 딱 맞는 내솥이랍니다
밥맛을 살려주는 좋은 내솥을 찾으시는 분들께 추천드려요
모델명 CRP-G1020MP",15000
밥솥,쿠쿠 밥솥,쿠쿠 Xwall 다이아몬드 10인용 내솥,거래완료,"7,000원",마천2동,2026-04-04,9,14,1341,78.2℃,JS,생활/주방,,"쿠쿠 Xwall 다이아몬드 10인용 내솥입니다
밥솥 내솥 코팅이 다이아몬드 코팅으로 되어있어 밥맛이 좋습니다
사용감은 있지만, 밥솥 기능에는 문제 없습니다",7000
밥솥,쿠쿠 밥솥,쿠쿠 35인용 업소용 전기밥솥,거래완료,"50,000원",마천1동,2026-06-03,2,0,63,42.7℃,가을양,생활/주방,,"업소용으로 사용하기 좋은 쿠쿠 35인용 전기밥솥이에요
내솥 포함 
거의새거
 넉넉하게 사용하실 수 있어요
사진에서 보이는 것처럼 깔끔하게 사용되었어요
많은 양의 밥을 빠르고 맛있게 지을 수 있어 식당이나 단체 급식소에 적합해요",50000
밥솥,쿠쿠 밥솥,쿠쿠 IH압력밥솥 10인용 CRP-HD101FI 판매,거래완료,"15,000원",문정동,2026-06-03,3,0,60,43.8℃,은하수,생활가전,직거래는 문정동 문정힐스데이트 이편한세상 단지 정문 경비실앞 입니다.,"쿠쿠  IH압력밥솥 CRP-HD 10인용 압력밥솥 입니다.
다양한 취사 모드, 음성기능등으로 맛있는 밥을 지을 수 있습니다.
잘사용 해오다 보관중이며, 테스트겸 밥을 해봤는데 밥이 맛있게 잘됩니다요.
내솥 사진과 같이 상태 깨끗하며 깔끔히 사용했습니다.
디자인 하얀색으로 어디나 잘어울리는 깔큼한 디자인입니다.
식구가 적어져서 내놓습니다. 
상태 정상이오니 저렴히 득템해가세요.

* 직거래는 문정동 문정힐스데이트 이편한세상 단지 정문 경비실앞 입니다. 
",15000
밥솥,쿠쿠 밥솥,쿠쿠 HZXB0660FR 6인용 압력밥솥,나눔완료,무료나눔,문정동,2026-06-03,4,0,96,49.1℃,플라잉토마토,생활가전,,"쿠쿠 압력밥솥 6인용입니다
사진에서 보시는 것처럼 깔끔한 디자인의 밥솥이에요
맛있는 밥 지어 드실 수 있는 제품이랍니다
매일 따뜻하고 맛있는 밥을 드시고 싶으신 분들께 추천드려요

내솥은 교체하셔야 할 듯요",0
밥솥,쿠쿠 밥솥,쿠쿠 30인용 업소용 밥솥 CR-3010G,거래완료,"90,000원",가락2동,2026-06-03,3,2,96,37.1℃,후리후리,생활가전,,"쿠쿠 30인용 전기압력밥솥 CR-3010G 모델입니다
업소용으로 좋아요~


실사용 1회 
자리를 차지해서 내놔요 
박스는 버렸고 새거나다름없어요
- 풀 스테인리스
- 대용량
- 쾌속 취사, 예약 취사, 보온 기능
- 자동 스팀 세척
- 분리형 커버",90000
밥솥,쿠쿠 밥솥,쿠쿠 트윈프레셔 마스터셰프 10인용 CRP-LHTR1010FW,거래완료,"180,000원",거여동,2026-06-03,3,6,199,40.3℃,쌀쌀,생활가전,,"쿠쿠 트윈프레셔 마스터셰프 10인용
CRP-LHTR1010FW 화이트 
IH 압력, 무압력 다 가능하고요
신혼살림인데 10인용이다보니 잘 안쓰게 되네요
손님 왔을때 몇번 4~5번? 밖에 안썼어요 ",180000
밥솥,쿠쿠 밥솥,쿠쿠 3인용 에그밥솥 CR-0375FW,거래완료,"35,000원",거여동,2026-06-03,2,6,125,38.4℃,열심히살자,생활가전,,"안녕하세요 :)
이사하고 쿠쿠 밥솥을 선물 받아서 기존에 사용하던 밥솥 판매합니다!

디자인이 이뻐서 가지고있게된 밥솥이에요
깔끔한 화이트 색상의 쿠쿠 3인용 밥솥 CR-0375FW입니다
오래 사용하지 않아서 깨끗해요
저는 2인 가구였는데 양이 적당했어요

공홈에서는 7만원 후반대에 판매되고 있네요!
사용감 조금 있지만 깨끗합니다
코드도 사진에는 없지만 있어요!!
필요하신 분들 연락주세요 😊😊",35000
밥솥,쿠쿠 밥솥,쿠쿠 3인용 밥솥 화이트,거래완료,"10,000원",문정1동,2026-06-03,3,2,216,45.5℃,은델,생활가전,문고리 거래 선호합니다. (문정역 인근),"깔끔한 화이트 색상의 쿠쿠 3인용 밥솥 CR-0375FW에요
분리형 커버로 세척이 편리하고 보온, 예약, 취사 등 다양한 기능이 있어요
사진에서 보이는 것처럼 구성품 모두 잘 갖춰져 있답니다

1인 가구에게 적절합니다. 자취할때 1-1년반 정도 사용하고 큰거로 바꾸게 되어서 올려요.

문고리 거래 선호합니다. (문정역 인근)",10000
밥솥,쿠쿠 밥솥,쿠쿠 3인용 IH 압력밥솥 EHS0310FW,거래완료,"30,000원",위례동,2026-07-04,9,19,1014,40℃,소내리,생활가전,,"쿠쿠 3인용 IH 압력밥솥 EHS0310FW 

깨끗하게 잘써서 상태는 좋습니다
대신 내솥은 사용감이 있습니다
(스크래치등 사진확인 꼭해주시고 톡주세요)
이사로 밥솥을 새로바꿔서 당근합니다
 ",30000
밥솥,쿠쿠 밥솥,쿠쿠 스마트 IH 압력밥솥 6인용 HVB0680SS 판매 (고무패킹은 교체해야함),거래완료,"20,000원",거여1동,2026-05-04,1,0,119,62.4℃,트윈맨,생활가전,영구스 피자 거여점 앞에서 직거래 원해요,"쿠쿠 스마트 IH 압력밥솥 6인용입니다
IH 압력 방식으로 맛있는 밥을 지을 수 있어요
6인용으로 넉넉하게 사용할 수 있어요 
가족 식사 준비를 간편하게 도와줄 거예요 
내솥은 큰손상 없이 비교적 깨끗하고 고무패킹은 교체하셔야 합니다
사진 잘 확인하시고 필요하시면 문자 주세요 
영구스 피자 거여점 앞에서 직거래 원해요 
",20000
밥솥,쿠쿠 밥솥,쿠쿠 6인용 전기밥솥 CR0685GW,거래완료,"50,000원",오금동,2026-05-04,6,15,342,39℃,참깨아저씨,생활가전,,"쿠쿠 6인용 전기밥솥 CR0685GW 모델이에요
깔끔한 디자인과 편리한 기능으로 매일 맛있는 밥을 지을 수 있어요
새상품으로 선물하기에도 좋아요
매일 사용하는 밥솥, 깔끔한 디자인으로 주방을 더욱 돋보이게 해줄 거예요
새제품 입니다",50000
밥솥,쿠쿠 밥솥,쿠쿠 압력밥솥,나눔완료,무료나눔,문정1동,2026-05-04,3,2,218,42.4℃,뭉치,생활가전,새말로 116,"쿠쿠 압력밥솥 CRP-G522SR 10인용입니다
문고리거래 할께요",0
밥솥,쿠쿠 밥솥,좌식 테이블.80×48×30(높이).상태좋아요.쿠쿠밥솥드려요내솥교체.,거래완료,"3,000원",거여동,2026-05-04,1,3,155,59.5℃,햅번리미니멀라이프,가구/인테리어,,"깔끔한 우드톤의 테이블이에요
사진에서 보이는 그대로의 제품입니다
어떤 공간에도 잘 어울리는 모던한 디자인이에요
작업 공간이나 사이드 테이블로 활용하기 좋아요",3000
밥솥,쿠쿠 밥솥,(미개봉 새상품) 쿠쿠 밥솥 트윈프레셔 마스터셰프 사일런스 프로 6인용,거래완료,"350,000원",오금동,2026-05-04,1,3,69,51.3℃,송송,생활가전,오금동 직거래해요😊,"미개봉 박스 새상품 
2026 최신상 고급형
네이버 최저가보다 20만원 이상 저렴한 가격
동일 스펙 최저가로 저렴하게 가져가세요

쿠쿠 트윈프레셔 마스터셰프 사일런스 프로 저당밥솥 CRP-PHFFLR0610FGW 6인용

오금동 직거래해요😊",350000
밥솥,쿠쿠 밥솥,쿠쿠 3인용 전기밥솥 CR-0351FG,거래완료,"10,000원",가락본동,2026-05-04,6,5,176,39.1℃,마이클지단,생활가전,,"깔끔한 디자인의 쿠쿠 3인용 전기밥솥이에요
사용감은 있습니다. 작동은 잘됩니다",10000
밥솥,쿠쿠 밥솥,쿠쿠 밥솥 6인용 팔아요,거래완료,"20,000원",위례동,2026-05-04,1,0,372,50.6℃,하림티킨,생활가전,,"쿠쿠 6인용 밥솥입니다 
구매한지 오래되어서 사용감 있지만 
고장없고 잘됩니다
내솥은 코팅이 벗겨진 부분이 있어 사진 확이 해주세요 
사용감 있는 편이라 편하게 쓰실분 가져가세요

고무패킹은 1년전 한번 교환했어요 ",20000
밥솥,쿠쿠 밥솥,쿠쿠 트윈프레셔 스마트 IH 6인용 밥솥 as필요,거래완료,"50,000원",문정동,2026-05-04,7,5,176,81.7℃,환경지킴이,생활가전,,"쿠쿠 트윈프레셔 스마트 IH 압력밥솥 6인용이에요
사진에서 보시는 것처럼 깔끔한 상태를 유지하고 있어요
IH 압력 방식으로 맛있는 밥을 지을 수 있답니다
매일 따뜻하고 맛있는 밥을 드시고 싶은 분들께 추천드려요  내솥 사용감없어요
모니터   에러로  터치  안되서  sa수리 필요 합니다  내솥 값만  받겠습니다  ",50000
밥솥,쿠쿠 밥솥,쿠쿠 IH 압력밥솥 EHS0320FW 3인용,거래중,"85,000원",가락1동,2026-09-01,0,1,33,45.1℃,식스,생활/주방,,"쿠쿠 IH 압력밥솥 EHS0320FW 3인용이에요
다양한 취사 모드와 강력한 압력 기능으로 맛있는 밥을 지을 수 있어요.
똑같이 생긴 3010 이랑 다른 제품입니다.
고화력 기능 있는 제품이에요.
밥 맛있습니다.
",85000
밥솥,쿠쿠 밥솥,쿠쿠 FHS1010FD 10인용 IH 압력밥솥,거래중,"40,000원",잠실4동,2026-08-24,2,14,1312,37.4℃,건너편중식고수,생활가전,무게상 문고리거래만 합니다,"쿠쿠 스마트 IH 압력밥솥 10인용 FHS1010FD 모델이에요
직접 터치 방식으로 조작이 간편하고 다양한 메뉴 설정이 가능해요
IH 열판으로 빠르고 고르게 밥을 지을 수 있답니다
맛있는 밥을 짓고 싶으신 분들께 추천드려요

내솥은 별도구매하세요
새걸로 사시는게 위생에도 좋을 듯 합니다
감안해 싸게올림
고무파킹 아주 멀쩡 

무게상 문고리거래만 합니다
몽촌토성역 인근 

주차등록 해드림",40000
밥솥,쿠쿠 밥솥,쿠쿠 전기밥솥 6인용 송파,거래중,"8,000원",풍납동,2026-08-28,1,2,375,61.6℃,몽몽,생활가전,🥕문고리/직거래,"<쿠쿠 에그 전기밥솥6인용>
내솥(X)없어 별도 구매하거나
밥솥 고장난 분께 추천해요.
작동 잘되고 실사용 별로 없어 
외부/내부 깨끗해요.

🥕문고리/직거래
🥕반품 및 환불불가",8000
밥솥,쿠쿠 밥솥,쿠쿠 3인용 밥솥 CR-0671V 퍼플,거래중,"25,000원",위례동,2026-08-24,0,2,62,38.6℃,또사,생활가전,,"쿠쿠 3인용 밥솥 CR-0671V 퍼플 색상이에요
사진에서 보시는 것처럼 깔끔한 상태를 유지하고 있어요
3인 가족이 사용하기 딱 좋은 용량이에요
매일 맛있는 밥을 지어 드시고 싶은 분들께 추천드려요

얼마 사용안해서 상태는 최상입니다",25000
밥솥,쿠쿠 밥솥,쿠쿠 BHXB1010FD 10인용 밥솥,거래중,"19,000원",위례동,2026-08-02,2,7,314,44.6℃,아티스트홍,생활/주방,문고리 거래 원합니다,"쿠쿠 10인용 밥솥 BHXB1010FD 모델이에요
내솥은 Xwall Black Shine 코팅으로 되어있어요
사용감 있어 저렴하게
판매합니다 
고구마.계란 삶기용으로
많이 사용 했어요 
밥 잘 됩니다 
문고리 거래 원합니다 ",19000
밥솥,쿠쿠 밥솥,쿠쿠 35인용 업소용 전기밥솥 CR-3055B,거래중,"20,000원",가락본동,2026-09-01,4,0,76,37.9℃,긍정적삶,생활가전,,"업소용으로 사용하기 좋은 쿠쿠 30인용 전기밥솥이에요
대용량으로 많은 양의 밥을 지을 수 있어 편리해요
내솥과 본체 모두 튼튼한 스테인리스 재질로 되어있어요
많은 양의 밥을 빠르고 맛있게 지을 수 있어 식당이나 행사장에서 사용하기 좋아요

2개있습니다. 개당가격",20000
밥솥,쿠쿠 밥솥,쿠쿠 CRP-PHFFTR0610FGW 6인용 밥솥 잠실본동,거래중,"330,000원",오금동,2026-05-04,10,28,558,40.8℃,봉규,생활가전,,"쿠쿠 CRP-PHFFTR0610FGW 6인용 밥솥이에요
깔끔한 디자인으로 주방 어디에나 잘 어울려요
다양한 요리를 할 수 있는 기능이 탑재되어 있어요
매일 맛있는 밥을 짓고 싶은 분들께 추천드려요
미개봉 새제품입니다.",330000
밥솥,쿠쿠 밥솥,쿠쿠 IH압력밥솥 CHR1060FD,거래중,"50,000원",위례동,2026-03-05,0,3,344,38.3℃,베르사체,생활가전,,"쿠쿠 IH압력밥솥 CHR1060FD 모델입니다
밥솥 내솥은 스테인리스 재질로 되어있습니다
- 풀 스테인리스 에코 내솥으로 뛰어난 보온력을 자랑합니다
- 밥솥 겉면에 약간의 사용감은 있지만, 기능에는 전혀 문제 없습니다",50000
밥솥,쿠쿠 밥솥,쿠쿠 밥솥 10인용 송파,거래중,"21,000원",풍납동,2026-04-04,2,5,681,49.8℃,덥다,생활/주방,,"쿠쿠 밥솥 CRP-HUXF103SD (SMART IH) 모델 판매합니다.
전체적인 세월감 및  내솥에는 기즈가 있습니다. 중고거래 특성상 환불은 어려운점 양해 바랍니다.  밥은 잘되나  패킹 교환이 필요합니다
비대면 거래 선호 빠른거래 부탁드립니다.",21000
밥솥,쿠쿠 밥솥,쿠쿠 압력밥솥 6인용,거래중,"50,000원",위례동,2026-06-03,6,24,831,54.7℃,joo,생활가전,,"쿠쿠 압력밥솥 6인용 입니다.  직접 구매하여 5년정도 사용했습니다. 사진상 보이는 그대로이며 내솥등 사용감 있으니 참고 바랍니다.

- 거래 완료후 반품 불가합니다-
- 거래는 선입금순이며 완료후 상세주소 안내해드릴께요-",50000
밥솥,쿠쿠 밥솥,쿠쿠 압력밥솥 커버 패킹 CCP-03 (3인용),거래중,"10,000원",석촌동,2026-08-17,0,5,121,36.9℃,윤지,생활/주방,,"쿠쿠 압력밥솥 커버 패킹 CCP-03 (3인용) 새제품이에요
사진에서 보이는 것처럼 깔끔하게 포장되어 있어요
새 제품이라 더욱 안심하고 사용하실 수 있답니다",10000
밥솥,쿠쿠 밥솥,쿠쿠 CRP-QS1020FGM IH압력밥솥 10인용,거래중,"35,000원",거여2동,2026-04-04,1,5,370,43.4℃,애똘,생활가전,,"쿠쿠 IH압력밥솥 CRP-QS1020FGM 모델입니다
10인용이고 자동세척 기능이 있습니다
밥솥 내부에 사용감이 좀 있습니다
내솥조금사용감있어요 예민하신분 피하셰요
천호동입니다",35000
밥솥,쿠쿠 밥솥,쿠쿠 IH압력밥솥 10인용,거래중,"100,000원",가락1동,2026-05-04,0,7,341,99℃,보석상자,생활가전,송파역 부근에서 직거래 합니다,"쿠쿠 IH압력밥솥 JHR1060FD 모델이에요(10인용)2020년산.

상태나 사용감등은 사진으로 대신합니다
송파역 부근에서 직거래 합니다
자차이용시 가락1동 주민센터 주차장입니다",100000
밥솥,쿠쿠 밥솥,쿠쿠 업소용 30인용 전기밥솥 CR-3055B,거래중,"100,000원",문정동,2026-06-03,6,11,311,36.5℃,표정월,생활가전,,"업소용으로 사용하기 좋은 쿠쿠 30인용 전기밥솥이에요
CR-3055B 모델로 넉넉한 용량을 자랑합니다
세척과 관리가 용이한 분리형 커버로 위생적으로 사용할 수 있어요
대용량 밥솥이 필요한 식당이나 단체 급식소에 안성맞춤입니다.
상태는 아주 좋습니다,사용감이 많이 없어요.",100000
밥솥,쿠쿠 밥솥,쿠쿠 Xwall 다이아몬드 6인용 내솥,거래중,"5,000원",마천2동,2026-01-04,1,3,671,78.2℃,JS,생활/주방,,"쿠쿠 Xwall 다이아몬드 6인용 밥솥 내솥입니다
밥솥 내솥 코팅이 벗겨진 부분들이 있습니다 사진 참고해주세요",5000
밥솥,쿠쿠 밥솥,쿠쿠 CRP-P0610FD 6인용 압력밥솥,거래중,"41,000원",문정동,2026-07-03,0,2,266,46.1℃,천왕봉,생활가전,,"쿠쿠 압력밥솥 CRP-P0610FD 모델이에요  음성알림기능 
6인용으로 넉넉하게 사용할 수 있어요
Xwall Diamond 코팅 내솥으로 눌어붙지 않아 좋아요
맛있는 밥을 짓고 싶으신 분들께 추천드려요  소비1등급 ",41000
밥솥,쿠쿠 밥솥,전기밦ㆍ쿠쿠 압력밥솥 HPT0660SB 6인용 화이트,거래중,"55,000원",문정동,2026-08-18,0,0,13,46.1℃,천왕봉,생활가전,,,55000
밥솥,쿠쿠 밥솥,전기밥솥쿠쿠 쿠쿠 스마트 IH 밥솥 DHR0610FD 6인용,거래중,"100,000원",문정동,2026-08-10,0,1,,,,,,,100000
밥솥,쿠쿠 밥솥,쿠쿠 IH 압력밥솥 CRP-HXG10FI 10인용,거래중,"57,000원",문정동,2026-08-02,0,2,82,46.1℃,천왕봉,생활가전,,"쿠쿠 IH 압력밥솥 CRP-HXG10FI 10인용입니다  음성알림기능 깨끗하고 좋습니다 
사진에서 보이는 것처럼 구성품은 밥솥 본체와 내솥입니다
IH 압력 기술로 맛있는 밥을 지을 수 있어요
온 가족이 함께 밥을 지어 먹기 좋은 10인용 밥솥이랍니다",57000
밥솥,쿠쿠 밥솥,쿠쿠 4인용 전기밥솥 (논스틱 코팅),예약중,"30,000원",마천2동,2026-08-02,2,18,240,41.4℃,뚱이언니,생활/주방,문고리 거래합니다.,"깔끔한 디자인의 쿠쿠 4인용 전기밥솥이에요.
엄마 사드렸는데 4인용은 작다고 하셔서 판매합니다ㅠㅠ 2번 사용 해보셨다합니다.
박스는 버리셧다고 하셔서 없구요. 보이는게 다입이다.

교환×, 환불 ×, 예민하신분은 피해주세요.
문고리 거래합니다.
",30000
밥솥,쿠쿠 밥솥,쿠쿠 35인용 업소용 밥솥 CR-3521B 성내동,예약중,무료나눔,오금동,2026-08-02,0,2,316,37.2℃,하루,생활/주방,,"업소용으로 사용하기 좋은 쿠쿠 35인용 밥솥이에요
대용량으로 많은 양의 밥을 지을 수 있어 편리해요
사진에서 보이는 것처럼 깔끔한 상태를 유지하고 있어요
많은 양의 밥이 필요한 식당이나 단체 급식소에 딱 맞는 제품이에요",0
밥솥,쿠쿠 밥솥,쿠쿠 IH 밥솥 6인용,나눔완료,무료나눔,오금동,2026-08-30,2,1,145,68.8℃,뿌엉마마,생활가전,,"쿠쿠 6인용 밥솥인데요~
증기가 조금씩 세서 as센터 갔더니 교체 권유받아서 저흰 새로 구매하고 혹시나 필요하신분 계실까 하여 올려봅니다~
내솥은 까졌어요ㅠ
",0
밥솥,쿠쿠 밥솥,쿠쿠 IH 스마트 밥솥 EHS0310FW,거래완료,"30,000원",문정동,2026-08-31,5,6,490,44.1℃,호롤로,생활가전,,"쿠쿠 IH 스마트 밥솥 EHS0310FW 판매해요
다양한 메뉴와 IH 스마트 기능으로 맛있는 밥을 지을 수 있어요
사진에서 보이는 것처럼 깔끔하게 사용했어요
매일 따뜻하고 맛있는 밥을 드시고 싶은 분들께 추천드려요",30000
밥솥,쿠쿠 밥솥,쿠쿠 6인용 밥솥 CR-0675FW 화이트,거래완료,"30,000원",잠실4동,2026-08-04,7,15,289,50.4℃,쿠킹의세계,생활가전,8월8일 오전부터 몽촌토성역 3번 출구 근처 오피스텔에서 직거래가능합니다,"깔끔한 화이트 색상의 쿠쿠 6인용 밥솥 CR-0675FW입니다
사진에서 보시는 것처럼 내부 코팅 상태 아주 좋습니다
맛있는 밥을 지어주는 밥솥으로 주방을 더욱 환하게 만들어 보세요
새 제품 가격보다 훨씬 저렴하게 만나보실 수 있습니다

8월8일 오전부터 몽촌토성역 3번 출구 근처 오피스텔에서 직거래가능합니다 ",30000
밥솥,쿠쿠 밥솥,쿠쿠 6인용 밥솥 CR-0375FW,거래완료,"30,000원",가락동,2026-08-16,1,3,199,54.8℃,미멀리,생활가전,,"깔끔한 화이트 색상의 쿠쿠 6인용 밥솥 CR-0375FW입니다
내솥 분리형으로 세척이 편리해요
쌀밥 외 다른 조리는 사용하지 않아 깨끗합니다",30000
밥솥,쿠쿠 밥솥,쿠쿠 6인용 밥솥 CR-0675FW 화이트,거래완료,"15,000원",송파1동,2026-08-19,12,7,197,37.9℃,물딩딩,생활가전,,"쿠쿠 6인용 밥솥 CR-0675FW 화이트 색상이에요
얼마전까지 쓰던거라 멀쩡합니당!",15000
밥솥,쿠쿠 밥솥,쿠쿠 6인용 밥솥 CR-0675FW 화이트,거래완료,"25,000원",신천동,2026-08-09,8,5,174,43.8℃,나나,생활가전,,"깔끔한 디자인의 쿠쿠 6인용 밥솥이에요
사진에서 보이는 것처럼 구성품은 밥솥 본체와 전원선입니다
다양한 메뉴 설정이 가능해서 편리하게 사용하실 수 있어요
매일 맛있는 밥을 짓고 싶은 분들께 추천드려요


구매1년전 거의사용안함",25000
밥솥,쿠쿠 밥솥,쿠쿠 밥솥 팝니다,거래완료,"150,000원",장지동,2026-08-02,13,46,2336,51.1℃,JIN,생활가전,,"작년에 구매 후 1회 사용 후 보관만 했습니다
밥솥 주걱 사용설명서 
보유중이고 사이즈 등 기본적인 사항은 사진에 같이 첨부했습니다",150000
밥솥,쿠쿠 밥솥,쿠쿠 6인용 IH 전기보온밥솥 CR-0675FW 화이트,거래완료,"40,000원",오금동,2026-08-13,1,4,40,37.9℃,오금,생활가전,,"쿠쿠 IH 전기보온밥솥 6인용 화이트 색상이에요
26년 1월에 구매했습니다
깨끗하게 사용했고 구성품 있어요
밥솥 본체, 계량컵, 주걱까지 모두 갖춰져 있답니다
맛있는 밥을 짓고 싶으신 분들께 추천드려요",40000
밥솥,쿠쿠 밥솥,쿠쿠 트윈프레셔 사일런스오브제 6인용 밥솥,거래완료,"100,000원",잠실동,2026-08-29,12,7,125,38.7℃,카시오꼬달리,생활가전,,"깔끔한 디자인의 쿠쿠 트윈프레셔 사일런스오브제 6인용 밥솥이에요

구매한지는 1년반 정도 되었고
사용 많이 안해서 깨끗해요",100000
밥솥,쿠쿠 밥솥,쿠쿠 풀스테인리스 에코 미니 3인용 밥솥 CRP-EHS0320FW,거래완료,"30,000원",가락동,2026-08-30,2,3,151,57.9℃,당근당근,생활가전,🥕육아로 거래는 가락쌍용1차아파트 문고리만 가능해요.,"쿠쿠 풀스테인리스 에코 미니 3인용 밥솥 CRP-EHS0320FW

아기가 태어나면서 10인용을 구매하게 되어 내놓습니다.
내솥은 2년전에 따로 구매하여 교체했으나 사용감 있습니다.
생활기스, 이사기스 사진에 참고 부탁드립니다.

🥕육아로 거래는 가락쌍용1차아파트 문고리만 가능해요.",30000
밥솥,쿠쿠 밥솥,쿠쿠 쁘띠 트윈프레셔 3인용 밥솥 MHTR0310FW 송파,거래완료,"50,000원",풍납동,2026-08-16,3,3,111,38.4℃,Purple,생활가전,,"쿠쿠 쁘띠 트윈프레셔 3인용 밥솥 MHTR0310FW 모델이에요
사진에서 보이는 것처럼 깔끔한 상태를 유지하고 있어요
3인 가족에게 딱 맞는 용량으로 매일 맛있는 밥을 지을 수 있답니다
매일 사용하는 밥솥, 깔끔하고 성능 좋은 제품으로 준비해보세요",50000
밥솥,쿠쿠 밥솥,쿠쿠 트윈프레셔 IH 밥솥 CRP-ST1010FG 10인용,거래완료,"50,000원",잠실7동,2026-08-23,3,5,145,39.8℃,라디오피디,생활/주방,,"쿠쿠 트윈프레셔 IH 밥솥 10인용 CRP-ST1010FG 모델이에요(25년 9월 제품)
IH 압력 방식으로 맛있는 밥을 지을 수 있답니다
다양한 메뉴와 보온 기능으로 활용도가 높아요
깔끔한 디자인으로 주방 어디에나 잘 어울려요
매일 맛있는 밥을 짓고 싶은 분들께 추천드려요

고장없이 내솥 생활감만 았어요
외부 디자인 깨끗해요

가전 전체 바꾸며 함께 바꾸게 됐습니다^^",50000
밥솥,쿠쿠 밥솥,쿠쿠 3인용 전기밥솥 CR-0375FW 판매합니다 🍚,거래완료,"30,000원",방이동,2026-08-21,1,2,77,37.8℃,아보카도조아,생활가전,,"쿠쿠  전기밥솥입니다.

* 모델명 : CR-0375FW
* 취사 / 보온 / 예약 기능
* 정상 작동합니다.

자취시절 사용하던 제품이라 전체적으로 깨끗한 편입니다.
다만 내솥은 사용감이 있어요 사진에 보이는 상태 참고 부탁드립니다.

내솥 사용감 괜찮으신 분, 자취/신혼부부 1~2인 가구에서 사용하실 분께 추천드립니다 :)

중고제품인 만큼 사진 꼼꼼히 확인 후 구매 부탁드려요",30000
밥솥,쿠쿠 밥솥,쿠쿠 6인용 전기밥솥 CR-0685GW 그레이스 화이트,거래완료,"35,000원",장지동,2026-08-23,1,7,168,65.7℃,당근이쥬,생활가전,,"깔끔한 디자인의 쿠쿠 6인용 전기밥솥이에요
CR-0685GW 모델로 그레이스 화이트 색상입니다
사진에서 보시는 것처럼 구성품 모두 잘 갖춰져 있어요
작지만 알찬 기능으로 맛있는 밥을 지을 수 있답니다
매일 따뜻하고 맛있는 밥을 드시고 싶은 분들께 추천드려요",35000
밥솥,쿠쿠 밥솥,쿠쿠 CRP-ST0610FW 6인용 밥솥,거래완료,"60,000원",잠실6동,2026-07-03,2,5,135,38.9℃,후르룩,생활가전,,"쿠쿠 CRP-ST0610FW 6인용 밥솥이에요
트윈 압력 기능으로 맛있는 밥을 지을 수 있어요
깔끔한 디자인으로 주방 어디에나 잘 어울려요
매일 맛있는 밥을 드시고 싶은 분들께 추천드려요",60000
밥솥,쿠쿠 밥솥,쿠쿠 CR-0575FW 밥솥,거래완료,"15,000원",석촌동,2026-08-02,12,9,583,43.6℃,짤랑,생활가전,세라캐슬,,15000
밥솥,쿠쿠 밥솥,쿠쿠 밥솥 CR-0675FW (1-2인용),거래완료,"25,000원",가락동,2026-08-16,3,3,105,42.3℃,곰곰,생활가전,,"1-2인 가구에게 딱 맞는 쿠쿠 밥솥 CR-0675FW입니다
컴팩트한 사이즈로 공간 차지를 줄여주고, 깔끔한 디자인은 어떤 주방에도 잘 어울려요
맛있는 밥을 짓기 위한 기본 기능에 충실한 모델입니다
혼자 또는 둘이서 생활하시는 분들께 적극 추천드려요",25000
밥솥,쿠쿠 밥솥,쿠쿠 3인용 밥솥 CR-0375FW 화이트,거래완료,"30,000원",위례동,2026-07-03,5,8,188,38℃,olive,생활가전,,"깔끔한 디자인의 쿠쿠 3인용 밥솥 CR-0675FW 화이트 색상이에요
내솥 분리형으로 세척이 간편하고 보온, 예약 기능 등 다양한 기능이 있어요
사진에서 보이는 것처럼 거의 새거,3회사용 했어요",30000
밥솥,쿠쿠 밥솥,쿠쿠 10인용 밥솥 CR-1010FB,거래완료,"10,000원",문정동,2026-08-26,2,8,165,40.6℃,조진영,생활가전,,"쿠쿠 10인용 밥솥 CR-1010FB 판매해요
사진에서 보이는 것처럼 깔끔한 디자인의 밥솥이에요
맛있는 밥을 지어주는 똑똑한 밥솥이랍니다
매일 따뜻하고 맛있는 밥을 드시고 싶은 분들께 추천드려요",10000
밥솥,쿠쿠 밥솥,쿠쿠 3인용 밥솥 CR-0675FW,거래완료,"20,000원",문정2동,2026-07-03,3,1,91,36.4℃,황소,생활가전,,"깔끔한 화이트 색상의 쿠쿠 3인용 밥솥이에요
CR-0675FW 모델로 밥맛을 살려주는 기능이 있어요
사진에서 보이는 것처럼 깨끗하게 사용했어요
매일 맛있는 밥을 지어 드시고 싶은 분들께 추천드려요",20000
밥솥,쿠쿠 밥솥,쿠쿠 트윈프레셔 밥솥 3인용,거래완료,"50,000원",잠실3동,2026-07-03,1,3,99,37.2℃,엉뚱이,생활가전,,"깔끔한 화이트 색상의 쿠쿠 트윈프레셔 밥솥 3인용이에요
사진에서 보이는 것처럼 구성품 모두 잘 갖춰져 있어요
에너지 소비효율 등급 1등급으로 전기세 걱정 없이 사용할 수 있어요
매일 맛있는 밥을 짓고 싶은 분들에게 추천드려요",50000
밥솥,쿠쿠 밥솥,쿠쿠 6인용 밥솥 CR-0675FW,거래완료,"20,000원",가락동,2026-07-03,3,2,71,49.6℃,가을,생활가전,,"깔끔한 디자인의 쿠쿠 6인용 밥솥 CR-0675FW에요
다양한 취사 모드와 예약 기능으로 편리하게 사용할 수 있어요
사진에서 보이는 것처럼 내부 상태도 깨끗하게 관리되었어요
매일 맛있는 밥을 짓고 싶은 분들께 추천드려요",20000
밥솥,쿠쿠 밥솥,쿠쿠 CRP-R109FP 10인용 압력밥솥,거래완료,"25,000원",방이1동,2026-07-03,1,1,59,41.1℃,만두아빠,생활가전,,"쿠쿠 압력밥솥 CRP-R109FP 모델이에요
10인용으로 넉넉하게 사용할 수 있어요
사진에서 보이는 것처럼 깔끔한 디자인이 돋보여요
맛있는 밥을 짓고 싶으신 분들께 추천드려요

밥 아주 잘 지어 지구요 
구석구석깨끗하게 청소해서 보관해 뒀습니다.
내솥컨디션은 사용하시기에 문제없습니다.

근처면 가져다 드립니다^^",25000
밥솥,쿠쿠 밥솥,쿠쿠 IH압력밥솥 10인용,나눔완료,무료나눔,방이1동,2026-07-03,5,1,84,52.4℃,망치연두아빠,생활가전,,"쿠쿠 IH압력밥솥 10인용입니다. 밥솥 내부가 깨끗하게 관리되어 있어요. 맛있는 밥을 지어줄 쿠쿠 밥솥으로 든든한 식사 준비하세요.
식구많은집에서 가져갔음 좋겠네요",0
밥솥,쿠쿠 밥솥,쿠쿠 IH 압력밥솥 6인용 레드,거래완료,"15,000원",방이1동,2026-08-02,1,2,105,38.8℃,빅벨,생활가전,,"쿠쿠 IH 압력밥솥 6인용 레드 색상이에요
내부 구성품 모두 잘 갖춰져 있으며 사용감은 있으나 정상 작동  됩니다.
",15000
밥솥,쿠쿠 밥솥,쿠쿠 CRP-ST0610FG 6인용 밥솥,거래완료,"95,000원",오금동,2026-07-03,1,2,159,46.1℃,비오는수요일,생활가전,,"쿠쿠 CRP-ST0610FG 6인용 IH압력밥솥입니다.
10회 미만 사용, 
큰 사이즈가 필요해서 당근합니다.
내솥도 잘 관리해서
상태 좋습니다.",95000
밥솥,쿠쿠 밥솥,쿠쿠 IH 압력밥솥 6인용,거래완료,"40,000원",오륜동,2026-08-02,4,8,405,42.7℃,너클조,생활가전,,"쿠쿠 스마트 IH 압력밥솥 입니다.
당근에서 구입했고 우리집전기 전압이 이상한 건지 밥은 잘 되는 데 15시간이상 보관하면 군내가 나는 증상이 발생합니다. 
고무패킹 새로구입해서 교체한 상태입니다.
내솥코팅 양호해보이고 사진참조해주세요

",40000
밥솥,쿠쿠 밥솥,쿠쿠 대용량 밥솥 SR-3010 취사용량 5.4리터,나눔완료,무료나눔,방이2동,2026-08-02,2,1,113,39.8℃,니콜,생활가전,,"대용량 쿠쿠 밥솥 SR-3010 모델이에요
최대 35인분까지 조리가 가능해서 많은 양의 밥을 하실 때나 명절에 식혜만들때 유용해요. 
보온 기능도 있어서 따뜻한 밥을 유지할 수 있답니다.
가정이나 식당에서 사용하기 좋은 밥솥이라 나눔합니다.
",0
밥솥,쿠쿠 밥솥,쿠쿠 스마트 IH 전기밥솥 3인용,나눔완료,무료나눔,방이2동,2026-08-02,7,2,243,39.8℃,니콜,생활가전,,"깔끔한 디자인의 쿠쿠 스마트 IH 전기밥솥 6인용이에요
사진에서 보이는 것처럼 구성품 모두 잘 갖춰져 있어요
IH 기술로 맛있는 밥을 지어준답니다
매일 따뜻하고 맛있는 밥을 드시고 싶은 분들께 추천드려요.
사용감 많음. 내부 솥 양호
거래장소: 한성백제역 2번 출구에서 1분 거리 빌라트 1층 주차장",0
밥솥,쿠쿠 밥솥,정상작동 상태좋은 쿠쿠밥솥 팝니다,거래완료,"30,000원",방이2동,2026-08-02,2,0,115,54.8℃,비쥬정,생활가전,황산냉면,,30000
밥솥,쿠쿠 밥솥,쿠쿠 IH 압력밥솥 10인용 JJHT0610FS,거래완료,"30,000원",오륜동,2026-08-02,6,2,207,46.7℃,토리맘,생활가전,,"쿠쿠 IH 압력밥솥 10인용 JJHT0610FS 모델이에요
박스 구성품 그대로 보관되어 있어요
사진에서 보이는 것처럼 깔끔한 상태를 유지하고 있답니다
IH 인덕션 가열 방식으로 맛있는 밥을 지을 수 있어요
매일 따뜻하고 맛있는 밥을 드시고 싶은 분들께 추천드려요",30000
밥솥,쿠쿠 밥솥,쿠쿠 IH압력밥솥 CRP-QS1020FG 10인용,거래완료,"25,000원",방이1동,2026-06-03,5,1,160,36.5℃,수언,생활가전,,"쿠쿠 IH압력밥솥 CRP-QS1020FG 10인용입니다
사진에서 보이는 것처럼 깔끔한 상태를 유지하고 있어요
맛있는 밥을 지어줄 똑똑한 밥솥을 찾으신다면 이 제품을 눈여겨봐주세요
매일매일 맛있는 밥으로 든든한 식사를 챙겨드세요",25000
밥솥,쿠쿠 밥솥,쿠쿠 6인용 내솥 판매해요,거래완료,"12,000원",방이2동,2026-08-06,7,13,828,43.5℃,우일신,생활가전,,"갑자기 밥솥이 고장나서 서비스 받으려니 서비스 비용이 넘 많이 나와서 폐기 하고
내솥은 아직은 괜찮아서 판매합니다♡",12000
밥솥,쿠쿠 밥솥,쿠쿠 CRP-QS1010FG 10인용 IH 압력밥솥,거래완료,"25,000원",방이1동,2026-07-03,6,4,115,38.9℃,루루,생활가전,,"쿠쿠 IH 압력밥솥 10인용 판매해요
CRP-QS1010FG 모델이고 IH 압력 방식이에요
사진에 보이는 것처럼 깔끔하게 사용했어요
맛있는 밥 지어 드실 분께 추천드려요

정상작동합니다",25000
밥솥,쿠쿠 밥솥,쿠쿠 압력밥솥 10인용,거래완료,"15,000원",방이동,2026-06-03,3,3,61,42.1℃,찐만두먹어,생활가전,직거래만 합니다,"쿠쿠 밥솥입니다 

이사로 인해 판매해요 
직거래만 합니다",15000
밥솥,쿠쿠 밥솥,쿠쿠 3인용 IH 압력밥솥 EHS0320FB 팝니다,거래완료,"80,000원",방이동,2026-08-02,1,6,209,41.9℃,2883,생활가전,,"쿠쿠 IH 압력밥솥 EHS0320FB 3인용입니다
겉에는 별 다른 사용감 없습니다. 내솥이 사용감이 좀 있으니 사진 참고 바랍니다. 구입하고 1년쯤 사용하다가 좀 작아서 6인용을 사서 보관만 하다가 내놓습니다.",80000
밥솥,쿠쿠 밥솥,쿠쿠 10인용 밥솥 CRP-ST1010FC,거래완료,"90,000원",방이동,2026-08-25,2,3,50,41.9℃,아링,생활가전,,"쿠쿠 트윈프레셔 밥솥 10인용
모델명 CRP-ST1010FC
22년 10월 제조

•오래전 사놓고 박스째로 보관하다가
최근 10회정도 사용.

•사진과 같이 내솥에 스크래치는
자세히 봐야3,4개 정도 보여요.
(쌀 따로 씻고, 세척때도 스펀지만 사용)

•구성품 없이 밥솥만 있어요.

•최근에 사용 해봤기에 작동 잘됩니다.

•가지러 오셔야합니다.
송파구 방이동(방이시장 근처)

•네고 문의는 차단합니다",90000
밥솥,쿠쿠 밥솥,쿠쿠 스마트 IH 밥솥 DHP061FD 6인용 둔촌동,나눔완료,무료나눔,방이동,2026-08-11,1,0,100,38.5℃,기복이,생활가전,둔촌오륜역 1번출구,,0
밥솥,쿠쿠 밥솥,쿠쿠 전기밥솥,거래완료,"30,000원",오금동,2026-07-03,3,5,124,38.3℃,sunny,생활가전,,"깔끔한 디자인의 쿠쿠 3인용 밥솥 CR-0375FW에요.
보온, 취사, 예약 등 다양한 기능이 있어요.
에너지 소비효율 1등급이에요.
자취용으로 새 제품 구매해서 1년 정도 사용했어요.
밥을 거의 해먹지 않아서 상태 최상이에요.",30000
밥솥,쿠쿠 밥솥,쿠쿠 IH 압력밥솥 CHP1010FW 화이트 새상품,거래완료,"180,000원",방이2동,2026-07-03,1,12,367,63.3℃,하늘,생활가전,,"마지막 네고 가격입니다~ 
안 팔리면 가족에게 주기로 했습니다~^^

쿠쿠 IH 압력밥솥 CHP1010FW 화이트 색상이고 10인용이에요.
박스 구성품 그대로 보관되어 있어요.
IH 압력 방식으로 맛있는 밥을 지을 수 있답니다.
깔끔한 디자인으로 주방 어디에나 잘 어울려요.
새 제품 가격보다 저렴하게 가져가세요.",180000
밥솥,쿠쿠 밥솥,쿠쿠 3인용 밥솥 CR-0675FW 화이트,거래완료,"45,000원",방이동,2026-08-04,1,2,70,36.6℃,대박나세요,생활가전,,"1번 사용한 거의 새 제품입니다.
깔끔한 화이트 색상의 쿠쿠 3인용 밥솥이에요.
CR-0675FW 모델로 다양한 메뉴 조리가 가능하고,
내솥과 뚜껑 분리형으로 세척도 간편합니다. 
1-3인 가구나, 자취생들한테도 좋은 밥솥이에요!",45000
밥솥,쿠쿠 밥솥,(상태 최상) 쿠쿠 6인용 밥솥,거래완료,"50,000원",송파동,2026-08-05,4,10,324,44.9℃,강민정,생활/주방,,"새 밥솥을 선물받아서 판매합니다!

정상가 69,800원 >> 50,000원

✔️ 6개월 이내로 사용하여 내솥기스 등 눈에보이는 손상 없이 상태 좋습니다
✔️ 밥주걱 함께 드립니다
✔️ 기존 전기밥솥 밥은 설익은 느낌이라 별로 안좋아하는데,  이 밥솥은 압력밥솥과 거의 비슷한 느낌으로 맛있게 밥이 지어져서 불편함 없이 잘 사용하였습니다
✔️ 병아리콩밥 등 잡곡밥 지을시 물 조절만 잘 해 주면 설익는 느낌없이 압력밥솥 밥 처럼 잘 지어집니다
✔️ 일반 전기밥솥과 달리 압력밥솥처럼 기능이 많아서 유용합니다 (6번째 사진 참고)
✔️ 깔끔한 화이트 컬러에 디자인도 예뻐서 인테리어용으로도 좋습니다
✔️ 25년11월 합격표시된 제품입니다

✅️ 이사예정이라 현재 방이동 주소로는 8/7까지 거래가능한점 참고 부탁드립니다 :)",50000
밥솥,쿠쿠 밥솥,쿠쿠 IH 압력밥솥 6인용 CRP-DHR0610FS,거래완료,"40,000원",방이동,2026-08-08,3,12,327,38.4℃,조이,생활가전,,"쿠쿠 IH 압력밥솥 6인용 CRP-DHR0610FS 모델이에요
풀 스테인리스 디자인으로 깔끔하고 고급스러워요
43만원정도에  구매했고 3년정도 사용했습니다
다른이상은없으나 내솥이 두군데정도 벗겨져서 내솥만 따로 구매해서 사용하시면 될거같아요",40000
밥솥,쿠쿠 밥솥,쿠쿠 밥솥(crp hsxt0610fb),거래완료,"9,000원",신천동,2026-06-03,5,4,669,44.1℃,캐럿세븐,생활/주방,문고리 거래 가능합니다,"사용상 문제 없으나
사용감 있고
내솥은 사진처럼 코팅이 벗겨져 있은 부분 감안해서 저렴하게 올립니다.
6인용 인거 같아요

문고리 거래 가능합니다

중고거래 상 구매 후 환불 불가합니다.
",9000
밥솥,쿠쿠 밥솥,쿠쿠 CRP-R069FGB 6인용 밥솥,거래완료,"30,000원",송파동,2026-07-03,5,2,158,51.1℃,Koh,생활가전,택배 어렵고 직거래 원합니다!,"쿠쿠 밥솥입니다!
2년정도 전혀 사용하지 않아 올리게 되었습니다
택배 어렵고 직거래 원합니다!
작동 확인되었습니다

현재 문의가 많아 혹시 먼저 오신 문의가 취소될 경우 문의주신 순번대로 말씀드리겠습니다~",30000
밥솥,쿠쿠 밥솥,쿠쿠 IH압력밥솥 10인용 CRP-M112FG,거래완료,"10,000원",오금동,2026-06-03,2,1,213,37.9℃,qurry,생활가전,,,10000
밥솥,쿠쿠 밥솥,미개봉 쿠쿠 10인용 밥솥,거래완료,"250,000원",방이동,2026-08-02,1,6,327,40.5℃,james,생활/주방,송파나루역 3번출구 버거킹앞,"모델명: BCHF107FW
미개봉 새제품 입니다.",250000
밥솥,쿠쿠 밥솥,쿠쿠 IH 압력밥솥 6인용 DHR0610FD,거래완료,"50,000원",방이2동,2026-06-03,5,4,85,50.4℃,연미네,생활/주방,송파나루역근처 문고리거래 원해요,"쿠쿠 IH 압력밥솥 6인용입니다
모델명은 DHR0610FD이며, 최대취사용량은 1.08L입니다
깨끗이 써서 상태 좋아요
내솥도 깨끗해요
송파나루역근처 문고리거래 원해요",50000
밥솥,쿠쿠 밥솥,쿠쿠 IH 압력밥솥 6인용 DHP0610FS,거래완료,"30,000원",잠실4동,2026-08-02,1,3,274,45.3℃,잠실,생활가전,,"쿠쿠 IH 압력밥솥 6인용 모델이에요
사진에서 보이는 것처럼 깔끔한 상태를 유지하고 있어요
다양한 요리를 할 수 있는 기능이 탑재되어 있답니다
맛있는 밥을 짓고 싶으신 분들께 추천드려요  내솥만 바꿔쓰실분께  추천 디립니다 나머지는 다 깨끗하고 작동 잘 됩니다",30000
밥솥,쿠쿠 밥솥,쿠쿠 에코 스테인리스 밥솥 내솥 6인용,거래완료,"23,000원",방이동,2026-08-26,3,3,224,41.9℃,송이,생활/주방,,"쿠쿠 에코 스테인리스 밥솥 내솥 6인용
사진에서 보이는 것처럼 깔끔한 상태를 유지하고 있어요
내솥만 필요하신 분들에게 좋은 기회가 될 거예요
밥맛을 살려주는 에코 스테인리스 내솥으로 맛있는 밥 지어 드세요",23000
밥솥,쿠쿠 밥솥,쿠쿠 IH 압력밥솥 10인용 JHT1010FS,거래완료,"50,000원",송파2동,2026-08-11,1,0,100,51.2℃,시블리맘,생활가전,,"쿠쿠 IH 압력밥솥 10인용 JHT1010FS 판매해요
트윈프레셔기능으로 고압과 무압모드로 사용 가능해요
사용감은 있지만 작동에 전혀 문제 없는 제품입니다.
이사하면서 지인에게 선물받은 밥솥이 생겨 판매해요.",50000
밥솥,쿠쿠 밥솥,쿠쿠 IH 압력밥솥 HSXT0610FB 6인용,거래완료,"30,000원",송파동,2026-08-02,5,6,107,38.6℃,에스더,생활가전,,"쿠쿠 IH 압력밥솥 HSXT0610FB 6인용이에요
사진에서 보시는 것처럼 깔끔한 상태를 유지하고 있어요
IH 압력 방식으로 맛있는 밥을 지을 수 있답니다
매일 먹는 밥, 이 밥솥으로 맛있게 지어보세요",30000
밥솥,쿠쿠 밥솥,쿠쿠 6인용 전기밥솥 CR-0685GWM 화이트,나눔완료,무료나눔,송파동,2026-08-02,5,2,183,36.6℃,호두,생활가전,,"쿠쿠 6인용 전기밥솥(CR-0685GWM)
상태는 때끗하지만 내솥 약간 찌그러진 상태로 뚜껑은 잘 닫힙니다. 감안하시고 가져가실 분 연락주세요!",0
밥솥,쿠쿠 밥솥,1회 사용한 쿠쿠 전기밥솥 6인용,거래완료,"60,000원",방이동,2026-08-02,3,2,160,57.9℃,집정리중,생활가전,방이동38-4에서 직거래만 됩니다,"몇달전 사서 한번 밥해먹고 안해먹게되는거같아 저렴히 내놔요
상태 정말 깨끗하고 디자인도 이쁘고 
에너지효율등급1입니다
작동 모두 잘되고 기기라서
방이동38-4에서 직거래만 됩니다

네고문의 답안드려요",60000
밥솥,쿠쿠 밥솥,쿠쿠 IH압력밥솥 6인용(CRP-JHR0660FD),거래완료,"80,000원",신천동,2026-08-18,3,1,96,50.8℃,미미,생활가전,"문고리거래만 가능하고, 중고제품특성상 반품불가이니 신중한거래부탁드려요","안녕하세요, 
쿠쿠 IH압력밥솥 모델명 CRP-JHR0660FD 제품
판매합니다. 24년말 구매했고, 내솥은 까짐있어서 작년(25년)말에 새거로 교체한거라 깨끗해요
깨끗하게사용한편이고, 찜이나 음식을 한적은없고(콩나물밥 2-3회정도?) 거의 백미취사만 했어요 그저께까지 잘 사용했기때문에 상태문제전혀없고 밥매우잘되는데 밥솥을 선물받게되어 판매합니다
문고리거래만 가능하고, 중고제품특성상 반품불가이니 신중한거래부탁드려요",80000
밥솥,쿠쿠 밥솥,쿠쿠 3인용 미니에그 밥솥,거래완료,"30,000원",송파동,2026-08-02,2,8,218,37.8℃,다롱언니,생활가전,직거래 선호,"쿠쿠 3인용 미니 에그밥솥

✔️ 2024.09 구매, 실사용 1년
✔️ 1-2인 가구용
✔️ 하자, 파손 없이 깨끗함, 작동 잘됨
✔️ 쌀컵, 주걱 포함

- 당근페이 가능해요
- 중고거래 특성 상 환불 불가능해요
- 직거래 선호",30000
밥솥,쿠쿠 밥솥,쿠쿠 CRP-G105M 10인용 압력밥솥 전기밥솥 쿠쿠전기밥솥 (상태좋음),거래완료,"1,111원",송파2동,2026-08-02,2,1,127,75.3℃,러블리뷰,생활가전,"반포1동 아파트 직거래, 문고리만 합니다","깔끔한 디자인의 쿠쿠 CRP-G105M 압력밥솥이에요
10인용으로 넉넉하게 사용할 수 있답니다
내솥과 본체 모두 깨끗하게 관리되어 있어요
맛있는 밥을 짓고 싶으신 분들께 추천드려요
중고지만 깨끗한 편이라고 생각합니다 :)
(그래도 예민한 분 X)
훨씬 더 사용감 있어보이는 것도 8만원에 팔렸길래 같은 가격에 올려보아요.

기능도 많고 작동 너무 잘 되고 해서 오래 쓰고 싶었으나 쉐프인 남편이 일본식으로 밥을 지어서 중고로 내놓습니다.

반포1동 아파트 직거래, 문고리만 합니다
감사합니다.",1111
밥솥,쿠쿠 밥솥,쿠쿠 고장난밥솥 부품용,거래완료,"10,000원",풍납동,2026-08-02,2,1,60,52.2℃,하루,생활가전,,"고장난밥솥 부품용으로 필요하시면 알려주세요
쿠쿠 트윈프레셔 IH 압력밥솥 6인용입니다
모델명은 LHTR0610FW이며, 화이트 색상이에요
내솥없습니다!",10000
밥솥,쿠쿠 밥솥,쿠쿠 압력밥솥 10인용,거래완료,"20,000원",가락동,2026-06-03,1,3,71,44.8℃,퐈이팅,생활가전,,"10인용밥솥이예요
사용감있습니다
밥은정말 잘되요 1인가구라 양이 부담스러워서 내놔요
외간신경 안쓰시고 혹시 구운계란이나 막쓸 밥솥 필요하신분 있을까싶어서 내놓습니다
중고거래상 반품은 죄송합니다!",20000
밥솥,쿠쿠 밥솥,쿠쿠 밥솥 CR-0675FW 3-4인분용,거래완료,"20,000원",가락동,2026-08-02,3,2,87,47℃,우리집고양이는몬스터,생활가전,가락동 20-1,,20000
밥솥,쿠쿠 밥솥,쿠쿠 CRP-R069FS 6인용 압력밥솥,거래완료,"140,000원",오금동,2026-07-03,3,5,159,42℃,심플하게,생활가전,,"쿠쿠 CRP-R069FS 6인용 압력밥솥이에요
박스채 새거입니다. (박스는 이사하면서 태이핑이 있어요) 
한번 열어만 보았습니다. 
압력솥을 사용하고 있는데 새로 생겨서 판매합니다. 

스톤 화이트색상 입니다.",140000
밥솥,쿠쿠 밥솥,쿠쿠 전기밥솥 6인용,거래중,"8,000원",풍납동,2026-08-28,1,3,429,61.6℃,몽몽,생활가전,🥕문고리/직거래,"<쿠쿠 에그 전기밥솥6인용>
내솥(X)없어요. 별도 구매하거나
밥솥 고장난 분께 추천해요.
작동 잘되고 외부/내부 깨끗해요.

🥕문고리/직거래
🥕반품 및 환불불가",8000
밥솥,쿠쿠 밥솥,쿠쿠 CR-0675FW 전기밥솥,거래완료,"40,000원",신천동,2026-07-03,5,8,112,37.4℃,상냥한사람,생활가전,,"깔끔한 화이트 색상의 쿠쿠 밥솥이에요
6인용으로 넉넉하게 사용할 수 있어요
내솥 분리형이라 세척도 간편하답니다
구매한지 보름정도 됨   상태  아주좋아요",40000
밥솥,쿠쿠 밥솥,쿠쿠 IH압력밥솥 DHX0610FS 6인용,거래완료,"30,000원",잠실4동,2026-07-03,4,2,215,52.2℃,진진,생활가전,,"쿠쿠 스마트 IH압력밥솥 DHX0610FS 6인용입니다
(내솥 기스는 있지만 사용가능한 정도)
",30000
밥솥,쿠쿠 밥솥,쿠쿠 10인용 IH 밥솥 내솥,거래완료,"30,000원",오금동,2026-08-20,2,5,110,39.5℃,써니,생활가전,,"<쿠쿠 정품 IH 밥솥 내솥>

* 모델명- JHT1010FS
* 10인용  
* Eco Stainless 재질


내솥 구입 후 사용 횟수가 많지 않은데
밥솥이 말썽을 부려서 내솥만 올리게 되었네요~^^
사진에서 보이는 것처럼 내부 상태 깨끗해요

건강하고 맛있는 밥을 짓고 싶으신 분들께 추천드립니다!",30000
밥솥,쿠쿠 밥솥,쿠쿠 IH 압력밥솥 DH0610FW 6인용,거래완료,"25,000원",오금동,2026-08-02,2,2,265,40.7℃,jooooo,생활가전,택배 불가 / 육아중이라 문고리 환영 합니다.,"쿠쿠 스마트 IH 압력밥솥 6인용 모델이에요.
신혼때 구입해서 밥을 잘안해먹어서 안쓰다가 최근 1년 정도 썼어요. 
택배 불가 / 육아중이라 문고리 환영 합니다.",25000
밥솥,쿠쿠 밥솥,쿠쿠 압력밥솥 6인용(화이트) CRP-LHTR0610FGWM,거래완료,"250,000원",방이동,2026-02-03,7,16,1013,42.6℃,뀨룩뀨룩,생활가전,,"쿠쿠 트윈프레셔 IH압력밥솥(화이트) 6인용 새상품입니다
개봉된 상품이긴하나 확인차 박스만 뜯어본 새 상품입니다!
거래는 방이동 먹자골목 내에서 가능합니다ㅎ

새상품은 인터넷에서 300,000원정도에 판매되고있어요~",250000
밥솥,쿠쿠 밥솥,쿠쿠 IH 압력밥솥 10인용 CHP1010FS,거래완료,"40,000원",송파동,2026-08-02,0,3,119,37.4℃,굴나방,생활가전,,"이사를 하게 되면서 새주인을 찾습니다.

1인이 사용한 제품으로 외관상의 기스나 하자는 전혀 없습니다.
물론 고장없이 사용하는데도 전혀 문제없습니다.

40만원 넘게 구매한 제품입니다.
단지 내솥안에 기스가 있어서 저렴히 내놓아요.

구매 의사가 있으신 분만 문의 바랍니다.
직접 가져 가셔야 합니다.

지역은 송파나루역 인근입니다.

중고라서 교환, 환불은 어려운 점 이해 부탁드려요~",40000
밥솥,쿠쿠 밥솥,쿠쿠 전기 밥솥,나눔완료,무료나눔,송파동,2026-07-03,3,1,133,44.7℃,블루버드,생활/주방,,"2인용 쿠쿠 전기 밥솥 나눔드립니다~ 
3-4년 동안 사용했었는데 사용감 좀 있습니다! 

6월10일-12일 사이에 가져가실 분 우선적으로 드립니다!",0
밥솥,쿠쿠 밥솥,쿠쿠 트윈프레셔 6인용 밥솥 CRP-ST0610FW,거래완료,"72,000원",풍납1동,2026-08-02,4,4,287,54.4℃,오렌지비치,생활가전,풍납동 문고리거래 해요,"쿠쿠 트윈프레셔 6인용 CRP-ST0610FW 밥솥
내솥은 Xwall Diamond 코팅으로 되어있어요
작년에 새 내솥 교체했고 육안으로 확인 시 벗겨진 부분 없어요 (고무패킹은 2-3년전 교체) 
10인용으로 교체하면서 판매합니다!
컨디션 좋습니다 
풍납동 문고리거래 해요",72000
밥솥,쿠쿠 밥솥,쿠쿠 CRP-N0680SR 6인용 압력밥솥 레드,거래완료,"7,000원",풍납동,2026-08-02,1,2,42,75.2℃,강쥐,생활가전,문고리 거래 선호합니다,"쿠쿠 CRP-N0680SR 6인용 압력밥솥입니다
레드 색상으로 깔끔하고 예뻐요
사진에서 보이는 것처럼 구성품 모두 있습니다
맛있는 밥을 짓고 싶으신 분들께 추천드려요

몇년 잘 쓰다가 10인용으로 바꾸면서 내놔요

사용감은 있지만 밥은 아주 잘 되구요

저는 고구마 감자 계란등 아주 유용하게 사용했어요
오늘 아침까지 사용했구요
제가 싹 청소 한번 했지만 
그래도 닦아서 쓰셔요
안에다 밥주걱 새거와 수세미 같이 넣어 드릴께요.

문고리 거래 선호합니다
강동구청역4번출구 앞에서 1분거리이고 찾기 쉬워요",7000
밥솥,쿠쿠 밥솥,쿠쿠 6인용 IH 압력밥솥 (CRP-DHP0610FD),거래완료,"10,000원",풍납2동,2026-08-02,3,2,116,54.2℃,봄당근,생활가전,전자제품이라 직거래 원합니다.,"프리미엄급 밥솥을 선물받아 급처합니다.
상태는 사진과 같고 밥솥 기능은 문제 없습니다.

취사 시 뚜껑 틈새로 김이 새는데 
오래된 패킹 세척하고 끼운 후부터 발생한 현상이라 패킹 노후화로 보입니다. 패킹은 새로 구매 후 사용하시면 됩니다.

제조년도: 21년 7월

전자제품이라 직거래 원합니다.",10000
밥솥,쿠쿠 밥솥,쿠쿠 3인용 에그밥솥 CR-0675FW,거래완료,"30,000원",잠실동,2026-06-03,3,9,133,45.6℃,단미,생활가전,,"깔끔한 화이트 색상의 쿠쿠 3인용 에그밥솥 CR-0675FW 판매해요
사진에서 보이는 것처럼 구성품 모두 갖춰져 있어요
에너지소비효율 1등급으로 전기료 부담도 적어요
매일 맛있는 밥을 짓고 싶은 분들께 추천드려요
2024년 7월 구입 후 1인가구라 거의 사용하지 않아서 새것같아요",30000
밥솥,쿠쿠 밥솥,쿠쿠 밥솥팝니다,거래완료,"5,000원",잠실2동,2026-07-03,1,0,,40.3℃,레이디버그,생활가전,GS25 앞,,5000
밥솥,쿠쿠 밥솥,(10회미만사용) 쿠쿠 스마트 IH 압력밥솥 DH P0610FD,거래완료,"145,000원",잠실4동,2026-08-02,0,4,199,39.3℃,고구마맛탕,생활가전,,"쿠쿠 스마트 IH 압력밥솥 DH P0610FD 

10회 미만 사용했어요!
밥을 잘 안해먹다보니 많이 안써서 상태좋아요",145000
밥솥,쿠쿠 밥솥,쿠쿠 스마트 IH 압력밥솥 CHXB1010FS 10인용,거래완료,"50,000원",신천동,2026-06-03,1,1,84,38℃,kelly,생활가전,,"쿠쿠 스마트 IH 압력밥솥 10인용이에요
사진에서 보이는 구성입니다.",50000
밥솥,쿠쿠 밥솥,쿠쿠 IH 압력밥솥 EHS0320FB 블랙 3~4인용,거래완료,"49,900원",잠실4동,2026-05-04,10,18,2028,38.3℃,wooks8291,생활/주방,,"쿠쿠 IH 압력밥솥 EHS0320FB 블랙 색상이에요
사진에서 보이는 것처럼 깔끔한 상태의 제품입니다

다양한 요리 모드로 맛있는 밥을 지을 수 있어요
요리 초보자도 쉽게 사용할 수 있어 만족하실 거예요

거래장소: 석촌역 3번출구 5분거리",49900
밥솥,쿠쿠 밥솥,쿠쿠 10인용 전기압력밥솥 브라운 CRP-P1015FBB,거래완료,"150,000원",잠실6동,2026-06-03,0,0,5,43.6℃,파나세PanaChe,생활/주방,"거래방식: 직거래 및 택배거래 가능, 안전거래 지원","2604222405

[제품 개요]
본 제품은 쿠쿠 10인용 전기압력밥솥 CRP-P1015FBB으로, 10인용 대용량 사양의 전기압력밥솥입니다. 브라운 컬러로 구성되어 있으며, 전원 및 취사, 버튼 기능 작동이 확인된 상태입니다.

[상세 사양]
- 브랜드: 쿠쿠
- 모델명: CRP-P1015FBB
- 용량: 10인용
- 색상: 브라운

[제품 상태 평가]
- 외관 상태: 미세한 사용감이 있으며 전반적으로 상태가 우수합니다. 생활기스가 내솥 등 일부에 있습니다.
- 작동 상태: 전원, 취사, 버튼 기능이 정상 작동하는 것이 확인되었습니다.
- 특이사항: 내솥 등 일부에 생활기스가 있습니다.

[포함 구성품]
- 쿠쿠 10인용 전기압력밥솥 본체
- 내솥

[거래 조건]
- 희망가격: 199300원
- 거래방식: 직거래 및 택배거래 가능, 안전거래 지원
- 문의사항이 있으시면 연락 부탁드립니다.",150000
밥솥,쿠쿠 밥솥,쿠쿠 CRP-P107FR 10인용 압력밥솥,거래완료,"20,000원",잠실6동,2026-08-09,1,2,60,68.5℃,에스레몬,생활가전,,"쿠쿠 압력밥솥 CRP-P107FR 모델이에요
밥맛은 넘 맛있고
10인용이구요 세컨하우스나 집에서 밥이외에 찜등 
닭백숙등 다양한
용도로 가성비 좋게 사용하시면 넘 좋을것 같습니다
내솥은 X-wall 마블 코팅이구요~
작동은 잘되지만 사용감은 있습니다~~",20000
밥솥,쿠쿠 밥솥,쿠쿠 트윈프레셔 밥솥 6인용,거래완료,"200,000원",송파동,2026-07-03,8,18,575,43.8℃,텍사스,생활가전,,"쿠쿠 트윈프레셔 밥솥 6인용이에요
IH 압력 방식으로 맛있는 밥을 지을 수 있어요
구성품은 사진과 같이 본체와 설명서가 있어요
에너지 소비효율 1등급으로 전기료 부담도 적어요
매일 따뜻하고 맛있는 밥을 드시고 싶은 분들께 추천드려요",200000
밥솥,쿠쿠 밥솥,쿠쿠 4인용 전기밥솥,거래완료,"30,000원",송파동,2026-07-03,6,8,385,40.5℃,Cecil,생활가전,,"사정상 급하게 단기 임대물건 정리합니다. 
8월7일 오전에 올린물건 모두가져가실수 있어요. 전체적으로 가져가시면 30만원에 모두 드릴께요. 
7월10일까지 물건 전체를 가져가실분만 의뢰주시고 이후부터는 단일품목으로 거래할께요. 물건은 8월7일 오전부터 오셔서 가져가셔야 되세요 

깔끔한 디자인의 쿠쿠 6인용 전기밥솥이에요
사진에서 보이는 것처럼 구성품은 본체입니다
새 제품 가격은 부담스러웠던 분들께 좋은 선택이 될 거예요
매일 맛있는 밥을 짓고 싶은 분들께 추천드려요",30000
밥솥,쿠쿠 밥솥,쿠쿠 1인밥솥,거래완료,"19,900원",풍납동,2026-08-29,3,9,92,36.5℃,귀찮만랩,생활가전,,"1인 가구에게 딱 맞는 쿠쿠 소담 미니 밥솥이에요
(쿠쿠 소담 미니 밥솥 화이트 CR-0155MW)

사놓고 한번도 안썻습니다.
밥해먹으려니 생각보다 귀찮네요.
7/7일에 샀고 8/28까지 인테리어용으로 야무지게 썻습니다.

구매하실분 연락주세요.",19900
밥솥,쿠쿠 밥솥,쿠쿠 35인용 업소용 밥솥 CR-3521B,거래완료,"50,000원",가락본동,2026-08-06,4,3,79,41.3℃,최세,생활/주방,,"쿠쿠 35인용 업소용 밥솥 CR-3521B 판매해요
사진에서 보시는 것처럼 깔끔한 상태의 밥솥입니다
대용량 밥솥이 필요하신 분들께 추천드려요

실사용 2회",50000
밥솥,쿠쿠 밥솥,쿠쿠 IH 밥솥 FHS0610FD 6인용,거래완료,"35,000원",잠실6동,2026-08-29,3,0,78,37.9℃,태호러버,생활가전,,"쿠쿠 IH 압력밥솥 6인용이에요
FHS0610FD 모델로 에너지 세이버 기능이 있어요
사진에서 보이는 그대로의 제품입니다",35000
밥솥,쿠쿠 밥솥,[상태 상] 쿠쿠 에그밥솥 6인용 CR-0675FW 화이트,거래완료,"35,000원",송파동,2026-08-04,2,2,123,38.4℃,흑빽요리사,생활가전,,"쿠쿠 에그밥솥 5~7인분 가능

- 1-2인 가구용으로 추천
- 밥맛 좋음
- 에너지효율 1등급으로 전기료 부담도 적음
- 분리형 커버
- 외관도 깨끗함
- 내솥 밑바닥 (안쪽 아님) 에 스크래치 있는거 외에는 이상 아예 없음
- 백반, 곡물밥, 찜류 싹 다 가능

진짜 개꿀 효자템인데 배달음식위주로만 먹다보니 잘 안써서 판매합니다,,. 세척도 쉬워서 깨끗하게 썼습니다",35000
밥솥,쿠쿠 밥솥,쿠쿠 10인용 IH압력밥솥 CRP-CHP1010FD 다크실버,거래완료,"40,000원",석촌동,2026-08-02,4,4,170,36.2℃,Moon12,생활가전,,"쿠쿠 10인용 IH압력밥솥 CRP-CHP1010FD 다크실버 모델이에요
22년식이고 최근까지 계속 밥 잘 지어 먹었습니다
새로운 밥솥을 선물 받아 팝니다
다만 시간 표시가 마지막 부분이 잘 안 됩니다",40000
밥솥,쿠쿠 밥솥,쿠쿠 10인용 IH 압력밥솥(CHP1010FW),거래완료,"100,000원",오금동,2026-06-03,3,8,701,71.4℃,로이,생활가전,,"쿠쿠 10인용 IH 압력밥솥 판매합니다.
제조년월 2023년 5월이고, 전체적으로 상태 깨끗합니다.
내솥은 한번 교체하고 사용하셔도 좋을거 같습니다.",100000
밥솥,쿠쿠 밥솥,쿠쿠 IH 압력밥솥 10인용,거래완료,"40,000원",위례동,2026-08-16,1,6,153,51.1℃,나리,생활가전,,"쿠쿠 IH 압력밥솥 10인용이에요
내솥은 끝부분 살짝 까짐이 있지만 깨끗하게 사용했어요

더이상 밥을 안해먹어서 판매합니다~ 
구매한지는 2-3년정도 된 것 같아요.",40000
밥솥,쿠쿠 밥솥,쿠쿠 스마트 IH 압력밥솥 6인용 DHX0610FS,거래완료,"50,000원",송파동,2026-06-03,3,1,68,38.6℃,류냥2,생활가전,스타벅스 송파사거리점,,50000
밥솥,쿠쿠 밥솥,쿠쿠 IH 압력밥솥 6인용 DHP061SFD,거래완료,"32,000원",신천동,2026-08-02,5,8,199,0℃,가격보니,생활가전,,"깔끔한 디자인의 쿠쿠 IH 압력밥솥 6인용입니다
사진에서 보이는 것처럼 에너지 소비효율 1등급을 받은 제품이에요
IH 압력 방식으로 맛있는 밥을 지을 수 있답니다
빠르게 밥을 지어야 하거나 갓 지은 밥처럼 맛있는 밥을 드시고 싶으신 분들께 추천드려요",32000
밥솥,쿠쿠 밥솥,쿠쿠 6인용 밥솥,거래완료,"14,000원",신천동,2026-08-02,0,0,62,0℃,가격보니,생활가전,,"깔끔한 디자인의 쿠쿠 6인용 밥솥이에요
사진에서 보이는 것처럼 내부 상태도 깨끗하게 관리되었어요
맛있는 밥을 지어줄 똑똑한 밥솥을 찾으신다면 추천드려요
*내솥분실",14000
밥솥,쿠쿠 밥솥,새상품/ 쿠쿠 10인용 압력밥솥 CRP-G105M,거래완료,"50,000원",문정2동,2026-07-03,1,2,134,62.8℃,니나뇨,생활가전,👥강남역5번출구 인근 아파트 직거래(시간협의),"쿠쿠 10인용 압력밥솥 CRP-G105M이에요
박스 구성품 그대로 보관되어 있어요
내솥, 계량컵, 주걱, 설명서까지 모두 포함되어 있답니다
깔끔한 디자인으로 어떤 주방에도 잘 어울릴 거예요

😡비매너,단순찌름(문의 후 읽씹) 차단합니다.
👥강남역5번출구 인근 아파트 직거래(시간협의)
📦택배는 바로구매로 구매해주세요.
❌네고문의 읽씹합니다

❗모든 거래는 입금순으로 판매합니다.❗
배송 거래는 즉입 하실 분만,
직거래는 1주일 이내로 거래 가능 시에만 연락주세요. 
단 전액 선입금 시, 일주일 이후로 예약 가능합니다.",50000
밥솥,쿠쿠 밥솥,쿠쿠 IH압력밥솥 10인용,거래완료,"25,000원",위례동,2026-07-03,6,6,676,39.9℃,정모맘,생활가전,,"쿠쿠 IH압력밥솥 10인용입니다
사진에서 보이는 것처럼 사용감있어요.
그래도 아직 쓸만합니다. 구운계란, 찜 등등 다른 용도로 사용하셔도 좋을것 같아요. 버리기 아까워 올립니다.
꼭 필요하신 분만 채팅주세요.

직접 가지러 오셔야합니다.",25000
밥솥,쿠쿠 밥솥,쿠쿠 6인용 압력밥솥 HYXB1060FR 레드,거래완료,"25,000원",장지동,2026-08-02,1,0,35,57℃,포동사랑,생활가전,,"쿠쿠 6인용 압력밥솥 HYXB1060FR 모델이에요
내솥과 뚜껑 분리형으로 세척이 간편해요
사진에서 보이는 것처럼 깔끔하게 사용했어요
맛있는 밥을 짓고 싶으신 분들께 추천드려요",25000
밥솥,쿠쿠 밥솥,쿠쿠10인용 압력밥솥,거래완료,"50,000원",장지동,2026-05-04,9,9,274,36.8℃,함박웃음,생활/주방,,,50000
밥솥,쿠쿠 밥솥,쿠쿠 압력밥솥,거래완료,"150,000원",장지동,2026-05-04,8,29,2490,70℃,똑똑똑,생활가전,,"솥밥주로 해메어서 실사용횟수적음
2년전쯤 구매.
",150000
밥솥,쿠쿠 밥솥,쿠쿠 스마트 IH 밥솥 FHS0610FD 6인용,거래완료,"15,000원",장지동,2026-08-22,2,1,93,45.4℃,당당근,생활가전,,,15000
밥솥,쿠쿠 밥솥,쿠쿠 30인용 CR-3055B 전기밥솥,거래완료,"90,000원",장지동,2026-08-02,0,7,105,37.7℃,민결아부지,생활가전,,"쿠쿠 30인용 업소용 전기밥솥 CR-3055B 판매.
대용량으로 많은 양의 밥을 지을 수 있어요
내솥 코팅이 벗겨지지 않아 오래 사용 가능해요

실제 사용 4회입니다
2개를 가지고 있어서 1개는 판매합니다
새제품과 다름없는 최상상태입니다
바로사용가능합니다

현재 제품상태가 최상이다보니
90,000원에 판매해요(내솥포함)



",90000
밥솥,쿠쿠 밥솥,쿠쿠 HVB0680SS 6인용 압력밥솥,거래완료,"10,000원",장지동,2026-06-03,2,4,152,53.3℃,레드크리스탈,생활가전,,"쿠쿠 6인용 압력밥솥 HVB0680SS 모델이에요
사진에서 보시는 것처럼 깔끔한 블랙 색상이고, 밥맛을 살려주는 IH 압력 기능이 탑재되어 있어요
내솥과 본체 모두 사진 그대로 상태입니다~
‼️사용감 있으니 사진 참고해주세요~‼️

20년도에 구매해서 저저번달까지 사용했고
이사오면서 10인용으로 바꾸게 되어 내놓습니다~
작동 정상적으로 잘 됩니다!😊

비대면거래도 가능합니다!",10000
밥솥,쿠쿠 밥솥,쿠쿠 IH압력밥솥 CRP-HNXB107FB,거래완료,"35,000원",장지동,2026-03-05,4,9,437,41.7℃,에스더,생활가전,,"쿠쿠 IH압력밥솥 모델명 CRP-HNXB107FB입니다
- 풀 스테인리스 내솥으로 위생적입니다
- 스마트 IH 기능으로 밥맛이 좋습니다
- 에너지 소비 효율 1등급 제품입니다
",35000
밥솥,쿠쿠 밥솥,쿠쿠 스마트 IH 밥솥 DHR0680FD 6인용,예약중,"30,000원",위례동,2026-09-01,1,2,73,47.9℃,syoung,생활가전,,"쿠쿠 스마트 IH 밥솥 DHR0680FD 6인용이에요
사진에서 보이는 것처럼 깔끔한 상태를 유지하고 있어요

사용감이 있고 김빠지기전에 치익 소리가 나는데
밥은 이상없이 잘 된답니다! 
세척이랑 잘 해서 사용했었어요^^ 
싸게 내놓아요
환불 반품 불가입니다~",30000
밥솥,쿠쿠 밥솥,쿠쿠 35인용 대용량 전기밥솥,거래완료,"5,000원",위례동,2026-07-03,2,3,140,68.3℃,나나,생활가전,,"쿠쿠 35인용 대용량 전기밥솥이에요
사진에서 보시는 것처럼 내솥 포함 구성입니다
대용량으로 많은 양의 밥을 지을 수 있어요
가정이나 업소에서 사용하기 좋은 밥솥입니다",5000
밥솥,쿠쿠 밥솥,쿠쿠 스마트 IH 밥솥 JHR1020FD 10인용,거래완료,"30,000원",문정2동,2026-08-02,2,6,212,51.8℃,송파달토끼,생활가전,,"쿠쿠 스마트 IH 압력밥솥 10인용입니다
사진에서 보시는 것처럼 구성품 모두 갖춰져 있어요
IH 기술로 맛있는 밥을 지을 수 있답니다
매일 따뜻하고 맛있는 밥을 드시고 싶은 분들께 추천드려요
2017년 구매하였고 내솥은 아마 교체하시는게 좋을듯 합니다.(작년에 교체함) 모든기능 정상사용 가능합니다",30000
밥솥,쿠쿠 밥솥,🍚쿠쿠 3인용 IH 압력밥솥🍚,거래완료,"70,000원",장지동,2026-08-16,1,6,123,39.6℃,TKV,생활가전,,"[쿠쿠 압력밥솥] 3인용 프리미엄 IH

쿠쿠의 프리미엄 미니 밥솥인 풀스테인리스 에코 미니 3인용 IH 압력밥솥 판매합니다. 일반 저가형 열판 밥솥이 아니라 IH 압력 방식이라 소형임에도 밥맛이 정말 좋습니다. 1~2인 가구나 자취하시는 분, 혹은 잡곡밥 전용 보조 밥솥 찾으시는 분께 강추합니다.

■ 제품 특징
- 모델: 쿠쿠 Full STAINLESS 2.0 eco mini (3인용)
- 방식: 고화력 IH 압력방식 (취사속도 빠르고 밥맛 우수)
- 커버: 풀 스테인리스 분리형 커버 (위생적이고 세척 용이)
- 효율: 에너지소비효율 1등급

■ 상태
내솥 까짐 없이 깨끗하며, 상단 스테인리스 커버 및 패킹 상태 양호합니다. 작동 문제없이 아주 잘 됩니다. 세척 깔끔하게 해두어서 바로 가져가서 사용하시면 됩니다.

■ 거래 조건
- 위치: 서울시 장지동 송파파인타운 9단지
- 가볍고 컴팩트해서 직접 오셔서 가져가시기 부담 없습니다. 

편하게 채팅 주세요!
(중고 거래 특성상 반품/환불은 어려운 점 양해 부탁드립니다.)",70000
밥솥,쿠쿠 밥솥,쿠쿠 에그밥솥 6인용 CR-0675FW,거래완료,"40,000원",위례동,2026-06-03,0,3,74,40.2℃,홍이,생활가전,,"쿠쿠 전기보온 에그밥솥 6인용이에요
모델명은 CR-0675FW이고 에너지소비효율 1등급 제품이에요
깔끔한 화이트 색상으로 어떤 주방에도 잘 어울려요
매일 맛있는 밥을 짓고 싶은 분들께 추천드려요

실 사용 몇회 안되는데 새로운 밥솥이 생겨 팝니다 
실사진 원하시면 보여드리겠습니다",40000
밥솥,쿠쿠 밥솥,쿠쿠 6인용 밥솥 CR-0675FW+밥주걱,거래완료,"40,000원",위례동,2026-08-27,1,9,191,45.5℃,도라에몽,생활가전,,"사진에서 보시는 것처럼 내부도 깨끗하게 관리되었어요
 톡주세용",40000
밥솥,쿠쿠 밥솥,딱한번 사용한 신품 쿠쿠보온밥솥,거래완료,"30,000원",위례동,2026-08-09,3,3,226,37.5℃,문기절친,생활/주방,,,30000
밥솥,쿠쿠 밥솥,쿠쿠 IH압력밥솥 10인용,거래완료,"30,000원",장지동,2026-06-03,1,5,134,74℃,아따맘마,생활가전,,"쿠쿠 IH압력밥솥 10인용 HUFX101SR이에요

식구가 줄어 사용하지 않아 보관만 하다
판매합니다

사용감 있지만 작동 잘됩니다
 
대용량 편하게 사용하실분, 식당용, 군계란 ,식혜 등 다양하게 쓰실분 추천드려요

장지동 파인타운7단지 정문입니다 ",30000
밥솥,쿠쿠 밥솥,쿠쿠 CRP-QS1020FSM 10인용 압력밥솥,거래완료,"100,000원",문정동,2026-06-03,2,3,72,99℃,하늘,생활가전,,"쿠쿠 압력밥솥 CRP-QS1020FSM 10인용이에요
깔끔한 블랙 색상에 모던한 디자인으로 주방 어디에나 잘 어울려요

사용감 잠시.깨끗합니다.",100000
밥솥,쿠쿠 밥솥,쿠쿠 IH 압력밥솥 HVB067SE 레드,거래완료,"15,000원",장지동,2026-06-03,1,2,103,45.6℃,빈잔,생활가전,,"6인용 입니다

쿠쿠 IH 압력밥솥 HVB067SE 모델이에요

남동생이 자취하며 쓰던거예요

밥솥 기능은 좋은데 내솥 스크래치로

내솥은 새로 구입하셔야 겠습니다 ",15000
밥솥,쿠쿠 밥솥,쿠쿠 CR-0375FW 3인용 에그밥솥,거래완료,"40,000원",문정1동,2026-05-04,2,22,527,43.4℃,당근당근,생활가전,,"쿠쿠 에그밥솥 CR-0375FW 모델이에요
3인용으로 혼자 또는 둘이 살기 딱 좋은 사이즈입니다

다른 밥솥을 사서 많이 사용 안했습니다",40000
밥솥,쿠쿠 밥솥,쿠쿠 미니 밥솥 CR-0255MW 깔끔한 화이트,거래완료,"20,000원",위례동,2026-07-03,3,3,128,41.9℃,바스락,생활가전,,"쿠쿠 미니 밥솥 CR-0255MW 화이트 색상이에요
1인 가구나 신혼부부에게 딱 좋은 2인용 밥솥이랍니다
에너지 소비효율 등급 5등급 제품으로 전기세 걱정 없이 사용하기 좋아요
작고 모던한 디자인으로 주방 어디에 두어도 잘 어울려요
자취생이나 신혼부부에게 추천드리는 가성비 좋은 미니 밥솥이에요",20000
밥솥,쿠쿠 밥솥,쿠쿠 6인용 압력밥솥 CRP-QS0610FG,거래완료,"26,000원",위례동,2026-07-03,1,4,147,41.9℃,바스락,생활가전,,,26000
밥솥,쿠쿠 밥솥,쿠쿠 CRP-L1062SD 10인용 IH 압력밥솥,나눔완료,무료나눔,위례동,2026-08-02,0,0,85,55.2℃,일반인,생활가전,,"쿠쿠 IH 압력밥솥 CRP-L1062SD 모델이에요
10인용으로 넉넉하게 사용할 수 있어요
맛있는 밥을 짓고 싶으신 분들께 추천드려요

내솥 작게 까짐 보여요 1년 정도 사용후 보관",0
밥솥,쿠쿠 밥솥,쿠쿠 3인용 에그밥솥 팝니다,거래완료,"20,000원",거여동,2026-07-03,0,2,128,46.4℃,sun,생활/주방,,"쿠쿠 3인용 에그밥솥 팝니다!

사용감 있어서 저렴하게 팔아요 

에너지 효율 1등급 정상작동합니다",20000
밥솥,쿠쿠 밥솥,쿠쿠 6인용 압력밥솥,거래완료,"5,000원",문정동,2026-07-03,5,3,195,38.9℃,대박이,생활가전,,"쿠쿠 6인용 압력밥솥 CRP-R069FS 판매합니다.

- IH 압력 방식
- 쾌속 취사, 예약 기능, 자동세척 기능
- Made in Korea

깨끗하게 사용했고, 작동은 이상없이 잘 됩니다.
더 큰걸루 바꾸면서 버리기에는 아까워서 내놓습니다.
내솥은 사용감이 있어서 교체해서 쓰시면 좋을것 같습니다.",5000
밥솥,쿠쿠 밥솥,쿠쿠 CR-0352FR 3인용 밥솥,거래완료,"1,000원",문정동,2026-08-15,1,2,98,41℃,별밤사랑,생활/주방,,"쿠쿠 3인용 밥솥 CR-0352FR 레드 색상

박스와 설명서 포함 풀구성으로 보관중입니다
사진에서 보시는 것처럼 사용감이 거의 없습니다
(실제 10회 미만 사용)",1000
밥솥,쿠쿠 밥솥,쿠쿠 6인용 밥솥 위례동,나눔완료,무료나눔,장지동,2026-08-27,1,2,91,44.3℃,chany,생활가전,,"쿠쿠 6인용 밥솥입니다.
혼자 자취할 때 쓰던건데 쓰시기 전에 고무패킹 세척은 하시면 좋을 것 같아요. 
내솥은 괜찮은 편이고 기능은 이상없이 잘 됩니다.
",0
밥솥,쿠쿠 밥솥,쿠쿠 6인용 IH 압력밥솥 블랙,거래완료,"20,000원",문정동,2026-08-02,1,0,87,36.9℃,사랑잎사귀,생활가전,,"깔끔한 블랙 색상의 쿠쿠 6인용 IH 압력밥솥이에요
다양한 요리 모드로 맛있는 밥을 지을 수 있답니다
매일 맛있는 밥을 드시고 싶은 분들께 추천드려요

내솥 깨끗하고 고무바킹 (10개월 정도 되었습니다) 교체시기가 되어 싸게 올립니다

ㅡ근무중이라 대답이 늦어요
ㅡ평일 7시 이후
ㅡ주말은 언제 든지 가능합니다

당근 거래 특성상 반품 환불 어렵다는점
신중하게 생각하시고 구매 해 주세요

찔러보기 금지, 비매너는 차단합니다~",20000
밥솥,쿠쿠 밥솥,쿠쿠 CR-0675FW 밥솥,거래완료,"45,000원",문정동,2026-06-04,6,11,300,37.1℃,가시고기,생활가전,,"깔끔한 디자인의 쿠쿠 밥솥 CR-0675FW 모델이에요
다양한 취사 모드와 예약 기능으로 편리하게 사용하실 수 있어요
사진으로 확인 가능한 구성품 모두 포함되어 있어요
매일 맛있는 밥을 짓고 싶은 분들께 추천드려요",45000
밥솥,쿠쿠 밥솥,쿠쿠 30인용 전기밥솥 CR-3031V,거래완료,"30,000원",문정동,2026-07-04,3,3,120,41.9℃,할수있어,생활가전,,"쿠쿠 30인용 대용량 전기밥솥 CR-3031V 판매해요
3만원입니다.
30인용 1개 있습니다.
사진에서 보시는 것처럼 밥솥 뚜껑이 떨어져 있습니다.
사용감이 있습니다.",30000
밥솥,쿠쿠 밥솥,[새제품 미개봉]쿠쿠 IH 압력밥솥 FHBO610EL,거래완료,"198,000원",위례동,2026-08-03,2,4,119,47.9℃,다온,생활가전,,"쿠쿠 IH 압력밥솥 FHBO610EL 6인용이에요
스마트 IH 기능으로 맛있는 밥을 지을 수 있어요
직접 터치 방식으로 조작도 간편하답니다
깔끔한 디자인으로 주방 어디에나 잘 어울려요
46만원인데 
아주 파격적으로 198,000원에 드려요^^
미개봉 새제품 으로 바로 선물하셔도 좋아요 😀
",198000
밥솥,쿠쿠 밥솥,[미개봉 새제품 최고급] 쿠쿠 IH 압력밥솥 FHBO610EL,거래완료,"198,000원",위례동,2026-08-03,2,11,224,47.9℃,다온,생활가전,,"새제품!!! 미개봉!!!  전기1등급 최고급!!! 올해 생산된 최신생산품!!!
쿠쿠 IH 스마트 밥솥 6인용이에요
쿠쿠에서 젤 인기있는 깔끔한 디자인을 자랑해요
IH 기술로 맛있는 밥을 지을 수 있답니다
제품가격 40만원 인데
아주 파격적으로 198,000원에 드려요😊 
구입하시면 무조건 이득입니다
워낙 파격적으로 드려서 네고는 없어요. 무조건 사시면 이득이십니다
최신제품이고 최고급 미개봉 새제품 으로 바로 선물하셔도 됩니다 ",198000
밥솥,쿠쿠 밥솥,[새제품 미개봉]쿠쿠 IH 압력밥솥 KHTS1060FLB,거래완료,"230,000원",위례동,2026-08-03,2,1,82,47.9℃,다온,생활가전,,"쿠쿠 스마트 IH 압력밥솥 10인용이에요
고화력 IH 무쇠 가마솥으로 맛있는 밥을 지을 수 있어요
2기압 초고압 기술로 찰진 밥맛을 선사합니다
59만원 구입가인데
아주  아주  파격적으로 230,000원에 드려요 
쿠쿠에서 젤 최상급 제품
최신제품으로 
미개봉  새제품으로 바로 선물하셔도 됩니다 
구입하시면 이득 입니다^^",230000
밥솥,쿠쿠 밥솥,쿠쿠 10인용 밥솥 내솥,거래중,"20,000원",문정동,2026-08-03,1,8,237,53℃,누렁이,생활가전,,"쿠쿠 10인용 밥솥 내솥이에요
호환가능 밥솥 사진올려드리니 확인후 구매해주세요 
사진에서 보이는 것처럼 사용감은 있지만 깨끗하게 사용했어요
밥솥 내솥만 필요하신 분께 추천드려요

반품불가하니 신중히구매해주세요
",20000
밥솥,쿠쿠 밥솥,쿠쿠 CR-0675FW 6인용 밥솥,거래완료,"30,000원",문정동,2026-06-04,4,4,105,90.2℃,나미네잡화점,생활가전,👉집에 아기가 있어서 문고리 비대면 거래를 선호합니다,"깔끔한 디자인의 쿠쿠 6인용 전기밥솥이에요
사진에서 보이는 것처럼 내부 구성품 모두 깨끗하게 사용했어요 
내솥코팅 까짐 없이 깨끗합니다
자취생같은 1인,2인가구에 적합하고 작동방법도 간단해서 쉽게 밥지어 먹기 좋아요

밥솥청소 다해놔서 바로쓰시면됩니다 
26년 1월에 구매하고 3개월 잘쓰다가

솥밥으로 넘어가서 저렴히 당근합니다


👉집에 아기가 있어서 문고리 비대면 거래를 선호합니다 
👉중고인 점 감안해서 구매해 주세요!
👉예민한분은 죄송하지만 사절입니다
👉 교환, 환불 불가",30000
밥솥,쿠쿠 밥솥,쿠쿠 17인용 밥솥 CR-1713R,거래완료,"27,000원",문정동,2026-08-03,3,1,53,37.8℃,묵향,생활/주방,,"쿠쿠 17인용 전기밥솥 CR-1713R이에요
사진에서 보시는 것처럼 깔끔한 디자인의 밥솥입니다
17인용으로 넉넉하게 사용할 수 있어요
많은 양의 밥을 지어야 하는 가정에 딱 맞는 제품이에요",27000
밥솥,쿠쿠 밥솥,쿠쿠 6인용 트윈프레셔 밥솥 CRP-RT067FP 미사용제품,거래완료,"100,000원",문정1동,2026-08-03,5,10,173,43.9℃,갱이,생활가전,선릉역직거래나 택배가래 가능합니다,"쿠쿠 트윈프레셔 밥솥 6인용 CRP-RT067FP 모델이에요
사진에서 보이는 것처럼 깔끔한 상태를 유지하고 있어요
맛있는 밥을 지어줄 똑똑한 밥솥을 찾으신다면 눈여겨봐주세요
풍성한 식탁을 책임질 든든한 밥솥이 되어줄 거예요
선릉역직거래나 택배가래 가능합니다 ",100000
밥솥,쿠쿠 밥솥,쿠쿠 IH 6인용 압력밥솥 JHP0610FG 미사용제품,거래완료,"100,000원",문정1동,2026-07-04,21,10,294,43.9℃,갱이,생활가전,선릉역 직거래나 택배거래 가능합니다,"쿠쿠 IH 6인용 압력밥솥 JHP0610FG 모델이에요
구성품으로 설명서와 비닐 포장된 부속품이 있어요
사진에서 보이는 그대로 깔끔한 상태랍니다
맛있는 밥을 짓고 싶으신 분들께 추천드려요
선릉역 직거래나 택배거래 가능합니다 ",100000
밥솥,쿠쿠 밥솥,쿠쿠 CRP-RT067FP 6인용 압력밥솥 미사용제품,거래완료,"100,000원",문정1동,2026-07-04,15,3,176,43.9℃,갱이,생활가전,선릉역 직거래나 택배가래 가능합니다,"쿠쿠 CRP-RT067FP 6인용 압력밥솥  미사용제품
선릉역 직거래나 택배가래 가능합니다 ",100000
밥솥,쿠쿠 밥솥,쿠쿠 업소용 전기밥솥 30인용 CR-3055B 판매합니다.,거래완료,"50,000원",위례동,2026-08-03,1,1,83,43.2℃,아림아빠,생활가전,,"업소용으로 사용하기 좋은 쿠쿠 30인용 전기밥솥이에요
사진에 보이는 그대로의 제품이며, 밥솥 본체만 있습니다
대용량으로 많은 양의 밥을 지을 수 있어 편리하고 식당 등 업소에서 사용하기 좋습니다.
잘 작동하며, 별다른 특이사항 없습니다.",50000
밥솥,쿠쿠 밥솥,쿠쿠 2인용 전기밥솥 CR-0215MW,거래완료,"50,000원",문정동,2026-08-17,2,5,176,41.2℃,앤디네,생활가전,,"쿠쿠 2인용 전기밥솥 CR-0215MW 판매해요
컴팩트한 사이즈로 2인 가구에 딱 맞아요
분리형 커버로 세척도 간편하고 위생적이에요
작지만 밥맛은 놓치지 않는 똑똑한 밥솥이랍니다
1인 가구부터 신혼부부까지 모두 만족할 수 있어요",50000
밥솥,쿠쿠 밥솥,쿠쿠 트윈프레셔 더 라이트 밥솥 10인용,거래완료,"90,000원",문정동,2026-05-05,3,2,232,39.5℃,소리소문,생활가전,,"쿠쿠 트윈프레셔 더 라이트 밥솥 10인용이에요
사진에서 보이는 것처럼 깔끔한 상태를 유지하고 있어요
다양한 요리를 할 수 있는 멀티쿠커 기능도 갖추고 있답니다
맛있는 밥을 짓고 싶으신 분들께 추천드려요

위 글은 당근 ai가 작성한 글입니다.
링크는 공홈에서 제품 설명 링크입니다.
공홈은 좀 더 비싸게 나오기 때문에 네이버에 쿠쿠 트윈프레셔 더 라이트 검색해보세요!!

https://www.cuckoo.co.kr/mall/productView?productNo=9935

밥을 잘 안해먹어 판매합니다. 
구매는 1년 조금 넘었지만, 제품 사용은 6회 미만이며 사용감이 적어 생활기스도 적습니다.
가져가셔서 사용한다고 하셔도 거의 새것과 비슷하다고 생각됩니다. 
기스는 사진에 첨부하였습니다! 
참고 부탁드립니다.

연락주세요! 네고문의는 사양하겠습니다😎
즐고운 하루 보내세요😆

전자레인지랑 같이 구매하시면 네고 생각있습니다.
무게가 있기 때문에 거래 장소가 바뀔 수 있습니다.

오늘 하루 4월 26일 9만원!! 오늘 가져가셔야합니다
내일부턴 아닙니다!",90000
밥솥,쿠쿠 밥솥,쿠쿠 IH압력밥솥 10인용 HUXT1020FS,거래완료,"30,000원",문정동,2026-08-03,2,2,71,53.4℃,꿀꿀이,생활가전,,"쿠쿠 IH압력밥솥 10인용 HUXT1020FS 모델이에요
사진에서 보시는 것처럼 내부 구성품 모두 깨끗하게 보존되어 있어요
에너지소비효율 1등급으로 전기세 절약에도 도움이 된답니다
맛있는 밥을 짓고 싶으신 분들께 추천드려요",30000
밥솥,쿠쿠 밥솥,쿠쿠 IH 압력밥솥 3인용 레드,거래완료,"12,000원",문정동,2026-07-04,1,1,51,40.6℃,코콩,생활가전,직거래만 가능 쿨거시 네고가능,"쿠쿠 IH 압력밥솥 3인용이에요
성능 좋습니다 다만 선물받은 새 밥솥 사용 이후로 창고에 보관한지 좀 되어 청소는 하셔야합니다 고무패킹 3년전쯤 갈고 그 이후로 1년도 채 안썼습니다
내부 솥은 까진부분이 있어 교체하셔야할듯 합니다 작동이상없습니다

거래하실분들만 연락 부탁드립니다 
직거래만 가능 쿨거시 네고가능",12000
밥솥,쿠쿠 밥솥,쿠쿠 6인용 밥솥 CR-0632FV,거래완료,"10,000원",위례동,2026-06-04,1,0,33,48.8℃,하니,생활가전,택배 ×직거래.문고리만합니다.작동잘되요,"깔끔한 쿠쿠 6인용 압력밥솥이에요
모델명은 CR-0632FV이고, 2010년 10월에 제조되었어요
내솥과 분리형 커버로 세척이 간편하답니다
택배 ×직거래.문고리만합니다.작동잘되요 ",10000
밥솥,쿠쿠 밥솥,쿠쿠 스마트 IH 밥솥 BHS0610FS 6인용,거래완료,"35,000원",문정동,2026-08-03,1,2,54,97.7℃,쏭쏭이,생활가전,(문고리 가능),"쿠쿠 스마트 IH 밥솥 BHS0610FS 6인용

사진에서 보이는 것처럼 깨끗하게 사용해서 상태 양호합니다. 화이트 색상이라 유행 안 타고 예뻐요. 

에너지소비효율등급 1등급으로 전기세 절약에 좋고, 밥이 정말 잘 돼요!
6인용이라 1-2인 가정 부터 3-4인 가정에도 사용 가능해서 편리합니다. 

후면에 물받이통까지 씻어 놓았어요!

*해외 이사 준비 중이라 저렴하게 올렸으니
에누리 없이 판매할게요😊
(문고리 가능)",35000
밥솥,쿠쿠 밥솥,쿠쿠IH압력밥솥,거래중,"30,000원",위례동,2025-09-02,6,4,1515,56.9℃,maison,생활/주방,,"비싸게주고 샀는데 한 반년정더 쓰고 작은 밥솥만 쎴네요
쿠쿠10인용 압력밥솥
내솥 사용감 있어요",30000
밥솥,쿠쿠 밥솥,쿠쿠 IH 압력밥솥 (6인용),거래완료,"130,000원",문정2동,2026-05-05,1,4,86,39.7℃,워너비애플,생활가전,문정오벨리스크 오피스텔 직거래희망합니다~,"쿠쿠 6인용 IH 압력밥솥입니다.
실사용 5회 정도라 사용감 거의 없어요.

문정오벨리스크 오피스텔 직거래희망합니다~",130000
밥솥,쿠쿠 밥솥,쿠쿠 6인용 압력밥솥 CRP-R067FB,거래완료,"40,000원",문정동,2026-03-06,9,11,1919,46.4℃,나눔하다가온도떨어짐,생활가전,,"쿠쿠 6인용 압력밥솥 CRP-R067FB 모델입니다
- 풀 스테인리스 제품입니다
- 에너지 소비 효율 1등급 제품으로 전기세 절약에 도움이 됩니다
- 밥맛이 좋고, 찰진 밥을 지을 수 있습니다",40000
밥솥,쿠쿠 밥솥,쿠쿠 35인용 업소용 전기밥솥 CR-3555B,거래완료,"70,000원",위례동,2026-08-07,2,2,46,48.5℃,범이,생활가전,,"업소용으로 사용하기 좋은 쿠쿠 35인용 대용량 전기밥솥이에요
사진에서 보시는 것처럼 내부 구성품 모두 갖춰져 있어요
대용량 밥솥이 필요하셨던 분들께 추천드려요

실사용 10회 미만입니다.",70000
밥솥,쿠쿠 밥솥,(미개봉)쿠쿠 CR-0155MG 1인용 소담밥솥 민트,거래완료,"32,000원",거여동,2026-08-03,1,3,71,49.3℃,이든,생활/주방,,"미니멀한 디자인으로 1인 가구에게 딱맞는 쿠쿠 소담밥솥 팔아요. 미개봉 새상품입니다.
12시간 보온 기능 있고 뚜껑이 완전 분리가 가능해 위생적인 관리가 가능하며, 밥솥과 코드가 분리되는 제품이라 보관에도 용이합니다.
    ",32000
밥솥,쿠쿠 밥솥,쿠쿠 CRP-N0680SR 6인용 압력밥솥 레드,거래완료,"15,000원",문정2동,2026-05-05,1,1,48,41.6℃,수슈슈,생활가전,,"쿠쿠 6인용 IH압력밥솥이에
사진에서 보이는 구성품 전부 있고
사용감 있습니다.
맛있는 밥 지어 드실 분께 추천드려요",15000
밥솥,쿠쿠 밥솥,쿠쿠 18GDOK75151 압력밥솥,거래완료,"10,000원",문정동,2026-08-03,2,1,246,40.6℃,lyeo,생활가전,육아중이라 문고리 거래합니다.,"사용감은 있지만, 밥은 잘 됩니다.
코팅이 벗겨져있어 내솥은 다시 사시는 것을 추천합니다.
육아중이라 문고리 거래합니다.",10000
밥솥,쿠쿠 밥솥,쿠쿠밥솥 1-2인용,거래완료,"5,000원",문정동,2026-05-05,1,1,54,42.8℃,미니멀토끼,생활가전,직거래 선호,"6인용 밥솥 구매하여 
사용감 있는 밥솥 싸게 내놔요
코드 연결하면 전원 바로 들어옵니다 

직거래 선호",5000
밥솥,쿠쿠 밥솥,쿠쿠 3인용 에그밥솥 CR-0675FW 화이트,거래완료,"35,000원",위례동,2026-08-03,1,7,386,43.8℃,아놀,생활가전,,"1~2인 가구에게 딱 맞는 쿠쿠 에그밥솥이에요
작고 귀여운 디자인으로 어디에 두어도 예뻐요
간편하게 밥을 지을 수 있어 요리 초보도 문제 없어요
상태는 좋습니다
예민하신분은 패스바랍니다",35000
밥솥,쿠쿠 밥솥,쿠쿠 스마트 IH 압력밥솥 EHS0320FSM 실버 3인용,거래완료,"50,000원",문정동,2026-06-04,8,3,310,47.6℃,쿨거래,생활가전,,"쿠쿠 스마트 IH 압력밥솥 EHS0320FSM 실버 색상 3인용입니다
다양한 요리 모드를 지원하며 IH 압력 방식으로 맛있는 밥을 지어줍니다
깔끔한 디자인으로 주방 어디에나 잘 어울려요
매일 맛있는 밥을 짓고 싶은 분들께 추천드려요",50000
밥솥,쿠쿠 밥솥,쿠쿠 트윈프레셔 쁘띠 IH 전기 압력밥솥 3인용,거래완료,"70,000원",문정동,2026-08-28,3,4,95,37.2℃,귤한개,생활가전,문정역-장지역 사이에서 직거래 원합니다,"쿠쿠 밥솥 3인용입니다
모델명:CRP-MHTR0310FG

상태는 깨끗하고 작동 잘됩니다

문정역-장지역 사이에서 직거래 원합니다",70000
밥솥,쿠쿠 밥솥,쿠쿠 밥솥 CR-0351FG,거래완료,"15,000원",문정1동,2026-08-03,1,1,66,39.4℃,아리,생활가전,,"깔끔한 화이트 색상의 쿠쿠 밥솥이에요
CR-0351FG 모델로 밥맛을 살려주는 다양한 기능이 있어요
에너지소비효율 1등급으로 전기료 부담도 적어요
매일 맛있는 밥을 짓고 싶은 분들께 추천드려요",15000
밥솥,쿠쿠 밥솥,쿠쿠 IH 압력밥솥 10인용,거래완료,"299,000원",문정동,2026-07-04,4,9,274,37℃,미미동,생활가전,,"쿠쿠 IH 압력밥솥 10인용 CRP-JHP1010GPS 판매해요
집들이 선물 받았는데 이미 밥솥이 있어서 판매합니다. 상자 개봉만 해봤고 미사용 제품입니다.

네고 가능합니다!",299000
밥솥,쿠쿠 밥솥,쿠쿠 6인용 밥솥 CR-0675FW,거래완료,"15,000원",위례동,2026-08-03,2,3,111,41.7℃,얌얌,생활가전,,"쿠쿠 6인용 밥솥 CR-0675FW 판매해요.
사진에서 보이는 것처럼 깔끔한 상태의 밥솥입니다.

왼쪽에 약간 얼룩이 있는데, 얼룩 제거제 사용하시면 지워질 것 같습니다! 감안해서 싸게 내놔요!

일정 맞춰서 집 앞으로 와주시면 됩니다!",15000
밥솥,쿠쿠 밥솥,쿠쿠 스마트 IH 밥솥 DHR0610FD 6인용,거래완료,"35,000원",문정1동,2026-08-03,7,7,545,41.5℃,청인,생활가전,,,35000
밥솥,쿠쿠 밥솥,쿠쿠전기밥솥 내솥,거래완료,"10,000원",문정동,2026-06-04,1,5,474,37.9℃,여왕,생활/주방,문정동gs25,,10000
밥솥,쿠쿠 밥솥,쿠쿠 10인용 밥솥(CRP-CHP1010FD) 내솥,거래중,"50,000원",위례동,2026-07-04,1,6,134,43.4℃,당근김밥,생활가전,,,50000
밥솥,쿠쿠 밥솥,쿠쿠 미니 밥솥(CR-0675FW),거래완료,"35,000원",문정동,2026-08-03,3,2,85,56.9℃,이초코,생활가전,장소 협의 직거래 가능합니다.,"쿠쿠 미니 밥솥(CR-0675FW) 
3인용으로 적당한 사이즈이라 자취생, 신혼에 추천합니다
구입 후 많이 사용하지 않아 상태는 좋습니다
상자는 없고 밥솥 본품+내솥만 있습니다
장소 협의 직거래 가능합니다.",35000
밥솥,쿠쿠 밥솥,사용 쿠쿠 CRP-PWE106FB 압력밥솥 10인용,거래완료,"38,000원",위례동,2026-07-04,1,4,307,94.7℃,엔젤1111,생활가전,,"쿠쿠 압력밥솥 CRP-PWE106FB 모델이에요
10인용으로 넉넉하게 사용할 수 있어요
에너지소비효율 1등급 제품으로 전기료 부담을 덜어줘요
맛있는 밥을 짓고 싶으신 분들께 추천드려요


금상초등학교 정문앞 
10억분식앞
겉면 100%소독완료",38000
밥솥,쿠쿠 밥솥,쿠쿠 3인용 압력밥솥,거래완료,"80,000원",거여동,2026-05-05,3,8,406,36.5℃,매주드라마하는참가자,생활가전,,,80000
밥솥,쿠쿠 밥솥,쿠쿠 IH전기압력밥솥 3인용 HQB0310FS,거래완료,"50,000원",거여동,2026-06-04,5,5,272,43.1℃,따뜻한바람,생활/주방,,"쿠쿠 IH 전기밥솥 3인용 판매합니다.
구매하고 2년 안되게 사용하였구요😊
사진과 동일하게
외관도 깨끗하고 내솥 안쪽도 까짐이 없어요.

IH 제품이라 만능찜, 자동세척 기능도 있습니다!
신혼부부나 자취하시는분께 추천드려요😁",50000
밥솥,쿠쿠 밥솥,쿠쿠 1-2인용 미니 밥솥 CR-0255MW 화이트,거래완료,"18,000원",문정동,2026-08-20,1,7,209,49.9℃,spero,생활가전,,"쿠쿠 미니 밥솥 CR-0255MW 화이트 색상이에요
자취생, 1-2인용으로 사용하기 좋아요
본품, 주걱, 전원코드가 구성품으로 포함되어 있어요",18000
밥솥,쿠쿠 밥솥,쿠쿠 6인용 밥솥,나눔완료,무료나눔,위례동,2026-08-03,5,2,194,51.3℃,다램쥐,생활가전,,"쿠쿠 6인용 압력밥솥 나눔합니다
사용감 많은 편이나 기능은 다 작동해요
편하게 필요하신 분 혹시 계신가해서 여쭤봐요",0
밥솥,쿠쿠 밥솥,쿠쿠 IH압력밥솥 3-4인용 HOXT0311FG,거래완료,"40,000원",위례동,2026-06-04,1,4,232,53.1℃,돈돈,생활가전,문고리거래도 가능합니다.,"쿠쿠 IH압력밥솥 3-4인용 모델이에요
사진에서 보이는 것처럼 내부 밥솥 상태도 깨끗하고 외관도 깔끔해요
IH 압력 방식으로 맛있는 밥을 지을 수 있어요
매일 사용하는 밥솥, 깔끔한 디자인으로 주방을 더욱 돋보이게 해줄 거예요
문고리거래도 가능합니다.",40000
밥솥,쿠쿠 밥솥,쿠쿠 미니 밥솥 (화이트),거래완료,"30,000원",위례동,2026-08-03,2,11,130,45.5℃,xoxo,생활가전,,"깔끔한 화이트 색상의 쿠쿠 미니 밥솥이에요. 
작지만 다양한 메뉴 설정이 가능해서 활용도가 높아요
밥솥 내부와 구성품 모두 깨끗하게 관리되었어요. 

저는 캠핑 가서 사용하려고 샀는데, 햇반만 먹어서 사용 횟수가 한두번 정도 밖에 없어요. 

육안으로 확인 되는 큰 상처는 없는데 그래도 사용 흔적 있을 수 있으니 감안하시고 문의 주세요. 
제 생각에 물건 컨디션은 매우 좋습니다.


직접 픽업 오셔야 합니다. 
성남 위례.",30000
밥솥,쿠쿠 밥솥,쿠쿠 IH 밥솥 HZXB0660FR 레드 6인용,거래중,"20,000원",위례동,2026-08-27,1,2,82,39.9℃,다롱이,생활가전,,"쿠쿠 IH 압력밥솥 HZXB0660FR 모델이에요
6인용 사이즈에 세련된 레드 색상으로 주방 어디에나 잘 어울려요
IH 압력 기술로 맛있는 밥을 지어준답니다
사용감 있으나 사진에서 보이는 것처럼 전원 연결시 사용에 전혀 문제 없습니다. ",20000
밥솥,쿠쿠 밥솥,쿠쿠 스마트 IH 밥솥 DHX0610FB 6인용,나눔완료,무료나눔,거여2동,2026-08-16,2,0,179,40.1℃,럭키스타,생활가전,,"쿠쿠 스마트 IH 압력밥솥 6인용이고
사진에서 보이는 것처럼 나름 깔끔하게 사용했어요
근데 어제부터 밥이 잘안되서 새로 구입해서 나눔합니다 
AS받아 사용하실분 혹시 계실까요?",0
밥솥,쿠쿠 밥솥,쿠쿠 3인용 밥솥 CR-0352FR 레드,거래완료,"8,000원",가락동,2026-07-04,5,9,201,38.6℃,쿠키,생활가전,,"쿠쿠 3인용 밥솥 CR-0352FR입니다. 깔끔한 디자인과 편리한 기능으로 매일 맛있는 밥을 지을 수 있어요. 
필요없게되서 재당근합니다",8000
밥솥,쿠쿠 밥솥,쿠쿠 스마트 IH 압력밥솥 6인용 부품용,거래완료,123원,위례동,2026-08-18,2,3,138,63.6℃,안녕하세요반가워요,생활가전,정품아니면 환불해드리니 믿고 구매해주세요. 이외에는 환불 안되니 신중한 구매 부탁드립니다.착불이구요. 직거래는 저희집(송파 위례)으로 오셔야합니다.(문고리거래희망) 상태는 심각한 문제가 있으면 고지를 하지만 발견하지 못한 미세 하자는 있을 수 있어요. 주관적인 부분이고 중고제품임을 감안해 주세요. 민감하지 않으신 분 구매바랍니다.,"쿠쿠 스마트 IH 압력밥솥 6인용입니다. 문잠금 인식이
안 돼서 수리해서 사용하시거나 부품용으로 사용하셔여 합니다.  사진에서 보시는 것처럼 깔끔합니다. 내솥 은 새로 산 지 얼마 안돼서 상태 좋아요 다만 잔기스는 당연히 있고 찍힘이 4군데정도 있는데 찍힘은 밥이랑 닿는 부분이 아니고 위쪽부분이라 전혀 문제 없어보입니다. 사진으로 상태 확인해주세요. 고무패킹은 없어요. 사용하시려면 고무패킹은 새로 구매하셔야 합니다. 

정품아니면 환불해드리니 믿고 구매해주세요. 이외에는 환불 안되니 신중한 구매 부탁드립니다.착불이구요. 직거래는 저희집(송파 위례)으로 오셔야합니다.(문고리거래희망) 상태는 심각한 문제가 있으면 고지를 하지만 발견하지 못한 미세 하자는 있을 수 있어요. 주관적인 부분이고 중고제품임을 감안해 주세요. 민감하지 않으신 분 구매바랍니다.",123
밥솥,쿠쿠 밥솥,쿠쿠 CRP-P1010FD 10인용 압력밥솥,거래완료,"20,000원",가락2동,2026-07-04,2,1,83,48.3℃,둥이맘,생활가전,,"쿠쿠 압력밥솥 CRP-P1010FD 모델이에요
10인용으로 넉넉하게 사용할 수 있어요
사진에서 보이는 것처럼 구성품 모두 잘 갖춰져 있답니다
맛있는 밥을 짓고 싶으신 분들께 추천드려요",20000
밥솥,쿠쿠 밥솥,쿠쿠 스마트 IH 밥솥 10인용 브라운,거래완료,"20,000원",가락동,2026-06-04,1,3,144,36.7℃,때지,생활가전,,"쿠쿠 스마트 IH 압력밥솥 10인용 브라운 색상이에요
사진처럼 내부 구성품 모두 깨끗하게 사용했어요
IH 압력 방식

내솥 사용감 있습니다.",20000
밥솥,쿠쿠 밥솥,쿠쿠 밥솥 급처,거래완료,"9,000원",문정1동,2026-06-04,3,1,177,41.2℃,kkfchhhy,생활가전,,"쿠쿠 밥솥 판매합니다.
사용 문제 없습니다.
내솥에 살짝 까짐이 있어 싸게 내놓습니다.",9000
밥솥,쿠쿠 밥솥,쿠쿠 전기압력밥솥 CMC-A0655FB,거래완료,"5,000원",가락동,2026-08-03,4,2,187,41℃,호두마루,생활가전,,"쿠쿠 전기압력밥솥 CMC-A0655FB 판매해요
사진에 보이는 구성품 그대로 드려요
내솥 상태도 깔끔해요
요리하기 편한 밥솥 찾으시는 분들께 추천드려요",5000
밥솥,쿠쿠 밥솥,쿠쿠 17인용 IH 전기밥솥 CR-1755B,거래완료,"25,000원",거여1동,2026-06-04,1,1,52,59.4℃,다다다라,생활가전,,"쿠쿠 17인용 IH 전기밥솥 CR-1755B 판매해요
사진에서 보시는 것처럼 깔끔한 상태의 밥솥입니다
IH 방식으로 맛있는 밥을 지을 수 있어요
17인용 대용량이라 온 가족이 사용하기 좋아요
매일 먹는 밥, 맛있는 밥솥으로 지어보세요

제조년도 25년6

주소 : 거여동 174-4
오늘 빨리가져가시는게 좋아
상태좋아요
",25000
밥솥,쿠쿠 밥솥,쿠쿠 CRP-QS107FG 10인용 압력밥솥,거래완료,"50,000원",위례동,2026-08-03,1,1,66,44.3℃,꿀꾸르,생활가전,,"쿠쿠 음성인식 10인용 압력밥솥 CRP-QS107FG

2중 모션 패킹과 분리형 커버라 위생적이고 분리 세척이 편한 10인용 모델

IH 압력 방식",50000
밥솥,쿠쿠 밥솥,쿠쿠 트윈프레셔 IH 밥솥 6인용 LHTR0610FW,거래완료,"30,000원",위례동,2026-08-03,25,10,294,55℃,다람이,생활가전,,"쿠쿠 트윈프레셔 IH 밥솥 6인용 LHTR0610FW 판매해요
IH 압력 방식으로 맛있는 밥을 지을 수 있어요
산지 한 3년-4년?정도 된것같아요
내솥 한번 교체했습니다
해외이민으로 조금 저렴하게 내놓습니다!",30000
밥솥,쿠쿠 밥솥,고장난 쿠쿠 CRP-P0660FD 6인용 압력밥솥,나눔완료,무료나눔,거여1동,2026-05-05,3,0,85,56.4℃,보리밍,생활가전,비대면 문고리거래 문앞에 둘게요 집은 오금동 목련공원쪽이에요,"고장난 쿠쿠 압력밥솥 6인용입니다 상태는 깨끗하진않아서 괜찮으신분만연락주세요 
CRP-P0660FD 김이새서 버리려고 하는데 고장난 압력밥솥혹시 필요하신분 나눔해요 
비대면 문고리거래 문앞에 둘게요 집은 오금동 목련공원쪽이에요 
직접오셔서 가져가셔야해요",0
밥솥,쿠쿠 밥솥,쿠쿠 IH 압력밥솥 6인용 로즈골드,거래완료,"50,000원",가락본동,2026-05-05,3,8,423,74.5℃,구짜,생활가전,직거래 가락동 입니다,"쿠쿠 IH 압력밥솥 6인용 로즈골드 색상이에요
사진에서 보시는 것처럼 깔끔한 상태를 유지하고 있어요
내솥과 구성품 모두 사진으로 확인 가능해요
맛있는 밥을 지어줄 쿠쿠 압력밥솥으로 주방을 더욱 멋지게 꾸며보세요
21년도 생산 제품 입니다
내 솥도 교환한지 한달 되었습니다 
밥은 아주 잘됩니다
밥보관후 보혼이 잘안됩니다
금방금방 밥해드실분은 아주 좋습니다
밥맛이 이상할경우 반품 해드립니다
직거래 가락동 입니다 ",50000
밥솥,쿠쿠 밥솥,쿠쿠 6인용 밥솥 p067fd 가락2동,나눔완료,무료나눔,장지동,2026-07-04,1,0,268,41.7℃,마옥,생활가전,,"사용을 안해서 나눔합니다
작동은 됐었는데 1년이상 방치해서 작동여부는 확인해보셔야합니다.. 내솥 교체 추천",0
밥솥,쿠쿠 밥솥,쿠쿠 인기모델 마스터셰프 트윈프레셔 사일런스 CRP-NHTR0610FW6인용,거래중,"200,000원",문정동,2026-09-02,0,4,10,42.2℃,당근이라면,생활/주방,,"CRP-NHTR0610FW


디자인도 이쁘고 쿠쿠최신형 모델입니다!!


1인가구라 햇반이 편해서 이사오고 몇번 사용했다보니  내솥 상태 최상 고무패킹도 최상입니다. 새거라 보시면 됩니다.

찬장에 보관해 놓다 오랜만에 꺼내서 밥 이상없이 잘되는거 확인 후 자동세척하고 내외부 싹 청소해서 다시 보관중입니다.

옆쪽에 찍힘 있는데 흰색이라 잘 보이진 않습니다.
사진 확인해주세요.

김새는곳없이 밥 진짜 맛있게 잘되고 최상급입니다.

고압 무압 다 잘되구요.모델명 네이버 검색하시면  다양한  기능 검색 가능합니다..사진에도 몇장 올려둡니다.예전 쿠쿠 모델과는 틀리게 조용하고.회전추 돌아가는 방식도 틀립니다

가까운곳은 배달가능합니다.",200000
밥솥,쿠쿠 밥솥,쿠쿠 6인용 에그밥솥 CR-0675FW,거래완료,"30,000원",거여동,2026-08-03,1,0,38,45.1℃,파란별,생활가전,,"쿠쿠 6인용 전기보온 에그밥솥 CR-0675FW 판매해요
사진에서 보시는 것처럼 깔끔한 상태의 제품입니다
6인용으로 넉넉하게 사용할 수 있어요
밥솥 구매를 고민하셨던 분들께 좋은 선택이 될 거예요
20일전에 구매해서 3번 사용했습니다.
내솥 손잡이가 없어서 조금 불편해서 중고로 내놓습니다.",30000
밥솥,쿠쿠 밥솥,쿠쿠 업소용 밥솥 30인용,거래완료,"35,000원",거여1동,2026-06-04,6,4,172,47.4℃,고니,생활/주방,,"업소용으로 사용하기 좋은 쿠쿠 30인용 밥솥이에요
대용량으로 많은 양의 밥을 지을 수 있어 편리해요
사진에서 보이는 것처럼 깔끔하게 사용했어요
많은 양의 밥이 필요한 식당이나 단체 급식소에 딱 맞는 제품이에요",35000
밥솥,쿠쿠 밥솥,[이사처분] 쿠쿠 미니밥솥,거래완료,"5,000원",문정동,2026-08-03,1,1,62,42.3℃,온양온천지구찰밥,생활가전,Gs25문정에코점,"정상작동, 오늘 오실 수 있는 분
Gs25 문정에코점 앞",5000
밥솥,쿠쿠 밥솥,쿠쿠 트윈프레셔 IH 밥솥 6인용 LHTR0610FW,거래완료,"40,000원",위례동,2026-08-18,8,6,579,87.1℃,terapiece,생활가전,,"엊그제 새밥솥구입하면서 기존 압력밥솥 판매합니다. 올해초 고무패킹 교체했고
밥  아주 잘됩니다. 내솥은 까짐과 사용감 있어 교체해서 쓰시라고 저렴하게 판매합니다.
위치는 송파구 거여동입니다.


쿠쿠 트윈프레셔 IH 밥솥 6인용입니다
IH 압력 방식으로 맛있는 밥을 지을 수 있어요
다양한 메뉴 설정이 가능하며 사용이 편리합니다
깔끔한 디자인으로 주방 어디에나 잘 어울려요.",40000
밥솥,쿠쿠 밥솥,쿠크 10인용 밥솥 팔아요!,거래완료,"10,000원",거여동,2026-08-08,2,1,75,51.6℃,분홍꿀떡,생활/주방,,"닦아놔서 전반적 상태는 괜찮으나
내솥은 까져서 따로 구매하셔야해요
환불은 안됩니다!",10000
밥솥,쿠쿠 밥솥,쿠쿠 에그밥솥 6인용,거래완료,"40,000원",문정1동,2026-05-05,3,2,135,82℃,강아지차차,생활가전,문고리거래 선호,"3월 중순 구매 후 딱 한달 사용
작동 잘 되고 이상 없어요

박스는 없음
사용설명서 있음

문고리거래 선호",40000
밥솥,쿠쿠 밥솥,쿠쿠 6인용 전기밥솥 JHR0660FD,거래완료,"80,000원",가락2동,2026-08-04,1,5,121,55.8℃,썸머킹,생활가전,가락 2동 직거래 가능.,"6인용 밥솥으로 4인 가족에게 딱 맞은 사이즈입니다.
얼마 전에 압력 패킹 AS 받고 사용하지 않아 압력 좋습니다. 고무패킹도 바꾼지 얼마 안 됐어요.
세척 및 소독 완료. 

가락 2동 직거래 가능.",80000
밥솥,쿠쿠 밥솥,쿠쿠 IH압력밥솥 HNXG1010FB 10인용 거여1동,나눔완료,무료나눔,장지동,2026-06-04,0,4,293,40.1℃,나미야잡화점,생활가전,,"쿠쿠 IH압력밥솥 HNXG1010FB 10인용입니다
사진에서 보이는 그대로의 제품이에요
맛있는 밥은 잘되는데 연식이 있어 압력은  잘되지 않습니다.
가족들과 함께 사용하기 좋은 10인용 사이즈입니다.

",0
밥솥,쿠쿠 밥솥,[새상품] 쿠쿠 올스텐 밥솥 10인용 CRP-KHTAS1010FWM,거래완료,"290,000원",가락2동,2026-08-03,1,2,76,43.4℃,케일스,생활가전,,"[새상품] 
스펙 다 따져보고
후기 100만개 보고 골랐는데

개인사정이 생겨
어쩔수없이 판매합니다..

구매한지 한달도 안되었습니다.

새상품
좋은분이 데러가셨으면 좋겠습니다^^

 CRP-KHTAS1010FWM",290000
밥솥,쿠쿠 밥솥,쿠쿠 스마트 IH 압력밥솥 JHR0660FD 6인용,거래완료,"50,000원",거여1동,2026-08-03,3,7,216,42.9℃,정이사,생활가전,,"쿠쿠 스마트 IH 압력밥솥 JHR0660FD 6인용,
밥 잘됩니다
 작년에 내솥 교체도 했어요",50000
밥솥,쿠쿠 밥솥,쿠쿠 IH압력밥솥 6인용 HPF0660SR 레드 송파,거래완료,"45,000원",마천동,2026-05-05,1,1,47,77.5℃,유진이,생활가전,맛있는 밥을 짓고 싶으신 분들께 추천드려요 깔끔하고 깨끗합니다 작동잘됩니다 혹시 필요하신분 편하게 연락주세요 직거래 원합니다 반품 환불 안되요,"쿠쿠 IH압력밥솥 6인용 모델이에요
레드 색상으로 주방 어디에나 잘 어울려요
내솥 포함 구성품 모두 사진으로 확인 가능해요
맛있는 밥을 짓고 싶으신 분들께 추천드려요 깔끔하고 깨끗합니다 작동잘됩니다 혹시 필요하신분 편하게 연락주세요 직거래 원합니다 반품 환불 안되요 ",45000
밥솥,쿠쿠 밥솥,쿠쿠 6인용 전기밥솥 CR-0685GW,거래완료,"50,000원",가락동,2026-06-04,8,4,249,49.9℃,롱롱,생활가전,임신중이라 멀리 나가지 못해 문고리 거래 희망합니다,"깔끔한 디자인의 쿠쿠 6인용 전기밥솥이에요
CR-0685GW 모델로 밥맛을 살려주는 기능이 있어요
내솥과 뚜껑 분리가 가능해서 세척도 편리하답니다

작년 10월에 구입후 사용하다가
아기가 태어날 준비 하면서 이유식때문에 10인용 밥솥으로 교체 하느라 얼마 못쓰고 팔아요ㅠㅠ

약 9개월 사용
밥을 잘 안해먹어서 실제 밥한 횟수는 10회 미만입니다,,,

임신중이라 멀리 나가지 못해 문고리 거래 희망합니다
문고리 쿨거래시 3천원 빼드리겠습니다",50000
밥솥,쿠쿠 밥솥,쿠쿠 IH압력밥솥 6인용 JHT0610FS,거래완료,"20,000원",가락본동,2026-07-04,6,3,206,39.1℃,롤롤,생활가전,,"쿠쿠 IH압력밥솥 6인용 JHT0610FS 판매해요
사진에서 보시는 것처럼 깔끔한 상태의 밥솥입니다
IH 압력 방식으로 맛있는 밥을 지을 수 있어요
매일 따뜻하고 맛있는 밥을 드시고 싶은 분들께 추천드려요",20000
밥솥,쿠쿠 밥솥,쿠쿠 IH 압력밥솥 10인용 송파,거래중,"67,000원",마천동,2026-08-03,1,8,343,41.2℃,멍이맘,생활가전,,"깔끔한 디자인의 쿠쿠 IH 압력밥솥 10인용이에요
사진에서 보이는 것처럼 구성품은 본체입니다
이사로인해 내놔요
맛있는 밥을 지어줄 똑똑한 밥솥을 찾으시는 분들께 추천드려요",67000
밥솥,쿠쿠 밥솥,쿠쿠 6인용 밥솥 CR-0675FW 화이트 송파,거래완료,"30,000원",마천2동,2026-08-03,3,6,149,39.4℃,시아카,생활가전,,"쿠쿠 6인용 밥솥 CR-0675FW 화이트 색상이에요
사진에서 보시는 것처럼 깔끔한 상태를 유지하고 있어요
6인용으로 넉넉하게 사용할 수 있는 밥솥입니다
매일 맛있는 밥을 짓고 싶은 분들께 추천드려요",30000
밥솥,쿠쿠 밥솥,쿠쿠 IH압력밥솥 HZXB0660FB 6인용,거래완료,"20,000원",위례동,2026-05-05,2,4,255,47.9℃,꼬부기,생활가전,,"쿠쿠 IH압력밥솥 HZXB0660FB 6인용이에요
사진에서 보이는 것처럼 깔끔한 디자인의 밥솥입니다
IH 압력 기술로 맛있는 밥을 지을 수 있어요
매일 따뜻하고 맛있는 밥을 드시고 싶은 분들께 추천드려요

잘 작동하나 선물로 새 전기밥솥을 받아서 부득이하게 올립니다 밥 맛있게 잘되요 ",20000
밥솥,쿠쿠 밥솥,쿠쿠 30인용 업소용 밥솥 CR-3031V,거래완료,"20,000원",가락본동,2026-07-04,2,0,95,59.2℃,최선을다하자,생활가전,,"쿠쿠 30인용 업소용 전기밥솥 CR-3031V 판매해요
대용량으로 많은 양의 밥을 지을 수 있어 식당이나 행사장에서 사용하기 좋아요
사진에서 보이는 것처럼 밥솥 본체와 뚜껑이 구성품이에요
많은 양의 밥을 빠르고 맛있게 지을 수 있는 밥솥을 찾으시는 분들께 추천드려요
작동잘됩니다",20000
밥솥,쿠쿠 밥솥,쿠쿠에그밥솥 6인,거래완료,"20,000원",가락동,2026-07-04,0,1,56,44.1℃,충무로버거킹,생활가전,가락시장역,,20000
밥솥,쿠쿠 밥솥,쿠쿠 스마트 IH 밥솥 CHS1010FW 10인용,거래중,"210,000원",위례동,2026-05-05,2,7,253,55.5℃,니나,생활가전,남위례역 수자인 센트럴 문고리 혹은 직거래입니다,"10인용으로 넉넉하게 사용할 수 있고
신랑이 밥 편하게 하라고 사줬는데
돌고 돌아 결국 다시 솥밥을 쓰네요

풀 스테인리스 내솥이고, 상태 좋아
안쪽 부품까지 세척해서 보관 중입니다!
남위례역 수자인 센트럴 문고리 혹은 직거래입니다

쿨거래 시 21에 드립니다",210000
밥솥,쿠쿠 밥솥,쿠쿠 CRP-RT067FC 6인용 압력밥솥,거래완료,"30,000원",위례동,2026-03-06,6,14,1133,49.2℃,밍두리고,생활가전,문고리 거래 원합니다,"쿠쿠 6인용 압력밥솥 CRP-RT067FC 모델입니다

- 다이아몬드 코팅 내솥으로 밥맛이 좋아요
- 에너지 소비 효율 1등급 제품입니다
- 자동세척 기능으로 편리하게 사용 가능합니다
- 무게는 5.7kg입니다

2019년에 꽤 비싸게 구매하여 잘 썼습니다
밥 잘되고 중간에 내솥교체도 한번 했습니다!
보조밥솥으로 쓰셔도 무방합니다 
식초로 자동세척 한번 했습니다!
문고리 거래 원합니다",30000
밥솥,쿠쿠 밥솥,쿠쿠 10인용 IH압력밥솥 CHB105FD,거래완료,"80,000원",가락본동,2026-06-04,1,10,359,38.3℃,자연스레,생활가전,,"쿠쿠 IH압력밥솥 CHB105FD 모델이에요
다양한 메뉴로 맛있는 밥을 지을 수 있어요
내솥과 뚜껑 분리가 가능해서 세척이 편리해요
사용은 5년정도인데 밥을 많이 안해서 깨끗합니다.",80000
밥솥,쿠쿠 밥솥,쿠쿠 3인용 압력밥솥 10만원 거의 새거,거래완료,"100,000원",오금동,2026-05-05,4,4,377,38.3℃,미카,생활가전,,"1년정도 가끔씩만 사용했어요
거의 새거 같아요

압력밥과 일반 밥솥은
밥맛 차이 비교불가죠~

압력밥솥은 
작은게 더 비싼듯요
1~2인 가구에 
딱 좋은 사이즈입니다

예약금 1만원 받습니다
",100000
밥솥,쿠쿠 밥솥,쿠쿠 IH 압력밥솥 6인용 HVB068BS,거래완료,"50,000원",오금동,2026-07-04,1,4,91,60.8℃,요조,생활가전,,"쿠쿠 스마트 IH 압력밥솥 6인용입니다
모델명은 HVB068BS이며, IH 압력 방식으로 맛있는 밥을 지을 수 있어요
1년여사용 약간의 사용감있으나
정상작동됩니다
",50000
밥솥,쿠쿠 밥솥,쿠쿠 CRP-P0620FDM 6인용 밥솥,거래완료,"30,000원",가락본동,2026-08-03,3,0,67,37.5℃,고구마6119,생활가전,,"쿠쿠 6인용 IH압력밥솥 CRP-P0620FDM이에요
사진에서 보이는 것처럼 깔끔하게 사용했어요
맛있는 밥 지어줄 밥솥 찾으시는 분들께 추천드려요",30000
밥솥,쿠쿠 밥솥,쿠쿠 IH 압력밥솥 10인용 HNXG102FL,거래완료,"30,000원",가락본동,2026-06-04,2,0,60,41.7℃,추니이모,생활가전,,"쿠쿠 IH 압력밥솥 10인용입니다
사진에서 보이는 것처럼 내부 상태도 깨끗하고 외관도 깔끔해요 사용감은있지만
IH 기능으로 맛있는 밥을 지을 수 있어요
매일 맛있는 밥을 짓고 싶은 분들께 추천드려요",30000
밥솥,쿠쿠 밥솥,쿠쿠 3인용 IH 압력밥솥,거래완료,"150,000원",위례동,2026-08-03,3,2,91,47.1℃,미짱,생활/주방,,"쿠쿠( CRP-MHTR 0310FW)트윈프레셔 3인용 IH 매트화이트 압력밥솥 이에요~
화실에서 쓰려고 골라골라 예쁜 거 찾아서
샀는데 주로 햇반을 먹게 되고 잘 안 써서
판매해요~:)
몇 번 안 써서 사진 처럼
새상품에 가까워요^^
박스만 없구 사용설명서라 그대로 있습니다~",150000
밥솥,쿠쿠 밥솥,쿠쿠 스마트 IH 압력밥솥 10인용 FHVFD,거래완료,"30,000원",가락본동,2026-07-04,5,4,143,41.7℃,추니이모,생활가전,,"쿠쿠 스마트 IH 압력밥솥 10인용입니다
사진에서 보시는 것처럼 깔끔한 상태를 유지하고 있어요  밥이끌을때몇번소리좀나다가 괜찮고 맛있는밥이잘됩니다 ",30000
밥솥,쿠쿠 밥솥,쿠쿠 CRP-P0610FD 6인용 밥솥,거래완료,"20,000원",가락본동,2026-08-03,3,1,242,42.8℃,쭈서노,생활가전,CU 천호제일점 직거래가능,"쿠쿠 CRP-P0610FD 6인용 밥솥이에요🙂
사진에서 보이는 것처럼 깔끔한 디자인의 밥솥입니다
내솥, 외관 등 사용감있습니다~
전자제품 특성 상 구매 후 반품 및 교환은 어렵습니다.☺️
밥 잘 됩니다! ㅎㅎ

CU 천호제일점 직거래가능",20000
밥솥,쿠쿠 밥솥,쿠쿠 IH 압력밥솥 CRP-DHG1010FI,나눔완료,무료나눔,가락동,2026-06-04,2,1,74,59.2℃,자봉이맘,생활가전,,"쿠쿠 10인 밥솥 입니다.
고구마나 달걀 삶아 먹으려고 
바킹을 바꾼지 얼마 안되는데 
안쓰게 되네요.
사용 가능 한데 메뉴 화면이 흐릿합니다.
필요하신분 계실까요?",0
밥솥,쿠쿠 밥솥,쿠쿠 35인용 업소용 전기밥솥 송파,거래완료,"50,000원",마천1동,2026-06-04,2,0,64,42.7℃,가을양,생활/주방,,"업소용으로 사용하기 좋은 쿠쿠 35인용 전기밥솥이에요
내솥 포함 
거의새거
 넉넉하게 사용하실 수 있어요
사진에서 보이는 것처럼 깔끔하게 사용되었어요
많은 양의 밥을 빠르고 맛있게 지을 수 있어 식당이나 단체 급식소에 적합해요",50000
밥솥,쿠쿠 밥솥,쿠쿠 밥솥 내솥 6인용 송파,거래완료,"5,000원",마천1동,2026-06-04,4,1,152,44.9℃,독광이,생활/주방,,"쿠쿠 밥솥 내솥 6인용이에요
사진에서 보이는 것처럼 사용감은 있지만 깨끗하게 사용했어요
밥솥 내솥만 필요하신 분께 좋은 선택이 될 거예요
맛있는 밥을 짓고 싶으신 분들께 추천드려요",5000
밥솥,쿠쿠 밥솥,쿠쿠 IH압력밥솥 HNX B1080FB 10인용,거래완료,"10,000원",가락동,2026-05-05,6,3,141,38.9℃,아령하세용,생활가전,,"쿠쿠 IH압력밥솥 HNX B1080FB 10인용이에요
사진에서 보이는 것처럼 깔끔한 디자인의 밥솥입니다
IH 압력 방식으로 맛있는 밥을 지을 수 있어요
매일 따뜻하고 맛있는 밥을 드시고 싶으신 분들께 추천드려요
사용감 있습니다. 내솥 깨끗하구요 작동 잘됩니다.
이것저것 안따지고 가져가실분만 채팅주세요",10000
밥솥,쿠쿠 밥솥,쿠쿠 CRP-P0610FD 6인용 밥솥,거래중,"10,000원",삼전동,2026-09-02,0,2,83,53.5℃,딸맘,생활가전,,"쿠쿠 6인용 전기밥솥 CRP-P0610FD 모델이에요
내솥과 뚜껑 분리형으로 세척이 간편해요

밥은 잘 되서 그냥 사용하셔도되는데
안쪽 고무 파킹 부분이 좀 헐거운것같아서
바꾸시면 될것같아요

예민하신분 피해주시고
반품은 안됩니다.
직접 가지고 가셔야돼요.",10000
밥솥,쿠쿠 밥솥,쿠쿠 트윈프레셔 CRP-ST069FGI 밥솥 하남,거래중,"100,000원",위례동,2026-08-15,6,45,3354,48.8℃,동현,생활가전,북위례 문고리거래,"쿠쿠 트윈프레셔 밥솥 CRP-ST069FGI 모델이에요
6인용으로 넉넉하게 사용할 수 있어요
사진에서 보이는 것처럼 깔끔하게 사용했어요
맛있는 밥을 짓고 싶으신 분들께 추천드려요
북위례 문고리거래",100000
밥솥,쿠쿠 밥솥,쿠쿠 CRP-QS1010FG 10인용 압력밥솥 로즈골드,거래중,"23,000원",가락2동,2026-08-30,1,7,114,43.3℃,소연삼촌,생활가전,,"쿠쿠 압력밥솥 CRP-QS1010FG 모델이에요
외형도 아주 깨끗하고요
10인용으로 넉넉하게 사용할 수 있답니다
로즈골드 색상으로 주방 어디에나 잘 어울려요
맛있는 밥을 짓고 싶으신 분들께 추천드려요
밥도 잘되고 작동 아주 잘 됩니다!",23000
밥솥,쿠쿠 밥솥,쿠쿠 6인용 밥솥 CR-1055B 하남,거래중,"43,000원",위례동,2026-08-20,1,5,152,68.9℃,딸기,생활가전,,"깔끔한 화이트 색상의 쿠쿠 6인용 밥솥 CR-1055B입니다
내솥 포함 구성품 모두 사진으로 확인 가능해요
새 제품 가격은 10만원대입니다
매일 맛있는 밥을 짓고 싶은 분들께 추천드려요
한두번 사용후 보관만 한 제품 입니다 

중고 특성상 구매후 환불은 어려워요 ^^",43000
밥솥,쿠쿠 밥솥,쿠쿠 CR-0375FW 밥솥,거래완료,"25,000원",문정2동,2026-08-03,3,1,117,46.4℃,모래고래,생활가전,,"깔끔한 화이트 색상의 쿠쿠 밥솥이에요
CR-0375FW 모델로 6인용 밥솥이랍니다
다양한 취사 모드와 예약 기능이 있어서 편리하게 사용하실 수 있어요
매일 맛있는 밥을 짓고 싶은 분들께 추천드려요",25000
밥솥,쿠쿠 밥솥,쿠쿠 스마트 IH 밥솥 DHR0610FS,거래완료,"60,000원",문정동,2026-08-22,2,4,347,42.8℃,밝은건너편이웃,생활가전,,"쿠쿠 스마트 IH 밥솥 DHR0610FS 판매해요
다양한 취사 모드와 스마트 IH 기능으로 맛있는 밥을 지을 수 있어요
내부 솥에 사용감 있으나 작동 이상 없습니다^^",60000
밥솥,쿠쿠 밥솥,쿠쿠 CR-0675FW 화이트 밥솥팔아요.,거래완료,"20,000원",석촌동,2026-07-04,6,8,427,39.4℃,당돌이,생활가전,,"깔끔한 화이트 색상의 쿠쿠 밥솥이에요.
사진에서 보시는 것처럼 내부 상태도 깨끗하게 관리되었어요.
작동잘되고, 이사로 인해 판매합니다.",20000
밥솥,쿠쿠 밥솥,쿠쿠 CRP-ST1010FW 밥솥 하남,거래완료,"90,000원",위례동,2026-06-04,1,0,79,40.5℃,sm7157,생활가전,,"쿠쿠 CRP-ST1010FW 제품입니다.
깔끔한 디자인으로 주방 어디에나 잘 어울려요

실사용1번있는 거의새제품입니다 1인가구라 생각보다쓸일이없더라구요..깨끗합니다",90000
밥솥,쿠쿠 밥솥,쿠쿠 트윈압력 밥솥 LHTR0610FW 6인용,나눔완료,무료나눔,잠실2동,2026-07-04,10,2,427,46.1℃,김트루,생활가전,,"쿠쿠 트윈압력 밥솥 LHTR0610FW 6인용이에요
사용감은 있으나 밥은 잘 지어 집니다",0
밥솥,쿠쿠 밥솥,쿠쿠밥솥 LHTR0610FW 트윈프레셔 6인용,거래완료,"100,000원",잠실동,2026-08-10,2,3,246,42.8℃,말랑이,생활가전,,"쿠쿠 트윈프레셔 IH LHTR0610FW 밥솥

사용 많이 안해서 작동 잘되고 깨끗해요.
깨끗하게 닦아서 드립니다

다양한 취사 모드로 맛있는 밥을 지을 수 있어요
에너지 소비효율 등급 1등급으로 전기료 절약에도 좋아요
깔끔한 디자인으로 주방 어디에나 잘 어울려요",100000
밥솥,쿠쿠 밥솥,쿠쿠 IH 압력밥솥 HSXT0610FB 6인용,거래완료,"20,000원",삼전동,2026-08-26,11,3,185,38.9℃,솔쏠쏠,생활가전,,"깔끔한 디자인의 쿠쿠 IH 압력밥솥 6인용이에요
모델명은 HSXT0610FB이고, IH 압력 방식으로 맛있는 밥을 지을 수 있어요
사진에서 보이는 것처럼 내솥과 내부 상태 모두 깨끗하게 관리되었어요
매일 먹는 밥, 맛있는 밥으로 든든한 하루를 시작해보세요",20000
밥솥,쿠쿠 밥솥,쿠쿠압력밥솥,나눔완료,무료나눔,석촌동,2026-08-26,3,2,144,43.9℃,퍼펙트,생활가전,,"쿠쿠밥솥 입니다
김이 새서 밥이 설익습니다
고쳐서 쓰시거나 부품용 추천합니다


자세한 주소는 예약확정시 안내하겠습니다",0
밥솥,쿠쿠 밥솥,쿠쿠 2인용 미니 밥솥,거래완료,"30,000원",잠실6동,2026-08-27,0,1,26,59.3℃,GetSmart,생활가전,,"쿠쿠 2인용 미니 밥솥입니다.

부피가 작고 효율도 1등급이라 집에서나 캠핑장에서도 사용 가능합니다.

내솥과 본체 모두 깨끗합니다.",30000
밥솥,쿠쿠 밥솥,쿠쿠 스마트 IH 밥솥 DHP0610FD 6인용,거래완료,"50,000원",방이동,2026-08-19,2,0,60,37.5℃,쿠키쿠키,생활가전,,"쿠쿠 스마트 IH 밥솥 DHP0610FD 모델이에요
6인용으로 혼자 또는 둘이서 사용하기 좋아요
IH 기술로 빠르고 맛있는 밥을 지을 수 있답니다
깔끔한 디자인으로 주방 어디에 두어도 잘 어울려요
매일 맛있는 밥을 짓고 싶은 분들께 추천드려요

선물받고 한 번도 사용안한 새거입니다 
2년 전에 선물받았어요",50000
밥솥,쿠쿠 밥솥,쿠쿠 전기밥솥 화이트,거래완료,"40,000원",삼전동,2026-08-06,0,2,79,40.8℃,abcde,생활가전,,"깔끔한 디자인의 쿠쿠 전기밥솥이에요
사진에서 보이는 것처럼 내부 구성품 모두 깨끗하게 사용했어요",40000
밥솥,쿠쿠 밥솥,쿠쿠 IH 압력밥솥 HWXF1070FR 10인용,나눔완료,무료나눔,문정2동,2026-08-25,1,0,85,38℃,미루나무,생활가전,,"쿠쿠 IH 압력밥솥 10인용 모델입니다
사진에서 보시는 것처럼 에너지 소비 효율 1등급 제품이에요
내솥 포함 구성품 모두 확인 가능합니다
물받이가 금이 갔는데 사용상 문제는 없습니다.
내솥이 코팅이 벗겨진 부분이 있어 교체하시면 됩니다.
작동을 잘 됩니다",0
밥솥,쿠쿠 밥솥,쿠쿠 3인용 밥솥 CR-0375FW,거래완료,"25,000원",문정1동,2026-08-03,1,1,72,46.8℃,jssr,생활가전,,"깔끔한 디자인의 쿠쿠 3인용 밥솥 CR-0375FW에요
구성품은 사진에 보이는 밥솥 본체와 전원 코드가 전부입니다
작지만 밥맛은 놓치지 않는 밥솥을 찾으시는 분들께 추천드려요",25000
밥솥,쿠쿠 밥솥,쿠쿠 IH압력밥솥 6인용(새상품)미개봉,거래완료,"190,000원",문정동,2026-09-01,2,3,68,47.2℃,하아이하이하,생활가전,,"쿠쿠 IH압력밥솥 CRP-DHP0610FD 6인용 제품이에요
지금도 판매상품이고 고민하다 반품기간 놓친바람에 당근 내놓습니다

미개봉 미사용 제품입니다",190000
밥솥,쿠쿠 밥솥,쿠쿠 CR-0675FW 6인용 전기밥솥 새거예요,거래완료,"50,000원",삼전동,2026-07-04,1,7,224,98℃,최고의당근매니아,생활가전,,"깔끔한 화이트 색상의 쿠쿠 6인용 전기밥솥이에요
사진에서 보시는 것처럼 구성품 모두 잘 갖춰져 있어요
내솥 코팅 벗겨짐 없이 깨끗하게 사용 가능해요
매일 맛있는 밥을 짓고 싶은 분들께 추천드려요",50000
밥솥,쿠쿠 밥솥,🚨[8/27까지 급처]🚨쿠쿠 밥솥 6인용 저렴하게 판매합니다!,거래완료,"75,000원",문정동,2026-08-18,1,3,176,39.7℃,훈남,생활가전,,"모델명 : CRP-LHTR0610FWM

🍚 자취생 밥심 책임져준 쿠쿠 밥솥 판매합니다!

자취방에서 잘 사용하던 제품이고, 현재도 정상 작동하는 멀쩡한 제품입니다.(잘 세척하고, 고무패킹 교체해서 사용하시면 좋습니다)

결혼 후 신혼집으로 들어가게 되면서 새 밥솥을 장만하게 되어, 기존에 사용하던 제품을 저렴하게 내놓습니다.

사용하던 제품이라 생활 사용감은 있지만 사용하는 데는 전혀 문제없습니다.

📅 이사 일정 때문에 8월 27일까지만 거래 가능합니다!
빠르게 정리하려고 저렴하게 판매하니 필요하신 분 편하게 연락 주세요 :)",75000
밥솥,쿠쿠 밥솥,쿠쿠 트윈프레셔 6인용 CRP-RT06FP 밥솥,거래완료,"20,000원",잠실동,2026-08-03,1,0,78,37.5℃,재미당근,생활가전,,"쿠쿠 트윈프레셔 6인용 압력밥솥이에요
CRP-RT06FP 모델이며, IH 압력 방식이에요
내솥은 Xwall Diamond 코팅으로 되어있어요
밥이 아주 잘되고 상태도 깔끔한데.. 사진 끝부분 2장처럼 내솥코팅이 살짝 벗겨졌어요",20000
밥솥,쿠쿠 밥솥,2회사용✨ 쿠쿠 마스터셰프 사일런스 6인용 밥솥,거래완료,"290,000원",잠실본동,2026-08-27,1,8,127,49℃,오레오,생활/주방,,"쿠쿠 마스터셰프 사일런스 밥솥 6인용이에요
2번 사용해서 지문도 거의 없고 새것 같아요
매일 맛있는 밥을 지어줄 밥솥을 찾으시는 분들께 추천드려요

*먼저가져가실 수 있는 분 순으로 판매합니다

~8/31 외대앞역
8/31~ 잠실새내",290000
밥솥,쿠쿠 밥솥,쿠쿠 에그밥솥 6인용 화이트 상태최상 (사용 1개월),거래완료,"35,000원",방이1동,2026-07-04,0,10,539,37.8℃,호디,생활가전,,"쿠쿠 에그밥솥 6인용 화이트 색상이에요
CR-0675FW 모델로 구성품은 본품, 전원코드입니다.
2019년 11월에 출시된 제품으로 에너지효율 1등급이에요
깔끔한 디자인으로 어떤 주방에도 잘 어울리는 밥솥이에요
밥잘안해서 판매해요 상태좋고 고장 하나도없습니다.",35000
밥솥,쿠쿠 밥솥,쿠쿠 CRP-EHS0320FW 3인용 IH압력밥솥,거래완료,"30,000원",잠실동,2026-06-04,4,3,250,47.6℃,빌리프,생활가전,레이크팰리스 직거래 희망합니다.,"쿠쿠전자 CRP-EHS0320FW 화이트&실버 색상 3인용 IH압력밥솥이에요
사진에서 보시는 것처럼 깔끔한 상태를 유지하고 있어요
레이크팰리스 직거래 희망합니다.",30000
밥솥,쿠쿠 밥솥,쿠쿠 스마트 IH 밥솥 DHR0610FD 6인용,거래완료,"30,000원",가락1동,2026-08-14,3,8,462,41.3℃,리버스,생활가전,,"쿠쿠 스마트 IH 밥솥 DHR0610FD 6인용입니다
다양한 요리 모드로 맛있는 밥을 지을 수 있어요
IH 기술로 빠르고 고르게 익혀줍니다
깔끔한 디자인으로 주방 어디에나 잘 어울려요
매일 맛있는 밥을 원하시는 분들께 추천드려요


  솥은 벗겨져서 새로 사셔야할듯합니다. 필요하시면드려요",30000
밥솥,쿠쿠 밥솥,쿠쿠 트윈프레셔 IH압력밥솥 LHLR1010FW,거래완료,"100,000원",잠실3동,2026-08-03,6,2,163,47.6℃,나래,생활가전,,"쿠쿠 트윈프레셔 IH압력밥솥 LHLR1010FW 모델이에요
IH 압력 방식으로 맛있는 밥을 지을 수 있어요
내솥과 찜기가 포함되어 있어 활용도가 높아요
깔끔한 디자인으로 주방 어디에 두어도 잘 어울려요
매일 맛있는 밥을 짓고 싶은 분들께 추천드려요.몇번사용 안했어요.거의 새솥이라 깨끗하고 예뻐요.",100000
밥솥,쿠쿠 밥솥,쿠쿠 CRP-QS1010FS 10인용 밥솥,거래완료,"12,000원",삼전동,2026-08-12,8,4,202,51.5℃,불리불리,생활가전,,"쿠쿠 CRP-QS1010FS 10인용 압력밥솥이에요
이사로 인해 저렴하게 내놓아요

21년에 구매해서 3년반 정도 사용하고,
압력밥솥 사용으로 전기밥솥을 안 써서
내놓습니다!

내솥이 사용감이 있으니 예민하신 분들은 피해주세요.",12000
밥솥,쿠쿠 밥솥,쿠쿠 전기밥솥 CR-0685 GWM (5회 사용),거래완료,"30,000원",방이2동,2026-08-11,5,5,153,36.8℃,빅캣,생활가전,,"쿠쿠 전기밥솥 CR-0685 GWM.
임사 숙소에서 7월 25일 구매하여 5회 사용후 판매합니다.

8월 11일 저녁 또는 8월 12일 오전에 거래 가능.

예약금 1만원 있습니다.


",30000
밥솥,쿠쿠 밥솥,쿠쿠 3인용 IH 압력밥솥 하남,거래완료,"150,000원",위례동,2026-08-03,3,2,92,47.1℃,미짱,생활/주방,,"쿠쿠( CRP-MHTR 0310FW)트윈프레셔 3인용 IH 매트화이트 압력밥솥 이에요~
화실에서 쓰려고 골라골라 예쁜 거 찾아서
샀는데 주로 햇반을 먹게 되고 잘 안 써서
판매해요~:)
몇 번 안 써서 사진 처럼
새상품에 가까워요^^
박스만 없구 사용설명서라 그대로 있습니다~",150000
밥솥,쿠쿠 밥솥,쿠쿠 IH 압력밥솥 FHS0610FG 로즈골드 6인용,거래완료,"20,000원",석촌동,2026-08-06,4,2,267,37.9℃,행복사냥꾼,생활가전,,"쿠쿠 SMART IH 압력밥솥 FHS0610FG 로즈골드 색상이에요
6인용으로 넉넉하게 사용할 수 있어요
IH 압력 방식으로 맛있는 밥을 지어준답니다
깔끔한 디자인으로 주방 어디에 두어도 잘 어울려요
매일 먹는 밥, 맛있는 밥솥으로 지어보세요",20000
밥솥,쿠쿠 밥솥,쿠쿠 6인용 압력밥솥,거래완료,"30,000원",삼전동,2026-08-11,3,2,279,42.5℃,Hun222,생활가전,,"쿠쿠 6인용 압력밥솥이에요
사진에 보이는 구성품 그대로 드려요
깔끔한 디자인으로 주방 어디에나 잘 어울려요
매일 맛있는 밥을 짓고 싶으신 분들께 추천드려요",30000
밥솥,쿠쿠 밥솥,쿠쿠 IH 압력밥솥 6인용 FHXB0610FD,거래완료,"50,000원",잠실4동,2026-08-03,0,0,245,37.9℃,루미큐브,생활가전,,"쿠쿠 IH 압력밥솥 6인용 FHXB0610FD 모델이에요
IH 압력 방식으로 맛있는 밥을 지을 수 있어요

새 밥솥을 선물받아 판매합니다

사용감이 있으나 사용에 전혀 문제가 없고  깔끔하게 관리 했어요

내솥이 까져서 그부분 감안하여 저렴하게 올립니다!",50000
밥솥,쿠쿠 밥솥,쿠쿠 6인용 압력밥솥,거래완료,"15,000원",가락1동,2026-08-11,1,0,263,99℃,cherry,생활가전,,"밥은 정말 잘 되는 쿠쿠 6인용 압력밥솥이에요
뚜껑이 바로 열리지 않아서 손으로 살짝 올려줘야 하는 점 참고해주세요
이런 점이 괜찮으신 분이라면 맛있는 밥을 지어 드실 수 있을 거예요",15000
밥솥,쿠쿠 밥솥,쿠쿠 스마트 IH 밥솥 JHT1010FS,거래완료,"100,000원",잠실동,2026-08-03,4,10,427,46.9℃,yr,생활가전,,"10인용 쿠쿠 스마트 IH 압력밥솥 JHT1010FS 모델이에요.
IH 열판으로 빠르고 맛있는 밥을 지을 수 있답니다.
내솥은 풀 스테인리스로 되어있어 위생적이에요.
깔끔한 디자인으로 주방 어디에나 잘 어울려요. 
맛있는 밥 지어 드시고 싶은 분들께 추천드려요.",100000
밥솥,쿠쿠 밥솥,쿠쿠 밥솥 HZXB0660FB 6인용 블랙(무료나눔),나눔완료,무료나눔,석촌동,2026-08-29,6,4,103,37.8℃,쉼표서이,생활가전,,"[무료나눔] 쿠쿠 SMART IH 6인용 압력밥솥
8년 전쯤 구매해서 실사용은 4-5년 정도 한 쿠쿠 압력밥솥 나눔합니다.
자주 사용하지 않고 깨끗하게 관리했고, 중간에 내솥 새것으로 한번 교체했습니다(맥반석 계란 만들고 코팅이 벗겨짐). 
정상 작동 잘 되니 편하게 가져가서 쓰실 분 채팅 주세요~",0
밥솥,쿠쿠 밥솥,(급처)쿠쿠 IH 압력밥솥 CRP-HWB109FG 10인용,거래완료,"60,000원",잠실4동,2026-08-20,2,0,86,76.7℃,다짐,생활가전,,"쿠쿠 IH 압력밥솥 CRP-HWB109FG 10인용입니다
에너지소비효율 1등급으로 전기료 절약에 도움이 돼요
깔끔한 디자인으로 주방 어디에나 잘 어울려요
맛있는 밥을 지어줄 쿠쿠 압력밥솥으로 행복한 식사 시간을 만들어보세요",60000
밥솥,쿠쿠 밥솥,쿠쿠 6인용 IH 전기밥솥 CRP-ST0615FWSM,거래완료,"150,000원",잠실본동,2026-08-03,0,4,130,40.9℃,미쉐린,생활가전,,"새 상품 컨디션의 쿠쿠 6인용 IH 전기밥솥 CRP-ST0615FWSM이에요
박스부터 구성품까지 모두 갖춰져 있어요 188000원에 구매했는데 한번 사용후 넣어뒀습니다 그냥 새제품이나 마찬가지에요 ! 

택포 +5000원",150000
밥솥,쿠쿠 밥솥,쿠쿠 IH 전기압력밥솥 6인용,거래완료,"45,000원",방이2동,2026-08-10,3,4,180,43.5℃,주말연락왕빠름,생활가전,,"쿠쿠 IH 전기압력밥솥 6인용이에요
1인가구라 별로 사용을 잘 안하더라구요 사진에서 보이는 것처럼 내솥, 패킹 매우 깔끔한 상태입니다",45000
밥솥,쿠쿠 밥솥,쿠쿠 CRP-R06BFS 6인용 IH 압력밥솥,거래완료,"39,000원",잠실3동,2026-07-04,1,10,312,48.9℃,빵다,생활가전,,"깨끗하게 사용한 쿠쿠 IH압력밥솥 6인용입니다
풀 스테인리스 내솥으로 위생적이고 편리하게 사용할 수 있어요
엊그제까지 잘 사용한 제품입니다",39000
밥솥,쿠쿠 밥솥,쿠쿠 6인용 전기밥솥 S급 팝니다 하남,거래완료,"36,000원",위례동,2026-07-04,2,0,167,45.6℃,니니리리,생활가전,,"쿠쿠 6인용 전기밥솥 그레이스화이트 모델이에요
사진에서 보이는 것처럼 깔끔한 상태를 유지하고 있어요
취사를 몇 회 진행하지 않아 상태가 아주 좋습니다
6인용으로 넉넉하게 사용할 수 있어 가정에서 사용하기 좋아요
쿠팡체험단으로 새 밥솥을 얻게되어 산지 얼마 안된 이 밥솥을 저렴하게 판매합니다
멀지 않은 위치면 시간 맞춰 근처까지 가져다 드립니다",36000
밥솥,쿠쿠 밥솥,쿠쿠 6인용 Xwall 내솥(CRP-NHTR0610FGW),거래완료,"30,000원",삼전동,2026-08-28,1,1,103,42.1℃,HKH,생활가전,직거래는 8호선 구리역이나 삼전역 가능합니다~^^,"쿠쿠 6인용 Xwall 내솥이에요.
밥솥모델은 CRP-NHTR0610FGW 입니다.
사진에서 보이는 것처럼 곳곳에 생활기스는 있지만 기능에는 전혀 문제없어요.
1년정도 썼는데, 밥솥이 망가져서 내솥만 판매합니다.
네고 가능하니 편하게 연락주세요~^^

직거래는 8호선 구리역이나 삼전역 가능합니다~^^",30000
밥솥,쿠쿠 밥솥,쿠쿠 CRP-P107FD 밥솥,나눔완료,무료나눔,삼전동,2026-08-03,4,2,124,39.8℃,나나나,생활가전,삼전동,,0
밥솥,쿠쿠 밥솥,쿠쿠 스마트 IH 압력밥솥 6인용,거래완료,"20,000원",잠실동,2026-08-03,2,4,295,78.4℃,인절미,생활가전,,"쿠쿠 스마트 IH 압력밥솥 6인용입니다
풀 스테인리스 에코 디자인으로 깔끔하고 고급스러워요
IH 압력 방식으로 맛있는 밥을 지을 수 있답니다
새 제품 가격 19만원대 제품이에요
매일 맛있는 밥을 짓고 싶은 분들께 추천드려요
21년식이며. 내솥은 교체하셔야될거에요
밥짓고 2일이내는 괜찮은데 3일부터는 냄새나요 ㅠㅠ",20000
밥솥,쿠쿠 밥솥,쿠쿠 스마트 IH 압력밥솥 DHR061FS,거래완료,"30,000원",잠실동,2026-08-09,12,13,524,39.6℃,심플,생활가전,,"쿠쿠 스마트 IH 압력밥솥 DHR061FS 판매해요
사진에서 보이는 것처럼 다양한 메뉴와 기능이 탑재되어 있어요
맛있는 밥을 지어줄 똑똑한 밥솥이랍니다
매일매일 맛있는 밥을 드시고 싶은 분들께 추천드려요",30000
밥솥,쿠쿠 밥솥,쿠쿠 트윈프레셔 6인용 압력밥솥,거래완료,"40,000원",송파1동,2026-06-04,1,4,210,41.3℃,기유시노,생활가전,거래 장소: 송파역 1번 출구에서 직거래 희망합니다.,"쿠쿠 6인용 트윈프레셔 압력밥솥입니다.
고압과 무압 조절이 모두 가능해서 상황에 맞춰 맛있는 밥을 지을 수 있습니다. 최근까지도 잘 사용하던 제품으로, 기기 변경하게 되어 내놓습니다.
​[상태 확인]
​외관: 본체와 외관은 전반적으로 깨끗하게 관리했습니다.
​기능: 모든 취사 기능 및 작동 이상 없습니다.
​내솥: 사진에서 확인 가능한 것처럼 바닥면에 세로 긁힘(스크래치) 사용감이 있습니다. 취사에는 문제없으나, 코팅 상태에 예민하신 분은 내솥만 새로 교체해서 사용하시는 것을 추천드립니다.

거래 장소: 송파역 1번 출구에서 직거래 희망합니다.
​계신곳에서 거래 원하시면 5천원 더 받고 가져다드립니다.",40000
밥솥,쿠쿠 밥솥,쿠쿠 스마트 IH 압력밥솥 10인용,거래완료,"144,000원",삼전동,2026-08-03,0,0,63,42.5℃,따이따이얍,생활가전,,"쿠쿠 스마트 IH 압력밥솥 10인용이에요
사진에서 보이는 것처럼 깔끔하게 사용했어요
IH 압력 기술로 맛있는 밥을 지을 수 있답니다
밥솥 구매를 고민하고 계신다면 이 제품을 눈여겨보세요",144000
밥솥,쿠쿠 밥솥,쿠쿠 트윈프레셔 밥솥 CRP-ST1010FL 10인용,거래완료,"50,000원",가락동,2026-06-04,4,3,134,38.7℃,송파구민,생활가전,헬리오시티 문고리 거래,"쿠쿠 트윈프레셔 밥솥 CRP-ST1010FL 
10인용이에요
24년 2월 새상품 구입했고 밥솥을 선물 받아서
기존 밥솥 내 놓습니다.

사용감 있지만 깨끗하고 기능 문제없습니다.
내솥은 살짝 까짐이 있습니다.
사진 확인해 주세요.

헬리오시티 문고리 거래
반품 사절
에민맘 사절",50000
밥솥,쿠쿠 밥솥,쿠쿠압력밥솥,거래완료,"20,000원",잠실6동,2026-08-03,2,4,181,54.1℃,당근소년,생활/주방,,"깨끗하게 사용했으며
중고 감안하여
편하게 쓰실 분에 추천

6인용

모델명 HPF0665SE
",20000
밥솥,쿠쿠 밥솥,쿠쿠 2-3인용 밥솥 (새 것),거래완료,"35,000원",잠실동,2026-07-04,1,7,281,37℃,승씌,생활가전,,"쿠쿠 CR-0375FW 밥솥 팔아요
한번도 안썼어요
직접 가져가셔야해요(-6/29)",35000
밥솥,쿠쿠 밥솥,쿠쿠 스마트 IH 밥솥 BHXB0660FD 6인용 블랙,거래완료,"130,000원",잠실동,2026-07-04,0,5,456,39.4℃,하하하,생활가전,,"쿠쿠 스마트 IH 밥솥 BHXB0660FD 모델이에요
6인용으로 넉넉하게 사용할 수 있는 블랙 색상 밥솥입니다
사진에서 보이는 것처럼 깔끔하게 사용했어요
매일 맛있는 밥을 짓고 싶은 분들께 추천드려요
최근에 고무패킹교체하였고 내솥1개 구매했습니다.
 가족이 늘어나서 10용 구매로 당근합니다",130000
밥솥,쿠쿠 밥솥,쿠쿠 CRP-P067FD 6인용 압력밥솥 블랙,거래완료,"10,000원",잠실3동,2026-07-04,3,0,85,60℃,연경아빠,생활가전,,"깔끔한 블랙 색상의 쿠쿠 압력밥솥
 6인용입니다

CRP-P067FD 모델로 맛있는 
밥을 지을 수 있어요

에너지 소비효율 등급 1등급으로 
전기세 절약에도 도움이 된답니다",10000
밥솥,쿠쿠 밥솥,쿠쿠 IH 스마트 전기압력밥솥 EHSS0309F,거래완료,"90,000원",잠실3동,2026-08-27,1,6,284,50.8℃,비노블,생활가전,직거래는 잠실 롯데마트 제타플랙스 지하1층 식품관에서 해요.,"쿠쿠 3인용 IH압력밥솥 모델 CRP-EHSS0309F의 정품으로 미국 구매품이에요.
해외 공식몰 등에서 현재도 약 $319 ~ $399 수준입니다.

쿠쿠 IH 스마트 전기압력밥솥 CRP-EHSS0309F는 깨끗하고 잠깐 미국에 있을 때 사용했어요. 
사진에서 보시는 것처럼 깔끔한 디자인의 밥솥입니다. 내솥이 스테인레스 스틸이고 기스나 흠 하나도 없네요.

다양한 취사 모드를 지원하여 맛있는 밥을 지을 수 있는 것으로 유명하지요.
IH 기술로 빠르고 고르게 익혀줍니다

해외여행이나 이사 등을 계획해서 밥솥 구매를 고민하시는 분들께 추천드려요.

저렴히 판매합니다.
*******
중고 물품으로 처분목적으로 판매합니다.
교환 / 환불 안됩니다!
예민한 분들은 구매하지 말아주세요 

직거래는 잠실 롯데마트 제타플랙스 지하1층 식품관에서 해요.",90000
밥솥,쿠쿠 밥솥,쿠쿠 IH 압력밥솥 EHS0320FW 3인용,거래완료,"50,000원",잠실7동,2026-08-03,3,2,273,45.3℃,산딸기,생활가전,,"쿠쿠 IH 압력밥솥 EHS0320FW 3인용이에요
IH 압력 방식으로 맛있는 밥을 지을 수 있어요
내솥 포함",50000
밥솥,쿠쿠 밥솥,쿠쿠 밥솥,거래완료,"10,000원",석촌동,2026-08-16,0,0,35,40.5℃,wjftkti,생활가전,,"물건상태는 사진으로 확인해주세요.

하단 주소로 찾으러 8/16 일요일 낮 12시까지 찾으러 오실 수 있는 분들만
연락주세요.

 서울시 송파구 방이동 93-9 B01호",10000
밥솥,쿠쿠 밥솥,쿠쿠 6인용 전기밥솥,거래완료,"120,000원",잠실2동,2026-08-03,2,0,69,43.4℃,텅장,생활가전,,"깔끔한 디자인의 쿠쿠 6인용 전기밥솥이에요
사진에서 보이는 것처럼 구성품과 설명서 모두 잘 보관되어 있어요
밥솥 본체와 계량컵, 설명서가 포함되어 있습니다
매일 맛있는 밥을 짓고 싶은 분들께 추천드려요




실사용 5회
거의 새상품
다른 밥솥이 생겨서 팔아요
사진상 설명서와 쌀컵 포함
리센츠 아파트에서 직접 픽업하셔야합니다",120000
밥솥,쿠쿠 밥솥,쿠쿠 CHP1010FD IH 압력밥솥,거래완료,"30,000원",잠실본동,2026-04-05,5,17,1180,40.6℃,탑민,생활가전,,"쿠쿠 IH 압력밥솥 CHP1010FD 모델입니다
다양한 메뉴 조리가 가능하며, 스마트 IH 기술로 맛있는 밥을 지을 수 있습니다
내솥은 Xwall 스테인리스로 되어 있습니다

디스플레이 오른쪽 부분이 잘안나오네요
새거사서 안쓰고 있는데 방금 밥해보니 잘되요~!",30000
밥솥,쿠쿠 밥솥,쿠쿠 CRP-P0610FD 6인용 압력밥솥,거래완료,"20,000원",문정동,2026-07-04,2,2,290,48.4℃,호채,생활가전,,"쿠쿠 CRP-P0610FD 압력밥솥이에요
6인용으로 넉넉하게 사용할 수 있어요
에너지소비효율 1등급으로 전기료 부담도 덜 수 있답니다
맛있는 밥을 짓고 싶으신 분들께 추천드려요
사용감 많아요
막 쓰실분만 가져가세요",20000
밥솥,쿠쿠 밥솥,쿠쿠 6인용 밥솥 CR-0632FV 핑크,나눔완료,무료나눔,송파동,2026-08-09,1,0,70,44.6℃,꾸리꾸리비오는날,생활가전,CU송파부자점 앞,,0
밥솥,쿠쿠 밥솥,쿠쿠 IH 밥솥 10인용 내솥 포함,거래완료,"20,000원",잠실동,2026-08-03,1,0,188,39.2℃,봄날이네요,생활가전,,"쿠쿠 IH 밥솥 10인용. 내솥포함입니다.
내솥에 살짝 기스도 있고
윗부분 깨진곳도있고
앞쪽도 휘었으나 이상태로 얼마전까지 사용하던 밥솥입니다.
사진 자세히 보시고 감안하여 구매하세요",20000
밥솥,쿠쿠 밥솥,쿠쿠 IH 압력밥솥 6인용 FHTR0610FS,거래완료,"99,000원",가락2동,2026-08-03,0,0,65,39.1℃,열린음악회,생활가전,,"쿠쿠 IH 압력밥솥 6인용 FHTR0610FS 모델이에요
직접 터치 방식으로 조작이 편리하고 음성 안내 기능도 있어서 사용하기 좋아요
IH 압력 기술로 밥맛을 살려주어 맛있는 밥을 지을 수 있답니다
매일 맛있는 밥을 드시고 싶은 분들께 추천드려요

내솥 상태도 깨끗하고 전반적으로 상태아주좋음 사진참고 해주세요~*

(음성 안내 기능이 어르신들 사용하기도 좋아요)

압력밥솥 IH압력밥솥으로 일반압력밥솥보다 가격이 비싼대신에 밥맛이 훨씬 맛있다는 것을 아시는분이 저렴하게 득템하세요

어르신들 사용하시기에도 내솥이 작아서 가볍어 사용하기 편리합니다..

10인용 사용하다 6인용 바꾸니까 조금씩 금방해서 먹으니까~~ 아주 편하고 좋았어요..

정상작동 안되면 바로 반품및환불을 해드립니다 

가전제품이라 무게가있어서 송파구 성남지역은 배송원하시면 배송비1만원 받고 배달가능합니다..

",99000
밥솥,쿠쿠 밥솥,쿠쿠트윈밥솥 6인용,거래완료,"45,000원",잠실동,2026-08-03,4,6,202,48.6℃,뷔뷔으니,생활가전,문고리 또는 근처로 와주셔야합니다!,"CRP-ST0610FW

사용 잘 됩니다! 
외관은 세척했고
고무패킹 등은 따로 세척하셔야해요!

문고리 또는 근처로 와주셔야합니다!",45000
전자기기,풀리오 마사지 기기,풀리오 허벅지 마사지기 퍼플 팝니다!!,거래중,"160,000원",송파동,2026-08-03,0,8,139,37.4℃,따후이,뷰티/미용,,"풀리오 허벅지 마사지기 팝니다!
작년에 구매해 실사용은 한두달밖에 안했습니다!
상태 s급이고 아주 괜찮고 기기 문제 없습니다.
충전기 선까지 같이 포함돼 있고 박스도 가지고 있어서 박스에 한번에 담아서 드립니다!",160000
전자기기,풀리오 마사지 기기,풀리오 어깨 마사기기,거래중,"50,000원",오금동,2026-08-02,0,8,326,37.4℃,찐빵이,생활가전,,,50000
전자기기,풀리오 마사지 기기,풀리오 목 어깨 마사지기,거래중,"65,000원",문정동,2026-08-27,1,7,70,39.3℃,비토리,생활가전,,"코스트코에서 1월에 구매한 풀리오 목어깨 마사지기 팝니다. 상태 매우 좋고 기기 이상 없습니다. 잘 쓰다가 안마기기를 사서 팔게 되었습니다

목과 어깨를 시원하게 풀어주는 풀리오 마사지기에요
사진에서 보이는 것처럼 네이비 색상이고, 구성품은 본체입니다.
목과 어깨 뭉친 근육을 풀어주어 편안함을 선사해요
하루의 피로를 풀어줄 마사지기를 찾으시는 분들께 추천드려요",65000
전자기기,풀리오 마사지 기기,풀리오 목 어깨 마사지기,거래중,"36,000원",삼전동,2026-02-01,4,5,355,41.2℃,공공,디지털기기,,"풀리오 목 어깨 마사지기 입니다.

- 목과 어깨의 피로를 풀어주는 데 효과적입니다
- 편안한 사용감으로 일상 생활에서 쉽게 사용할 수 있습니다
- 집에서 편안하게 마사지를 즐길 수 있습니다

제 판매목록에 있는 매디큐브 마사지 기기랑 함께 사용하면 시너지 더 좋아요!!

본품박스, 충전기 x",36000
전자기기,풀리오 마사지 기기,풀리오 넥풀러 목 어깨 마사지기,거래중,"180,000원",문정2동,2026-08-03,1,2,112,82.1℃,우아빠,생활가전,,"목과 어깨의 시원한 휴식을 위한 풀리오 넥풀러에요
마사지기 본체와 리모컨, 충전기, 파우치 등 구성품 모두 포함되어 있어요
사진에서 보이는 것처럼 깔끔하게 사용했어요
뭉친 목과 어깨 근육을 풀어주어 편안함을 선사하는 마사지기랍니다",180000
전자기기,풀리오 마사지 기기,풀리오 목 어깨 마사지기 V2 정품,거래중,"65,000원",거여동,2026-06-01,1,5,101,47.5℃,qpwo987,디지털기기,,"어깨와 목의 뭉친 근육을 시원하게 풀어주는 풀리오 목 어깨 마사지기 V2예요


선물하기 좋은 깔끔한 디자인으로 부모님께 효도 선물로도 좋어요 
 
박스는 버려서 없는데 안에 기기는 한번도 사용하지 않았어요! 같이 오는 미니백에 담겨있고 종이백도 있습니다!
원가 89,900",65000
전자기기,풀리오 마사지 기기,[미개봉]풀리오 목어깨 마사지기 V3 새상품,거래중,"110,000원",오금동,2026-02-01,7,24,555,56.5℃,hieveryone,생활가전,,,110000
전자기기,풀리오 마사지 기기,풀리오 넥풀러 목 어깨 마사지기 판매합니다,거래중,"300,000원",마천1동,2025-08-30,1,4,133,37.8℃,하늘,생활가전,"직거래 장소 : 판암~용운동까지 가능하며,","풀리오 - 넥풀러 목 어깨 홈케어 (박스X)

사용 횟수 5회 미만이며, 다른 안마기기가 생겨 사용하지 않게 되어 판매합니다

소독 티슈로 닦고 커버는 세탁되어 있습니다 

마지막 사진과 같이 옅은 생활 기스가 있습니다
이 점 유의 부탁드리겠습니다 

구매 시 사진 2번째 상단에 있는 
풀리오 종아리 압박밴드도 같이 보내드립니다

사진과 같이 지퍼백 및 랩핑 포장되어 있습니다

직거래 장소 : 판암~용운동까지 가능하며,
무게가 있어 와주시면 감사하겠습니다 :)

- 평일(9~6시 제외), 주말 가능
- 비대면 거래는 택배 거래만 가능 (배송비 5천)
- 바로 구매 가능

당근 페이 가능하며,
문의는 채팅 부탁드립니다 :)

<네고 및 환불 불가>
- 네고 문의에는 답변 안 합니다",300000
전자기기,풀리오 마사지 기기,풀리오 종아리 마사지기,거래완료,"80,000원",마천동,2025-09-01,4,5,311,46.3℃,리버김,생활가전,신생아가 있어 문고리 거래 원해요 !,"올해 초에 임신한 와이프 주려고 구매한 마사지기 입니다. 풀박스 이며, 실 사용은 10회 미만입니다.

신생아가 있어 문고리 거래 원해요 !",80000
전자기기,풀리오 마사지 기기,풀리오 에어괄사 마사지기,거래중,"70,000원",문정동,2025-10-04,2,7,389,48.6℃,uyeon,뷰티/미용,,"풀리오 에어 괄사 마사지기 판매합니다
올해 상반기에 선물받고 거의 안썼어요
이사 준비하다가 발견해서 그냥 당근합니다!!",70000
전자기기,풀리오 마사지 기기,풀리오 마사지건 송파,거래중,"30,000원",마천동,2026-07-01,0,4,105,55.3℃,냠냠,생활가전,⭐️문고리 거래,"3번 사용한 따끈한 새상품이에요!
연락 주세용

⭐️문고리 거래
⭐️쿨거 환영해요",30000
전자기기,풀리오 마사지 기기,풀리오 목어깨 마사지기 퍼플,거래중,"43,000원",석촌동,2026-06-01,1,0,71,48.1℃,리니,생활가전,,"거의안씀
작동잘됨",43000
전자기기,풀리오 마사지 기기,풀리오 목어깨 마사지기 V2 보라색,거래중,"32,000원",잠실3동,2026-02-01,18,15,233,41.7℃,미니멀라이프,디지털기기,레이크팰리스 주변 직거래만 합니다.,"풀리오 목어깨 마사지기 V2 보라색상입니다
사진에서 보시는 것처럼 깨끗하게 사용해서 상태 아주 좋습니다
(2회 사용)


3단계 강도 조절과 온열 기능이 있어 원하는 강도로 시원하게 마사지할 수 있어요

3D 입체 마사지볼이 목과 어깨를 섬세하게 풀어주고, 무선으로 사용 가능해서 편리합니다
KC 인증까지 완료된 제품이라 안심하고 사용하실 수 있어요

레이크팰리스 주변 직거래만 합니다.",32000
전자기기,풀리오 마사지 기기,풀리오 목어깨 마사지기 V2 라벤더,거래중,"60,000원",가락1동,2026-02-01,0,3,92,47.6℃,starlight,디지털기기,,"풀리오 목어깨 마사지기 V2 라벤더 색상 판매합니다
박스와 파우치 모두 포함되어 있으며, 사용감이 적어 상태가 매우 깨끗합니다
무선으로 편리하게 사용 가능하며, 3,500mAh 대용량 배터리가 탑재되어 있습니다
프리미엄 BLDC 모터로 강력하고 깊은 마사지감을 선사하며, 무게는 1.25kg으로 가볍습니다
정가는 109,000원입니다",60000
전자기기,풀리오 마사지 기기,[최상]풀리오 목어깨 마사지기,거래중,"69,000원",잠실본동,2025-08-30,0,7,290,55.2℃,르시몽,생활가전,⭕️ 직거래 ✖️ 문고리거래✖️,"⭕️ <바로구매>로 구매시 채팅 없이
     물품금액+택배비 한번에 결제가능

⭕️ <반값택배>나 <일반택배> 가능하며        
     무게와 거리에 따라 택배비 책정됩니다.

⭕️ 직거래 ✖️ 문고리거래✖️

✔️ 예약중 아니면 구매가능 
✔️ 교환, 반품 ✖️
✔️ 단순문의, 사이즈 문의 ✖️
✔️ 가격제안 불가 ✖️
✔️ 채팅 가능시간 : am 8:30~ pm 11:30

ㅡㅡㅡㅡㅡㅡㅡㅡ👇ㅡㅡㅡㅡㅡㅡㅡㅡㅡ


⭕️ 풀리오 목 어깨 마사지기 V2 

- 45mm 왕볼로 시원하게
- 국내 유일 지압 마사지볼
- 360도 입체 회전
- 속근육까지 깊게 꾹꾹 눌러줘요

⭕️정상가: 169,000원

⭕️ 공홈에서 구매 했으며
몇번 사용 안해서 깨끗하고 사용감 없어요

ㅡㅡㅡㅡㅡㅡㅡㅡㅡㅡㅡㅡㅡㅡㅡㅡㅡㅡ

#명절 #명절증후군 #엄마선물 #아빠선물 #부모님선물 #명절선물 #어르신선물
#풀리오 #풀리오마사지기 #거북목교정 #거북목마사지기 #풀리오어깨마사지기 #풀리오어깨목마사지기 #어깨마사지기 #목마사지기 #목어깨마사지기 #마사지기 #마사지기새상품 #마사지기새제품",69000
전자기기,풀리오 마사지 기기,풀리오 더필로 마사지베개 (종이봉투까지 풀세트로 다 있음),거래중,"85,000원",가락1동,2026-07-01,1,4,125,99℃,네고안받는랑방매니아,생활가전,"★ 네고문의 받지 않습니다. 택비포함 네고요청, 혹은 직거래시 만나고나서 갑자기 네고요청 등등 전부 완강히 사절합니다🙏","세 번 사용했어요. 

3번째 사진 보면 아시겠지만, 구매당시에 한꺼번에 막 샀던거고요,
작동시킨게 세 번이 다에요. 
누워서 베고 잔 적은 없어요. 

풀리오 다른 것들도 너무 많아서 이건 안 쓰게 돼서 정리해요. 

거의 뭐 새거나 다름 없습니다. 

택배거래 원하시면 규격, 부피, 무게로 인해 일반택배로만 +6,000원 받습니다. 

그래도 세 번 작동 시켰던 것은 맞으니 베갯피 손세탁해서 바로건조 시켜놓고 잘 포장해놓을거에요.






★ 네고문의 받지 않습니다. 택비포함 네고요청, 혹은 직거래시 만나고나서 갑자기 네고요청 등등 전부 완강히 사절합니다🙏
50원도 싫어요!!! 40원까지만 네고요청 받을게요😉

★ 중고거래 플랫폼 특성상 교환 및 환불 불가합니다!
>>> 실측 반드시 살펴봐주시기 바랍니다. 

★ 구매의사 찐하신 경우에 실측 추가문의, 실사 추가사진/영상 요청하셔도 됩니다. 단, 찔러보기 사양합니다. 

😎 택배거래 원하시면 💌
▪︎ 반값택배: 접수불가
▪︎ 일반택배: +6,000원
",85000
전자기기,풀리오 마사지 기기,풀리오 손마사지기,거래중,"76,000원",문정동,2025-12-03,0,1,127,43.2℃,안녕,뷰티/미용,,,76000
전자기기,풀리오 마사지 기기,풀리오 에어 괄사 마사지기 네이비 송파,거래중,"60,000원",삼전동,2026-05-02,0,4,144,68℃,방갑슴둥,뷰티/미용,,"풀리오 에어 괄사 마사지기 네이비 색상이에요
2025년 03월 생산된 제품으로 구성품 모두 있어요
딱한번사용햇어요 
두통잇으신분들이나 두피혈액순환 필요하신분들한테좋아요",60000
전자기기,풀리오 마사지 기기,풀리오 목 어깨 마사지기 하남,거래중,"40,000원",위례동,2026-01-02,9,16,325,44.2℃,전설의오빠,디지털기기,,"풀리오 목 어깨 마사지기 V1 입니다.
거의 새 제품입니다(사진 참고)
구매 후 안마의자를 사는 바람에 거의 사용하지않고 박스채로 보관 중입니다.
- 목과 어깨를 동시 마사지
- 가볍고 휴대하기 편리
- 온열 기능으로 찜질 효과도 있음",40000
전자기기,풀리오 마사지 기기,풀리오 목 어깨 마사지기계,거래중,"54,000원",거여1동,2026-06-01,0,0,103,59.9℃,크레용,생활가전,,,54000
전자기기,풀리오 마사지 기기,풀리오 목어깨 마사지기 V2(한두번 사용) 송파,거래중,"48,000원",마천동,2026-04-02,2,13,337,42.9℃,둥그리둥,디지털기기,,"풀리오 목 어깨 마사지기 V2 모델입니다
1년 전 쯤에 샀고 한두번 사용하여 하자 전혀 없습니다",48000
전자기기,풀리오 마사지 기기,풀리오 목 어깨 등 마사지기 2개,거래중,"250,000원",송파동,2026-06-01,3,4,223,38.5℃,골든당근,생활가전,문고리 거래 희망합니다.,"목 어깨 마사지기 : 거래 완료

등 마사지기 : 새거 25만원 
(한번 사용후 아프시다고 안쓰심)

부모님이 사용을 안하셔서...박스 x 제품만 있어요

문고리 거래 희망합니다.",250000
전자기기,풀리오 마사지 기기,(새상품)풀리오 마사지건&벨트_아기맞이 정리중,거래중,"57,000원",문정동,2026-01-02,1,5,260,44.9℃,ELKie,생활가전,,"풀리오 마사지건 & 벨트 새상품입니다
뜯어보기만 하고 안썼어요. 운동하시는 분들께 좋울 귯 같아요~


- 마사지건: 강력한 진동, 다양한 헤드 제공
- 마사지 벨트: 허리, 복부 등 넓은 부위 마사지, 온열 기능
- 무선이라 사용하기 편해요
- 풀박스 그대로 드립니다",57000
전자기기,풀리오 마사지 기기,풀리오 넥풀러 목마사지기,거래중,"192,000원",잠실7동,2025-08-30,1,9,404,61.1℃,당근7,뷰티/미용,,"풀리오 넥풀러 판매합니다
10번도 사용 안했어요

안마의자 생겨서 판매해요

무리한 가격 네고 사양합니다. 

",192000
전자기기,풀리오 마사지 기기,풀리오 목어깨 마사지기 상태좋음,거래중,"30,000원",송파2동,2025-11-03,15,53,658,38.7℃,shu880,생활가전,직거래 희망합니다,"풀리오 목어깨 마사지기 판매합니다

- 외피 세탁 완료, 실사용기간 얼마되지않아 상태 좋습니다
- 목과 어깨를 부드럽게 마사지해 줍니다
- 온열 기능으로 따뜻하게 마사지할 수 있습니다

직거래 희망합니다
택배거래 시 택배비 구매자부담, gs25반값택배 가능합니다",30000
전자기기,풀리오 마사지 기기,새상품 풀리오 목어깨 마사지기 V2,거래중,"76,000원",잠실3동,2025-11-03,1,3,79,37.5℃,happy맘,디지털기기,,"풀리오 목어깨 마사지기 V2 새상품입니다
선물받은건데. 똑같은 제품이 있어서 미개봉 상품입니다.

장소는 협의가능하니 관심있으신분 연락주세요. 


- 45mm 마사지볼로 시원하게 마사지 받을 수 있습니다
- 3가지 수동모드를 지원합니다
- BLDC모터 기술로 더욱 강력해졌습니다
목과 어깨에 밀착하여 빈틈없이 시원함을 느낄 수 있습니다",76000
전자기기,풀리오 마사지 기기,Pullio 종아리 마사지기,거래중,"65,000원",방이2동,2025-08-30,7,12,412,59.1℃,핵불주먹,생활가전,,"실사용 2주
박스 있어요 


교환 환불 안돼요",65000
전자기기,풀리오 마사지 기기,풀리오 목어깨 마사지기 보라색,거래중,"30,000원",위례동,2026-02-01,6,24,425,40.3℃,캐롯,생활가전,,"풀리오 목어깨 마사지기 보라색 판매합니다
박스 포함되어 있으며, 사용감이 적어 상태 깨끗합니다
목과 어깨 근육 이완에 도움을 주는 마사지기로, 뭉친 근육을 풀어주는데 효과적입니다
충전 케이블도 함께 드려요

V2 아닙니다",30000
전자기기,풀리오 마사지 기기,풀리오 목어깨 마사지기 송파,거래중,"39,000원",삼전동,2025-08-30,8,8,381,42.7℃,영영,생활가전,,"풀리오 목어깨 마사지기입니다
시원하게 마사지 받으세요~
박스도 같이 드려요

상태좋아요",39000
전자기기,풀리오 마사지 기기,풀리오 목 어깨 배개 마사지 / 풀리오 체어마사지기,거래중,"110,000원",잠실3동,2025-11-03,0,6,149,36.5℃,보라,생활가전,,"풀리오 목 어깨 베개 마사지기(24.11월 생산) 개봉품
풀리오 체어마사지기(24.12월 생산) 미개봉품


두개 묶음 판매합니다
개별판매는 안합니다",110000
전자기기,풀리오 마사지 기기,풀리오 머리 두피 마사지,거래중,"57,000원",잠실6동,2025-12-03,4,13,350,41.7℃,소소,뷰티/미용,잠실 장미아파트 문고리 거래입니다,"풀리오 머리마사지기 5.7만원 (케이스o)

사진에서 가운데이고, 상태 A+급입니다
잠실 장미아파트 문고리 거래입니다
",57000
전자기기,풀리오 마사지 기기,풀리오 목 어깨 마사지기 V2 보라색 송파,거래중,"38,000원",삼전동,2026-04-02,1,1,83,50℃,빈빈,디지털기기,,"풀리오 목 어깨 마사지기 V2 보라색입니다
무선이라 편리하게 사용 가능합니다
목과 어깨를 동시에 마사지할 수 있습니다
온열 기능으로 따뜻하게 찜질하는 효과도 있습니다

매너거래 부탁드립니다
중고라서 교환, 환불은 어려운 점 이해 부탁드려요",38000
전자기기,풀리오 마사지 기기,풀리오 목어깨 마사지기,거래중,"20,000원",석촌동,2026-04-02,2,7,278,37.6℃,주노입니다,생활가전,,"풀리오 목/어깨 마사지기입니다
24년 6월에 구매했습니다. 1년정도 쓰다가 이사가게 되어서 싸게 판매합니다.
사용감 있습니다

네고는 따로 안 됩니다.

손 마사지기와 함께 구매하면 합해서 4만원에 판매하겠습니다. 3월 19일 목요일까지 판매합니다.

거래장소는 석촌고분역 3번출구에서만 진행합니다",20000
전자기기,풀리오 마사지 기기,풀리오 V2 목 어깨 마사지기 라벤더,거래중,"100,000원",가락1동,2026-04-02,4,3,91,20.8℃,튤립,디지털기기,헬리오시티직거래나 택배거래 가능합니다,"목과 어깨를 시원하게 풀어주는 풀리오 V2 마사지기예요
라벤더 색상으로 어디에나 잘 어울려요
사진에서 보이는 구성품 그대로 새제품 보내드려요
뭉친 어깨와 목을 시원하게 풀어주고 싶으신 분들께 추천드려요
바디프랜드 들이게되어 구매한가격  반으로 올립니다
득템하세요~
헬리오시티직거래나 택배거래 가능합니다",100000
전자기기,풀리오 마사지 기기,폴리오 목어깨 마사지기,거래중,"50,000원",석촌동,2026-06-01,0,6,415,40℃,뾰로롱,생활가전,,"목과 어깨 뭉친 근육을 시원하게 풀어주는 폴리오 목어깨 마사지기예요
다양한 마사지 모드와 강도 조절이 가능해서 나에게 꼭 맞는 마사지를 받을 수 있어요
사진에서 보이는 것처럼 깔끔하게 사용했어요",50000
전자기기,풀리오 마사지 기기,폴리오 목 어깨 마사지기 송파,거래중,"43,000원",삼전동,2025-12-03,2,2,186,43.5℃,꼬부긔,생활가전,,"폴리오 목 어깨 마사지기입니다

- 시원하게 마사지 받을 수 있습니다
- 사이즈는 600 x 170 x 150 mm이고 무게는 1.29kg입니다
- 뭉친 목과 어깨를 시원하게 풀어줍니다",43000
전자기기,풀리오 마사지 기기,폴리오 목어깨 마사지기 V2 라벤더 경기 하남시,거래중,"61,000원",가락동,2025-12-03,0,5,100,44.5℃,esther5770,디지털기기,,"폴리오 목어깨 마사지기 V2 라벤더 색상입니다
- 45mm BIG 마사지볼로 압도적인 시원함을 느낄 수 있습니다
- BLDC 최상급 모터로 더욱 강력하고 부드러운 마사지를 경험해보세요
- 무선이라 편리하게 사용 가능합니다

2-3번밖에 안 쓴 새거입니다~

잘 안써서 팔아요.",61000
전자기기,풀리오 마사지 기기,풀리오 미니맥스 마사지건,예약중,"32,000원",문정동,2026-07-01,7,4,131,40℃,보송이,생활가전,,"풀리오 미니맥스 마사지건 미개봉 새상품입니다.
상세 기능은 아래 링크 확인 부탁드립니다.

https://kko.to/BGgp1fGJAs",32000
전자기기,풀리오 마사지 기기,풀리오 종아리 마사지기 V2 새상품(미개봉) 송파,예약중,"68,000원",마천동,2025-12-03,4,4,106,38.1℃,당근마켓123,생활가전,,"풀리오 종아리 마사지기 V2 새상품입니다
- 5W 충전
- 3.7V 배터리
- 628x350x43mm",68000
전자기기,풀리오 마사지 기기,풀리오 종아리 마사지 기기,거래완료,"70,000원",잠실6동,2026-07-01,3,4,52,39.5℃,깨비,뷰티/미용,,"선물받고 2회 사용후 보관중요
거의 새제품 같아요.
제품 보고 결정하셔도 괜찮아요",70000
전자기기,풀리오 마사지 기기,풀리오 손마사지기 라벤더,거래완료,"50,000원",가락동,2026-06-01,1,4,126,59.5℃,유유윤,뷰티/미용,,"풀리오 손마사지기 라벤더 색상이에요
사진에서 보이는 것처럼 구성품은 본체와 충전기입니다
2024년 04월 제조 상품이에요
손의 피로를 풀어주는 시원한 마사지기기 입니다 손작업많이 하시는분한테 좋아요.  반품 안되요  잘보고 구입해요 ~~",50000
전자기기,풀리오 마사지 기기,풀리오 종아리 마사지기 V3 판매,거래완료,"80,000원",석촌동,2026-01-02,3,4,105,38.5℃,파이리,생활가전,석촌역 직거래 or 편의점 반택 가능(반택비 별도 부담하셔야합니다),"풀리오 종아리 마사지기 V3 기기를 선물받아서 썼는데 제가 잘 사용하지 않아서 팝니다. 
실제 사용 3번정도 사용했고 작동 잘 됩니다. 

가격제시X, 반품X
석촌역 직거래 or 편의점 반택 가능(반택비 별도 부담하셔야합니다)",80000
전자기기,풀리오 마사지 기기,풀리오 목어깨 마사지기 보라색 송파,거래완료,"31,000원",삼전동,2025-11-03,4,2,168,42.1℃,지긋한방구,생활가전,,"풀리오 목어깨 마사지기입니다
색상은 보라색이며, 목과 어깨를 시원하게 마사지해 줍니다
- 온열 기능으로 마사지 효과를 높여줘요
- 무선이라 장소에 구애받지 않고 편하게 사용할 수 있습니다
사용감은 있지만 기능에는 문제없습니다

10번이내로 사용했습니다.
박스없고 기기만 있습니다",31000
전자기기,풀리오 마사지 기기,풀리오 허벅지 마사지기,거래완료,"155,000원",가락2동,2025-12-03,4,2,107,44.8℃,엉키,뷰티/미용,,"풀리오 허벅지 마사지기
(2-3차례사용한 새상품)

5 AirCell로 허벅지, 무릎, 종아리까지 
시원하게 마사지해 주는 기기이며,
5L 최대용량 에어펌프로 강력한 마사지를 
경험할 수 있지만 저는 아파서 사용을
안하게 되어 거래 원해요.
슬림핏 디자인으로 편안하게 착용 가능하며,
체험을 해보셨던 분이 구매하시면
좋을 꺼 같아요.
(풀세트로 사진처럼 보유)

관심있으신분 메세지주시고
새상품이라서 가격내고 없어요!!~~~^^
CU반값택배로 보내드릴께요!!~",155000
전자기기,풀리오 마사지 기기,풀리오 손마사지기 10회 미만 사용,거래완료,"50,000원",문정2동,2025-08-30,6,12,374,49.1℃,크리강,뷰티/미용,전자기기라서 직거래나 문고리 거래만 가능합니다,"출산 후 손목이 너무 아파서 새상품 구매했는데
애가 둘이라 잘 사용하지 못했습니다
정품보증서는 없고 c타입 케이블만 있습니다
고송충전으로 충전한적 없고,
지금 완충되어있습니다
사용횟수가 적어서 내부 깨끗합니다
터치모니터 부분에 기스 있어요(사진참고)
제조년월 24년 11월

- 무선 지압 마사지기
- 손목, 손가락 마사지 가능
- 온열 기능
- 3가지 모드, 3단계 강도 조절
- 모델명: PL-HM700

정가는 198,000원 입니다
전자기기라서 직거래나 문고리 거래만 가능합니다
직거래는 가락시장역 7번출구 혹은 문정로데오거리 사거리 훼미리아파트 후문에서 가능합니다
거래후 반품 불가하오니 꼭 필요하신분만 연락주세요
****가격제안 불가 입니다****",50000
전자기기,풀리오 마사지 기기,풀리오 다리 마사지기 v1 하남,거래완료,"35,000원",위례동,2025-08-30,3,2,127,38.4℃,쌤토끼,생활가전,,"풀리오 다리 마사지기입니다

두 세번 밖에 안쓴 새 기기 입니다
박스 없고, 딱 제품만 드립니다
",35000
전자기기,풀리오 마사지 기기,Pulio 마사지 기기,거래완료,"40,000원",송파1동,2025-08-30,1,4,123,39℃,김혜민,생활가전,,"Pulio 마사지 기기입니다~

연한 보라색 색상입니다
자주 사용을 안해서 깨끗해요~!

기타 문의는 톡 주세요!",40000
전자기기,풀리오 마사지 기기,"풀리오 종아리 마사지기 V2 (이중형) (박스,기기 모두 포함)팝니다",거래완료,"65,000원",잠실7동,2025-08-30,3,1,,39.1℃,긍정,디지털기기,"안심결제 가능,씨유 알뜰택배 반값택배 가능, 직거래 가능","풀리오 종아리 마사지기 V2 팝니다.
제가 쓰던게 좋아서 같은걸로 부모님 새로 사드렸는데 안쓰셔서 팔아요ㅠ
한번 사용하셨고 본품 박스 그대로 다 있습니다.
안심결제 가능,씨유 알뜰택배 반값택배 가능, 직거래 가능",65000
전자기기,풀리오 마사지 기기,풀리오 목 어깨 마사지기,거래완료,"50,000원",잠실2동,2025-08-30,0,1,36,37.3℃,피터팬,생활가전,,,50000
전자기기,풀리오 마사지 기기,풀리오 종아리 마사지기 송파,거래완료,"65,000원",삼전동,2025-08-30,2,1,94,37.9℃,탄빵,뷰티/미용,"직거래가능하고,택배는 택배비 부담해주셔야합니다~","풀리오 종아리 마사지기입니다
시원하게 종아리 마사지하세요!

- 붓기 제거에 좋아요
- 혈액 순환 개선에 도움을 줘요
- 피로 해소에 좋아요
기기랑 충전기 둘다있습니다.

직거래가능하고,택배는 택배비 부담해주셔야합니다~

-쿨거래 문고리거래시 6만원에 해드려요

",65000
전자기기,풀리오 마사지 기기,풀리오 목 어깨 마사지기 V2 새상품,거래완료,"74,000원",송파동,2025-08-30,3,2,114,55.7℃,조이,디지털기기,,"폴리오 목 어깨 마사지기 
V2 리뉴얼된 새상품입니다

개봉해서 내용 확인만 했습니다
다른 기기가 있어 내놓습니다",74000
전자기기,풀리오 마사지 기기,풀리오v3,거래완료,"90,000원",잠실본동,2025-08-30,3,3,126,46.9℃,세미프로,뷰티/미용,,"풀리오v3

작년 초겨울쯤 선물 받았는데
임신해서 잘 못썼어요 
기기부분도 스크래치없이 깨끗합니다
c타입 충전기는 있는거 쓰시면돼요",90000
전자기기,풀리오 마사지 기기,풀리오 목어깨 마사지기 V1,거래중,"30,000원",문정동,2026-07-02,5,13,674,41.2℃,하이띠,생활가전,,,30000
전자기기,풀리오 마사지 기기,풀리오 목 어깨 마사지기v2,거래중,"48,000원",잠실본동,2026-08-18,1,5,86,37.4℃,pf4981,생활가전,문고리거래나 택배거래 가능합니다,"작년 9월제품입니다.
기기만 있습니다.
실사용 2번정도 됩니다.
사용하지 않아 판매합니다.

문고리거래나 택배거래 가능합니다",48000
전자기기,풀리오 마사지 기기,풀리오 허리 마사지기 백풀러,거래중,"80,000원",잠실2동,2026-08-14,0,3,74,46.2℃,시아,생활가전,직거래: 상경초 후문 / 택배시 바로 구매 이용해주세요 / 네고X,"사용 횟수 1~2회이며 구성품과 상태 사진 참고해주세요
집에 마사지 기기가 많아 판매해요

직거래: 상경초 후문 / 택배시 바로 구매 이용해주세요 / 네고X",80000
전자기기,풀리오 마사지 기기,[안마기] 폴리오 목어깨 마사지기 판매합니다.,거래중,"62,000원",문정동,2026-05-03,0,1,63,85.1℃,솜이,생활가전,,,62000
전자기기,풀리오 마사지 기기,풀리오 목어깨 마사지기,거래중,"35,000원",잠실동,2026-06-02,1,3,93,44.7℃,라라,뷰티/미용,직거래 잠실역,"실사용 10회미만
사놓은지는 꽤되지만 실제 사용하지 않아 판매합니다. 
박스 X 충전기선 X(C타입이어서 핸드폰충전기선으로 충전했었더니 충전기선이 어디갔는지안보입니다)

직거래 잠실역",35000
전자기기,풀리오 마사지 기기,풀리오 목어깨 마사지기 퍼플 송파,거래중,"30,000원",풍납동,2026-06-02,7,15,252,58.1℃,mayflower,생활가전,,"목과 어깨 뭉친 근육을 시원하게 풀어주는 풀리오 목어깨 마사지기예요
주무르고 늘려주는 마사지 기능으로 시원함을 더했어요
사진에서 보이는 것처럼 구성품입니다.",30000
전자기기,풀리오 마사지 기기,풀리오 목 어깨 마사지기 V2 보라색,거래중,"38,000원",삼전동,2026-04-03,1,1,84,50℃,빈빈,디지털기기,,"풀리오 목 어깨 마사지기 V2 보라색입니다
무선이라 편리하게 사용 가능합니다
목과 어깨를 동시에 마사지할 수 있습니다
온열 기능으로 따뜻하게 찜질하는 효과도 있습니다

매너거래 부탁드립니다
중고라서 교환, 환불은 어려운 점 이해 부탁드려요",38000
전자기기,풀리오 마사지 기기,폴리오 목 어깨 마사지기,거래중,"43,000원",삼전동,2025-12-04,2,2,187,43.5℃,꼬부긔,생활가전,,"폴리오 목 어깨 마사지기입니다

- 시원하게 마사지 받을 수 있습니다
- 사이즈는 600 x 170 x 150 mm이고 무게는 1.29kg입니다
- 뭉친 목과 어깨를 시원하게 풀어줍니다",43000
전자기기,풀리오 마사지 기기,풀리오 목어깨 마사지기 V2 퍼플,거래완료,"40,000원",신천동,2026-05-05,3,10,226,60.1℃,카피바라,생활가전,,"목과 어깨 뭉친 근육을 시원하게 풀어주는 풀리오 목어깨 마사지기 V2 퍼플 색상이에요
본체와 사용 설명서, 충전 케이블이 
포함되어 있어요
집에서 간편하게 마사지 효과를 누릴 수 있답니다
목과 어깨 통증으로 힘드신 분들께 추천드려요

실사용 2회로 사진과 같이 상태는 양호합니다
제 기준으로는 압이 세서 맞지 않아 내놓습니다",40000
전자기기,풀리오 마사지 기기,풀리오 목어깨 마사지기 보라색,거래완료,"31,000원",삼전동,2025-11-04,4,2,169,42.1℃,지긋한방구,생활가전,,"풀리오 목어깨 마사지기입니다
색상은 보라색이며, 목과 어깨를 시원하게 마사지해 줍니다
- 온열 기능으로 마사지 효과를 높여줘요
- 무선이라 장소에 구애받지 않고 편하게 사용할 수 있습니다
사용감은 있지만 기능에는 문제없습니다

10번이내로 사용했습니다.
박스없고 기기만 있습니다",31000
전자기기,풀리오 마사지 기기,풀리오 종아리 마사지기 (상태 최상),거래완료,"60,000원",가락동,2025-08-31,19,16,635,41.9℃,wow,뷰티/미용,,"풀리오 종아리 마사지기 판매합니다
v2 제품이며, 사용횟수는 2번입니다

포장박스, 충전선, 기기 있습니다!

바로 구매하실분만 메세지 주세요:)",60000
전자기기,풀리오 마사지 기기,(문고리만)풀리오 종아리 마사지기 퍼플,거래완료,"60,000원",잠실본동,2025-08-31,13,20,999,54.3℃,덥다더웡,디지털기기,쿨거래 문고리거래 6만원에 드립니다.,"풀리오 종아리 마사지기 퍼플 색상입니다

*   무선 온열 공기압 마사지
*   3단계 강도 조절 가능
*   USB 충전식

기기랑 충전기 다 있습니다


********쿨거래 문고리거래 6만원에 드립니다.
      (선 당근페이 필수
       선 당근페이 후 문고리 거래 주소 알려드려요)



중고거래특성상 교환,환불xxxxx",60000
전자기기,풀리오 마사지 기기,풀리오 종아리 마사지기,거래완료,"65,000원",방이1동,2025-09-01,9,6,578,41.6℃,무늬,뷰티/미용,,"구매후 5회 미만 사용후 보관중입니다
거의 새상품이에요

v2 버전입니다",65000
전자기기,풀리오 마사지 기기,풀리오 무선 종아리 마사지기기,거래완료,"60,000원",가락본동,2025-08-31,1,0,100,40.1℃,엉냥농냥,뷰티/미용,직거래는 개롱역이나 잠실역에서 가능합니다.,"올해 1월에 생일선물로 받은 제품입니다.
충전선 , 품질보증서 , 파우치 전부 있습니다.
선물 받고 개봉해서 정상작동 하는지 확인차 한번 사용해보고 그 이후로 한번도 사용 안했습니다.
집에서 마사지기를 원체 잘 사용 안해서 판매합니다 !
직거래는 개롱역이나 잠실역에서 가능합니다.",60000
전자기기,풀리오 마사지 기기,풀리오 종아리 마사지기 지퍼형,거래완료,"40,000원",잠실4동,2025-08-31,1,2,85,42.6℃,dogdogwoof,뷰티/미용,,"풀리오 종아리 마사지기 지퍼형 팝니다.
24년 3월 쿠팡에서 구매했으며(사진첨부),
24년 10월 왼쪽 기기는 A/S 교환하였습니다.

실 사용은 10회 내외입니다.
충전기 헤드는 제꺼인데, 그냥 같이 드릴게요.",40000
전자기기,풀리오 마사지 기기,[새제품] 풀리오 목어깨 마사지기,거래완료,"67,000원",방이2동,2025-08-31,10,9,337,49.8℃,조주임,생활가전,,"선물용으로 면세점에서 구매해서 가져온 제품인데, 다른 안마기기를 이미 사용 중이셔서 어쩔수 없이 팔게 되었습니다. 

받으시는분이 시착 딱 한번만 해본 새제품입니다! 
싸게 가져가세요 :) 

*택배 가능(파손 동의 시)",67000
전자기기,풀리오 마사지 기기,새상품 | 풀리오 목어깨 마사지기 PULIO 송파,거래완료,"79,000원",풍납동,2025-08-31,3,2,123,39.8℃,토리맘나야나,뷰티/미용,,"새상품 | 풀리오 목어깨 마사지기 PULIO

저는 목어깨 마사지 기기가 이미 있어서
선물받은 상품 미개봉 상태로 판매합니다.

박스 미개봉 새 상품입니다.

당근에서 사용 제품 7만원대에 판매하고 있네요,
새 상품은 네이버 최저가 85000원인거 같아요!
",79000
전자기기,풀리오 마사지 기기,풀리오 종아리 마사지기기,거래완료,"60,000원",석촌동,2025-08-31,1,4,176,41.5℃,SIU,생활가전,직거래 우선합니다.,"풀리오 종아리 마사지기기 판매합니다.
사용횟수 많지않기에 제품상태 좋아요.
직거래 우선합니다.",60000
전자기기,풀리오 마사지 기기,폴리오 종아리 마사지,거래완료,"85,000원",잠실6동,2025-08-31,1,0,76,43.6℃,매매내맹,생활가전,직거래 선릉역 한티역 거래 합니다!!,"폴리오 종아리마사지 기기 미개봉 팔아요 
모델명 PLO-CB227
 선물 받았는데 기존에 동일한 모델 있어서 판매 해요.

직거래 선릉역 한티역 거래 합니다!!",85000
전자기기,풀리오 마사지 기기,풀리오 어깨 마사지기기,거래중,"35,000원",가락1동,2025-08-31,2,15,222,42.3℃,miniketo,생활가전,,"거의 안썼습니다.
홍제역 근처에서 거래 가능합니다.",35000
전자기기,풀리오 마사지 기기,풀리오 목어깨 마사지기 퍼플,거래중,"30,000원",잠실동,2026-09-02,0,1,12,58.9℃,거몽거몽,생활가전,,"목과 어깨 뭉친 근육을 시원하게 풀어주는 풀리오 마사지기예요
퍼플 색상으로 깔끔하고 예쁜 디자인이에요
사진에서 보이는 것처럼 구성품 모두 잘 갖춰져 있어요
하루의 피로를 풀어줄 마사지기로 편안한 휴식을 경험해보세요
별로 안쓰고 보관만 하다 내놓아요. 

c타입 충전기 호환 (충전선 잃어버림 ㅜ)",30000
전자기기,풀리오 마사지 기기,플리오 손목 마사지기,거래중,"70,000원",잠실2동,2025-11-04,1,7,130,38.4℃,자두,생활가전,,"플리오 손목 마사지기입니다
무선 공기압 안마기로 온열 찜질 기능도 있습니다
손가락 마디와 손목 피로를 풀기에 좋습니다
구입하고 몇번안써서 깨끗합니다~",70000
전자기기,풀리오 마사지 기기,풀리오 마사지 부츠 블랙색상 판매합니다,거래완료,"90,000원",잠실7동,2026-02-02,1,1,72,38.9℃,샴푸,생활가전,,"풀리오 풀리션 마사지 부츠 판매합니다.

산지 1년 정도되는데 4회 정도 사용했습니다. 사용감이 적어 찍찍이도 짱짱하니 깨끗한 상태입니다. 다른 마사지 기기와 중복되어 판매합니다. 

색상 : 블랙

기능 : 종아리 및 발목, 발바닥 마사지 기능이 있어 다리 피로를 풀어주는데 효과적

기타 : 온열기능이 있고 C타입 충전",90000
전자기기,풀리오 마사지 기기,풀리오 넥풀러 마사지기,거래완료,"130,000원",송파1동,2025-08-31,4,1,76,38.6℃,피넛벗,뷰티/미용,,"기기가 많은데 그 중에
한두번 써보고 부피가 커서 계속 보관만 하다가
내놓습니다.
추가로 나온 뉴 지압봉 부착되어 있고,
여분 지압봉이랑 설명서 그대로 있어요.
구성은 첫 배송 그대로고,
부직포 보관가방에서 넣어서 드려요.",130000
전자기기,풀리오 마사지 기기,새상품 | 풀리오 목어깨 마사지기 PULIO,거래완료,"79,000원",풍납동,2025-08-31,3,2,124,39.8℃,토리맘나야나,뷰티/미용,,"새상품 | 풀리오 목어깨 마사지기 PULIO

저는 목어깨 마사지 기기가 이미 있어서
선물받은 상품 미개봉 상태로 판매합니다.

박스 미개봉 새 상품입니다.

당근에서 사용 제품 7만원대에 판매하고 있네요,
새 상품은 네이버 최저가 85000원인거 같아요!
",79000
전자기기,풀리오 마사지 기기,풀리오 손마자기 팔아용,거래완료,"60,000원",송파2동,2025-08-31,2,1,124,38.6℃,우하핳,디지털기기,,"풀리오 손마사지기 판매합니다~
작년 말에 사서 잘 사용하지 않아서 판매하게 됐고 박스랑 기기는 있지만 사용설명서와 충전케이블은 없습니다. 충전은 c타입입니다~",60000
전자기기,풀리오 마사지 기기,풀리오 목어깨 마사지기,거래완료,"69,000원",가락동,2025-08-31,0,2,128,38.3℃,goodpeople,뷰티/미용,,"풀리오 목어깨마사지기

올해 6월 구매해서 
실사용 10번정도사용
다른 안마기기 선물받아 저렴히 올립니다
에눌X",69000
전자기기,풀리오 마사지 기기,[풀리오] 무선 종아리 마사지기 V2 송파,거래완료,"85,000원",오금동,2025-08-31,4,1,132,44.9℃,아몬드봉봉봉,뷰티/미용,송파도서관 부근 직거래 희망합니다.,"풀리오 종아리 마사지기입니다.
사진과같이 거의 새상품 수준이구요,

올해 6월 구매 후 2~3회 정도 사용해봤어요~~

어머니 선물로 구매했는데… 의료용 압박스타킹을 더 선호하셔서 올립니다. 

해당 상품은 2024년5월 생산 >> 신상품입니다!! 
온열기능포함 

풀구성입니다!!
(상자+마사지기기+충전선+설명서+보증서)

송파도서관 부근 직거래 희망합니다.
(착불 택배가능)",85000
전자기기,풀리오 마사지 기기,풀리오 목어깨 마사지기 퍼플 송파,거래중,"43,000원",석촌동,2026-06-03,1,0,72,48.1℃,리니,생활가전,,"거의안씀
작동잘됨",43000
전자기기,풀리오 마사지 기기,풀리오 목어깨 마사지기 v2,거래중,"37,000원",잠실3동,2026-03-05,2,7,181,41.5℃,용용,생활가전,직거래 잠실새내역,"사용감 거의 없는데 바디오일 등 사용으로 천의 두 부분만 이염 있는 거 확인해주세요

사용할 때 아무 이상 없지만 예민하신 분은 피해주세요 !

직거래 잠실새내역",37000
전자기기,풀리오 마사지 기기,풀리오 목어깨 마사지기 송파,거래중,"20,000원",석촌동,2026-04-04,2,7,279,37.6℃,주노입니다,생활가전,,"풀리오 목/어깨 마사지기입니다
24년 6월에 구매했습니다. 1년정도 쓰다가 이사가게 되어서 싸게 판매합니다.
사용감 있습니다

네고는 따로 안 됩니다.

손 마사지기와 함께 구매하면 합해서 4만원에 판매하겠습니다. 3월 19일 목요일까지 판매합니다.

거래장소는 석촌고분역 3번출구에서만 진행합니다",20000
전자기기,풀리오 마사지 기기,풀리오 종아리 마사지기 V2,예약중,"42,000원",방이1동,2026-07-03,6,4,252,39℃,K77,뷰티/미용,,"종아리 마사지기로 뭉친 근육을 시원하게 풀어보세요
사진에 보이는 구성품 그대로 드려요
하루의 피로를 풀어줄 마사지기로 편안한 휴식을 즐겨보세요",42000
전자기기,풀리오 마사지 기기,풀리오 종아리 마사지기 + 어깨 마사지기,거래완료,"85,000원",풍납동,2026-04-04,2,1,49,41.7℃,겨울방학,뷰티/미용,천호역에서 직거래합니다.,"풀리오 종아리 마사지기랑 어깨 마사지기 판매합니다.
두 기기 모두 정상 작동합니다. 
기기 문제 있을 시 환불해드리겠습니다.
구매하고 사용을 잘 안해서 판매합니다.
실제로 물건 보시면 사용감이 거의 없다는 걸 아실 겁니다.
쿨거하시면 네고 팍팍 해드리겠습니다.
톡 주세요.
천호역에서 직거래합니다.",85000
전자기기,풀리오 마사지 기기,풀리오 종아리 마사지기 V3 판매 송파,거래완료,"80,000원",석촌동,2026-01-04,3,4,106,38.5℃,파이리,생활가전,석촌역 직거래 or 편의점 반택 가능(반택비 별도 부담하셔야합니다),"풀리오 종아리 마사지기 V3 기기를 선물받아서 썼는데 제가 잘 사용하지 않아서 팝니다. 
실제 사용 3번정도 사용했고 작동 잘 됩니다. 

가격제시X, 반품X
석촌역 직거래 or 편의점 반택 가능(반택비 별도 부담하셔야합니다)",80000
전자기기,풀리오 마사지 기기,풀리오 폴더백 마사지매트 판매,거래완료,"180,000원",잠실동,2025-09-01,2,1,100,48.6℃,zmon,뷰티/미용,,"풀리오 폴더백 마사지매트 판매합니다
어머니께 선물드렸는데 비슷한 다른 안마기기를 
더 선호 하셔서 두번정도 이용하고 판매하게 되었습니다ㅜ
박스는 없고 다른것은 새것 상태라 보시면 됩니다 

잠실갤러리아팰리스앞이나 신사동 CGV청담시네시티 앞에서 직거랴합니다",180000
전자기기,풀리오 마사지 기기,풀리오 종아리 마사지기기 송파,거래완료,"60,000원",석촌동,2025-09-01,1,4,177,41.5℃,SIU,생활가전,직거래 우선합니다.,"풀리오 종아리 마사지기기 판매합니다.
사용횟수 많지않기에 제품상태 좋아요.
직거래 우선합니다.",60000
전자기기,풀리오 마사지 기기,(새상품) 폴리오 프리미엄 마사지 매트 팝니다.,거래중,"270,000원",위례동,2026-07-03,2,9,140,52.6℃,이수정,뷰티/미용,,"🚨당근거지, 구걸행위 사절합니다.🚨

단순개봉한 미사용한 새상품 (1회도 사용안함) 폴리오 프리미엄 마사지 매트 팝니다.

뜯어보기만 했습니다.
(현장에서 보고 구매하셔도 좋습니다)
(자신있고, 완전 새상품 그 자체)

공홈 할인가에서 4만 9천원 빼드립니다.

종아리 마사지기 V3로 유명한 그 ""폴리오"" 브랜드의 신제품입니다.

위치  :  마천역 1번출구 근방에 위치한 cu송파파크센트럴점 (편의점) 앞에서 합니다.

네이버지도로 검색해서 오세요. 

#폴리오 #폴리오마사지 #마사지기기 #마사지 #마사지매트 #새상품 #미사용

중고거래 특성상 교환 및 환불이 불가합니다.",270000
전자기기,풀리오 마사지 기기,풀리오 에어 괄사 마사지기 네이비,거래중,"60,000원",삼전동,2026-05-04,0,4,145,68℃,방갑슴둥,뷰티/미용,,"풀리오 에어 괄사 마사지기 네이비 색상이에요
2025년 03월 생산된 제품으로 구성품 모두 있어요
딱한번사용햇어요 
두통잇으신분들이나 두피혈액순환 필요하신분들한테좋아요",60000
전자기기,풀리오 마사지 기기,[거의 새상품] 풀리오 손 마사지기,거래중,"70,000원",문정동,2026-05-04,3,12,748,43.7℃,얌얌,생활가전,,"풀리오 무선 손마사지기입니다

풀박스 그대로 있습니다.
잘되는지 한번 써보고 한번도 안썼어요

2024년 10월에 제조, 정품스티커있습니다.


-특성상 교환,반품 불가입니다.

-과한 네고요청 사절입니다.",70000
전자기기,풀리오 마사지 기기,풀리오 목어깨 마사지기,거래완료,"30,000원",거여2동,2025-09-01,1,1,115,66.2℃,까망,생활가전,,"거래는 거여역 6번 출구 앞에서 가능합니다:)

작동 잘 됩니다:)
충전코드가 안 보여 집에 있는
코드 같이 넣어 보내드려요",30000
전자기기,풀리오 마사지 기기,풀리오 무선 종아리 마사지기,거래중,"50,000원",오금동,2025-09-01,7,13,971,41.8℃,또띠,뷰티/미용,직거래만 가능.,"풀리오 무선 종아리 마사지기.
두 번정도 사용 했어요.
선물 받은거라 버전이 몇인지 모름.
(버전 질문에 답 안함)

양재 온누리 교회
(일요일 오후 3시 40분~오후 7시만 가능)

직거래만 가능.
거래 후 교환, 환불 등 불가.
노쇼 방지를 위해 판매 금액의 50% 선입금 후 진행.
(노쇼 혹은 구매자의 기타 사유로 거래 불발시 선입금 된 금액은 환불 불가)

‼️다른 제품들과 같이 구매하실 경우, 소급 네고 해드릴게요 (샤넬 제품 제외)‼️",50000
전자기기,풀리오 마사지 기기,풀리오 종아리 마사지기 + 어깨 마사지기 송파,거래완료,"85,000원",풍납동,2026-04-04,2,1,50,41.7℃,겨울방학,뷰티/미용,천호역에서 직거래합니다.,"풀리오 종아리 마사지기랑 어깨 마사지기 판매합니다.
두 기기 모두 정상 작동합니다. 
기기 문제 있을 시 환불해드리겠습니다.
구매하고 사용을 잘 안해서 판매합니다.
실제로 물건 보시면 사용감이 거의 없다는 걸 아실 겁니다.
쿨거하시면 네고 팍팍 해드리겠습니다.
톡 주세요.
천호역에서 직거래합니다.",85000
전자기기,풀리오 마사지 기기,풀리오 에어 괄사 마사지기,거래완료,"75,000원",문정동,2025-11-05,1,1,42,37.5℃,플렉스,뷰티/미용,,"풀리오 에어 괄사 마사지기입니다.
구매하고 한두번 사용했는데 귀차니즘에 사용을 안해서 판매합니다. 
기기 깔끔하게 사용하는 편이라 사용할때 머리 닫는 부분 수건대고 사용했고 사용횟수도 적어서 새제품처럼 깔끔합니다.

문정역에서 거래 가능합니다.",75000
전자기기,풀리오 마사지 기기,풀리오 손 마사지기 송파,거래완료,"65,000원",거여동,2025-09-01,1,1,51,37.4℃,마네마네,생활가전,,"풀리오 손 마사지기입니다
지난 겨울에 구매했고 작동에 이상없습니다
박스는 없고
기기랑 케이블만 있습니다",65000
전자기기,풀리오 마사지 기기,폴리오 목어깨마사지기,거래완료,"60,000원",위례동,2025-09-01,2,3,164,56.1℃,남성용돈까스곱빼기,생활가전,위례스타힐스 2509동,,60000
전자기기,풀리오 마사지 기기,[풀리오] 무선 종아리 마사지기 V2,거래완료,"85,000원",오금동,2025-09-01,4,1,133,44.9℃,아몬드봉봉봉,뷰티/미용,송파도서관 부근 직거래 희망합니다.,"풀리오 종아리 마사지기입니다.
사진과같이 거의 새상품 수준이구요,

올해 6월 구매 후 2~3회 정도 사용해봤어요~~

어머니 선물로 구매했는데… 의료용 압박스타킹을 더 선호하셔서 올립니다. 

해당 상품은 2024년5월 생산 >> 신상품입니다!! 
온열기능포함 

풀구성입니다!!
(상자+마사지기기+충전선+설명서+보증서)

송파도서관 부근 직거래 희망합니다.
(착불 택배가능)",85000
전자기기,풀리오 마사지 기기,풀리오 풀리션 마사지부츠 블랙,거래중,"100,000원",가락1동,2026-09-01,0,1,14,38.4℃,롱롱,뷰티/미용,,"2025년 6월 풀리오에서 227,000원에 구매했습니다.

집에서 사용한 제품이고 정상 작동합니다.

사진처럼 전체적으로 상태 괜찮으며 사용감은 사진으로 확인 부탁드려요.

발바닥부터 발목, 종아리까지 마사지되는 부츠형 제품이고 무선으로 사용할 수 있어요.",100000
전자기기,풀리오 마사지 기기,풀리오 마사지기 새제품,거래중,"80,000원",가락본동,2026-08-15,4,20,345,39.5℃,당근주민,생활가전,,"아예 미개봉 새 제품입니다
올해 3월 구매 후 같은 제품 선물받아서 보관만 해뒀어요 
정리하다가 발견해 판매합니다 

원가 10만원 이상 
저렴하게 판매해요 

추가 정보는 아래링크 참고해주세요

같은 제품 2개 있습니다 
✅한개는 아예 미개봉한 새제품 (사진속) -> 8.5만원
✅한개는 개봉만한 (박스만 뜯은) 새 제품입니다 -> 8만원

https://m.smartstore.naver.com/daisseueu/products/12780155910?nl-ts-pid=jF9AvlqpsiZssCTsDeh-132754&NaPm=ct%3Dmstaqnf2%7Cci%3DrBjQoQAAAaABlwhPARWYYw%2E%2E01%7Ctr%3Dpmax%7Chk%3D4ffee444bcfcacbcc349efa91cf7be225b204f5f%7Cnacn%3DWf6SCwh5JsheD",80000
전자기기,풀리오 마사지 기기,풀리오 퍼플 목어깨 마사지기,거래중,"20,000원",오금동,2026-08-24,0,3,94,41.3℃,날아라바람개비,생활가전,오금동 130번지,,20000
전자기기,풀리오 마사지 기기,풀리오 목어깨 마사지기 V2,거래중,"50,000원",위례동,2026-09-01,0,4,21,47.9℃,미유,생활가전,,,50000
전자기기,풀리오 마사지 기기,풀리오 목어깨 마사지기 V3 선물용 풀박스,거래중,"82,000원",위례동,2026-08-30,1,4,42,36.7℃,라이프마미,생활가전,,"풀리오 목어깨 마사지기 V3 선물용으로도 좋은 풀박스 구성이에요
사진에서 보시는 것처럼 본품 박스와 쇼핑백까지 모두 갖춰져 있답니다
목과 어깨의 뭉친 근육을 시원하게 풀어주는 마사지기예요
피로를 풀고 싶은 분들에게 딱 맞는 제품이랍니다
미사용된 제품입니다.",82000
전자기기,풀리오 마사지 기기,풀리오 마사지건,거래중,"30,000원",마천동,2026-07-03,0,4,106,55.3℃,냠냠,생활가전,⭐️문고리 거래,"3번 사용한 따끈한 새상품이에요!
연락 주세용

⭐️문고리 거래
⭐️쿨거 환영해요",30000
전자기기,풀리오 마사지 기기,풀리오 V2 목어깨 마사지기 퍼플,거래완료,"40,000원",가락1동,2026-08-17,1,0,18,39.6℃,파파파인,디지털기기,,"목과 어깨 뭉친 근육을 시원하게 풀어주는 풀리오 V2 마사지기예요
퍼플 색상으로 예쁘고 휴대하기도 좋아요
실사용 3회 미만으로 상태 좋아요. 박스는 없습니다.",40000
전자기기,풀리오 마사지 기기,풀리오 마사지건 & 벨트,거래중,"80,000원",마천동,2026-08-19,0,0,38,99℃,jeje,생활가전,,"풀리오 마사지건과 벨트 세트예요
다양한 마사지 헤드와 충전 케이블, 보관 파우치까지 모두 포함되어 있어요
2025년 9월 제조 상품입니다
뭉친 근육을 시원하게 풀어주고 싶으신 분들께 추천드려요  상품구성보기위해 스티커  살짝 열어서 보기만 한  완전 새제품입니다",80000
전자기기,풀리오 마사지 기기,풀리오 넥풀러 목 어깨 마사지기 라벤더,거래중,"200,000원",오금동,2026-08-29,0,0,9,39.6℃,천둥구름,생활가전,오금동,"새거라도 해도 될 정도로 깨끗해요
사놓고 사용을 두번도 재대로 안했습니다",200000
전자기기,풀리오 마사지 기기,풀리오 미니맥스 마사지건(미개봉),거래중,"38,000원",가락1동,2026-08-28,0,3,51,40.7℃,엽기,생활가전,,"풀리오 미니맥스 마사지건
미개봉 상품
",38000
전자기기,풀리오 마사지 기기,풀리오 목어깨 마사지기 V1,거래중,"48,000원",거여동,2026-08-09,0,5,89,41.1℃,bbab,생활가전,,"풀리오 목어깨 마사지기 V1제품(2024년 생산)입니다.

사놓고 2번 정도 사용했고, 박스에만 보관한 제품입니다.
충전시켜 작동테스트 해봤는데 잘 작동합니다!

동봉되어 있던 충전기는 잃어버려서 다른 새로운 C타입 충전기 같이 드립니다.",48000
전자기기,풀리오 마사지 기기,풀리오 허리 마사지기 백풀러,거래중,"130,000원",거여동,2026-08-02,0,0,14,37℃,1단지상환,생활가전,,"풀리오 허리 마사지기 백풀러 판매해요.

- 4중 확장 EMS 기능
- 맞춤 섬세 케어
- 전문가 손길 구현 허리 스트레칭

사용감 거의 없는 깨끗한 상태입니다. 정가는 190,000원이었어요.",130000
전자기기,풀리오 마사지 기기,풀리오 등 마사지기 미개봉,거래완료,"45,000원",마천1동,2026-07-03,5,7,260,40.4℃,에헤이,생활가전,,"풀리오 등 마사지기 판매해요 미개봉 새제품
사진에 보이는 구성품 그대로 드려요

하루의 피로를 시원하게 풀어줄 마사지기를 찾으시는 분들께 추천드려요",45000
전자기기,풀리오 마사지 기기,풀리오 무선 종아리 마사지기 퍼플,거래완료,"30,000원",방이1동,2026-08-03,4,2,111,40.6℃,이사왔어요,생활가전,,"풀리오 무선 종아리 마사지기 퍼플
사진처럼 지퍼형식입니다
충전기 없음",30000
전자기기,풀리오 마사지 기기,(정품) 풀리오 V3 목 어깨 마사지기 + 종아리 마사지기/ 개별 구매 가능,거래완료,"100,000원",가락동,2026-08-20,0,0,18,38.9℃,맹구,생활가전,,"목과 어깨를 시원하게 풀어주는 풀리오 V3 마사지기예요
주무름, 온열 기능으로 뭉친 근육을 효과적으로 풀어줘요
사진에서 보이는 것처럼 구성품 모두 포함되어 있어요
하루의 피로를 풀어줄 마사지기를 찾으시는 분들께 추천드려요

-실사용 2회
-하자 없습니다
-필요해서 샀는데 막상 잘 안해서 팝니다

두개 다 하시면 10만원으로 드립니다
개별 구매는
다리 마사지기-6만원
목 어깨 마사지기- 6만원",100000
전자기기,풀리오 마사지 기기,풀리오 무선 종아리 마사지기 퍼플,거래완료,"40,000원",위례동,2026-07-03,3,1,117,38.7℃,3sp,생활가전,,"풀리오 무선 종아리 마사지기 퍼플 색상입니다
박스 구성품 그대로 있어요",40000
전자기기,풀리오 마사지 기기,풀리오 종아리 마사지기 V3 퍼플,거래완료,"60,000원",잠실6동,2026-08-07,2,2,68,38.5℃,당근재배자,생활가전,,"풀리오 종아리 마사지기 V3 퍼플 색상이에요
종아리 피로를 시원하게 풀어줄 마사지기를 찾으시는 분들께 추천드려요 ",60000
전자기기,풀리오 마사지 기기,(정품)풀리오 V3 목 어깨 마사지기,거래완료,"50,000원",가락동,2026-08-20,3,1,42,38.9℃,맹구,생활가전,,"풀리오 V3 목 어깨 마사지기 네이비 색상이에요
사진에서 보이는 것처럼 목, 어깨, 종아리 등 다양한 부위에 사용 가능해요
버튼 조작으로 강도와 온열 기능 조절이 가능하답니다
뭉친 근육을 시원하게 풀어주고 싶으신 분들께 추천드려요

-실사용 2회
-사놓고 잘 사용하지 않아 판매합니다
-사용감 거의 없습니다",50000
전자기기,풀리오 마사지 기기,풀리오 등허리 쿠션 마사지기,거래완료,"67,000원",거여1동,2026-04-04,1,1,70,44℃,도레미,생활가전,,"풀리오 등허리 쿠션 마사지기 판매해요

등과 허리를 편안하게 받쳐주는 쿠션 마사지기예요
리모컨이 포함되어 있어 사용하기 편리해요
박스있어요 두번정도 사용했어요 새상품급입니다!",67000
전자기기,풀리오 마사지 기기,풀리오 종아리 마사지기,거래완료,"50,000원",거여동,2026-08-02,1,1,40,40.6℃,실버스타,뷰티/미용,문고리거래 할게요,"풀리오 종아리 마사지기입니다

제품 설명서와 보증서, 충전 케이블까지 모두 포함되어 있어요

사진에서 보이는 구성품 그대로 보내드려요

다리 붓기 완화에 도움을 줄 수 있는 마사지기를 찾으시는 분들께 추천드려요

사용한적없어 거의 새상품입니다

거여2단지 효성동아 입니다

문고리거래 할게요",50000
전자기기,풀리오 마사지 기기,풀리오 종아리 마사지기 V3 퍼플,거래완료,"70,000원",거여2동,2026-08-02,0,0,25,38.1℃,날마다좋은날,생활가전,,"풀리오 종아리 마사지기 V3 퍼플 색상이에요
본체와 충전기, 설명서까지 모두 갖춰져 있어요
사진에서 보이는 것처럼 구성품 모두 깨끗하게 보관되어 있답니다
하루의 피로를 시원하게 풀어줄 마사지기 찾으시는 분들께 추천드려요",70000
전자기기,풀리오 마사지 기기,풀리오 에어 괄사 마사지기 ML001,거래완료,"20,000원",가락2동,2026-07-03,1,2,161,54.5℃,은자매맘,뷰티/미용,,"풀리오 에어 괄사 마사지기 ML001이에요
구성품은 본체와 파우치입니다
2025년 3월까지 생산된 제품이에요
뭉친 근육을 시원하게 풀어주는 마사지기로 집에서 편안하게 관리해보세요
찍찍이가 약해져서 저렴히 올려요
전 누워서 해서 상관없었어요",20000
전자기기,풀리오 마사지 기기,풀리오 종아리 마사지기 PLO-CB227,거래완료,"30,000원",거여동,2026-08-02,3,0,84,39℃,치킨왕,생활가전,문고리 거래입니다~,"풀리오 종아리 마사지기 입니다 
출산하고 2-3번만 쓰고 사용안하개 되어 판매합니다

충전선을 잃어버려서 저렴히 올립니다
그냥 아무 c타입 사용하셔서 충전하시면 됩니다
사진에서 보이는 것처럼 깔끔하게 사용했어요
다리 피로를 풀고 싶으신 분들께 추천드려요

문고리 거래입니다~",30000
전자기기,풀리오 마사지 기기,풀리오 손 손목 마사지기 (HD002),거래완료,"45,000원",위례동,2026-06-03,1,5,59,51.7℃,나두나두,생활가전,문고리거래 원합니다,"작동여부 확인했어요
비닐도 안뗀 거의 새 제품입니다
온열 기능이랑 공기압 강도 조절 다 잘 됩니다. 새거 사기 부담스러운 분들이 가져가시면 좋을 것 같아요!

- 문고리거래 원합니다",45000
전자기기,풀리오 마사지 기기,풀리오 목어깨 마사지기 (24년8월 제조/상태깨끗),거래완료,"35,000원",위례동,2026-05-04,1,5,128,51.7℃,나두나두,생활가전,,"2024년 8월 제조된 풀리오 목어깨 마사지기 판매합니다.
​제품명: 풀리오 무선 목어깨 마사지기 (N001)

​상태: 실사용 횟수 적어 상태 깨끗합니다. (사진 참고)

​구성: 본체 + 충전 케이블 + 설명서 + 정품 박스 

제조년월이 최근이라 배터리 상태도 아주 좋고 짱짱합니다. 깨끗하게 소독해서 넣어두었으니 바로 가져가서 사용하세요!
​",35000
전자기기,풀리오 마사지 기기,풀리오 목어깨 마사지기 보라색,거래완료,"15,000원",위례동,2026-07-03,7,17,532,38.7℃,3sp,생활가전,송파레이크파크호반써밋2차,,15000
전자기기,풀리오 마사지 기기,[미개봉] 풀리오 종아리 마사지기 V3,거래완료,"100,000원",위례동,2026-07-03,2,8,239,45.2℃,Jazz,생활가전,,"미개봉
풀리오 종아리 마사지기 V3에요

배송시 배송비는 구매자 부담",100000
전자기기,풀리오 마사지 기기,풀리오 종아리 마사지기 V3.새상품,거래완료,"110,000원",가락2동,2026-06-03,1,2,58,39.6℃,gmlrudzz,생활가전,,"풀리오 종아리 마사지기 V3에요
미개봉 새상품 입니다.

집앞으로 와주셔야합니다.",110000
전자기기,풀리오 마사지 기기,풀리오 손마사지기 라벤더,거래완료,"46,000원",문정동,2026-06-03,4,4,182,47.2℃,Abigail,뷰티/미용,#비대면 거래는 육아중이라 문고리만 가능,"풀리오 손마사지기 라벤더 색이에요 
애기낳고 쓰다가 이제 필요없어져서
당근합니다

#비대면 거래는 육아중이라 문고리만 가능
#당근페이 보내 주시면 상세주소 보내드려요
#반값택배 or #바로구매 가능
#중고거래이므로 환불은 불가합니다",46000
전자기기,풀리오 마사지 기기,풀리오 종아리 마사지기 V3 미개봉,거래완료,"90,000원",거여1동,2026-06-03,4,3,74,37℃,윤서환,생활가전,거여역or 문정역 직거래 가능합니다.,"풀리오 종아리 마사지기 V3 미개봉 상품입니다.
거여역or 문정역 직거래 가능합니다.",90000
전자기기,풀리오 마사지 기기,풀리오 백풀러 허리마사지기 팔아요,거래완료,"52,000원",거여1동,2026-06-03,1,1,50,47.2℃,j213,디지털기기,당근페이&문고리거래 합니다.,"거의 새상품 당근해와서 얼마 안쓰고 보관해놨었는데 비슷한거 선물받아 재당근합니다.
사용감 많이 없고 깨끗해요!
충전기는 따로 받지 않았었고 C타입 충전이에요

온열찜질, 자동, 스트레칭, 맞춤 3가지 기능있고
EMS(저주파) 단계별로 가능해요

당근페이&문고리거래 합니다.
환불x",52000
전자기기,풀리오 마사지 기기,나눔) 풀리오 목어깨 마사지기,나눔완료,무료나눔,거여2동,2026-05-04,1,2,299,39.2℃,당근좋아,뷰티/미용,,"5회 정도 사용했어요.
상태 깨끗해요.
잘 사용 안 해서 나눔합니다 :)",0
전자기기,풀리오 마사지 기기,풀리오 에어 괄사 마사지기 네이비 3만원,거래완료,"30,000원",거여동,2026-05-04,1,0,32,46.8℃,차카치구,뷰티/미용,,"풀리오 에어 괄사 마사지기 네이비 색상

두번 사용했는데 잘 사용안하게되서 판매합니다

충전선은 없는 상태라 싸게 팝니다",30000
전자기기,풀리오 마사지 기기,풀리오 무선손마사지기,거래완료,"45,000원",거여동,2026-05-04,1,2,52,49.3℃,beigelyn,생활가전,송파시그니처롯데캐슬106동,"구매후 한번사용하고 바빠서못쓰다가 판매합니다
박스그대로 있습니다",45000
전자기기,풀리오 마사지 기기,풀리오 미니맥스 마사지건,거래완료,"20,000원",가락2동,2026-05-04,2,0,40,43.3℃,소연삼촌,뷰티/미용,,"풀리오 미니맥스 마사지건이에요
작고 가벼워서 휴대하기 좋아요
구성품은 사진에서 확인해주세요
뭉친 근육을 시원하게 풀어주는 마사지건이랍니다
한번도 쓰지않은 새 제품입니다~풀세트죠",20000
전자기기,풀리오 마사지 기기,풀리오 허벅지 마사지기,거래완료,"100,000원",거여동,2026-04-04,2,3,76,37.1℃,정회창,뷰티/미용,,"풀리오 허벅지 마사지기입니다
5중 에어셀로 허벅지, 무릎, 종아리까지 시원하게 마사지해줍니다
5L 용량의 에어펌프로 강력한 마사지를 즐길 수 있습니다
완전 무선 사용이 가능하여 편리합니다

실착 5회 미만 제품 입니다 
충전선 포함",100000
전자기기,풀리오 마사지 기기,풀리오 목어깨 마사지기 새상품,거래완료,"48,000원",오금동,2026-04-04,1,3,67,53.6℃,banilajam,생활가전,,"풀리오 무선 목어깨 마사지기 미개봉 입니다
실물 사진은 제가 사용하고 있는 동일상품 찍은것이고 판매하는건 미개봉 새상품입니다 
2개 남았습니다.

- 모델명: N001
- 제품 규격: 600 x 170 x 150 mm, 1250g
- 가볍게 즐기는 풀리오 목어깨 마사지기입니다
- 무선이라 편리하게 사용 가능합니다
- 온열 기능으로 더욱 시원하게 마사지 받을 수 있습니다

거래는 가능하면 송파레미니스1단지 쪽 입니다. 
교환 하지 않습니다. 택배는 cu편의점 택배 이용합니다. 당근페이로 거래합니다.",48000
전자기기,풀리오 마사지 기기,풀리오 무선 목어깨 마사지기 새상품,거래완료,"48,000원",오금동,2026-03-05,4,9,300,53.6℃,banilajam,생활가전,,"풀리오 무선 목어깨 마사지기 미개봉 입니다
실물 사진은 제가 사용하고 있는 동일상품 찍은것이고 판매하는건 미개봉 새상품입니다 
여러개 구매 시 할인해드립니다

모델명은 N001입니다
- 무게는 1250g입니다
- USB 충전 케이블 포함되어 있습니다
언제 어디서나 가볍게 마사지를 즐길 수 있습니다

거래는 가능하면 송파레미니스1단지 쪽 입니다. 
교환 하지 않습니다. 택배는 cu편의점 택배 이용합니다. 당근페이로 거래합니다.",48000
전자기기,풀리오 마사지 기기,풀리오 v2 종아리 마사지기,거래완료,"35,000원",거여동,2026-03-05,2,1,52,50.2℃,금지사,뷰티/미용,,"풀리오 종아리 마사지기입니다

정산 작동하고 상태 좋습니다. 
박스는 없고 충전선은 있습니다. ",35000
전자기기,풀리오 마사지 기기,풀리오 미니맥스 마사지건 풀박스,거래완료,"20,000원",거여동,2026-03-05,2,0,31,41.1℃,Linggu,디지털기기,,"풀리오 미니맥스 마사지건 풀박스입니다
(사용감 x)(새제품) 
- 190g 초경량 설계로 가볍게 들고 다닐 수 있어요
- 3가지 헤드로 맞춤 마사지가 가능합니다
- 2,900RPM의 강력한 마사지를 경험해보세요
- 작지만 강력해서 손에 촥 감기는 디자인입니다",20000
전자기기,풀리오 마사지 기기,풀리오 무선 종아리 마사지기 V3 새상품,거래완료,"100,000원",오금동,2026-03-05,1,3,92,53.6℃,banilajam,생활가전,,"풀리오 무선 종아리 마사지기 V3 새상품입니다
미개봉 박스 그대로 입니다.
1개 남아서 다시 올려요~

- 638x350x400 크기, 1250g 무게입니다
무선이라 편리하게 사용할 수 있고, 하루 종일 가뿐한 다리를 경험할 수 있습니다
온열기능있습니다.

거래는 가능하면 송파레미니스1단지 쪽 입니다. 
교환 하지 않습니다. 택배는 cu편의점 택배 이용합니다. 당근페이로 거래합니다.",100000
전자기기,풀리오 마사지 기기,풀리오 종아리 마사지기 v3,거래완료,"71,000원",마천1동,2026-03-05,1,0,60,41.9℃,닐리리아,디지털기기,,"풀리오 종아리 마사지기 v3 
온열기능 있는 버전이에요 
깨끗하고 상태좋아요 사용감적어요 
충전케이블 같이 드려요 
상자는 없어요",71000
전자기기,풀리오 마사지 기기,풀리오 무선 손 마사지기+목어깨 마사지기,거래완료,"60,000원",마천동,2026-03-05,2,0,26,49.2℃,유태군,생활가전,,"풀리오 무선 손 마사지기+목어깨 마사지기 입니다
사용횟수 3회미만입니다.
너무 안써서 방출 합니다.
얼룩이나 망가진것 없습니다 
25년 구매제품",60000
전자기기,풀리오 마사지 기기,풀리오 종아리 마사지기 V3 퍼플,거래완료,"80,000원",잠실6동,2026-08-16,1,4,125,38.5℃,스콘,생활가전,,"풀리오 종아리 마사지기 V3 퍼플 색상이에요
본체와 리모컨, USB 충전 케이블, 사용 설명서, 보관용 파우치까지 모두 갖춰져 있어요
사진에서 보이는 것처럼 구성품 모두 깨끗하게 보관되어 있답니다

구입 후 한 번 사용하였습니다!",80000
전자기기,풀리오 마사지 기기,풀리오 목어깨 마사지기 V3 새상품,거래완료,"110,000원",거여2동,2026-01-04,4,7,121,37.3℃,술사랑,생활가전,,"풀리오 목어깨 마사지기 V3 새상품입니다
2025년 8월 생산 제품입니다
",110000
전자기기,풀리오 마사지 기기,"풀리오 허벅지, 종아리 마사지기",거래완료,"120,000원",가락2동,2026-02-03,1,3,100,37.7℃,로다향,뷰티/미용,직거래만 희망하며 거래 장소는 개롱역 3번 출구입니다!,"풀리오 허벅지 종아리 마사지기 본품입니다.
컨트롤러와 마사지기 본체 모두 깨끗하고 실사용 5회 미만입니다.
다른 마사지기를 구입하게 되어 판매합니다.
직거래만 희망하며 거래 장소는 개롱역 3번 출구입니다!",120000
전자기기,풀리오 마사지 기기,풀리오 미니맥스 마사지건 미개봉 새제품,거래완료,"28,000원",위례동,2026-02-03,1,2,53,53.6℃,선나수,디지털기기,힐스테이트센트럴위례 직거래,"풀리오 미니맥스 마사지건 미개봉 새제품입니다
온라인 구매가 52,000원입니다 (택배비포함)

집에 이미 사용중인 마사지건이 있어서 올려요~!


힐스테이트센트럴위례 직거래
반값택배 발송 가능 (택배비 별도)",28000
전자기기,풀리오 마사지 기기,풀리오 무선 종아리 마사지기 PLO-CB227,거래완료,"74,000원",오금동,2025-09-01,7,14,283,48.3℃,이으구,뷰티/미용,문고리 O,"풀리오 무선 종아리 마사지기 V2

추가))  1세대인줄 알았는데 2세대 제품이네요

- 종아리 근육 이완에 좋아요
- 혈액 순환 개선, 피로 해소에 도움을 줍니다
- 붓기 완화에도 효과적이에요

선물받아서 한번 작동시켜본게 다예요

사용 안할거같아서 그냥 팔아요 

현재 쿠팡에서 대략 10만원에 팔고 있네요

당근페이로만 진행합니다

문고리 O

직거래시 가락우창아파트 or 개롱역 인근에서 가능해요


",74000
전자기기,풀리오 마사지 기기,풀리오 마사지 부츠,거래완료,"128,000원",거여동,2025-09-01,2,7,208,39.4℃,문라이트,뷰티/미용,,"풀리오 마사지 부츠입니다.
시원하게 마사지하세요!
몇 번 사용 안 해서 깨끗합니다. 박스도 같이 드려요~
충전선도 있는 완전 풀세트입니다.",128000
전자기기,풀리오 마사지 기기,풀리오 손마사지기,거래중,"60,000원",거여동,2026-08-16,1,18,329,38.1℃,helloing,뷰티/미용,,"풀리오 손마사지기 입니다!
제가 쓸줄알고 박스를 버려서 박스는 없는데 한번밖에 사용안해봤습니다!
보시다시피 필름도 안떼었어요
손이 자주 붓거나 피로하신 분들께 추천드려요",60000
전자기기,풀리오 마사지 기기,풀리오 다리 마사지기 v1,거래완료,"35,000원",위례동,2025-09-01,3,2,128,38.4℃,쌤토끼,생활가전,,"풀리오 다리 마사지기입니다

두 세번 밖에 안쓴 새 기기 입니다
박스 없고, 딱 제품만 드립니다
",35000
전자기기,풀리오 마사지 기기,Pūlio 풀리오 다리 마사지기,거래완료,"50,000원",거여동,2025-09-01,2,1,75,48.3℃,해바,생활가전,육아중이라 문고리 거래 희망합니다!,"Pūlio 풀리오 다리 마사지기 충전기 포함입니다.
3개월정도 사용했고 깨끗합니다.

- 공기압 마사지 기능
- 온열 기능
- 휴대하기 좋아요

육아중이라 문고리 거래 희망합니다!",50000
전자기기,풀리오 마사지 기기,Pulio 마사지 부츠,거래완료,"120,000원",마천동,2025-09-01,1,0,45,59.2℃,피넛버터젤리,여성잡화,,"풀리오 마사지 부츠입니다
발과 종아리 마사지를 한 번에!

다리가 자주 붓는 아내가 다른 마사지 기계보다 더 좋아해서 구매했다가......

셋째를 가지게 되서 당분간 못써서 당근합니다.

- 공기압 마사지 기능
- 온열 기능으로 따뜻하게
- 무선 리모컨으로 간편하게 조작
- 3가지 모드, 3단계 강도 조절 가능
- 15분 자동 타이머 기능",120000
전자기기,풀리오 마사지 기기,풀리오 종아리 마사지기 미개봉 새제품 판매합니다,거래완료,"90,000원",위례동,2025-09-01,10,7,213,38.1℃,방울봄봄,뷰티/미용,위례,,90000
전자기기,풀리오 마사지 기기,풀리오 목 어깨 마사지기 V2 새상품,거래완료,"70,000원",위례동,2025-09-01,1,1,35,41.6℃,요요야,디지털기기,직거래 위례숲초 인근,"풀리오 목 어깨 마사지기 V2 새상품입니다

- 2025년 6월 생산 신제품
- 어깨 목 마사지기
- 미개봉 새제품
- 부모님 선물용으로 샀는데 이미 있다고하셔서 당근합니다
- 올리브영 정품 구매로 as 가능

직거래 위례숲초 인근
택배비 3000원 별도",70000
전자기기,풀리오 마사지 기기,풀리오 다리 마사지 부츠 새상품 팔아요,거래완료,"165,000원",마천2동,2025-09-01,1,1,65,44.8℃,퇴사루피,생활가전,마천사거리 파리바게트앞,,165000
전자기기,풀리오 마사지 기기,풀리오 무선 종아리 마사지기 V2 블랙 이중형,거래완료,"70,000원",거여2동,2025-09-01,2,2,71,41.1℃,류리,생활가전,,"지난달에구매했습니다
실사용 5회이하입니다
구성품 박스까지있습니다
",70000
전자기기,풀리오 마사지 기기,풀리오 종아리마사지기 지퍼형 v2,거래완료,"80,000원",거여동,2025-09-01,1,5,158,70.6℃,경니르하,생활가전,문고리또는 택배비별도입니다,"풀리오 종아리마사지기 지퍼형 v2입니다
구매후 시험으로 두번 사용해봤는데 저한테는 압이세서 3분씩도 안한것같아요~
거의 새것 컨디션이고 박스만 열다가 살짝 뜯어진 부분이 있습니다.
문고리또는 택배비별도입니다 ",80000
전자기기,풀리오 마사지 기기,풀리오 목 어깨 마사지기 새것(박스×),거래완료,"50,000원",마천1동,2025-09-01,1,3,51,37.9℃,나무나무,생활가전,,"풀리오 목과 어깨 마사지기입니다.  미사용입니다. 박스는 없습니다. 설명서, 충전선 드립니다
시원하게 마사지 받으세요~
",50000
전자기기,풀리오 마사지 기기,새상품) Pulio 목어깨 마사지기 V2,거래완료,"58,000원",오금동,2025-09-01,1,0,33,38.9℃,SJ,생활가전,,,58000
전자기기,풀리오 마사지 기기,풀리오 종아리 마사지,거래완료,"67,000원",위례동,2025-09-01,1,6,192,37℃,도깨비,뷰티/미용,"직거래는 복정역, 남위례역, 거여역 인근.","24년 1월에 구매해서 20회 정도 사용했습니다.
(3번째 사진에 정품 스티커 있음)

박스, 품질보증서, 충전 케이블 등 모든 구성품 다 있습니다.

사진으로는 보라색 천이 얼룩덜룩해 보일 수 있으나 조명 때문에 그런 것입니다. 방향을 바꿔서 계속 찍어봐도 실제 눈으로 보는 것처럼 찍히지는 않네요.

직거래는 복정역, 남위례역, 거여역 인근.
택배는 반값택배 가능.",67000
전자기기,풀리오 마사지 기기,풀리오 목어깨 마사지기 V2 새상품,거래완료,"75,000원",마천1동,2025-09-01,3,1,53,41.3℃,드부,디지털기기,,"풀리오 목어깨 마사지기 V2 미개봉 새상품입니다

배송온 그대로 팝니다",75000
전자기기,풀리오 마사지 기기,풀리오 허벅지 마사지기,거래완료,"150,000원",위례동,2025-09-01,3,1,88,40.5℃,클로이,뷰티/미용,,"풀리오 풀리지 허벅지 마사지기입니다
상자 그대로 보관 중이에요
2025년 04월 생산 제품입니다
한 번도 사용 안했어요 
발이랑 같이 있는 마사지기가 더 필요해서 그거 샀더니 이게 필요가 없네요",150000
전자기기,풀리오 마사지 기기,풀리오 종아리 마사지기,거래완료,"30,000원",위례동,2025-09-01,1,3,155,40.5℃,클로이,뷰티/미용,감이동,,30000
전자기기,풀리오 마사지 기기,풀리오 풀리즈 허벅지 마사지기,거래완료,"150,000원",위례동,2025-09-01,1,3,85,42.7℃,봉봉,뷰티/미용,,"와이프 사줬는데 안 쓰네요
잘 작동 됩니다.
풀리오 풀리즈 허벅지 마사지기 내놓습니다!

- 공기압 마사지로 시원하게!
- 온열 기능으로 따뜻하게!
- 3가지 모드, 강도 조절 가능
- USB 충전식이라 편리해요
- 종아리 마사지도 가능!

박스에 담아 드려요~",150000
전자기기,풀리오 마사지 기기,풀리오 다리 마사지기 V2,거래완료,"70,000원",방이1동,2025-09-01,3,3,162,45℃,쵀쵀,생활가전,문고리 거래할게요,"저한텐 압이 세서요
보관하며 잔기스는 있지맘
사진 보시다시피 거의 새거예요
충전선까지 그대로입니다
문고리 거래할게요",70000
전자기기,풀리오 마사지 기기,풀리오 다리 마사지기,거래완료,"30,000원",마천1동,2025-09-01,4,2,143,37℃,Lizzy,생활가전,,"Pūlio 다리 마사지기입니다
작년 여름에 사서 10회 내외로 쓰고 귀찮아서 쓰지 않았어요..
박스 업고 충전 케이블만 같이 드리고요. 
사용감 약간 있습니다. 찍찍이 잇는 부분에 오염이 조금 있으니 예민하신 분 피해주세요. 
구매 후 환불은 안됩니다. 

",30000
전자기기,풀리오 마사지 기기,풀리오 목어깨 마사지기,거래완료,"50,000원",가락2동,2025-09-01,3,1,234,46℃,마초갱,생활가전,,"회사에서 사은품으로 받은 풀리오 목어깨 마사지기입니다.

한번 써보고 아예 안쓰게 되서 팔아요!",50000
전자기기,풀리오 마사지 기기,풀리오 목어깨마사지기 V2 미개봉,거래완료,"80,000원",마천동,2025-09-01,1,1,39,43.7℃,브레드R,뷰티/미용,,"풀리오 목어깨마사지기 V2 미개봉 상품입니다

선물받았으나 필요치않아 판매해요",80000
전자기기,풀리오 마사지 기기,풀리오 손 마사지기,거래완료,"67,000원",위례동,2025-09-01,3,3,,,,,,,67000
전자기기,풀리오 마사지 기기,풀리오 종아리 마사지기,거래완료,"70,000원",거여2동,2025-09-01,2,5,157,81.9℃,흰빵이엄마,생활가전,거여동 직거래 또는 문고리고래 원합니다.,"풀리오 종아리 마사지기 팝니다.
23년도 구입했는데 저한테는 압이 좀 강해서 몇 번 사용 못하고 보관만 했습니다. 사진에 보시는 것처럼 상자와 구성품 다 있습니다. 사용횟수 적어 깨끗하고 상태 좋습니다.

거여동 직거래 또는 문고리고래 원합니다. ",70000
전자기기,풀리오 마사지 기기,풀리오 손마사지기,거래완료,"50,000원",방이동,2026-08-03,1,2,50,50.4℃,안뇽,생활가전,대나무,"새상품입니다 사용 안 했어요..
저렴하게 팔아요",50000
전자기기,풀리오 마사지 기기,풀리오 어깨 목 마사지기,거래완료,"60,000원",오금동,2025-09-01,5,2,347,41.1℃,미묘,생활가전,개롱역 1번 출구,"잘 사용하지 않아 판매합니다
송파도서관 직거래합니다",60000
전자기기,풀리오 마사지 기기,풀리오 종아리마사지기,거래완료,"55,000원",오금동,2025-09-01,3,1,151,38.7℃,jsn,뷰티/미용,송파레미니스 2단지후문 경비초소,"시간없어 자주사용 안하게 돼
판매합니다",55000
전자기기,풀리오 마사지 기기,풀리오 목 어깨 마사지기,거래완료,"30,000원",문정동,2025-09-01,4,4,147,51.3℃,딘둥,뷰티/미용,,"풀리오 종아리 마사지기랑 같이 샀는데 
어깨는 안써서 올립니다 
파우치에만 담아놔서 새제품이나 다름없습니다

풀리오 모델 1 같네요 v2 아닙니당~~!",30000
전자기기,풀리오 마사지 기기,풀리오 종아리 마사지기,거래완료,"60,000원",잠실2동,2026-07-04,3,7,87,54.2℃,단풍낙엽,생활가전,,"풀리오 종아리 마사지기 입니다. 
하체비만/부종형인 저는 이거로 큰 효과봤어요!
사용감은 몇회 있지만 항상 샤워하고 몇차례 
사용한지라 깨끗하며, 구성품은 사진과 같이 있어요.

원래 충전선이 뭔지 기존다른선들과 구분이 안되서 C타입선으로 새걸로 드려요! 모든c타입선과 호환됩니다.",60000
전자기기,풀리오 마사지 기기,풀리오 목어깨 마사지기 v2,거래완료,"70,000원",거여동,2025-09-01,4,3,92,39.2℃,도도,디지털기기,,"구매한지는 3주정도 되었으나,
저에게는 맞지않아 내놓습니다
박스도 있고, 깨끗합니다
필요하신분 저렴히 좋은상품 데려가세요",70000
전자기기,풀리오 마사지 기기,풀리오 목어깨 마사지기 (미개봉),거래완료,"70,000원",거여동,2025-09-01,2,1,67,38.4℃,시루,디지털기기,거여역 인근 직거래가능합니다.,"제목대로 미개봉 새상품입니다.
거여역 인근 직거래가능합니다.",70000
전자기기,풀리오 마사지 기기,풀리오 넥풀러 목 마사지기,거래완료,"200,000원",거여2동,2025-09-01,1,0,40,,,,,,200000
전자기기,풀리오 마사지 기기,풀리오 손 마사지,거래완료,"55,000원",오금동,2025-09-01,1,1,51,80.8℃,돌진,뷰티/미용,,"올해 초 구매하고 7-8회 사용했지만 
파라핀이 맞는것 같습니다.
혹 에코따숨 파라핀 기계와 교환도 좋습니다.
거의 새 상품이고 충전기와 같이 있습니다.",55000
전자기기,풀리오 마사지 기기,풀리오 풀리션 마사지 부츠 판매,거래완료,"160,000원",가락본동,2025-09-01,2,5,122,38.5℃,토매토,뷰티/미용,,"풀리오 풀리션 마사지 부츠 저렴하게 판매합니다~
3회정도 사용하였고 사용감없눈 거의 새제품입니다ㅠ잘 사용하지않게되어 판매합니다!
제품 박스, 보증서(?), 충전리 등 구성품 다 있습니다!",160000
전자기기,풀리오 마사지 기기,풀리오 목어깨마사지기 상태 최상급 싸게 팝니다,거래완료,"70,000원",위례동,2025-09-01,3,3,102,61.6℃,뽀동,디지털기기,문고리 거래 원합니다,"사진 보시면 아시겠지만 박스까지 다 있고, 정말 새거나 다름없는 수준입니다. 충전 한 번만 해보고 써본거라 정말 깨끗해요. 설명서까지 전부 다 있습니다. 

문고리 거래 원합니다",70000
전자기기,풀리오 마사지 기기,풀리오 무선 종아리 마사지기 V2,거래완료,"70,000원",문정1동,2025-09-01,3,2,110,46.5℃,FMoon,생활가전,,"올해 초 구입 후 1~2개월 정도 사용했습니다.
임산부 종아리 부종 치료에 정말 좋았어요.
눈에 띄는 오염이나 스크래치는 없지만 그래도 새상품은 아니니 예민하신 분들은 피해주세요.",70000
전자기기,풀리오 마사지 기기,풀리오 손 마사지기,거래완료,"65,000원",거여동,2025-09-01,1,1,52,37.4℃,마네마네,생활가전,,"풀리오 손 마사지기입니다
지난 겨울에 구매했고 작동에 이상없습니다
박스는 없고
기기랑 케이블만 있습니다",65000
전자기기,풀리오 마사지 기기,풀리오 목어깨마사지 기계 24년 8월 구매,거래완료,"65,000원",가락동,2025-09-01,5,7,171,47.9℃,언컴,뷰티/미용,,"구매 후 몇번 썼는데,
요새 잘 안써서 판매합니다.
박스도 가지고 있습니다",65000
전자기기,풀리오 마사지 기기,풀리오 목어깨 마사지기 판매합니다,거래완료,"63,000원",거여동,2025-09-01,1,4,109,48.6℃,온리미,생활가전,,"9월 구매하였고, 실 사용 횟수 2회입니다.
설명서 동봉 가능합니다.
아예 새거라고 보시면 됩니다.
충전선은 C타입이라 C타입 충전선도 함께 드릴게요.
쿨 거래 부탁드립니다. 감사합니다 :)",63000
전자기기,풀리오 마사지 기기,풀리오 종아리 마사지기 v3,거래완료,"120,000원",거여동,2025-09-01,3,1,111,53.4℃,mina,뷰티/미용,,"새상품입니다.

잘 아시겠지만 상품 설명 링크 걸겠습니다. 

https://m.puliodays.com/product/%ED%92%80%EB%A6%AC%EC%98%A4-%EC%A2%85%EC%95%84%EB%A6%AC-%EB%A7%88%EC%82%AC%EC%A7%80%EA%B8%B0-v3/143/category/49/display/1/

* 반품, 환불 사절",120000
전자기기,풀리오 마사지 기기,풀리오 다리마사지,거래완료,"55,000원",위례동,2025-09-01,2,0,108,39℃,고독한봄봄,뷰티/미용,스타필드위례시티,"선물받았는데 안쓸듯요
위례직거래",55000
전자기기,풀리오 마사지 기기,풀리오 목어깨 마사지기,거래완료,"80,000원",오금동,2025-09-01,1,0,59,40.6℃,두부나나,생활가전,,"풀리오 목.어깨 마사지기
완전 새상품 뜯어보지도  않았어요.
택배원하시면 택배비 부담하셔야해요.
반값택배도 가능해요.",80000
전자기기,풀리오 마사지 기기,풀리오 종아리마사지기 블랙 한정판,거래완료,"80,000원",가락동,2025-09-01,0,2,67,40.9℃,나라,뷰티/미용,써니사이드,,80000
전자기기,풀리오 마사지 기기,풀리오 목어깨마사지기,거래완료,"40,000원",오금동,2025-09-01,11,2,176,38.9℃,8613,생활가전,,"유튜브에서 광고많이해서 유명한
풀리오 목어깨 마사지기
구입시기 7월
사용 5회미만
압은 단계별로 조절할수잇고 온열도 가능합니다
아주 새거입니다 흠집 1도 없음
새로운 마사지기를 선물받아서 팝니다
박스 설명서 등 다 있어요

위치
거여초 앞이나 다이소 오륜사거리 쪽",40000
전자기기,풀리오 마사지 기기,풀리오 목어깨 마사지기 N001번(미개봉),거래완료,"80,000원",위례동,2025-09-01,1,1,81,39.8℃,Fedroid,디지털기기,,"풀리오 목어깨 마사지기 미개봉
24년7월 생산제품입니다.",80000
전자기기,풀리오 마사지 기기,풀리오 마사지 건 팝니다,거래완료,"57,000원",거여2동,2024-09-01,2,1,123,53.3℃,짝짝,생활가전,,"풀리오 마사지 건 거의 새거입니다.  어깨가 자꾸 뭉쳐서 샀는데 사용을 안하네요. 배송받았을때 구성 그대로 모두있구요. 작동은 당연히 잘됩니다. 
",57000
전자기기,풀리오 마사지 기기,풀리오 목어깨 마사지기 풀박스 팝니다.,거래완료,"75,000원",가락2동,2025-09-01,1,1,76,37.3℃,도리도리,뷰티/미용,"직거래는 개롱역, 택배는 배송비 별도입니다.","8월에 구매했고 생산날짜 24.06 입니다
풀박스에 2회 사용해서 상태 최상이에요~~
직거래는 개롱역, 택배는 배송비 별도입니다.",75000
전자기기,풀리오 마사지 기기,풀리오 종아리마사지기,거래중,"80,000원",거여동,2026-09-01,1,14,196,71.4℃,미인님,생활가전,,"플리오 종아리 마사지기 
1-2회 사용. 

명절선물로 회사에서 받았는데 게을러서 사용1회이후 사용안함. 풀박스이나 박스손상있어요.",80000
전자기기,풀리오 마사지 기기,풀리오 목어깨 마사지기,거래완료,"65,000원",거여동,2025-09-01,2,0,107,54.4℃,홍연,디지털기기,구매하고 두번 정도 사용했는데 사용전에 많이 사용하게 될 줄 알고 박스 뚜껑을 뜯어놨었습니다. 충전 케이블 포함 모든 구성품 다 있고 박스 뚜껑만 없습니다. 마천역이나 거여역 직거래 혹은 문고리 거래 가능합니다.,"24년 6월 생산입니다
구매하고 두번 정도 사용했는데 사용전에 많이 사용하게 될 줄 알고 박스 뚜껑을 뜯어놨었습니다. 충전 케이블 포함 모든 구성품 다 있고 박스 뚜껑만 없습니다. 마천역이나 거여역 직거래 혹은 문고리 거래 가능합니다.",65000
전자기기,풀리오 마사지 기기,풀리오 종아리 마사지기,거래완료,"120,000원",위례동,2025-09-01,1,1,74,41.8℃,soul,생활가전,,"선물받은 마사지기입니다. 

잘 사용하지 않을것 같아 포장 뜯지않은 새상품으로 
내놓습니다.

^^“",120000
전자기기,풀리오 마사지 기기,풀리오어깨마사지기,거래완료,"80,000원",위례동,2024-09-01,1,3,143,51.4℃,찌찌뽕,뷰티/미용,감일푸르지오마크베르,"일주일전에  샀는데 겁나 시원해요
세라젬 들이면서 안쓰게 될거같아 판매해요 ",80000
전자기기,풀리오 마사지 기기,풀리오 종아리 마사지,거래완료,"93,000원",오금동,2025-09-01,4,9,260,40.6℃,두부나나,생활가전,,"풀리오 종아리 마사지기입니다.
v2이고 저는 사용중인데 또 선물 받아 당근해요.
새 제품이라 선물도 가능해요.
택배 원하시면 택배비 부담해주셔야합니다.
",93000
전자기기,풀리오 마사지 기기,풀리오 목.어깨 마사지기,거래완료,"88,000원",오금동,2025-09-01,2,3,169,40.6℃,두부나나,생활가전,,"새 제품입니다.
24년 6월 생산제품이라는 스티커 붙여있어요.
택배 원할시 택배비는 부담해주셔야해요~
",88000
전자기기,풀리오 마사지 기기,풀리오 목어깨 마사지기 퍼플,거래중,"20,000원",거여동,2026-09-01,0,3,73,38.9℃,해피맘,생활가전,,"풀리오 목어깨 마사지기 퍼플 색상이에요
구성품은 마사지기 본체와 사용 설명서가 있어요
사진에서 보이는 것처럼 깔끔하게 사용했어요
뭉친 목과 어깨 근육을 시원하게 풀어주고 싶으신 분들께 추천드려요
사용감 있습니다.",20000
전자기기,풀리오 마사지 기기,"풀리오 마사지기 (허벅지,허리)",거래중,"90,000원",거여동,2026-08-21,9,56,1735,42.7℃,오롤로,뷰티/미용,"직거래는 서울대입구역쪽, 서초역, 광명역입니다.","폴리오 허벅지 마사지기와 허리 마사지기 백풀러입니다

구매일은 26년 4월쯤입니다.
박스와 기본 케이블 다 있습니다.
사용횟수 허벅지는 3번,허리는 5번입니다.

앉아서 일하다보니 딱히 몸이 뻐끈하지가 않아..팝니다

일괄구매 시 24만원
허벅지만 구매 시 17만원
허리만 구매 시 9만원

반택,택배 다 가능합니다
직거래는 서울대입구역쪽, 서초역, 광명역입니다.",90000
전자기기,풀리오 마사지 기기,풀리오 종아리 마사지기 V3,거래중,"110,000원",거여동,2026-09-01,5,1,64,44.1℃,콩콩,생활가전,,"풀리오 종아리 마사지기 V3 단순개봉 새상품입니다
단순개봉으로
새상품판매가 불가하여 저렴하게 판매합니다
택배가능합니다

26년 7월 최신제조상품 입니다
구매 후 반품x",110000
전자기기,풀리오 마사지 기기,풀리오 허벅지 마사지기 블랙,거래중,"150,000원",거여동,2026-08-30,0,6,109,42.9℃,Xxxh,뷰티/미용,"택배(일반, 반값), 비대면 문고리 거래만 가능합니다","하자 없습니다 작년 3월 구매 후 몇 번 사용하고 쭉 보관 중입니다

박스 및 구성품 모두 보내드립니다

택배(일반, 반값), 비대면 문고리 거래만 가능합니다",150000
전자기기,풀리오 마사지 기기,풀리오 무선 종아리 마사지기 퍼플,거래중,"45,000원",거여동,2026-09-01,2,26,297,46.7℃,서아마밍,생활가전,,"풀리오 무선 종아리 마사지기 퍼플 색상이에요
종아리 전체를 감싸주어 시원하게 마사지할 수 있어요
사진에서 보이는 그대로 구성되어 있어요
하루의 피로를 풀어줄 마사지기로 편안한 휴식을 즐겨보세요
구매하고 사용횟수는 얼마 되지 않아 찍찍이도 쨍쨍합니다 작동 아주 잘됩니다",45000
전자기기,풀리오 마사지 기기,풀리오 풀리션 마사지 부츠 블랙,거래중,"100,000원",거여동,2026-09-01,0,6,35,99℃,고운,뷰티/미용,,"풀리오 마사지 부츠 블랙이에요
2025년에 구매했구요 1년정도 된것 같아요 
이제 블랙은 판매하지 않는걸로 알고있어여~
발과 종아리를 엄청 시원하게 마사지 해줘요 
충전선은 c타입 충전하시면 되구요~
겨울에는 따뜻하게 발 찌져도 되구요 
3단계 압력 엄청 쌔서 시원해요 
설거지할때나 컴퓨터 할때 신고해도 좋아요 
귀차니즘으로 인해 사용하지않아
상태최상입니다


🙏🏻중고특성상 확인못한 사용감이잇을수있으니 예민하신분은 피해주시고 교환환불 불가하니 신중구매 부탁드려요🙏🏻",100000
전자기기,풀리오 마사지 기기,풀리오 종아리 마사지기 V3 새상품 정품♡ 송파,거래중,"100,000원",풍납1동,2026-08-16,9,19,217,55.9℃,쭈미,생활가전,,"종아리마사지기로 유명한 풀리오 V3

새상품 ♡정품♡ 최신상품
몇개만 이 가격에 드릴수있어서
관심 있으신분 연락주세요^^

택배로 보내드립니다
선물용으로도 가능합니다♡",100000
전자기기,풀리오 마사지 기기,풀리오 마사지 부츠 화이트,거래중,"150,000원",거여동,2026-08-31,0,0,,,,,,,150000
전자기기,풀리오 마사지 기기,풀리오 종아리 마사지기 보라색,거래중,"60,000원",거여동,2026-08-17,0,40,1563,37.7℃,호냥,뷰티/미용,,"풀리오 무선 종아리 마사지기 보라색이에요
종아리 부종 완화에 도움을 주는 제품이에요
구성품은 사진에 보이는 마사지기 본체 2개입니다
하루의 피로를 풀어줄 마사지기로 편안한 휴식을 경험해보세요",60000
전자기기,풀리오 마사지 기기,(미개봉새제품)풀리오 등허리 쿠션 마사지기,거래중,"80,000원",거여동,2026-08-27,0,9,142,44℃,휘구,생활가전,,,80000
전자기기,풀리오 마사지 기기,풀리오 종아리 마사지기 V3 미개봉,거래중,"110,000원",송파1동,2026-09-01,4,4,66,38.7℃,치킨,생활가전,,"풀리오 종아리 마사지기 V3 제품이에요
무선으로 편리하게 사용할 수 있고 5000mAh 배터리가 탑재되어 있어요
깔끔한 디자인으로 선물하기에도 좋아요
하루의 피로를 풀어줄 시원한 마사지를 경험해보세요",110000
전자기기,풀리오 마사지 기기,풀리오 무선 종아리 마사지기(새제품),거래중,"114,000원",거여동,2026-08-17,4,22,819,41.7℃,함께라면,생활가전,,"풀리오 무선 종아리 마사지기예요.
본체와 종아리 커버, 충전 케이블, 사용 설명서, 보증서까지 모두 갖춰져 있는 새제품이예요.
하루의 피로를 시원하게 풀어줄 마사지기로 편안한 휴식을 즐겨보세요",114000
전자기기,풀리오 마사지 기기,풀리오 허벅지 마사지기 (풀박스),거래중,"140,000원",거여동,2026-08-26,0,20,,,,,,,140000
전자기기,풀리오 마사지 기기,풀리오 퍼플 종아리 마사지기 v2,거래중,"59,000원",거여동,2026-08-12,4,18,695,42.7℃,돵근,생활가전,,"풀리오 퍼플 종아리 마사지기 에요
종아리 부종 완화에 도움을 주는 마사지기입니다
사진에서 보이는 것처럼 구성품 모두 포함되어 있어요
하루의 피로를 풀어줄 마사지기로 편안한 휴식을 경험해보세요",59000
전자기기,풀리오 마사지 기기,풀리오 허벅지 마사지기 네이비 풀구성,거래중,"150,000원",거여동,2026-08-30,0,6,97,38.2℃,홍키,뷰티/미용,,"풀리오 허벅지 마사지기 네이비 색상 풀구성으로 나왔어요
사진에 보이는 구성품 모두 포함되어 있어요
구입은 25년 12월에샀는데 육아하느라 한번사용해보고 방치하게되서 내놉니다
박스그대로 설명서까지 구성품다있어요",150000
전자기기,풀리오 마사지 기기,풀리오 손목 마사지기 (s급),거래중,"60,000원",거여동,2026-09-01,0,3,43,46.3℃,댱근,생활가전,,"손목과 손을 시원하게 풀어주는 풀리오 손목 마사지기예요
강도 조절, 온열 기능, 다양한 프로그램으로 맞춤 마사지가 가능해요
674개의 지압돌기가 시원하게 지압해준답니다
손의 피로를 자주 느끼시는 분들께 추천드려요

실사용 5회 거의 새것
선물하세요~ 박스도 있습니다",60000
전자기기,풀리오 마사지 기기,풀리오 마사지 부츠 블랙,거래중,"100,000원",거여동,2026-08-30,4,9,97,39.8℃,bluepeer,뷰티/미용,,"종아리부터 발바닥까지 시원하게 마사지해주는 풀리오 마사지 부츠예요
발과 종아리를 따뜻하게 감싸주어 편안함을 더해준답니다
하루의 피로를 풀어줄 마사지 부츠로 편안한 휴식을 즐겨보세요
잘 사용하지 않아서 판매합니다",100000
전자기기,풀리오 마사지 기기,풀리오 마사지 부츠 미드나잇 퍼플,거래중,"130,000원",거여동,2026-08-26,0,1,55,41.2℃,해피,디지털기기,,"몇번 사용 안한 새제품 판매해요
실사용 횟수 2-3번정도에요

상자는 버린상태고 구성품 그대로 다 드려요

먼저 연락주신 분께 드릴게요

정상 작동 됩니다

사진 참고부탁드려요

쓰잘대기없는 질문은 바로 차단합니다",130000
전자기기,풀리오 마사지 기기,풀리오 목어깨 마사지기,거래중,"27,000원",석촌동,2026-08-02,0,1,71,41.3℃,BARON,생활가전,,"목과 어깨의 뭉친 근육을 시원하게 풀어주는 풀리오 목어깨 마사지기예요
마사지기 본체
충전기x
사진에서 보이는 것처럼 깔끔한 보라색 컬러가 매력적이에요
하루의 피로를 풀어줄 마사지기를 찾으시는 분들께 추천드려요

거의새것",27000
전자기기,풀리오 마사지 기기,풀리오 (새제품)손목 마사지기 HD002 라벤더,거래중,"70,000원",거여동,2026-09-01,0,1,16,45.7℃,무지개,생활가전,,,70000
전자기기,풀리오 마사지 기기,풀리오 허벅지 마사지기 퍼플,거래중,"130,000원",가락동,2026-08-31,1,3,41,43.8℃,브릇,뷰티/미용,산전 산후관리로 작년 12월 구매후 6개월정도 사용하고 보관하고있습니다! 문고리 거래합니다,"풀리오 허벅지 마사지기 세트예요. 
허벅지와 종아리까지 시원하게 풀어주는 마사지기이입니다.
산전 산후관리로 작년 12월 구매후 6개월정도 사용하고 보관하고있습니다! 문고리 거래합니다",130000
전자기기,풀리오 마사지 기기,풀리오 에어 괄사 마사지기 ML001,거래중,"65,000원",잠실4동,2026-08-17,0,0,21,39.9℃,보송보송한찹쌀떡,뷰티/미용,,"풀리오 에어 괄사 마사지기 ML001이에요
720 x 90 mm (마사지기) 54 x 201 x 42 mm (본체) 430g 스펙을 가지고 있어요
DC5V, 2A, 2200mAh 배터리가 내장되어 있답니다
뭉친 근육을 시원하게 풀어주는 마사지기로 집에서 편안하게 관리해보세요",65000
전자기기,풀리오 마사지 기기,풀리오 풀리지 허벅지 마사지기 퍼플,거래중,"139,000원",거여동,2026-08-30,0,8,,,,,,,139000
전자기기,풀리오 마사지 기기,풀리오 목어깨 마사지기 퍼플,거래중,"45,000원",석촌동,2026-06-03,1,3,173,48.1℃,리니,생활가전,,"작동잘됨
거의사용안함",45000
전자기기,풀리오 마사지 기기,풀리오 종아리 마사지기 퍼플 V2 PLO-CB227,거래중,"50,000원",거여동,2026-08-25,0,20,501,37.1℃,케리케,생활가전,,,50000
전자기기,풀리오 마사지 기기,풀리오 허리 마사지기 백풀러,거래중,"55,000원",거여동,2026-08-29,0,4,64,62.7℃,보부상,생활가전,,"허리 마사지기 백풀러예요
자동 모드, 스트레칭 모드, 맞춤 모드 3가지 모드로
10단계 마사지 강도와 온열 기능까지 갖췄어요
전문 마사지사 부럽지 않은 시원함을 느껴보세요


깔끔하게 사용했어요!
충전선 같이드립니다

🐰 비대면 거래 선호 (육아中)
💕 송금 후 '상세주소/공동현관 비번' 알려드립니다",55000
전자기기,풀리오 마사지 기기,풀리오 등허리 마사지기 미개봉(온열가능),거래중,"80,000원",방이1동,2026-08-26,0,1,19,67.1℃,송송이,생활가전,📍한양3차 문고리거래만 합니다,"풀리오 등허리 마사지기 선물받았는데 팝니다. 친정엄마 드리려했는데 안쓰신다네요. 저희도 안쓸것같아 개봉도 안한거 팔아요


📍한양3차 문고리거래만 합니다",80000
전자기기,풀리오 마사지 기기,풀리오 무선 종아리 마사지기 퍼플,거래중,"80,000원",거여동,2026-08-31,2,8,193,46.5℃,히융,생활가전,,"풀리오 무선 종아리 마사지기 퍼플 색상이에요
구성품 모두 있고 사용 설명서와 보증서도 있어요
사진에서 보이는 것처럼 깔끔하게 보관되어 있어요
피로 풀기 좋은 마사지기로 편안한 휴식을 즐겨보세요",80000
전자기기,풀리오 마사지 기기,풀리오 넥풀러 목 어깨 마사지기,거래중,"100,000원",신천동,2026-08-17,1,1,21,37.8℃,초보골퍼,생활가전,,"목과 어깨의 뭉친 근육을 시원하게 풀어주는 풀리오 넥풀러 마사지기예요
부드러운 벨벳 커버와 함께 사용하시면 더욱 포근하게 마사지를 즐기실 수 있어요
사진에서 보이는 구성품 그대로 보내드려요
목과 어깨 통증으로 힘드신 분들께 편안함을 선사할 거예요",100000
전자기기,풀리오 마사지 기기,풀리오 허리 마사지기,거래중,"45,000원",거여동,2026-09-01,0,0,22,43℃,chay,생활가전,,"풀리오 허리 마사지기입니다
리모컨과 충전기 포함 구성이에요
허리 통증 완화에 도움을 줄 수 있는 제품이에요
상태는 사진과 같습니다 께끗해요",45000
전자기기,풀리오 마사지 기기,"풀리오 마사지기 새상품 , 휴온센족옥기 제2의심장 순환템 일괄판매",거래중,"100,000원",거여동,2026-09-01,0,0,16,46.8℃,햅삐이,뷰티/미용,,,100000
전자기기,풀리오 마사지 기기,풀리오 허리 마사지기(S급),거래중,"68,000원",거여동,2026-07-03,0,8,197,36.5℃,뻥안치는사람,생활가전,,"풀리오 허리마사지기입니다
저번달 구매후 딱 한번 사용했습니다.
하자 없고 생활기스도 없는 새제품급 입니다.

-마사지 기능
-EMS 및 온열기능
-C타입 충전",68000
전자기기,풀리오 마사지 기기,풀리오 Pulio Legs V2 마사지기,거래중,"77,000원",거여동,2026-08-28,0,16,282,63.1℃,좋은거래원해요,뷰티/미용,,"풀리오 프리미엄 마사지기 Legs V2예요
가벼운 무게와 컴팩트한 사이즈로 휴대하기 좋아요
전기용품 안전관리법에 따른 표시사항 확인 가능해요
뭉친 다리 근육을 시원하게 풀어주는 마사지기를 찾으시는 분들께 추천드려요

뜯지않은 새상품입니다",77000
전자기기,풀리오 마사지 기기,풀리오 종아리 마사지기 퍼플,거래중,"55,000원",방이1동,2026-08-02,5,13,434,38.1℃,수롱이,생활가전,,"종아리 마사지기 퍼플 색상이에요
사진에 보이는 구성품 그대로 드려요
부드러운 마사지로 시원함을 느껴보세요
하루의 피로를 풀어줄 마사지기로 추천드려요",55000
전자기기,풀리오 마사지 기기,풀리오 종아리 마사지기 퍼플,거래중,"60,000원",거여동,2026-08-13,1,53,1624,25.2℃,황금돼지,생활가전,,"풀리오 종아리 마사지기 퍼플 색상이에요
본체와 충전 케이블, 파우치까지 모두 포함되어 있어요
사진에서 보이는 구성 그대로 보내드려요
다리 붓기나 피로를 자주 느끼시는 분들께 추천드려요",60000
전자기기,풀리오 마사지 기기,풀리오 V3 마사지기,거래중,"90,000원",거여동,2026-08-28,1,12,193,69.5℃,멋진나날들,생활가전,문고리 거래 가능합니다,"목과 어깨의 피로를 풀어주는 
풀리오 V3 마사지기 입니다.
본품과 구성품 모두 포함되어 있습니다.
뭉친 어깨와 목을 시원하게 풀어주고 싶으신 분들께 추천드려요.
구매는 26년 1월에 하였구요.
구매후 5회미만 사용했습니다.
생산년도는 25년 9월 생산입니다.
문고리 거래 가능합니다",90000
전자기기,풀리오 마사지 기기,풀리오 무선 종아리 마사지기,거래중,"45,000원",거여동,2026-08-31,0,3,523,39.9℃,당근당근,뷰티/미용,◽️문고리 거래 선호,"자크 하나 빠져서 싸게 판매합니다

◽️문고리 거래 선호
◽️당근페이 가능🥕
◽️찔러보기, 예민맘 X
◽️가격 네고 (택배비 포함) 당연한 게 아니에요
◽️중고거래 특성상 교환, 환불 불가 🙅‍♀️
◽️📍택배비 부담시 택배(반값택배)가능",45000
전자기기,풀리오 마사지 기기,"풀리오 넥풀러 목 어깨 마사지기 (구성품 풀박스, 2회 사용)",거래중,"129,000원",가락동,2026-08-21,0,6,68,37.4℃,양파깡,생활가전,거래 방식: 직거래 우대,"선물 받아서 딱 2번 사용해 보고 보관 중인 풀리오 넥풀러 당근합니다!
2024년 04월 제조된 제품이고, 작동 및 상태 전혀 문제없이 완전 깨끗합니다.

- 상태: S급 (단 2회 사용)

- 제조년월: 2024년 04월 

- 구성품: 본체, 충전 케이블, 설명서, 단품 박스까지 풀구성 풀박스 그대로 드립니다.

평소 목·어깨 뻐근하셨던 분이나 풀리오 넥풀러 궁금하셨던 분이 가져가시면 좋을 것 같아요!

거래 방식: 직거래 우대 

거래 희망 장소: 송파역 헬리오시티 

중고 거래 특성상 환불은 어려운 점 양해 부탁드리며, 구매 원하시면 편하게 채팅 주세요!

",129000
전자기기,풀리오 마사지 기기,풀리오 종아리 마사지기 퍼플 상태 최상,거래중,"80,000원",거여동,2026-08-20,1,11,368,51.4℃,미니멀라이프도전,생활가전,,"풀리오 종아리 마사지기 퍼플 색상이에요
사진에 보이는 구성품 그대로 보내드려요
편안한 휴식을 위한 필수템이에요

구입 후 10번도 안 썼어요
상태 완전 좋아요 보풀도 없음
v2입니다


상태는 사진으로 봐주세요

주차장 거래합니다. 
입금 먼저 해주시면 주소 알려드려요
교환환불 ❌찔러보기 ❌
네고문의❌ 예민하신 분 ❌

호수공원근처",80000
전자기기,풀리오 마사지 기기,풀리오 에어 괄사 마사지기 / 박스·설명서 포함,거래중,"55,000원",거여동,2026-08-11,0,3,111,42.8℃,이웃언니,뷰티/미용,,,55000
전자기기,풀리오 마사지 기기,풀리오 등허리 마사지기 풀박스,거래중,"70,000원",거여동,2026-08-24,1,25,,,,,,,70000
전자기기,풀리오 마사지 기기,풀리오 목어깨 마사지기 퍼플(상태최상),거래중,"40,000원",거여동,2026-08-02,1,6,273,43.6℃,jaekonging,생활가전,의왕은 문고리거래 합니다,"상태 최상상 사용거의안함
실밥 조금 뜯어져있어요 ㅠㅠ 하지만 매우 깨끗합니다 
방배동은 내방역 거래 가능 
의왕은 문고리거래 합니다 
바로구매가능",40000
전자기기,풀리오 마사지 기기,풀리오 목어깨 맛사지기,거래중,"49,000원",거여동,2026-08-30,0,2,81,38.8℃,클로이,생활가전,,"2024년 5월 생산제품입니다
한번 사용 후 보관만 해서 사용감 없습니다",49000
전자기기,풀리오 마사지 기기,풀리오 허리 마사지기,거래중,"52,000원",석촌동,2026-08-02,0,3,49,44.5℃,미니멀라이프하고파,생활가전,♡직거래장소: 석촌동 집근처에서 합니다 서로 시간조율해서 봬요! 와주셔야해요!,"풀리오 허리 마사지기입니다. 사진에서 보이는 구성품 그대로 드려요. 허리 건강을 챙기고 싶으신 분들께 추천드려요
세번사용했습니다

♡직거래장소: 석촌동 집근처에서 합니다 서로 시간조율해서 봬요! 와주셔야해요!
♡택배거래시 택배비 구매자부담 편의점 반값택배가능
♡중고제품이므로  사용감과 발견 못한 이염 있을 수 있습니다. 
♡사이즈  조언 어렵습니다 
♡화질에 따라 색상이 다르게 보일 수 있습니다.
♡ 교환,  환불, 과한에눌, 거래파기 안하니 신중구매 부탁드려요
♡판매후 숨김표시합니다 
♡AI작성시 다른내용이 가끔적혀있는데 수정하겠지만 궁금하신점 여쭤보세요
♡예민하시고 예의없는분 패쓰해 주세요
♡안심거래, 당근페이, 후불 안합니다",52000
전자기기,풀리오 마사지 기기,풀리오 마사지 베개,거래중,"82,000원",거여동,2026-08-13,0,11,183,52.4℃,팰로파,뷰티/미용,,"한달 전 구매했고 몇분씩 2회 사용 했어요
보관만 하다가 판매해요
마사지 시원합니다
박스 상단 찢어져 있습니다",82000
전자기기,풀리오 마사지 기기,풀리오 백풀러 V3 허리 마사지기,거래중,"55,000원",거여동,2026-08-02,0,6,101,48.3℃,저스트빈티지,디지털기기,,"풀리오 허리마사지기입니다.
구매후 테스트용으로 딱 한번 사용했습니다.
하자 없고 생활기스도 없는 새제품급입니다.
보증기간 남아있습니다.(~26년 10월)
박스 있습니다.

-마사지 기능
-EMS 및 온열기능
-C타입 충전",55000
전자기기,풀리오 마사지 기기,(미개봉 새상품) 풀리오 허벅지 마사지기,거래중,"190,000원",거여동,2026-08-16,1,10,228,51℃,인탐,뷰티/미용,,"풀리오 허벅지 마사지기 새상품이에요
구성품은 사진에 허벅지종아리마사지기 & 압박밴드  그대로 입니다

다리 라인을 매끈하게 관리하고 싶으신 분 또는 다리 혈액순환이 잘 되지 않아 저리고 아프신 분이라면
유용하실거에요

올해 1월에 지인께 선물하려고 구매했는데 차일피일 미루고 택배받은 상태로 그대로 보관하고 있다 지금 택배상자만 개봉하고 제품박스는 개봉하지 않고
그대로 사진만 찍어 올렸어요",190000
전자기기,풀리오 마사지 기기,풀리오 무선 종아리 마사지기 퍼플,거래중,"62,000원",거여동,2026-08-15,1,3,810,38.3℃,lddlkf,생활가전,,,62000
전자기기,풀리오 마사지 기기,풀리오 허벅지 종아리 마사지기,거래중,"171,000원",거여동,2026-05-04,0,8,459,37.2℃,뭉치어멈,뷰티/미용,,"풀리오 허벅지 종아리 허벅지 마사지기입니다.
올해 1월이 홈페이지에서 209,000원에 구매했고 10회 남짓 사용한 최상급 입니다. 
파손 없고 케이블, 박스도 있습니다.
",171000
전자기기,풀리오 마사지 기기,풀리오 무선 종아리 마사지기 V3(새상품),거래중,"119,000원",거여동,2026-08-26,4,24,321,43.6℃,히히히히히,생활가전,,"풀리오 무선 종아리 마사지기 V3 판매해요
구성품은 사진에 보이는 새상품 박스풀과 파우치 있습니다. 

선물받았는데 이미비슷한게있어판매합니다.",119000
전자기기,풀리오 마사지 기기,풀리오 허벅지 마사지기 퍼플,거래중,"150,000원",거여동,2026-08-30,0,3,64,36.9℃,당근좋아,뷰티/미용,,"풀리오 허벅지 마사지기 퍼플 색상이에요
구성품은 본체와 충전기입니다
사진에서 보이는 것처럼 깔끔하게 사용했어요
다리 라인을 매끈하게 관리하고 싶으신 분들께 추천드려요",150000
전자기기,풀리오 마사지 기기,풀리오 종아리 마사지기 v3 구입내역 구해요,거래중,"5,000원",잠실6동,2026-06-03,3,4,2720,75.3℃,김치좀,뷰티/미용,,,5000
전자기기,풀리오 마사지 기기,풀리오 무선 종아리 마사지기 퍼플 V2,거래중,"80,000원",거여동,2026-09-01,0,1,50,48.3℃,여섯손가락,뷰티/미용,,"풀리오 무선 종아리 마사지기 퍼플 V2 판매해요
구성품은 사진에 보이는 본체와 충전 케이블, 설명서입니다
종아리 부종 완화에 도움을 주는 마사지기로 편안한 휴식을 선사해요
하루의 피로를 풀어줄 마사지기를 찾으시는 분들께 추천드려요

",80000
전자기기,풀리오 마사지 기기,풀리오 더필로 마사지베개 B002 풀박스,거래중,"55,000원",거여동,2026-08-26,1,9,80,77.2℃,쿨한거래원해요,생활가전,사이즈가 커서 직거래만 가능합니다.,"풀리오 더필로 마사지베개 B002 풀박스
충전 케이블과 사용 설명서까지 모두 갖춰져 있어요
2025년 8월 생산된 제품입니다.
하루의 피로를 풀어줄 마사지기로 편안한 휴식을 경험해보세요.
커버에 긁힘 한군데 있습니다. 새커버를 구매해도 되고 사용엔 문제없기에 그냥 쓰셔도 됩니다.
잘사용안해서 팔아요.

쿠팡을 추천합니다!
 풀리오 더필로 마사지 베개
 https://link.coupang.com/a/gwv2EOJA5I
상세내용은 링크참조바람.

사이즈가 커서 직거래만 가능합니다.
바로구매는 파손면책동의하에 박스 그대로 보냅니다",55000
전자기기,풀리오 마사지 기기,풀리오 목어깨마사지기 V2,거래중,"50,000원",거여동,2026-08-06,0,5,,,,,,,50000
전자기기,풀리오 마사지 기기,풀리오 마사지세트 (출산선물) 미개봉새상품,거래중,"180,000원",거여동,2026-09-01,0,2,39,57.8℃,야호오,뷰티/미용,,,180000
전자기기,풀리오 마사지 기기,풀리오 등허리 쿠션 마사지기,거래완료,"75,000원",잠실4동,2026-07-04,1,0,34,37.8℃,토마토,생활가전,,"풀리오 등허리 쿠션 마사지기예요
모델명 CH002이며, 1,790g의 가벼운 무게로 휴대하기 좋아요
DC5V/2A 전압으로 어디서든 간편하게 사용 가능해요
뭉친 등과 허리를 시원하게 풀어주는 마사지기로 편안함을 느껴보세요",75000
전자기기,풀리오 마사지 기기,풀리오 종아리 마사지기 V3,거래중,"88,000원",거여동,2026-08-31,1,28,391,40.6℃,레잇비,생활가전,,"풀리오 종아리 마사지기 V3
사진에서 보이는 것만 있고 충전기는 c핀 사용하시면 돼요
하루의 피로를 시원하게 풀어줄 마사지기를 찾으시는 분들께 추천드려요
정가 159,000",88000
전자기기,풀리오 마사지 기기,풀리오 v3 목어깨 마사지기,거래중,"86,000원",문정동,2026-08-02,6,16,,40.7℃,렁럴,생활가전,송파푸르지오시티,,86000
전자기기,풀리오 마사지 기기,풀리오 V1 어깨 마사지기 단품,거래중,"19,000원",거여동,2026-08-31,1,3,58,99℃,착한거래자,디지털기기,,"풀리오 V1 어깨 마사지기 단품이에요
목과 어깨 뭉친 근육을 시원하게 풀어주는 마사지기랍니다
사진에 보이는 그대로 구성되어 있어요
일상의 피로를 풀어줄 아이템으로 추천드려요",19000
전자기기,풀리오 마사지 기기,풀리오 마사지건 & 벨트,거래중,"75,000원",거여동,2026-09-01,0,2,30,49.1℃,코코미,생활가전,,"풀리오 마사지건과 벨트 세트예요
사진에서 보이는 구성품 그대로 보내드려요
피로 풀기 좋은 마사지건과 벨트로 시원하게 관리해보세요
새상품 확인만 했어요",75000
전자기기,풀리오 마사지 기기,풀리오 종아리 마사지기 V2 블랙,거래중,"70,000원",석촌동,2026-08-26,1,0,32,40.2℃,몽뭉이,생활가전,석촌동 엄마손백화점 근방에서 직거래만 합니다!,"풀리오 종아리 마사지기 V2 블랙 색상이에요
선물로 받았는데 사용을 잘 안해서 판매해요
본체만 있는 상품이고 c타입으로 충전해서 사용해요

석촌동 엄마손백화점 근방에서 직거래만 합니다!",70000
전자기기,풀리오 마사지 기기,풀리오 프리미엄 마사지 온열 매트,거래중,"280,000원",오륜동,2026-06-03,0,4,56,25.1℃,Cool,생활가전,,"집에서 편안하게 마사지를 즐길 수 있는 풀리오 마사지 온열 매트예요.
사진에서 보이는 것처럼 구입후 몇번 사용하지 않은 새것이며 보관백과 박스까지 있습니다.
깔끔한 베이지 색상이며, 목부터 허리까지 편안하게 마사지 받을 수 있도록 디자인되어 있고,
사용하지 않을 때는 간편하게 보관할 수 있고 여행이나 기내에서도 사용 가능합니다. 
집에서 침대에서 간단히 뭉친 근육을 풀어주는데 좋아요.",280000
전자기기,풀리오 마사지 기기,풀리오 목어깨 마사지기 퍼플,거래완료,"40,000원",석촌동,2026-08-23,1,2,26,44.4℃,Zinchee,생활가전,,"풀리오 목어깨 마사지기입니다.
손이잘안가서 팝니다. 직접 가지러오셔야해요.
",40000
전자기기,풀리오 마사지 기기,풀리오 에어 괄사 마사지기,거래중,"46,000원",거여동,2026-08-26,0,7,80,39.9℃,흰둥이,뷰티/미용,,"풀리오 에어 괄사 마사지기 판매합니다 :)

머리에 착용해서 사용하는 공기압 두피 마사지기예요.
괄사효과도 있다고하며, 저는 편두통이 심해서 편두통에 효과 봤었어요! 요즘에 잘 사용하지 않아서 판매합니다~

* 제품명 : 풀리오 에어 괄사 마사지기 (25년1월제조)
* 현재 공식몰 판매가 : 109,000원
* 정상 작동
* 정품 박스
* 사용설명서
* 구성품 모두 있음

사진에서 보이는 것처럼 전체적으로 상태 좋은 편이고, 박스와 구성품도 보관하고 있습니다.

✔️ 아기가 있어서 문 앞 비대면 거래 원합니다! 
✔️ 중고거래 특성상 반품·환불 불가해요 🙏",46000
전자기기,풀리오 마사지 기기,풀리오 목 어깨 마사지기,거래중,"55,000원",송파동,2025-09-01,0,2,190,42.6℃,taemom,생활가전,,"풀리오 목 어깨 마사지기입니다
목, 어깨 뭉침에 좋아요!

- 온열 기능으로 따뜻하게 마사지 가능
- 무선이라 편리하게 사용 가능
- 다양한 마사지 모드 지원

정가는 87,480원입니다

박스는 버려서 안마기기만 있어요 ",55000
전자기기,풀리오 마사지 기기,풀리오 목어깨 마사지기 라벤더,거래중,"40,000원",거여동,2026-08-02,1,8,73,40.3℃,뚜루루루,디지털기기,,"목과 어깨 뭉친 근육을 시원하게 풀어주는 풀리오 마사지기예요.
부드러운 라벤더 색상으로 인테리어 효과까지
따뜻한 온열 기능으로 더욱 깊은 마사지를 느낄 수 있어요.
하루의 피로를 풀어줄 나만의 힐링템으로 추천드려요.
3-4회 사용했고 사용감 거의 없습니다.",40000
전자기기,풀리오 마사지 기기,풀리오 퍼플 목 어깨 마사지기,거래중,"20,000원",거여동,2026-08-24,1,10,310,38.9℃,마라탕마카롱,뷰티/미용,,"목과 어깨 뭉친 근육을 시원하게 풀어주는 풀리오 마사지기예요
온열 기능도 있어서 더욱 따뜻하게 마사지 받을 수 있어요
사용하지 않을 땐 보관도 간편하답니다
목, 어깨 통증으로 힘드셨던 분들께 추천드려요",20000
전자기기,풀리오 마사지 기기,풀리오 허벅지 마사지기 퍼플,거래중,"162,000원",거여동,2026-06-03,5,27,594,44.4℃,ejnskk,뷰티/미용,,"허벅지부터 종아리까지 마사지해주는 
풀리오 허벅지 마사지기에요

무릎에 온열기능도 있어서 다리전체를 마사지받으니 종아리마사지기보다 훨씬 만족도가 높습니다

제가 하지부종이랑 종아리가 자꾸 붓고 통증이 너무 심해서 자다가 깰정도로 종아리가 아팠는데요.

친구집에서 우연히 풀리오를 써보고 너무 좋아서 구매하게 되었습니다. 친구집은 종아리만 이었는데,
허벅지마사지기로 새로 나와서 더리전체에 무릎온열기능이 너무 좋아 이걸로 구매했고, 실사용은 몇번안됩니다.

보호필름도 그대로 붙어있어요. 충전기랑 전부드려요.
제가 마사지에 진심이라 다른 타사 마사지기도 전부 비교해서 꼼꼼하게 골랐는데 풀리오만한게 없었어요.

모드도 더 다양해지고 허벅지 종아리 따로도 받을수 있어요
5개의 에어셀과 6가지 맞춤 케어 모드로
필요한 부분만 받을 수 있어요.

왜 풀리오를 임산부선물로 많이들 선물하시는지 알정도로
저도 종아리 통증이 많이 호전됬습니다

특히 두다리 자유롭게 돌아다니면서 받을수 있고 누워서도 앉아서도 서서도 여행가서도 활용도가 높아요
종아리나 다리통증 자주 붓고 알 서는 사람에게 강추합니다.",162000
전자기기,풀리오 마사지 기기,풀리오 백풀러 허리 마사지기(등허리 교환가능),거래중,"60,000원",거여동,2026-08-25,0,2,128,60.7℃,비비빅,생활가전,,,60000
전자기기,풀리오 마사지 기기,풀리오 목어깨 마사지기,거래중,"39,000원",삼전동,2025-09-01,8,8,382,42.7℃,영영,생활가전,,"풀리오 목어깨 마사지기입니다
시원하게 마사지 받으세요~
박스도 같이 드려요

상태좋아요",39000
전자기기,풀리오 마사지 기기,풀리오 무선 손마사지기,거래완료,"48,000원",문정동,2025-10-06,1,3,60,39.9℃,르미,생활가전,직거래: 장지역 4번 출구,"풀리오 무선 손마사지기입니다.

작년 이맘 때쯤 손가락이 아파서 마사지할 요량으로 구매후 몇번 사용하다 손이 괜찮아져서 서랍안에 고스란히 넣어 두었네요^^;

그러다보니 상태는 최상입니다~!(작동 잘됨)기기 위 스크래치 보호용 스티커도 그대로 부착 되어 있습니다.

다만 박스는 없고, 나머지 구성품들은 다 있습니다!

직거래: 장지역 4번 출구
택배거래: CU편의점(택배비+5,000원)",48000
전자기기,풀리오 마사지 기기,풀리오 종아리 마사지기 L/R 퍼플,거래완료,"40,000원",송파동,2026-07-04,1,0,36,51.7℃,니니니,뷰티/미용,,"종아리 마사지기 L/R 사이즈 퍼플 색상이에요
리모컨 포함 구성입니다
사진에서 보이는 그대로의 제품이에요
다리 붓기 완화에 도움을 줄 수 있는 마사지기랍니다",40000
전자기기,풀리오 마사지 기기,풀리오 마사지매트(1번 사용),거래완료,"230,000원",송파동,2026-07-04,1,1,58,40.2℃,영또,뷰티/미용,,"풀리오 마사지매트 1번 사용했어요
저에게는 압이 너무 쎄네요 ㅠ
매트덮어 사용해보고 반품이안돼서 바로 포장해두었어요. 쿠팡에서 일주일전에 구매했습니다.
살도 닿지않은 깨끗한 세제품과 같습니다.
박스와 구성품 모두 그대로 있어요
포장만 뜯은 새제품. 새제품보다 저렴하게 장만하세요",230000
전자기기,풀리오 마사지 기기,풀리오 마사지 부츠 미드나잇 퍼플 판매,거래중,"125,000원",송파1동,2026-08-19,3,3,157,43℃,요미,뷰티/미용,,"풀리오 마사지 부츠 미드나잇 퍼플 색상이에요
상자랑.충전기는별도로 없ㅇ ㅓ서 싸게팝니다!
구매는.작년에 선물받았습니당!
10회.미만 사용
충전 가득 완료 상태",125000
전자기기,풀리오 마사지 기기,풀리오 종아리 마사지기 퍼플,거래완료,"35,000원",삼전동,2026-08-03,4,1,85,49℃,버섯돌이,생활가전,,"선물받고 몇번 사용안했어요
충전가 없어요ㅜㅜ

- 무게있어 일반택배(4,000원 추가)",35000
전자기기,풀리오 마사지 기기,[미개봉] 풀리오 미니맥스 마사지건 (새상품),거래완료,"33,000원",송파동,2026-08-04,1,2,26,39℃,칸지,생활가전,,"포장도 뜯지 않은 풀리오 미니맥스 마사지건 미개봉 새상품 판매합니다!

 상품명: 풀리오 미니맥스 마사지건
 상태: 미개봉 새상품 (seal 스티커/포장 그대로)

[제품 특징]
 믿고 쓰는 풀리오 브랜드 제품이라 성능 깔끔하고 시원합니다.
 '미니맥스' 이름처럼 작고 가벼워서 휴대하기 좋고, 사용 시 손목 부담이 없습니다.
 미개봉 새상품이라 선물용으로도 좋습니다.
 자세한 상품 스펙은 아래 공식 링크 참고 부탁드립니다!
👉 https://m.puliodays.com/product/%ED%92%80%EB%A6%AC%EC%98%A4-%EB%AF%B8%EB%8B%88%EB%A7%A5%EC%8A%A4-%EB%A7%88%EC%82%AC%EC%A7%80%EA%B1%B4/682/

💡 미개봉 새상품 특성상 거래 후 교환 및 환불은 어려우니 양해 부탁드립니다.
구매 원하시는 분은 당근채팅으로 편하게 연락 주세요!",33000
전자기기,풀리오 마사지 기기,풀리오 등허리 마사지기 미개봉(온열가능),거래중,"72,000원",방이1동,2026-08-26,0,1,20,67.1℃,송송이,생활가전,📍한양3차 문고리거래만 합니다,"풀리오 등허리 마사지기 선물받았는데 팝니다. 친정엄마 드리려했는데 안쓰신다네요. 저희도 안쓸것같아 개봉도 안한거 팔아요


📍한양3차 문고리거래만 합니다",72000
전자기기,풀리오 마사지 기기,풀리오 무선 종아리 마사지기 퍼플,거래완료,"55,000원",송파동,2026-07-04,0,1,68,38.1℃,동그라미,생활가전,,"풀리오 무선 종아리 마사지기 퍼플 색상이에요
구성품은 사진에 보이는 본체와 충전기, 설명서 모두 포함되어 있어요
종아리 전체를 부드럽게 감싸주어 시원하게 마사지 받을 수 있어요

3회 착용해서 정말 새 것입니다....",55000
전자기기,풀리오 마사지 기기,풀리오 종아리 마사지기 퍼플,거래완료,"38,000원",송파2동,2026-07-04,3,1,74,50℃,아지아지,생활가전,,"풀리오 종아리 마사지기 퍼플 색상이에요
새로운 버전보다 구버전이 더 좋다는 후기가 있는데 제왕하고 짧은기간 요긴하게 잘 썼습니다 
전용 충전기 함께 드립니다 
사진에서 보이는 것처럼 깔끔하게 사용했어요
다리 붓기나 피로를 자주 느끼시는 분들께 추천드려요",38000
전자기기,풀리오 마사지 기기,풀리오 백풀러 허리 마사지기 (s급),거래완료,"50,000원",방이1동,2026-07-04,1,7,103,39.7℃,호로록,디지털기기,,"풀리오 백풀러 허리 마사지기입니다. 리모컨과 설명서 포함되어 있어요. 허리 건강을 챙기고 싶으신 분들께 추천드려요

실사용 3회도 안돼요~ 1-2번 사용했습니다. 
일하고 집에 있는 시간이 짧아서 사용 안하게 되더라구요

한번 사용했을때 확실히 허리가 편해지고 근육이 풀리는 느낌이었어요. 집에서 꾸준히 사용하시면 좋을 것 같습니다.",50000
전자기기,풀리오 마사지 기기,"풀리오 마사지기( 허벅지,종아리) 마지막 네고입니다🙇🏻‍♀️",예약중,"115,000원",방이1동,2026-08-24,2,10,146,40.1℃,미미,뷰티/미용,,"허벅지와 종아리 전체 마사지기 판매합니다.
저는 아시는분 괄사 마사지샵을 다니게 되어 집에 있는건 그만 써두 괜찮을거 같아 판매하게 되었습니다!!

사용은 10번정도 했고 올해 구매하였습니다🙇🏻‍♀️

이런분들이 사용하시면 좋아요
1. 치마나 반바지등 살이 보이는 옷을 입기 전 붓기 빼고 싶을때 —> 전 하비라서 항상 화장하면서
하고 있었습니다.. 허벅지 안쪽과 종아리가 같이 붓기 빠져서 좋아요..
2. 자주 걸어서 다리가 무거운 분들

거래 전날에 충전 만땅으로 해서 드리구용
찍찍이로 먼지 최종으로 떼서 드립니다~
C타입 충전기 두개랑 무슨 차이인지는 모르겠지만
검정색 전용 충전기가 하나 더 있길래 같이 드려용

(저는 친구집에 종아리만 가능한게 있어서 따라산거였는데 개인적인 생각이긴 하지만 ㅎㅎ.. 저는 허벅지 살이 좀 있어서 허벅지랑 같이 해야 티가 더 잘 나고
다리가 더 가볍더라구요)",115000
전자기기,풀리오 마사지 기기,( 전시상품) 풀리오 폴더백 마사지 매트,거래완료,"169,000원",석촌동,2026-08-03,0,4,122,53℃,행복한손여사,생활가전,,"풀리오 폴더백 마사지 매트입니다
사진에서 보시는 것처럼 구성품 모두 포함되어 있어요
편안한 휴식을 위한 마사지 매트를 찾으시는 분들께 추천드려요


사진참고.사진에 모델명과 컨디션 다 있어요~
좋은 제품.득템하세요.

택배만 가능. 택배비 3500원",169000
전자기기,풀리오 마사지 기기,풀리오 V3 종아리 마사지기 퍼플,거래완료,"70,000원",석촌동,2026-07-04,3,0,61,37.6℃,지지,생활가전,,"작년 말에 사서 10번 이하로 썼어요. 마사지기 잘 안 쓰게되어서 팔아요.


풀리오 V3 종아리 마사지기 퍼플 색상이에요
종아리 전체를 부드럽게 감싸주어 시원하게 마사지해줘요
리모컨으로 강도와 모드 조절이 가능해서 편리해요
하루의 피로를 풀어줄 마사지기를 찾으시는 분들께 추천드려요",70000
전자기기,풀리오 마사지 기기,풀리오 손마사지기,거래완료,"35,000원",석촌동,2026-08-03,0,1,31,51.4℃,베네,뷰티/미용,,"작년에 선물받아서
거의사용안하고 방치라서 판매합니다.
실사용 5회미만
다른 안마기 옆에 뒀더니
그 안마기가 쓰러지면서 마사지기에 상처를 입혀서 오른쪽측에 찍힘이 있습니다.
빨간색으로 살짝오염도 있어요.
감안해서 가격 내려서 내놔요
보증기간 남아있습니다.
박스에도 25년8월생산상품으로 적혀있고
개런티카드동봉합니다.


풀리오 손마사지기 라벤더 색상이에요
공기압 강도와 마사지 모드를 조절할 수 있고 타이머 기능도 있어요
박스와 설명서, 추가 부속품까지 모두 갖춰져 있답니다
손의 피로를 풀고 싶으신 분들께 추천드려요",35000
전자기기,풀리오 마사지 기기,풀리오 종아리 마사기 마사지기계 풀리오,거래완료,"25,000원",송파1동,2026-07-04,5,1,149,42℃,욞니,생활가전,,"요즘 귀찮아서 잘 사용하지 않아 판매합니다!

사용감 좀 있는 편이라 싸게 드립니다!",25000
전자기기,풀리오 마사지 기기,풀리오 등허리 쿠션 마사지기,거래완료,"40,000원",가락1동,2026-07-04,1,5,80,43℃,br,생활가전,헬리오시티 문고리거래 희망해요.,"풀리오 등허리 쿠션 마사지기예요

5번정도밖에  사용안해서 새상품 급입니다. 
헬리오시티 문고리거래 희망해요.",40000
전자기기,풀리오 마사지 기기,풀리오 에어 괄사 마사지기 (박스 유/사용 적음/상태 최상),거래완료,11원,송파동,2026-07-04,1,4,115,43.7℃,송파동대리,뷰티/미용,,"제품 상태: 몇 번 사용하지 않아서 아주 깨끗하고 작동 상태 완벽합니다! (알코올 스왑으로 깨끗하게 소독 완료해 두었습니다.)

구성품: 본체, 리모컨, 정품 박스

중고 거래 특성상 환불은 불가한 점 양해 부탁드립니다.",11
전자기기,풀리오 마사지 기기,풀리오 무선 종아리 마사지기 보라색,거래완료,"60,000원",오금동,2026-08-06,2,3,111,44.7℃,혜천,뷰티/미용,,"풀리오 무선 종아리 마사지기 보라색상이에요
본체와 리모컨, 충전기, 파우치까지 모두 포함되어 있어요
사진에서 보시는 것처럼 구성품 모두 깨끗하게 보관되어 있답니다
하루의 피로를 시원하게 풀어줄 마사지기를 찾으시는 분들께 추천드려요
거의 새상품에 기깝습니다.
제조일은 2023년 11월입니다.",60000
전자기기,풀리오 마사지 기기,(새싱품) 26년 6월 생산 풀리오 종아리 마사지기 V3+고급 보관 파우치,거래완료,"110,000원",송파1동,2026-08-03,0,2,49,62.6℃,kllk,뷰티/미용,,"새상품 사진찍는다고 개봉만 했습니다.
2026년 06월 생산된 새 제품으로 구성품 모두 갖춰져 있어요
풀리오 종아리 마사지기 V3와 고급 보관 파우치를 함께 드려요
다리 부종이나 피로 해소에 도움을 줄 수 있는 마사지기를 찾으시는 분들께 추천드려요",110000
전자기기,풀리오 마사지 기기,풀리오 허리 마사지기 백플러,거래중,"90,000원",가락1동,2026-08-21,0,0,12,38.1℃,훗훗,생활가전,,"풀리오 허리 마사지기 백플러 판매해요
새 제품 가격은 109,000원이에요
허리 통증 완화에 도움을 줄 수 있는 마사지기랍니다
선물받고 한번 사용해보고 사용하지 않은 거의 새상품입니다.",90000
전자기기,풀리오 마사지 기기,풀리오 넥풀러 목어깨 마사지기,거래중,"252,000원",방이동,2025-09-02,2,5,371,42.4℃,영이,디지털기기,,"자주 손이 안가서 판매합니당
박스는 없으나 모든 구성품 다 있습니다 (설명서, 파우치, 품질포증서 등등등)",252000
전자기기,풀리오 마사지 기기,풀리오 에어 괄사 마사지기,거래완료,"45,000원",가락1동,2026-07-04,1,2,147,46.2℃,쑥떡,뷰티/미용,,"풀리오 에어 괄사 마사지기입니다
구성품은 본체, 충전 케이블, 보관 파우치, 사용 설명서입니다
사진에서 보이는 것처럼 구성품 모두 포함되어 있어요
뭉친 근육을 시원하게 풀어주는 마사지기를 찾으시는 분들께 추천드려요",45000
전자기기,풀리오 마사지 기기,(최종가격) 풀리오 무선 허벅지 종아리 마사지기 블랙,거래완료,"120,000원",가락동,2026-08-07,2,13,538,54.8℃,미멀리,뷰티/미용,,"풀리오 무선 허벅지 마사지기 블랙 색상이에요
사진에서 보이는 그대로 드려요
사용하는데 문제 없습니다:)

2025.02 제조, 주 2-3회 사용했었습니다

📦 타지역 편의점택배 거래도 가능합니다!",120000
전자기기,풀리오 마사지 기기,풀리오 손 마사지기 라벤더,거래완료,"40,000원",방이동,2026-07-04,5,4,82,40.8℃,이쥬,생활가전,,"풀리오 손 마사지기 라벤더 색상입니다.

손목 많이 써서 구매했다가 잘 사용을 안해서 실사용 몇회 안되어 아주 깨끗합니다!

따뜻한 온열 기능으로 손목과 손가락 구석구석 시원하게 마사지하고 싶으신 분들께 추천드려요~~

쿨거래시 네고가능",40000
전자기기,풀리오 마사지 기기,풀리오 퍼플 다리 마사지기,거래완료,"40,000원",방이동,2026-07-04,2,0,65,44.4℃,우와아,뷰티/미용,,"풀리오 다리 마사지기 퍼플 색상
구성품은 사진에 보이는 마사지기 본체와 박스까지 모두 있습니다.",40000
전자기기,풀리오 마사지 기기,풀리오 V2 종아리 마사지기 퍼플,거래완료,"40,000원",방이2동,2026-08-03,1,1,62,58.4℃,방이동뽕사부,생활가전,,"풀리오 V2 종아리 마사지기 퍼플 색상이에요
구성품은 사진에 보이는 본체와 충전 케이블 모두 포함되어 있어요
깔끔한 디자인으로 어디에 두어도 잘 어울려요
하루의 피로를 풀어줄 마사지기를 찾으시는 분들께 추천드려요

케이블은 두개동시에충전할수있어요",40000
전자기기,풀리오 마사지 기기,풀리오 종아리 마사지기 V3 퍼플,거래완료,"45,000원",가락1동,2026-08-18,3,4,80,38.5℃,밍맹구,생활가전,송파 책 박물관 직거래 가능합니다.,"풀리오 종아리 마사기입니다. 
진짜 시원한데 게을러서 잘 안 쓰네요. 
송파 책 박물관 직거래 가능합니다.",45000
전자기기,풀리오 마사지 기기,풀리오 목어깨 마사지기 V2 (2025년 구매),거래완료,"50,000원",방이동,2026-07-04,1,1,70,46℃,빙이,뷰티/미용,"직거래 환영, 궁금한 점은 편하게 문의 주세요. 😊","* 2025년 구매
* 실사용 약 10회 정도
* 구성품 및 박스 모두 보관
* 작동 이상 없이 정상 작동합니다.

다만 사진처럼 목 받침 부분에 약간의 보풀이 있습니다.
사용에는 전혀 문제 없으며, **다이소 보풀제거기(약 2~3천 원)**로 정리하면 훨씬 깔끔해질 것 같습니다.

보풀 감안해서 기존 생각한 금액에서 1만 원 추가 할인해서 판매합니다.

직거래 환영, 궁금한 점은 편하게 문의 주세요. 😊",50000
전자기기,풀리오 마사지 기기,풀리오 퍼플 마사지건 풀세트,거래완료,"40,000원",방이1동,2026-06-04,2,3,80,44.2℃,디디,디지털기기,한성백제역 3번출구,,40000
전자기기,풀리오 마사지 기기,풀리오 허리마사지기 미개봉 팔아요,거래완료,"68,000원",방이동,2026-08-03,1,8,86,40.2℃,지로로로,뷰티/미용,잠실 직거래만 가능합니다,"박스 그대로 전용 캐리어와 함께 있습니다!
잠실 직거래만 가능합니다",68000
전자기기,풀리오 마사지 기기,풀리오 종아리 마사지기 PLO-CB227 풀박,거래완료,"35,000원",오금동,2026-07-04,1,2,115,40.4℃,맥시멀리스트,뷰티/미용,,"풀리오 종아리 마사지기 PLO-CB227 퍼플색상입니다.
사용감은 있지만 큰 흠집은 없어요~
품질보증서와 박스 구성품 모두 그대로 있습니다.
잘 패킹해서 보내드릴게요~",35000
전자기기,풀리오 마사지 기기,풀리오 종아리 마사지기 V2 보라색,거래완료,"60,000원",석촌동,2026-07-04,3,1,64,49.7℃,몽실이,뷰티/미용,,"풀리오 종아리 마사지기 V2 보라색상이에요
구성품은 본체와 충전기, 설명서, 보증서 모두 있어요
선물 받은거 열어보고
쓰지않은 새것입니다
종아리 피로를 풀고 싶으신 분들께 추천드려요",60000
전자기기,풀리오 마사지 기기,풀리오 종아리 마사지기 V3 판매합니다.,거래완료,"110,000원",가락본동,2026-08-13,1,1,101,51℃,당근입니다,생활가전,,"풀리오 종아리 마사지기 V3에요 구성품은 본체와 충전 케이블, 사용 설명서가 있어요
사진으로 확인 가능한 구성품 모두 포함되어 있어요
피로를 풀고 싶은 분들에게 추천드려요",110000
전자기기,풀리오 마사지 기기,풀리오 목 어깨 마사지기 V3,거래중,"110,000원",석촌동,2026-08-11,0,0,33,46℃,가을언니,디지털기기,직거래원해요,"풀리오 목 어깨 마사지기 V3 판매해요
사진에 보이는 구성품 그대로 드려요
박스도 있어서 선물용으로도 좋아요
목과 어깨 뭉친 근육을 시원하게 풀어주는 마사지기랍니다

1번테스트사용햇어요
직거래원해요",110000
전자기기,풀리오 마사지 기기,풀리오 종아리 마사지기 V3 퍼플,거래완료,"100,000원",오금동,2026-08-03,1,1,48,44.3℃,장미꽂사랑,생활가전,,"풀리오 종아리 마사지기 V3 퍼플 색상이에요
사진에서 보이는 것처럼 구성품 모두 있어요
새 제품 가격은 쿠팡에서는148,000
원인데 저렴하게 내놓아요
하루의 피로를 풀어줄 마사지기로 편안한 휴식을 즐겨보세요",100000
전자기기,풀리오 마사지 기기,(새상품) 풀리오 미니맥스 마사지건 퍼플,거래완료,"25,000원",가락1동,2026-08-03,1,1,45,43.6℃,TUTU,생활가전,직거래는 경찰병원역에서 뵐 수 있습니다,"가볍고 휴대하기 좋은 풀리오 미니맥스 마사지건이에요
비닐 포장된 그대로의 미개봉 새상품입니다
가정에서 뭉친 근육 자주 풀어주시는 분들 추천드려요

직거래는 경찰병원역에서 뵐 수 있습니다 

https://naver.me/xgXwcb8J",25000
전자기기,풀리오 마사지 기기,풀리오 V3 목 어깨 마사지기 블루,거래완료,"50,000원",가락동,2026-07-04,2,1,37,45.6℃,Paul,생활가전,,"목과 어깨의 뭉친 근육을 시원하게 풀어주는 풀리오 V3 목 어깨 마사지기예요
블루 색상으로 깔끔하고 세련된 디자인이 돋보여요
사진에서 보이는 것처럼 구성품 모두 잘 갖춰져 있어요
목과 어깨 통증으로 힘들어하시는 분들께 정말 좋은 선택이 될 거예요",50000
전자기기,풀리오 마사지 기기,풀리오 손마사지기 라벤더,거래완료,"35,000원",가락본동,2026-08-28,2,0,61,53.3℃,쭈피치,뷰티/미용,또는 헬리오시티207동 비대면문고리 진행합니다,"풀리오 손마사지기 라벤더 색상이에요
다양한 마사지 모드와 강도 조절이 가능해서 시원하게 사용하실 수 있어요
충전식이라 휴대하기도 편리하답니다
손의 피로를 풀고 싶으신 분들께 추천드려요

(충전선은 없습니다. 사진에있는게 전부에요)

잘 사용하지않아 내놓아요


편의점택배(CU편의점 & GS25 ) +4,000원
또는 헬리오시티207동 비대면문고리 진행합니다",35000
전자기기,풀리오 마사지 기기,풀리오 핸드 마사지기 V1 미개봉 새상품 2개,거래완료,"72,000원",잠실4동,2026-07-04,4,6,235,60.4℃,솜사탕두리,뷰티/미용,,"풀리오 핸드 마사지기 V1 미개봉 새상품이에요
박스째 그대로 보관 중이며 구성품 모두 포함되어 있어요
깔끔한 디자인으로 선물용으로도 좋아요
손의 피로를 풀어줄 시원한 마사지를 경험해보세요

총 2개있고 개당가격입니다
두개일괄시 오천원빼드립니다. 


🥕선입금해주시면 상세주소 알려드려요. 
🥕육아중이라 답이 늦을 수 있어요.
🥕예민하신 분은 패쓰해주세요.

🙅‍♀️🙅‍♂️가격네고/에누리/찔러보기 사절🙅‍♀️🙅‍♂️

❗️중고상품으로 기재된 것 외에도 하자가 있을 수 있으나 이로인한 교환 및 환불은 어렵습니다
❗️사전에 상세사진 요청하시면 찍어 드릴게요😊
❗️신중히 고민하신후 구매 결정하신 분만 채팅남겨주세요.

🚫계좌이체 안받습니다.
❗️당근페이 부탁드립니다.❗️

※ 반값택배 일반택배 가능합니다.",72000
전자기기,풀리오 마사지 기기,풀리오 다리 종아리 마사지기,거래완료,"30,000원",방이2동,2026-07-04,4,4,125,38.6℃,구구,생활가전,"직거래, 반값택배, 택배 다 가능입니다.","풀리오 다리 마사지기입니다. 
고장 없고, 사진 보이는 그대로 입니다. 

직거래, 반값택배, 택배 다 가능입니다.",30000
전자기기,풀리오 마사지 기기,풀리오 허리 마사지기,예약중,"39,000원",잠실4동,2026-08-24,0,3,110,38.6℃,낭만이공존,생활가전,,"풀리오 허리 마사지기입니다
올초 허리아파서 구매했구요
요즘엔 인아파서 안쓰게 되네요

사진에 보이는 구성품 그대로 드려요
마사지, EMS, 온열 기능이 탑재되어 있어요
뭉친 허리 근육을 풀어주고 싶으신 분들께 추천드려요",39000
전자기기,풀리오 마사지 기기,풀리오 퍼플 마사지건 풀구성,거래완료,"10,000원",오금동,2026-07-04,5,6,115,38.1℃,오케이,생활가전,,"풀리오 퍼플 마사지건 풀구성입니다
다양한 헤드와 충전기, 설명서까지 모두 포함되어 있어요
사진에서 보시는 것처럼 깔끔하게 보관되어 있습니다
운동 후 근육 이완이 필요하신 분들께 추천드려요",10000
전자기기,풀리오 마사지 기기,풀리오 종아리 마사지기 퍼플,거래완료,"15,000원",방이2동,2026-08-03,1,5,238,42℃,마냐너,생활가전,,"풀리오 종아리 마사지기 퍼플 색상이에요
사진에 보이는 구성품 그대로 보내드려요
편안한 휴식을 위한 필수템
하루의 피로를 풀어줄 마사지기로 추천드려요
한쪽 지퍼 손잡이가 없어졌습니다.
충전기 없지만 c type으로 충전 가능합니다",15000
전자기기,풀리오 마사지 기기,(새상품) 풀리오 에어 괄사 마사지기 네이비,거래완료,"36,000원",신천동,2026-07-04,2,13,125,42.8℃,도동동,뷰티/미용,,"헤어밴드 형태로 착용해 공기압과 6개 괄사볼로 관자놀이부터 뒤통수(후두하근)까지 손 없이 마사지하는 제품 입니다. 

3가지 케어 모드, 3단계 강도, 3단계 온열(38℃/41℃/44℃) 조합으로 총 9가지 설정이 가능하며, 10분 자동 타이머와 C타입 충전, 2200mAh 배터리 입니다

실사용 없는 새상품이모 상태 s급입니다
(아무래도 두피쪽 마사지 제품이라 위생적으로 새상품이 좋으실거에요)",36000
전자기기,풀리오 마사지 기기,(새상품) 풀리오 목마사지기,거래완료,"30,000원",신천동,2026-07-04,1,3,40,42.8℃,도동동,생활가전,,"목과 어깨를 시원하게 풀어주는 풀리오 목마사지기예요
주무름 기능으로 뭉친 근육을 풀어주고 온열 기능으로 따뜻하게 마사지할 수 있어요
실사용 한번도 없고 선물 받았는데 저런류의 마사지기를 좋아하지 않아서 판매합니다",30000
전자기기,풀리오 마사지 기기,풀리오 무선 허벅지 종아리 마사지기 블랙,거래완료,"100,000원",가락본동,2026-08-03,1,2,44,63.2℃,노란프리지아,뷰티/미용,,"풀리오 무선 허벅지 종아리 마사지기 블랙 색상이에요
허벅지와 종아리를 시원하게 마사지해줍니다!

하루의 피로를 풀어줄 마사지기를 찾으시는 분들께 추천드려요

작동 잘 됩니다 :)
충전케이블 모두 있습니다!
얼마 안써서 벨크로부분도 깨끗합니다~

두개 같이 충전 편하게 하려고 따로 산 충전기까지 같이 드립니다!",100000
전자기기,풀리오 마사지 기기,풀리오 무선 종아리 마사지기 퍼플,거래완료,"20,000원",신천동,2026-08-20,1,1,157,74.3℃,안녕하세요,생활가전,암사동 489-81  직거래,"풀리오 무선 종아리 마사지기 퍼플 색상이에요
종아리 전체를 감싸주어 시원하게 마사지할 수 있어요
무선으로 어디서든 편리하게 사용 가능해요
하루의 피로를 풀어줄 마사지기로 편안한 휴식을 경험해보세요

풀리오 종아리 마사지기 V3 퍼플 색상이에요
사진에서 보이는 것처럼 구성품 모두 잘 갖춰져 있어요
편안한 휴식을 위한 완벽한 선택이 될 거예요
하루의 피로를 시원하게 풀어줄 마사지기를 찾으신다면 추천드려요
본체  단품만 있어요  사용감 존재 
작동 이상없음
C타입 충전  

암사동 489-81  직거래  
본인부담 택배가능해요
 일반4000원 반값2500원요 ",20000
전자기기,풀리오 마사지 기기,풀리오 마사지건 풀박스,거래완료,"40,000원",신천동,2026-08-06,2,4,75,37.8℃,효신,디지털기기,,"풀리오 마사지건 풀박스 구성이에요.
작년에 출국할 일 있어 면세에서 85달러 주고 산 건데 구매한 뒤로 두어번 써본 게 다입니다.

풀박스 구성이라 충전기부터 모든 헤드 다 있고 넣는 가방이랑 거치대도 다 있습니다.",40000
전자기기,풀리오 마사지 기기,[미개봉] 풀리오 종아리 마사지기 V3,거래완료,"110,000원",잠실4동,2026-07-04,1,1,54,41.8℃,마샬,생활가전,,"풀리오 종아리 마사지기 V3 새상품이에요

사진에서 보이는 구성품 그대로 보내드려요

원래 집에 있는데 선물로 들어와서 올립니다

종아리 피로 시원하게 잘 풀어줘요",110000
전자기기,풀리오 마사지 기기,(새제품) 풀리오 목 어깨 마사지기 V3,거래완료,"89,000원",잠실본동,2026-08-31,1,0,41,45.6℃,도로시,생활가전,,"풀리오 목 어깨 마사지기 V3 판매해요
택포 10에 판매할게요!",89000
전자기기,풀리오 마사지 기기,풀리오 등허리 마사지기 CH002 혼합색상,거래완료,"50,000원",석촌동,2026-08-03,2,2,164,51℃,요미야,생활가전,,"풀리오 등허리 마사지기 CH002 모델이에요
따뜻한 온열 기능과 함께 시원한 마사지를 경험해보세요
뭉친 등과 허리를 풀어주어 편안함을 선사하는 마사지기랍니다",50000
전자기기,풀리오 마사지 기기,풀리오 목 마사지기(2회 사용 거의 새거),예약중,"75,000원",문정동,2025-09-02,3,9,318,37.2℃,클로,생활가전,직거래는 명인밥상이나 경찰병원역에서 기능히고 빈깂택배 가능합니다,"풀리오 목마사지기 싰는데 곧이어 안마의자를 사서 2회 사용해본 새제품입니다. 패키지까지 그대로 있구요
직거래는 명인밥상이나 경찰병원역에서 기능히고 빈깂택배 가능합니다

네고no",75000
전자기기,풀리오 마사지 기기,풀리오 허벅지 마사지기 풀박스,거래완료,"145,000원",석촌동,2026-07-04,1,3,271,40.8℃,아침햇살,뷰티/미용,,"5번 정도 사용했어요.
사진처럼 박스채 그대로 있어요.
맛사지 효과는 좋아요.~
마사지 의자를 구입해서 당근합니다.

아래는 ai 설명입니다.

풀리오 허벅지 마사지기 풀박스 구성이에요
2024년 11월 생산된 제품으로 구성품 모두 포함되어 있어요
사진에서 보시는 것처럼 깔끔하게 보관되어 있답니다
허벅지 라인을 관리하고 싶으신 분들께 추천드려요

반품 불가",145000
전자기기,풀리오 마사지 기기,풀리오 무선 종아리 마사지기 퍼플 v2,거래완료,"30,000원",방이2동,2026-08-25,2,3,101,37.2℃,삐약,생활가전,,"풀리오 무선 종아리 마사지기 퍼플 색상이에요
모델명 : PLO-CB227
케이블도 있고 설명서도 있습니다!
10번 미만으로 사용했습니다!",30000
전자기기,풀리오 마사지 기기,풀리오 V2 목 어깨 마사지기 퍼플,거래완료,"23,000원",잠실4동,2026-08-31,1,1,31,43.7℃,뇽뇽쓰,뷰티/미용,,"풀리오 V2 목 어깨 마사지기 퍼플

사용상태는 사진과 같습니다.
많이 사용하지는 못했네요~

개인간 거래 특성상 교환/환불은 불가합니다.",23000
전자기기,풀리오 마사지 기기,풀리오 손마사지기 라벤더,거래완료,"55,000원",잠실동,2026-08-06,0,0,44,51.8℃,ly486,뷰티/미용,,"풀리오 손마사지기 라벤더 색상이에요
사진에서 보이는 것처럼 구성품은 본체와 충전기입니다
새 제품 가격은 169,000원이에요
손의 피로를 풀어주고 싶은 분들에게 추천드려요

거의 사용안해서 박스없는 새거라고 생각하시변되요^^",55000
전자기기,풀리오 마사지 기기,풀리오 V3 목 어깨 마사지기,거래완료,"68,000원",잠실4동,2026-08-07,2,0,42,44.4℃,당근조아,생활가전,문고리거래 원합니다. 감사합니다.,"목과 어깨 뭉친 근육을 시원하게 풀어주는 
풀리오 V3 마사지기예요

올해 2월 쿠팡서 샀어요.
5번 썼으려나..집에 마사지 기구.도구가 많아서 후순위로 밀리네요. 마사지기 힘 좋습니다.

깨끗합니다.본체만 있어요.
몽촌토성 인근 아파트
문고리거래 원합니다. 감사합니다.",68000
전자기기,풀리오 마사지 기기,풀리오 목어깨 라이트 마사지기,거래완료,"30,000원",석촌동,2026-08-03,2,2,53,43.7℃,센스,생활가전,,"목과 어깨를 편안하게 풀어주는 풀리오 라이트 마사지기예요 본체팝니당
가볍고 컴팩트해서 어디든 휴대하기 좋아요
구매당시에는 10만원 정도였구요 산지는 좀 됐는데 실사용횟수는 10회정도예요
뭉친 목과 어깨를 시원하게 풀어주고 싶으신 분들께 추천드려요
직접오셔서 구매하셔야합니다!",30000
전자기기,풀리오 마사지 기기,풀리오 어깨마사지 미사용입니다.,거래완료,"40,000원",오금동,2026-08-21,1,2,39,49.8℃,네티아빠,생활가전,,"미사용입니다.
박스는 없어요!


오금동 예사랑교회앞에서 거래합니다.
동남로23길50번입니다.
확인 못한 미세오염 있을 수 있으니 참고바랍니다.
중고재품이니 참고바랍니다.
🥕반품,환불 불가합니다🥕",40000
전자기기,풀리오 마사지 기기,풀리오 목어깨 마사지기 라벤더,거래완료,"19,000원",가락본동,2026-08-03,1,0,26,38.6℃,이주해,생활가전,,"목과 어깨의 뭉친 근육을 시원하게 풀어주는 풀리오 목어깨 마사지기예요

주무름과 온열 기능으로 뭉친 근육을 효과적으로 풀어주어 편안함을 선사해요

목뿐만 아니라 어깨, 허리 등 다양한 부위에 활용할 수 있어요

하루의 피로를 풀어줄 마사지기를 찾으시는 분들께 추천드려요",19000
전자기기,풀리오 마사지 기기,풀리오 더필로 마사지 베개 (거의 새상품),거래완료,"70,000원",오륜동,2026-07-04,1,5,107,38℃,쿵쿵,생활가전,직거래는 올림픽공원역쪽 방이역쪽에서 가능합니다.,"풀리오 더필로 마사지 베개 개봉만 하고 다시 넣은 새상품입니다
마사지 기계 켜보지도 않고 전원코드 비닐도 그대로인 거의 완전 새 상품이에요

네이버 최저가 15만원정도로 올라와있어요

직거래는 올림픽공원역쪽 방이역쪽에서 가능합니다.",70000
전자기기,풀리오 마사지 기기,풀리오 종아리 마사지기 V3 미개봉 판매,거래완료,"110,000원",가락동,2026-07-04,2,4,90,45.5℃,꼬부기,생활가전,서울가주초부근에서 직거래 희망합니다.,"풀리오 종아리 마사지기 V3 미개봉 제품 판매합니다. 
배송 박스까지 모두 있어요.

서울가주초부근에서 직거래 희망합니다. ",110000
전자기기,풀리오 마사지 기기,풀리오 목어깨 마사지기 퍼플 사용감 없음,거래완료,"34,000원",문정동,2026-08-03,3,5,181,42.7℃,등산하는돌고래,생활가전,하루의 피로를 풀어줄 마사지기로 편안한 휴식을 경험해보세요. 가락시장인근 훼밀리아파트 2단지 문고리거래 원합니다 택배거래시 택배비 별도입니다,"사용감 없는 목과 어깨의 뭉친 근육을 시원하게 풀어주는 풀리오 목어깨 마사지기예요
보라색 색상으로 예쁘고 구성품도 모두 갖춰져 있어요
사진으로 확인 가능한 모든 구성품 포함되어 있습니다
하루의 피로를 풀어줄 마사지기로 편안한 휴식을 경험해보세요. 가락시장인근 훼밀리아파트 2단지 문고리거래 원합니다 택배거래시 택배비 별도입니다 ",34000
전자기기,풀리오 마사지 기기,풀리오 종아리 마사지기 퍼플,거래완료,"30,000원",문정동,2026-08-03,1,1,99,58.6℃,거래쟁이,생활가전,,,30000
전자기기,풀리오 마사지 기기,풀리오 허벅지 마사지기 보라색,예약중,"120,000원",잠실4동,2026-09-01,0,1,25,48.8℃,그루터기,뷰티/미용,,"풀리오 허벅지 마사지기 보라색상이에요
구성품은 본체, 충전 케이블, 설명서 모두 있어요
사진에서 보는것처럼 풀 박스 입니다!

얼마 사용 안하였고 저랑은 안맞는거 같아 내놓습니다!

구매하신 후 환불은 어렵습니다.",120000
전자기기,풀리오 마사지 기기,( 전시상품)풀리오 HD002 손 마사지기 라벤더,거래완료,"71,000원",방이1동,2026-08-16,2,3,147,58.3℃,행복강실장,생활가전,,"풀리오 무선 손 마사지기 HD002 라벤더 색상이에요
다양한 강도와 모드로 손을 시원하게 풀어줘요
구성품은 본체와 충전기, 설명서가 있어요
손의 피로를 풀어줄 마사지기를 찾으시는 분들께 추천드려요

26년 3월제조

사진참고! 사진에 모델명 및 컨디션 상세 있어요.
장사시작하려다 안하고 그냥 기냥 할인판매.
제아이디에 미사용제품 많이 올라오니
구경하고 가셔요.

택배만가능. 택 3500",71000
전자기기,풀리오 마사지 기기,풀리오 목어깨 마사지기 V3 네이비,거래완료,"70,000원",방이1동,2026-08-16,2,3,108,58.3℃,행복강실장,생활가전,,"풀리오 목어깨 마사지기 V3 네이비 색상이에요
목과 어깨의 뭉친 근육을 시원하게 풀어줘요
하루의 피로를 풀어줄 마사지기 찾으시는 분들께 추천드려요

사용횟수는 몇번없고 
5번째사진 참고하시면 쪼그만 트임 있습니다.

사진참고! 사진에 모델명 및 컨디션 상세 있어요.
장사시작하려다 안하고 그냥 기냥 할인판매.
제아이디에 미사용제품 많이 올라오니
구경하고 가셔요.

택배만가능. 택 3500",70000
전자기기,풀리오 마사지 기기,풀리오 v3 무선 종아리 마사지기,거래완료,"55,000원",삼전동,2026-08-03,4,0,80,38℃,쿨쿨거래,뷰티/미용,,"풀리오 무선 종아리 마사지기
구성품 : 마사지기 + 충전선 

제품 하자나 문제없어요
하지만 사용감 있어 저렴하게 올리니 
감안해서 구매하세요!",55000
전자기기,풀리오 마사지 기기,[거의새상품]풀리오 에어 괄사 마사지기,거래완료,"40,000원",오륜동,2026-06-04,2,15,236,37.5℃,yshur10,뷰티/미용,,"풀리오 에어 괄사 마사지기에요
본체와 충전기, 설명서까지 모두 갖춰져 있어요
목과 어깨 뭉친 근육을 시원하게 풀어주는 마사지기로
하루의 피로를 풀고 싶으신 분들께 추천드려요

거의 사용 안하여서 새상품같은 상태입니다",40000
전자기기,풀리오 마사지 기기,풀리오 V2 목어깨 마사지기,거래완료,"35,000원",잠실4동,2026-08-22,1,4,38,56.5℃,당근맛소금,디지털기기,파크리오 아파트 문고리거래,"풀리오 V2 목어깨 마사지기

2025년 7월 제품으로 같은해 겨울 구입했어요.
실사용은 많지 않고 제품 하자 없으나
박스 및 설명서 없고 본품만 있습니다.

c타입 충전기로 충전가능합니다.

파크리오 아파트 문고리거래
",35000
전자기기,풀리오 마사지 기기,풀리오 미니맥스 마사지건 풀세트 미개봉,거래완료,"25,000원",삼전동,2026-07-04,7,10,191,45.5℃,당근웅,디지털기기,,"풀리오 미니맥스 마사지건 풀세트에요
선물용으로 포장백도 있습니다 미개봉

집앞거래",25000
전자기기,풀리오 마사지 기기,풀리오 미니맥스 마사지건(미개봉),거래중,"36,000원",가락1동,2026-08-28,0,4,60,40.7℃,엽기,생활가전,,"풀리오 미니맥스 마사지건
미개봉 상품
",36000
전자기기,풀리오 마사지 기기,[상태 최우수] 풀리오 목 어깨 마사지기 V3 거의 새제품 판매합니다.,거래중,"118,000원",오륜동,2026-08-03,0,0,60,37.1℃,룰룰,생활가전,,"풀리오 목 어깨 마사지기 V3에요
제일 최신버전이고 사용은 3번정도 썼어요!
사진처럼 구성품 모두 있어요:) 

하루의 피로를 풀어줄 마사지기를 찾으시는 분들께 추천드려요!

장소는 올림픽공원역, 둔촌오륜역, 방이역, 둔촌동역 다 가능합니다!! 포레온쪽 가능해요

급하게 올리느라 사진이 박스에 담겨져있는데, 
채팅하셔서 상세사진 원하시면 찍어드릴게요:)",118000
전자기기,풀리오 마사지 기기,풀리오 목어깨 마사지기 V2 퍼플,거래완료,"50,000원",잠실3동,2026-07-04,1,4,40,63.4℃,두두,디지털기기,,"풀리오 목어깨 마사지기 V2 퍼플 색상이에요
박스와 구성품 모두 포함되어 있어요
사진에서 보이는 그대로의 제품입니다.
거의 사용하지 않아서 상태 매우 좋습니다.
목과 어깨의 뭉친 근육을 시원하게 풀어주는 마사지기를 찾으시는 분들께 추천드려요.",50000
전자기기,풀리오 마사지 기기,풀리오 V3 + 전용 파우치 무선 종아리 마사지기 상태 S급,거래완료,"90,000원",삼전동,2026-08-03,1,3,82,49.8℃,제발쿨거래부탁,뷰티/미용,직거래가능 - 송파구 삼학사로 19길 33,"사진 넘겨서 봐주세요
파우치와 함께 드려요 보관 용이합니다
박스는 없으나 몇번 사용하지 않고 보관만 해두어 사용감 없습니다
상태 좋습니다


직거래가능 - 송파구 삼학사로 19길 33
주말 평일 시간 상관 없습니다

일반택배 4천원 반값택배 2000원
당근페이 가능 
반품 어렵습니다! 쿨거래 부탁드립니다. 


‼️제 상점에 다른 제품과 함께 사시면 할인해 드려요☺️",90000
전자기기,풀리오 마사지 기기,풀리오 넥풀러 목 어깨 마사지기,거래완료,"80,000원",문정동,2026-08-17,1,2,64,40.9℃,파네리스티,생활가전,,"목과 어깨를 시원하게 풀어주는 풀리오 넥풀러 마사지기예요
3중 리프팅 피스톤으로 시원한 마사지를 경험할 수 있어요
국내 생산 제품으로 믿고 사용할 수 있답니다
뭉친 목과 어깨 근육을 풀어주고 싶으신 분들께 추천드려요

공홈에 현재 45만원에 판매하는 제품이에요
박스랑 설명서는 없습니다. 구매 후 안마의자를 사서 사용을 안하고 그대로 방치해뒀습니다 2회정도 사용한거같아요
",80000
전자기기,풀리오 마사지 기기,풀리오 목 어깨 마사지기 N003-CO 퍼플,거래완료,"70,000원",문정1동,2026-07-04,1,3,63,38.8℃,웰씨큰누나,생활가전,,"목과 어깨 뭉친 근육을 시원하게 풀어주는 풀리오 마사지기예요
무선이라 어디서든 간편하게 사용할 수 있고, 2단계 강도 조절이 가능해요

미개봉 새상품입니다. 
택배거래시 착불입니다.",70000
전자기기,풀리오 마사지 기기,풀리오 폴더백 마사지매트,거래중,"300,000원",신천동,2026-08-03,0,2,44,36.5℃,로즈,뷰티/미용,,"집에서 간편하게 마사지 효과를 누릴 수 있는 풀리오 폴더백 마사지매트예요
사진에서 보이는 것처럼 구성품 모두 새것처럼 깨끗하게 보관되어 있어요
마사지매트와 함께라면 언제 어디서든 편안하게 휴식을 취할 수 있답니다
뭉친 근육을 풀어주고 싶으신 분들께 추천드려요",300000
전자기기,풀리오 마사지 기기,풀리오 목어깨 마사지기,나눔완료,무료나눔,삼전동,2026-07-04,6,3,89,37.6℃,태야당근,생활가전,,"목과 어깨의 뭉친 근육을 시원하게 풀어주는 풀리오 목어깨 마사지기예요

사진에서 보이는 것처럼 귀여운 디자인으로 인테리어 효과도 있어요

목과 어깨 통증으로 힘드신 분들께 추천드려요


————-


그렇게 많이 쓰지는 않아서 거의 새거입니다~

가장 빨리 오시는 1분께 나눔해요.",0
전자기기,풀리오 마사지 기기,풀리오 목어깨 마사지기,거래완료,"25,000원",잠실4동,2026-07-04,2,2,36,49.1℃,데팡,뷰티/미용,문고리 픽업 가능하신 분으로 구합니다~,"실사용 2번 이하
완전 새제품이나 다름 없어요~
따로 충전기는 없고(c타입 충전가능)
사진에 보이는 본품 그대로 드려요

문고리 픽업 가능하신 분으로 구합니다~
",25000
전자기기,풀리오 마사지 기기,풀리오 등허리 쿠션 마사지기 새상품 박스그대로,거래중,"70,000원",잠실본동,2026-08-31,0,3,23,47℃,컬리수81,생활가전,직거래는  잠실 갤러리아팰리스,"박스 그대로 새상품 입니다
택배가능
직거래는  잠실 갤러리아팰리스 
스타벅스앞 저녁 7시이후가능합니다



풀리오 등허리 쿠션 마사지기예요
3D 입체 마사지로 뭉친 근육을 시원하게 풀어줘요
인체공학적 S자 곡선으로 편안하게 마사지 받을 수 있어요
무선이라 어디서든 간편하게 사용 가능해요
목, 어깨, 허리 등 뭉친 곳을 풀어주고 싶은 분들께 추천드려요",70000
전자기기,풀리오 마사지 기기,풀리오 목 어깨 마사지기 V2 (1회 사용),거래완료,"58,000원",가락동,2026-05-05,3,5,252,51.5℃,웰컴쿨거래,디지털기기,직거래 비대면 문고리 가능,"풀리오 목 어깨 마사지기 V2입니다

- 4개의 마사지 헤드로 시원하게!
- 따뜻한 온열 기능
- 6가지 마사지 모드 & 15단계 강도 조절
- 저소음 설계로 편안하게 사용 가능
- 무선이라 편리해요
- USB C타입 충전
AI 작성

딱 1회 몇분 사용한게 다에요
교환/환불 불가
직거래 비대면 문고리 가능
신중하게 생각하고 연락 부탁드려요!",58000
전자기기,풀리오 마사지 기기,풀리오 터보핏 마사지건 새상품,거래완료,"50,000원",신천동,2026-08-03,1,2,60,41.3℃,말차라떼,생활가전,문고리거래만해요,"풀리오 터보핏 마사지건 새상품이에요 
비닐도 그대로 있어요

문고리거래만해요",50000
전자기기,풀리오 마사지 기기,풀리오 종아리 마사지기 V2 퍼플,거래완료,"72,000원",삼전동,2026-08-31,1,2,24,41.5℃,jj,뷰티/미용,,"풀리오 종아리 마사지기 V2 퍼플 색상이에요 구성품 모두 있어요
사진에서 보이는 그대로 보내드려요
피로 풀기 좋은 마사지기랍니다
다리 붓기나 피로를 자주 느끼시는 분들께 추천드려요

 뜯기만하고 한번도사용 안했습니다~",72000
전자기기,풀리오 마사지 기기,풀리오 마사지 매트,거래완료,"190,000원",가락동,2026-08-03,4,11,313,47.7℃,캉테7,생활가전,,"생각한 느낌이 아니라 판매해요
박스 있음 
안 팔리면 알아서 내려요 에눌 x
거래 후 환불불가",190000
전자기기,풀리오 마사지 기기,풀리오 종아리 마사지기 V3,거래완료,"80,000원",잠실3동,2026-07-04,1,1,79,38.6℃,안팔리면내가쓰지뭐,생활가전,,"풀리오 종아리 마사지기 V3 퍼플 색상이에요
구성품은 본체와 충전 케이블 2개 입니다
사진에서 보이는 것처럼 깔끔하게 보관되어 있어요!",80000
전자기기,풀리오 마사지 기기,풀리오 무선 종아리 마사지기 퍼플,거래완료,"50,000원",삼전동,2026-08-30,3,3,75,44.6℃,친절두,생활가전,직거래만합니다 중고거래특성상 교환환불 어려워요 매너있는분만 채팅주세요,"풀리오 무선 종아리 마사지기 퍼플 색상이에요
본체와 충전 케이블, 설명서까지 모두 갖춰져 있어요
사진에서 보이는 것처럼 구성품 모두 깨끗하게 보관되어 있답니다
하루의 피로를 시원하게 풀어줄 마사지기를 찾으시는 분들께 추천드려요
직거래만합니다 중고거래특성상 교환환불 어려워요 매너있는분만 채팅주세요",50000
전자기기,풀리오 마사지 기기,풀리오 무선 종아리 마사지기 네이비,거래완료,"60,000원",문정동,2026-07-04,2,0,41,43.1℃,밍키몽,뷰티/미용,,"풀리오 무선 종아리 마사지기 네이비 색상이에요
종아리 전체를 부드럽게 감싸주어 시원하게 마사지할 수 있어요
무선이라 어디서든 편리하게 사용 가능해요
하루의 피로를 풀어줄 마사지기로 편안한 휴식을 즐겨보세요
두번 사용하고 보관하고 있습니다",60000
전자기기,풀리오 마사지 기기,풀리오 종아리 마사지기 퍼플,거래완료,"40,000원",잠실6동,2026-08-27,3,4,115,51.8℃,잠실삼동,생활가전,,"풀리오 종아리 마사지기 입니다. 
24년 9월 공식몰에서 구매했고 10회미만 
사용했습니다. 
작동 잘 됩니다. 
제품 상태는 사진 참고해 주세요.",40000
전자기기,풀리오 마사지 기기,풀리오 목어깨 마사지기 N001 V1,거래완료,"30,000원",문정동,2026-08-03,3,1,34,39.3℃,레이진04,생활가전,,"풀리오 정품 목어깨 마사지기 모델명 N001 V1 입니다.
26년 10월 구입. 박스는 없지만 서랍에 잘 보관하고 거의 사용하지 않아 신품처럼 깔끔합니다.",30000
전자기기,풀리오 마사지 기기,풀리오 종아리 마사지기 V3,거래완료,"50,000원",문정동,2026-08-03,2,0,69,39.3℃,레이진04,생활가전,,"풀리오 정품 종아리 마사지기입니다.
24년 10월 구입.
박스는 없지만 서랍에 넣어 잘 보관하고 거의 쓰지를 않아 신품처럼 깔끔합니다. 
",50000
전자기기,풀리오 마사지 기기,풀리오 등허리 마사지매트 화이트,거래중,"200,000원",가락동,2026-09-02,0,1,12,38.4℃,cun,생활가전,스타벅스 문정로데오점 직거래 가능합니다!,"풀리오 마사지매트 화이트 색상

사진에서 보이는 구성품 모두 포함되어 있습니다!

구매한지 보름도 안 됐는데(영수증 첨부 가능) 안마의자를 선물 받아 사용을 하지 않을 것 같아 당근합니다! 전체 깨끗하고(3회 미만 이용) 사용 흔적 전혀 없습니다.

스타벅스 문정로데오점 직거래 가능합니다!",200000
전자기기,풀리오 마사지 기기,풀리오 종아리 마사지기 V3 미개봉 새상품 / 26년 7월 생산,거래중,"115,000원",문정동,2026-09-02,0,2,31,36.5℃,허니벨라,생활가전,직거래 선호합니다 :),"풀리오 종아리 마사지기 V3 판매합니다.

선물 받은 제품인데 사용할 일이 없어서 바로 판매해요.
한 번도 개봉하지 않은 새상품이고 사진처럼 봉인 스티커 그대로 붙어 있습니다.

2026년 7월 생산 제품으로 최근 생산 제품입니다.

* 풀리오 종아리 마사지기 V3
* 미개봉 새상품
* 2026년 7월 생산
* 무선 / 5,000mAh
* 모델명 P006
* 봉인 스티커 그대로

미개봉 상태 유지를 위해 개봉해서 작동 확인은 하지 않았습니다.

박스 한쪽 모서리에 눌림이 있습니다. 제품 자체가 아니라 외부 박스이며, 해당 부분은 마지막 사진에 가까이 촬영해두었으니 꼭 확인해주세요.

선물 받은 제품이라 구매 영수증은 없습니다.

직거래 선호합니다 :)",115000
전자기기,풀리오 마사지 기기,풀리오 종아리 마사지기 V3 새상품 정품♡,거래중,"100,000원",풍납1동,2026-08-16,10,19,225,55.9℃,쭈미,생활가전,,"종아리마사지기로 유명한 풀리오 V3

새상품 ♡정품♡ 최신상품
몇개만 이 가격에 드릴수있어서
관심 있으신분 연락주세요^^

택배로 보내드립니다
선물용으로도 가능합니다♡",100000
전자기기,풀리오 마사지 기기,풀리오 퍼플 목어깨 마사지기 송파,거래중,"20,000원",오금동,2026-08-24,0,3,100,41.3℃,날아라바람개비,생활가전,오금동 130번지,,20000
전자기기,풀리오 마사지 기기,풀리오 퍼플 마사지건 풀구성,거래중,"40,000원",잠실2동,2026-08-23,0,3,53,59.8℃,가을,생활가전,,"풀리오 퍼플 마사지건 풀구성이에요
사진에 보이는 구성품 모두 포함되어 있어요
다양한 헤드와 충전기까지 모두 챙겨드려요
뭉친 근육을 시원하게 풀어줄 마사지건을 찾으신다면 추천드려요",40000
전자기기,풀리오 마사지 기기,풀리오 손마사지기 V2(한번사용),거래중,"102,000원",문정동,2026-09-02,0,2,33,46.7℃,bluemist,생활가전,,"풀리오 손마사지기 v2
구매한지 1주일도 안됐고  한번 사용했는데, 생각한 느낌이 아니었는지 남편이 안쓰겠다고 해서 바로 판매합니다.
구성품 모두 있고, 박스도 있어요
사진에서 보이는 것처럼 1번밖에 사용안해서 거의 새거나 다름없어요. 149,000원에 판매되고 있어요.",102000
전자기기,풀리오 마사지 기기,풀리오 넥풀러 목 어깨 마사지기 라벤더 송파,거래중,"200,000원",오금동,2026-08-29,0,0,12,39.6℃,천둥구름,생활가전,오금동,"새거라도 해도 될 정도로 깨끗해요
사놓고 사용을 두번도 재대로 안했습니다",200000
전자기기,풀리오 마사지 기기,풀리오 손 마사지기 V2,거래중,"103,000원",잠실2동,2026-08-20,2,5,60,42.6℃,별이맘,디지털기기,,"풀리오 손 마사지기 V2 
오늘배송와서 시연만했어요
아이가쓰려고샀는데 압이세서싫데요ㅠㅠ
5분틀었어요.. ",103000
전자기기,풀리오 마사지 기기,풀리오 퍼플 목 어깨 마사지기,거래중,"50,000원",잠실2동,2026-08-03,1,2,53,52℃,오륙이,생활가전,돈암지구대 앞 직거래🏢,"목과 어깨 뭉친 근육을 시원하게 풀어주는 풀리오 목 어깨 마사지기예요
보라색 컬러가 매력적이고 구성품도 모두 갖춰져 있어요
사진으로 꼼꼼히 확인해보세요
하루의 피로를 풀어줄 마사지기로 편안한 휴식을 즐겨보세요
돈암지구대 앞 직거래🏢
반택 +2000원 / 택포 +4000원",50000
전자기기,풀리오 마사지 기기,풀리오 더필로 마사지베개 550x460x155mm,거래중,"80,000원",문정동,2026-08-03,0,1,19,37.9℃,sunflowa50,가구/인테리어,,"풀리오 더필로 마사지베개 판매해요
사이즈는 550x460x155mm
사진에서 보이는 것처럼 깔끔한 상태의 베개입니다
(생활흔적 있습니다) 
목과 어깨의 편안함을 찾는 분들께 추천드려요",80000
전자기기,풀리오 마사지 기기,풀리오 종아리 마사지기 블랙,예약중,"40,000원",위례동,2026-09-01,1,4,175,44℃,이클립핑,생활가전,포레나송파 문고리,"풀리오 종아리 마사지기 블랙 입니다
본체만 판매입니다.(파우치x)

다리 붓기 완화에 도움을 줄 수 있는 제품이에요
작동 잘합니다!

포레나송파 문고리",40000
전자기기,풀리오 마사지 기기,[마사지기] 풀리오 등허리 쿠션 마사지기(New),예약중,"79,000원",문정동,2026-08-10,2,9,122,49.2℃,Sweetheart,생활가전,,"풀리오 등허리 쿠션 마사지기예요!

의자에 대고 사용할 수 있는 쿠션형 마사지기로 '실링도 뜯지 않은' 새제품이에요!  가지고 있는 제품을 받게 되어 저렴하게 내놓습니다. 필요하신 분 가져가세요! 

(* 새제품이니 부모님이나 지인 선물로도 가능합니다! ^^ 배송 박스에 포장해서 드릴께요~ )

현재 메가위크 기간 오늘자 세일가로 99,000입니다. 새제품을 할인가 +  20% 당근 추가 할인해서 79,000에  판매합니다! ^^

새제품을 20프로 저렴하게 내놓아서 아쉽지만 추가 가격 할인은 없습니다. 
많은 관심 부탁드립니다! :)",79000
전자기기,풀리오 마사지 기기,풀리오 무선 종아리 마사지기 V3 퍼플,예약중,"85,000원",잠실2동,2026-08-03,5,17,342,39.8℃,동규리맘,생활가전,,"풀리오 무선 종아리 마사지기 V3 퍼플 색상이에요
온열3단계/강도5단계
구성품은 본체, 컨트롤러, 충전 케이블, 설명서 모두 있어요
사진에서 보시는 것처럼 깔끔하게 보관되어 있어요
하루의 피로를 풀어줄 마사지기로 편안한 휴식을 경험해보세요",85000
전자기기,풀리오 마사지 기기,풀리오 미니맥스 마사지건 풀박스,예약중,"30,000원",잠실4동,2026-08-17,1,0,65,54.5℃,야식너굴,생활가전,,"풀리오 미니맥스 마사지건 풀박스 구성이에요
본체와 충전 케이블, 다양한 마사지 헤드가 포함되어 있어요
한 번도 안썼어요
뭉친 근육을 시원하게 풀어주고 싶으신 분들께 추천드려요",30000
전자기기,풀리오 마사지 기기,풀리오 미니맥스 마사지건 mx001 새제품,예약중,"33,700원",잠실2동,2026-08-29,4,7,56,42.6℃,애처가,생활가전,"잠실역, 잠실새내역 직거래합니다","풀리오 미니맥스 마사지건 새제품입니다.
2026년 06월 생산된 정품.
잠실역, 잠실새내역 직거래합니다

",33700
전자기기,풀리오 마사지 기기,브레오 목마사지 목안마기 안마 휴식 힐링 풀리오 선물 효도 지압,거래중,"80,000원",잠실6동,2025-11-06,0,4,139,65.9℃,둥둥,생활가전,,,80000
전자기기,풀리오 마사지 기기,풀리오 손 마사지기 라벤더,거래완료,"45,000원",위례동,2026-08-27,3,4,43,42.1℃,당근이쥐요,생활가전,,"풀리오 손 마사지기 라벤더 색상이에요
손의 피로를 풀어주는 시원한 마사지기랍니다
깔끔한 디자인으로 인테리어 효과도 있어요
매일매일 손 건강을 챙기고 싶은 분들께 추천드려요",45000
전자기기,풀리오 마사지 기기,풀리오 폴더백 마사지 매트,거래완료,"100,000원",잠실본동,2026-08-21,2,2,80,38.3℃,핑키,뷰티/미용,,"풀리오 폴더백 마사지 매트예요
구입한 지는 7개월 되었고 사용감이 없지는 않기에 저렴하게 내놓아요.
사진처럼 접어서 보관할 수 있어 공간 차지도 적어요.
온열기능까지 켜면 진짜 시원해요.",100000
전자기기,풀리오 마사지 기기,풀리오 종아리마사지 V3,거래완료,"50,000원",석촌동,2026-08-03,4,3,88,58.7℃,갓조개,뷰티/미용,,"풀리오 종아리마사지 V3

상태엄청좋습니다 

박스없습니다

구성품 사진확인",50000
전자기기,풀리오 마사지 기기,풀리오 등허리 마사지기,거래완료,"50,000원",문정동,2026-08-03,1,0,29,99℃,하늘,생활가전,,"풀리오 등허리 마사지기입니다


깨끗합니다.
",50000
전자기기,풀리오 마사지 기기,풀리오 종아리 마사지기 V3,거래완료,"100,000원",풍납동,2026-07-04,2,1,70,37℃,구름,생활가전,풍납동 강동구청쪽 직거래면 좋아용!,"풀리오 종아리 마사지기 V3 새상품이에요
비닐도 아예 안 뜯은 새 상품입니다.

이미 있는데 선물 받아서.. 몰래 팝니다..
잠실근처
풍납동 강동구청쪽 직거래면 좋아용! ",100000
전자기기,풀리오 마사지 기기,풀리오 종아리 마사지기 v3,거래완료,"70,000원",가락본동,2026-08-26,2,2,57,48.2℃,직거래가조아용,뷰티/미용,,"풀리오 종아리 마사지기입니다
실사용 10번 내외

출산 준비 필템입니다!! 
제왕절개 하시는분들 필수~~~!!",70000
전자기기,풀리오 마사지 기기,풀리오 종아리 허벅지 마사지기 퍼플,거래완료,"135,000원",풍납동,2026-08-13,1,8,198,46.1℃,식덕,생활가전,문고리 혹은 택배거래해요~,"풀리오 종아리 허벅지 마사지기 퍼플 색상이에요
구성품은 사진에 보이는 그대로입니다
박스채로 보관중입니다
임신때부터 출산해서 쓰려고 했는데
걍 마사지를 다니다보니
거의 못썼어요..
실사용 5회 미만입니다
거의 새거에요
그냥 종아리만 하는거보다
종아리+허벅지 같이 하는 모델이라 훨 좋아요
집정리겸 싸게올립니다~

문고리 혹은 택배거래해요~",135000
전자기기,풀리오 마사지 기기,풀리오 손마사지기,거래완료,"25,000원",잠실동,2026-08-03,2,4,133,58.4℃,당근두부,생활가전,문고리거래 가능합니다.,"바닥면에 얼룩 있습니다.
문고리거래 가능합니다.",25000
전자기기,풀리오 마사지 기기,풀리오 종아리 마사지기 PLO-CB227 풀박 송파,거래완료,"35,000원",오금동,2026-07-04,1,2,116,40.4℃,맥시멀리스트,뷰티/미용,,"풀리오 종아리 마사지기 PLO-CB227 퍼플색상입니다.
사용감은 있지만 큰 흠집은 없어요~
품질보증서와 박스 구성품 모두 그대로 있습니다.
잘 패킹해서 보내드릴게요~",35000
전자기기,풀리오 마사지 기기,풀리오 손마사지기 #상태좋음,거래완료,"30,000원",위례동,2026-08-12,1,2,36,51.3℃,똔또로똔,생활가전,,,30000
전자기기,풀리오 마사지 기기,풀리오 종아리 마사지기 보라색,거래완료,"15,000원",문정동,2026-08-12,5,1,77,53.3℃,일하고먹고쓰고,뷰티/미용,당근페이후 문고리거래,"풀리오 종아리 마사지기 

당근페이후 문고리거래 
에눌불가 
반품불가 
정상작동확인",15000
전자기기,풀리오 마사지 기기,풀리오 종아리 마사지기,거래완료,"40,000원",위례동,2026-08-03,2,4,106,59.9℃,트브은,생활가전,GS편의점(뉴송파스타힐스점),"사용에 문제없습니다
사용 15회 미만입니다.",40000
전자기기,풀리오 마사지 기기,풀리오 어깨마사지 미사용입니다. 송파,거래완료,"40,000원",오금동,2026-08-21,1,2,40,49.8℃,네티아빠,생활가전,,"미사용입니다.
박스는 없어요!


오금동 예사랑교회앞에서 거래합니다.
동남로23길50번입니다.
확인 못한 미세오염 있을 수 있으니 참고바랍니다.
중고재품이니 참고바랍니다.
🥕반품,환불 불가합니다🥕",40000
전자기기,풀리오 마사지 기기,풀리오 무선 종아리 마사지기 V3 퍼플,거래완료,"80,000원",문정동,2026-08-19,2,3,121,47.3℃,Sil,생활가전,"직거래는 스타벅스 문정하비오점 혹은 근처 지하철 역(문정역, 장지역)에서 가능하고 택배도 가능합니다.","풀리오 무선 종아리 마사지기 V3 퍼플색상 판매해요~~
작년 말쯤 구입했고, 잘 안쓰게 되어서 판매해요~ 

구성품은 본체, 충전 케이블, 설명서 모두 있어요. 
많이 사용하지 않아서 사진에서 보이는 것처럼 깔끔한 상태입니다.

직거래는 스타벅스 문정하비오점 혹은 근처 지하철 역(문정역, 장지역)에서 가능하고 택배도 가능합니다.",80000
전자기기,풀리오 마사지 기기,풀리오 종아리 마사지기 (2025.8 제조),거래완료,"50,000원",잠실3동,2026-08-03,2,3,81,54.9℃,미세먼지,뷰티/미용,,"풀리오 종아리 마사지기 입니다. 
출산 후 사용하지 않아 판매해요. 
임신 막달 구매하여 반년 정도 사용했어요. 

좌우 한 세트로 구성되어 있으며, 
충전 케이블 같이 드려요. 

하루의 피로를 시원하게 풀어줄 마사지기로 
편안한 휴식을 즐겨보세요",50000
전자기기,풀리오 마사지 기기,풀리오 종아리 마사지기 신형모델 v3,거래완료,"89,000원",장지동,2026-08-03,1,3,30,36.9℃,호갱,뷰티/미용,,,89000
전자기기,풀리오 마사지 기기,풀리오 퍼플 종아리 마사지기,거래완료,"50,000원",석촌동,2026-08-03,0,9,186,42.8℃,바니바니,뷰티/미용,,"풀리오 종아리 마사지기 입니다 
구성품은 사진에 보이는 
마사지기 본체와 충전 케이블이에요
하루종일 서서 일하시는 분들 추천합니다 
안마의자도 있고 해서 
전 총 사용횟수 10회 미만인데
제 친구는 이거없음 못살아서 
친구가 집에놀러올때만 사용했던 것 같습니다
박스 없이 제품만 있습니다",50000
전자기기,풀리오 마사지 기기,풀리오 종아리 마사지기 V2 퍼플,거래완료,"40,000원",잠실7동,2026-08-18,1,1,44,45℃,고밈미,뷰티/미용,비대면 문고리 환영 / 택배시 3천원 추가,"풀리오 종아리 마사지기 V2 퍼플
본품 + 충전 케이블 + 박스

쿠팡에서 3달전즘 11만원에 구매 후
사무직으로 전환되서 잘 안쓰게 되더라구요,
지금은 품절인 V2 저렴하게 데려가세요.

*전원 부분 비닐 제거 안하구 써서 기스나 하자 전혀 없구요, 5번째 사진 보면 진짜 미세한 자국 하나 있는데 감안해서 저렴하게 올리는 거니까 예민하신분 피해주세요!

*부피 상 반값은 어렵습니다.
비대면 문고리 환영 / 택배시 3천원 추가",40000
전자기기,풀리오 마사지 기기,풀리오 무선 종아리 마사지기 보라색 송파,거래완료,"60,000원",오금동,2026-08-06,2,3,112,44.7℃,혜천,뷰티/미용,,"풀리오 무선 종아리 마사지기 보라색상이에요
본체와 리모컨, 충전기, 파우치까지 모두 포함되어 있어요
사진에서 보시는 것처럼 구성품 모두 깨끗하게 보관되어 있답니다
하루의 피로를 시원하게 풀어줄 마사지기를 찾으시는 분들께 추천드려요
거의 새상품에 기깝습니다.
제조일은 2023년 11월입니다.",60000
전자기기,풀리오 마사지 기기,[새상품/배송가능] 풀리오 미니맥스 마사지건 퍼플,거래완료,"34,000원",잠실2동,2026-08-29,5,2,65,41℃,이웃집퉁퉁이,생활가전,,"미니맥스 마사지건 퍼플 색상이에요
본체와 충전 케이블, 다양한 마사지 헤드가 포함되어 있어요
선물하기 좋은 구성으로 준비되어 있답니다
뭉친 근육을 시원하게 풀어주고 싶으신 분들께 추천드려요

선물받았는데, 집에 마사지건이 많아서 판매합니다. 배송가능합니다",34000
전자기기,풀리오 마사지 기기,새상품 풀리오 미니맥스 마사지건 퍼플 여행 휴대용,거래완료,"32,000원",문정동,2026-08-03,2,1,55,42.6℃,신현민,생활가전,,"가볍고 강력한 풀리오 미니맥스 마사지건이에요
3가지 헤드 구성으로 원하는 부위에 맞춰 사용하기 좋아요
190g 초경량 무게로 휴대하기 간편하답니다
문서, 영상 작업 하시는 분들에게 추천드리는 가성비 있는 마사지건이에요",32000
전자기기,풀리오 마사지 기기,풀리오 무선 종아리 마사지기 퍼플,거래완료,"37,000원",가락동,2026-07-04,4,3,92,44.2℃,이모,생활가전,,"풀리오 무선 종아리 마사지기 퍼플 색상이에요
구성품은 사진에 보이는 마사지기 본체와 파우치입니다
2023년 10월 제조 상품이에요
하루의 피로를 시원하게 풀어줄 마사지기랍니다

23년구매후 3번사용
서랍장에 방치후;; 판매
상태는 깨끗함

충전기선은 없음",37000
전자기기,풀리오 마사지 기기,풀리오 V2 목어깨 마사지기 퍼플,거래완료,"35,000원",삼전동,2026-08-19,3,1,38,57.6℃,le,디지털기기,,"목과 어깨 뭉친 근육을 시원하게 풀어주는 풀리오 V2 마사지기예요
퍼플 색상으로 어디에 두어도 예쁜 디자인이에요
다양한 마사지 모드와 강도 조절이 가능해서 나에게 꼭 맞는 마사지를 받을 수 있어요
하루의 피로를 풀어줄 마사지기 찾으시는 분들께 추천드려요

상태 특a급이며 두번정도 사용했고 박스는 없습니다
거래장소: 삼전동 노인복지관 부근 택배함 거래",35000
전자기기,풀리오 마사지 기기,풀리오 종아리 마사지기 V3 퍼플,거래완료,"50,000원",잠실4동,2026-08-05,2,2,130,38.3℃,날이면날마다오는나휴니,생활가전,,"풀리오 종아리 마사지기 V3 퍼플 색상이에요
5회 정도 사용하다가 저는 다리가 피곤한 일이 많이 없어 판매합니다! 
상태 문제 없습니다",50000
전자기기,풀리오 마사지 기기,풀리오 발 마사지 부츠 팝니다,거래완료,"75,000원",잠실동,2026-08-03,1,2,68,38.9℃,루에르,뷰티/미용,잠실새내역 4번출구,,75000
전자기기,풀리오 마사지 기기,풀리오 풀리지 허벅지 마사지기(PH001) 풀박스/상태최상,거래완료,"135,000원",잠실2동,2026-08-03,1,1,37,38.3℃,ivory719,생활가전,,"풀리오 풀리지 허벅지 마사지기(PH001) 판매합니다.

구매 후 실사용이 많지 않아 전체적으로 깨끗하고 상태 매우 좋습니다.
사용 빈도가 낮아 보관만 하게 되어 판매해요.

* 양쪽 모두 정상 작동합니다.
* 내·외부 깨끗하게 사용했습니다.
* 벨크로 및 안감 상태 좋습니다.
* 본품 2개 + 충전 케이블 + 설명서 + 박스 모두 보유하고 있습니다.
* 조작부 한쪽은 보호필름도 제거하지 않은 상태입니다.

사진은 현재 제품 상태 그대로 촬영했습니다.
직접 보시면 사용감이 많지 않은 편이라 만족하실 것 같아요 :)",135000
전자기기,풀리오 마사지 기기,풀리오 종아리 마사지기 V3 새상품♡♡,거래완료,"100,000원",풍납1동,2026-05-05,51,53,879,55.9℃,쭈미,뷰티/미용,,"종아리마사지기로 유명한 풀리오 V3

새상품 ♡정품♡ 최신상품
몇개만 이 가격에 드릴수있어서
관심 있으신분 연락주세요^^

택배로 보내드립니다
선물용으로도 가능합니다♡",100000
전자기기,풀리오 마사지 기기,풀리오 무선 허벅지 마사지기 퍼플,거래완료,"108,000원",오륜동,2026-08-03,4,2,88,37.6℃,짬타이거,뷰티/미용,,"풀리오 무선 허벅지 마사지기 퍼플 색상이에요
사진에서 보이는 것처럼 구성품 모두 잘 갖춰져 있어요
편안하게 집에서 마사지 받을 수 있는 제품이에요
다리 붓기나 피로를 자주 느끼시는 분들께 추천드려요

사용감 있는데 쓰는데 지장 없습니다 ~",108000
전자기기,풀리오 마사지 기기,풀리오 마사지 부츠 블랙,거래완료,"90,000원",잠실본동,2026-07-04,1,5,106,38.8℃,lsh,뷰티/미용,,"풀리오 풀리션 마사지 부츠 블랙 색상이에요
usb선 같이 드려요. 박스 없습니다. 사용은 많이 하지 않았어요.",90000
전자기기,풀리오 마사지 기기,풀리오 백풀러 허리 마사지기,거래완료,"60,000원",잠실4동,2026-08-03,1,1,22,45.1℃,케이,생활가전,,"풀리오 등 허리 마사지기입니다
구성품은 본체, 리모컨, 충전기, 설명서, 받침대입니다.
박스만 개봉해본 새상품입니다.
사진에서 보시는 것처럼 깔끔한 상태를 유지하고 있어요.
뭉친 근육을 시원하게 풀어주고 싶으신 분들께 추천드려요",60000
전자기기,풀리오 마사지 기기,풀리오 허벅지 마사지기 (새상품),거래완료,"160,000원",잠실동,2026-07-04,5,2,116,43℃,랄라,뷰티/미용,,"풀리오 풀리지 허벅지 마사지기입니다
이번주에 구입했는데 한번사용 팔아요
종아리만 되는것도 구입해서 중복되어 팝니다
새상품",160000
전자기기,풀리오 마사지 기기,풀리오 무선 종아리 마사지기 송파,거래완료,"50,000원",오금동,2026-07-04,4,2,87,40.6℃,이쁜천사,뷰티/미용,,"종아리 피로를 풀어주는 풀리오 무선 종아리 마사지기예요

무선이라 어디서든 편리하게 사용할 수 있고, 종아리 전체를 부드럽게 마사지해줘요

개봉안한 새제품 입니다

하루의 피로를 시원하게 풀어줄 마사지기를 찾으시는 분들께 추천드려요",50000
전자기기,풀리오 마사지 기기,풀리오 목어깨 마사지기 V2 박스·정품 파우치 포함,거래완료,"35,000원",풍납동,2026-08-03,1,8,117,41.6℃,풍납당근,디지털기기,,"풀리오 목어깨 마사지기 V2 입니다

📌10번 정도 사용한 제품입니다
📌정상 작동합니다 
📌박스랑 정품 파우치까지 구성품 모두 있습니다.
⚠️전체적으로 깔끔한 편이지만 중고 제품이라 약간의 사용감은 있을 수 있습니다.

#풀리오 #목어깨마시지기",35000
전자기기,풀리오 마사지 기기,풀리오 V2 목어깨 마사지기 퍼플,거래완료,"10,000원",잠실동,2026-08-05,1,0,78,42.3℃,프레쉬,디지털기기,무게가 있어 직거래만 가능,"풀리오 V2 목어깨 마사지기
사용감 확인해주세요
무게가 있어 직거래만 가능

구입 후 반품 환불은 어려워요",10000
전자기기,풀리오 마사지 기기,풀리오 종아리 마사지기 v2,거래완료,"45,000원",삼전동,2026-07-04,1,1,48,51.5℃,jyoji,뷰티/미용,,"러닝한다고 25년 여름에 샀었어요

한 10번미만으로 잘 안쓰게되어 내놓습니다

물론 양쪽 다 있고
아주 깨끗하고 작동 문제없습니다
포장박스는 따로 없습니다!",45000
전자기기,풀리오 마사지 기기,풀리오 목 어깨 마사지기 V3,거래완료,"85,000원",잠실동,2026-08-24,1,0,29,51.4℃,별명을정해볼까,생활가전,종합운동장 사거리 다이소 앞에서 직거래,"목과 어깨의 뭉친 근육을 시원하게 풀어주는 
풀리오 목 어깨 마사지기 V3

이미 유명한 제품이라 간단히 설명드리면
주무름, 두드림, 온열 기능까지 있어 더욱 시원하게 사용하실 수 있어요

부모님들 선물용으로 좋습니다
완전 미개봉 새상품이고 선물받은 박스 그대로 드려요

공홈 정가 129,000원
https://puliodays.com/product/%ED%92%80%EB%A6%AC%EC%98%A4-%EB%AA%A9-%EC%96%B4%EA%B9%A8-%EB%91%90%EB%93%9C%EB%A6%BC-%EB%A7%88%EC%82%AC%EC%A7%80%EA%B8%B0-v3/724/category/60/display/1/


종합운동장 사거리 다이소 앞에서 직거래
쿨거시 네고 가능",85000
전자기기,풀리오 마사지 기기,풀리오 풀리션 마사지 부츠 팬텀블랙,거래완료,"90,000원",잠실본동,2026-07-04,1,0,59,42.8℃,슈아,뷰티/미용,,"풀리오 풀리션 마사지 부츠 팬텀블랙이에요

https://m.blog.naver.com/lovelytrue/223710931208

자세한 내용은 여기서 좀 더 확인해보시면 좋을 것 같아요 

저는 잘 안 써서 내놓습니다 사고 한 번 썼어요

제가 박스나 이런 거 되팔 생각을 안 하고 다 버리고 정리하는 편이라 사용설명서나 박스는 없습니다
충전선 2개는 함께 동봉해서 보내드립니다",90000
전자기기,풀리오 마사지 기기,풀리오 목어깨 마사지기 퍼플 팝니다.,거래완료,"28,000원",위례동,2026-08-03,2,10,194,68.6℃,에헴,생활가전,직거래 원합니다. 연락 부탁드리겠습니다.,"목과 어깨 뭉친 근육을 시원하게 풀어주는 

풀리오 목어깨 마사지기예요.

퍼플 색상으로 예쁘고 사용감도 좋아요.

단품이며 충전은 c타입 쓰시면 됩니다.

사진에서 보이는 구성품 그대로 보내드려요.

포레나송파 17단지 정문 옆 컴포즈커피앞에서

직거래 원합니다. 연락 부탁드리겠습니다.

감사합니다.",28000
전자기기,풀리오 마사지 기기,[새상품급] 풀리오 목 어깨 마사지기 V3,거래완료,"90,000원",문정1동,2026-08-10,1,3,72,45.5℃,블렌디드,생활가전,,"선물드렸는데 안쓰신다고해서 개봉만하고 판매합니다.  목과 어깨의 피로를 풀어주는 풀리오 목 어깨 마사지기 V3에요

뭉친 목과 어깨를 시원하게 풀어주고 싶으신 분들께 추천드려요",90000
전자기기,풀리오 마사지 기기,풀리오 퍼플 마사지건 풀구성 송파,거래완료,"10,000원",오금동,2026-07-04,5,6,116,38.1℃,오케이,생활가전,,"풀리오 퍼플 마사지건 풀구성입니다
다양한 헤드와 충전기, 설명서까지 모두 포함되어 있어요
사진에서 보시는 것처럼 깔끔하게 보관되어 있습니다
운동 후 근육 이완이 필요하신 분들께 추천드려요",10000
전자기기,풀리오 마사지 기기,풀리오 목어깨마사지 v2,거래완료,"40,000원",풍납2동,2026-08-06,1,2,57,48.7℃,키릿,디지털기기,,"1-2번 사용하고 짐 정리차 판매해요.

사진 나온 구성 다드림",40000
전자기기,풀리오 마사지 기기,풀리오 종아리 마사지기 V3 퍼플 송파,거래완료,"100,000원",오금동,2026-08-03,1,1,49,44.3℃,장미꽂사랑,생활가전,,"풀리오 종아리 마사지기 V3 퍼플 색상이에요
사진에서 보이는 것처럼 구성품 모두 있어요
새 제품 가격은 쿠팡에서는148,000
원인데 저렴하게 내놓아요
하루의 피로를 풀어줄 마사지기로 편안한 휴식을 즐겨보세요",100000
전자기기,풀리오 마사지 기기,풀리오 더필로 마사지베개,거래완료,"80,000원",가락본동,2026-08-03,0,2,10,52.4℃,ssu,뷰티/미용,,"어제 도착한 뜯기만한 새제품입니다.
머리, 목, 어깨까지 3D 입체 마사지가 가능한 풀리오 더필로 마사지베개예요
고밀도 메모리폼으로 편안함을 더했어요
구성품으로 본체, 충전 케이블, 설명서가 있어요
목과 어깨의 피로를 시원하게 풀어주고 싶은 분들께 추천드려요
저에겐 크기가 좀 커서 팔아요~ 목 어깨 승모근 마사지받고 싶은 분들 추천해요 거의 반가격이에요 득템하세요!",80000
전자기기,풀리오 마사지 기기,풀리오 등맛사지기,거래완료,"40,000원",잠실7동,2026-06-04,1,7,171,44.5℃,대갈장군,생활가전,,"잠실종합운동장 입니다.
문자주세요~^^
010-3137-1303",40000
전자기기,풀리오 마사지 기기,풀리오 종아리 마사지기v2 풀박스,거래완료,"60,000원",위례동,2026-07-04,0,5,33,41.3℃,무두부,뷰티/미용,,,60000
전자기기,풀리오 마사지 기기,풀리오 미니맥스 마사지건 MX001 새상품 미개봉,거래완료,"35,000원",잠실동,2026-08-17,2,1,41,38.8℃,자연으로,생활가전,종합운동장역 3번 또는 4번 출구에서 직거래 가능합니다.,"- 풀리오 미니맥스 마사지건 MX001 모델 판매합니다. 선물 받았는데 기존에 쓰던 게 있어서 판매하게 되었습니다.
- 새상품 미개봉 제품입니다. 
- 93.5 x 83.5 x 39 mm 사이즈에 190g으로 휴대하기 좋아요
- 7.4V / 580mAh 배터리가 탑재되어 있어요. 
- 현재 새상품 네이버에서 46,500원에 판매중입니다. 

종합운동장역 3번 또는 4번 출구에서 직거래 가능합니다. ",35000
전자기기,풀리오 마사지 기기,(새상품) 풀리오 손 마사지기 판매합니다.,거래완료,"65,000원",잠실6동,2026-08-03,2,4,131,40.9℃,Jeffrey,생활가전,,"풀리오 손 마사지기 HD002 판매합니다.
구성품은 본체와 충전기이며, 2500mAh 배터리가 탑재되어 있어요.
사진에서 보시는 것처럼 전혀 개봉하지 않은 새제품입니다.
그래서 참고로 인터넷 제품 사진도 같이 올립니다.
골프, 운동 등 손을 많이 사용했을 때 손의 피로를 풀어주는데 좋습니다.",65000
전자기기,풀리오 마사지 기기,풀리오 목어깨 마사지기 V3,거래완료,"60,000원",풍납동,2026-08-03,1,2,46,40.9℃,감자05,생활가전,,"목과 어깨의 피로를 풀어줄 풀리오 목어깨 마사지기 V3.
인터넷가 9만원인데 6만원에 팝니다.
한번 테스트로 써봤습니다.
",60000
전자기기,풀리오 마사지 기기,(새상품) 풀리오 종아리 마사지기 V3 판매합니다.,거래완료,"120,000원",잠실6동,2026-08-03,1,0,43,40.9℃,Jeffrey,생활가전,,"풀리오 종아리 마사지기 V3 판매해요.
무선으로 5,000mAh 대용량 배터리를 탑재했어요
종아리 마사지기 본품과 충전 케이블, 설명서, 파우치까지 모두 포함되어 있어요. 포장도 뜯지 않은 새제품입니다.",120000
전자기기,풀리오 마사지 기기,풀리오 넥풀러 목어깨 마사지기,거래완료,"90,000원",잠실본동,2026-07-04,1,1,17,41.7℃,이카,생활가전,,"목과 어깨의 편안함을 위한 풀리오 넥풀러 마사지기예요
집에서 간편하게 목과 어깨를 시원하게 풀어보세요
구성품 모두 포함되어 있으며, 사진으로 확인 가능해요
목과 어깨 뭉친 근육을 풀어주어 활력을 되찾고 싶은 분들께 추천드려요",90000
전자기기,풀리오 마사지 기기,풀리오 미니맥스 마사지건 보라색❤️(새상품),거래완료,"20,000원",잠실동,2026-07-04,3,1,,42.8℃,싸게가져가세요,생활가전,,"풀리오 미니맥스 마사지건 보라색상이에요
구성품은 본체, 충전기, 추가 헤드, 파우치, 설명서가 포함되어 있어요
컴팩트한 사이즈로 휴대하기 좋아요
뭉친 근육을 풀어주어 활력을 되찾고 싶은 분들께 추천드려요~^^

정가:39900

20000원에 싸게 가져가세요❤️",20000
전자기기,풀리오 마사지 기기,풀리오 목어깨 마사지기 V2 송파,거래완료,"57,000원",오금동,2026-07-04,1,1,43,40.6℃,이쁜천사,디지털기기,,"목과 어깨의 피로를 풀어주는 풀리오 목어깨 마사지기 V2예요
사진에서 보이는 것처럼 개봉안한 새제품 입니다

https://naver.me/F7Fnde3g

구성품은 본체와 충전기입니다
뭉친 근육을 시원하게 풀어주어 편안함을 선사할 거예요",57000
전자기기,풀리오 마사지 기기,풀리오 풀리지 허벅지 마사지기 (미개봉새제품),거래완료,"160,000원",가락본동,2026-07-04,2,3,55,38.1℃,지우개,뷰티/미용,오금역 직거래 가능하고 문고리거래시 조금 더 네고 가능합니다 🙃,"허벅지, 종아리, 발 마사지가 가능한 풀리오 풀리지 허벅지 마사지기예요 ㅎ
가지고 있는데 추가로 생일선물이 들어와서 판매합니다.
오금역 직거래 가능하고 문고리거래시 조금 더 네고 가능합니다 🙃",160000
전자기기,풀리오 마사지 기기,🌟 [미개봉 새제품] 풀리오 종아리 마사지기 V3 팝니다 🌟,거래완료,"105,000원",문정동,2026-07-04,2,0,41,48.4℃,캐슬찬,생활가전,,"풀리오 종아리 마사지기 V3 판매합니다. 2026년 05월에 생산된 완전 새 제품이며, 미개봉 상품입니다.

경품으로 당첨됐는데 전 쓸 일이 없어서 판매합니다.

오래 서서 일하시는 분들이나 주부 분들, 어르신 분들께 추천 드립니다. 편하게 연락 주세요!",105000
전자기기,풀리오 마사지 기기,풀리오 등허리 쿠션 마사지기,거래완료,"60,000원",문정1동,2026-08-03,1,0,11,45.7℃,LifeIsGood,생활가전,,"풀리오 등허리 쿠션 마사지기예요
사진에서 보이는 것처럼 깔끔한 디자인을 자랑해요
편안한 휴식을 도와줄 제품이랍니다
장시간 앉아있는 분들에게 편안함을 선사할 거예요",60000
전자기기,풀리오 마사지 기기,풀리오 V2 목어깨 마사지기 (미개봉),거래완료,"40,000원",장지동,2026-08-24,0,2,22,77.7℃,초얃,디지털기기,,"풀리오 V2 목어깨 마사지기 새제품입니다
박스 개봉도 하지 않은 미개봉 상품이에요
목과 어깨의 뭉친 근육을 시원하게 풀어주는 마사지기입니다
피로를 풀고 싶은 분들께 추천드려요",40000
전자기기,풀리오 마사지 기기,풀리오 종아리 마사지기 퍼플,거래완료,"50,000원",잠실3동,2026-08-03,3,2,84,41.9℃,꾸미,생활가전,잠실 학원사거리 또는 잠실역서 직거래,"풀리오 종아리 마사지기 퍼플 색상

최초 단1회 사용만 해본 거의 새제품 입니다 

종아리가 굵어서 그런가 꽉끼고 아파서 못할꺼 같아 아깝지만 필요하신 다른분께 판매합니다
현재 박스가 없어 싸게 내놓습니다 득템하세요

구성품은 사진에 보이는 마사지기 본체와 사용 설명서, 충전 케이블입니다

잠실 학원사거리 또는 잠실역서 직거래",50000
전자기기,풀리오 마사지 기기,풀리오 미니맥스 마사지건 퍼플 풀세트,거래완료,"25,000원",잠실본동,2026-07-04,2,1,33,37℃,기분좋은하루되세요,생활가전,삼전역 1번출구,,25000
전자기기,풀리오 마사지 기기,<마지막 가격내림>풀리오 폴더백 마사지 매트,거래완료,"95,000원",잠실본동,2026-08-03,1,5,113,37.8℃,Ghjin,생활가전,"직거래 희망하며, 중고 특성상 교환 및 환불은 어려운 점 양해 부탁드립니다.","안녕하세요.

풀리오 폴더백 마사지 매트 판매합니다.

* 정상 작동 확인 완료
* 리모컨, 전원 어댑터 포함
* 사용 후 깨끗하게 보관
* 접어서 보관 가능해 공간 차지 적습니다.
* 온열 및 마사지 기능 모두 이상 없습니다.

생활기스 정도의 사용감은 있지만 전반적으로 상태 좋습니다.

직거래 희망하며, 중고 특성상 교환 및 환불은 어려운 점 양해 부탁드립니다.
관심 있으시면 편하게 채팅 주세요. 😊


사진에서 보이는 것처럼 구성품 모두 포함되어 있어요
집에서 편안하게 마사지를 즐길 수 있는 제품이에요
뭉친 근육을 풀어주어 활력을 되찾고 싶은 분들께 추천드려요",95000
전자기기,풀리오 마사지 기기,풀리오 발 & 종아리 마사지 부츠 네이비,거래완료,"110,000원",삼전동,2026-08-03,1,1,74,42.2℃,Sam,뷰티/미용,,"풀리오 발 & 종아리 마사지 부츠 네이비 색상입니다.

충전해서 사용하는 무선 제품이라 편리합니다.

충전기도C type이라 핸드폰 충전기와 동일하게 사용할 수 있어요. 구성품없이 본품만 있습니다.

다양한 모드로 원하는 강도로 마사지를 받을 수 있어요.
하루의 피로를 풀어줄 마사지 부츠로 활력을 되찾아보세요.

쿠팡 링크 https://link.coupang.com/a/fS8XyN4WfA?abTestInfo=100412_group_A",110000
전자기기,풀리오 마사지 기기,풀리오 종아리 마사지기 V3 퍼플,거래완료,"99,000원",잠실2동,2026-08-03,1,7,99,38℃,amy,생활가전,,"풀리오 종아리 마사지기 V3 퍼플 색상이에요
본체, 충전기, 설명서, 파우치까지 모두 포함되어 있어요
사진에서 보시는 것처럼 구성품 모두 깨끗하게 보관되어 있답니다
다리 붓기나 피로를 자주 느끼시는 분들께 추천드려요

선물받아서 딱 한번 썼는데
전 다리가 안붓는 스탈이라 딱히 필요가 없네요^^

필요하신분은 요기나게 쓰실듯요~",99000
전자기기,풀리오 마사지 기기,풀리오 마사지 부츠 화이트,거래완료,"82,000원",잠실2동,2026-08-03,1,1,72,38.3℃,ivory719,뷰티/미용,,"풀리오 풀리션 마사지부츠 판매합니다 :)

구매 후 몇 번 사용하지 않아 전체적으로 상태 좋습니다.
사진에서 보시는 것처럼 오염이나 눈에 띄는 사용감 거의 없이 깨끗하게 보관했습니다.

• 정상 작동 확인
• 양쪽 마사지부츠 세트
• 충전 케이블 포함
• 정품 박스 보유
• 깨끗하게 사용 및 보관

발부터 종아리까지 한 번에 마사지할 수 있어 편하고, 공기압으로 전체적으로 잡아주는 제품이에요.

사용 빈도가 많지 않아 정리하면서 판매합니다.
직접 상태 확인하시고 가져가셔도 됩니다 :)",82000
전자기기,풀리오 마사지 기기,풀리오 풀리지 허벅지 종아리 마사지기(3회사용),거래완료,"150,000원",잠실2동,2026-07-04,3,6,103,41.9℃,숙원마마,뷰티/미용,,"3주전 구매해서 3회 사용한 거의 새상품입니다.
박스포함해서 구성품 빠짐없이 있어요.

https://m.puliodays.com/product/풀리오-풀리지-허벅지-마사지기/287/category/47/display/1/",150000
전자기기,풀리오 마사지 기기,풀리오 목 어깨 마사지기,거래완료,"32,000원",잠실동,2026-07-04,9,8,227,42.9℃,아롱,생활가전,잠실새내역,"본체만 드려요!!! 깨끗함, 사용감 거의 없음 
지금 밖이라 홈페이지 사진 첨부합니다",32000
전자기기,풀리오 마사지 기기,풀리오 종아리 마사지기 퍼플,거래완료,"20,000원",잠실동,2026-07-04,5,2,163,39.2℃,aaqa,생활가전,주변 오피스텔,"풀리오 종아리 마사지기입니다
허벅지까지 되능걸 사서 팔아요",20000
전자기기,풀리오 마사지 기기,(미개봉새상품) 풀리오 미니맥스 마사지건,거래완료,"36,000원",가락1동,2026-08-12,2,0,20,44.1℃,농이,생활가전,송파역 석촌역 가락시장역 직거래 가능,"풀리오 미니맥스 마사지건입니다.
선물 받았는데 뜯지도 않고 사용 안해서 판매해요.

7.4V / 580mAh 배터리가 탑재되어 있고, 93.5 x 83.5 x 39 mm 사이즈에 190g 무게로 휴대하기 좋아요.

송파역 석촌역 가락시장역 직거래 가능",36000
전자기기,풀리오 마사지 기기,풀리오 종아리 마사지기 V3 새상품♡♡ 송파,거래완료,"100,000원",풍납1동,2026-05-05,51,53,880,55.9℃,쭈미,뷰티/미용,,"종아리마사지기로 유명한 풀리오 V3

새상품 ♡정품♡ 최신상품
몇개만 이 가격에 드릴수있어서
관심 있으신분 연락주세요^^

택배로 보내드립니다
선물용으로도 가능합니다♡",100000
전자기기,풀리오 마사지 기기,풀리오 V3 종아리마사지기 ♡ 최신새상품 송파,거래완료,"100,000원",풍납1동,2026-04-05,65,42,1070,55.9℃,쭈미,뷰티/미용,,"종아리마사지기로 유명한 풀리오 V3

새상품 ♡정품♡ 최신상품
몇개만 이 가격에 드릴수있어서
관심 있으신분 연락주세요^^

택배로 보내드립니다",100000
전자기기,풀리오 마사지 기기,풀리오 목 어깨 마사지기 2회사용 송파,거래완료,"55,000원",풍납동,2026-07-04,0,1,21,67℃,휘리릭뿅,생활가전,,"목과 어깨의 뭉친 근육을 시원하게 풀어주는 풀리오 목 어깨 마사지기예요
보라색 컬러로 예쁘고, 사용법도 간편해서 누구나 쉽게 사용할 수 있어요
사진에서 보이는 것처럼 구성품 모두 잘 갖춰져 있답니다
하루의 피로를 풀어줄 마사지기로 편안한 휴식을 경험해보세요

구매 후 2회사용
상자까지 있습니다",55000
전자기기,풀리오 마사지 기기,풀리오 에어 괄사 마사지기 네이비,거래완료,"30,000원",방이1동,2026-07-04,1,4,70,46.3℃,비엔나,뷰티/미용,문고리거래,"구매하고 재충전 한번도 안할정도로 몇번안써서 상태 좋아요!
문고리거래",30000
전자기기,풀리오 마사지 기기,풀리오 종아리 허벅지 마사지기 퍼플 송파,거래완료,"135,000원",풍납동,2026-08-13,1,8,199,46.1℃,식덕,생활가전,문고리 혹은 택배거래해요~,"풀리오 종아리 허벅지 마사지기 퍼플 색상이에요
구성품은 사진에 보이는 그대로입니다
박스채로 보관중입니다
임신때부터 출산해서 쓰려고 했는데
걍 마사지를 다니다보니
거의 못썼어요..
실사용 5회 미만입니다
거의 새거에요
그냥 종아리만 하는거보다
종아리+허벅지 같이 하는 모델이라 훨 좋아요
집정리겸 싸게올립니다~

문고리 혹은 택배거래해요~",135000
전자기기,풀리오 마사지 기기,풀리오 종아리 마사지기 V3 미개봉 송파,거래완료,"110,000원",풍납동,2026-08-03,3,3,91,37.8℃,fhffh3,디지털기기,,"풀리오 종아리 마사지기v3 미개봉 제품 판매합니다
구성품 모두 포함되어있고 깔끔하게 포장되어있습니다
집에 있는데 선물받아서 판매합니다",110000
전자기기,풀리오 마사지 기기,풀리오 목어깨마사지 v2 송파,거래완료,"40,000원",풍납2동,2026-08-06,1,2,58,48.7℃,키릿,디지털기기,,"1-2번 사용하고 짐 정리차 판매해요.

사진 나온 구성 다드림",40000
전자기기,풀리오 마사지 기기,풀리오 목어깨 마사지기 V3 송파,거래완료,"60,000원",풍납동,2026-08-03,1,2,47,40.9℃,감자05,생활가전,,"목과 어깨의 피로를 풀어줄 풀리오 목어깨 마사지기 V3.
인터넷가 9만원인데 6만원에 팝니다.
한번 테스트로 써봤습니다.
",60000
전자기기,풀리오 마사지 기기,풀리오 목어깨 마사지기 V2 박스·정품 파우치 포함 송파,거래완료,"35,000원",풍납동,2026-08-03,1,8,118,41.6℃,풍납당근,디지털기기,,"풀리오 목어깨 마사지기 V2 입니다

📌10번 정도 사용한 제품입니다
📌정상 작동합니다 
📌박스랑 정품 파우치까지 구성품 모두 있습니다.
⚠️전체적으로 깔끔한 편이지만 중고 제품이라 약간의 사용감은 있을 수 있습니다.

#풀리오 #목어깨마시지기",35000
전자기기,풀리오 마사지 기기,풀리오 목어깨 마사지기 V2,거래완료,"40,000원",문정동,2026-08-31,2,15,99,38.8℃,살랑살랑,디지털기기,,"풀리오 목어깨 마사지기 V2 판매해요
2025년 01월 생산된 새 상품이에요
박스 구성품 그대로 있어요
목과 어깨의 뭉친 근육을 시원하게 풀어주는 마사지기랍니다
하루의 피로를 풀어줄 나만의 힐링템으로 추천드려요",40000
전자기기,풀리오 마사지 기기,풀리오 무선 손 마사지기 라벤더,거래완료,"40,000원",문정동,2026-07-04,1,0,24,38.5℃,얌얌,생활가전,,"풀리오 무선 손 마사지기 라벤더 색상이에요(박스x)
선물받았는데 이틀정도밖에 안썼어요.
생각보더 저에겐 너무 쎄서 아프네요 ㅜㅜ",40000
전자기기,풀리오 마사지 기기,풀리오 종아리 마사지기 V3 송파,거래완료,"100,000원",풍납동,2026-07-04,2,1,71,37℃,구름,생활가전,풍납동 강동구청쪽 직거래면 좋아용!,"풀리오 종아리 마사지기 V3 새상품이에요
비닐도 아예 안 뜯은 새 상품입니다.

이미 있는데 선물 받아서.. 몰래 팝니다..
잠실근처
풍납동 강동구청쪽 직거래면 좋아용! ",100000
전자기기,풀리오 마사지 기기,풀리오 목 어깨 마사지기 V3,거래완료,"90,000원",문정동,2026-07-04,2,10,256,42.7℃,해피몬,생활가전,,"새제품 작동여부 확인 후 판매합니다.
이왕 선물하거나 직접 쓰시려면 새거 쓰세요.

목과 어깨 뭉친 근육을 시원하게 풀어주는 풀리오 목 어깨 마사지기 V3
다양한 마사지 모드와 온열 기능 있습니다
내부 물건 그대로 판매합니다.",90000
전자기기,풀리오 마사지 기기,풀리오 목 어깨 마사지기 V3 미개봉 송파,거래완료,"90,000원",풍납2동,2026-08-03,1,4,116,40.1℃,루피,생활가전,,"뜯지도 않은 미개봉 새상품 입니다
선물 받았는데 집에 이미 있어 판매합니다

배송으로 인한 파손에 대해서는 책임지지 않습니다
중고제품이므로 교환 환불 안됩니다
구매하실 분만 연락 주세요
찔러보기는 XX 구매하실 분만 연락주세요
네고 안받아요",90000
전자기기,풀리오 마사지 기기,풀리오 허벅지 종아리 마사지기 퍼플,거래완료,"90,000원",문정동,2026-07-04,1,3,90,41.9℃,네스캣,뷰티/미용,,"편안한 휴식을 위한 풀리오 허벅지 종아리 마사지기예요
구성은 사진에 나와있는 마사지기, 파우치, 충전케이블입니다.
다양한 모드로 시원하게 마사지할 수 있어요
구성품 모두 사진에 나와있어요

하루의 피로를 풀어줄 마사지기를 찾으시는 분들께 추천드려요",90000
전자기기,풀리오 마사지 기기,풀리오 손 마사지기 V1 + 보관 파우치 송파,거래완료,"70,000원",풍납동,2026-07-04,1,2,52,41.9℃,so,생활가전,문고리거래도 가능합니다~,"풀리오 손 마사지기 V1 이에요
구성품은 본체, 충전 케이블, 사용 설명서, 보관 파우치 모두 포함되어 있어요
5월 구매 제품으로 상태는 최상입니다.  상자까지 구매 상태 그대로입니다. 

손의 피로를 풀고 싶으신 분들에게 딱 맞는 제품이에요.

문고리거래도 가능합니다~",70000
전자기기,풀리오 마사지 기기,풀리오 목 어깨 마사지기 V2 송파,거래완료,"38,000원",풍납2동,2026-08-03,1,3,63,36.8℃,유니맘,디지털기기,,"목과 어깨의 뭉친 근육을 시원하게 풀어주는 풀리오 목 어깨 마사지기 V2예요
사진에서 보이는 것처럼 본체와 구성품 모두 깔끔하게 보관되어 있어요
목과 어깨 통증으로 힘드셨던 분들께 편안함을 선사할 거예요",38000
전자기기,풀리오 마사지 기기,풀리오 목어깨 마사지기 V2(한두번 사용),거래중,"48,000원",마천동,2026-04-05,2,13,338,43.1℃,둥그리둥,디지털기기,,"풀리오 목 어깨 마사지기 V2 모델입니다
1년 전 쯤에 샀고 한두번 사용하여 하자 전혀 없습니다",48000
전자기기,풀리오 마사지 기기,풀리오 종아리 마사지기 V2 새상품(미개봉),예약중,"68,000원",마천동,2025-11-06,4,4,107,38.1℃,당근마켓123,생활가전,,"풀리오 종아리 마사지기 V2 새상품입니다
- 5W 충전
- 3.7V 배터리
- 628x350x43mm",68000
