카테고리,검색어,제목,상태,가격,지역,등록시각,채팅수,관심수,조회수,매너온도,판매자닉네임,상세카테고리,거래희망장소,상세설명
분유포트,브레짜 분유포트,베이비브레짜 포뮬라 프로 어드밴스드 분유제조기,거래중,"180,000원",명륜1동,2026-08-23,0,1,0,36.5℃,번개장터판매자,유아동,강원특별자치도 원주시 명륜1동,[출처] 번개장터 | [분석모델] FORMULA_PRO_ADVANCED | [모델근거] text_variant | [원문링크] https://m.bunjang.co.kr/products/425317295
분유포트,브레짜 분유포트,베이비브레짜 포뮬러 프로 어드밴스 분유제조기(국내정발),거래중,"120,000원",회천2동,2026-08-11,0,0,0,36.5℃,번개장터판매자,유아동,경기도 양주시 회천2동,[출처] 번개장터 | [분석모델] FORMULA_PRO_ADVANCED | [모델근거] text_variant | [원문링크] https://m.bunjang.co.kr/products/423923400
분유포트,브레짜 분유포트,베이비브레짜 판매합니다,거래중,"105,000원",효동,2026-08-08,0,0,0,36.5℃,번개장터판매자,유아동,대전광역시 동구 효동,[출처] 번개장터 | [분석모델] 제품군 공통 | [모델근거] product_group | [원문설명] 5개월정도 사용했고 아기 새벽수유 끝나서 판매합니다 세척까지 모두 완료했어요~ 풀박스에요! | [원문링크] https://m.bunjang.co.kr/products/423543242
분유포트,브레짜 분유포트,무배/새상품급 베이비브레짜 Formula Pro Advanced 분유제조기 BRZFRP-1A,거래중,"220,000원",비전1동,2026-08-06,0,0,0,36.5℃,번개장터판매자,유아동,경기도 평택시 비전1동,[출처] 번개장터 | [분석모델] BRZFRP-1A | [모델근거] text_code | [원문링크] https://m.bunjang.co.kr/products/423296069
분유포트,브레짜 분유포트,베이비브레짜 Formula Pro Advanced 자동분유제조기(완전미개봉),거래중,"220,000원",북면,2026-07-28,0,0,0,36.5℃,번개장터판매자,유아동,경상남도 창원시 의창구 북면,[출처] 번개장터 | [분석모델] FORMULA_PRO_ADVANCED | [모델근거] text_variant | [원문링크] https://m.bunjang.co.kr/products/422193500
분유포트,브레짜 분유포트,베이비브레짜 분유제조기 미개봉 새상품,거래중,"200,000원",,2026-07-24,0,4,0,36.5℃,번개장터판매자,유아동,,[출처] 번개장터 | [분석모델] FORMULA_PRO | [모델근거] text_variant | [원문링크] https://m.bunjang.co.kr/products/410822830
분유포트,브레짜 분유포트,무배/바배 베이비브레짜 자동분유제조기 신형 (BRZFRP-1A),거래중,"220,000원",비전1동,2026-07-24,0,0,0,36.5℃,번개장터판매자,유아동,경기도 평택시 비전1동,[출처] 번개장터 | [분석모델] BRZFRP-1A | [모델근거] text_code | [원문링크] https://m.bunjang.co.kr/products/421715486
분유포트,브레짜 분유포트,브레짜 자동 분유 제조기,예약중,"45,000원",,2026-07-22,0,0,0,36.5℃,번개장터판매자,유아동,,[출처] 번개장터 | [분석모델] FORMULA_PRO | [모델근거] text_variant | [원문링크] https://m.bunjang.co.kr/products/421450966
분유포트,브레짜 분유포트,베이비브레짜 신형 자동 분유제조기 BRZFRP-1A,거래중,"94,000원",,2026-07-18,0,1,0,36.5℃,번개장터판매자,유아동,,[출처] 번개장터 | [분석모델] BRZFRP-1A | [모델근거] text_code | [원문링크] https://m.bunjang.co.kr/products/420529965
분유포트,브레짜 분유포트,베이비브레짜 분유제조기 + 유팡소득기,거래중,"140,000원",세류1동,2026-07-11,0,1,0,36.5℃,번개장터판매자,유아동,경기도 수원시 권선구 세류1동,[출처] 번개장터 | [분석모델] FORMULA_PRO | [모델근거] text_variant | [원문링크] https://m.bunjang.co.kr/products/419250379
분유포트,브레짜 분유포트,베이비브레짜 분유제조기 최신형 새상품 미개봉,예약중,"189,000원",,2026-07-04,0,0,0,36.5℃,번개장터판매자,유아동,,[출처] 번개장터 | [분석모델] FORMULA_PRO | [모델근거] text_variant | [원문링크] https://m.bunjang.co.kr/products/417691302
분유포트,브레짜 분유포트,베이비 브레짜 분유제조기,거래중,"100,000원",동탄9동,2026-07-02,0,2,0,36.5℃,번개장터판매자,유아동,경기도 화성시 동탄구 동탄9동,[출처] 번개장터 | [분석모델] FORMULA_PRO | [모델근거] text_variant | [원문링크] https://m.bunjang.co.kr/products/417497884
분유포트,브레짜 분유포트,베이비브레짜 분유제조기,거래중,"37,000원",,2026-05-20,0,3,0,36.5℃,번개장터판매자,유아동,,[출처] 번개장터 | [분석모델] FORMULA_PRO | [모델근거] text_variant | [원문링크] https://m.bunjang.co.kr/products/401570375
분유포트,브레짜 분유포트,베이비 브레짜 분유제조기,거래중,"205,000원",이동읍,2026-04-07,0,1,0,36.5℃,번개장터판매자,유아동,경기도 용인시 처인구 이동읍,[출처] 번개장터 | [분석모델] FORMULA_PRO | [모델근거] text_variant | [원문링크] https://m.bunjang.co.kr/products/399994808
분유포트,브레짜 분유포트,베이비브레짜 분유제조기(미사용새상품),거래중,"210,000원",,2026-03-12,0,3,0,36.5℃,번개장터판매자,유아동,,[출처] 번개장터 | [분석모델] FORMULA_PRO | [모델근거] text_variant | [원문링크] https://m.bunjang.co.kr/products/394718349
분유포트,브레짜 분유포트,베이비브레짜 Formula Pro Advanced 자동분유제조기,거래중,"260,000원",도화동,2026-02-23,0,0,0,36.5℃,번개장터판매자,유아동,서울특별시 마포구 도화동,[출처] 번개장터 | [분석모델] FORMULA_PRO_ADVANCED | [모델근거] text_variant | [원문링크] https://m.bunjang.co.kr/products/390990692
분유포트,브레짜 분유포트,브레짜 분유제조기 가방포함 깔대기 5개,거래중,"120,000원",,2026-02-06,0,0,0,36.5℃,번개장터판매자,유아동,,[출처] 번개장터 | [분석모델] FORMULA_PRO | [모델근거] text_variant | [원문링크] https://m.bunjang.co.kr/products/350490000
분유포트,브레짜 분유포트,베이비 브레짜 화이트,거래중,"210,000원",용강동,2026-01-20,0,1,0,36.5℃,번개장터판매자,유아동,경상북도 경주시 용강동,"[출처] 번개장터 | [분석모델] FORMULA_PRO | [모델근거] detail_text_variant | [원문설명] 베이비 브레짜 출수형 분유제조기 화이트색상입니다. 2025.1.30. 구매했고, 구매해서 5월에 세척하고 한번도 사용안한 제품입니다. 손으로 타는게 익숙해져서 세척만 한번하고 그대로 두었습니다. 깔때기는 하나 더 구매해서 총 2개입니다. 박스, 설명서 다 있습니다. | [원문링크] https://m.bunjang.co.kr/products/383711612"
분유포트,브레짜 분유포트,베이비브레짜분유제조기,거래중,"300,000원",진잠동,2025-12-18,0,0,0,36.5℃,번개장터판매자,유아동,대전광역시 유성구 진잠동,[출처] 번개장터 | [분석모델] FORMULA_PRO | [모델근거] text_variant | [원문링크] https://m.bunjang.co.kr/products/376828224
분유포트,브레짜 분유포트,브레짜 분유제조기,거래중,"35,000원",,2025-12-14,0,2,0,36.5℃,번개장터판매자,유아동,,[출처] 번개장터 | [분석모델] FORMULA_PRO | [모델근거] text_variant | [원문링크] https://m.bunjang.co.kr/products/375978703
분유포트,브레짜 분유포트,브레짜 분유제조기,거래중,"210,000원",,2025-11-16,0,0,0,36.5℃,번개장터판매자,유아동,,[출처] 번개장터 | [분석모델] FORMULA_PRO | [모델근거] text_variant | [원문링크] https://m.bunjang.co.kr/products/369596804
분유포트,브레짜 분유포트,베이비 브레짜 자동 분유 제조기,거래중,"270,000원",,2025-10-14,0,0,0,36.5℃,번개장터판매자,유아동,,[출처] 번개장터 | [분석모델] FORMULA_PRO | [모델근거] text_variant | [원문링크] https://m.bunjang.co.kr/products/362536787
분유포트,브레짜 분유포트,26년1월구매) 베이비브레짜 자동 분유제조기,거래완료,"150,000원",답십리제1동,2026-07-13,0,1,0,36.5℃,번개장터판매자,유아동,서울특별시 동대문구 답십리제1동,[출처] 번개장터 | [분석모델] FORMULA_PRO | [모델근거] text_variant | [원문링크] https://m.bunjang.co.kr/products/419735206
분유포트,브레짜 분유포트,2026년 6월구매 베이비 브레짜 분유제조기,거래완료,"150,000원",광교2동,2026-07-11,0,1,0,36.5℃,번개장터판매자,유아동,경기도 수원시 영통구 광교2동,[출처] 번개장터 | [분석모델] FORMULA_PRO | [모델근거] text_variant | [원문링크] https://m.bunjang.co.kr/products/419162149
분유포트,브레짜 분유포트,베이비브레짜 분유제조기,거래완료,"210,000원",사당제2동,2026-06-20,0,0,0,36.5℃,번개장터판매자,유아동,서울특별시 동작구 사당제2동,[출처] 번개장터 | [분석모델] FORMULA_PRO | [모델근거] text_variant | [원문링크] https://m.bunjang.co.kr/products/415074216
분유포트,브레짜 분유포트,"[DDB하남,S급] 베이비브레짜 신형 자동 분유제조기 BRZFRP-2A",거래완료,"90,000원",,2026-06-13,0,1,0,36.5℃,번개장터판매자,유아동,,[출처] 번개장터 | [분석모델] BRZFRP-2A | [모델근거] text_code | [원문링크] https://m.bunjang.co.kr/products/410648727
분유포트,브레짜 분유포트,브레짜 분유제조기,거래완료,"70,000원",,2026-06-08,0,0,0,36.5℃,번개장터판매자,유아동,,[출처] 번개장터 | [분석모델] FORMULA_PRO | [모델근거] text_variant | [원문링크] https://m.bunjang.co.kr/products/413117417
밥솥,쿠쿠 밥솥,쿠쿠 트윈프레셔 저당 IH밥솥 새제품,거래중,"459,000원",풍암동,2026-08-27,0,8,0,36.5℃,번개장터판매자,생활가전,광주광역시 서구 풍암동,"[출처] 번개장터 | [분석모델] CRP-KHLR1010FG | [모델근거] detail_text_code | [원문설명] 쿠쿠 트윈프레셔 IH 저당밥솥 CRP-KHLR1010FG 미개봉 새제품입니다. 직거래/택배거래 가능해요. 용량 : 10인용 소비전력 : 1,4550W 무게 : 9kg | [원문링크] https://m.bunjang.co.kr/products/371762188"
밥솥,쿠쿠 밥솥,쿠쿠 CRP-QS107FG 로즈골드 전기밥솥,거래중,"139,000원",,2026-08-27,0,1,0,36.5℃,번개장터판매자,생활가전,,[출처] 번개장터 | [분석모델] CRP-QS107FG | [모델근거] text_code | [원문링크] https://m.bunjang.co.kr/products/373012988
밥솥,쿠쿠 밥솥,쿠쿠 미니 에그밥솥(상태좋음),거래중,"50,000원",용호제3동,2026-08-27,0,0,0,36.5℃,번개장터판매자,생활가전,부산광역시 남구 용호제3동,[출처] 번개장터 | [분석모델] 미니에그밥솥 | [모델근거] text_variant | [원문링크] https://m.bunjang.co.kr/products/426141604
밥솥,쿠쿠 밥솥,쿠쿠 30인용 업소용 대용량 전기보온밥솥 CR-3055B,거래중,"78,000원",,2026-08-27,0,0,0,36.5℃,번개장터판매자,생활가전,,[출처] 번개장터 | [분석모델] CR-3055B | [모델근거] text_code | [원문링크] https://m.bunjang.co.kr/products/426131270
밥솥,쿠쿠 밥솥,쿠쿠 10인용 전기압력밥솥 CRP-QK1010BUG,거래중,"110,000원",,2026-08-27,0,0,0,36.5℃,번개장터판매자,생활가전,,[출처] 번개장터 | [분석모델] CRP-QK1010BUG | [모델근거] text_code | [원문링크] https://m.bunjang.co.kr/products/426127336
밥솥,쿠쿠 밥솥,CUCKOO 전기밥솥 6인용 저렴하게 구입하세요,거래중,"30,000원",,2026-08-27,0,0,0,36.5℃,번개장터판매자,생활가전,,[출처] 번개장터 | [분석모델] 전기보온밥솥_6인용 | [모델근거] text_variant | [원문링크] https://m.bunjang.co.kr/products/425805385
밥솥,쿠쿠 밥솥,쿠쿠 전기IH압력밥솥 6인용 음성기능 저렴하게 구입하세요,거래중,"70,000원",,2026-08-27,0,2,0,36.5℃,번개장터판매자,생활가전,,[출처] 번개장터 | [분석모델] IH압력밥솥_6인용 | [모델근거] text_variant | [원문링크] https://m.bunjang.co.kr/products/424664976
밥솥,쿠쿠 밥솥,쿠쿠밥솥 미개봉 팔아요,거래중,"270,000원",,2026-08-27,0,9,0,36.5℃,번개장터판매자,생활가전,,[출처] 번개장터 | [분석모델] 제품군 공통 | [모델근거] product_group | [원문설명] 쿠쿠 2기압 초고압 밥솥 미개봉 새 상품입니다. 고화력 IH 무압 방식으로 맛있는 밥을 지을 수 있습니다. 박스에 모델명 06이라고 적혀있네요. 구매 원하시면 바로 안전결제 해주시면 됩니다! 또 배송비는 무료로 해드려요 이번주 내로 사시면 만원 네고 가능해요~~!! | [원문링크] https://m.bunjang.co.kr/products/415446195
밥솥,쿠쿠 밥솥,(쿠쿠) RT067FP 압력밥솥 6인용 초고압 무압취사 음성안내 자동세척,거래중,"52,000원",,2026-08-27,0,5,0,36.5℃,번개장터판매자,생활가전,,[출처] 번개장터 | [분석모델] RT067FP | [모델근거] text_code | [원문링크] https://m.bunjang.co.kr/products/409731796
밥솥,쿠쿠 밥솥,<새 상품> 정품 쿠쿠 밥솥,거래중,"275,000원",남산면,2026-08-27,0,5,0,36.5℃,번개장터판매자,생활가전,강원특별자치도 춘천시 남산면,[출처] 번개장터 | [분석모델] IH압력밥솥_6인용 | [모델근거] detail_text_variant | [원문설명] 언제든 문의 주세요~ | [원문링크] https://m.bunjang.co.kr/products/402913359
밥솥,쿠쿠 밥솥,쿠쿠 IH압력밥솥 1등급 음성가드  무압.고압취사,거래중,"140,000원",오류동,2026-08-27,0,19,0,36.5℃,번개장터판매자,생활가전,대전광역시 중구 오류동,[출처] 번개장터 | [분석모델] IH압력밥솥 | [모델근거] text_variant | [원문링크] https://m.bunjang.co.kr/products/403202375
밥솥,쿠쿠 밥솥,쿠쿠 IH압력밥솥 음성가드 1등급  고급형,거래중,"135,000원",오류동,2026-08-27,0,8,0,36.5℃,번개장터판매자,생활가전,대전광역시 중구 오류동,[출처] 번개장터 | [분석모델] IH압력밥솥 | [모델근거] text_variant | [원문링크] https://m.bunjang.co.kr/products/397118616
밥솥,쿠쿠 밥솥,쿠쿠 IH 밥솥 HUF10BS,거래중,"85,000원",,2026-08-27,0,1,0,36.5℃,번개장터판매자,생활가전,,"[출처] 번개장터 | [분석모델] 제품군 공통 | [모델근거] product_group | [원문설명] 쿠쿠 IH 밥솥 HUF10BS 모델입니다. 밥솥 외관에 약간의 생활 기스가 있지만, 전체적으로 깨끗하게 사용했습니다. IH 가열 방식으로 맛있는 밥을 지을 수 있습니다. 구매 원하시면 바로 안전결제 해주시면 됩니다! 제조년월 24년 6월 입니다. | [원문링크] https://m.bunjang.co.kr/products/424861557"
밥솥,쿠쿠 밥솥,쿠쿠 6인용 IH 압력밥솥 FHR0610FD(급처분),거래중,"115,000원",,2026-08-27,0,7,0,36.5℃,번개장터판매자,생활가전,,[출처] 번개장터 | [분석모델] IH압력밥솥_6인용 | [모델근거] text_variant | [원문링크] https://m.bunjang.co.kr/products/402469275
밥솥,쿠쿠 밥솥,쿠쿠 전기밥솥,거래중,"25,000원",,2026-08-27,0,5,0,36.5℃,번개장터판매자,생활가전,,[출처] 번개장터 | [분석모델] 전기보온밥솥 | [모델근거] text_variant | [원문링크] https://m.bunjang.co.kr/products/385694806
밥솥,쿠쿠 밥솥,쿠쿠 IH 전기압력밥솥,거래중,"50,000원",,2026-08-27,0,2,0,36.5℃,번개장터판매자,생활가전,,[출처] 번개장터 | [분석모델] IH압력밥솥 | [모델근거] text_variant | [원문링크] https://m.bunjang.co.kr/products/407421528
밥솥,쿠쿠 밥솥,89  쿠쿠6인용 전기압력밥솥,거래중,"150,000원",,2026-08-27,0,4,0,36.5℃,번개장터판매자,생활가전,,[출처] 번개장터 | [분석모델] 전기압력밥솥_6인용 | [모델근거] text_variant | [원문링크] https://m.bunjang.co.kr/products/399728996
밥솥,쿠쿠 밥솥,94 쿠쿠10인용 전기압력밥솥,거래중,"140,000원",,2026-08-27,0,10,0,36.5℃,번개장터판매자,생활가전,,[출처] 번개장터 | [분석모델] 전기압력밥솥_10인용 | [모델근거] text_variant | [원문링크] https://m.bunjang.co.kr/products/393842634
밥솥,쿠쿠 밥솥,24. 쿠쿠6인용 전기압력밥솥,거래중,"70,000원",,2026-08-27,0,8,0,36.5℃,번개장터판매자,생활가전,,[출처] 번개장터 | [분석모델] 전기압력밥솥_6인용 | [모델근거] text_variant | [원문링크] https://m.bunjang.co.kr/products/315311099
밥솥,쿠쿠 밥솥,5419   쿠쿠6인용 전기압력밥솥,거래중,"110,000원",,2026-08-27,0,17,0,36.5℃,번개장터판매자,생활가전,,[출처] 번개장터 | [분석모델] 전기압력밥솥_6인용 | [모델근거] text_variant | [원문링크] https://m.bunjang.co.kr/products/283981592
밥솥,쿠쿠 밥솥,쿠쿠 IH 전기밥솥 JHT0610FS,거래중,"92,000원",새솔동,2026-08-27,0,2,0,36.5℃,번개장터판매자,생활가전,경기도 화성시 만세구 새솔동,[출처] 번개장터 | [분석모델] 전기보온밥솥 | [모델근거] text_variant | [원문링크] https://m.bunjang.co.kr/products/424618864
밥솥,쿠쿠 밥솥,쿠쿠10인용 압력밥솥,거래중,"59,000원",호평동,2026-08-27,0,0,0,36.5℃,번개장터판매자,생활가전,경기도 남양주시 호평동,[출처] 번개장터 | [분석모델] 전기압력밥솥_10인용 | [모델근거] text_variant | [원문링크] https://m.bunjang.co.kr/products/424455151
밥솥,쿠쿠 밥솥,쿠쿠 IH 압력밥솥 3~4인용,거래중,"54,000원",용호제3동,2026-08-27,0,0,0,36.5℃,번개장터판매자,생활가전,부산광역시 남구 용호제3동,[출처] 번개장터 | [분석모델] IH압력밥솥 | [모델근거] text_variant | [원문링크] https://m.bunjang.co.kr/products/425518325
밥솥,쿠쿠 밥솥,쿠쿠 10인용 2기압 압력밥솥 FHR1010FG,거래중,"90,000원",,2026-08-27,0,1,0,36.5℃,번개장터판매자,생활가전,,[출처] 번개장터 | [분석모델] 전기압력밥솥_10인용 | [모델근거] text_variant | [원문링크] https://m.bunjang.co.kr/products/424280414
밥솥,쿠쿠 밥솥,쿠쿠 IH 밥솥 HWXF1070FR 레드,거래중,"69,000원",가락2동,2026-08-27,0,0,0,36.5℃,번개장터판매자,생활가전,서울특별시 송파구 가락2동,"[출처] 번개장터 | [분석모델] IH압력밥솥_10인용 | [모델근거] detail_text_variant | [원문설명] 쿠쿠 IH 밥솥 HWXF1070FR 레드 색상입니다. 다양한 요리 기능과 자동 세척 기능이 있습니다. 밥솥 하단에 물이 흘러내린 흔적이 있지만, 사용에는 지장 없습니다. 구매 원하시면 바로 안전결제 해주시면 됩니다! 쿠쿠 스마트 IH 압력밥솥 10인용입니다 사진에서 보시는 것처럼 깔끔한 상태를 유지하고 있어요 IH 압력 방식으로 맛있는 밥을 지을 수 있답니다 매일 따뜻하고 맛있는 밥을 드시고 싶은 분들께 추천드려요 가전제품이라 무게가있어서 배송원하시면 서울시 송파구 성남지역은 배송비1만원 받고 배달가능합니다 ~**~ | [원문링크] https://m.bunjang.co.kr/products/425984958"
밥솥,쿠쿠 밥솥,쿠쿠 IH 전기밥솥 HWF1060FB,거래중,"69,000원",가락2동,2026-08-27,0,0,0,36.5℃,번개장터판매자,생활가전,서울특별시 송파구 가락2동,[출처] 번개장터 | [분석모델] 전기보온밥솥 | [모델근거] text_variant | [원문링크] https://m.bunjang.co.kr/products/425984313
밥솥,쿠쿠 밥솥,쿠쿠 전기밥솥 CR-0681Y 6인용,거래중,"70,000원",,2026-08-27,0,2,0,36.5℃,번개장터판매자,생활가전,,[출처] 번개장터 | [분석모델] CR-0681Y | [모델근거] text_code | [원문링크] https://m.bunjang.co.kr/products/422258163
밥솥,쿠쿠 밥솥,밥솥 < 쿠쿠 CR-0675FW 6인용 > 팝니다,거래중,"30,000원",고강본동,2026-08-26,0,0,0,36.5℃,번개장터판매자,생활가전,경기도 부천시 오정구 고강본동,[출처] 번개장터 | [분석모델] CR-0675FW | [모델근거] text_code | [원문링크] https://m.bunjang.co.kr/products/425962800
밥솥,쿠쿠 밥솥,쿠쿠 6인용 압력밥솥,거래중,"45,000원",,2026-08-26,0,3,0,36.5℃,번개장터판매자,생활가전,,[출처] 번개장터 | [분석모델] 전기압력밥솥_6인용 | [모델근거] text_variant | [원문링크] https://m.bunjang.co.kr/products/425018319
밥솥,쿠쿠 밥솥,쿠쿠압력밥솥,거래중,"70,000원",구포제3동,2026-08-26,0,0,0,36.5℃,번개장터판매자,생활가전,부산광역시 북구 구포제3동,[출처] 번개장터 | [분석모델] 전기압력밥솥 | [모델근거] text_variant | [원문링크] https://m.bunjang.co.kr/products/425868105
밥솥,쿠쿠 밥솥,쿠쿠 IH 10인용 스마트 IH 밥솥 JHR1020FD,거래중,"90,000원",,2026-08-26,0,0,0,36.5℃,번개장터판매자,생활가전,,[출처] 번개장터 | [분석모델] JHR1020FD | [모델근거] text_code | [원문링크] https://m.bunjang.co.kr/products/425817034
밥솥,쿠쿠 밥솥,쿠쿠 전기밥솥 6인용 레드,거래중,"37,000원",지동,2026-08-26,0,1,0,36.5℃,번개장터판매자,생활가전,경기도 수원시 팔달구 지동,[출처] 번개장터 | [분석모델] 전기보온밥솥_6인용 | [모델근거] text_variant | [원문링크] https://m.bunjang.co.kr/products/418041920
밥솥,쿠쿠 밥솥,쿠쿠 전기밥솥압력밥솥주방인덕션잔자렌지앰비프라이팬쿠첸,거래중,"15,000원",,2026-08-26,0,0,0,36.5℃,번개장터판매자,생활가전,,[출처] 번개장터 | [분석모델] 전기압력밥솥 | [모델근거] text_variant | [원문링크] https://m.bunjang.co.kr/products/425256560
밥솥,쿠쿠 밥솥,쿠쿠 IH 전기밥솥 DHP0610FD,거래중,"90,000원",영통2동,2026-08-26,0,0,0,36.5℃,번개장터판매자,생활가전,경기도 수원시 영통구 영통2동,[출처] 번개장터 | [분석모델] 전기보온밥솥 | [모델근거] text_variant | [원문링크] https://m.bunjang.co.kr/products/425787456
밥솥,쿠쿠 밥솥,쿠쿠10인용 압력밥솥,거래중,"49,900원",호평동,2026-08-26,0,0,0,36.5℃,번개장터판매자,생활가전,경기도 남양주시 호평동,[출처] 번개장터 | [분석모델] 전기압력밥솥_10인용 | [모델근거] text_variant | [원문링크] https://m.bunjang.co.kr/products/425769236
밥솥,쿠쿠 밥솥,[전기압력밥솥] 쿠쿠 6인용 IH압력밥솥 CRP-DHB0660FDM 판매합니다.,거래중,"150,000원",등촌제1동,2026-08-26,0,2,0,36.5℃,번개장터판매자,생활가전,서울특별시 강서구 등촌제1동,[출처] 번개장터 | [분석모델] CRP-DHB0660FDM | [모델근거] text_code | [원문링크] https://m.bunjang.co.kr/products/425760883
밥솥,쿠쿠 밥솥,쿠쿠 3인용 전기밥솥 압력밥솥 CRP-EHS0310FW,거래중,"50,000원",잠실3동,2026-08-26,0,6,0,36.5℃,번개장터판매자,생활가전,서울특별시 송파구 잠실3동,[출처] 번개장터 | [분석모델] CRP-EHS0310FW | [모델근거] text_code | [원문링크] https://m.bunjang.co.kr/products/423873877
밥솥,쿠쿠 밥솥,쿠쿠 2인용 마시멜로 밥솥 퓨어 핑크 CR-0215MP,거래중,"35,000원",,2026-08-26,0,0,0,36.5℃,번개장터판매자,생활가전,,[출처] 번개장터 | [분석모델] CR-0215MP | [모델근거] text_code | [원문링크] https://m.bunjang.co.kr/products/425750699
밥솥,쿠쿠 밥솥,쿠쿠10인용 압력밥솥,거래중,"129,000원",호평동,2026-08-26,0,0,0,36.5℃,번개장터판매자,생활가전,경기도 남양주시 호평동,[출처] 번개장터 | [분석모델] 전기압력밥솥_10인용 | [모델근거] text_variant | [원문링크] https://m.bunjang.co.kr/products/425727534
밥솥,쿠쿠 밥솥,쿠쿠 전기압력밥솥 6인용 CRP-N068FR,거래중,"37,000원",고한읍,2026-08-26,0,1,0,36.5℃,번개장터판매자,생활가전,강원특별자치도 정선군 고한읍,[출처] 번개장터 | [분석모델] CRP-N068FR | [모델근거] text_code | [원문링크] https://m.bunjang.co.kr/products/424668790
밥솥,쿠쿠 밥솥,쿠쿠IH 6인용밥솥,거래중,"160,000원",,2026-08-26,0,3,0,36.5℃,번개장터판매자,생활가전,,"[출처] 번개장터 | [분석모델] JHR0620FD | [모델근거] detail_text_code | [원문설명] 쿠쿠 IH 6인용 밥솥 판매합니다. 모델명은 JHR0620FD입니다. 예약, 재가열, 자동세척 등 다양한 기능이 있습니다. 별도 문의 없으시면 바로 안전결제 부탁드려요! | [원문링크] https://m.bunjang.co.kr/products/391443423"
밥솥,쿠쿠 밥솥,쿠쿠 6인용 압력밥솥,거래중,"72,000원",,2026-08-26,0,5,0,36.5℃,번개장터판매자,생활가전,,[출처] 번개장터 | [분석모델] 전기압력밥솥_6인용 | [모델근거] text_variant | [원문링크] https://m.bunjang.co.kr/products/424103474
밥솥,쿠쿠 밥솥,쿠쿠 스마트 IH 전기압력밥솥 CRP-CHS108FD (10인용),거래중,"90,000원",,2026-08-26,0,5,0,36.5℃,번개장터판매자,생활가전,,[출처] 번개장터 | [분석모델] CRP-CHS108FD | [모델근거] text_code | [원문링크] https://m.bunjang.co.kr/products/403509614
밥솥,쿠쿠 밥솥,쿠쿠 6인용 IH압력밥솥 DHB0660FDM,거래중,"160,000원",,2026-08-26,0,5,0,36.5℃,번개장터판매자,생활가전,,[출처] 번개장터 | [분석모델] DHB0660FDM | [모델근거] text_code | [원문링크] https://m.bunjang.co.kr/products/414269662
밥솥,쿠쿠 밥솥,쿠쿠 트윈프레셔 압력밥솥 10인용 RT108FC,거래중,"159,000원",,2026-08-26,0,3,0,36.5℃,번개장터판매자,생활가전,,[출처] 번개장터 | [분석모델] RT108FC | [모델근거] text_code | [원문링크] https://m.bunjang.co.kr/products/414269368
밥솥,쿠쿠 밥솥,쿠쿠밥솥 쿠첸 전기밥솥 압력밥솥,거래중,"25,000원",,2026-08-26,0,3,0,36.5℃,번개장터판매자,생활가전,,[출처] 번개장터 | [분석모델] 전기압력밥솥 | [모델근거] text_variant | [원문링크] https://m.bunjang.co.kr/products/403571719
밥솥,쿠쿠 밥솥,[무료배송]새제품 쿠쿠 IH 전기밥솥 6인용 블랙 브라운,거래중,"204,000원",,2026-08-26,0,2,0,36.5℃,번개장터판매자,생활가전,,[출처] 번개장터 | [분석모델] 전기보온밥솥_6인용 | [모델근거] text_variant | [원문링크] https://m.bunjang.co.kr/products/424433863
밥솥,쿠쿠 밥솥,쿠쿠 IH 압력밥솥 6인용  팝니다,거래중,"67,000원",,2026-08-26,0,2,0,36.5℃,번개장터판매자,생활가전,,[출처] 번개장터 | [분석모델] IH압력밥솥_6인용 | [모델근거] text_variant | [원문링크] https://m.bunjang.co.kr/products/298380933
밥솥,쿠쿠 밥솥,쿠쿠 IH 압력밥솥 3~4인용,거래중,"54,000원",용호제1동,2026-08-26,0,1,0,36.5℃,번개장터판매자,생활가전,부산광역시 남구 용호제1동,[출처] 번개장터 | [분석모델] IH압력밥솥 | [모델근거] text_variant | [원문링크] https://m.bunjang.co.kr/products/424174770
밥솥,쿠쿠 밥솥,쿠쿠6인용압력밥솥,거래중,"63,000원",,2026-08-26,0,4,0,36.5℃,번개장터판매자,생활가전,,[출처] 번개장터 | [분석모델] 전기압력밥솥_6인용 | [모델근거] text_variant | [원문링크] https://m.bunjang.co.kr/products/407849588
밥솥,쿠쿠 밥솥,쿠쿠IH6인용압력밥솥,거래중,"53,000원",,2026-08-26,0,9,0,36.5℃,번개장터판매자,생활가전,,[출처] 번개장터 | [분석모델] 전기압력밥솥_6인용 | [모델근거] text_variant | [원문링크] https://m.bunjang.co.kr/products/291393112
밥솥,쿠쿠 밥솥,쿠쿠10인용 압력밥솥,거래중,"35,000원",호평동,2026-08-26,0,0,0,36.5℃,번개장터판매자,생활가전,경기도 남양주시 호평동,[출처] 번개장터 | [분석모델] 전기압력밥솥_10인용 | [모델근거] text_variant | [원문링크] https://m.bunjang.co.kr/products/425614393
밥솥,쿠쿠 밥솥,쿠쿠 IH 6인용 압력밥솥,거래중,"99,000원",호평동,2026-08-26,0,0,0,36.5℃,번개장터판매자,생활가전,경기도 남양주시 호평동,[출처] 번개장터 | [분석모델] 전기압력밥솥_6인용 | [모델근거] text_variant | [원문링크] https://m.bunjang.co.kr/products/425614312
밥솥,쿠쿠 밥솥,쿠쿠 IH압력밥솥 3인용 EHS0320FW,거래중,"105,000원",성현동,2026-08-26,0,3,0,36.5℃,번개장터판매자,생활가전,서울특별시 관악구 성현동,[출처] 번개장터 | [분석모델] EHS0320FW | [모델근거] text_code | [원문링크] https://m.bunjang.co.kr/products/416864493
밥솥,쿠쿠 밥솥,쿠쿠10인용 압력밥솥,거래중,"59,000원",호평동,2026-08-26,0,0,0,36.5℃,번개장터판매자,생활가전,경기도 남양주시 호평동,[출처] 번개장터 | [분석모델] 전기압력밥솥_10인용 | [모델근거] text_variant | [원문링크] https://m.bunjang.co.kr/products/425610582
밥솥,쿠쿠 밥솥,쿠쿠10인용 압력밥솥,거래중,"35,000원",호평동,2026-08-26,0,2,0,36.5℃,번개장터판매자,생활가전,경기도 남양주시 호평동,[출처] 번개장터 | [분석모델] 전기압력밥솥_10인용 | [모델근거] text_variant | [원문링크] https://m.bunjang.co.kr/products/425316440
밥솥,쿠쿠 밥솥,쿠쿠 밥솥6인용  JHR0620FD 스마트 IH,거래중,"90,000원",,2026-08-26,0,0,0,36.5℃,번개장터판매자,생활가전,,[출처] 번개장터 | [분석모델] JHR0620FD | [모델근거] text_code | [원문링크] https://m.bunjang.co.kr/products/425606486
밥솥,쿠쿠 밥솥,쿠쿠 전기 압력밥솥 6인용 음성기능 자동새척 깨끗해요,거래중,"55,000원",,2026-08-26,0,0,0,36.5℃,번개장터판매자,생활가전,,[출처] 번개장터 | [분석모델] 전기압력밥솥_6인용 | [모델근거] text_variant | [원문링크] https://m.bunjang.co.kr/products/425605514
밥솥,쿠쿠 밥솥,쿠쿠 전기 압력밥솥 10인용 음성기능 자동세척 깨꿋해요,거래중,"50,000원",,2026-08-26,0,0,0,36.5℃,번개장터판매자,생활가전,,[출처] 번개장터 | [분석모델] 전기압력밥솥_10인용 | [모델근거] text_variant | [원문링크] https://m.bunjang.co.kr/products/425605477
밥솥,쿠쿠 밥솥,쿠쿠 전기 압력밥솥 6인용 음성기능 자동새척 깨끗해요,거래중,"55,000원",,2026-08-26,0,0,0,36.5℃,번개장터판매자,생활가전,,[출처] 번개장터 | [분석모델] 전기압력밥솥_6인용 | [모델근거] text_variant | [원문링크] https://m.bunjang.co.kr/products/425605413
밥솥,쿠쿠 밥솥,쿠쿠 전기 압력밥솥 10인용 깨끗해요,거래중,"43,000원",,2026-08-26,0,1,0,36.5℃,번개장터판매자,생활가전,,[출처] 번개장터 | [분석모델] 전기압력밥솥_10인용 | [모델근거] text_variant | [원문링크] https://m.bunjang.co.kr/products/425605386
밥솥,쿠쿠 밥솥,쿠쿠 스마트 IH 압력밥솥 3~4인용,거래중,"54,000원",용호제3동,2026-08-26,0,0,0,36.5℃,번개장터판매자,생활가전,부산광역시 남구 용호제3동,[출처] 번개장터 | [분석모델] IH압력밥솥 | [모델근거] text_variant | [원문링크] https://m.bunjang.co.kr/products/425050727
밥솥,쿠쿠 밥솥,쿠쿠 6인용 미니 에그밥솥(상태좋음),거래중,"52,000원",용호제3동,2026-08-26,0,0,0,36.5℃,번개장터판매자,생활가전,부산광역시 남구 용호제3동,[출처] 번개장터 | [분석모델] 미니에그밥솥_6인용 | [모델근거] text_variant | [원문링크] https://m.bunjang.co.kr/products/425140248
밥솥,쿠쿠 밥솥,쿠쿠 IH 압력밥솥 3~4인용,거래중,"54,000원",용호제3동,2026-08-26,0,0,0,36.5℃,번개장터판매자,생활가전,부산광역시 남구 용호제3동,[출처] 번개장터 | [분석모델] IH압력밥솥 | [모델근거] text_variant | [원문링크] https://m.bunjang.co.kr/products/424715986
밥솥,쿠쿠 밥솥,쿠쿠 핑크 미니 밥솥 1~2인용,거래중,"37,000원",용호제3동,2026-08-26,0,1,0,36.5℃,번개장터판매자,생활가전,부산광역시 남구 용호제3동,[출처] 번개장터 | [분석모델] 제품군 공통 | [모델근거] product_group | [원문설명] 작고 예쁜 핑크색 쿠쿠 미니 밥솥이에요 !! 💜 1~2인 가구에 딱 맞는 사이즈로 혼밥족에게 추천드려요 강추 내솥과 전원선 포함 구성입니다 (내솥 밑바닥 가장자리 부분에 아주 작은 찌그러짐이 있어요 사진 참고 부탁드려요~‼️) 4회정도 사용했습니다!! 상태 좋으니 얼른 구입하세요~^^ 혼족인 분들!!! | [원문링크] https://m.bunjang.co.kr/products/424584826
밥솥,쿠쿠 밥솥,쿠쿠 전기밥솥 레드,거래중,"45,000원",,2026-08-26,0,3,0,36.5℃,번개장터판매자,생활가전,,[출처] 번개장터 | [분석모델] 전기보온밥솥 | [모델근거] text_variant | [원문링크] https://m.bunjang.co.kr/products/413088144
밥솥,쿠쿠 밥솥,쿠쿠 트윈프레셔 10인용밥솥 KHTS1060FD,거래중,"150,000원",,2026-08-25,0,1,0,36.5℃,번개장터판매자,생활가전,,[출처] 번개장터 | [분석모델] 트윈프레셔_10인용 | [모델근거] text_variant | [원문링크] https://m.bunjang.co.kr/products/424514989
밥솥,쿠쿠 밥솥,쿠쿠 에코미니 3인용 IH밥솥 EHS0320FS,거래중,"130,000원",,2026-08-25,0,6,0,36.5℃,번개장터판매자,생활가전,,[출처] 번개장터 | [분석모델] EHS0320FS | [모델근거] text_code | [원문링크] https://m.bunjang.co.kr/products/418592498
밥솥,쿠쿠 밥솥,쿠쿠 10인용 IH 압력밥솥 CRP-PW1085FD 판매합니다,거래중,"70,000원",상도제1동,2026-08-25,0,0,0,36.5℃,번개장터판매자,생활가전,서울특별시 동작구 상도제1동,[출처] 번개장터 | [분석모델] CRP-PW1085FD | [모델근거] text_code | [원문링크] https://m.bunjang.co.kr/products/425573280
밥솥,쿠쿠 밥솥,쿠쿠 에코미니 3인용 밥솥  EHS0320FS,거래중,"150,000원",,2026-08-25,0,0,0,36.5℃,번개장터판매자,생활가전,,[출처] 번개장터 | [분석모델] EHS0320FS | [모델근거] text_code | [원문링크] https://m.bunjang.co.kr/products/424070987
밥솥,쿠쿠 밥솥,쿠쿠 트윈프레셔 마스타쉐프 6인밥솥 LHTR0610FW,거래중,"140,000원",,2026-08-25,0,0,0,36.5℃,번개장터판매자,생활가전,,[출처] 번개장터 | [분석모델] LHTR0610FW | [모델근거] text_code | [원문링크] https://m.bunjang.co.kr/products/424651572
밥솥,쿠쿠 밥솥,쿠쿠 30인용 대용량 전기밥솥 CR-3031V,거래중,"266,000원",상현3동,2026-08-25,0,0,0,36.5℃,번개장터판매자,생활가전,경기도 용인시 수지구 상현3동,[출처] 번개장터 | [분석모델] CR-3031V | [모델근거] text_code | [원문링크] https://m.bunjang.co.kr/products/425207964
밥솥,쿠쿠 밥솥,쿠쿠 압력밥솥 10인용 스텐레스 커버,거래중,"39,000원",,2026-08-25,0,7,0,36.5℃,번개장터판매자,생활가전,,[출처] 번개장터 | [분석모델] 전기압력밥솥_10인용 | [모델근거] text_variant | [원문링크] https://m.bunjang.co.kr/products/376443095
밥솥,쿠쿠 밥솥,쿠쿠 30인용 전기보온밥솥 업소용 CR3055B,거래중,"75,000원",,2026-08-25,0,3,0,36.5℃,번개장터판매자,생활가전,,[출처] 번개장터 | [분석모델] CR3055B | [모델근거] text_code | [원문링크] https://m.bunjang.co.kr/products/421545477
밥솥,쿠쿠 밥솥,쿠쿠 10인용 전기압력밥솥 CRP-P1015FBB,거래중,"85,000원",,2026-08-25,0,3,0,36.5℃,번개장터판매자,생활가전,,[출처] 번개장터 | [분석모델] CRP-P1015FBB | [모델근거] text_code | [원문링크] https://m.bunjang.co.kr/products/404309113
밥솥,쿠쿠 밥솥,쿠쿠 6인용 전기보온밥솥 CRP-P0620FDM,거래중,"115,000원",,2026-08-25,0,1,0,36.5℃,번개장터판매자,생활가전,,[출처] 번개장터 | [분석모델] CRP-P0620FDM | [모델근거] text_code | [원문링크] https://m.bunjang.co.kr/products/418272794
밥솥,쿠쿠 밥솥,쿠쿠 6인용 전기밥솥 P0620FDM 블랙색상,거래중,"119,000원",,2026-08-25,0,1,0,36.5℃,번개장터판매자,생활가전,,[출처] 번개장터 | [분석모델] 전기보온밥솥_6인용 | [모델근거] text_variant | [원문링크] https://m.bunjang.co.kr/products/395832637
밥솥,쿠쿠 밥솥,쿠쿠 전기압력밥솥 6인용 CRP-P0620FDM,거래중,"119,000원",양주2동,2026-08-25,0,6,0,36.5℃,번개장터판매자,생활가전,경기도 양주시 양주2동,[출처] 번개장터 | [분석모델] CRP-P0620FDM | [모델근거] text_code | [원문링크] https://m.bunjang.co.kr/products/346757538
밥솥,쿠쿠 밥솥,쿠쿠 전기압력밥솥 6인용 CRP-R0615FBS,거래중,"120,000원",,2026-08-25,0,8,0,36.5℃,번개장터판매자,생활가전,,[출처] 번개장터 | [분석모델] CRP-R0615FBS | [모델근거] text_code | [원문링크] https://m.bunjang.co.kr/products/418266434
밥솥,쿠쿠 밥솥,쿠쿠 IH 10인용 전기밥솥,거래중,"139,000원",,2026-08-25,0,2,0,36.5℃,번개장터판매자,생활가전,,[출처] 번개장터 | [분석모델] 전기보온밥솥_10인용 | [모델근거] text_variant | [원문링크] https://m.bunjang.co.kr/products/393460755
밥솥,쿠쿠 밥솥,쿠쿠 트윈프레셔 전기압력밥솥 10인용 CRT-RT107FC,거래중,"147,000원",,2026-08-25,0,7,0,36.5℃,번개장터판매자,생활가전,,[출처] 번개장터 | [분석모델] RT-RT107FC | [모델근거] text_code | [원문링크] https://m.bunjang.co.kr/products/387242316
밥솥,쿠쿠 밥솥,쿠쿠 10인용 전기압력밥솥 HWF1060FB,거래중,"130,000원",,2026-08-25,0,4,0,36.5℃,번개장터판매자,생활가전,,[출처] 번개장터 | [분석모델] 전기압력밥솥_10인용 | [모델근거] text_variant | [원문링크] https://m.bunjang.co.kr/products/402852774
밥솥,쿠쿠 밥솥,쿠쿠 10인용 전기 IH 압력밥솥 JHP1010FGPS,거래중,"220,000원",,2026-08-25,0,8,0,36.5℃,번개장터판매자,생활가전,,[출처] 번개장터 | [분석모델] IH압력밥솥_10인용 | [모델근거] text_variant | [원문링크] https://m.bunjang.co.kr/products/413274998
밥솥,쿠쿠 밥솥,쿠쿠 트윈프레셔 IH 전기압력밥솥 10인용,거래중,"260,000원",약대동,2026-08-25,0,4,0,36.5℃,번개장터판매자,생활가전,경기도 부천시 약대동,[출처] 번개장터 | [분석모델] 트윈프레셔_10인용 | [모델근거] text_variant | [원문링크] https://m.bunjang.co.kr/products/417173947
밥솥,쿠쿠 밥솥,쿠쿠 IH 전기압력밥솥 6인용(CRP-DHP0610FD),거래중,"90,000원",,2026-08-25,0,2,0,36.5℃,번개장터판매자,생활가전,,[출처] 번개장터 | [분석모델] CRP-DHP0610FD | [모델근거] text_code | [원문링크] https://m.bunjang.co.kr/products/425525369
밥솥,쿠쿠 밥솥,쿠쿠 마스터셰프 트윈프레셔 IH밥솥,거래중,"250,000원",용이동,2026-08-25,0,4,0,36.5℃,번개장터판매자,생활가전,경기도 평택시 용이동,[출처] 번개장터 | [분석모델] 트윈프레셔 | [모델근거] text_variant | [원문링크] https://m.bunjang.co.kr/products/424077370
밥솥,쿠쿠 밥솥,쿠쿠 6인용 IH 압력밥솥 DHB0660FDM,거래중,"88,000원",,2026-08-25,0,0,0,36.5℃,번개장터판매자,생활가전,,[출처] 번개장터 | [분석모델] DHB0660FDM | [모델근거] text_code | [원문링크] https://m.bunjang.co.kr/products/394534425
밥솥,쿠쿠 밥솥,쿠쿠 전기밥솥 6인용,거래중,"90,000원",,2026-08-25,0,1,0,36.5℃,번개장터판매자,생활가전,,[출처] 번개장터 | [분석모델] 전기보온밥솥_6인용 | [모델근거] text_variant | [원문링크] https://m.bunjang.co.kr/products/385611801
밥솥,쿠쿠 밥솥,쿠쿠 전기압력밥솥 6인용 CRP-FA0661SP,거래중,"29,000원",고한읍,2026-08-25,0,2,0,36.5℃,번개장터판매자,생활가전,강원특별자치도 정선군 고한읍,[출처] 번개장터 | [분석모델] CRP-FA0661SP | [모델근거] text_code | [원문링크] https://m.bunjang.co.kr/products/420030658
밥솥,쿠쿠 밥솥,쿠쿠 전기보온밥솥 업소용 30인용 CR-3055B,거래중,"90,000원",계양1동,2026-08-25,0,0,0,36.5℃,번개장터판매자,생활가전,인천광역시 계양구 계양1동,[출처] 번개장터 | [분석모델] CR-3055B | [모델근거] text_code | [원문링크] https://m.bunjang.co.kr/products/425503967
밥솥,쿠쿠 밥솥,쿠쿠 압력밥솥 10인용 밥맛 좋기로 유명한,거래중,"150,000원",서초1동,2026-08-25,0,1,0,36.5℃,번개장터판매자,생활가전,서울특별시 서초구 서초1동,[출처] 번개장터 | [분석모델] 전기압력밥솥_10인용 | [모델근거] text_variant | [원문링크] https://m.bunjang.co.kr/products/409312685
밥솥,쿠쿠 밥솥,쿠쿠압력밥솥,거래중,"40,000원",,2026-08-25,0,3,0,36.5℃,번개장터판매자,생활가전,,[출처] 번개장터 | [분석모델] 전기압력밥솥 | [모델근거] text_variant | [원문링크] https://m.bunjang.co.kr/products/400365872
밥솥,쿠쿠 밥솥,919. 쿠쿠6인용 전기압력밥솥,거래중,"120,000원",,2026-08-25,0,8,0,36.5℃,번개장터판매자,생활가전,,[출처] 번개장터 | [분석모델] 전기압력밥솥_6인용 | [모델근거] text_variant | [원문링크] https://m.bunjang.co.kr/products/415148255
밥솥,쿠쿠 밥솥,48  쿠쿠10인용 전기압력밥솥,거래중,"120,000원",,2026-08-25,0,13,0,36.5℃,번개장터판매자,생활가전,,[출처] 번개장터 | [분석모델] 전기압력밥솥_10인용 | [모델근거] text_variant | [원문링크] https://m.bunjang.co.kr/products/292555237
밥솥,쿠쿠 밥솥,25  쿠쿠6인용 전기압력밥솥,거래중,"110,000원",,2026-08-25,0,13,0,36.5℃,번개장터판매자,생활가전,,[출처] 번개장터 | [분석모델] 전기압력밥솥_6인용 | [모델근거] text_variant | [원문링크] https://m.bunjang.co.kr/products/283981726
밥솥,쿠쿠 밥솥,쿠쿠6인용압력밥솥,거래중,"35,000원",,2026-08-25,0,1,0,36.5℃,번개장터판매자,생활가전,,[출처] 번개장터 | [분석모델] 전기압력밥솥_6인용 | [모델근거] text_variant | [원문링크] https://m.bunjang.co.kr/products/407549636
밥솥,쿠쿠 밥솥,쿠쿠6인용압력밥솥 트윈프레셔 (22년1월제품),거래중,"98,000원",,2026-08-25,0,2,0,36.5℃,번개장터판매자,생활가전,,[출처] 번개장터 | [분석모델] 트윈프레셔_6인용 | [모델근거] text_variant | [원문링크] https://m.bunjang.co.kr/products/400048897
밥솥,쿠쿠 밥솥,쿠쿠 6인용 압력밥솥,거래중,"90,000원",,2026-08-25,0,0,0,36.5℃,번개장터판매자,생활가전,,[출처] 번개장터 | [분석모델] 전기압력밥솥_6인용 | [모델근거] text_variant | [원문링크] https://m.bunjang.co.kr/products/425077228
밥솥,쿠쿠 밥솥,쿠쿠 IH 중고밥솥 HVT0610SR,거래중,"69,000원",용답동,2026-08-25,0,0,0,36.5℃,번개장터판매자,생활가전,서울특별시 성동구 용답동,[출처] 번개장터 | [분석모델] IH압력밥솥_6인용 | [모델근거] detail_text_variant | [원문설명] 쿠쿠 IH 압력 밥솥 HVT0610SR 6인용 모델 판매합니다. 10인용 밥솥이생겨서 많이 사용하지 안고 보관하다 내놓습니다 밥솥 외관 및 내부 전체적으로 깨끗합니다. IH 압력으로 밥맛은 정말 좋아요. 별도 문의 없으시면 바로 안전결제 부탁드려요! | [원문링크] https://m.bunjang.co.kr/products/406124345
밥솥,쿠쿠 밥솥,쿠쿠 CRP-RT067FP 6인용 압력밥솥(급처분),거래중,"80,000원",,2026-08-25,0,4,0,36.5℃,번개장터판매자,생활가전,,[출처] 번개장터 | [분석모델] CRP-RT067FP | [모델근거] text_code | [원문링크] https://m.bunjang.co.kr/products/402475630
밥솥,쿠쿠 밥솥,쿠쿠 미니 에그밥솥(상태좋음),거래중,"50,000원",용호제3동,2026-08-25,0,2,0,36.5℃,번개장터판매자,생활가전,부산광역시 남구 용호제3동,[출처] 번개장터 | [분석모델] 미니에그밥솥 | [모델근거] text_variant | [원문링크] https://m.bunjang.co.kr/products/424956454
밥솥,쿠쿠 밥솥,쿠쿠6인용압력밥솥,거래중,"38,000원",,2026-08-24,0,2,0,36.5℃,번개장터판매자,생활가전,,[출처] 번개장터 | [분석모델] 전기압력밥솥_6인용 | [모델근거] text_variant | [원문링크] https://m.bunjang.co.kr/products/404705497
밥솥,쿠쿠 밥솥,"쿠쿠10인용압력밥솥 (트윈프레셔,20년식)",거래중,"88,000원",,2026-08-24,0,8,0,36.5℃,번개장터판매자,생활가전,,[출처] 번개장터 | [분석모델] 트윈프레셔_10인용 | [모델근거] text_variant | [원문링크] https://m.bunjang.co.kr/products/346060335
밥솥,쿠쿠 밥솥,쿠쿠 IH6인용압력밥솥,거래중,"105,000원",,2026-08-24,0,1,0,36.5℃,번개장터판매자,생활가전,,[출처] 번개장터 | [분석모델] 전기압력밥솥_6인용 | [모델근거] text_variant | [원문링크] https://m.bunjang.co.kr/products/421796253
밥솥,쿠쿠 밥솥,쿠쿠6인용압력밥솥,거래중,"130,000원",,2026-08-24,0,1,0,36.5℃,번개장터판매자,생활가전,,[출처] 번개장터 | [분석모델] 전기압력밥솥_6인용 | [모델근거] text_variant | [원문링크] https://m.bunjang.co.kr/products/422489664
밥솥,쿠쿠 밥솥,쿠쿠전기압력밥솥 6인 CRP-FA0621MR,거래중,"29,900원",,2026-08-24,0,4,0,36.5℃,번개장터판매자,생활가전,,[출처] 번개장터 | [분석모델] CRP-FA0621MR | [모델근거] text_code | [원문링크] https://m.bunjang.co.kr/products/311293349
밥솥,쿠쿠 밥솥,쿠쿠6인용 전기밥솥,거래중,"19,000원",호평동,2026-08-24,0,0,0,36.5℃,번개장터판매자,생활가전,경기도 남양주시 호평동,[출처] 번개장터 | [분석모델] 전기보온밥솥_6인용 | [모델근거] text_variant | [원문링크] https://m.bunjang.co.kr/products/425434827
밥솥,쿠쿠 밥솥,"6인용 10인용 밥솥덮개, 밥통덮개, 밥솥깔개",거래중,"26,000원",,2026-08-24,0,12,0,36.5℃,번개장터판매자,생활가전,,"[출처] 번개장터 | [분석모델] 제품군 공통 | [모델근거] product_group | [원문설명] ㅡㅡㅡㅡㅡㅡㅡㅡㅡㅡㅡㅡㅡㅡㅡㅡㅡ 주문후 제작, 판매하는 물품들이니 구매 원하시면 톡 주세요 개인결제창을 열어드리겠습니다 ㅡㅡㅡㅡㅡㅡㅡㅡㅡㅡㅡㅡㅡㅡㅡㅡㅡ ◼ 6인용 밥솥덮개 (넓은 프릴) - 26,000원 가로 47cm, 세로 57cm 10인용 밥솥덮개 (넓은 프릴) - 26,000원 가로 51cm, 세로 61cm 밥통깔개 - 20,000원 가로 33cm, 세로41cm 밥솥덮개 + 밥솥깔개 - 43,000원 겉감 - 30수 면 100%원단, 30수 선염면 안감 - 30수 선염면, T/C 누빔원단 ➡ 상점에 다른 물품 원단으로도 제작 가능하니 톡으로 문의해주세요 ▶ 택배 [ CJ 대한통운 ] 주문 확인후 제작, 3~10일 제작기간이 소요되니 참고해주세요 🎀 구매시 참고사항 🎀 1. 밥솥 덮개, 깔개 제작의 경우 각각 개별 구매 가능하니 *주문전* 톡으로 6인용, 10인용 구매인지 선택해주시고 덮개 또는 깔개 구매 선택하셔서 톡 주세요 2. 다른 물품의 원단으로도 제작 가능하니 톡으로 문의해주시고 원단 잘라짐에 따라 물품들의 무늬가 조금씩 다르게 제작이 될수 있으니 참고해주세요 3. 모든 제품들은 구매자의 모니터와 해상도에 따라 색상이 달라 보일수 있음을 참고해주시고 주문 확인후 사이즈에 따라 제작이 되므로 교환, 환불이 불가하니 신중히 선택하셔서 주문해주세요 #쿠쿠#쿠첸#밥통덮개#밥솥덮개#밥통깔개#밥솥깔개#밥통커버#밥솥커버#주방커버#주방덮개#전자제품덮개 | [원문링크] https://m.bunjang.co.kr/products/146771279"
밥솥,쿠쿠 밥솥,쿠쿠 압력밥솥 스마트 iH 음성가드 3등급 10인용 레드,거래중,"55,000원",오류동,2026-08-24,0,7,0,36.5℃,번개장터판매자,생활가전,대전광역시 중구 오류동,[출처] 번개장터 | [분석모델] 전기압력밥솥_10인용 | [모델근거] text_variant | [원문링크] https://m.bunjang.co.kr/products/413107197
밥솥,쿠쿠 밥솥,쿠쿠 스마트 IH 전기압력밥솥,거래중,"135,000원",오류동,2026-08-24,0,13,0,36.5℃,번개장터판매자,생활가전,대전광역시 중구 오류동,[출처] 번개장터 | [분석모델] IH압력밥솥 | [모델근거] text_variant | [원문링크] https://m.bunjang.co.kr/products/395522862
밥솥,쿠쿠 밥솥,581. 쿠쿠6인용 전기압력밥솥,거래중,"120,000원",,2026-08-24,0,3,0,36.5℃,번개장터판매자,생활가전,,[출처] 번개장터 | [분석모델] 전기압력밥솥_6인용 | [모델근거] text_variant | [원문링크] https://m.bunjang.co.kr/products/415203229
밥솥,쿠쿠 밥솥,49. 쿠쿠6인용 전기압력밥솥,거래중,"130,000원",,2026-08-24,0,4,0,36.5℃,번개장터판매자,생활가전,,[출처] 번개장터 | [분석모델] 전기압력밥솥_6인용 | [모델근거] text_variant | [원문링크] https://m.bunjang.co.kr/products/404255522
밥솥,쿠쿠 밥솥,쿠쿠 밥솥 레드,거래중,"50,000원",,2026-08-24,0,3,0,36.5℃,번개장터판매자,생활가전,,[출처] 번개장터 | [분석모델] 전기보온밥솥 | [모델근거] detail_text_variant | [원문설명] 쿠쿠 전기밥솥 레드 색상 판매합니다. 밥솥 외관 기스 없이 거의새거 내솥은 분실 깨끗하게 사용해서 내부 상태도 좋습니다. 구매 원하시면 바로 안전결제 해주시면 됩니다! | [원문링크] https://m.bunjang.co.kr/products/414342056
밥솥,쿠쿠 밥솥,쿠쿠 IH압력밥솥 HRP-0660SR,거래중,"100,000원",,2026-08-24,0,2,0,36.5℃,번개장터판매자,생활가전,,[출처] 번개장터 | [분석모델] IH압력밥솥 | [모델근거] text_variant | [원문링크] https://m.bunjang.co.kr/products/341122941
밥솥,쿠쿠 밥솥,쿠쿠 6인용 풀메탈 에코 밥솥  BHXB0660FB,거래중,"130,000원",,2026-08-24,0,0,0,36.5℃,번개장터판매자,생활가전,,[출처] 번개장터 | [분석모델] BHXB0660FB | [모델근거] text_code | [원문링크] https://m.bunjang.co.kr/products/424982940
밥솥,쿠쿠 밥솥,쿠쿠 밥솥 10인용 올블랙스톤 밥솥 급처,거래중,"170,000원",,2026-08-23,0,14,0,36.5℃,번개장터판매자,생활가전,,"[출처] 번개장터 | [분석모델] 제품군 공통 | [모델근거] product_group | [원문설명] 미개봉/새상품 [최대 할인가격으로 판매합니다] 궁금한사항은 연락주세요. 1년 무상 AS기간 남아있으며, 박스 미개봉 선물용으로 추천합니다 직거래 가능 | [원문링크] https://m.bunjang.co.kr/products/238891116"
밥솥,쿠쿠 밥솥,(쿠쿠) 6인용 IH압력밥솥 음성안내 자동세척 22중안전,거래중,"95,000원",,2026-08-23,0,0,0,36.5℃,번개장터판매자,생활가전,,[출처] 번개장터 | [분석모델] IH압력밥솥_6인용 | [모델근거] text_variant | [원문링크] https://m.bunjang.co.kr/products/425324351
밥솥,쿠쿠 밥솥,쿠쿠 압력밥솥 6인용 IH 블랙,거래중,"90,000원",은천동,2026-08-23,0,4,0,36.5℃,번개장터판매자,생활가전,서울특별시 관악구 은천동,[출처] 번개장터 | [분석모델] 전기압력밥솥_6인용 | [모델근거] text_variant | [원문링크] https://m.bunjang.co.kr/products/424393243
밥솥,쿠쿠 밥솥,쿠쿠 10인용 압력밥솥 CRP-R108FS,거래중,"95,000원",,2026-08-23,0,1,0,36.5℃,번개장터판매자,생활가전,,[출처] 번개장터 | [분석모델] CRP-R108FS | [모델근거] text_code | [원문링크] https://m.bunjang.co.kr/products/425289644
밥솥,쿠쿠 밥솥,쿠쿠 CR-3055B 전기보온밥솥 30인용,거래중,"85,000원",,2026-08-23,0,0,0,36.5℃,번개장터판매자,생활가전,,[출처] 번개장터 | [분석모델] CR-3055B | [모델근거] text_code | [원문링크] https://m.bunjang.co.kr/products/425272293
밥솥,쿠쿠 밥솥,쿠쿠 10인용 압력밥솥 CRP-QS1010FG,거래중,"97,000원",,2026-08-23,0,0,0,36.5℃,번개장터판매자,생활가전,,[출처] 번개장터 | [분석모델] CRP-QS1010FG | [모델근거] text_code | [원문링크] https://m.bunjang.co.kr/products/425272245
밥솥,쿠쿠 밥솥,쿠쿠 IH 압력밥솥 HSXB0630,거래중,"25,000원",풍암동,2026-08-23,0,7,0,36.5℃,번개장터판매자,생활가전,광주광역시 서구 풍암동,[출처] 번개장터 | [분석모델] IH압력밥솥 | [모델근거] text_variant | [원문링크] https://m.bunjang.co.kr/products/371925498
밥솥,쿠쿠 밥솥,쿠쿠 밥솥 10인용,거래중,"100,000원",온천2동,2026-08-23,0,0,0,36.5℃,번개장터판매자,생활가전,대전광역시 유성구 온천2동,"[출처] 번개장터 | [분석모델] 제품군 공통 | [모델근거] product_group | [원문설명] - 쿠쿠 밥솥 - 사용감 적고, 자취할 때 사용하던거라 크게 사용하지도 않았습니다. - 내솥도 상태 양호하며, 구매하실 분만 연락주세요. | [원문링크] https://m.bunjang.co.kr/products/425265471"
밥솥,쿠쿠 밥솥,1998. 쿠쿠10인용 전기압력밥솥 LHTR1010FW,거래중,"200,000원",,2026-08-23,0,9,0,36.5℃,번개장터판매자,생활가전,,[출처] 번개장터 | [분석모델] LHTR1010FW | [모델근거] text_code | [원문링크] https://m.bunjang.co.kr/products/401474505
밥솥,쿠쿠 밥솥,683 쿠쿠 3인용 전기압력밥솥ㅡ당판,예약중,"110,000원",,2026-08-23,0,4,0,36.5℃,번개장터판매자,생활가전,,[출처] 번개장터 | [분석모델] 전기압력밥솥_3인용 | [모델근거] text_variant | [원문링크] https://m.bunjang.co.kr/products/396690777
밥솥,쿠쿠 밥솥,쿠쿠 스마트 IH압력밥솥 3~4인용,거래중,"57,000원",용호제3동,2026-08-22,0,0,0,36.5℃,번개장터판매자,생활가전,부산광역시 남구 용호제3동,[출처] 번개장터 | [분석모델] IH압력밥솥 | [모델근거] text_variant | [원문링크] https://m.bunjang.co.kr/products/425020434
밥솥,쿠쿠 밥솥,쿠쿠 IH 전기밥솥 6인용,거래중,"110,000원",원미1동,2026-08-22,0,0,0,36.5℃,번개장터판매자,생활가전,경기도 부천시 원미구 원미1동,[출처] 번개장터 | [분석모델] 전기보온밥솥_6인용 | [모델근거] text_variant | [원문링크] https://m.bunjang.co.kr/products/425185513
밥솥,쿠쿠 밥솥,쿠쿠 6인용 전기압력밥솥 CRP-R0615FBS 블랙 & 웜 실버-011,거래중,"104,571원",,2026-08-22,0,0,0,36.5℃,번개장터판매자,생활가전,,[출처] 번개장터 | [분석모델] CRP-R0615FBS | [모델근거] text_code | [원문링크] https://m.bunjang.co.kr/products/425145078
밥솥,쿠쿠 밥솥,쿠쿠 IH 스마트 IH 밥솥,거래중,"79,000원",신정7동,2026-08-22,0,1,0,36.5℃,번개장터판매자,생활가전,서울특별시 양천구 신정7동,[출처] 번개장터 | [분석모델] 제품군 공통 | [모델근거] product_group | [원문링크] https://m.bunjang.co.kr/products/425140115
밥솥,쿠쿠 밥솥,59 쿠쿠 3인용 전기압력밥솥,거래중,"100,000원",,2026-08-22,0,14,0,36.5℃,번개장터판매자,생활가전,,[출처] 번개장터 | [분석모델] 전기압력밥솥_3인용 | [모델근거] text_variant | [원문링크] https://m.bunjang.co.kr/products/396690340
밥솥,쿠쿠 밥솥,292. 쿠쿠6인용 전기압력밥솥LHTR0610FB,거래중,"180,000원",,2026-08-22,0,5,0,36.5℃,번개장터판매자,생활가전,,[출처] 번개장터 | [분석모델] LHTR0610FB | [모델근거] text_code | [원문링크] https://m.bunjang.co.kr/products/401473703
밥솥,쿠쿠 밥솥,34. 쿠쿠10인용 전기압력밥솥,거래중,"70,000원",,2026-08-22,0,13,0,36.5℃,번개장터판매자,생활가전,,[출처] 번개장터 | [분석모델] 전기압력밥솥_10인용 | [모델근거] text_variant | [원문링크] https://m.bunjang.co.kr/products/315310218
밥솥,쿠쿠 밥솥,쿠쿠 10인용 전기밥솥,거래중,"90,000원",,2026-08-22,0,4,0,36.5℃,번개장터판매자,생활가전,,[출처] 번개장터 | [분석모델] 전기보온밥솥_10인용 | [모델근거] text_variant | [원문링크] https://m.bunjang.co.kr/products/296672972
밥솥,쿠쿠 밥솥,쿠쿠 업소용 17인용 대용량 전기보온밥솥 CR-1715W-001,거래중,"68,396원",,2026-08-22,0,0,0,36.5℃,번개장터판매자,생활가전,,[출처] 번개장터 | [분석모델] CR-1715W-001 | [모델근거] text_code | [원문링크] https://m.bunjang.co.kr/products/425134467
밥솥,쿠쿠 밥솥,쿠쿠6인용압력밥솥(22년3월제품),거래중,"48,000원",,2026-08-22,0,10,0,36.5℃,번개장터판매자,생활가전,,[출처] 번개장터 | [분석모델] 전기압력밥솥_6인용 | [모델근거] text_variant | [원문링크] https://m.bunjang.co.kr/products/300826285
밥솥,쿠쿠 밥솥,쿠쿠6인용압력밥솥,거래중,"55,000원",,2026-08-22,0,2,0,36.5℃,번개장터판매자,생활가전,,[출처] 번개장터 | [분석모델] 전기압력밥솥_6인용 | [모델근거] text_variant | [원문링크] https://m.bunjang.co.kr/products/392264997
밥솥,쿠쿠 밥솥,쿠쿠 IH6인용압력밥솥,거래중,"79,000원",,2026-08-22,0,2,0,36.5℃,번개장터판매자,생활가전,,[출처] 번개장터 | [분석모델] 전기압력밥솥_6인용 | [모델근거] text_variant | [원문링크] https://m.bunjang.co.kr/products/396800126
밥솥,쿠쿠 밥솥,쿠쿠 IH 전기압력밥솥 10인용 CRP-JHR1010FC,거래중,"149,000원",,2026-08-22,0,2,0,36.5℃,번개장터판매자,생활가전,,[출처] 번개장터 | [분석모델] CRP-JHR1010FC | [모델근거] text_code | [원문링크] https://m.bunjang.co.kr/products/425131198
밥솥,쿠쿠 밥솥,쿠쿠 IH 압력밥솥 10인용 JHR1020FD,거래중,"59,000원",지동,2026-08-21,0,5,0,36.5℃,번개장터판매자,생활가전,경기도 수원시 팔달구 지동,[출처] 번개장터 | [분석모델] JHR1020FD | [모델근거] text_code | [원문링크] https://m.bunjang.co.kr/products/406499811
밥솥,쿠쿠 밥솥,쿠쿠 전기밥솥 CRP-HD060SI,거래중,"39,800원",,2026-08-21,0,4,0,36.5℃,번개장터판매자,생활가전,,[출처] 번개장터 | [분석모델] CRP-HD060SI | [모델근거] text_code | [원문링크] https://m.bunjang.co.kr/products/387643089
밥솥,쿠쿠 밥솥,쿠쿠 IH6인용압력밥솥,거래중,"150,000원",,2026-08-21,0,1,0,36.5℃,번개장터판매자,생활가전,,[출처] 번개장터 | [분석모델] 전기압력밥솥_6인용 | [모델근거] text_variant | [원문링크] https://m.bunjang.co.kr/products/399484154
밥솥,쿠쿠 밥솥,쿠쿠 CRP-FHS0610FD 6인용 IH 압력밥솥(급처분),거래중,"125,000원",,2026-08-21,0,2,0,36.5℃,번개장터판매자,생활가전,,[출처] 번개장터 | [분석모델] CRP-FHS0610FD | [모델근거] text_code | [원문링크] https://m.bunjang.co.kr/products/389428739
밥솥,쿠쿠 밥솥,쿠쿠 CRP-HZXB0670FC 6인용 IH압력밥솥,거래중,"100,000원",,2026-08-21,0,4,0,36.5℃,번개장터판매자,생활가전,,[출처] 번개장터 | [분석모델] CRP-HZXB0670FC | [모델근거] text_code | [원문링크] https://m.bunjang.co.kr/products/326071014
밥솥,쿠쿠 밥솥,17 쿠쿠10인용 전기압력밥솥,거래중,"180,000원",,2026-08-21,0,6,0,36.5℃,번개장터판매자,생활가전,,[출처] 번개장터 | [분석모델] 전기압력밥솥_10인용 | [모델근거] text_variant | [원문링크] https://m.bunjang.co.kr/products/391225931
밥솥,쿠쿠 밥솥,쿠쿠 3인용 에코미니 밥솥,거래중,"130,000원",,2026-08-21,0,2,0,36.5℃,번개장터판매자,생활가전,,"[출처] 번개장터 | [분석모델] CRP-EHS0310FW | [모델근거] detail_text_code | [원문설명] 쿠쿠 3인용 에코미니 밥솥 판매합니다. 미니멀 라이프를 위한 프리미엄 디자인이 돋보이는 제품입니다. 내솥과 패킹 상태 양호합니다. 미사용 계량컵과 밥주걱, 같이 드립니다. 포장 박스 있습니다. 쿠쿠전자 에코미니 CRP-EHS0310FW/IH압력밥솥/3인용/스테인리스내솥/스테인리스코팅/에어버블/풀스테인리스커버/분리형커버/2기압취사/맞춤보온/백미쾌속/음성안내/자동세척/에너지: 1등급/소비전력: 850W/무게: 4.7kg/크기(가로x세로x깊이): 231x218x321mm | [원문링크] https://m.bunjang.co.kr/products/416230507"
밥솥,쿠쿠 밥솥,쿠쿠 전기보온 에그밥솥 6인용,거래중,"30,000원",양평제2동,2026-08-20,0,1,0,36.5℃,번개장터판매자,생활가전,서울특별시 영등포구 양평제2동,[출처] 번개장터 | [분석모델] 제품군 공통 | [모델근거] product_group | [원문링크] https://m.bunjang.co.kr/products/423350730
밥솥,쿠쿠 밥솥,쿠쿠 미니 에그밥솥(상태좋음),거래중,"52,000원",용호제1동,2026-08-20,0,0,0,36.5℃,번개장터판매자,생활가전,부산광역시 남구 용호제1동,[출처] 번개장터 | [분석모델] 미니에그밥솥 | [모델근거] text_variant | [원문링크] https://m.bunjang.co.kr/products/424331055
밥솥,쿠쿠 밥솥,쿠쿠 풀 스테인리스 6인용 IH 압력밥솥(급처분),거래중,"135,000원",,2026-08-20,0,2,0,36.5℃,번개장터판매자,생활가전,,[출처] 번개장터 | [분석모델] IH압력밥솥_6인용 | [모델근거] text_variant | [원문링크] https://m.bunjang.co.kr/products/391291572
밥솥,쿠쿠 밥솥,쿠쿠 IH 압력밥솥 10인용 모델이에요풀 스테인리스 2.0 에코 메탈릭 실버,거래중,"260,000원",,2026-08-20,0,1,0,36.5℃,번개장터판매자,생활가전,,[출처] 번개장터 | [분석모델] IH압력밥솥_10인용 | [모델근거] text_variant | [원문링크] https://m.bunjang.co.kr/products/424894374
밥솥,쿠쿠 밥솥,쿠쿠 스마트 IH 밥솥 FHR0610FD,거래중,"50,000원",,2026-08-20,0,3,0,36.5℃,번개장터판매자,생활가전,,"[출처] 번개장터 | [분석모델] CRP-FHR0610FD | [모델근거] detail_text_code | [원문설명] 모델명 CRP-FHR0610FD 이 모델은 에너지소비효율 1등급 제품으로, 연간 전기요금이 약 22,000원 정도로 효율이 매우 좋습니다. 창고에 나둔거라 먼지닦고 청소하여되고 내솥도 사용감있고 식혜용도로 쓰실분 가져가세요 중고 예민분 절대삼가입니다 자동 살균세척: 내솥에 물을 눈금 2까지 붓고 '예약/자동세척' 버튼을 2번 누른 뒤 취사 버튼을 누르면 약 22분간 살균 세척이 진행됩니다.음성 안내: 한국어 음성 안내가 제공되며, 대기 상태에서 '설정' 버튼을 통해 볼륨 조절이나 해제가 가능합니다. | [원문링크] https://m.bunjang.co.kr/products/407419099"
밥솥,쿠쿠 밥솥,쿠쿠 스마트 IH 전기압력밥솥 DHS067FB (6인용),거래중,"80,000원",,2026-08-19,0,0,0,36.5℃,번개장터판매자,생활가전,,[출처] 번개장터 | [분석모델] IH압력밥솥_6인용 | [모델근거] text_variant | [원문링크] https://m.bunjang.co.kr/products/424864130
밥솥,쿠쿠 밥솥,쿠쿠 IH 전기압력밥솥 10인용,거래중,"250,000원",계양1동,2026-08-19,0,3,0,36.5℃,번개장터판매자,생활가전,인천광역시 계양구 계양1동,[출처] 번개장터 | [분석모델] IH압력밥솥_10인용 | [모델근거] text_variant | [원문링크] https://m.bunjang.co.kr/products/424803439
밥솥,쿠쿠 밥솥,쿠쿠 CRP-DHXB0610FS 6인용 IH 압력밥솥 실버,예약중,"35,000원",도봉제2동,2026-08-19,0,0,0,36.5℃,번개장터판매자,생활가전,서울특별시 도봉구 도봉제2동,[출처] 번개장터 | [분석모델] CRP-DHXB0610FS | [모델근거] text_code | [원문링크] https://m.bunjang.co.kr/products/424803095
밥솥,쿠쿠 밥솥,24. 쿠쿠6인용 전기압력밥솥,거래중,"130,000원",,2026-08-19,0,7,0,36.5℃,번개장터판매자,생활가전,,[출처] 번개장터 | [분석모델] 전기압력밥솥_6인용 | [모델근거] text_variant | [원문링크] https://m.bunjang.co.kr/products/415210305
밥솥,쿠쿠 밥솥,391 쿠쿠6인용 전기압력밥솥,거래중,"90,000원",,2026-08-19,0,1,0,36.5℃,번개장터판매자,생활가전,,[출처] 번개장터 | [분석모델] 전기압력밥솥_6인용 | [모델근거] text_variant | [원문링크] https://m.bunjang.co.kr/products/385669869
밥솥,쿠쿠 밥솥,789. 쿠쿠10인용 전기압력밥솥,거래중,"80,000원",,2026-08-19,0,18,0,36.5℃,번개장터판매자,생활가전,,[출처] 번개장터 | [분석모델] 전기압력밥솥_10인용 | [모델근거] text_variant | [원문링크] https://m.bunjang.co.kr/products/319194420
밥솥,쿠쿠 밥솥,쿠쿠 10인용 밥솥 (우체국운포),거래중,"62,000원",,2026-08-18,0,7,0,36.5℃,번개장터판매자,생활가전,,[출처] 번개장터 | [분석모델] 제품군 공통 | [모델근거] product_group | [원문링크] https://m.bunjang.co.kr/products/311889871
밥솥,쿠쿠 밥솥,쿠쿠 10인용 압력밥솥 풀스텐,거래중,"155,000원",중앙동,2026-08-18,0,4,0,36.5℃,번개장터판매자,생활가전,경기도 용인시 처인구 중앙동,[출처] 번개장터 | [분석모델] 전기압력밥솥_10인용 | [모델근거] text_variant | [원문링크] https://m.bunjang.co.kr/products/396075687
밥솥,쿠쿠 밥솥,쿠쿠 CRP-QS1010FG 10인용 압력밥솥,거래중,"100,000원",만촌1동,2026-08-18,0,0,0,36.5℃,번개장터판매자,생활가전,대구광역시 수성구 만촌1동,[출처] 번개장터 | [분석모델] CRP-QS1010FG | [모델근거] text_code | [원문링크] https://m.bunjang.co.kr/products/424684078
밥솥,쿠쿠 밥솥,쿠쿠 IH 압력밥솥 3~4인용,거래중,"57,000원",용호제3동,2026-08-18,0,0,0,36.5℃,번개장터판매자,생활가전,부산광역시 남구 용호제3동,[출처] 번개장터 | [분석모델] IH압력밥솥 | [모델근거] text_variant | [원문링크] https://m.bunjang.co.kr/products/424656558
밥솥,쿠쿠 밥솥,쿠쿠 ih 6인용 전기 밥솥 hzxb0670fc,거래중,"60,000원",성현동,2026-08-18,0,0,0,36.5℃,번개장터판매자,생활가전,서울특별시 관악구 성현동,[출처] 번개장터 | [분석모델] 전기보온밥솥_6인용 | [모델근거] text_variant | [원문링크] https://m.bunjang.co.kr/products/424664516
밥솥,쿠쿠 밥솥,쿠쿠 CRP-HUF1080BE 전기보온밥솥 10인용 21년9월산,거래중,"75,000원",복현2동,2026-08-18,0,2,0,36.5℃,번개장터판매자,생활가전,대구광역시 북구 복현2동,[출처] 번개장터 | [분석모델] CRP-HUF1080BE | [모델근거] text_code | [원문링크] https://m.bunjang.co.kr/products/382984863
밥솥,쿠쿠 밥솥,쿠쿠 미니 에그밥솥 (상태좋음),거래중,"52,000원",용호제3동,2026-08-18,0,2,0,36.5℃,번개장터판매자,생활가전,부산광역시 남구 용호제3동,[출처] 번개장터 | [분석모델] 미니에그밥솥 | [모델근거] text_variant | [원문링크] https://m.bunjang.co.kr/products/424655235
밥솥,쿠쿠 밥솥,쿠쿠 6인용 미니 에그밥솥,거래중,"55,000원",용호제3동,2026-08-16,0,4,0,36.5℃,번개장터판매자,생활가전,부산광역시 남구 용호제3동,[출처] 번개장터 | [분석모델] 미니에그밥솥_6인용 | [모델근거] text_variant | [원문링크] https://m.bunjang.co.kr/products/413444694
밥솥,쿠쿠 밥솥,CRP-P067FR 쿠쿠 압력밥솥 6인용 화이트(급처분),거래중,"85,000원",,2026-08-16,0,4,0,36.5℃,번개장터판매자,생활가전,,[출처] 번개장터 | [분석모델] CRP-P067FR | [모델근거] text_code | [원문링크] https://m.bunjang.co.kr/products/412840952
밥솥,쿠쿠 밥솥,"[DDB하남,B급] 쿠쿠 전기보온밥솥 30인용 CR-3055B",거래중,"55,000원",,2026-08-16,0,1,0,36.5℃,번개장터판매자,생활가전,,[출처] 번개장터 | [분석모델] CR-3055B | [모델근거] text_code | [원문링크] https://m.bunjang.co.kr/products/424407089
밥솥,쿠쿠 밥솥,쿠쿠 IH 압력밥솥 DHB0660FDM,거래중,"110,000원",흑석동,2026-08-16,0,1,0,36.5℃,번개장터판매자,생활가전,서울특별시 동작구 흑석동,[출처] 번개장터 | [분석모델] DHB0660FDM | [모델근거] text_code | [원문링크] https://m.bunjang.co.kr/products/418395499
밥솥,쿠쿠 밥솥,쿠쿠 압력밥솥 주황색,거래중,"10,000원",,2026-08-16,0,2,0,36.5℃,번개장터판매자,생활가전,,[출처] 번개장터 | [분석모델] 전기압력밥솥 | [모델근거] text_variant | [원문링크] https://m.bunjang.co.kr/products/423391361
밥솥,쿠쿠 밥솥,쿠쿠 IH압력밥솥 GHR1010FD,거래중,"59,000원",신정7동,2026-08-15,0,3,0,36.5℃,번개장터판매자,생활가전,서울특별시 양천구 신정7동,[출처] 번개장터 | [분석모델] IH압력밥솥 | [모델근거] text_variant | [원문링크] https://m.bunjang.co.kr/products/424387487
밥솥,쿠쿠 밥솥,쿠쿠 밥솥 화이트,거래중,"60,000원",무실동,2026-08-15,0,0,0,36.5℃,번개장터판매자,생활가전,강원특별자치도 원주시 무실동,[출처] 번개장터 | [분석모델] 제품군 공통 | [모델근거] product_group | [원문링크] https://m.bunjang.co.kr/products/424386189
밥솥,쿠쿠 밥솥,38. 쿠쿠6인용 전기압력밥솥,거래중,"90,000원",,2026-08-15,0,3,0,36.5℃,번개장터판매자,생활가전,,[출처] 번개장터 | [분석모델] 전기압력밥솥_6인용 | [모델근거] text_variant | [원문링크] https://m.bunjang.co.kr/products/399728007
밥솥,쿠쿠 밥솥,15  쿠쿠10인용 전기압력밥솥,거래중,"100,000원",,2026-08-15,0,15,0,36.5℃,번개장터판매자,생활가전,,[출처] 번개장터 | [분석모델] 전기압력밥솥_10인용 | [모델근거] text_variant | [원문링크] https://m.bunjang.co.kr/products/294560977
밥솥,쿠쿠 밥솥,쿠쿠 CR-0675FW 에그밥솥,거래중,"50,000원",용호제1동,2026-08-15,0,2,0,36.5℃,번개장터판매자,생활가전,부산광역시 남구 용호제1동,[출처] 번개장터 | [분석모델] CR-0675FW | [모델근거] text_code | [원문링크] https://m.bunjang.co.kr/products/423752650
밥솥,쿠쿠 밥솥,쿠쿠 CRP-P107FR 밥솥,거래중,"60,000원",,2026-08-15,0,0,0,36.5℃,번개장터판매자,생활가전,,[출처] 번개장터 | [분석모델] CRP-P107FR | [모델근거] text_code | [원문링크] https://m.bunjang.co.kr/products/424307022
밥솥,쿠쿠 밥솥,쿠쿠 전기보온밥솥 30인용 CR-3055B-018,거래중,"65,000원",,2026-08-14,0,1,0,36.5℃,번개장터판매자,생활가전,,[출처] 번개장터 | [분석모델] CR-3055B-018 | [모델근거] text_code | [원문링크] https://m.bunjang.co.kr/products/424203208
밥솥,쿠쿠 밥솥,쿠쿠밥솥 6인용 crp-hvb0680sr팝니다.,거래중,"40,000원",신사동,2026-08-13,0,5,0,36.5℃,번개장터판매자,생활가전,서울특별시 관악구 신사동,[출처] 번개장터 | [분석모델] CRP-HVB0680SR | [모델근거] text_code | [원문링크] https://m.bunjang.co.kr/products/416075035
밥솥,쿠쿠 밥솥,쿠쿠 IH 압력밥솥 3인용 레드,거래중,"60,000원",용호제1동,2026-08-13,0,0,0,36.5℃,번개장터판매자,생활가전,부산광역시 남구 용호제1동,[출처] 번개장터 | [분석모델] IH압력밥솥_3인용 | [모델근거] text_variant | [원문링크] https://m.bunjang.co.kr/products/424112387
밥솥,쿠쿠 밥솥,쿠쿠 6인용 미니 에그밥솥,거래중,"55,000원",용호제3동,2026-08-13,0,0,0,36.5℃,번개장터판매자,생활가전,부산광역시 남구 용호제3동,[출처] 번개장터 | [분석모델] 미니에그밥솥_6인용 | [모델근거] text_variant | [원문링크] https://m.bunjang.co.kr/products/419617269
밥솥,쿠쿠 밥솥,쿠쿠 핑크 미니 밥솥 1~2인용,거래중,"42,000원",용호제3동,2026-08-13,0,1,0,36.5℃,번개장터판매자,생활가전,부산광역시 남구 용호제3동,[출처] 번개장터 | [분석모델] 제품군 공통 | [모델근거] product_group | [원문설명] 독특한 플리츠 주름과 편안한 착용감이 특징이랍니다 사진에서 보이는 것처럼 소매와 전체적인 핏이 정말 예뻐요 어떤 자리에서도 돋보일 수 있는 특별한 아이템이에요💜 사이즈: 55~66 추천 새상품 입니다 | [원문링크] https://m.bunjang.co.kr/products/423030813
밥솥,쿠쿠 밥솥,쿠쿠 IH 전기밥솥 CRP-HEG1060SV,거래중,"30,000원",,2026-08-13,0,3,0,36.5℃,번개장터판매자,생활가전,,[출처] 번개장터 | [분석모델] CRP-HEG1060SV | [모델근거] text_code | [원문링크] https://m.bunjang.co.kr/products/422345175
밥솥,쿠쿠 밥솥,쿠쿠 6인용 전기압력밥솥 CRP-PKNL0610BB 블랙,거래중,"79,527원",,2026-08-13,0,0,0,36.5℃,번개장터판매자,생활가전,,[출처] 번개장터 | [분석모델] CRP-PKNL0610BB | [모델근거] text_code | [원문링크] https://m.bunjang.co.kr/products/424085031
밥솥,쿠쿠 밥솥,쿠쿠6인용전기압력밥솥,거래중,"140,000원",읍내동,2026-08-12,0,7,0,36.5℃,번개장터판매자,생활가전,대구광역시 북구 읍내동,[출처] 번개장터 | [분석모델] 전기압력밥솥_6인용 | [모델근거] text_variant | [원문링크] https://m.bunjang.co.kr/products/407493790
밥솥,쿠쿠 밥솥,쿠쿠 핑크 미니 밥솥 1~2인용,거래중,"42,000원",용호제3동,2026-08-12,0,2,0,36.5℃,번개장터판매자,생활가전,부산광역시 남구 용호제3동,[출처] 번개장터 | [분석모델] 제품군 공통 | [모델근거] product_group | [원문설명] 작고 예쁜 핑크색 쿠쿠 미니 밥솥이에요 !! 💜 1~2인 가구에 딱 맞는 사이즈로 혼밥족에게 추천드려요 강추 내솥과 전원선 포함 구성입니다 (내솥 밑바닥 가장자리 부분에 아주 작은 찌그러짐이 있어요 사진 참고 부탁드려요~‼️) 4회정도 사용했습니다!! 상태 좋으니 얼른 구입하세요~^^ 혼족인 분들!!! | [원문링크] https://m.bunjang.co.kr/products/421285098
밥솥,쿠쿠 밥솥,쿠쿠 미니 에그밥솥 (새상품급),거래중,"53,000원",용호제1동,2026-08-12,0,4,0,36.5℃,번개장터판매자,생활가전,부산광역시 남구 용호제1동,[출처] 번개장터 | [분석모델] 미니에그밥솥 | [모델근거] text_variant | [원문링크] https://m.bunjang.co.kr/products/405019433
밥솥,쿠쿠 밥솥,쿠쿠 6인용 트윈프레셔 전기압력밥솥 6인용 (급처분),거래중,"75,000원",,2026-08-12,0,8,0,36.5℃,번개장터판매자,생활가전,,[출처] 번개장터 | [분석모델] 트윈프레셔_6인용 | [모델근거] text_variant | [원문링크] https://m.bunjang.co.kr/products/402470404
밥솥,쿠쿠 밥솥,919. 쿠쿠6인용 전기압력밥솥,거래중,"150,000원",,2026-08-12,0,11,0,36.5℃,번개장터판매자,생활가전,,[출처] 번개장터 | [분석모델] 전기압력밥솥_6인용 | [모델근거] text_variant | [원문링크] https://m.bunjang.co.kr/products/385029653
밥솥,쿠쿠 밥솥,쿠쿠6인용 조용한밥솥,거래중,"298,220원",,2026-08-11,0,2,0,36.5℃,번개장터판매자,생활가전,,[출처] 번개장터 | [분석모델] 전기보온밥솥_6인용 | [모델근거] detail_text_variant | [원문설명] 6인용 쿠쿠 전기 밥솥 판매합니다. 조용하게 밥이 되는 밥솥이라 소음에 민감하신 분들에게 추천드려요. 밥솥 상태는 사진과 같습니다. 문의 없으시면 바로 안전결제해주시면 됩니다! 25년구입 6개월사용 | [원문링크] https://m.bunjang.co.kr/products/364696250
밥솥,쿠쿠 밥솥,쿠쿠 6인용 압력밥솥 입니다,거래중,"70,000원",,2026-08-11,0,1,0,36.5℃,번개장터판매자,생활가전,,[출처] 번개장터 | [분석모델] 전기압력밥솥_6인용 | [모델근거] text_variant | [원문링크] https://m.bunjang.co.kr/products/423890644
밥솥,쿠쿠 밥솥,791 쿠쿠6인용 전기압력밥솥,거래중,"110,000원",,2026-08-11,0,3,0,36.5℃,번개장터판매자,생활가전,,[출처] 번개장터 | [분석모델] 전기압력밥솥_6인용 | [모델근거] text_variant | [원문링크] https://m.bunjang.co.kr/products/385669216
밥솥,쿠쿠 밥솥,쿠쿠10인용압력밥솥 혼자살아  사용김적습니다 6월개월 정도. 사용중입니다,거래중,"170,000원",봉명1동,2026-08-11,0,2,0,36.5℃,번개장터판매자,생활가전,충청북도 청주시 흥덕구 봉명1동,[출처] 번개장터 | [분석모델] 전기압력밥솥_10인용 | [모델근거] text_variant | [원문링크] https://m.bunjang.co.kr/products/411822207
밥솥,쿠쿠 밥솥,쿠쿠 압력밥솥 P6020FDM 6인용 새상품,거래중,"155,000원",화곡제6동,2026-08-11,0,4,0,36.5℃,번개장터판매자,생활가전,서울특별시 강서구 화곡제6동,[출처] 번개장터 | [분석모델] 전기압력밥솥_6인용 | [모델근거] text_variant | [원문링크] https://m.bunjang.co.kr/products/423836007
밥솥,쿠쿠 밥솥,222. 쿠쿠6인용 전기압력밥솥,거래중,"100,000원",,2026-08-09,0,12,0,36.5℃,번개장터판매자,생활가전,,[출처] 번개장터 | [분석모델] 전기압력밥솥_6인용 | [모델근거] text_variant | [원문링크] https://m.bunjang.co.kr/products/340779368
밥솥,쿠쿠 밥솥,쿠쿠 핑크 미니 밥솥 1~2인용 (상태좋음),거래중,"42,000원",용호제3동,2026-08-09,0,2,0,36.5℃,번개장터판매자,생활가전,부산광역시 남구 용호제3동,[출처] 번개장터 | [분석모델] 제품군 공통 | [모델근거] product_group | [원문설명] 작고 예쁜 핑크색 쿠쿠 미니 밥솥이에요 !! 💜 1~2인 가구에 딱 맞는 사이즈로 혼밥족에게 추천드려요 강추 내솥과 전원선 포함 구성입니다 (내솥 밑바닥 가장자리 부분에 아주 작은 찌그러짐이 있어요 사진 참고 부탁드려요~‼️) 4회정도 사용했습니다!! 상태 좋으니 얼른 구입하세요~^^ 혼족인 분들!!! | [원문링크] https://m.bunjang.co.kr/products/422595845
밥솥,쿠쿠 밥솥,쿠쿠 밥솥 CH-0075FW 화이트,거래중,"30,000원",성안동,2026-08-07,0,4,0,36.5℃,번개장터판매자,생활가전,울산광역시 중구 성안동,"[출처] 번개장터 | [분석모델] 제품군 공통 | [모델근거] product_group | [원문설명] 쿠쿠 밥솥 CH-0075FW 화이트 색상입니다. 깨끗하게 잘 사용했고, 상태 좋습니다. | [원문링크] https://m.bunjang.co.kr/products/423402403"
밥솥,쿠쿠 밥솥,쿠쿠 트윈프레셔 더라이트 6인용 전기압력밥솥,거래중,"145,000원",,2026-08-07,0,0,0,36.5℃,번개장터판매자,생활가전,,[출처] 번개장터 | [분석모델] 트윈프레셔_6인용 | [모델근거] text_variant | [원문링크] https://m.bunjang.co.kr/products/423396367
밥솥,쿠쿠 밥솥,55. 쿠쿠6인용 전기압력밥솥,거래중,"130,000원",,2026-08-07,0,15,0,36.5℃,번개장터판매자,생활가전,,[출처] 번개장터 | [분석모델] 전기압력밥솥_6인용 | [모델근거] text_variant | [원문링크] https://m.bunjang.co.kr/products/315309670
밥솥,쿠쿠 밥솥,쿠쿠 밥솥,거래중,"144,000원",,2026-08-06,0,1,0,36.5℃,번개장터판매자,생활가전,,[출처] 번개장터 | [분석모델] 제품군 공통 | [모델근거] product_group | [원문설명] 새상품이고 한번도 사용안했습니다 원가 59만원 | [원문링크] https://m.bunjang.co.kr/products/422227925
밥솥,쿠쿠 밥솥,쿠쿠 밥솥6인용 DHP0610FD 30~30,거래중,"120,000원",,2026-08-06,0,2,0,36.5℃,번개장터판매자,생활가전,,[출처] 번개장터 | [분석모델] 제품군 공통 | [모델근거] product_group | [원문링크] https://m.bunjang.co.kr/products/423219032
밥솥,쿠쿠 밥솥,"[밥솥] 쿠쿠 6인용 전기압력밥솥 화이트+웜실버, 깔끔한 상태",거래중,"120,000원",,2026-08-05,0,3,0,36.5℃,번개장터판매자,생활가전,,[출처] 번개장터 | [분석모델] 전기압력밥솥_6인용 | [모델근거] text_variant | [원문링크] https://m.bunjang.co.kr/products/409202484
밥솥,쿠쿠 밥솥,[밥솥] 쿠쿠 10인용 전기압력밥솥 CRP-QK1010BUG 어반그레이-002,거래중,"80,000원",,2026-08-05,0,3,0,36.5℃,번개장터판매자,생활가전,,[출처] 번개장터 | [분석모델] CRP-QK1010BUG | [모델근거] text_code | [원문링크] https://m.bunjang.co.kr/products/423138871
밥솥,쿠쿠 밥솥,129 쿠쿠6인용 전기압력밥솥,거래중,"70,000원",,2026-08-05,0,8,0,36.5℃,번개장터판매자,생활가전,,[출처] 번개장터 | [분석모델] 전기압력밥솥_6인용 | [모델근거] text_variant | [원문링크] https://m.bunjang.co.kr/products/383540454
밥솥,쿠쿠 밥솥,319 쿠쿠6인용 전기압력밥솥,거래중,"150,000원",,2026-08-04,0,9,0,36.5℃,번개장터판매자,생활가전,,[출처] 번개장터 | [분석모델] 전기압력밥솥_6인용 | [모델근거] text_variant | [원문링크] https://m.bunjang.co.kr/products/392693752
밥솥,쿠쿠 밥솥,331. 쿠쿠6인용전기입력밥솥,거래중,"130,000원",,2026-08-04,0,1,0,36.5℃,번개장터판매자,생활가전,,[출처] 번개장터 | [분석모델] 제품군 공통 | [모델근거] product_group | [원문설명] 밥솥 네고 불가!! 자제 부탁드립니다 네고문의 답변안합니다 제 상점에 다른밥솥도 다수 있습니다 작동굿이구여~ 세월의 생활감 전체적으로 있습니다 판매자가 테스트 거쳐 패킹 김샘이나 작동여부 3번 확인후 보내드립니다. 중고제품 인지하시고 제가 미처 확인하지 못한부분 있을수 있습니다. 최대한 사진첨부했어요 기본적으로 구석구석 깨끗이 닦아 보내드린다고 신경써서 닦았습니다. 한번더 구매자님이 닦으심 더욱 깨끗하게 사용 가능요 신중히 생각하시고 구매요 교환.환불 불가요. 525935096910 | [원문링크] https://m.bunjang.co.kr/products/379446878
밥솥,쿠쿠 밥솥,쿠쿠 밥솥 화이트6,거래중,"40,000원",,2026-08-03,0,2,0,36.5℃,번개장터판매자,생활가전,,[출처] 번개장터 | [분석모델] 제품군 공통 | [모델근거] product_group | [원문설명] 쿠쿠 밥솥 화이트 모델입니다. 깔끔한 디자인으로 주방 어디에나 잘 어울립니다. 구매 원하시면 바로 안전결제 해주시면 됩니다! | [원문링크] https://m.bunjang.co.kr/products/422925940
밥솥,쿠쿠 밥솥,쿠쿠 핑크 미니 밥솥 1~2인용,거래중,"42,000원",용호제3동,2026-08-03,0,1,0,36.5℃,번개장터판매자,생활가전,부산광역시 남구 용호제3동,[출처] 번개장터 | [분석모델] 제품군 공통 | [모델근거] product_group | [원문설명] 작고 예쁜 핑크색 쿠쿠 미니 밥솥이에요 !! 💜 1~2인 가구에 딱 맞는 사이즈로 혼밥족에게 추천드려요 강추 내솥과 전원선 포함 구성입니다 (내솥 밑바닥 가장자리 부분에 아주 작은 찌그러짐이 있어요 사진 참고 부탁드려요~‼️) 4회정도 사용했습니다!! 상태 좋으니 얼른 구입하세요~^^ 혼족인 분들!!! | [원문링크] https://m.bunjang.co.kr/products/421127055
밥솥,쿠쿠 밥솥,쿠쿠 IH압력밥솥 FHS0610FD,거래중,"105,000원",,2026-08-03,0,5,0,36.5℃,번개장터판매자,생활가전,,[출처] 번개장터 | [분석모델] IH압력밥솥 | [모델근거] text_variant | [원문링크] https://m.bunjang.co.kr/products/404399165
밥솥,쿠쿠 밥솥,쿠쿠 전기밥솥 핑크골드,거래중,"49,000원",,2026-08-03,0,5,0,36.5℃,번개장터판매자,생활가전,,[출처] 번개장터 | [분석모델] 전기보온밥솥 | [모델근거] text_variant | [원문링크] https://m.bunjang.co.kr/products/422828929
밥솥,쿠쿠 밥솥,쿠쿠밥솥,예약중,"60,000원",,2026-08-03,0,1,0,36.5℃,번개장터판매자,생활가전,,[출처] 번개장터 | [분석모델] 제품군 공통 | [모델근거] product_group | [원문설명] 2-3 년전 구매 사용을 잘 안해서 판매합니다 | [원문링크] https://m.bunjang.co.kr/products/422828820
밥솥,쿠쿠 밥솥,쿠쿠 블랙스톤 전기압력밥솥 10인용 @ 미사용@,거래중,"165,000원",역북동,2026-08-03,0,13,0,36.5℃,번개장터판매자,생활가전,경기도 용인시 처인구 역북동,[출처] 번개장터 | [분석모델] 전기압력밥솥_10인용 | [모델근거] text_variant | [원문링크] https://m.bunjang.co.kr/products/408608319
밥솥,쿠쿠 밥솥,쿠쿠 스마트 IH 밥솥 CHP1010FS,거래중,"80,000원",신곡1동,2026-08-02,0,1,0,36.5℃,번개장터판매자,생활가전,경기도 의정부시 신곡1동,[출처] 번개장터 | [분석모델] 제품군 공통 | [모델근거] product_group | [원문설명] 쿠쿠 스마트 IH 밥솥 CHP1010FS 모델입니다. 가정 10인용 밥솥이고 사용은 좀 했지만 깨끗합니다 네고 가능하고 배송비는 제가 부담하겠습니다 | [원문링크] https://m.bunjang.co.kr/products/422774869
밥솥,쿠쿠 밥솥,쿠쿠 3인용 IH 전기압력밥솥 CRP-HQB0310FS,거래중,"100,000원",,2026-08-01,0,5,0,36.5℃,번개장터판매자,생활가전,,[출처] 번개장터 | [분석모델] CRP-HQB0310FS | [모델근거] text_code | [원문링크] https://m.bunjang.co.kr/products/422678624
밥솥,쿠쿠 밥솥,쿠쿠 6인용 보온밥솥,예약중,"35,000원",,2026-08-01,0,1,0,36.5℃,번개장터판매자,생활가전,,[출처] 번개장터 | [분석모델] 전기보온밥솥_6인용 | [모델근거] text_variant | [원문링크] https://m.bunjang.co.kr/products/420350411
밥솥,쿠쿠 밥솥,쿠쿠 핑크 미니밥솥 1~2인용,거래중,"42,000원",용호제3동,2026-08-01,0,0,0,36.5℃,번개장터판매자,생활가전,부산광역시 남구 용호제3동,[출처] 번개장터 | [분석모델] 제품군 공통 | [모델근거] product_group | [원문설명] 작고 예쁜 핑크색 쿠쿠 미니 밥솥이에요 !! 💜 1~2인 가구에 딱 맞는 사이즈로 혼밥족에게 추천드려요 강추 내솥과 전원선 포함 구성입니다 (내솥 밑바닥 가장자리 부분에 아주 작은 찌그러짐이 있어요 사진 참고 부탁드려요~‼️) 크기가 작습니다 매직펜으로 비교 해놓았습니다 4회정도 사용했습니다!! 상태 좋으니 얼른 구입하세요~^^ 혼족인 분들!!! | [원문링크] https://m.bunjang.co.kr/products/422066965
밥솥,쿠쿠 밥솥,쿠쿠전기밥솥 6인용,거래중,"38,000원",둔촌제1동,2026-08-01,0,7,0,36.5℃,번개장터판매자,생활가전,서울특별시 강동구 둔촌제1동,[출처] 번개장터 | [분석모델] 전기보온밥솥_6인용 | [모델근거] text_variant | [원문링크] https://m.bunjang.co.kr/products/338291253
밥솥,쿠쿠 밥솥,쿠쿠 CR-06610 전기밥솥,거래중,"10,000원",,2026-08-01,0,1,0,36.5℃,번개장터판매자,생활가전,,[출처] 번개장터 | [분석모델] CR-06610 | [모델근거] text_code | [원문링크] https://m.bunjang.co.kr/products/417685665
밥솥,쿠쿠 밥솥,쿠쿠 10인용 IH전기압력밥솥 조용한 가성비 밥솥,거래중,"100,000원",고척제2동,2026-07-31,0,1,0,36.5℃,번개장터판매자,생활가전,서울특별시 구로구 고척제2동,[출처] 번개장터 | [분석모델] IH압력밥솥_10인용 | [모델근거] text_variant | [원문링크] https://m.bunjang.co.kr/products/410892734
밥솥,쿠쿠 밥솥,쿠쿠 IH압력밥솥 6인용  CRP-FHXB0610FD,거래중,"200,000원",가정3동,2026-07-30,0,6,0,36.5℃,번개장터판매자,생활가전,인천광역시 서구 가정3동,[출처] 번개장터 | [분석모델] CRP-FHXB0610FD | [모델근거] text_code | [원문링크] https://m.bunjang.co.kr/products/422402054
밥솥,쿠쿠 밥솥,쿠쿠 스마트 IH 밥솥 3인용,거래중,"50,000원",상도제2동,2026-07-29,0,3,0,36.5℃,번개장터판매자,생활가전,서울특별시 동작구 상도제2동,[출처] 번개장터 | [분석모델] IH압력밥솥_3인용 | [모델근거] detail_text_variant | [원문설명] 쿠쿠 IH 압력밥솥 3인용 정가 27만원인데 내솥 가운데 부분이 벗겨져서 싸게 올려요 재코팅이 필요합니다 2만 5천원정도 합니다 장승배기역 근처 아파트로 오셔야되요 | [원문링크] https://m.bunjang.co.kr/products/421935497
밥솥,쿠쿠 밥솥,쿠쿠 전기압력밥솥 10인용 CRP-P1010FD,예약중,"85,000원",원종1동,2026-07-29,0,0,0,36.5℃,번개장터판매자,생활가전,경기도 부천시 오정구 원종1동,[출처] 번개장터 | [분석모델] CRP-P1010FD | [모델근거] text_code | [원문링크] https://m.bunjang.co.kr/products/422272830
밥솥,쿠쿠 밥솥,쿠쿠 전기밥솥,거래중,"20,000원",공항동,2026-07-29,0,5,0,36.5℃,번개장터판매자,생활가전,서울특별시 강서구 공항동,[출처] 번개장터 | [분석모델] 전기보온밥솥 | [모델근거] text_variant | [원문링크] https://m.bunjang.co.kr/products/282139186
밥솥,쿠쿠 밥솥,쿠쿠 IH 밥솥 10인용,거래중,"80,000원",,2026-07-28,0,0,0,36.5℃,번개장터판매자,생활가전,,"[출처] 번개장터 | [분석모델] 제품군 공통 | [모델근거] product_group | [원문설명] 쿠쿠 IH 밥솥 10인용 판매합니다. 밥솥 외관에 생활 기스가 좀 있지만, 내부 상태는 깨끗합니다. 밥솥 작동 잘 되고, IH 기능으로 맛있는 밥 지을 수 있습니다. 구매 원하시면 바로 안전결제 해주시면 됩니다!🧨 구매하실 분만 연락주세요. (찔러보기 금지) 🧨 ✅ 택배비 4,000원 입니다. ✅ 다른상품 묶음 구매시 무료배송 (5만원이상) ✅ 중고상품의 특성상 교환& 반품 안됩니다. ✅ 교신 안하는 상품입니다. ✅ 상담은 번개톡~ 챗 주세요! | [원문링크] https://m.bunjang.co.kr/products/415975091"
밥솥,쿠쿠 밥솥,쿠쿠 3인용 밥솥,거래중,"180,000원",조원2동,2026-07-27,0,0,0,36.5℃,번개장터판매자,생활가전,경기도 수원시 장안구 조원2동,[출처] 번개장터 | [분석모델] 제품군 공통 | [모델근거] product_group | [원문설명] 쿠쿠 3인용 밥솥 판매합니다. 밥솥 내부가 깨끗하고 외관도 깔끔한 상태입니다. 3인 가족이 사용하기에 적당한 사이즈입니다. 추가 문의 없으시면 바로 안전결제 해주시면 됩니다! | [원문링크] https://m.bunjang.co.kr/products/413095166
밥솥,쿠쿠 밥솥,(거의새것) 쿠쿠 2인용 밥솥 핑크 CR-0215MP,거래중,"49,000원",,2026-07-27,0,0,0,36.5℃,번개장터판매자,생활가전,,[출처] 번개장터 | [분석모델] CR-0215MP | [모델근거] text_code | [원문링크] https://m.bunjang.co.kr/products/422070177
밥솥,쿠쿠 밥솥,[밥솥] 쿠쿠 CRP-P0620FDM 6인용 압력밥솥,거래중,"70,000원",고척제2동,2026-07-27,0,4,0,36.5℃,번개장터판매자,생활가전,서울특별시 구로구 고척제2동,[출처] 번개장터 | [분석모델] CRP-P0620FDM | [모델근거] text_code | [원문링크] https://m.bunjang.co.kr/products/405364996
밥솥,쿠쿠 밥솥,쿠쿠 압력밥솥 CRP-RT0610FC,거래중,"45,000원",병점1동,2026-07-27,0,1,0,36.5℃,번개장터판매자,생활가전,경기도 화성시 병점1동,[출처] 번개장터 | [분석모델] CRP-RT0610FC | [모델근거] text_code | [원문링크] https://m.bunjang.co.kr/products/422019746
밥솥,쿠쿠 밥솥,쿠쿠 전기압력밥솥 ST1010FC 10인용(미사용),예약중,"150,000원",,2026-07-26,0,0,0,36.5℃,번개장터판매자,생활가전,,[출처] 번개장터 | [분석모델] ST1010FC | [모델근거] text_code | [원문링크] https://m.bunjang.co.kr/products/421939294
밥솥,쿠쿠 밥솥,최고급 명품 경량 핸디 쿠쿠 밥솥 6인용,거래중,"30,000원",탄방동,2026-07-25,0,1,0,36.5℃,번개장터판매자,생활가전,대전광역시 서구 탄방동,[출처] 번개장터 | [분석모델] 제품군 공통 | [모델근거] product_group | [원문설명] 최고급 명품 경량 핸디 쿠쿠 밥솥 6인용. 내솥 무상처 깨끗. 대전권 무료배달됩니다. 환불불가. | [원문링크] https://m.bunjang.co.kr/products/264084710
밥솥,쿠쿠 밥솥,쿠쿠 IH 전기 압력밥솥 6인용 다크실버 CRP-DHB0660FDM,거래중,"180,000원",비전1동,2026-07-25,0,1,0,36.5℃,번개장터판매자,생활가전,경기도 평택시 비전1동,[출처] 번개장터 | [분석모델] CRP-DHB0660FDM | [모델근거] text_code | [원문링크] https://m.bunjang.co.kr/products/421821600
밥솥,쿠쿠 밥솥,쿠쿠 전기압력밥솥 10인용 CRP-R1025FBS 블랙 웜실버,거래중,"119,000원",비전1동,2026-07-25,0,1,0,36.5℃,번개장터판매자,생활가전,경기도 평택시 비전1동,[출처] 번개장터 | [분석모델] CRP-R1025FBS | [모델근거] text_code | [원문링크] https://m.bunjang.co.kr/products/421817536
밥솥,쿠쿠 밥솥,쿠쿠 전기 압력밥솥 6인용 CRP-P0620FDM,거래중,"129,000원",비전1동,2026-07-25,0,1,0,36.5℃,번개장터판매자,생활가전,경기도 평택시 비전1동,[출처] 번개장터 | [분석모델] CRP-P0620FDM | [모델근거] text_code | [원문링크] https://m.bunjang.co.kr/products/421816248
밥솥,쿠쿠 밥솥,쿠쿠 10인용 압력밥솥   CHSN1010FS,거래중,"65,000원",,2026-07-25,0,10,0,36.5℃,번개장터판매자,생활가전,,[출처] 번개장터 | [분석모델] 전기압력밥솥_10인용 | [모델근거] text_variant | [원문링크] https://m.bunjang.co.kr/products/391153834
밥솥,쿠쿠 밥솥,쿠쿠 6인용 IH압력밥솥 CRP-JHR0660FBM 6인용 펄 브라운(급처분),거래중,"135,000원",,2026-07-23,0,6,0,36.5℃,번개장터판매자,생활가전,,[출처] 번개장터 | [분석모델] CRP-JHR0660FBM | [모델근거] text_code | [원문링크] https://m.bunjang.co.kr/products/421596512
밥솥,쿠쿠 밥솥,무배/바배 쿠쿠 10인용 IH 전기압력밥솥 CRP-CHP106,거래중,"200,000원",비전1동,2026-07-23,0,5,0,36.5℃,번개장터판매자,생활가전,경기도 평택시 비전1동,[출처] 번개장터 | [분석모델] CRP-CHP106 | [모델근거] text_code | [원문링크] https://m.bunjang.co.kr/products/421547297
밥솥,쿠쿠 밥솥,쿠쿠 IH 밥솥 KHT1010FB 브라운(10인용),거래중,"100,000원",,2026-07-22,0,6,0,36.5℃,번개장터판매자,생활가전,,"[출처] 번개장터 | [분석모델] 제품군 공통 | [모델근거] product_group | [원문설명] 쿠쿠 IH 밥솥 KHT1010FB 브라운색상 10인용입니다. 스텐 내솥 완전 깨끗하고 좋습니다 음성 안내 기능 있어 편리 합니다 에너지 소비효율 1등급 제품 입니다 고무 패킹 새것으로 교체 했습니다 슈퍼곡물,잡곡취사 현미발아 누룽지 만능찜, 에너지아이,고화력,만능찜 다 잘 됩니다 다양한 메뉴 설정 가능하며, 상태 좋습니다. 고압 취사 ,무압취사 두가지기능으로 맛있는 밥을 지을 수 있습니다. 택배 가능 합니다 택배비는 4800원 입니다 별도 문의 없으시면 바로 안전결제 부탁드려요! | [원문링크] https://m.bunjang.co.kr/products/421461749"
밥솥,쿠쿠 밥솥,쿠쿠 밥솥 HTXB1011FB 브라운(10인용),거래중,"75,000원",,2026-07-22,0,0,0,36.5℃,번개장터판매자,생활가전,,"[출처] 번개장터 | [분석모델] 전기보온밥솥_10인용 | [모델근거] detail_text_variant | [원문설명] 쿠쿠 10인용 전기밥솥 HTXB1011FB 브라운 색상입니다. 내솥 상태 완전 아주 깨끗하고 좋습니다 음성 안내 기능 있어 편리 합니다 에너지 소비효율 1등급 제품 입니다 고무 패킹 새것으로 교체 했습니다 자동세척, 절전보온, 예약취사, 잡곡취사, 현미발아 누룽지, 만능찜 ,영양죽, 다 잘 됩니다 다양한 요리 모드와 편리한 기능들을 갖추고 있습니다. Made in Korea 제품으로 품질 또한 우수합니다. 택배 가능 합니다 택배비는 4800원 입니다 구매 원하시면 바로 안전결제 해주시면 됩니다! | [원문링크] https://m.bunjang.co.kr/products/421459542"
밥솥,쿠쿠 밥솥,쿠쿠 IH 밥솥 H NXT1020FB(10인용),거래중,"75,000원",,2026-07-22,0,4,0,36.5℃,번개장터판매자,생활가전,,"[출처] 번개장터 | [분석모델] 제품군 공통 | [모델근거] product_group | [원문설명] 쿠쿠 IH 밥솥 H NXT1020FB (10인용) 판매합니다. 내부는 깨끗하게 사용했습니다. 다양한 기능 (백미, 잡곡, 영양밥, 누룽지 등)으로 맛있는 밥 지을 수 있습니다. 구매 원하시면 바로 안전결제 해주시면 됩니다! | [원문링크] https://m.bunjang.co.kr/products/421454417"
밥솥,쿠쿠 밥솥,무배/바배 쿠쿠 트윈프레셔 더 라이트 전기압력밥솥 6인용 CRP-ST0615FGSM,거래중,"140,000원",비전1동,2026-07-22,0,4,0,36.5℃,번개장터판매자,생활가전,경기도 평택시 비전1동,[출처] 번개장터 | [분석모델] CRP-ST0615FGSM | [모델근거] text_code | [원문링크] https://m.bunjang.co.kr/products/421442520
밥솥,쿠쿠 밥솥,무배/바배 쿠쿠 10인용 IH 전기압력밥솥 CRP-JHP1060FSM,거래중,"225,000원",비전1동,2026-07-22,0,4,0,36.5℃,번개장터판매자,생활가전,경기도 평택시 비전1동,[출처] 번개장터 | [분석모델] CRP-JHP1060FSM | [모델근거] text_code | [원문링크] https://m.bunjang.co.kr/products/421442367
밥솥,쿠쿠 밥솥,무배/바배 쿠쿠 10인용 전기압력밥솥 CRP-R1025FBS,거래중,"135,000원",비전1동,2026-07-22,0,3,0,36.5℃,번개장터판매자,생활가전,경기도 평택시 비전1동,[출처] 번개장터 | [분석모델] CRP-R1025FBS | [모델근거] text_code | [원문링크] https://m.bunjang.co.kr/products/421442128
밥솥,쿠쿠 밥솥,무배/바배 쿠쿠 업소용 17인용 대용량 전기보온밥솥,거래중,"99,000원",비전1동,2026-07-22,0,0,0,36.5℃,번개장터판매자,생활가전,경기도 평택시 비전1동,[출처] 번개장터 | [분석모델] 전기보온밥솥 | [모델근거] text_variant | [원문링크] https://m.bunjang.co.kr/products/421441064
밥솥,쿠쿠 밥솥,쿠쿠 ih 10인용 전기 밥솥 kht1010fb,거래중,"90,000원",성현동,2026-07-22,0,0,0,36.5℃,번개장터판매자,생활가전,서울특별시 관악구 성현동,[출처] 번개장터 | [분석모델] 전기보온밥솥_10인용 | [모델근거] text_variant | [원문링크] https://m.bunjang.co.kr/products/388380286
밥솥,쿠쿠 밥솥,쿠쿠 IH 압력밥솥 BHXB0660FB,거래중,"70,000원",,2026-07-22,0,0,0,36.5℃,번개장터판매자,생활가전,,[출처] 번개장터 | [분석모델] BHXB0660FB | [모델근거] text_code | [원문링크] https://m.bunjang.co.kr/products/400362318
밥솥,쿠쿠 밥솥,무배/바배 쿠쿠 전기압력밥솥 CRP-OKNL1010BGW,거래중,"120,000원",비전1동,2026-07-20,0,0,0,36.5℃,번개장터판매자,생활가전,경기도 평택시 비전1동,[출처] 번개장터 | [분석모델] CRP-OKNL1010BGW | [모델근거] text_code | [원문링크] https://m.bunjang.co.kr/products/421019338
밥솥,쿠쿠 밥솥,쿠쿠 CRP-R0615FWS 전기 압력밥솥,거래중,"135,000원",비전1동,2026-07-20,0,1,0,36.5℃,번개장터판매자,생활가전,경기도 평택시 비전1동,[출처] 번개장터 | [분석모델] CRP-R0615FWS | [모델근거] text_code | [원문링크] https://m.bunjang.co.kr/products/420991548
밥솥,쿠쿠 밥솥,쿠쿠 10인용 IH전기밥솥CRP-FHS 1010FMG,거래중,"235,000원",비전1동,2026-07-20,0,2,0,36.5℃,번개장터판매자,생활가전,경기도 평택시 비전1동,[출처] 번개장터 | [분석모델] CRP-FHS | [모델근거] text_code | [원문링크] https://m.bunjang.co.kr/products/420990611
밥솥,쿠쿠 밥솥,쿠쿠 핑크 미니 밥솥 1~2인용,거래중,"42,000원",용호제3동,2026-07-20,0,0,0,36.5℃,번개장터판매자,생활가전,부산광역시 남구 용호제3동,[출처] 번개장터 | [분석모델] 제품군 공통 | [모델근거] product_group | [원문설명] 작고 예쁜 핑크색 쿠쿠 미니 밥솥이에요 !! 💜 1~2인 가구에 딱 맞는 사이즈로 혼밥족에게 추천드려요 강추 내솥과 전원선 포함 구성입니다 (내솥 밑바닥 가장자리 부분에 아주 작은 찌그러짐이 있어요 사진 참고 부탁드려요~‼️) 크기가 작습니다 매직펜으로 비교 해놓았습니다 4회정도 사용했습니다!! 상태 좋으니 얼른 구입하세요~^^ 혼족인 분들!!! | [원문링크] https://m.bunjang.co.kr/products/419770894
밥솥,쿠쿠 밥솥,쿠쿠 6인용 미니 에그밥솥,거래중,"55,000원",용호제3동,2026-07-20,0,8,0,36.5℃,번개장터판매자,생활가전,부산광역시 남구 용호제3동,[출처] 번개장터 | [분석모델] 미니에그밥솥_6인용 | [모델근거] text_variant | [원문링크] https://m.bunjang.co.kr/products/419872068
밥솥,쿠쿠 밥솥,쿠쿠 IH전기압력밥솥 6인용(급처분),거래중,"125,000원",,2026-07-19,0,3,0,36.5℃,번개장터판매자,생활가전,,[출처] 번개장터 | [분석모델] IH압력밥솥_6인용 | [모델근거] text_variant | [원문링크] https://m.bunjang.co.kr/products/410835825
밥솥,쿠쿠 밥솥,쿠쿠밥솥 CRP-HT0605S 6인용,거래중,"33,800원",,2026-07-17,0,0,0,36.5℃,번개장터판매자,생활가전,,[출처] 번개장터 | [분석모델] CRP-HT0605S | [모델근거] text_code | [원문링크] https://m.bunjang.co.kr/products/413208457
밥솥,쿠쿠 밥솥,[밥솥] 쿠쿠 QS1020FGM 10인용 열판압력밥솥,거래중,"160,000원",고척제2동,2026-07-16,0,2,0,36.5℃,번개장터판매자,생활가전,서울특별시 구로구 고척제2동,[출처] 번개장터 | [분석모델] QS1020FGM | [모델근거] text_code | [원문링크] https://m.bunjang.co.kr/products/405902759
밥솥,쿠쿠 밥솥,26-7 쿠쿠 IH 전기밥솥 BHXB0660FD/6인용,거래중,"79,000원",,2026-07-16,0,2,0,36.5℃,번개장터판매자,생활가전,,[출처] 번개장터 | [분석모델] BHXB0660FD | [모델근거] text_code | [원문링크] https://m.bunjang.co.kr/products/420170885
밥솥,쿠쿠 밥솥,쿠쿠 밥솥(10인용) 1번 사용한 거 싸게 팝니다.,거래중,"320,000원",탕정면,2026-07-15,0,2,0,36.5℃,번개장터판매자,생활가전,충청남도 아산시 탕정면,[출처] 번개장터 | [분석모델] 제품군 공통 | [모델근거] product_group | [원문설명] 쿠쿠 10인용 미식 컬렉션 밥솥입니다. 구매하고 한 번 사용했는데 식구가 많지 않아서 싸게 팝니다. 한 번밖에 사용 안해서 완전 깨끗합니다. 저렴하게 내놓으니 필요하신 분은 연락주세요. | [원문링크] https://m.bunjang.co.kr/products/416935180
밥솥,쿠쿠 밥솥,쿠쿠 밥솥,거래중,"55,000원",,2026-07-10,0,0,0,36.5℃,번개장터판매자,생활가전,,[출처] 번개장터 | [분석모델] 전기보온밥솥 | [모델근거] detail_text_variant | [원문설명] 쿠쿠 전기밥솥 판매합니다. 밥맛 좋기로 유명한 쿠쿠 제품입니다. 사진에 보이는 상태 그대로 보내드립니다. 내솥은 바꾸셔야 할것 같아요 | [원문링크] https://m.bunjang.co.kr/products/419091567
밥솥,쿠쿠 밥솥,쿠쿠10인용 압력밥솥,예약중,"99,900원",호평동,2026-07-10,0,0,0,36.5℃,번개장터판매자,생활가전,경기도 남양주시 호평동,[출처] 번개장터 | [분석모델] 전기압력밥솥_10인용 | [모델근거] text_variant | [원문링크] https://m.bunjang.co.kr/products/419059213
밥솥,쿠쿠 밥솥,쿠쿠압력 풀 스테인리스 에코 미니 밥솥 3인용 상태최상수준,예약중,"139,000원",,2026-07-07,0,3,0,36.5℃,번개장터판매자,생활가전,,[출처] 번개장터 | [분석모델] 제품군 공통 | [모델근거] product_group | [원문설명] 쿠쿠 풀 스테인리스 에코 미니 3인용내솥긁힘없어요 밥솥입니다. 풀 스테인리스 제품이라 위생적으로 사용 가능합니다. 3인 가구에 적합한 사이즈입니다. 문의 없으시면 바로 안전결제해주시면 됩니다! 작동굿! | [원문링크] https://m.bunjang.co.kr/products/402249543
밥솥,쿠쿠 밥솥,쿠쿠 CR-0352FR 밥솥,거래중,"23,000원",행당제2동,2026-07-04,0,1,0,36.5℃,번개장터판매자,생활가전,서울특별시 성동구 행당제2동,[출처] 번개장터 | [분석모델] CR-0352FR | [모델근거] text_code | [원문링크] https://m.bunjang.co.kr/products/417042368
밥솥,쿠쿠 밥솥,쿠쿠 트윈프레셔 10인용 IH압력밥솥 (미개봉)CRP-LHTR1020FG,예약중,"370,000원",상암동,2026-07-04,0,3,0,36.5℃,번개장터판매자,생활가전,서울특별시 마포구 상암동,[출처] 번개장터 | [분석모델] CRP-LHTR1020FG | [모델근거] text_code | [원문설명] 쿠쿠 트윈프레셔 마스터셰프 10인용 IH압력밥솥이에요. CRP-LHTR1020FGW 경품당첨되어서 팝니다. 최저가 62만원 전력차단위치 있는 모델 쿠팡모델은 전력차단스위치 없습니다. 대기전력 차단 스위치 (하단 스위치만 똑딱 끄면 플러그를 뽑은 것과 같은 효과) https://www.lotteon.com/m/product/LE1219782432?mall_no=2&sitmNo=LE1219782432_1318472237&ch_no=100067&ch_dtl_no=1000223&entryPoint=pcs&dp_infw_cd=CHT&ch_no=100659&ch_dtl_no=1070648&NaPm=ct%3Dmr5rpiv6%7Cci%3DrBhFjAAAAZ8rCorpAIS9NQ%2E%2E01%7Ctr%3Dpmax%7Chk%3D8e7bcfb3be8dd4a3f7e4f707387e25cfd1455b0f%7Cnacn%3D2nyxB0gXJij3 박스에 담겨있는 새상품 그대로 보내드려요 매일 맛있는 밥을 짓고 싶은 분들께 추천드려요 | [원문링크] https://m.bunjang.co.kr/products/417849914
밥솥,쿠쿠 밥솥,쿠쿠 CR-1122R 밥솥,거래중,"50,000원",,2026-07-01,0,0,0,36.5℃,번개장터판매자,생활가전,,[출처] 번개장터 | [분석모델] CR-1122R | [모델근거] text_code | [원문링크] https://m.bunjang.co.kr/products/417328245
밥솥,쿠쿠 밥솥,쿠쿠 6인용 전기압력밥솥 CRP-QS107FB,거래중,"50,000원",양재1동,2026-06-30,0,1,0,36.5℃,번개장터판매자,생활가전,서울특별시 서초구 양재1동,[출처] 번개장터 | [분석모델] CRP-QS107FB | [모델근거] text_code | [원문링크] https://m.bunjang.co.kr/products/417094420
밥솥,쿠쿠 밥솥,쿠쿠 6인용 IH 전기압력밥솥 CRP-FHXB0610FD,거래중,"170,000원",비전1동,2026-06-29,0,3,0,36.5℃,번개장터판매자,생활가전,경기도 평택시 비전1동,[출처] 번개장터 | [분석모델] CRP-FHXB0610FD | [모델근거] text_code | [원문링크] https://m.bunjang.co.kr/products/416248356
밥솥,쿠쿠 밥솥,쿠쿠 IH압력밥솥 06 FHTS0610FB,거래중,"370,000원",,2026-06-29,0,3,0,36.5℃,번개장터판매자,생활가전,,[출처] 번개장터 | [분석모델] IH압력밥솥 | [모델근거] text_variant | [원문설명] 쿠쿠 IH압력밥솥 06 FHTS0610FB 모델입니다. 풀 스테인리스 3.0에 투인 압력 기능이 탑재된 제품입니다. 강력한 초고압과 부드러운 무압 취사가 가능합니다. 구매 원하시면 바로 안전결제 해주시면 됩니다! 미개봉 새상품입니다 선물받았는데 필요가없네요ㅠㅠ | [원문링크] https://m.bunjang.co.kr/products/416580533
밥솥,쿠쿠 밥솥,쿠쿠아력밥솥 KHTS1060FD,거래중,"150,000원",,2026-06-29,0,5,0,36.5℃,번개장터판매자,생활가전,,"[출처] 번개장터 | [분석모델] IH압력밥솥 | [모델근거] detail_text_variant | [원문설명] 쿠쿠아력밥솥KHTS1060FD에너지세이버 모델 판매합니다. IH 기술로 맛있는 밥을 지을 수 있으며, 에너지 세이버 기능으로 전기료 절약 효과도 있습니다. 다양한 메뉴(백미, 잡곡, 현미, 영양죽 등) 풀 스테인리스 4.0 마스터 취사 방식: IH 압력밥솥 (4기압 취사) 내솥종류: 에코 블 랙사인 내솥코팅: 엑스월 블랙샤인, 에어버블 코팅 커버/패킹: 풀 스테인리스 분리형 커버 2중 모션 패킹 (압력 패킹) 주요 기능: 음성 안내 기능 자동 세척 기능 에너지 아이, 대기전력 차단 스위치가 있구요 에너지 효율: 1등급 - 에너지 절약 모델입니다 - 밥맛이 좋고 찰집니다 - 다양한 요리가 가능합니다 코코 앞력밥솥 중에서는 최고의 제품입니다. 분해정밀세척 점검 및 청소 내부 세척 완료된 상품입니다. 바로 사용하시면 되는 물건이에요. 상태는 사진과 같이 완전깨끛한 상급상태를 유지하고 있습니다 내솥 상태는 사진과같이 완전 깨끛합니다 상품을 보지 않고 매매하는 거라 상세하게 적어드렸어요. 잘 살펴 보시고 구매하세요. 문의 없으시면 바로 안전결제 해 주시면 됩니다 거매후 교환 환불 반품안됍니다 | [원문링크] https://m.bunjang.co.kr/products/416897613"
밥솥,쿠쿠 밥솥,쿠쿠밥솥,거래중,"300,000원",,2026-06-28,0,1,0,36.5℃,번개장터판매자,생활가전,,[출처] 번개장터 | [분석모델] 제품군 공통 | [모델근거] product_group | [원문설명] 미사용 새상품입니다 6인용 | [원문링크] https://m.bunjang.co.kr/products/296273800
밥솥,쿠쿠 밥솥,쿠쿠 전기밥솥,거래중,"35,000원",,2026-06-28,0,3,0,36.5℃,번개장터판매자,생활가전,,[출처] 번개장터 | [분석모델] 전기보온밥솥 | [모델근거] text_variant | [원문링크] https://m.bunjang.co.kr/products/416628510
밥솥,쿠쿠 밥솥,쿠쿠압력밥솥 6인용,거래중,"70,000원",송학동,2026-06-27,0,5,0,36.5℃,번개장터판매자,생활가전,전북특별자치도 익산시 송학동,[출처] 번개장터 | [분석모델] 전기압력밥솥_6인용 | [모델근거] text_variant | [원문링크] https://m.bunjang.co.kr/products/402201229
밥솥,쿠쿠 밥솥,쿠쿠 IH 밥솥 FHR1010FG 에너지세이버,거래중,"150,000원",,2026-06-25,0,1,0,36.5℃,번개장터판매자,생활가전,,"[출처] 번개장터 | [분석모델] IH압력밥솥 | [모델근거] detail_text_variant | [원문설명] 쿠쿠 IH 밥솥 FHR1010FG 에너지세이버 모델 판매합니다. IH 기술로 맛있는 밥을 지을 수 있으며, 에너지 세이버 기능으로 전기료 절약 효과도 있습니다. 다양한 메뉴(백미, 잡곡, 현미, 영양죽 등) 풀 스테인리스 4.0 마스터 취사 방식: IH 압력밥솥 (4기압 취사) 내솥종류: 에코 블 랙사인 커브드내솥 내솥코팅: 엑스월 블랙샤인, 에어버블 코팅 커버/패킹: 풀 스테인리스 분리형 커버 2중 모션 패킹 (압력 패킹) 주요 기능: 음성 안내 기능 자동 세척 기능 에너지 아이, 대기전력 차단 스위치가 있구요 에너지 효율: 1등급 - 에너지 절약 모델입니다 - 밥맛이 좋고 찰집니다 - 다양한 요리가 가능합니다 점검 및 청소 내부 세척 완료된 상품입니다. 바로 사용하시면 되는 물건이에요. 상태는 사진과 같이 완전깨끛한 상급상태를 유지하고 있습니다 내솥 상태는 사진과같이 완전 깨끛합니다 상품을 보지 않고 매매하는 거라 상세하게 적어드렸어요. 잘 살펴 보시고 구매하세요. 문의 없으시면 바로 안전결제 해 주시면 됩니다 거매후 교환 환불 반품안됍니다 | [원문링크] https://m.bunjang.co.kr/products/416113624"
밥솥,쿠쿠 밥솥,쿠쿠 전기밥솥 ih  10인용,거래중,"200,000원",,2026-06-25,0,2,0,36.5℃,번개장터판매자,생활가전,,[출처] 번개장터 | [분석모델] 전기보온밥솥_10인용 | [모델근거] text_variant | [원문링크] https://m.bunjang.co.kr/products/416049076
밥솥,쿠쿠 밥솥,[S급/밥솥] 쿠쿠 6인용 IH압력밥솥 CRP-DHB0660FDM,거래중,"150,000원",가산동,2026-06-24,0,3,0,36.5℃,번개장터판매자,생활가전,서울특별시 금천구 가산동,[출처] 번개장터 | [분석모델] CRP-DHB0660FDM | [모델근거] text_code | [원문링크] https://m.bunjang.co.kr/products/397687394
밥솥,쿠쿠 밥솥,쿠쿠 전기밥솥  10인용,거래중,"300,000원",정왕1동,2026-06-24,0,3,0,36.5℃,번개장터판매자,생활가전,경기도 시흥시 정왕1동,[출처] 번개장터 | [분석모델] 전기보온밥솥_10인용 | [모델근거] text_variant | [원문링크] https://m.bunjang.co.kr/products/415921070
밥솥,쿠쿠 밥솥,쿠쿠 CR-0352FR 밥솥,거래중,"25,000원",,2026-06-24,0,2,0,36.5℃,번개장터판매자,생활가전,,[출처] 번개장터 | [분석모델] CR-0352FR | [모델근거] text_code | [원문링크] https://m.bunjang.co.kr/products/415919399
밥솥,쿠쿠 밥솥,쿠쿠 마이콤 전기밥솥 CR-0655FR,거래중,"60,830원",화곡제4동,2026-06-24,0,1,0,36.5℃,번개장터판매자,생활가전,서울특별시 강서구 화곡제4동,[출처] 번개장터 | [분석모델] CR-0655FR | [모델근거] text_code | [원문링크] https://m.bunjang.co.kr/products/415814281
밥솥,쿠쿠 밥솥,쿠쿠압력밥솥 10인용 CRP-CHZV101FW,거래중,"98,000원",,2026-06-23,0,0,0,36.5℃,번개장터판매자,생활가전,,[출처] 번개장터 | [분석모델] CRP-CHZV101FW | [모델근거] text_code | [원문링크] https://m.bunjang.co.kr/products/415805912
밥솥,쿠쿠 밥솥,쿠쿠 일반밥솥 화이트 중간크기 zip an ip,거래중,"50,000원",금암동,2026-06-23,0,0,0,36.5℃,번개장터판매자,생활가전,전북특별자치도 전주시 덕진구 금암동,[출처] 번개장터 | [분석모델] 제품군 공통 | [모델근거] product_group | [원문설명] 쿠쿠 일반 밥솥 화이트 색상입니다. 중간 크기이며 작동에는 문제 없으나 예민하신 분은 피해주세요. 구매 원하시면 바로 안전결제 해주시면 됩니다! | [원문링크] https://m.bunjang.co.kr/products/415709914
밥솥,쿠쿠 밥솥,쿠쿠 CRP-QS1020FSM 10인용 압력밥솥,예약중,"70,000원",다산2동,2026-06-22,0,1,0,36.5℃,번개장터판매자,생활가전,경기도 남양주시 다산2동,[출처] 번개장터 | [분석모델] CRP-QS1020FSM | [모델근거] text_code | [원문링크] https://m.bunjang.co.kr/products/414268273
밥솥,쿠쿠 밥솥,쿠쿠 IH 밥솥 HUF108SS,거래중,"80,000원",청계면,2026-06-22,0,0,0,36.5℃,번개장터판매자,생활가전,전라남도 무안군 청계면,[출처] 번개장터 | [분석모델] 제품군 공통 | [모델근거] product_group | [원문설명] 쿠쿠 IH 밥솥 HUF108SS 모델입니다. SMART IH 기능이 탑재되어 있어 밥맛을 더욱 좋게 해줍니다. 사용감은 있지만 전체적으로 깨끗하게 관리되었습니다. 구매 원하시면 바로 안전결제 해주시면 됩니다! 목포 북항거리 | [원문링크] https://m.bunjang.co.kr/products/415459067
밥솥,쿠쿠 밥솥,쿠쿠 밥솥 화이트,거래중,"35,000원",,2026-06-22,0,0,0,36.5℃,번개장터판매자,생활가전,,[출처] 번개장터 | [분석모델] 전기보온밥솥 | [모델근거] detail_text_variant | [원문설명] 쿠쿠 전기밥솥 화이트 색상입니다. 사용감이 거의 없어 깨끗하고 상태 좋습니다. 밥맛을 살려주는 좋은 밥솥입니다. 별도 문의 없으시면 바로 안전결제 부탁드려요! | [원문링크] https://m.bunjang.co.kr/products/415454909
밥솥,쿠쿠 밥솥,쿠쿠 전기밥솥 압력밥솥 0320fw,거래중,"150,000원",정왕1동,2026-06-20,0,0,0,36.5℃,번개장터판매자,생활가전,경기도 시흥시 정왕1동,[출처] 번개장터 | [분석모델] 전기압력밥솥 | [모델근거] text_variant | [원문링크] https://m.bunjang.co.kr/products/415071361
밥솥,쿠쿠 밥솥,쿠쿠 스마트 IH 압력밥솥 6인용 DHP0610FW,거래중,"95,000원",시흥제3동,2026-06-19,0,10,0,36.5℃,번개장터판매자,생활가전,서울특별시 금천구 시흥제3동,[출처] 번개장터 | [분석모델] IH압력밥솥_6인용 | [모델근거] text_variant | [원문링크] https://m.bunjang.co.kr/products/410323597
밥솥,쿠쿠 밥솥,쿠쿠 전기밥솥 6인용 CR-0671V,거래중,"42,000원",화곡제4동,2026-06-19,0,2,0,36.5℃,번개장터판매자,생활가전,서울특별시 강서구 화곡제4동,[출처] 번개장터 | [분석모델] CR-0671V | [모델근거] text_code | [원문링크] https://m.bunjang.co.kr/products/414848529
밥솥,쿠쿠 밥솥,쿠쿠 CRP-G1020MP 밥솥(10인용),거래중,"45,000원",,2026-06-18,0,1,0,36.5℃,번개장터판매자,생활가전,,[출처] 번개장터 | [분석모델] CRP-G1020MP | [모델근거] text_code | [원문링크] https://m.bunjang.co.kr/products/414771353
밥솥,쿠쿠 밥솥,쿠첸 전기밥솥 압력밥솥 ih ㅣ 쿠쿠,거래중,"70,000원",,2026-06-17,0,2,0,36.5℃,번개장터판매자,생활가전,,[출처] 번개장터 | [분석모델] 전기압력밥솥 | [모델근거] text_variant | [원문링크] https://m.bunjang.co.kr/products/414641183
밥솥,쿠쿠 밥솥,쿠쿠 전기밥솥,거래중,"25,000원",조치원읍,2026-06-15,0,2,0,36.5℃,번개장터판매자,생활가전,세종특별자치시  조치원읍,[출처] 번개장터 | [분석모델] 전기보온밥솥 | [모델근거] text_variant | [원문링크] https://m.bunjang.co.kr/products/393703882
밥솥,쿠쿠 밥솥,최고급 명품 대리석 코팅 압력밥솥 쿠쿠 10인용,거래중,"35,000원",태평2동,2026-06-14,0,1,0,36.5℃,번개장터판매자,생활가전,대전광역시 중구 태평2동,[출처] 번개장터 | [분석모델] 전기압력밥솥_10인용 | [모델근거] text_variant | [원문링크] https://m.bunjang.co.kr/products/263689988
밥솥,쿠쿠 밥솥,쿠쿠 6인용 전기밥솥,거래중,"230,000원",갈현제1동,2026-06-14,0,0,0,36.5℃,번개장터판매자,생활가전,서울특별시 은평구 갈현제1동,[출처] 번개장터 | [분석모델] 전기보온밥솥_6인용 | [모델근거] text_variant | [원문링크] https://m.bunjang.co.kr/products/414062568
밥솥,쿠쿠 밥솥,쿠쿠 CR-0671V 밥솥 (화이트/퍼플),거래중,"50,000원",봉덕1동,2026-06-13,0,0,0,36.5℃,번개장터판매자,생활가전,대구광역시 남구 봉덕1동,[출처] 번개장터 | [분석모델] CR-0671V | [모델근거] text_code | [원문링크] https://m.bunjang.co.kr/products/413917305
밥솥,쿠쿠 밥솥,쿠쿠 전기 압력밥솥 10인용 CRP-QKNL1010BGW,거래중,"120,000원",비전1동,2026-06-12,0,1,0,36.5℃,번개장터판매자,생활가전,경기도 평택시 비전1동,[출처] 번개장터 | [분석모델] CRP-QKNL1010BGW | [모델근거] text_code | [원문링크] https://m.bunjang.co.kr/products/413685670
밥솥,쿠쿠 밥솥,쿠쿠 일반 밥솥 10인분 판매합니다.,거래중,"53,000원",산격4동,2026-06-11,0,0,0,36.5℃,번개장터판매자,생활가전,대구광역시 북구 산격4동,[출처] 번개장터 | [분석모델] CR-1010FB | [모델근거] detail_text_code | [원문설명] 쿠쿠 비압력 전기 밥솥 10인분 판매합니다. 모델명은 CR-1010FB입니다. 비압력 밥솥이며 10인분입니다. 구매후 사용은 몇번 하지않았습니다. 필요가 없게되어 판매하게되었습니다. | [원문링크] https://m.bunjang.co.kr/products/413600618
밥솥,쿠쿠 밥솥,쿠쿠 트윈프레셔 IH 압력밥솥 10인용,예약중,"140,000원",지동,2026-06-08,0,5,0,36.5℃,번개장터판매자,생활가전,경기도 수원시 팔달구 지동,[출처] 번개장터 | [분석모델] 트윈프레셔_10인용 | [모델근거] text_variant | [원문링크] https://m.bunjang.co.kr/products/411171206
밥솥,쿠쿠 밥솥,쿠쿠 CRP-G103MP 밥솥(10인용),거래중,"70,000원",,2026-06-08,0,1,0,36.5℃,번개장터판매자,생활가전,,[출처] 번개장터 | [분석모델] CRP-G103MP | [모델근거] text_code | [원문링크] https://m.bunjang.co.kr/products/413114646
밥솥,쿠쿠 밥솥,최고급 명품 경량 핸디 밥솥 쿠쿠 6인용,거래중,"30,000원",,2026-06-07,0,2,0,36.5℃,번개장터판매자,생활가전,,[출처] 번개장터 | [분석모델] 제품군 공통 | [모델근거] product_group | [원문설명] 최고급 명품 경량 핸디 쿠쿠 6인용. 내솥 무상처 깨끗. 대전권 무료배달됩니다. 환불불가. | [원문링크] https://m.bunjang.co.kr/products/263850956
밥솥,쿠쿠 밥솥,쿠쿠 IH 전기압력밥솥 CRP-HDG1015R(10인용),거래중,"60,000원",,2026-06-06,0,0,0,36.5℃,번개장터판매자,생활가전,,[출처] 번개장터 | [분석모델] CRP-HDG1015R | [모델근거] text_code | [원문링크] https://m.bunjang.co.kr/products/412817403
밥솥,쿠쿠 밥솥,쿠쿠 6인용 미니 에그밥솥,거래중,"55,000원",용호제1동,2026-06-06,0,1,0,36.5℃,번개장터판매자,생활가전,부산광역시 남구 용호제1동,[출처] 번개장터 | [분석모델] 미니에그밥솥_6인용 | [모델근거] text_variant | [원문링크] https://m.bunjang.co.kr/products/411696107
밥솥,쿠쿠 밥솥,쿠쿠 IH 압력밥솥 CRP-KHTS1060FLB 10인용 루미 블랙,거래중,"200,000원",,2026-06-04,0,2,0,36.5℃,번개장터판매자,생활가전,,[출처] 번개장터 | [분석모델] CRP-KHTS1060FLB | [모델근거] text_code | [원문링크] https://m.bunjang.co.kr/products/412276006
밥솥,쿠쿠 밥솥,쿠쿠 CRP-RT107FC 트윈 프레셔 밥솥,거래중,"70,000원",,2026-06-04,0,0,0,36.5℃,번개장터판매자,생활가전,,[출처] 번개장터 | [분석모델] CRP-RT107FC | [모델근거] text_code | [원문링크] https://m.bunjang.co.kr/products/412256514
밥솥,쿠쿠 밥솥,쿠쿠 6인용 미니 에그밥솥,거래중,"53,000원",용호제3동,2026-06-04,0,3,0,36.5℃,번개장터판매자,생활가전,부산광역시 남구 용호제3동,[출처] 번개장터 | [분석모델] 미니에그밥솥_6인용 | [모델근거] text_variant | [원문링크] https://m.bunjang.co.kr/products/411720082
밥솥,쿠쿠 밥솥,쿠쿠 마시멜로 밥솥 CR-0215MW 그레이스 화이트,거래중,"30,000원",,2026-06-03,0,1,0,36.5℃,번개장터판매자,생활가전,,[출처] 번개장터 | [분석모델] CR-0215MW | [모델근거] text_code | [원문링크] https://m.bunjang.co.kr/products/412154840
밥솥,쿠쿠 밥솥,쿠쿠 6인용 전기압력밥솥 CRP-P0620FDM 오픈 박스,거래중,"136,000원",비전1동,2026-06-03,0,4,0,36.5℃,번개장터판매자,생활가전,경기도 평택시 비전1동,[출처] 번개장터 | [분석모델] CRP-P0620FDM | [모델근거] text_code | [원문링크] https://m.bunjang.co.kr/products/412150534
밥솥,쿠쿠 밥솥,쿠쿠 6인용 IH압력밥솥 CRP -DHB0660FDM,거래중,"170,000원",비전1동,2026-06-03,0,3,0,36.5℃,번개장터판매자,생활가전,경기도 평택시 비전1동,[출처] 번개장터 | [분석모델] CRP-DHB0660FDM | [모델근거] text_code | [원문링크] https://m.bunjang.co.kr/products/412149635
밥솥,쿠쿠 밥솥,쿠쿠 6인용 IH 전기압력밥솥 레이스 실버 CRP-JHP0660 오픈 박,거래중,"190,000원",비전1동,2026-06-03,0,2,0,36.5℃,번개장터판매자,생활가전,경기도 평택시 비전1동,[출처] 번개장터 | [분석모델] CRP-JHP0660 | [모델근거] text_code | [원문링크] https://m.bunjang.co.kr/products/412149086
밥솥,쿠쿠 밥솥,쿠쿠 IH 전기압력밥솥 6인용 1등급 황동색내솥포함 HSXT0610FB,거래중,"110,000원",,2026-06-03,0,2,0,36.5℃,번개장터판매자,생활가전,,[출처] 번개장터 | [분석모델] IH압력밥솥_6인용 | [모델근거] text_variant | [원문링크] https://m.bunjang.co.kr/products/412052135
밥솥,쿠쿠 밥솥,쿠쿠 6인용 프리미엄 IH 압력밥솥 (CRP-DHP0610FD),거래중,"70,000원",,2026-06-03,0,4,0,36.5℃,번개장터판매자,생활가전,,[출처] 번개장터 | [분석모델] CRP-DHP0610FD | [모델근거] text_code | [원문링크] https://m.bunjang.co.kr/products/412020797
밥솥,쿠쿠 밥솥,쿠쿠 일렉트로맨 IH 압력밥솥 10인용 HUF1080SE,거래중,"100,000원",오산면,2026-06-01,0,1,0,36.5℃,번개장터판매자,생활가전,전북특별자치도 익산시 오산면,[출처] 번개장터 | [분석모델] IH압력밥솥_10인용 | [모델근거] text_variant | [원문링크] https://m.bunjang.co.kr/products/411708294
밥솥,쿠쿠 밥솥,쿠쿠 밥솥 CR-1713R(17인용),거래중,"35,000원",,2026-05-31,0,0,0,36.5℃,번개장터판매자,생활가전,,[출처] 번개장터 | [분석모델] CR-1713R | [모델근거] text_code | [원문링크] https://m.bunjang.co.kr/products/411572904
밥솥,쿠쿠 밥솥,쿠쿠밥솥,거래중,"78,000원",간석3동,2026-05-30,0,0,0,36.5℃,번개장터판매자,생활가전,인천광역시 남동구 간석3동,[출처] 번개장터 | [분석모델] 제품군 공통 | [모델근거] product_group | [원문설명] 중고 쿠쿠밥솥 필요하신분 연락주세요 밥솥안에 좀 벗겨졋어요.직거래 교환 환불 안됩니다 | [원문링크] https://m.bunjang.co.kr/products/147592986
밥솥,쿠쿠 밥솥,21년식 쿠쿠 밥솥 IH 스마트 10인용,거래중,"140,000원",,2026-05-30,0,1,0,36.5℃,번개장터판매자,생활가전,,[출처] 번개장터 | [분석모델] IH압력밥솥_10인용 | [모델근거] detail_text_variant | [원문설명] 쿠쿠 스마트 IH 압력밥솥 IH 압력 방식으로 맛있는 밥을 지을 수 있어요 사진에서 보이는 것처럼 내부 구성품 모두 깨끗하게 관리되있음 ✅️바로구매시 작동영상드리고 판매해요 내솥상태좋음 패킹상태좋음 엘이디상태좋음 ✅️판매시 바로구매시 작동동영상드림 | [원문링크] https://m.bunjang.co.kr/products/411144767
밥솥,쿠쿠 밥솥,쿠쿠 IH 압력밥솥 CRP-HEG1060SV,예약중,"30,000원",,2026-05-30,0,0,0,36.5℃,번개장터판매자,생활가전,,[출처] 번개장터 | [분석모델] CRP-HEG1060SV | [모델근거] text_code | [원문링크] https://m.bunjang.co.kr/products/411125769
밥솥,쿠쿠 밥솥,쿠쿠 밥솥  중고,거래중,"50,000원",간석3동,2026-05-29,0,1,0,36.5℃,번개장터판매자,생활가전,인천광역시 남동구 간석3동,[출처] 번개장터 | [분석모델] 제품군 공통 | [모델근거] product_group | [원문설명] 중고 안쪽에 조금 벗겨졋어요 필요하신분 연락주세요 직거래 교환 환불 안됩니다 | [원문링크] https://m.bunjang.co.kr/products/147733407
밥솥,쿠쿠 밥솥,쿠쿠 압력밥솥 HPF0660SR중고중간크기,거래중,"60,000원",금암동,2026-05-29,0,0,0,36.5℃,번개장터판매자,생활가전,전북특별자치도 전주시 덕진구 금암동,[출처] 번개장터 | [분석모델] 전기압력밥솥 | [모델근거] text_variant | [원문링크] https://m.bunjang.co.kr/products/410859176
밥솥,쿠쿠 밥솥,최고급 명품 대리석 코팅 압력밥솥 쿠쿠 10인용,거래중,"28,000원",탄방동,2026-05-28,0,4,0,36.5℃,번개장터판매자,생활가전,대전광역시 서구 탄방동,[출처] 번개장터 | [분석모델] 전기압력밥솥_10인용 | [모델근거] text_variant | [원문링크] https://m.bunjang.co.kr/products/264062243
밥솥,쿠쿠 밥솥,쿠쿠 IH압력밥솥 10인용 블랙 (실사용 5회 미만),거래중,"149,000원",고척제2동,2026-05-27,0,0,0,36.5℃,번개장터판매자,생활가전,서울특별시 구로구 고척제2동,[출처] 번개장터 | [분석모델] IH압력밥솥_10인용 | [모델근거] text_variant | [원문링크] https://m.bunjang.co.kr/products/410606455
밥솥,쿠쿠 밥솥,쿠쿠 전기압력밥솥,예약중,"10,000원",,2026-05-27,0,0,0,36.5℃,번개장터판매자,생활가전,,[출처] 번개장터 | [분석모델] 전기압력밥솥 | [모델근거] text_variant | [원문링크] https://m.bunjang.co.kr/products/410550091
밥솥,쿠쿠 밥솥,쿠쿠 트윈프레셔 10인용 전기밥솥 CRP-ST1095FGW,거래중,"250,000원",비전1동,2026-05-27,0,3,0,36.5℃,번개장터판매자,생활가전,경기도 평택시 비전1동,[출처] 번개장터 | [분석모델] CRP-ST1095FGW | [모델근거] text_code | [원문링크] https://m.bunjang.co.kr/products/410472272
밥솥,쿠쿠 밥솥,쿠쿠 IH 압력밥솥 6인용,거래중,"70,000원",,2026-05-26,0,4,0,36.5℃,번개장터판매자,생활가전,,[출처] 번개장터 | [분석모델] IH압력밥솥_6인용 | [모델근거] text_variant | [원문링크] https://m.bunjang.co.kr/products/385218439
밥솥,쿠쿠 밥솥,쿠쿠 IH 압력밥솥 HUT1060SP,거래중,"70,000원",,2026-05-26,0,0,0,36.5℃,번개장터판매자,생활가전,,[출처] 번개장터 | [분석모델] IH압력밥솥 | [모델근거] text_variant | [원문링크] https://m.bunjang.co.kr/products/410313434
밥솥,쿠쿠 밥솥,쿠쿠 전기압력밥솥 6인용 CRP-P0660FD,거래중,"30,000원",,2026-05-23,0,3,0,36.5℃,번개장터판매자,생활가전,,[출처] 번개장터 | [분석모델] CRP-P0660FD | [모델근거] text_code | [원문링크] https://m.bunjang.co.kr/products/409875311
밥솥,쿠쿠 밥솥,새상품 무료배송 쿠쿠 트윈프레셔 밥솥 10인용 CRP-ST1095FGW,거래중,"220,000원",비전2동,2026-05-19,0,12,0,36.5℃,번개장터판매자,생활가전,경기도 평택시 비전2동,[출처] 번개장터 | [분석모델] CRP-ST1095FGW | [모델근거] text_code | [원문링크] https://m.bunjang.co.kr/products/409038125
밥솥,쿠쿠 밥솥,쿠쿠 CR-0671V 전기보온밥솥,거래중,"20,000원",삼선동,2026-05-19,0,2,0,36.5℃,번개장터판매자,생활가전,서울특별시 성북구 삼선동,[출처] 번개장터 | [분석모델] CR-0671V | [모델근거] text_code | [원문링크] https://m.bunjang.co.kr/products/372094210
밥솥,쿠쿠 밥솥,쿠쿠 전기압력밥솥 QS1010FG,거래중,"230,000원",,2026-05-19,0,1,0,36.5℃,번개장터판매자,생활가전,,[출처] 번개장터 | [분석모델] QS1010FG | [모델근거] text_code | [원문링크] https://m.bunjang.co.kr/products/408953047
밥솥,쿠쿠 밥솥,쿠쿠 전기 압력 밥솥 010FG,거래중,"265,000원",,2026-05-19,0,0,0,36.5℃,번개장터판매자,생활가전,,"[출처] 번개장터 | [분석모델] 전기압력밥솥 | [모델근거] text_variant | [원문설명] 미개봉 쿠쿠 전기압력밥솥 010FG 모델입니다. 밥솥 본체는 블랙 색상에 로즈 골드 포인트가 들어간 디자인입니다. 박스에 보관만 해놓은 새 제품이니, 구매 원하시면 바로 안전결제 해주시면 됩니다! | [원문링크] https://m.bunjang.co.kr/products/408914475"
밥솥,쿠쿠 밥솥,쿠쿠 10인용 전기압력밥솥,거래중,"100,000원",등촌제1동,2026-05-17,0,0,0,36.5℃,번개장터판매자,생활가전,서울특별시 강서구 등촌제1동,[출처] 번개장터 | [분석모델] 전기압력밥솥_10인용 | [모델근거] text_variant | [원문링크] https://m.bunjang.co.kr/products/393433507
밥솥,쿠쿠 밥솥,쿠쿠IH 6인용압력밥솥,거래중,"160,000원",,2026-05-15,0,1,0,36.5℃,번개장터판매자,생활가전,,[출처] 번개장터 | [분석모델] 전기압력밥솥_6인용 | [모델근거] text_variant | [원문링크] https://m.bunjang.co.kr/products/408229993
밥솥,쿠쿠 밥솥,쿠쿠 밥솥,거래중,"60,000원",효문동,2026-05-12,0,1,0,36.5℃,번개장터판매자,생활가전,울산광역시 북구 효문동,"[출처] 번개장터 | [분석모델] 전기보온밥솥_3인용 | [모델근거] detail_text_variant | [원문설명] 쿠쿠 IH 전기 밥솥 팝니다. 3인용이라 자취하시는 분들께 딱 좋을 것 같아요. 보온/취소, 예약취사 등 다양한 기능이 있습니다. 문의 없으시면 바로 안전결제해주시면 됩니다! | [원문링크] https://m.bunjang.co.kr/products/407588057"
밥솥,쿠쿠 밥솥,쿠쿠 밥솥 트윈프레셔 마스터세프 저당밥솥 6인용,거래중,"430,000원",포곡읍,2026-05-10,0,0,0,36.5℃,번개장터판매자,생활가전,경기도 용인시 처인구 포곡읍,[출처] 번개장터 | [분석모델] 트윈프레셔_6인용 | [모델근거] text_variant | [원문링크] https://m.bunjang.co.kr/products/407250932
밥솥,쿠쿠 밥솥,쿠쿠 2인용 마시멜로 밥솥 CR-0255MW,거래중,"18,000원",,2026-05-07,0,2,0,36.5℃,번개장터판매자,생활가전,,[출처] 번개장터 | [분석모델] CR-0255MW | [모델근거] text_code | [원문링크] https://m.bunjang.co.kr/products/406636225
밥솥,쿠쿠 밥솥,쿠쿠 10인용 압력밥솥 P-R1025FBS,거래중,"100,000원",,2026-05-07,0,2,0,36.5℃,번개장터판매자,생활가전,,[출처] 번개장터 | [분석모델] 전기압력밥솥_10인용 | [모델근거] text_variant | [원문링크] https://m.bunjang.co.kr/products/406614667
밥솥,쿠쿠 밥솥,쿠쿠 IH 압력밥솥 HSXB063FB,거래중,"75,000원",,2026-05-07,0,0,0,36.5℃,번개장터판매자,생활가전,,[출처] 번개장터 | [분석모델] IH압력밥솥 | [모델근거] text_variant | [원문링크] https://m.bunjang.co.kr/products/406595638
밥솥,쿠쿠 밥솥,새상품급 무료배송 쿠쿠 6인용 전기압력밥솥 CRP-P0620FDM,거래중,"120,000원",비전2동,2026-05-07,0,7,0,36.5℃,번개장터판매자,생활가전,경기도 평택시 비전2동,[출처] 번개장터 | [분석모델] CRP-P0620FDM | [모델근거] text_code | [원문링크] https://m.bunjang.co.kr/products/406452125
밥솥,쿠쿠 밥솥,쿠쿠 6인용 압력밥솥,예약중,"60,000원",,2026-05-05,0,1,0,36.5℃,번개장터판매자,생활가전,,[출처] 번개장터 | [분석모델] 전기압력밥솥_6인용 | [모델근거] text_variant | [원문링크] https://m.bunjang.co.kr/products/406091962
밥솥,쿠쿠 밥솥,26. 쿠쿠6인용 전기압력밥솥ㅡ확인,예약중,"150,000원",,2026-05-05,0,0,0,36.5℃,번개장터판매자,생활가전,,[출처] 번개장터 | [분석모델] 전기압력밥솥_6인용 | [모델근거] text_variant | [원문링크] https://m.bunjang.co.kr/products/405040816
밥솥,쿠쿠 밥솥,쿠쿠 에그 밥솥 6인용,거래중,"55,000원",용호제1동,2026-05-02,0,0,0,36.5℃,번개장터판매자,생활가전,부산광역시 남구 용호제1동,[출처] 번개장터 | [분석모델] 제품군 공통 | [모델근거] product_group | [원문설명] 깔끔한 화이트 색상의 쿠쿠 6인용 밥솥이에요~~ 구성품 모두 포함되어 있습니다 내솥 코팅이 벗겨지지 않아 오래 사용 가능해요!! 매일 맛있는 밥을 짓고 싶은 분에게 추천합니다~ 얼른 데려가세요~ | [원문링크] https://m.bunjang.co.kr/products/405391990
밥솥,쿠쿠 밥솥,쿠쿠 CRP-N0680SR 압력밥솥(6인용),거래중,"50,000원",,2026-05-02,0,1,0,36.5℃,번개장터판매자,생활가전,,[출처] 번개장터 | [분석모델] CRP-N0680SR | [모델근거] text_code | [원문링크] https://m.bunjang.co.kr/products/405282492
밥솥,쿠쿠 밥솥,26. 쿠쿠10인용 전기압력밥솥ㅡ확인,예약중,"80,000원",,2026-04-30,0,0,0,36.5℃,번개장터판매자,생활가전,,[출처] 번개장터 | [분석모델] 전기압력밥솥_10인용 | [모델근거] text_variant | [원문링크] https://m.bunjang.co.kr/products/405040578
밥솥,쿠쿠 밥솥,[미개봉 새상품] 쿠쿠 트윈프레셔 IH 압력밥솥 CRP-FHTS0610F,거래중,"300,000원",,2026-04-30,0,5,0,36.5℃,번개장터판매자,생활가전,,[출처] 번개장터 | [분석모델] CRP-FHTS0610F | [모델근거] text_code | [원문링크] https://m.bunjang.co.kr/products/404206094
밥솥,쿠쿠 밥솥,쿠쿠 CRP-R0615FWS 전기압력밥솥,거래중,"99,000원",비전1동,2026-04-28,0,5,0,36.5℃,번개장터판매자,생활가전,경기도 평택시 비전1동,[출처] 번개장터 | [분석모델] CRP-R0615FWS | [모델근거] text_code | [원문링크] https://m.bunjang.co.kr/products/404507639
밥솥,쿠쿠 밥솥,쿠쿠 풀스테인 6인압력밥솥,예약중,"65,000원",,2026-04-27,0,0,0,36.5℃,번개장터판매자,생활가전,,[출처] 번개장터 | [분석모델] 전기압력밥솥 | [모델근거] text_variant | [원문링크] https://m.bunjang.co.kr/products/404408355
밥솥,쿠쿠 밥솥,쿠쿠 풀스테인리스 압력밥솥 10인용,예약중,"65,000원",,2026-04-27,0,0,0,36.5℃,번개장터판매자,생활가전,,[출처] 번개장터 | [분석모델] 전기압력밥솥_10인용 | [모델근거] text_variant | [원문링크] https://m.bunjang.co.kr/products/404407782
밥솥,쿠쿠 밥솥,쿠쿠밥솥 6인용 IH 밥솥,예약중,"49,000원",,2026-04-27,0,2,0,36.5℃,번개장터판매자,생활가전,,"[출처] 번개장터 | [분석모델] IH압력밥솥_6인용 | [모델근거] detail_text_variant | [원문설명] 쿠쿠 6인용 IH압력 밥솥 판매합니다. 블랙 색상이라 밥솥이 고급스러워 보입니다. 예약, 자동세척 등 다양한 기능 있어서 편리하게 사용 가능합니다. 문의 없으시면 바로 안전결제해주시면 됩니다! *깨끗하게 세척 다해드렸어요 ! 바로사용하시면 됩니다. | [원문링크] https://m.bunjang.co.kr/products/404291799"
밥솥,쿠쿠 밥솥,CHS108FD   쿠쿠압력밥솥 10인용,거래중,"80,000원",,2026-04-27,0,4,0,36.5℃,번개장터판매자,생활가전,,[출처] 번개장터 | [분석모델] 전기압력밥솥_10인용 | [모델근거] text_variant | [원문링크] https://m.bunjang.co.kr/products/404264534
밥솥,쿠쿠 밥솥,쿠쿠 IH압력밥솥 HUF105SS,거래중,"53,000원",,2026-04-26,0,1,0,36.5℃,번개장터판매자,생활가전,,[출처] 번개장터 | [분석모델] IH압력밥솥 | [모델근거] text_variant | [원문링크] https://m.bunjang.co.kr/products/404189289
밥솥,쿠쿠 밥솥,메인보드~쿠쿠압력밥솥용( CRP-OS1010FG ),거래중,"10,000원",평동,2026-04-26,0,1,0,36.5℃,번개장터판매자,생활가전,경기도 수원시 권선구 평동,[출처] 번개장터 | [분석모델] CRP-OS1010FG | [모델근거] text_code | [원문링크] https://m.bunjang.co.kr/products/404051283
밥솥,쿠쿠 밥솥,쿠쿠 IH 압력밥솥 CRP-HEG1070FP,거래중,"40,000원",,2026-04-24,0,2,0,36.5℃,번개장터판매자,생활가전,,[출처] 번개장터 | [분석모델] CRP-HEG1070FP | [모델근거] text_code | [원문링크] https://m.bunjang.co.kr/products/403689002
밥솥,쿠쿠 밥솥,쿠쿠 IH 압력밥솥 6인용,예약중,"55,000원",,2026-04-23,0,4,0,36.5℃,번개장터판매자,생활가전,,[출처] 번개장터 | [분석모델] IH압력밥솥_6인용 | [모델근거] text_variant | [원문링크] https://m.bunjang.co.kr/products/402980466
밥솥,쿠쿠 밥솥,쿠쿠 FHR1010FG IH 10인용전기압력밥솥,거래중,"140,000원",,2026-04-23,0,3,0,36.5℃,번개장터판매자,생활가전,,[출처] 번개장터 | [분석모델] 전기압력밥솥_10인용 | [모델근거] text_variant | [원문링크] https://m.bunjang.co.kr/products/403385210
밥솥,쿠쿠 밥솥,쿠쿠압력밥솥 현미귀리흑미보리잡곡밥 식혜용10인 SRP-152SI 아이보리,거래중,"19,900원",,2026-04-22,0,2,0,36.5℃,번개장터판매자,생활가전,,[출처] 번개장터 | [분석모델] 전기압력밥솥 | [모델근거] text_variant | [원문링크] https://m.bunjang.co.kr/products/403270245
밥솥,쿠쿠 밥솥,쿠쿠 미니 전기보온밥솥 6인용 핑크,예약중,"27,000원",지동,2026-04-22,0,1,0,36.5℃,번개장터판매자,생활가전,경기도 수원시 팔달구 지동,[출처] 번개장터 | [분석모델] 전기보온밥솥_6인용 | [모델근거] text_variant | [원문링크] https://m.bunjang.co.kr/products/391813368
밥솥,쿠쿠 밥솥,쿠쿠 압력밥솥AHF1060FD10인용,거래중,"200,000원",,2026-04-21,0,0,0,36.5℃,번개장터판매자,생활가전,,[출처] 번개장터 | [분석모델] 전기압력밥솥_10인용 | [모델근거] text_variant | [원문링크] https://m.bunjang.co.kr/products/402346873
밥솥,쿠쿠 밥솥,쿠쿠 트윈프레셔 6 인용 전기압력밥솥 CRP-ST0615FW,거래중,"169,000원",문산읍,2026-04-19,0,6,0,36.5℃,번개장터판매자,생활가전,경기도 파주시 문산읍,[출처] 번개장터 | [분석모델] CRP-ST0615FW | [모델근거] text_code | [원문링크] https://m.bunjang.co.kr/products/402689082
밥솥,쿠쿠 밥솥,쿠쿠 마스터셰프 사일런스 6인용 밥솥,거래중,"370,000원",장기본동,2026-04-18,0,7,0,36.5℃,번개장터판매자,생활가전,경기도 김포시 장기본동,"[출처] 번개장터 | [분석모델] CRP-NHTR0610FW | [모델근거] detail_text_code | [원문설명] 쿠쿠 마스터셰프 사일런스 6인용 밥솥 CRP-NHTR0610FW에요 깔끔한 디자인으로 어떤 주방에도 잘 어울려요 6인용으로 넉넉하게 사용할 수 있답니다 맛있는 밥을 짓고 싶으신 분들께 추천드려요 이사하면서 작년 선물들어왔던거 박스채 있고 개봉만 해서 확인했습니다 인천 검단, 일산 킨텍스인근, 김포신도시내 직거래 가능합니다 | [원문링크] https://m.bunjang.co.kr/products/402438232"
밥솥,쿠쿠 밥솥,쿠쿠 밥솥,거래중,"60,000원",금광2동,2026-04-17,0,1,0,36.5℃,번개장터판매자,생활가전,경기도 성남시 중원구 금광2동,"[출처] 번개장터 | [분석모델] CR-0215MV | [모델근거] detail_text_code | [원문설명] 아이보리 색상의 쿠쿠 2인용 밥솥입니다. CR-0215MV 모델이고, 보온 기능 있습니다. 신혼부부나 자취생에게 딱 맞는 사이즈입니다. 새상품이고 작지만 알차고 귀여운 제품입니다 | [원문링크] https://m.bunjang.co.kr/products/402231629"
밥솥,쿠쿠 밥솥,최고급 명품 대리석 코팅 압력밥솥 쿠쿠 10인용,거래중,"35,000원",,2026-04-17,0,1,0,36.5℃,번개장터판매자,생활가전,,[출처] 번개장터 | [분석모델] 전기압력밥솥_10인용 | [모델근거] text_variant | [원문링크] https://m.bunjang.co.kr/products/263850473
밥솥,쿠쿠 밥솥,쿠쿠 6인용 압력밥솥 쿠쿠전자 CUCKOO CRP-DHP0610FD,예약중,"120,000원",,2026-04-17,0,3,0,36.5℃,번개장터판매자,생활가전,,[출처] 번개장터 | [분석모델] CRP-DHP0610FD | [모델근거] text_code | [원문링크] https://m.bunjang.co.kr/products/402171628
밥솥,쿠쿠 밥솥,쿠쿠밥솥,거래중,"45,000원",두호동,2026-04-16,0,1,0,36.5℃,번개장터판매자,생활가전,경상북도 포항시 북구 두호동,[출처] 번개장터 | [분석모델] CRP-DH1063F1 | [모델근거] detail_text_code | [원문설명] 모델명: crp-dh1063f1 | [원문링크] https://m.bunjang.co.kr/products/401738560
밥솥,쿠쿠 밥솥,쿠쿠 10인용 압력밥솥,예약중,"65,000원",,2026-04-14,0,0,0,36.5℃,번개장터판매자,생활가전,,[출처] 번개장터 | [분석모델] 전기압력밥솥_10인용 | [모델근거] text_variant | [원문링크] https://m.bunjang.co.kr/products/401568348
밥솥,쿠쿠 밥솥,쿠쿠 IH 압력밥솥 HNXG1010FB,거래중,"70,000원",,2026-04-14,0,2,0,36.5℃,번개장터판매자,생활가전,,[출처] 번개장터 | [분석모델] IH압력밥솥 | [모델근거] text_variant | [원문링크] https://m.bunjang.co.kr/products/401557982
밥솥,쿠쿠 밥솥,쿠쿠 IH 압력밥솥 HNXG1010FB,거래중,"70,000원",,2026-04-14,0,0,0,36.5℃,번개장터판매자,생활가전,,[출처] 번개장터 | [분석모델] IH압력밥솥 | [모델근거] text_variant | [원문링크] https://m.bunjang.co.kr/products/401556434
밥솥,쿠쿠 밥솥,쿠쿠 전기밥솥 3인용,거래중,"320,000원",인계동,2026-04-14,0,4,0,36.5℃,번개장터판매자,생활가전,경기도 수원시 팔달구 인계동,[출처] 번개장터 | [분석모델] 전기보온밥솥_3인용 | [모델근거] text_variant | [원문링크] https://m.bunjang.co.kr/products/399531755
밥솥,쿠쿠 밥솥,KT 쿠쿠 10인용 IH 전기밥솥 밥통 쿠첸 엔젤 휴롬 칼,거래중,"50,000원",성복동,2026-04-12,0,9,0,36.5℃,번개장터판매자,생활가전,경기도 용인시 수지구 성복동,[출처] 번개장터 | [분석모델] 전기보온밥솥_10인용 | [모델근거] text_variant | [원문링크] https://m.bunjang.co.kr/products/162706620
밥솥,쿠쿠 밥솥,쿠쿠 IH 10인 무쇠 압력밥솥,예약중,"65,000원",,2026-04-09,0,1,0,36.5℃,번개장터판매자,생활가전,,[출처] 번개장터 | [분석모델] 전기압력밥솥 | [모델근거] text_variant | [원문링크] https://m.bunjang.co.kr/products/400191876
밥솥,쿠쿠 밥솥,쿠쿠 전기밥솥 급처,거래중,"49,000원",원효로제1동,2026-04-09,0,1,0,36.5℃,번개장터판매자,생활가전,서울특별시 용산구 원효로제1동,[출처] 번개장터 | [분석모델] 전기보온밥솥 | [모델근거] text_variant | [원문링크] https://m.bunjang.co.kr/products/286880102
밥솥,쿠쿠 밥솥,쿠쿠 IH 전기압력밥솥 10인용 CRP-CHB1060FSM,거래중,"275,000원",면목본동,2026-04-08,0,7,0,36.5℃,번개장터판매자,생활가전,서울특별시 중랑구 면목본동,[출처] 번개장터 | [분석모델] CRP-CHB1060FSM | [모델근거] text_code | [원문링크] https://m.bunjang.co.kr/products/400301150
밥솥,쿠쿠 밥솥,쿠쿠 CRP-FA0621MR 압력밥솥(6인용),거래중,"45,000원",,2026-04-06,0,0,0,36.5℃,번개장터판매자,생활가전,,[출처] 번개장터 | [분석모델] CRP-FA0621MR | [모델근거] text_code | [원문링크] https://m.bunjang.co.kr/products/399893822
밥솥,쿠쿠 밥솥,쿠쿠 스마트 IH 압력밥솥,예약중,"69,000원",,2026-04-06,0,2,0,36.5℃,번개장터판매자,생활가전,,[출처] 번개장터 | [분석모델] IH압력밥솥 | [모델근거] text_variant | [원문링크] https://m.bunjang.co.kr/products/399881826
밥솥,쿠쿠 밥솥,쿠쿠  무쇠 압력밥솥 6인용,예약중,"79,000원",,2026-04-04,0,2,0,36.5℃,번개장터판매자,생활가전,,[출처] 번개장터 | [분석모델] 전기압력밥솥_6인용 | [모델근거] text_variant | [원문링크] https://m.bunjang.co.kr/products/399025454
밥솥,쿠쿠 밥솥,쿠쿠 풀스테인리스 ECO 밥솥,거래중,"85,500원",,2026-04-04,0,1,0,36.5℃,번개장터판매자,생활가전,,"[출처] 번개장터 | [분석모델] 제품군 공통 | [모델근거] product_group | [원문설명] 얼마 사용 안 한 쿠쿠 풀스테인리스 ECO 밥솥입니다. 밥솥 내부도 깨끗하게 잘 관리되어 있습니다. 밥 맛이 정말 좋고, 보온 기능도 잘 됩니다. 버툰누름버튼만수리하심댑니다살짝흔들림수리비약5000-1만원사이 경남마산시입니다택배거래만가능 마산창원은배달가능 | [원문링크] https://m.bunjang.co.kr/products/397828710"
밥솥,쿠쿠 밥솥,쿠쿠 트윈프레셔 6인용 IH압력밥솥,거래중,"250,000원",북신동,2026-04-03,0,15,0,36.5℃,번개장터판매자,생활가전,경상남도 통영시 북신동,[출처] 번개장터 | [분석모델] 트윈프레셔_6인용 | [모델근거] text_variant | [원문링크] https://m.bunjang.co.kr/products/399143157
밥솥,쿠쿠 밥솥,새제품) 쿠쿠 전기밥솥 CRP-BR065FB,예약중,"150,000원",,2026-04-02,0,3,0,36.5℃,번개장터판매자,생활가전,,[출처] 번개장터 | [분석모델] CRP-BR065FB | [모델근거] text_code | [원문링크] https://m.bunjang.co.kr/products/398961841
밥솥,쿠쿠 밥솥,쿠쿠 전기밥솥 화이트,거래중,"50,000원",중화산1동,2026-04-02,0,2,0,36.5℃,번개장터판매자,생활가전,전북특별자치도 전주시 완산구 중화산1동,[출처] 번개장터 | [분석모델] 전기보온밥솥 | [모델근거] text_variant | [원문링크] https://m.bunjang.co.kr/products/398920505
밥솥,쿠쿠 밥솥,쿠쿠 트윈프레셔 10인용 압력밥솥,거래중,"265,000원",,2026-04-02,0,4,0,36.5℃,번개장터판매자,생활가전,,[출처] 번개장터 | [분석모델] 트윈프레셔_10인용 | [모델근거] text_variant | [원문링크] https://m.bunjang.co.kr/products/398905545
밥솥,쿠쿠 밥솥,쿠쿠 lh 압력 밥솥,거래중,"65,000원",,2026-04-01,0,5,0,36.5℃,번개장터판매자,생활가전,,[출처] 번개장터 | [분석모델] 전기압력밥솥 | [모델근거] text_variant | [원문링크] https://m.bunjang.co.kr/products/398690167
밥솥,쿠쿠 밥솥,쿠쿠 전기밥솥,거래중,"450,000원",,2026-03-31,0,2,0,36.5℃,번개장터판매자,생활가전,,[출처] 번개장터 | [분석모델] CRPOHFFLR1010FGW | [모델근거] detail_text_code | [원문설명] 새 상품 쿠쿠 전기밥솥 판매합니다. Grace White 색상이고 모델명은 CRP OHFFLR1010FGW입니다. 선물 받게 되어 부득이하게 판매 합니다 개봉도 안한 새상품 입니다 택배포함 47만원 택배가능 | [원문링크] https://m.bunjang.co.kr/products/398542399
밥솥,쿠쿠 밥솥,쿠쿠밥솥,거래중,"394,000원",부전제1동,2026-03-29,0,1,0,36.5℃,번개장터판매자,생활가전,부산광역시 부산진구 부전제1동,[출처] 번개장터 | [분석모델] 제품군 공통 | [모델근거] product_group | [원문설명] 집들이선물로 받아서 팝니다 2026년 3월 6일에 선물 받아서 설치기사님이 박스만 뜯은 새제품입니다 6인용가격에 10인밥솥 구매하세요 저희도 밥솥 구매한지가 얼마 안되서 판매합니다 인터넷 최저가 56만원이고 하이마트에서 59만원입니다 어제 설치 받아서 2026년3월 6일부터 하이워런티 결합 5년간 보증 됩니다 5년간이요! 밥솥고장으로 인한 수리비 보증된다고 합니다 (가정에서 사용시에만!) 어제 제가 설치 받은곳은 가정입니다 | [원문링크] https://m.bunjang.co.kr/products/396634539
밥솥,쿠쿠 밥솥,쿠쿠 IH 압력밥솥,거래중,"85,000원",,2026-03-29,0,0,0,36.5℃,번개장터판매자,생활가전,,[출처] 번개장터 | [분석모델] IH압력밥솥 | [모델근거] text_variant | [원문링크] https://m.bunjang.co.kr/products/397901254
밥솥,쿠쿠 밥솥,쿠쿠압력밥솥10인용 시스템,거래중,"25,000원",,2026-03-28,0,0,0,36.5℃,번개장터판매자,생활가전,,[출처] 번개장터 | [분석모델] 전기압력밥솥_10인용 | [모델근거] text_variant | [원문링크] https://m.bunjang.co.kr/products/397939816
밥솥,쿠쿠 밥솥,쿠쿠 미니 밥솥 3인 팔아용,거래중,"140,000원",고척제1동,2026-03-28,0,8,0,36.5℃,번개장터판매자,생활가전,서울특별시 구로구 고척제1동,"[출처] 번개장터 | [분석모델] CRP-MHTR0310FW | [모델근거] detail_text_code | [원문설명] 브랜드: 쿠쿠 (CUCKOO) 제품명: 3인용 마스터셰프 쁘띠 IH압력밥솥 모델명: CRP-MHTR0310FW 정가(원가): 458,000원 | [원문링크] https://m.bunjang.co.kr/products/384691091"
밥솥,쿠쿠 밥솥,쿠쿠 압력밥솥 WHK-VE1080SD,거래중,"70,000원",,2026-03-28,0,1,0,36.5℃,번개장터판매자,생활가전,,[출처] 번개장터 | [분석모델] 전기압력밥솥 | [모델근거] text_variant | [원문링크] https://m.bunjang.co.kr/products/397832710
밥솥,쿠쿠 밥솥,최고급 명품 대리석 코팅 압력밥솥 쿠쿠 10인용,거래중,"35,000원",,2026-03-27,0,4,0,36.5℃,번개장터판매자,생활가전,,[출처] 번개장터 | [분석모델] 전기압력밥솥_10인용 | [모델근거] text_variant | [원문링크] https://m.bunjang.co.kr/products/264142622
밥솥,쿠쿠 밥솥,쿠쿠 CRP-P067FD 6인용 전기압력밥솥,거래중,"60,000원",둔산3동,2026-03-25,0,1,0,36.5℃,번개장터판매자,생활가전,대전광역시 서구 둔산3동,[출처] 번개장터 | [분석모델] CRP-P067FD | [모델근거] text_code | [원문링크] https://m.bunjang.co.kr/products/397312723
밥솥,쿠쿠 밥솥,쿠쿠 CRP-L108FR 전기 압력밥솥,거래중,"45,000원",,2026-03-24,0,1,0,36.5℃,번개장터판매자,생활가전,,[출처] 번개장터 | [분석모델] CRP-L108FR | [모델근거] text_code | [원문링크] https://m.bunjang.co.kr/products/397157941
밥솥,쿠쿠 밥솥,쿠쿠 IH 압력밥솥 CRP-HDXG105SP(10인용)),거래중,"45,000원",,2026-03-24,0,1,0,36.5℃,번개장터판매자,생활가전,,[출처] 번개장터 | [분석모델] CRP-HDXG105SP | [모델근거] text_code | [원문링크] https://m.bunjang.co.kr/products/397157306
밥솥,쿠쿠 밥솥,쿠쿠 IH압력밥솥 10인용 새상품급,예약중,"75,000원",용호제1동,2026-03-24,0,0,0,36.5℃,번개장터판매자,생활가전,부산광역시 남구 용호제1동,[출처] 번개장터 | [분석모델] IH압력밥솥_10인용 | [모델근거] text_variant | [원문링크] https://m.bunjang.co.kr/products/396631100
밥솥,쿠쿠 밥솥,쿠쿠 트윈프레셔 6인용 피치골드 압력밥솥,거래중,"150,000원",청천2동,2026-03-24,0,0,0,36.5℃,번개장터판매자,생활가전,인천광역시 부평구 청천2동,[출처] 번개장터 | [분석모델] 트윈프레셔_6인용 | [모델근거] text_variant | [원문링크] https://m.bunjang.co.kr/products/397083356
밥솥,쿠쿠 밥솥,20년식 쿠쿠 압력밥솥6인용,거래중,"120,000원",,2026-03-22,0,0,0,36.5℃,번개장터판매자,생활가전,,[출처] 번개장터 | [분석모델] 전기압력밥솥_6인용 | [모델근거] text_variant | [원문링크] https://m.bunjang.co.kr/products/396712122
밥솥,쿠쿠 밥솥,쿠쿠 압력밥솥 HSXB0630FB,거래중,"45,000원",양재1동,2026-03-20,0,2,0,36.5℃,번개장터판매자,생활가전,서울특별시 서초구 양재1동,[출처] 번개장터 | [분석모델] 전기압력밥솥 | [모델근거] text_variant | [원문링크] https://m.bunjang.co.kr/products/382782730
밥솥,쿠쿠 밥솥,쿠쿠3인용 전기압력밥솥,예약중,"50,000원",,2026-03-17,0,5,0,36.5℃,번개장터판매자,생활가전,,[출처] 번개장터 | [분석모델] 전기압력밥솥_3인용 | [모델근거] text_variant | [원문링크] https://m.bunjang.co.kr/products/392696336
밥솥,쿠쿠 밥솥,쿠쿠 CR-0375FW 3인용 전기밥솥,거래중,"50,000원",,2026-03-16,0,2,0,36.5℃,번개장터판매자,생활가전,,[출처] 번개장터 | [분석모델] CR-0375FW | [모델근거] text_code | [원문링크] https://m.bunjang.co.kr/products/395589804
밥솥,쿠쿠 밥솥,쿠쿠 IH 압력밥솥 HNXG1010FB,거래중,"80,000원",,2026-03-16,0,0,0,36.5℃,번개장터판매자,생활가전,,[출처] 번개장터 | [분석모델] IH압력밥솥 | [모델근거] text_variant | [원문링크] https://m.bunjang.co.kr/products/395589010
밥솥,쿠쿠 밥솥,쿠쿠 블랙스톤 압력밥솥 6인용,예약중,"69,000원",지동,2026-03-16,0,1,0,36.5℃,번개장터판매자,생활가전,경기도 수원시 팔달구 지동,[출처] 번개장터 | [분석모델] 전기압력밥솥_6인용 | [모델근거] text_variant | [원문링크] https://m.bunjang.co.kr/products/394521722
밥솥,쿠쿠 밥솥,쿠쿠 전기밥솥 30인용 CR-3031V,거래중,"50,000원",동탄6동,2026-03-16,0,2,0,36.5℃,번개장터판매자,생활가전,경기도 화성시 동탄6동,[출처] 번개장터 | [분석모델] CR-3031V | [모델근거] text_code | [원문링크] https://m.bunjang.co.kr/products/395498220
밥솥,쿠쿠 밥솥,23년 쿠쿠 SMART IH 압력밥솥 6인용,거래중,"150,000원",홍제제1동,2026-03-15,0,0,0,36.5℃,번개장터판매자,생활가전,서울특별시 서대문구 홍제제1동,[출처] 번개장터 | [분석모델] IH압력밥솥_6인용 | [모델근거] text_variant | [원문링크] https://m.bunjang.co.kr/products/395277523
밥솥,쿠쿠 밥솥,최고급 명품 럭셔리 디럭스 압력 밥솥 쿠쿠 6인용 CRP-P067FR,거래중,"95,000원",태평2동,2026-03-13,0,3,0,36.5℃,번개장터판매자,생활가전,대전광역시 중구 태평2동,[출처] 번개장터 | [분석모델] CRP-P067FR | [모델근거] text_code | [원문링크] https://m.bunjang.co.kr/products/273810471
밥솥,쿠쿠 밥솥,쿠쿠10인용 압력밥솥,예약중,"199,000원",호평동,2026-03-12,0,5,0,36.5℃,번개장터판매자,생활가전,경기도 남양주시 호평동,[출처] 번개장터 | [분석모델] 전기압력밥솥_10인용 | [모델근거] text_variant | [원문링크] https://m.bunjang.co.kr/products/355259776
밥솥,쿠쿠 밥솥,쿠쿠 IH압력밥솥 6인용,거래중,"120,000원",,2026-03-08,0,1,0,36.5℃,번개장터판매자,생활가전,,[출처] 번개장터 | [분석모델] IH압력밥솥_6인용 | [모델근거] text_variant | [원문링크] https://m.bunjang.co.kr/products/357923908
밥솥,쿠쿠 밥솥,(배송 가능) 쿠쿠 CRP-DHR0610FS 6인용 IH압력밥솥,거래중,"215,000원",민락동,2026-03-03,0,1,0,36.5℃,번개장터판매자,생활가전,부산광역시 수영구 민락동,[출처] 번개장터 | [분석모델] CRP-DHR0610FS | [모델근거] text_code | [원문링크] https://m.bunjang.co.kr/products/392854016
밥솥,쿠쿠 밥솥,쿠쿠 밥솥 CRP N0680SR,거래중,"40,000원",,2026-03-01,0,0,0,36.5℃,번개장터판매자,생활가전,,[출처] 번개장터 | [분석모델] CRPN0680SR | [모델근거] text_code | [원문링크] https://m.bunjang.co.kr/products/388021465
밥솥,쿠쿠 밥솥,쿠쿠밥솥3인용,거래중,"70,000원",신정2동,2026-03-01,0,7,0,36.5℃,번개장터판매자,생활가전,서울특별시 양천구 신정2동,[출처] 번개장터 | [분석모델] 전기보온밥솥_3인용 | [모델근거] detail_text_variant | [원문설명] 새 상품인 쿠쿠 3인용 전기 밥솥입니다. 탑 컨트롤 터치 방식이라 사용하기 편리합니다. 자동살균 세척 기능도 있어 위생적으로 사용 가능합니다. 문의 없으시면 바로 안전결제해주시면 됩니다! | [원문링크] https://m.bunjang.co.kr/products/392382379
밥솥,쿠쿠 밥솥,쿠쿠 IH 전기압력밥솥 다크실버 6인용,거래중,"50,000원",,2026-02-26,0,0,0,36.5℃,번개장터판매자,생활가전,,[출처] 번개장터 | [분석모델] IH압력밥솥_6인용 | [모델근거] text_variant | [원문링크] https://m.bunjang.co.kr/products/391691494
밥솥,쿠쿠 밥솥,쿠쿠 최신상 사일런스 프로 밥솥,거래중,"350,000원",면목제4동,2026-02-25,0,5,0,36.5℃,번개장터판매자,생활가전,서울특별시 중랑구 면목제4동,"[출처] 번개장터 | [분석모델] 트윈프레셔 | [모델근거] detail_text_variant | [원문설명] 최신상 쿠쿠 사일런스 프로 6인밥솥 입니다. 모델명 : PHNLLR0610FGW 트윈프레셔(무압,고압,저당) 사용 없으며 개봉만 한 미사용 새제품입니다. 박스 및 주걱,계량컵 전부 다 있습니다. 인터넷 최저가 49만원대 인거 같은데 가격 할인 없이 딱 35만원에 내놓을께요 죄송하지만 먼저 답장 빠른분 우선 판매 할께요 | [원문링크] https://m.bunjang.co.kr/products/391593930"
밥솥,쿠쿠 밥솥,쿠쿠 압력밥솥,거래중,"50,000원",,2026-02-25,0,1,0,36.5℃,번개장터판매자,생활가전,,[출처] 번개장터 | [분석모델] 전기압력밥솥 | [모델근거] text_variant | [원문링크] https://m.bunjang.co.kr/products/391576944
밥솥,쿠쿠 밥솥,쿠쿠 IH 압력밥솥 DHR067FS 6인용,거래중,"98,000원",,2026-02-25,0,4,0,36.5℃,번개장터판매자,생활가전,,[출처] 번개장터 | [분석모델] IH압력밥솥_6인용 | [모델근거] text_variant | [원문링크] https://m.bunjang.co.kr/products/383558227
밥솥,쿠쿠 밥솥,미개봉새상품정품쿠쿠 블랙스톤 6인용전기밥솥 CRP-BR065FB,예약중,"146,900원",,2026-02-25,0,35,0,36.5℃,번개장터판매자,생활가전,,[출처] 번개장터 | [분석모델] CRP-BR065FB | [모델근거] text_code | [원문링크] https://m.bunjang.co.kr/products/234274003
밥솥,쿠쿠 밥솥,쿠쿠 6인용 IH압력밥솥 CRP-N068FR 입니다,거래중,"100,000원",,2026-02-19,0,1,0,36.5℃,번개장터판매자,생활가전,,[출처] 번개장터 | [분석모델] CRP-N068FR | [모델근거] text_code | [원문링크] https://m.bunjang.co.kr/products/341110616
밥솥,쿠쿠 밥솥,쿠쿠압력밥솥6인용,거래중,"90,000원",가정1동,2026-02-18,0,8,0,36.5℃,번개장터판매자,생활가전,인천광역시 서구 가정1동,[출처] 번개장터 | [분석모델] 전기압력밥솥_6인용 | [모델근거] text_variant | [원문링크] https://m.bunjang.co.kr/products/389866943
밥솥,쿠쿠 밥솥,쿠쿠 전기압력밥솥 6인용 1등급,거래중,"190,000원",남사읍,2026-02-16,0,5,0,36.5℃,번개장터판매자,생활가전,경기도 용인시 처인구 남사읍,[출처] 번개장터 | [분석모델] 전기압력밥솥_6인용 | [모델근거] text_variant | [원문링크] https://m.bunjang.co.kr/products/389536515
밥솥,쿠쿠 밥솥,쿠쿠 미니밥솥 판매,예약중,"14,000원",,2026-02-14,0,0,0,36.5℃,번개장터판매자,생활가전,,[출처] 번개장터 | [분석모델] 제품군 공통 | [모델근거] product_group | [원문링크] https://m.bunjang.co.kr/products/388846916
밥솥,쿠쿠 밥솥,쿠첸 전기밥솥 압력밥솥 ih ㅣ 쿠쿠,거래중,"70,000원",,2026-02-14,0,2,0,36.5℃,번개장터판매자,생활가전,,[출처] 번개장터 | [분석모델] 전기압력밥솥 | [모델근거] text_variant | [원문링크] https://m.bunjang.co.kr/products/389084690
밥솥,쿠쿠 밥솥,쿠쿠6인용밥솥,거래중,"40,000원",자양동,2026-02-10,0,24,0,36.5℃,번개장터판매자,생활가전,대전광역시 동구 자양동,"[출처] 번개장터 | [분석모델] CR-0685MGW | [모델근거] detail_text_code | [원문설명] 쿠쿠 6인용 밥솥 CR-0685MGW입니다 에너지 소비 효율 1등급 제품이에요 밥맛이 좋고, 청결 유지가 용이해서 편리하게 사용하실 수 있습니다 거의 새거예요! | [원문링크] https://m.bunjang.co.kr/products/388221349"
밥솥,쿠쿠 밥솥,쿠쿠 IH 압력밥솥 HNXF1020FB(10인용),거래중,"80,000원",,2026-02-09,0,0,0,36.5℃,번개장터판매자,생활가전,,[출처] 번개장터 | [분석모델] IH압력밥솥_10인용 | [모델근거] text_variant | [원문링크] https://m.bunjang.co.kr/products/388184705
밥솥,쿠쿠 밥솥,쿠쿠 2인용 전기밥솥 CR-0215MV 새 제품 판매,거래중,"67,000원",잠실본동,2026-02-09,0,2,0,36.5℃,번개장터판매자,생활가전,서울특별시 송파구 잠실본동,[출처] 번개장터 | [분석모델] CR-0215MV | [모델근거] text_code | [원문링크] https://m.bunjang.co.kr/products/388078232
밥솥,쿠쿠 밥솥,쿠쿠 CRP-HDG1060SI 압력밥솥(10인용),거래중,"50,000원",,2026-02-04,0,0,0,36.5℃,번개장터판매자,생활가전,,[출처] 번개장터 | [분석모델] CRP-HDG1060SI | [모델근거] text_code | [원문링크] https://m.bunjang.co.kr/products/386970806
밥솥,쿠쿠 밥솥,쿠쿠 전기밥솥 EHS0320FS,거래중,"170,000원",삼문동,2026-02-02,0,2,0,36.5℃,번개장터판매자,생활가전,경상남도 밀양시 삼문동,[출처] 번개장터 | [분석모델] EHS0320FS | [모델근거] text_code | [원문링크] https://m.bunjang.co.kr/products/386244849
밥솥,쿠쿠 밥솥,쿠쿠 CR-3031V 업소용 전기밥솥 30인용,거래중,"130,000원",가정1동,2026-02-01,0,2,0,36.5℃,번개장터판매자,생활가전,인천광역시 서구 가정1동,[출처] 번개장터 | [분석모델] CR-3031V | [모델근거] text_code | [원문링크] https://m.bunjang.co.kr/products/374565445
밥솥,쿠쿠 밥솥,35인밥솥  쿠쿠 3555b,거래중,"32,000원",혜화동,2026-01-31,0,0,0,36.5℃,번개장터판매자,생활가전,서울특별시 종로구 혜화동,[출처] 번개장터 | [분석모델] 제품군 공통 | [모델근거] product_group | [원문설명] 35인 업소용이고요. 겉은 깨끗하나 내솥이 사용감이 있습니다. 부피때문에 와서 가져가셔야해요. 싸게 내놉니다. | [원문링크] https://m.bunjang.co.kr/products/386004902
밥솥,쿠쿠 밥솥,쿠쿠 crp-m110fd 쿠쿠밥솥 쿠쿠10인용밥솥 쿠쿠10인용 쿠쿠솥,거래중,"39,000원",,2026-01-31,0,0,0,36.5℃,번개장터판매자,생활가전,,[출처] 번개장터 | [분석모델] CRP-M110FD | [모델근거] text_code | [원문링크] https://m.bunjang.co.kr/products/341008062
밥솥,쿠쿠 밥솥,쿠쿠 압력밥솥 10인용,거래중,"45,000원",대치1동,2026-01-28,0,2,0,36.5℃,번개장터판매자,생활가전,서울특별시 강남구 대치1동,[출처] 번개장터 | [분석모델] 전기압력밥솥_10인용 | [모델근거] text_variant | [원문링크] https://m.bunjang.co.kr/products/351578279
밥솥,쿠쿠 밥솥,쿠쿠 전기압력밥솥 6인용 CRP-HZXB0660FR,거래중,"55,000원",,2026-01-28,0,0,0,36.5℃,번개장터판매자,생활가전,,[출처] 번개장터 | [분석모델] CRP-HZXB0660FR | [모델근거] text_code | [원문링크] https://m.bunjang.co.kr/products/385308246
밥솥,쿠쿠 밥솥,쿠쿠 IH 전기압력밥솥 6인용 CRP-DHB0660FDM 판매합니다,예약중,"50,000원",서초2동,2026-01-27,0,0,0,36.5℃,번개장터판매자,생활가전,서울특별시 서초구 서초2동,[출처] 번개장터 | [분석모델] CRP-DHB0660FDM | [모델근거] text_code | [원문링크] https://m.bunjang.co.kr/products/385144843
밥솥,쿠쿠 밥솥,쿠쿠 IH 압력밥솥 HUT1060SP(10인용),거래중,"70,000원",,2026-01-23,0,1,0,36.5℃,번개장터판매자,생활가전,,[출처] 번개장터 | [분석모델] IH압력밥솥_10인용 | [모델근거] text_variant | [원문링크] https://m.bunjang.co.kr/products/384305676
밥솥,쿠쿠 밥솥,쿠쿠 CRP-QS107FG 전기 압력밥솥,거래중,"50,000원",,2026-01-22,0,3,0,36.5℃,번개장터판매자,생활가전,,[출처] 번개장터 | [분석모델] CRP-QS107FG | [모델근거] text_code | [원문링크] https://m.bunjang.co.kr/products/384024879
밥솥,쿠쿠 밥솥,쿠쿠전기밥솥 CRP-G1030MP,예약중,"50,000원",삼청동,2026-01-21,0,0,0,36.5℃,번개장터판매자,생활가전,서울특별시 종로구 삼청동,[출처] 번개장터 | [분석모델] CRP-G1030MP | [모델근거] text_code | [원문링크] https://m.bunjang.co.kr/products/383812171
밥솥,쿠쿠 밥솥,쿠쿠  밥솥,거래중,"100,000원",안성2동,2026-01-18,0,1,0,36.5℃,번개장터판매자,생활가전,경기도 안성시 안성2동,"[출처] 번개장터 | [분석모델] 전기보온밥솥 | [모델근거] detail_text_variant | [원문설명] 쿠쿠 전기 밥솥 판매합니다. SMART IH 모델이고, 에너지아이 기능이 있습니다. 생활 스크래치 정도는 있지만, 기능에는 문제 없습니다. 직거래만 합니다 배송은 안합니다 | [원문링크] https://m.bunjang.co.kr/products/383258716"
밥솥,쿠쿠 밥솥,쿠쿠압력밥솥  JHTS0660FS  6인용  22년구매 상태아주조아요,예약중,"150,000원",,2026-01-18,0,0,0,36.5℃,번개장터판매자,생활가전,,[출처] 번개장터 | [분석모델] 전기압력밥솥_6인용 | [모델근거] text_variant | [원문링크] https://m.bunjang.co.kr/products/382004346
밥솥,쿠쿠 밥솥,쿠쿠 트윈프레셔 마스터쉐프 IH 압력밥솥.미사용+내솥하다더,거래중,"525,000원",,2026-01-13,0,1,0,36.5℃,번개장터판매자,생활가전,,[출처] 번개장터 | [분석모델] 트윈프레셔 | [모델근거] text_variant | [원문설명] 미개봉 새상품 에코 스테인레스 커브드 내솥 하나 더 같이 드려요 ●택배비는 착불 3500원 임니다 | [원문링크] https://m.bunjang.co.kr/products/348560504
밥솥,쿠쿠 밥솥,쿠쿠 IH압력밥솥 6인용,예약중,"53,000원",지동,2026-01-11,0,1,0,36.5℃,번개장터판매자,생활가전,경기도 수원시 팔달구 지동,[출처] 번개장터 | [분석모델] IH압력밥솥_6인용 | [모델근거] text_variant | [원문링크] https://m.bunjang.co.kr/products/381744565
밥솥,쿠쿠 밥솥,쿠쿠 IH 전기압력밥솥 6인용 CRP-FHR0610FD,예약중,"89,000원",고한읍,2026-01-08,0,2,0,36.5℃,번개장터판매자,생활가전,강원특별자치도 정선군 고한읍,[출처] 번개장터 | [분석모델] CRP-FHR0610FD | [모델근거] text_code | [원문링크] https://m.bunjang.co.kr/products/381043671
밥솥,쿠쿠 밥솥,쿠쿠 cuckoo 10인용 전기밥솥(회색),거래중,"300,000원",운서동,2026-01-04,0,1,0,36.5℃,번개장터판매자,생활가전,인천광역시 중구 운서동,[출처] 번개장터 | [분석모델] 전기보온밥솥_10인용 | [모델근거] text_variant | [원문링크] https://m.bunjang.co.kr/products/380270063
밥솥,쿠쿠 밥솥,쿠쿠 트윈프레셔 밥솥 CRP-RT107FC,거래중,"80,000원",,2026-01-01,0,0,0,36.5℃,번개장터판매자,생활가전,,[출처] 번개장터 | [분석모델] CRP-RT107FC | [모델근거] text_code | [원문링크] https://m.bunjang.co.kr/products/379623871
밥솥,쿠쿠 밥솥,쿠쿠 IH압력밥솥 6인용,예약중,"65,000원",지동,2025-12-30,0,0,0,36.5℃,번개장터판매자,생활가전,경기도 수원시 팔달구 지동,[출처] 번개장터 | [분석모델] IH압력밥솥_6인용 | [모델근거] text_variant | [원문링크] https://m.bunjang.co.kr/products/379251285
밥솥,쿠쿠 밥솥,쿠쿠 압력밥솥 6인용,거래중,"80,000원",,2025-12-30,0,1,0,36.5℃,번개장터판매자,생활가전,,[출처] 번개장터 | [분석모델] 전기압력밥솥_6인용 | [모델근거] text_variant | [원문링크] https://m.bunjang.co.kr/products/323439422
밥솥,쿠쿠 밥솥,쿠쿠 IH압력밥솥 10인용 CRP-AHXB1060FB,거래중,"70,000원",,2025-12-28,0,7,0,36.5℃,번개장터판매자,생활가전,,[출처] 번개장터 | [분석모델] CRP-AHXB1060FB | [모델근거] text_code | [원문링크] https://m.bunjang.co.kr/products/378835745
밥솥,쿠쿠 밥솥,쿠쿠 IH압력밥솥 10인용,예약중,"69,000원",지동,2025-12-28,0,0,0,36.5℃,번개장터판매자,생활가전,경기도 수원시 팔달구 지동,[출처] 번개장터 | [분석모델] IH압력밥솥_10인용 | [모델근거] text_variant | [원문링크] https://m.bunjang.co.kr/products/378825110
밥솥,쿠쿠 밥솥,쿠쿠 IH 압력밥솥 HLT106SV(10인용,거래중,"60,000원",성주동,2025-12-23,0,2,0,36.5℃,번개장터판매자,생활가전,경상남도 창원시 성산구 성주동,[출처] 번개장터 | [분석모델] IH압력밥솥_10인용 | [모델근거] text_variant | [원문링크] https://m.bunjang.co.kr/products/377906168
밥솥,쿠쿠 밥솥,쿠쿠 CRP-G1030MP 전기 압력밥솥(10인용),거래중,"45,000원",,2025-12-23,0,1,0,36.5℃,번개장터판매자,생활가전,,[출처] 번개장터 | [분석모델] CRP-G1030MP | [모델근거] text_code | [원문링크] https://m.bunjang.co.kr/products/377905640
밥솥,쿠쿠 밥솥,쿠쿠 압력밥솥 화이트/그레이,거래중,"45,000원",가락2동,2025-12-23,0,5,0,36.5℃,번개장터판매자,생활가전,서울특별시 송파구 가락2동,[출처] 번개장터 | [분석모델] 전기압력밥솥 | [모델근거] text_variant | [원문링크] https://m.bunjang.co.kr/products/377524259
밥솥,쿠쿠 밥솥,쿠쿠 전기밥솥 풀스테인리스 R0695FGW,거래중,"190,000원",청라2동,2025-12-20,0,4,0,36.5℃,번개장터판매자,생활가전,인천광역시 서구 청라2동,[출처] 번개장터 | [분석모델] 전기보온밥솥 | [모델근거] text_variant | [원문링크] https://m.bunjang.co.kr/products/377243490
밥솥,쿠쿠 밥솥,쿠쿠 밥솥 CR-0675FW 6인용,거래중,"50,000원",보라동,2025-12-20,0,7,0,36.5℃,번개장터판매자,생활가전,경기도 용인시 기흥구 보라동,[출처] 번개장터 | [분석모델] CR-0675FW | [모델근거] text_code | [원문링크] https://m.bunjang.co.kr/products/377165469
밥솥,쿠쿠 밥솥,쿠쿠 트윈프레셔 밥솥 블랙+로즈골드(10인용),거래중,"70,000원",성주동,2025-12-20,0,1,0,36.5℃,번개장터판매자,생활가전,경상남도 창원시 성산구 성주동,[출처] 번개장터 | [분석모델] 트윈프레셔_10인용 | [모델근거] text_variant | [원문링크] https://m.bunjang.co.kr/products/377161176
밥솥,쿠쿠 밥솥,쿠쿠 IH압력밥솥 10인용,예약중,"45,000원",지동,2025-12-16,0,5,0,36.5℃,번개장터판매자,생활가전,경기도 수원시 팔달구 지동,[출처] 번개장터 | [분석모델] IH압력밥솥_10인용 | [모델근거] text_variant | [원문링크] https://m.bunjang.co.kr/products/363383626
밥솥,쿠쿠 밥솥,최고급 명품 경량 핸디 쿠쿠 밥솥 6인용,거래중,"30,000원",,2025-12-14,0,0,0,36.5℃,번개장터판매자,생활가전,,[출처] 번개장터 | [분석모델] 제품군 공통 | [모델근거] product_group | [원문설명] 최고급 명품 경량 핸디 쿠쿠 밥솥 6인용. 내솥 무상처 깨끗. 대전권 무료배달됩니다. 환불불가. | [원문링크] https://m.bunjang.co.kr/products/264143121
밥솥,쿠쿠 밥솥,쿠쿠 CRP-D451FX 전기 압력밥솥,거래중,"33,000원",,2025-12-14,0,6,0,36.5℃,번개장터판매자,생활가전,,[출처] 번개장터 | [분석모델] CRP-D451FX | [모델근거] text_code | [원문링크] https://m.bunjang.co.kr/products/375836063
밥솥,쿠쿠 밥솥,쿠쿠 CRP-RT107FC 트윈프레셔압력밥솥(6인용),거래중,"50,000원",,2025-12-12,0,0,0,36.5℃,번개장터판매자,생활가전,,[출처] 번개장터 | [분석모델] CRP-RT107FC | [모델근거] text_code | [원문링크] https://m.bunjang.co.kr/products/375395681
밥솥,쿠쿠 밥솥,0045. 쿠쿠전자 3인용 전기압력밥솥(CRP-MHTR0310FW),예약중,"175,500원",,2025-12-11,0,5,0,36.5℃,번개장터판매자,생활가전,,[출처] 번개장터 | [분석모델] CRP-MHTR0310FW | [모델근거] text_code | [원문링크] https://m.bunjang.co.kr/products/372055658
밥솥,쿠쿠 밥솥,쿠쿠 전기밥솥 CR-1021R,거래중,"20,000원",신창동,2025-12-02,0,1,0,36.5℃,번개장터판매자,생활가전,광주광역시 광산구 신창동,[출처] 번개장터 | [분석모델] CR-1021R | [모델근거] text_code | [원문링크] https://m.bunjang.co.kr/products/364528159
밥솥,쿠쿠 밥솥,쿠쿠 밥솥 미니 3인용,거래중,"195,000원",상도제1동,2025-12-01,0,0,0,36.5℃,번개장터판매자,생활가전,서울특별시 동작구 상도제1동,[출처] 번개장터 | [분석모델] 제품군 공통 | [모델근거] product_group | [원문설명] 사용 적습니다! 내솥 포함이고 깨끗이 세척해놨습니다 어여 가져가세요 | [원문링크] https://m.bunjang.co.kr/products/372977536
밥솥,쿠쿠 밥솥,쿠쿠밥솥,거래중,"30,000원",풍세면,2025-11-28,0,1,0,36.5℃,번개장터판매자,생활가전,충청남도 천안시 동남구 풍세면,[출처] 번개장터 | [분석모델] 제품군 공통 | [모델근거] product_group | [원문설명] 10인11인용인것같습니다 취사보온만가능하구요 필요하신분 얼렁가져가십셔 | [원문링크] https://m.bunjang.co.kr/products/372192253
밥솥,쿠쿠 밥솥,쿠쿠 스마트 IH 압력밥솥 10인용,예약중,"45,000원",지동,2025-11-27,0,0,0,36.5℃,번개장터판매자,생활가전,경기도 수원시 팔달구 지동,[출처] 번개장터 | [분석모델] IH압력밥솥_10인용 | [모델근거] text_variant | [원문링크] https://m.bunjang.co.kr/products/370782028
밥솥,쿠쿠 밥솥,쿠쿠 CRP-QS1010FG 10인용 압력밥솥,거래중,"90,000원",오산면,2025-11-27,0,0,0,36.5℃,번개장터판매자,생활가전,전북특별자치도 익산시 오산면,[출처] 번개장터 | [분석모델] CRP-QS1010FG | [모델근거] text_code | [원문링크] https://m.bunjang.co.kr/products/371959189
밥솥,쿠쿠 밥솥,쿠쿠 밥솥,거래중,"80,000원",동탄1동,2025-11-26,0,0,0,36.5℃,번개장터판매자,생활가전,경기도 화성시 동탄1동,[출처] 번개장터 | [분석모델] 제품군 공통 | [모델근거] product_group | [원문설명] 깔끔한 디자인의 쿠쿠 밥솥 판매합니다. 보온 기능도 잘 작동되나 원래부터가 소리는 나지 않았어서 그 부분은 참고 부탁드려요. 별도 문의 없으시면 바로 안전결제 부탁드리고 직거래 원할 시 문의주세요 | [원문링크] https://m.bunjang.co.kr/products/371876999
밥솥,쿠쿠 밥솥,미개봉 쿠쿠 마스터셰프 사일런스 밥솥,예약중,"433,200원",동명동,2025-11-25,0,1,0,36.5℃,번개장터판매자,생활가전,광주광역시 동구 동명동,[출처] 번개장터 | [분석모델] 마스터셰프 | [모델근거] text_variant | [원문설명] 정말 어제 LG에서 구매한 밥솥입니다… 개인 사정으로 사용하지 않게 되어 눈물 머금고 내놓습니다 ㅜㅜㅜㅜㅜ | [원문링크] https://m.bunjang.co.kr/products/369868564
밥솥,쿠쿠 밥솥,쿠쿠 CRP-G103MP 압력밥솥(10인용),거래중,"60,000원",성주동,2025-11-24,0,1,0,36.5℃,번개장터판매자,생활가전,경상남도 창원시 성산구 성주동,[출처] 번개장터 | [분석모델] CRP-G103MP | [모델근거] text_code | [원문링크] https://m.bunjang.co.kr/products/371460573
밥솥,쿠쿠 밥솥,쿠쿠 전기 보온 에그 밥솥,거래중,"45,000원",연무동,2025-11-24,0,7,0,36.5℃,번개장터판매자,생활가전,경기도 수원시 장안구 연무동,"[출처] 번개장터 | [분석모델] 제품군 공통 | [모델근거] product_group | [원문설명] 내부 상태 깨끗하고 직거래 (시흥 정왕 인근 , 수원 장안구 인근), 택배거래 모두 가능 정상 작동 하며 거래 원하시면 내부 사진도 보내드립니다. | [원문링크] https://m.bunjang.co.kr/products/371434663"
밥솥,쿠쿠 밥솥,쿠쿠 10인용 고급형 ih 압력밥솥,거래중,"280,000원",정왕본동,2025-11-24,0,2,0,36.5℃,번개장터판매자,생활가전,경기도 시흥시 정왕본동,[출처] 번개장터 | [분석모델] IH압력밥솥_10인용 | [모델근거] text_variant | [원문링크] https://m.bunjang.co.kr/products/371314096
밥솥,쿠쿠 밥솥,쿠쿠 6인용 ih 압력밥솥,거래중,"90,000원",,2025-11-22,0,1,0,36.5℃,번개장터판매자,생활가전,,[출처] 번개장터 | [분석모델] IH압력밥솥_6인용 | [모델근거] text_variant | [원문링크] https://m.bunjang.co.kr/products/370930154
밥솥,쿠쿠 밥솥,쿠쿠 압력밥솥 HUF-105SS(10인용,거래중,"60,000원",,2025-11-21,0,1,0,36.5℃,번개장터판매자,생활가전,,[출처] 번개장터 | [분석모델] 전기압력밥솥_10인용 | [모델근거] text_variant | [원문링크] https://m.bunjang.co.kr/products/370765762
밥솥,쿠쿠 밥솥,쿠쿠 트윈프레셔 IH 6인용 밥솥 새상품,거래중,"450,000원",회천2동,2025-11-15,0,0,0,36.5℃,번개장터판매자,생활가전,경기도 양주시 회천2동,[출처] 번개장터 | [분석모델] 트윈프레셔_6인용 | [모델근거] text_variant | [원문링크] https://m.bunjang.co.kr/products/369368127
밥솥,쿠쿠 밥솥,쿠쿠 밥솥 팝니다,거래중,"50,000원",,2025-11-13,0,0,0,36.5℃,번개장터판매자,생활가전,,[출처] 번개장터 | [분석모델] CRP-QS1020FGM | [모델근거] detail_text_code | [원문설명] 쿠쿠 IH압력밥솥 CRP-QS1020FGM 모델입니다 - 10인용 사이즈입니다 - IH압력으로 밥맛이 좋습니다 - 다양한 요리가 가능합니다 - 내솥 포함입니다 - 밥솥의 보온 기능으로 밥을 오랫동안 따뜻하게 유지할 수 있습니다 | [원문링크] https://m.bunjang.co.kr/products/369088657
밥솥,쿠쿠 밥솥,쿠쿠 CRP-HDG1080SG 전기압력밥솥,거래중,"35,000원",,2025-11-12,0,2,0,36.5℃,번개장터판매자,생활가전,,[출처] 번개장터 | [분석모델] CRP-HDG1080SG | [모델근거] text_code | [원문링크] https://m.bunjang.co.kr/products/368875323
밥솥,쿠쿠 밥솥,쿠쿠 압력밥솥 CRP-FA0661SP 6인용,거래중,"90,000원",,2025-11-11,0,1,0,36.5℃,번개장터판매자,생활가전,,[출처] 번개장터 | [분석모델] CRP-FA0661SP | [모델근거] text_code | [원문링크] https://m.bunjang.co.kr/products/368661511
밥솥,쿠쿠 밥솥,쿠쿠 IH 압력밥솥 AHXB1060FB,거래중,"80,000원",거여2동,2025-11-10,0,2,0,36.5℃,번개장터판매자,생활가전,서울특별시 송파구 거여2동,[출처] 번개장터 | [분석모델] IH압력밥솥 | [모델근거] text_variant | [원문링크] https://m.bunjang.co.kr/products/368339237
밥솥,쿠쿠 밥솥,쿠쿠 6인용 전기밥솥,거래중,"88,000원",,2025-11-07,0,22,0,36.5℃,번개장터판매자,생활가전,,[출처] 번개장터 | [분석모델] 전기보온밥솥_6인용 | [모델근거] text_variant | [원문링크] https://m.bunjang.co.kr/products/325955039
밥솥,쿠쿠 밥솥,쿠쿠 압력밥솥 SRP-0616S 레드,거래중,"25,000원",,2025-11-06,0,2,0,36.5℃,번개장터판매자,생활가전,,[출처] 번개장터 | [분석모델] 전기압력밥솥 | [모델근거] text_variant | [원문링크] https://m.bunjang.co.kr/products/367582238
밥솥,쿠쿠 밥솥,쿠쿠 에그밥솥 CR-0675FW,거래중,"45,000원",,2025-11-05,0,3,0,36.5℃,번개장터판매자,생활가전,,[출처] 번개장터 | [분석모델] CR-0675FW | [모델근거] text_code | [원문링크] https://m.bunjang.co.kr/products/367353513
밥솥,쿠쿠 밥솥,쿠쿠 IH압력밥솥 미개봉 새상품 판매합니다,거래중,"380,000원",물금읍,2025-11-03,0,3,0,36.5℃,번개장터판매자,생활가전,경상남도 양산시 물금읍,"[출처] 번개장터 | [분석모델] CRP-FHR107FD | [모델근거] detail_text_code | [원문설명] 쿠쿠 IH압력밥솥 미개봉 새상품 판매합니다 모델명은 CRP-FHR107FD입니다. - 10인용 - 풀스테인리스 블랙코팅 커브드내솥 - 풀스테인리스 커버 - 분리형 커버 - 2기압취사,음성안내,자동세척 에너지2등급. 무게:8.2kg 크기(가로*세로*깊이)423*326*310mm 인터넷 최저가 50만원정도 입니다. | [원문링크] https://m.bunjang.co.kr/products/348769134"
밥솥,쿠쿠 밥솥,쿠쿠 트윈프레셔 밥솥 CRP-RT067FC 피치골드,거래중,"100,000원",,2025-10-28,0,1,0,36.5℃,번개장터판매자,생활가전,,[출처] 번개장터 | [분석모델] CRP-RT067FC | [모델근거] text_code | [원문링크] https://m.bunjang.co.kr/products/365523081
밥솥,쿠쿠 밥솥,쿠쿠 압력밥솥 HPF0665SE,거래중,"100,000원",,2025-10-26,0,0,0,36.5℃,번개장터판매자,생활가전,,[출처] 번개장터 | [분석모델] 전기압력밥솥 | [모델근거] text_variant | [원문링크] https://m.bunjang.co.kr/products/365178576
밥솥,쿠쿠 밥솥,쿠쿠 전기압력밥솥 10인용 CRP-G1020MI,예약중,"36,000원",고한읍,2025-10-26,0,4,0,36.5℃,번개장터판매자,생활가전,강원특별자치도 정선군 고한읍,[출처] 번개장터 | [분석모델] CRP-G1020MI | [모델근거] text_code | [원문링크] https://m.bunjang.co.kr/products/362390688
밥솥,쿠쿠 밥솥,쿠쿠 압력 밥솥 6인용,거래중,"415,000원",약수동,2025-10-22,0,4,0,36.5℃,번개장터판매자,생활가전,서울특별시 중구 약수동,[출처] 번개장터 | [분석모델] 마스터셰프_6인용 | [모델근거] detail_text_variant | [원문설명] 쿠쿠 미식 컬렉션 마스터셰프 사일런스 오브제 6인용 원가 61.8만원 미개봉 | [원문링크] https://m.bunjang.co.kr/products/352320284
밥솥,쿠쿠 밥솥,쿠쿠 IH 6인용 압력밥솥 FHS0610 (2020년제조) 쿨거시 만원,거래중,"70,000원",,2025-10-22,0,2,0,36.5℃,번개장터판매자,생활가전,,[출처] 번개장터 | [분석모델] 전기압력밥솥_6인용 | [모델근거] text_variant | [원문링크] https://m.bunjang.co.kr/products/364389886
밥솥,쿠쿠 밥솥,LG 쿠쿠 전기 밥솥 레드,거래중,"40,000원",오산면,2025-10-21,0,2,0,36.5℃,번개장터판매자,생활가전,전북특별자치도 익산시 오산면,[출처] 번개장터 | [분석모델] 전기보온밥솥 | [모델근거] text_variant | [원문링크] https://m.bunjang.co.kr/products/364061736
밥솥,쿠쿠 밥솥,쿠쿠 IH압력밥솥 10인용,예약중,"40,000원",해양동,2025-10-21,0,6,0,36.5℃,번개장터판매자,생활가전,경기도 안산시 상록구 해양동,[출처] 번개장터 | [분석모델] IH압력밥솥_10인용 | [모델근거] text_variant | [원문링크] https://m.bunjang.co.kr/products/360453841
밥솥,쿠쿠 밥솥,쿠쿠 CR-0655FR 전기 압력밥솥,예약중,"15,000원",,2025-10-19,0,1,0,36.5℃,번개장터판매자,생활가전,,[출처] 번개장터 | [분석모델] CR-0655FR | [모델근거] text_code | [원문링크] https://m.bunjang.co.kr/products/362468970
밥솥,쿠쿠 밥솥,쿠쿠밥솥,거래중,"50,000원",첨단2동,2025-10-16,0,0,0,36.5℃,번개장터판매자,생활가전,광주광역시 광산구 첨단2동,"[출처] 번개장터 | [분석모델] CRP-HEG1060SV | [모델근거] detail_text_code | [원문설명] 쿠쿠 전기밥솥입니다. 모델명은 CRP-HEG1060SV이며, 10인용으로 넉넉한 양의 밥을 지을 수 있습니다. 내솥은 청동으로 밥맛이 좋고, 고무바킹을 교체해서 작동 이상 없이 밥도 잘 됩니다. 추가 문의 없으시면 번개페이로 바로 구매 가능하세요! | [원문링크] https://m.bunjang.co.kr/products/363024168"
밥솥,쿠쿠 밥솥,쿠쿠 10인용 IH압력밥솥  CRP-AHXB1060FD,거래중,"95,000원",상계1동,2025-10-14,0,1,0,36.5℃,번개장터판매자,생활가전,서울특별시 노원구 상계1동,[출처] 번개장터 | [분석모델] CRP-AHXB1060FD | [모델근거] text_code | [원문링크] https://m.bunjang.co.kr/products/362529776
밥솥,쿠쿠 밥솥,쿠쿠 3인용 밥솥 CRP-EHS0320FW,예약중,"80,000원",신정3동,2025-10-10,0,1,0,36.5℃,번개장터판매자,생활가전,서울특별시 양천구 신정3동,[출처] 번개장터 | [분석모델] CRP-EHS0320FW | [모델근거] text_code | [원문링크] https://m.bunjang.co.kr/products/361757248
밥솥,쿠쿠 밥솥,쿠쿠 6인용 밥솥 (DHS068FD) 새상품급 판매,거래중,"230,000원",인헌동,2025-10-10,0,1,0,36.5℃,번개장터판매자,생활가전,서울특별시 관악구 인헌동,"[출처] 번개장터 | [분석모델] IH압력밥솥_6인용 | [모델근거] detail_text_variant | [원문설명] 쿠쿠 IH 압력밥솥 DHS068FD 모델 판매합니다. 6인용이고 메탈릭 실버 색상입니다. 캡쳐와 동일모델이며, 정가는 378,000원이에요. 1~2회 사용한 거의 새상품급입니다. 쿨거시 택포 입니다. | [원문링크] https://m.bunjang.co.kr/products/351098057"
밥솥,쿠쿠 밥솥,쿠쿠 IH 압력밥솥 6인용,예약중,"25,000원",소하1동,2025-10-09,0,0,0,36.5℃,번개장터판매자,생활가전,경기도 광명시 소하1동,[출처] 번개장터 | [분석모델] IH압력밥솥_6인용 | [모델근거] text_variant | [원문링크] https://m.bunjang.co.kr/products/361550700
밥솥,쿠쿠 밥솥,쿠쿠 압력밥솥 CRP-FHB0610EL 미사용 새제품,예약중,"260,000원",송도4동,2025-10-04,0,3,0,36.5℃,번개장터판매자,생활가전,인천광역시 연수구 송도4동,[출처] 번개장터 | [분석모델] CRP-FHB0610EL | [모델근거] text_code | [원문링크] https://m.bunjang.co.kr/products/359198808
밥솥,쿠쿠 밥솥,쿠쿠 1인용 전기 보온 밥솥 화이트,거래중,"60,000원",유림동,2025-10-04,0,5,0,36.5℃,번개장터판매자,생활가전,경기도 용인시 처인구 유림동,[출처] 번개장터 | [분석모델] 전기보온밥솥 | [모델근거] text_variant | [원문링크] https://m.bunjang.co.kr/products/351141436
밥솥,쿠쿠 밥솥,(새상품) 쿠쿠 마스터 셰프 IH 전기 압력밥솥  6인용,거래중,"350,000원",부성1동,2025-10-03,0,24,0,36.5℃,번개장터판매자,생활가전,충청남도 천안시 서북구 부성1동,[출처] 번개장터 | [분석모델] CRP-NHTR0610FW | [모델근거] detail_text_code | [원문설명] 쿠쿠 마스터 셰프 IH 전기 압력밥솥 CRP-NHTR0610FW 6인용 화이트 새 제품입니다 (풀박스) 아예 안뜯은 새상품이에요 박스도 같이 드려요~! 편하게 문의 주세요 쿨거래시 네고 가능 찔러보기 금지 x 구매의사 확실하신분만 채팅주세요 | [원문링크] https://m.bunjang.co.kr/products/360299710
밥솥,쿠쿠 밥솥,CRP FHB0610bs 미개봉 쿠쿠 밥솥 팝니다.,거래중,"250,000원",면목제3.8동,2025-10-02,0,2,0,36.5℃,번개장터판매자,생활가전,서울특별시 중랑구 면목제3.8동,[출처] 번개장터 | [분석모델] CRPFHB0610BS | [모델근거] text_code | [원문링크] https://m.bunjang.co.kr/products/360002561
밥솥,쿠쿠 밥솥,쿠쿠6인용압력밥솥20000,거래중,"20,000원",,2025-10-01,0,4,0,36.5℃,번개장터판매자,생활가전,,[출처] 번개장터 | [분석모델] 전기압력밥솥_6인용 | [모델근거] text_variant | [원문링크] https://m.bunjang.co.kr/products/359795314
밥솥,쿠쿠 밥솥,쿠쿠 CRP-P067FD 압력밥솥,거래중,"59,000원",장성동,2025-09-30,0,1,0,36.5℃,번개장터판매자,생활가전,강원특별자치도 태백시 장성동,[출처] 번개장터 | [분석모델] CRP-P067FD | [모델근거] text_code | [원문링크] https://m.bunjang.co.kr/products/359695903
밥솥,쿠쿠 밥솥,쿠쿠 6인용 전기밥솥 CR-0681Y,예약중,"29,000원",지동,2025-09-25,0,0,0,36.5℃,번개장터판매자,생활가전,경기도 수원시 팔달구 지동,[출처] 번개장터 | [분석모델] CR-0681Y | [모델근거] text_code | [원문링크] https://m.bunjang.co.kr/products/354656517
밥솥,쿠쿠 밥솥,쿠쿠 10인용 최고급형 ih밥솥,거래중,"280,000원",,2025-09-23,0,3,0,36.5℃,번개장터판매자,생활가전,,[출처] 번개장터 | [분석모델] 제품군 공통 | [모델근거] product_group | [원문링크] https://m.bunjang.co.kr/products/358060798
밥솥,쿠쿠 밥솥,쿠쿠 6인용 압력밥솥팝니다,거래중,"100,000원",홍제제1동,2025-09-21,0,0,0,36.5℃,번개장터판매자,생활가전,서울특별시 서대문구 홍제제1동,[출처] 번개장터 | [분석모델] 전기압력밥솥_6인용 | [모델근거] text_variant | [원문링크] https://m.bunjang.co.kr/products/357640223
밥솥,쿠쿠 밥솥,쿠쿠 IH압력밥솥 10인용,예약중,"70,000원",지동,2025-09-20,0,2,0,36.5℃,번개장터판매자,생활가전,경기도 수원시 팔달구 지동,[출처] 번개장터 | [분석모델] IH압력밥솥_10인용 | [모델근거] text_variant | [원문링크] https://m.bunjang.co.kr/products/355048097
밥솥,쿠쿠 밥솥,쿠쿠 전기압력밥솥 6인용 CRP-HSXT0610FB,예약중,"48,000원",고한읍,2025-09-20,0,2,0,36.5℃,번개장터판매자,생활가전,강원특별자치도 정선군 고한읍,[출처] 번개장터 | [분석모델] CRP-HSXT0610FB | [모델근거] text_code | [원문링크] https://m.bunjang.co.kr/products/355494937
밥솥,쿠쿠 밥솥,쿠쿠 전기밥솥 6인용 거의새재품,거래중,"59,000원",,2025-09-19,0,2,0,36.5℃,번개장터판매자,생활가전,,[출처] 번개장터 | [분석모델] 전기보온밥솥_6인용 | [모델근거] text_variant | [원문링크] https://m.bunjang.co.kr/products/340866713
밥솥,쿠쿠 밥솥,쿠쿠 압력밥솥,거래중,"60,000원",월피동,2025-09-14,0,0,0,36.5℃,번개장터판매자,생활가전,경기도 안산시 상록구 월피동,[출처] 번개장터 | [분석모델] 전기압력밥솥 | [모델근거] text_variant | [원문링크] https://m.bunjang.co.kr/products/356126249
밥솥,쿠쿠 밥솥,쿠쿠 IH압력밥솥 HUT1060SP,거래중,"55,000원",,2025-09-12,0,0,0,36.5℃,번개장터판매자,생활가전,,[출처] 번개장터 | [분석모델] IH압력밥솥 | [모델근거] text_variant | [원문링크] https://m.bunjang.co.kr/products/355734766
밥솥,쿠쿠 밥솥,쿠쿠 전기압력밥솥 6인용 CRP-R069FP,예약중,"45,000원",고한읍,2025-09-09,0,5,0,36.5℃,번개장터판매자,생활가전,강원특별자치도 정선군 고한읍,[출처] 번개장터 | [분석모델] CRP-R069FP | [모델근거] text_code | [원문링크] https://m.bunjang.co.kr/products/349561958
밥솥,쿠쿠 밥솥,쿠쿠 IH 압력밥솥 10인용,예약중,"33,000원",지동,2025-09-06,0,0,0,36.5℃,번개장터판매자,생활가전,경기도 수원시 팔달구 지동,[출처] 번개장터 | [분석모델] IH압력밥솥_10인용 | [모델근거] text_variant | [원문링크] https://m.bunjang.co.kr/products/353690897
밥솥,쿠쿠 밥솥,쿠쿠 CRP-OS1010FD 밥솥,거래중,"18,000원",,2025-09-03,0,5,0,36.5℃,번개장터판매자,생활가전,,[출처] 번개장터 | [분석모델] CRP-OS1010FD | [모델근거] text_code | [원문링크] https://m.bunjang.co.kr/products/354021084
밥솥,쿠쿠 밥솥,쿠쿠 에그 밥솥 CR-0675FW 6인용,거래중,"45,000원",,2025-09-02,0,4,0,36.5℃,번개장터판매자,생활가전,,[출처] 번개장터 | [분석모델] CR-0675FW | [모델근거] text_code | [원문링크] https://m.bunjang.co.kr/products/353842309
밥솥,쿠쿠 밥솥,쿠쿠압력밥솥 25000,거래중,"25,000원",,2025-08-31,0,2,0,36.5℃,번개장터판매자,생활가전,,[출처] 번개장터 | [분석모델] 전기압력밥솥 | [모델근거] text_variant | [원문링크] https://m.bunjang.co.kr/products/353549397
밥솥,쿠쿠 밥솥,쿠쿠 IH압력밥솥 10인용 다크그레이,예약중,"60,000원",지동,2025-08-28,0,1,0,36.5℃,번개장터판매자,생활가전,경기도 수원시 팔달구 지동,[출처] 번개장터 | [분석모델] IH압력밥솥_10인용 | [모델근거] text_variant | [원문링크] https://m.bunjang.co.kr/products/353068114
밥솥,쿠쿠 밥솥,쿠쿠 전기밥솥 3-4인용 CR-0632G,예약중,"17,000원",고한읍,2025-08-28,0,1,0,36.5℃,번개장터판매자,생활가전,강원특별자치도 정선군 고한읍,[출처] 번개장터 | [분석모델] CR-0632G | [모델근거] text_code | [원문링크] https://m.bunjang.co.kr/products/349664833
밥솥,쿠쿠 밥솥,쿠쿠 6인용 압력밥솥,예약중,"45,000원",진영읍,2025-08-27,0,2,0,36.5℃,번개장터판매자,생활가전,경상남도 김해시 진영읍,[출처] 번개장터 | [분석모델] 전기압력밥솥_6인용 | [모델근거] text_variant | [원문링크] https://m.bunjang.co.kr/products/349257989
밥솥,쿠쿠 밥솥,쿠쿠 10인용 풀스텐 압력밥솥,거래완료,"35,000원",,2026-08-26,0,1,0,36.5℃,번개장터판매자,생활가전,,[출처] 번개장터 | [분석모델] 전기압력밥솥_10인용 | [모델근거] text_variant | [원문링크] https://m.bunjang.co.kr/products/425945908
밥솥,쿠쿠 밥솥,쿠쿠 CRP-P0620FDM 6인용 전기압력밥솥,거래완료,"50,000원",부평5동,2026-08-26,0,0,0,36.5℃,번개장터판매자,생활가전,인천광역시 부평구 부평5동,[출처] 번개장터 | [분석모델] CRP-P0620FDM | [모델근거] text_code | [원문링크] https://m.bunjang.co.kr/products/425714396
밥솥,쿠쿠 밥솥,쿠쿠10인용 압력밥솥,거래완료,"129,000원",호평동,2026-08-26,0,0,0,36.5℃,번개장터판매자,생활가전,경기도 남양주시 호평동,[출처] 번개장터 | [분석모델] 전기압력밥솥_10인용 | [모델근거] text_variant | [원문링크] https://m.bunjang.co.kr/products/425458735
밥솥,쿠쿠 밥솥,쿠쿠 트윈프레셔 전기압력밥솥 10인용,거래완료,"267,000원",,2026-08-24,0,0,0,36.5℃,번개장터판매자,생활가전,,[출처] 번개장터 | [분석모델] 트윈프레셔_10인용 | [모델근거] text_variant | [원문링크] https://m.bunjang.co.kr/products/425428185
밥솥,쿠쿠 밥솥,쿠쿠 IH 전기밥솥 JHT0610FS,거래완료,"65,000원",,2026-08-24,0,0,0,36.5℃,번개장터판매자,생활가전,,[출처] 번개장터 | [분석모델] 전기보온밥솥 | [모델근거] text_variant | [원문링크] https://m.bunjang.co.kr/products/425389039
밥솥,쿠쿠 밥솥,쿠쿠 전기 압력밥솥 10인용 음성기능 자동세척 깨꿋해요,거래완료,"55,000원",,2026-08-24,0,2,0,36.5℃,번개장터판매자,생활가전,,[출처] 번개장터 | [분석모델] 전기압력밥솥_10인용 | [모델근거] text_variant | [원문링크] https://m.bunjang.co.kr/products/425374187
밥솥,쿠쿠 밥솥,쿠쿠 IH 전기압력밥솥 10인용 CRP-HYB1080FB,거래완료,"47,000원",고한읍,2026-08-22,0,1,0,36.5℃,번개장터판매자,생활가전,강원특별자치도 정선군 고한읍,[출처] 번개장터 | [분석모델] CRP-HYB1080FB | [모델근거] text_code | [원문링크] https://m.bunjang.co.kr/products/424668680
밥솥,쿠쿠 밥솥,쿠쿠6 인용 IH압력밥솥HPF0660SR,거래완료,"35,000원",,2026-08-21,0,3,0,36.5℃,번개장터판매자,생활가전,,[출처] 번개장터 | [분석모델] IH압력밥솥_6인용 | [모델근거] text_variant | [원문링크] https://m.bunjang.co.kr/products/424548985
밥솥,쿠쿠 밥솥,쿠쿠 압력밥솥 HNXG1011FB 10인용,거래완료,"38,000원",,2026-08-21,0,0,0,36.5℃,번개장터판매자,생활가전,,[출처] 번개장터 | [분석모델] 전기압력밥솥_10인용 | [모델근거] text_variant | [원문링크] https://m.bunjang.co.kr/products/424664521
밥솥,쿠쿠 밥솥,쿠쿠 음성인식 6인용 압력밥솥,거래완료,"50,000원",,2026-08-21,0,1,0,36.5℃,번개장터판매자,생활가전,,[출처] 번개장터 | [분석모델] 전기압력밥솥_6인용 | [모델근거] text_variant | [원문링크] https://m.bunjang.co.kr/products/424904162
밥솥,쿠쿠 밥솥,쿠쿠 밥솥(10인용),거래완료,"30,000원",,2026-08-19,0,0,0,36.5℃,번개장터판매자,생활가전,,[출처] 번개장터 | [분석모델] 제품군 공통 | [모델근거] product_group | [원문설명] 쿠쿠 10인용 밥솥 판매합니다. 사용감이 있지만 작동에는 문제 없습니다. 사진 참고하셔서 구매 결정해주세요. 구매 원하시면 바로 안전결제 해주시면 됩니다! 음성지원 | [원문링크] https://m.bunjang.co.kr/products/424794197
밥솥,쿠쿠 밥솥,쿠쿠전자 CRP-PK0620BS 6인용 1등급 IH압력밥솥 GD,거래완료,"90,000원",연산제2동,2026-08-14,0,5,0,36.5℃,번개장터판매자,생활가전,부산광역시 연제구 연산제2동,[출처] 번개장터 | [분석모델] CRP-PK0620BS | [모델근거] text_code | [원문링크] https://m.bunjang.co.kr/products/423122966
밥솥,쿠쿠 밥솥,"[DDB하남,S급] 쿠쿠 3인용 트윈프레셔 미니 전기압력밥솥 CRP-TT0310FGW",거래완료,"105,000원",,2026-08-14,0,0,0,36.5℃,번개장터판매자,생활가전,,[출처] 번개장터 | [분석모델] CRP-TT0310FGW | [모델근거] text_code | [원문링크] https://m.bunjang.co.kr/products/424193399
밥솥,쿠쿠 밥솥,쿠쿠 IH 전기압력밥솥 6인용 CRP-HBXB0660FB,거래완료,"43,000원",고한읍,2026-08-13,0,3,0,36.5℃,번개장터판매자,생활가전,강원특별자치도 정선군 고한읍,[출처] 번개장터 | [분석모델] CRP-HBXB0660FB | [모델근거] text_code | [원문링크] https://m.bunjang.co.kr/products/420029668
밥솥,쿠쿠 밥솥,쿠쿠 6인용 풀스텐 가마 압력밥솥,거래완료,"60,000원",,2026-08-12,0,4,0,36.5℃,번개장터판매자,생활가전,,[출처] 번개장터 | [분석모델] 전기압력밥솥_6인용 | [모델근거] text_variant | [원문링크] https://m.bunjang.co.kr/products/423137922
밥솥,쿠쿠 밥솥,쿠쿠10인용에코프레셔압력밥솥CRP-QS1020GM,거래완료,"36,000원",,2026-08-12,0,1,0,36.5℃,번개장터판매자,생활가전,,[출처] 번개장터 | [분석모델] CRP-QS1020GM | [모델근거] text_code | [원문링크] https://m.bunjang.co.kr/products/424004704
밥솥,쿠쿠 밥솥,쿠쿠 전기 압력밥솥 6인용 깨끗해요,거래완료,"60,000원",,2026-08-12,0,0,0,36.5℃,번개장터판매자,생활가전,,[출처] 번개장터 | [분석모델] 전기압력밥솥_6인용 | [모델근거] text_variant | [원문링크] https://m.bunjang.co.kr/products/423957582
밥솥,쿠쿠 밥솥,쿠쿠 10인용 압력밥솥 crp-qs1010fg판매합니다.,거래완료,"60,000원",,2026-08-10,0,0,0,36.5℃,번개장터판매자,생활가전,,[출처] 번개장터 | [분석모델] CRP-QS1010FG | [모델근거] text_code | [원문링크] https://m.bunjang.co.kr/products/412322901
밥솥,쿠쿠 밥솥,쿠쿠 IH 압력밥솥 10인용,거래완료,"80,000원",용호제3동,2026-08-10,0,1,0,36.5℃,번개장터판매자,생활가전,부산광역시 남구 용호제3동,[출처] 번개장터 | [분석모델] IH압력밥솥_10인용 | [모델근거] text_variant | [원문링크] https://m.bunjang.co.kr/products/423073653
밥솥,쿠쿠 밥솥,"(미사용, 가격내림 없음) 쿠쿠 전기 밥솥 6인용 CRP-R0655FB",거래완료,"125,000원",,2026-08-09,0,11,0,36.5℃,번개장터판매자,생활가전,,[출처] 번개장터 | [분석모델] CRP-R0655FB | [모델근거] text_code | [원문링크] https://m.bunjang.co.kr/products/417251514
밥솥,쿠쿠 밥솥,쿠쿠 IH 전기압력밥솥 6인용 CRP-HZXB0660FR,거래완료,"47,000원",고한읍,2026-08-09,0,2,0,36.5℃,번개장터판매자,생활가전,강원특별자치도 정선군 고한읍,[출처] 번개장터 | [분석모델] CRP-HZXB0660FR | [모델근거] text_code | [원문링크] https://m.bunjang.co.kr/products/420029970
밥솥,쿠쿠 밥솥,쿠쿠 CRP-EHB0310FW 3인용 IH압력밥솥 저렴하게 구입하세요,거래완료,"80,000원",,2026-08-08,0,0,0,36.5℃,번개장터판매자,생활가전,,[출처] 번개장터 | [분석모델] CRP-EHB0310FW | [모델근거] text_code | [원문링크] https://m.bunjang.co.kr/products/423248759
밥솥,쿠쿠 밥솥,쿠쿠 트윈프레셔 IH 전기밥솥,거래완료,"63,000원",,2026-08-07,0,5,0,36.5℃,번개장터판매자,생활가전,,[출처] 번개장터 | [분석모델] 트윈프레셔 | [모델근거] text_variant | [원문링크] https://m.bunjang.co.kr/products/422834274
밥솥,쿠쿠 밥솥,쿠쿠 10인용 압력밥솥 입니다,거래완료,"85,000원",,2026-08-05,0,1,0,36.5℃,번개장터판매자,생활가전,,[출처] 번개장터 | [분석모델] 전기압력밥솥_10인용 | [모델근거] text_variant | [원문링크] https://m.bunjang.co.kr/products/423170564
밥솥,쿠쿠 밥솥,쿠쿠 IH 압력 밥솥 HZXB0670FC,거래완료,"59,000원",가락2동,2026-08-04,0,1,0,36.5℃,번개장터판매자,생활가전,서울특별시 송파구 가락2동,[출처] 번개장터 | [분석모델] IH압력밥솥 | [모델근거] text_variant | [원문링크] https://m.bunjang.co.kr/products/422814267
밥솥,쿠쿠 밥솥,쿠쿠 IH 압력밥솥 6인용,거래완료,"55,000원",용호제3동,2026-08-04,0,1,0,36.5℃,번개장터판매자,생활가전,부산광역시 남구 용호제3동,[출처] 번개장터 | [분석모델] IH압력밥솥_6인용 | [모델근거] text_variant | [원문링크] https://m.bunjang.co.kr/products/422926738
밥솥,쿠쿠 밥솥,쿠쿠 3인용 IH 밥솥 HQXT0311FG,거래완료,"55,000원",,2026-08-04,0,3,0,36.5℃,번개장터판매자,생활가전,,"[출처] 번개장터 | [분석모델] CRP-HQXT0311FG | [모델근거] detail_text_code | [원문설명] 쿠쿠 3인용 IH 밥솥 HQXT0311FG 판매합니다. 내솥에 약간의 사용감 있습니다. 사진 봐주세요. 기능 이상 없고,밥 잘됩니다. 쿠쿠전자 CRP-HQXT0311FG /IH압력밥솥/3인용/블랙코팅/ 분리형커버/음성안내/자동세척/ 소비전력:824W/무게:4.1kg/ 크기:33.7cm x 23.8cm x 21.6cm | [원문링크] https://m.bunjang.co.kr/products/419358320"
밥솥,쿠쿠 밥솥,쿠쿠 풀스텐 6인용 압력밥솥,거래완료,"59,000원",,2026-08-03,0,0,0,36.5℃,번개장터판매자,생활가전,,[출처] 번개장터 | [분석모델] 전기압력밥솥_6인용 | [모델근거] text_variant | [원문링크] https://m.bunjang.co.kr/products/422252395
밥솥,쿠쿠 밥솥,쿠쿠 밥솥6인용 JHT061065 스마트 IH,거래완료,"130,000원",,2026-08-02,0,1,0,36.5℃,번개장터판매자,생활가전,,[출처] 번개장터 | [분석모델] 제품군 공통 | [모델근거] product_group | [원문설명] 쿠쿠 6인용 스마트 IH 밥솥 JHT0610FS 판매합니다. 다양한 메뉴와 IH 기술로 맛있는 밥을 지을 수 있습니다. 상태 좋습니다. 구매 원하시면 바로 안전결제 해주시면 됩니다! 전체적으로 깨끗합니다 아주퍼팩트합니다 필요하신분톡주세요 중고거래특성상 반품 환불 안됩니다 신중한구매해주세요 예민하신분패스요 전국택배가능 | [원문링크] https://m.bunjang.co.kr/products/422774923
밥솥,쿠쿠 밥솥,쿠쿠밥솥 3인용,거래완료,"65,000원",,2026-08-02,0,1,0,36.5℃,번개장터판매자,생활가전,,[출처] 번개장터 | [분석모델] 제품군 공통 | [모델근거] product_group | [원문설명] 쿠쿠밥솥 사놓고 사용을 잘 안했습니다 이사가게되어 급하게 판매해요 | [원문링크] https://m.bunjang.co.kr/products/422770130
밥솥,쿠쿠 밥솥,쿠쿠 CRP-ST1010FL 10인용 밥솥 미사용 풀박스,거래완료,"140,000원",남촌동,2026-08-01,0,1,0,36.5℃,번개장터판매자,생활가전,경기도 오산시 남촌동,[출처] 번개장터 | [분석모델] CRP-ST1010FL | [모델근거] text_code | [원문링크] https://m.bunjang.co.kr/products/422686333
밥솥,쿠쿠 밥솥,쿠쿠6인용 압력밥솥,거래완료,"13,000원",호평동,2026-07-31,0,1,0,36.5℃,번개장터판매자,생활가전,경기도 남양주시 호평동,[출처] 번개장터 | [분석모델] 전기압력밥솥_6인용 | [모델근거] text_variant | [원문링크] https://m.bunjang.co.kr/products/415350411
밥솥,쿠쿠 밥솥,cuckoo 미니 밥솥,거래완료,"25,000원",,2026-07-30,0,1,0,36.5℃,번개장터판매자,생활가전,,[출처] 번개장터 | [분석모델] 제품군 공통 | [모델근거] product_group | [원문링크] https://m.bunjang.co.kr/products/421427790
밥솥,쿠쿠 밥솥,쿠쿠 IH 압력밥솥 로즈골드 6인용 CRP-FHS0610FG,거래완료,"40,000원",마산동,2026-07-30,0,0,0,36.5℃,번개장터판매자,생활가전,경기도 김포시 마산동,[출처] 번개장터 | [분석모델] CRP-FHS0610FG | [모델근거] text_code | [원문링크] https://m.bunjang.co.kr/products/422406071
밥솥,쿠쿠 밥솥,쿠쿠압력밥솥,거래완료,"50,000원",,2026-07-30,0,3,0,36.5℃,번개장터판매자,생활가전,,[출처] 번개장터 | [분석모델] 전기압력밥솥 | [모델근거] text_variant | [원문링크] https://m.bunjang.co.kr/products/422362058
밥솥,쿠쿠 밥솥,쿠쿠 트윈프레셔 10인용 전기압력밥솥,거래완료,"170,000원",,2026-07-26,0,4,0,36.5℃,번개장터판매자,생활가전,,[출처] 번개장터 | [분석모델] 트윈프레셔_10인용 | [모델근거] text_variant | [원문링크] https://m.bunjang.co.kr/products/421942891
밥솥,쿠쿠 밥솥,쿠쿠 IH압력밥솥 CRP-CHP1010FD 10인용 판매합니다~~,거래완료,"79,000원",철산3동,2026-07-25,0,0,0,36.5℃,번개장터판매자,생활가전,경기도 광명시 철산3동,[출처] 번개장터 | [분석모델] CRP-CHP1010FD | [모델근거] text_code | [원문링크] https://m.bunjang.co.kr/products/421852177
밥솥,쿠쿠 밥솥,쿠쿠 6인용 전기보온밥솥 CRP-P0620FDM,거래완료,"115,000원",,2026-07-24,0,1,0,36.5℃,번개장터판매자,생활가전,,[출처] 번개장터 | [분석모델] CRP-P0620FDM | [모델근거] text_code | [원문링크] https://m.bunjang.co.kr/products/418278790
밥솥,쿠쿠 밥솥,무배/바배 쿠쿠 10인용 전기압력밥솥 CRP-QKNL1010BGW,거래완료,"120,000원",비전1동,2026-07-22,0,0,0,36.5℃,번개장터판매자,생활가전,경기도 평택시 비전1동,[출처] 번개장터 | [분석모델] CRP-QKNL1010BGW | [모델근거] text_code | [원문링크] https://m.bunjang.co.kr/products/421441497
밥솥,쿠쿠 밥솥,쿠쿠 6인용 밥솥25000,거래완료,"25,000원",,2026-07-21,0,0,0,36.5℃,번개장터판매자,생활가전,,[출처] 번개장터 | [분석모델] 제품군 공통 | [모델근거] product_group | [원문설명] 사용감은 있으나 아 직 쓸만합니다 | [원문링크] https://m.bunjang.co.kr/products/421192619
밥솥,쿠쿠 밥솥,쿠쿠 IH전기압력밥솥 6인용 저렴하게 구입하세요,거래완료,"55,000원",,2026-07-20,0,3,0,36.5℃,번개장터판매자,생활가전,,[출처] 번개장터 | [분석모델] IH압력밥솥_6인용 | [모델근거] text_variant | [원문링크] https://m.bunjang.co.kr/products/418173308
밥솥,쿠쿠 밥솥,쿠쿠10인용풀스텐레스압력밥솥CRP-R108FB,거래완료,"25,000원",,2026-07-20,0,6,0,36.5℃,번개장터판매자,생활가전,,[출처] 번개장터 | [분석모델] CRP-R108FB | [모델근거] text_code | [원문링크] https://m.bunjang.co.kr/products/415661935
밥솥,쿠쿠 밥솥,쿠쿠 10인용 전기압력밥솥 CRP-QS1020FGM 004,거래완료,"85,000원",,2026-07-18,0,0,0,36.5℃,번개장터판매자,생활가전,,[출처] 번개장터 | [분석모델] CRP-QS1020FGM | [모델근거] text_code | [원문링크] https://m.bunjang.co.kr/products/420651517
밥솥,쿠쿠 밥솥,쿠쿠 압력밥솥 고압 무압 취사 스마트 IH 음성가드 1등급 6인용 고급형,거래완료,"140,000원",오류동,2026-07-18,0,5,0,36.5℃,번개장터판매자,생활가전,대전광역시 중구 오류동,[출처] 번개장터 | [분석모델] 전기압력밥솥_6인용 | [모델근거] text_variant | [원문링크] https://m.bunjang.co.kr/products/413263459
밥솥,쿠쿠 밥솥,쿠쿠 전기보온밥솥 6인용 CR-0671V,거래완료,"29,000원",,2026-07-18,0,1,0,36.5℃,번개장터판매자,생활가전,,[출처] 번개장터 | [분석모델] CR-0671V | [모델근거] text_code | [원문링크] https://m.bunjang.co.kr/products/416282336
밥솥,쿠쿠 밥솥,쿠쿠 CRP-HEX0701CT 전기압력밥솥 레드,거래완료,"32,000원",,2026-07-17,0,1,0,36.5℃,번개장터판매자,생활가전,,[출처] 번개장터 | [분석모델] CRP-HEX0701CT | [모델근거] text_code | [원문링크] https://m.bunjang.co.kr/products/420450570
밥솥,쿠쿠 밥솥,쿠쿠전자 압력밥솥 CRP-HUF10BS 사용감 아주 많음.,거래완료,"30,000원",,2026-07-16,0,0,0,36.5℃,번개장터판매자,생활가전,,[출처] 번개장터 | [분석모델] CRP-HUF10BS | [모델근거] text_code | [원문링크] https://m.bunjang.co.kr/products/420284007
밥솥,쿠쿠 밥솥,쿠쿠 마스터셰프 트윈프레셔 6인용 압력밥솥,거래완료,"150,000원",,2026-07-16,0,1,0,36.5℃,번개장터판매자,생활가전,,[출처] 번개장터 | [분석모델] 트윈프레셔_6인용 | [모델근거] text_variant | [원문링크] https://m.bunjang.co.kr/products/420218337
밥솥,쿠쿠 밥솥,쿠쿠 2~3인용 전기밥솥 실버,거래완료,"120,000원",,2026-07-16,0,11,0,36.5℃,번개장터판매자,생활가전,,[출처] 번개장터 | [분석모델] 전기보온밥솥_3인용 | [모델근거] text_variant | [원문링크] https://m.bunjang.co.kr/products/414287993
밥솥,쿠쿠 밥솥,쿠쿠전자 CUCKOO ih 6인용 전기압력밥솥 새제품 박스없어요,거래완료,"90,000원",,2026-07-15,0,0,0,36.5℃,번개장터판매자,생활가전,,[출처] 번개장터 | [분석모델] 전기압력밥솥_6인용 | [모델근거] text_variant | [원문링크] https://m.bunjang.co.kr/products/420056711
밥솥,쿠쿠 밥솥,쿠쿠 6인용 V라인 IH밥솥 HPXG0611FV,거래완료,"25,000원",,2026-07-14,0,0,0,36.5℃,번개장터판매자,생활가전,,"[출처] 번개장터 | [분석모델] 제품군 공통 | [모델근거] product_group | [원문설명] 쿠쿠 6인용 V라인 IH밥솥 HPXG0611FV입니다. 깨끗하게 관리 잘된 상태입니다. 내솥은 사용감 조금 있지만, 큰 흠집 없습니다. 패킹은 새로 교체했습니다. | [원문링크] https://m.bunjang.co.kr/products/413541901"
밥솥,쿠쿠 밥솥,쿠쿠 전기 압력밥솥 10인용 깨끗해요,거래완료,"22,000원",,2026-07-14,0,1,0,36.5℃,번개장터판매자,생활가전,,[출처] 번개장터 | [분석모델] 전기압력밥솥_10인용 | [모델근거] text_variant | [원문링크] https://m.bunjang.co.kr/products/419767744
밥솥,쿠쿠 밥솥,쿠쿠 IH 전기압력밥솥 10인용,거래완료,"120,000원",성주동,2026-07-13,0,0,0,36.5℃,번개장터판매자,생활가전,경상남도 창원시 성산구 성주동,[출처] 번개장터 | [분석모델] IH압력밥솥_10인용 | [모델근거] text_variant | [원문링크] https://m.bunjang.co.kr/products/419592710
밥솥,쿠쿠 밥솥,쿠쿠 IH 압력밥솥 10인용,거래완료,"43,000원",학하동,2026-07-12,0,1,0,36.5℃,번개장터판매자,생활가전,대전광역시 유성구 학하동,[출처] 번개장터 | [분석모델] IH압력밥솥_10인용 | [모델근거] text_variant | [원문링크] https://m.bunjang.co.kr/products/417251168
밥솥,쿠쿠 밥솥,쿠쿠 스마트 IH 10인용 밥솥,거래완료,"55,000원",,2026-07-11,0,1,0,36.5℃,번개장터판매자,생활가전,,[출처] 번개장터 | [분석모델] 제품군 공통 | [모델근거] product_group | [원문설명] 쿠쿠 스마트 IH 10인용 밥솥입니다 내솥과 본체 모두 깔끔하게 관리되어 있어요 맛있는 밥을 지어줄 똑똑한 밥솥을 만나보세요 가족 모두가 만족할 밥맛을 선사할 거예요. 패킹도 새것으로.교체 했습니다. 에눌은 정중히 사절하겠습니다. | [원문링크] https://m.bunjang.co.kr/products/418546912
밥솥,쿠쿠 밥솥,쿠쿠 IH 압력 압력밥솥고장,거래완료,"15,000원",,2026-07-10,0,0,0,36.5℃,번개장터판매자,생활가전,,[출처] 번개장터 | [분석모델] IH압력밥솥 | [모델근거] text_variant | [원문링크] https://m.bunjang.co.kr/products/419061313
밥솥,쿠쿠 밥솥,[오픈박스] 쿠쿠 CRP-HUF10BS 전기압력밥솥 / 무료배송,거래완료,"120,000원",,2026-07-09,0,4,0,36.5℃,번개장터판매자,생활가전,,[출처] 번개장터 | [분석모델] CRP-HUF10BS | [모델근거] text_code | [원문링크] https://m.bunjang.co.kr/products/418872284
밥솥,쿠쿠 밥솥,쿠쿠 3인용 IH밥솥 HQXT0311FG,거래완료,"75,000원",,2026-07-08,0,2,0,36.5℃,번개장터판매자,생활가전,,"[출처] 번개장터 | [분석모델] CRP-HQXT0311FG | [모델근거] detail_text_code | [원문설명] 쿠쿠 3인용 IH 밥솥 HQXT0311FG 모델입니다. 밥맛은 물론이고 디자인까지 예쁜 밥솥입니다. IH 방식이라 밥이 더 맛있게 되는 장점이 있습니다. 내솥상태 좋습니다. 패킹은 새로 교체한 상태입니다. 전제적으로 잘 관리되고,컨디션 좋습니다. 사진 봐 주세요. 쿠쿠전자 CRP-HQXT0311FG /IH압력밥솥/3인용/ 블랙코팅/분리형커버/ 음성안내/자동세척/ 소비전력:824W/무게:4.1kg/ 크기:33.7cm x 23.8cm x 21.6cm | [원문링크] https://m.bunjang.co.kr/products/414302154"
밥솥,쿠쿠 밥솥,쿠쿠 압력 밥솥 6인용 전기밥솥 양천구,거래완료,"30,000원",신월4동,2026-07-07,0,3,0,36.5℃,번개장터판매자,생활가전,서울특별시 양천구 신월4동,[출처] 번개장터 | [분석모델] 전기압력밥솥_6인용 | [모델근거] text_variant | [원문링크] https://m.bunjang.co.kr/products/416892952
밥솥,쿠쿠 밥솥,쿠쿠 6인용 압력밥솥 JHR0620FD (SMART IH압력),거래완료,"90,000원",,2026-07-06,0,0,0,36.5℃,번개장터판매자,생활가전,,[출처] 번개장터 | [분석모델] JHR0620FD | [모델근거] text_code | [원문링크] https://m.bunjang.co.kr/products/418377082
밥솥,쿠쿠 밥솥,쿠쿠 IH 압력 밥솥 HZXB0660FR 레드 블랙,거래완료,"55,000원",,2026-07-06,0,0,0,36.5℃,번개장터판매자,생활가전,,[출처] 번개장터 | [분석모델] IH압력밥솥 | [모델근거] text_variant | [원문링크] https://m.bunjang.co.kr/products/418280607
밥솥,쿠쿠 밥솥,쿠쿠6인용 전기밥솥,거래완료,"32,000원",호평동,2026-07-06,0,0,0,36.5℃,번개장터판매자,생활가전,경기도 남양주시 호평동,[출처] 번개장터 | [분석모델] 전기보온밥솥_6인용 | [모델근거] text_variant | [원문링크] https://m.bunjang.co.kr/products/418258627
밥솥,쿠쿠 밥솥,[10회미만사용] 쿠쿠 CRP-N0680SSM 6인용 전기압력밥솥,거래완료,"70,000원",,2026-07-06,0,3,0,36.5℃,번개장터판매자,생활가전,,[출처] 번개장터 | [분석모델] CRP-N0680SSM | [모델근거] text_code | [원문링크] https://m.bunjang.co.kr/products/417714119
밥솥,쿠쿠 밥솥,"[DDB하남,A급] 쿠쿠 전기보온밥솥 30인용 CR-3055B",거래완료,"77,000원",,2026-07-05,0,2,0,36.5℃,번개장터판매자,생활가전,,[출처] 번개장터 | [분석모델] CR-3055B | [모델근거] text_code | [원문링크] https://m.bunjang.co.kr/products/418156564
밥솥,쿠쿠 밥솥,쿠쿠 6인용 메탈릭 IH밥솥/DHB0660FE,거래완료,"54,000원",,2026-07-05,0,8,0,36.5℃,번개장터판매자,생활가전,,[출처] 번개장터 | [분석모델] DHB0660FE | [모델근거] text_code | [원문링크] https://m.bunjang.co.kr/products/385076037
밥솥,쿠쿠 밥솥,쿠쿠 3인용 IH압력밥솥 HQXT0313FO,거래완료,"43,000원",,2026-07-05,0,3,0,36.5℃,번개장터판매자,생활가전,,[출처] 번개장터 | [분석모델] IH압력밥솥_3인용 | [모델근거] text_variant | [원문링크] https://m.bunjang.co.kr/products/414300104
밥솥,쿠쿠 밥솥,쿠쿠 전기 압력밥솥 6인용 음성기능 자동새척 깨끗해요,거래완료,"33,000원",,2026-07-04,0,1,0,36.5℃,번개장터판매자,생활가전,,[출처] 번개장터 | [분석모델] 전기압력밥솥_6인용 | [모델근거] text_variant | [원문링크] https://m.bunjang.co.kr/products/417818806
밥솥,쿠쿠 밥솥,쿠쿠 전기 압력밥솥 6인용 음성기능 자동새척 깨끗해요,거래완료,"33,000원",,2026-07-04,0,0,0,36.5℃,번개장터판매자,생활가전,,[출처] 번개장터 | [분석모델] 전기압력밥솥_6인용 | [모델근거] text_variant | [원문링크] https://m.bunjang.co.kr/products/417400988
밥솥,쿠쿠 밥솥,미개봉)쿠쿠 사일런스 오브제 밥솥 OHTR1010FWM,거래완료,"380,000원",,2026-07-03,0,8,0,36.5℃,번개장터판매자,생활가전,,"[출처] 번개장터 | [분석모델] CRP-OHTR1010FWM | [모델근거] detail_text_code | [원문설명] 미개봉 쿠쿠 사일런스 오브제 밥솥 CRP-OHTR1010FWM 모델입니다. 10인용 IH압력밥솥이며, 색상은 Grace White입니다. !!우체국택배 무료배송!! 문의 없으시면 바로 결제해주시면 됩니다! | [원문링크] https://m.bunjang.co.kr/products/378259893"
밥솥,쿠쿠 밥솥,쿠쿠 전기압력밥솥 10인용 CRP-QK1010BUG,거래완료,"100,000원",,2026-07-02,0,0,0,36.5℃,번개장터판매자,생활가전,,[출처] 번개장터 | [분석모델] CRP-QK1010BUG | [모델근거] text_code | [원문링크] https://m.bunjang.co.kr/products/417446848
밥솥,쿠쿠 밥솥,쿠쿠 트윈프레셔 6인용 밥솥 DHXB0610FS,거래완료,"80,000원",,2026-07-01,0,3,0,36.5℃,번개장터판매자,생활가전,,[출처] 번개장터 | [분석모델] 트윈프레셔_6인용 | [모델근거] text_variant | [원문링크] https://m.bunjang.co.kr/products/407530750
밥솥,쿠쿠 밥솥,[1등급] 상태좋은 쿠쿠 CRP-P107FD 10인용 압력밥솥,거래완료,"70,000원",,2026-06-29,0,0,0,36.5℃,번개장터판매자,생활가전,,[출처] 번개장터 | [분석모델] CRP-P107FD | [모델근거] text_code | [원문링크] https://m.bunjang.co.kr/products/416967469
밥솥,쿠쿠 밥솥,쿠쿠10인용 압력밥솥(다용도 후라이팬 덤),거래완료,"59,000원",호평동,2026-06-29,0,0,0,36.5℃,번개장터판매자,생활가전,경기도 남양주시 호평동,[출처] 번개장터 | [분석모델] 전기압력밥솥_10인용 | [모델근거] text_variant | [원문링크] https://m.bunjang.co.kr/products/416945789
밥솥,쿠쿠 밥솥,쿠쿠 30인용 전기보온밥솥,거래완료,"70,000원",,2026-06-29,0,1,0,36.5℃,번개장터판매자,생활가전,,[출처] 번개장터 | [분석모델] 전기보온밥솥_30인용 | [모델근거] text_variant | [원문링크] https://m.bunjang.co.kr/products/416883820
밥솥,쿠쿠 밥솥,쿠쿠 압력밥솥 6인용 HPF0660SR,거래완료,"30,000원",,2026-06-29,0,0,0,36.5℃,번개장터판매자,생활가전,,[출처] 번개장터 | [분석모델] 전기압력밥솥_6인용 | [모델근거] text_variant | [원문링크] https://m.bunjang.co.kr/products/416852923
밥솥,쿠쿠 밥솥,쿠쿠 압력밥솥 10인용 (23년),거래완료,"70,000원",당진1동,2026-06-29,0,0,0,36.5℃,번개장터판매자,생활가전,충청남도 당진시 당진1동,[출처] 번개장터 | [분석모델] 전기압력밥솥_10인용 | [모델근거] text_variant | [원문링크] https://m.bunjang.co.kr/products/416746343
밥솥,쿠쿠 밥솥,쿠쿠 6인용 압력밥솥 CRP-ST0610FW,거래완료,"128,000원",,2026-06-27,0,1,0,36.5℃,번개장터판매자,생활가전,,[출처] 번개장터 | [분석모델] CRP-ST0610FW | [모델근거] text_code | [원문링크] https://m.bunjang.co.kr/products/411220950
밥솥,쿠쿠 밥솥,쿠쿠 6인용 에그 밥솥 CR-0675FW,거래완료,"30,000원",,2026-06-27,0,2,0,36.5℃,번개장터판매자,생활가전,,[출처] 번개장터 | [분석모델] CR-0675FW | [모델근거] text_code | [원문링크] https://m.bunjang.co.kr/products/383529169
밥솥,쿠쿠 밥솥,쿠쿠 IH 압력밥솥 6인용 DHASO69FW,거래완료,"100,000원",성사2동,2026-06-25,0,0,0,36.5℃,번개장터판매자,생활가전,경기도 고양시 덕양구 성사2동,[출처] 번개장터 | [분석모델] IH압력밥솥_6인용 | [모델근거] text_variant | [원문링크] https://m.bunjang.co.kr/products/416096336
밥솥,쿠쿠 밥솥,쿠쿠 CR-0375FW 밥솥,거래완료,"40,000원",효창동,2026-06-24,0,1,0,36.5℃,번개장터판매자,생활가전,서울특별시 용산구 효창동,[출처] 번개장터 | [분석모델] CR-0375FW | [모델근거] text_code | [원문링크] https://m.bunjang.co.kr/products/414076160
밥솥,쿠쿠 밥솥,쿠쿠  IH전기압력밥솥 6인용 저렴하게 구입하세요,거래완료,"40,000원",,2026-06-23,0,4,0,36.5℃,번개장터판매자,생활가전,,[출처] 번개장터 | [분석모델] IH압력밥솥_6인용 | [모델근거] text_variant | [원문링크] https://m.bunjang.co.kr/products/414503940
밥솥,쿠쿠 밥솥,쿠쿠전자 CRP-QS107FG 10인용 전기압력밥솥 중고 작동상태확인불가,거래완료,"20,000원",,2026-06-22,0,2,0,36.5℃,번개장터판매자,생활가전,,[출처] 번개장터 | [분석모델] CRP-QS107FG | [모델근거] text_code | [원문링크] https://m.bunjang.co.kr/products/404151882
밥솥,쿠쿠 밥솥,쿠쿠6인용압력밥솥,거래완료,"65,000원",,2026-06-22,0,0,0,36.5℃,번개장터판매자,생활가전,,[출처] 번개장터 | [분석모델] 전기압력밥솥_6인용 | [모델근거] text_variant | [원문링크] https://m.bunjang.co.kr/products/415515279
밥솥,쿠쿠 밥솥,쿠쿠 IH 압력밥솥 10인분,거래완료,"300,000원",구서제1동,2026-06-22,0,4,0,36.5℃,번개장터판매자,생활가전,부산광역시 금정구 구서제1동,[출처] 번개장터 | [분석모델] IH압력밥솥 | [모델근거] text_variant | [원문설명] 선물 받은건데 안써서 판매합니다 박스도 안뜯은 새상품입니다 연락주세요~ | [원문링크] https://m.bunjang.co.kr/products/413195990
밥솥,쿠쿠 밥솥,29 쿠쿠3인용 전기압력밥솥,거래완료,"80,000원",,2026-06-20,0,4,0,36.5℃,번개장터판매자,생활가전,,[출처] 번개장터 | [분석모델] 전기압력밥솥_3인용 | [모델근거] text_variant | [원문링크] https://m.bunjang.co.kr/products/415209453
밥솥,쿠쿠 밥솥,[새상품] 쿠쿠 CR-3055B 30인용 업소용 밥솥 / 무료배송,거래완료,"117,600원",,2026-06-19,0,2,0,36.5℃,번개장터판매자,생활가전,,[출처] 번개장터 | [분석모델] CR-3055B | [모델근거] text_code | [원문링크] https://m.bunjang.co.kr/products/414954528
밥솥,쿠쿠 밥솥,82   쿠쿠6인용 전기압력밥솥,거래완료,"90,000원",,2026-06-19,0,2,0,36.5℃,번개장터판매자,생활가전,,[출처] 번개장터 | [분석모델] 전기압력밥솥_6인용 | [모델근거] text_variant | [원문링크] https://m.bunjang.co.kr/products/412395628
밥솥,쿠쿠 밥솥,쿠쿠 밥솥 10인용 미사용,거래완료,"160,000원",역북동,2026-06-19,0,0,0,36.5℃,번개장터판매자,생활가전,경기도 용인시 처인구 역북동,[출처] 번개장터 | [분석모델] 제품군 공통 | [모델근거] product_group | [원문설명] 미사용 쿠쿠 10인용 밥솥입니다. 미시용 필요하신 분께 저렴하게 판매합니다. 밥솥 기능 이상 없이 정상 작동합니다. 구매 원하시면 바로 안전결제 해주시면 됩니다! | [원문링크] https://m.bunjang.co.kr/products/414843575
밥솥,쿠쿠 밥솥,쿠쿠 IH3인용압력밥솥,거래완료,"75,000원",,2026-06-18,0,1,0,36.5℃,번개장터판매자,생활가전,,[출처] 번개장터 | [분석모델] 전기압력밥솥_3인용 | [모델근거] text_variant | [원문링크] https://m.bunjang.co.kr/products/414826341
밥솥,쿠쿠 밥솥,쿠쿠 IH압력밥솥 6인용 HPR0660SE 레드 제조년월은 19년 12월,거래완료,"60,000원",,2026-06-18,0,0,0,36.5℃,번개장터판매자,생활가전,,[출처] 번개장터 | [분석모델] IH압력밥솥_6인용 | [모델근거] text_variant | [원문링크] https://m.bunjang.co.kr/products/414691894
밥솥,쿠쿠 밥솥,쿠쿠6인용 압력밥솥,거래완료,"109,000원",호평동,2026-06-17,0,0,0,36.5℃,번개장터판매자,생활가전,경기도 남양주시 호평동,[출처] 번개장터 | [분석모델] 전기압력밥솥_6인용 | [모델근거] text_variant | [원문링크] https://m.bunjang.co.kr/products/414631317
밥솥,쿠쿠 밥솥,쿠쿠 미니 3인용 전기밥솥 화이트(상태최상),거래완료,"35,000원",,2026-06-17,0,1,0,36.5℃,번개장터판매자,생활가전,,[출처] 번개장터 | [분석모델] 전기보온밥솥_3인용 | [모델근거] text_variant | [원문링크] https://m.bunjang.co.kr/products/414602783
밥솥,쿠쿠 밥솥,쿠쿠밥솥,거래완료,"35,000원",신갈동,2026-06-16,0,0,0,36.5℃,번개장터판매자,생활가전,경기도 용인시 기흥구 신갈동,[출처] 번개장터 | [분석모델] CRP-N0680SR | [모델근거] detail_text_code | [원문설명] CUCKOO 압력전기밥솥 CRP-N0680SR 판매합니다. 밥맛 좋기로 유명한 CUCKOO 제품입니다. 다양한 메뉴와 편리한 기능으로 맛있는 밥을 지어 드실 수 있습니다. 별도 문의 없으시면 바로 번개페이로 결제 부탁드려요! | [원문링크] https://m.bunjang.co.kr/products/414475040
밥솥,쿠쿠 밥솥,쿠쿠 전기압력밥솥 10인용 CRP-CHS108FS,거래완료,"35,000원",고한읍,2026-06-16,0,9,0,36.5℃,번개장터판매자,생활가전,강원특별자치도 정선군 고한읍,[출처] 번개장터 | [분석모델] CRP-CHS108FS | [모델근거] text_code | [원문링크] https://m.bunjang.co.kr/products/400422824
밥솥,쿠쿠 밥솥,쿠쿠 IH압력밥솥 고압.무압취사 1등급 음성가드 10인용 고급형,거래완료,"50,000원",오류동,2026-06-16,0,1,0,36.5℃,번개장터판매자,생활가전,대전광역시 중구 오류동,[출처] 번개장터 | [분석모델] IH압력밥솥_10인용 | [모델근거] text_variant | [원문링크] https://m.bunjang.co.kr/products/414416259
밥솥,쿠쿠 밥솥,51. 쿠쿠6인용 전기압력밥솥,거래완료,"90,000원",,2026-06-15,0,0,0,36.5℃,번개장터판매자,생활가전,,[출처] 번개장터 | [분석모델] 전기압력밥솥_6인용 | [모델근거] text_variant | [원문링크] https://m.bunjang.co.kr/products/414292819
밥솥,쿠쿠 밥솥,쿠쿠 전기밥솥6인용,거래완료,"50,000원",월성2동,2026-06-14,0,0,0,36.5℃,번개장터판매자,생활가전,대구광역시 달서구 월성2동,[출처] 번개장터 | [분석모델] 전기보온밥솥_6인용 | [모델근거] text_variant | [원문링크] https://m.bunjang.co.kr/products/414064139
밥솥,쿠쿠 밥솥,쿠쿠 전기 압력밥솥 6인용 음성기능 자동새척 깨끗해요,거래완료,"40,000원",,2026-06-12,0,1,0,36.5℃,번개장터판매자,생활가전,,[출처] 번개장터 | [분석모델] 전기압력밥솥_6인용 | [모델근거] text_variant | [원문링크] https://m.bunjang.co.kr/products/413695995
밥솥,쿠쿠 밥솥,쿠쿠 IH 압력밥솥 3인용,거래완료,"50,000원",용호제3동,2026-06-10,0,2,0,36.5℃,번개장터판매자,생활가전,부산광역시 남구 용호제3동,[출처] 번개장터 | [분석모델] IH압력밥솥_3인용 | [모델근거] text_variant | [원문링크] https://m.bunjang.co.kr/products/413180751
밥솥,쿠쿠 밥솥,"[DDB하남,A급]  쿠쿠 35인용 대용량 전기밥솥 어반그레이 CR-35",거래완료,"65,000원",,2026-06-10,0,0,0,36.5℃,번개장터판매자,생활가전,,[출처] 번개장터 | [분석모델] 전기보온밥솥_35인용 | [모델근거] text_variant | [원문링크] https://m.bunjang.co.kr/products/413467008
밥솥,쿠쿠 밥솥,유일농님쿠쿠 6인용 전기압력밥솥 CRP-P0620FDM 오픈박스,거래완료,"100,000원",,2026-06-10,0,0,0,36.5℃,번개장터판매자,생활가전,,[출처] 번개장터 | [분석모델] CRP-P0620FDM | [모델근거] text_code | [원문링크] https://m.bunjang.co.kr/products/413455960
밥솥,쿠쿠 밥솥,쿠쿠10인용 압력밥솥,거래완료,"53,000원",호평동,2026-06-09,0,1,0,36.5℃,번개장터판매자,생활가전,경기도 남양주시 호평동,[출처] 번개장터 | [분석모델] 전기압력밥솥_10인용 | [모델근거] text_variant | [원문링크] https://m.bunjang.co.kr/products/413284557
밥솥,쿠쿠 밥솥,쿠쿠 2인용 밥솥 핑크 CR-0215Mp,거래완료,"40,000원",구월1동,2026-06-08,0,0,0,36.5℃,번개장터판매자,생활가전,인천광역시 남동구 구월1동,[출처] 번개장터 | [분석모델] CR-0215MP | [모델근거] text_code | [원문링크] https://m.bunjang.co.kr/products/413168691
밥솥,쿠쿠 밥솥,쿠쿠 IH 밥솥  6인용 압력밥솥,거래완료,"35,000원",금광면,2026-06-07,0,0,0,36.5℃,번개장터판매자,생활가전,경기도 안성시 금광면,[출처] 번개장터 | [분석모델] 전기압력밥솥_6인용 | [모델근거] text_variant | [원문링크] https://m.bunjang.co.kr/products/412977627
밥솥,쿠쿠 밥솥,쿠쿠 IH 밥솥 DHB0660FDM,거래완료,"100,000원",전민동,2026-06-05,0,0,0,36.5℃,번개장터판매자,생활가전,대전광역시 유성구 전민동,[출처] 번개장터 | [분석모델] DHB0660FDM | [모델근거] text_code | [원문링크] https://m.bunjang.co.kr/products/412508976
밥솥,쿠쿠 밥솥,새상품) 쿠쿠 전기밥솥 팝니다,거래완료,"139,000원",,2026-06-04,0,1,0,36.5℃,번개장터판매자,생활가전,,[출처] 번개장터 | [분석모델] 전기보온밥솥 | [모델근거] text_variant | [원문링크] https://m.bunjang.co.kr/products/411829072
밥솥,쿠쿠 밥솥,쿠쿠 IH 압력밥솥 HPF0668SH 레드,거래완료,"25,000원",풍덕천1동,2026-06-04,0,2,0,36.5℃,번개장터판매자,생활가전,경기도 용인시 수지구 풍덕천1동,[출처] 번개장터 | [분석모델] IH압력밥솥 | [모델근거] text_variant | [원문링크] https://m.bunjang.co.kr/products/412248055
밥솥,쿠쿠 밥솥,쿠쿠 10인용 전기압력밥솥 P-QK1010BUG 어반그레이,거래완료,"122,000원",비전1동,2026-06-03,0,2,0,36.5℃,번개장터판매자,생활가전,경기도 평택시 비전1동,[출처] 번개장터 | [분석모델] 전기압력밥솥_10인용 | [모델근거] text_variant | [원문링크] https://m.bunjang.co.kr/products/412151264
밥솥,쿠쿠 밥솥,쿠쿠 전기압력밥솥 6인용 CRP-P0660FD,거래완료,"95,000원",비전1동,2026-06-03,0,1,0,36.5℃,번개장터판매자,생활가전,경기도 평택시 비전1동,[출처] 번개장터 | [분석모델] CRP-P0660FD | [모델근거] text_code | [원문링크] https://m.bunjang.co.kr/products/412143629
밥솥,쿠쿠 밥솥,쿠쿠 전기 압력밥솥 CRP-QK1010BUG 10인용,거래완료,"119,000원",비전1동,2026-06-03,0,1,0,36.5℃,번개장터판매자,생활가전,경기도 평택시 비전1동,[출처] 번개장터 | [분석모델] CRP-QK1010BUG | [모델근거] text_code | [원문링크] https://m.bunjang.co.kr/products/412140620
밥솥,쿠쿠 밥솥,쿠쿠 압력밥솥 6인용1등급 음성가드 퓰스텐레스,거래완료,"50,000원",오류동,2026-06-03,0,0,0,36.5℃,번개장터판매자,생활가전,대전광역시 중구 오류동,[출처] 번개장터 | [분석모델] 전기압력밥솥_6인용 | [모델근거] text_variant | [원문링크] https://m.bunjang.co.kr/products/410982082
밥솥,쿠쿠 밥솥,쿠쿠 IH 압력밥솥 10인용 블랙샤인,거래완료,"100,000원",,2026-06-03,0,1,0,36.5℃,번개장터판매자,생활가전,,[출처] 번개장터 | [분석모델] IH압력밥솥_10인용 | [모델근거] text_variant | [원문링크] https://m.bunjang.co.kr/products/412070618
밥솥,쿠쿠 밥솥,쿠쿠 21인용 전기보온밥솥 CR-2155B,거래완료,"40,000원",동삼제2동,2026-06-02,0,2,0,36.5℃,번개장터판매자,생활가전,부산광역시 영도구 동삼제2동,[출처] 번개장터 | [분석모델] CR-2155B | [모델근거] text_code | [원문링크] https://m.bunjang.co.kr/products/411892049
밥솥,쿠쿠 밥솥,쿠쿠 트윈프레셔 마스터셰프 IH 전기압력밥솥 10인용 CRP-LHTR10,거래완료,"180,000원",성주동,2026-06-01,0,0,0,36.5℃,번개장터판매자,생활가전,경상남도 창원시 성산구 성주동,[출처] 번개장터 | [분석모델] CRP-LHTR10 | [모델근거] text_code | [원문링크] https://m.bunjang.co.kr/products/411721878
밥솥,쿠쿠 밥솥,쿠쿠 6인용 압력밥솥 DHP0610FD,거래완료,"43,000원",,2026-05-29,0,0,0,36.5℃,번개장터판매자,생활가전,,[출처] 번개장터 | [분석모델] 전기압력밥솥_6인용 | [모델근거] text_variant | [원문링크] https://m.bunjang.co.kr/products/411024069
밥솥,쿠쿠 밥솥,쿠쿠 IH6인용압력밥솥,거래완료,"110,000원",,2026-05-26,0,1,0,36.5℃,번개장터판매자,생활가전,,[출처] 번개장터 | [분석모델] 전기압력밥솥_6인용 | [모델근거] text_variant | [원문링크] https://m.bunjang.co.kr/products/409580805
밥솥,쿠쿠 밥솥,"[DDB하남,A급] 쿠쿠 6인용 미니멀 심리스 전기밥솥 CR-0685GW",거래완료,"35,000원",,2026-05-20,0,4,0,36.5℃,번개장터판매자,생활가전,,[출처] 번개장터 | [분석모델] CR-0685GW | [모델근거] text_code | [원문링크] https://m.bunjang.co.kr/products/409102905
밥솥,쿠쿠 밥솥,쿠쿠밥솥,거래완료,"110,000원",원종2동,2026-05-02,0,0,0,36.5℃,번개장터판매자,생활가전,경기도 부천시 원종2동,[출처] 번개장터 | [분석모델] CRP-T03 | [모델근거] detail_text_code | [원문설명] 쿠쿠 3인용 미니 전기압력밥솥 CRP-T03 모델입니다. 밥 뿐만 아니라 다양한 요리도 가능한 다기능 제품입니다. 구매하고 박스만 열어봤는데 저는 더 큰걸로 구매할거 같아 팔게 됐습니다. 사용감 전혀없는 새 상품입니다. 추가 문의 없으시면 번개페이로 바로 구매 가능하세요! 교환환불 안됩니다. | [원문링크] https://m.bunjang.co.kr/products/405315949
밥솥,쿠쿠 밥솥,쿠쿠전기밥솥,거래완료,"30,000원",,2023-03-09,0,1,0,36.5℃,번개장터판매자,생활가전,,[출처] 번개장터 | [분석모델] 전기보온밥솥 | [모델근거] text_variant | [원문링크] https://m.bunjang.co.kr/products/217363611
청소기,다이슨 청소기,깨끗하게 세척한 다이슨 무선 청소기 V8(33분 연속동작),거래중,"132,000원",흥해읍,2026-08-27,0,0,0,36.5℃,번개장터판매자,생활가전,경상북도 포항시 북구 흥해읍,[출처] 번개장터 | [분석모델] V8 | [모델근거] text_variant | [원문링크] https://m.bunjang.co.kr/products/426159491
청소기,다이슨 청소기,깨끗하게 세척한 다이슨 무선 청소기 V11 풀세트(81분 연속동작),거래중,"275,000원",흥해읍,2026-08-27,0,3,0,36.5℃,번개장터판매자,생활가전,경상북도 포항시 북구 흥해읍,[출처] 번개장터 | [분석모델] V11 | [모델근거] text_variant | [원문링크] https://m.bunjang.co.kr/products/422375544
청소기,다이슨 청소기,깨끗하게 세척한 다이슨 V6[DC62] 무선 청소기(19분 연속동작),거래중,"72,000원",흥해읍,2026-08-27,0,0,0,36.5℃,번개장터판매자,생활가전,경상북도 포항시 북구 흥해읍,[출처] 번개장터 | [분석모델] V6 | [모델근거] text_variant | [원문링크] https://m.bunjang.co.kr/products/425394764
청소기,다이슨 청소기,깨끗하게 세척한 다이슨 V6 무선 청소기 본체(방전),거래중,"23,000원",흥해읍,2026-08-27,0,0,0,36.5℃,번개장터판매자,생활가전,경상북도 포항시 북구 흥해읍,[출처] 번개장터 | [분석모델] V6 | [모델근거] text_variant | [원문링크] https://m.bunjang.co.kr/products/423740451
청소기,다이슨 청소기,깨끗하게 세척한 다이슨 무선 청소기 V11 풀세트(73분 연속동작),거래중,"245,000원",흥해읍,2026-08-27,0,4,0,36.5℃,번개장터판매자,생활가전,경상북도 포항시 북구 흥해읍,[출처] 번개장터 | [분석모델] V11 | [모델근거] text_variant | [원문링크] https://m.bunjang.co.kr/products/421022138
청소기,다이슨 청소기,깨끗하게 세척한 다이슨 무선 청소기 V7(23분 연속동작),거래중,"82,000원",흥해읍,2026-08-27,0,1,0,36.5℃,번개장터판매자,생활가전,경상북도 포항시 북구 흥해읍,[출처] 번개장터 | [분석모델] V7 | [모델근거] text_variant | [원문링크] https://m.bunjang.co.kr/products/422280995
청소기,다이슨 청소기,깨끗하게 세척한 다이슨 무선 청소기 V10 롱버전 풀세트(90분 연속동작,거래중,"175,000원",,2026-08-27,0,5,0,36.5℃,번개장터판매자,생활가전,,[출처] 번개장터 | [분석모델] V10 | [모델근거] text_variant | [원문링크] https://m.bunjang.co.kr/products/415662219
청소기,다이슨 청소기,다이슨V10무선청소기,거래중,"217,000원",,2026-08-27,0,17,0,36.5℃,번개장터판매자,생활가전,,[출처] 번개장터 | [분석모델] V10 | [모델근거] text_variant | [원문링크] https://m.bunjang.co.kr/products/371736780
청소기,다이슨 청소기,다이슨V8무선청소기,거래중,"177,000원",,2026-08-27,0,13,0,36.5℃,번개장터판매자,생활가전,,[출처] 번개장터 | [분석모델] V8 | [모델근거] text_variant | [원문링크] https://m.bunjang.co.kr/products/394386629
청소기,다이슨 청소기,다이슨V11무선청소기,거래중,"255,000원",,2026-08-27,0,2,0,36.5℃,번개장터판매자,생활가전,,[출처] 번개장터 | [분석모델] V11 | [모델근거] text_variant | [원문링크] https://m.bunjang.co.kr/products/423851078
청소기,다이슨 청소기,깨끗하게 세척한 다이슨 무선 청소기 V8(33분 연속동작),거래중,"132,000원",,2026-08-27,0,0,0,36.5℃,번개장터판매자,생활가전,,[출처] 번개장터 | [분석모델] V8 | [모델근거] text_variant | [원문링크] https://m.bunjang.co.kr/products/426102007
청소기,다이슨 청소기,깨끗하게 세척한 다이슨 무선 청소기 V10 풀세트(51분 연속동작),거래중,"152,000원",흥해읍,2026-08-27,0,0,0,36.5℃,번개장터판매자,생활가전,경상북도 포항시 북구 흥해읍,[출처] 번개장터 | [분석모델] V10 | [모델근거] text_variant | [원문링크] https://m.bunjang.co.kr/products/426100156
청소기,다이슨 청소기,다이슨 사이클론 V10 Absolute 무선청소기,거래중,"229,000원",,2026-08-27,0,1,0,36.5℃,번개장터판매자,생활가전,,[출처] 번개장터 | [분석모델] V10 | [모델근거] text_variant | [원문링크] https://m.bunjang.co.kr/products/412906129
청소기,다이슨 청소기,다이슨 V7 무선 청소기 본체,거래중,"40,000원",덕천제1동,2026-08-27,0,0,0,36.5℃,번개장터판매자,생활가전,부산광역시 북구 덕천제1동,[출처] 번개장터 | [분석모델] V7 | [모델근거] text_variant | [원문링크] https://m.bunjang.co.kr/products/425594103
청소기,다이슨 청소기,다이슨 클린앤워시 하이진 물청소기팝니다.,거래중,"420,000원",미평동,2026-08-27,0,4,0,36.5℃,번개장터판매자,생활가전,전라남도 여수시 미평동,[출처] 번개장터 | [분석모델] 제품군 공통 | [모델근거] product_group | [원문설명] 사진에 구입가격일자나오구요 집바닥이랑맞지않아 판매합니다. 연락주세요 | [원문링크] https://m.bunjang.co.kr/products/393486171
청소기,다이슨 청소기,깨끗하게 세척한 다이슨 무선 청소기 V10 롱버전 풀세트(90분 연속동작,거래중,"179,000원",,2026-08-27,0,1,0,36.5℃,번개장터판매자,생활가전,,[출처] 번개장터 | [분석모델] V10 | [모델근거] text_variant | [원문링크] https://m.bunjang.co.kr/products/415853897
청소기,다이슨 청소기,다이슨 물걸레청소기,거래중,"450,000원",,2026-08-27,0,0,0,36.5℃,번개장터판매자,생활가전,,[출처] 번개장터 | [분석모델] 제품군 공통 | [모델근거] product_group | [원문설명] 다이슨 클린앤워시 하이진 물청소기(검색하시고 자세한 사양 확인해보세요) 구매한지 한달정도 되었고 몇번 사용하지 않아서 새상품이나 다름 없습니다. 추가로 롤러 하나더 드립니다. 받은그대로 박스로 보내드려요. | [원문링크] https://m.bunjang.co.kr/products/426086827
청소기,다이슨 청소기,캐스돈 다이슨 청소기놀이 68760(새상품),거래중,"30,000원",송내1동,2026-08-27,0,2,0,36.5℃,번개장터판매자,생활가전,경기도 부천시 소사구 송내1동,"[출처] 번개장터 | [분석모델] 제품군 공통 | [모델근거] product_group | [원문설명] 쿠팡 49,800원 판매중 사진만 찍고 바로 넣어둔 새것 (스티커도 다시 붙여놓음) 네고는 답 안하고 차단합니다 꼭 사실분만 채팅주세요 제 상점에 있는 다른 물품들중 묶음 구매하시면 개당 1천원씩 추가할인해 드리겠습니다 택배 또는 직거래 둘다 가능합니다 택배는 부피가 있는 편이라 왠만하면 직거래 권유합니다 직거래는 부천중동역푸르지오 1단지내 이마트24 편의점 앞에서 직거래합니다 | [원문링크] https://m.bunjang.co.kr/products/407860891"
청소기,다이슨 청소기,다이슨 무선청소기 v10 입니다,거래중,"200,000원",,2026-08-27,0,0,0,36.5℃,번개장터판매자,생활가전,,[출처] 번개장터 | [분석모델] V10 | [모델근거] text_variant | [원문링크] https://m.bunjang.co.kr/products/425642941
청소기,다이슨 청소기,다이슨 옴니 글라이드 SV19 무선 청소기,거래중,"120,000원",잠실3동,2026-08-27,0,0,0,36.5℃,번개장터판매자,생활가전,서울특별시 송파구 잠실3동,[출처] 번개장터 | [분석모델] OMNI_GLIDE | [모델근거] text_variant | [원문링크] https://m.bunjang.co.kr/products/426032646
청소기,다이슨 청소기,다이슨 무선청소기(배터리 새상품),거래중,"147,000원",호평동,2026-08-27,0,0,0,36.5℃,번개장터판매자,생활가전,경기도 남양주시 호평동,[출처] 번개장터 | [분석모델] 제품군 공통 | [모델근거] product_group | [원문설명] 다이슨 무선 청소기 상태깨끗 합니다 배터리 새상품 교체했습니다 먼지 흡입력 좋습니다 틈새 청소기부품 있습니다 먼지통 깨끗이 비우고 전체적으로 깨끗이 닦아놨습니다 안전결제후 선입금이나 예약금 먼저오시는분 위주로 거래합니다 찔러보기 안됩니다 반품환불불가 택배거래시 6900원 추가 택배거래시 가끔 비매너 이신분이 계셔서 방문택배 신청후 절대 취소불가이니 신중한 거래 바랍니다 꼭 하실분만 매너거래 원합니다 | [원문링크] https://m.bunjang.co.kr/products/425317894
청소기,다이슨 청소기,다이슨 V10 청소기 세트,거래중,"140,000원",신장2동,2026-08-26,0,4,0,36.5℃,번개장터판매자,생활가전,경기도 하남시 신장2동,[출처] 번개장터 | [분석모델] V10 | [모델근거] text_variant | [원문링크] https://m.bunjang.co.kr/products/410660758
청소기,다이슨 청소기,깨끗하게 세척한 다이슨 V6[DC62] 무선 청소기(21분 연속동작),거래중,"69,000원",흥해읍,2026-08-26,0,1,0,36.5℃,번개장터판매자,생활가전,경상북도 포항시 북구 흥해읍,[출처] 번개장터 | [분석모델] V6 | [모델근거] text_variant | [원문링크] https://m.bunjang.co.kr/products/425922424
청소기,다이슨 청소기,[dyson] 다이슨 무선청소기 v7 fluffy,거래중,"129,000원",,2026-08-26,0,2,0,36.5℃,번개장터판매자,생활가전,,[출처] 번개장터 | [분석모델] V7 | [모델근거] text_variant | [원문링크] https://m.bunjang.co.kr/products/375435002
청소기,다이슨 청소기,다이슨 무선청소기 sv09,거래중,"20,000원",,2026-08-26,0,1,0,36.5℃,번개장터판매자,생활가전,,[출처] 번개장터 | [분석모델] V6 | [모델근거] text_variant | [원문링크] https://m.bunjang.co.kr/products/425873062
청소기,다이슨 청소기,다이슨 DC74 V6 카본 파이버 무선 청소기,거래중,"55,000원",,2026-08-26,0,0,0,36.5℃,번개장터판매자,생활가전,,[출처] 번개장터 | [분석모델] V6 | [모델근거] text_variant | [원문링크] https://m.bunjang.co.kr/products/424925366
청소기,다이슨 청소기,다이슨 펜슬백 청소기 판매 3대 있음,거래중,"400,000원",,2026-08-26,0,1,0,36.5℃,번개장터판매자,생활가전,,[출처] 번개장터 | [분석모델] PENCILVAC | [모델근거] text_variant | [원문링크] https://m.bunjang.co.kr/products/425811984
청소기,다이슨 청소기,다이슨 펜슬백 플러피콘 2개,거래중,"400,000원",,2026-08-26,0,4,0,36.5℃,번개장터판매자,생활가전,,[출처] 번개장터 | [분석모델] PENCILVAC | [모델근거] text_variant | [원문링크] https://m.bunjang.co.kr/products/423132046
청소기,다이슨 청소기,[로봇청소기] 다이슨 스팟앤스크럽 Ai 로봇청소기 판매합니다.,거래중,"700,000원",등촌제1동,2026-08-26,0,0,0,36.5℃,번개장터판매자,생활가전,서울특별시 강서구 등촌제1동,"[출처] 번개장터 | [분석모델] SPOT_AND_SCRUB | [모델근거] text_variant | [원문설명] ■ 제품 정보 - 모델명 : 다이슨 스팟앤스크럽 Ai (144385-01 / RB05-A, 블랙+블루) - 무상 AS 기간 : 28년 2월까지 - 종류 : 올인원 로봇청소기 (흡입 + 물걸레) - 흡입력 : 18,000Pa - 물걸레 : 롤러형, 60℃ 온수 세척, 실시간 물걸레 세척, 물걸레확장암 - 스테이션 : 먼지비움, 걸레세척(온수), 걸레건조(온풍), 세제투입, 스테이션 자가청소, 자동급수, 자동충전 - 인식 : LDS+카메라 센서, 2D·3D 맵핑, AI 사물인식, 오염도 감지, 장애물 회피 - 주행 : 문턱넘기 2cm / 통과높이 11cm - 크기 : 청소기 373x110x370mm / 스테이션 440x508x455mm - 무게 : 6.6kg 찌든 때를 감지하면 해당 구간을 최대 15번 반복 청소하는 다이슨만의 방식이 적용된 모델입니다. 60℃ 온수로 물걸레를 세척하고 온풍으로 건조까지 해줘 걸레 냄새 걱정이 적습니다. 스테이션이 먼지비움·세제투입·자동급수까지 처리해 손이 거의 가지 않습니다. 총 청소 기록 약 7분으로 사용량이 매우 적으며, 무상 AS 기간이 28년 2월까지 남아있어 안심하고 사용 가능합니다. 밑판 상부에 스크래치가 있으나 사용에 지장이 없으며, 그 외 전체 상태 양호하고 전체 클리닝 작업 완료했습니다. 진공 청소 각 모드, 물걸레 청소 각 모드, 물걸레 세척 및 건조, 오수 배출, 어플 연결 및 와이파이 연결 모두 정상 작동 확인했습니다. 구성품과 제품 외관 상태는 사진 참고 부탁드립니다. 직거래 / 택배거래 가능합니다. **중고 특성상 단순변심으로 인한 반품 및 환불은 어려운 점 양해 부탁드립니다.** | [원문링크] https://m.bunjang.co.kr/products/425748599"
청소기,다이슨 청소기,다이슨 360 vis nav 로봇 청소기 304631-01,거래중,"400,000원",가산동,2026-08-26,0,0,0,36.5℃,번개장터판매자,생활가전,서울특별시 금천구 가산동,[출처] 번개장터 | [분석모델] 360_VIS_NAV | [모델근거] text_variant | [원문링크] https://m.bunjang.co.kr/products/425718644
청소기,다이슨 청소기,다이슨 V8 무선청소기 신형 SV25 새제품,거래중,"240,000원",원종1동,2026-08-26,0,2,0,36.5℃,번개장터판매자,생활가전,경기도 부천시 오정구 원종1동,[출처] 번개장터 | [분석모델] V8 | [모델근거] text_variant | [원문링크] https://m.bunjang.co.kr/products/425318220
청소기,다이슨 청소기,(청소시간 11분) 다이슨 스팟앤스크럽 Ai 로봇 청소기 144385-01,거래중,"500,000원",가산동,2026-08-26,0,1,0,36.5℃,번개장터판매자,생활가전,서울특별시 금천구 가산동,[출처] 번개장터 | [분석모델] SPOT_AND_SCRUB | [모델근거] text_variant | [원문링크] https://m.bunjang.co.kr/products/425634756
청소기,다이슨 청소기,깨끗하게 세척한 다이슨 무선 청소기 V11 풀세트(73분 연속동작),거래중,"245,000원",흥해읍,2026-08-26,0,1,0,36.5℃,번개장터판매자,생활가전,경상북도 포항시 북구 흥해읍,[출처] 번개장터 | [분석모델] V11 | [모델근거] text_variant | [원문링크] https://m.bunjang.co.kr/products/420812730
청소기,다이슨 청소기,깨끗하게 세척한 다이슨 V6 무선 청소기 본체(방전),거래중,"23,000원",흥해읍,2026-08-26,0,1,0,36.5℃,번개장터판매자,생활가전,경상북도 포항시 북구 흥해읍,[출처] 번개장터 | [분석모델] V6 | [모델근거] text_variant | [원문링크] https://m.bunjang.co.kr/products/423723056
청소기,다이슨 청소기,깨끗하게 세척한 다이슨 무선 청소기 V11 풀세트(81분 연속동작),거래중,"277,000원",,2026-08-26,0,1,0,36.5℃,번개장터판매자,생활가전,,[출처] 번개장터 | [분석모델] V11 | [모델근거] text_variant | [원문링크] https://m.bunjang.co.kr/products/422832100
청소기,다이슨 청소기,깨끗하게 세척한 다이슨 무선 청소기 V7(23분 연속동작),거래중,"82,000원",,2026-08-26,0,2,0,36.5℃,번개장터판매자,생활가전,,[출처] 번개장터 | [분석모델] V7 | [모델근거] text_variant | [원문링크] https://m.bunjang.co.kr/products/422374909
청소기,다이슨 청소기,다이슨 V10  무선 청소기 판매합니다.,거래중,"180,000원",,2026-08-26,0,7,0,36.5℃,번개장터판매자,생활가전,,[출처] 번개장터 | [분석모델] V10 | [모델근거] text_variant | [원문링크] https://m.bunjang.co.kr/products/424324302
청소기,다이슨 청소기,다이슨 V10  카본파이버 청소기 판매합니다.,거래중,"185,000원",,2026-08-26,0,10,0,36.5℃,번개장터판매자,생활가전,,[출처] 번개장터 | [분석모델] V10 | [모델근거] text_variant | [원문링크] https://m.bunjang.co.kr/products/406135410
청소기,다이슨 청소기,다이슨 무선청소기,거래중,"99,000원",호평동,2026-08-26,0,0,0,36.5℃,번개장터판매자,생활가전,경기도 남양주시 호평동,[출처] 번개장터 | [분석모델] 제품군 공통 | [모델근거] product_group | [원문링크] https://m.bunjang.co.kr/products/425610630
청소기,다이슨 청소기,다이슨 펜슬백 플러피콘 스틱청소기 판매합니다,거래중,"570,000원",화곡제1동,2026-08-26,0,5,0,36.5℃,번개장터판매자,생활가전,서울특별시 강서구 화곡제1동,[출처] 번개장터 | [분석모델] PENCILVAC | [모델근거] text_variant | [원문링크] https://m.bunjang.co.kr/products/388484036
청소기,다이슨 청소기,다이슨 무선청소기 봉 v11 v12,거래중,"10,000원",역삼2동,2026-08-25,0,0,0,36.5℃,번개장터판매자,생활가전,서울특별시 강남구 역삼2동,[출처] 번개장터 | [분석모델] V12 | [모델근거] text_variant | [원문링크] https://m.bunjang.co.kr/products/425032708
청소기,다이슨 청소기,다이슨 디지털 슬림 플러피 오리진 무선청소기,거래중,"220,000원",역삼2동,2026-08-25,0,2,0,36.5℃,번개장터판매자,생활가전,서울특별시 강남구 역삼2동,[출처] 번개장터 | [분석모델] DIGITAL_SLIM | [모델근거] text_variant | [원문링크] https://m.bunjang.co.kr/products/425160193
청소기,다이슨 청소기,다이슨 sv18 디지털슬림무선 청소기 퍼플,거래중,"200,000원",,2026-08-25,0,0,0,36.5℃,번개장터판매자,생활가전,,[출처] 번개장터 | [분석모델] DIGITAL_SLIM | [모델근거] text_variant | [원문링크] https://m.bunjang.co.kr/products/425588676
청소기,다이슨 청소기,[풀박스] 다이슨 스팟앤스크럽 Ai 로봇청소기 (블랙+블루 / 모델명: RB05-A),거래중,"700,000원",가산동,2026-08-25,0,1,0,36.5℃,번개장터판매자,생활가전,서울특별시 금천구 가산동,"[출처] 번개장터 | [분석모델] SPOT_AND_SCRUB | [모델근거] text_variant | [원문설명] 📌 거래 방식: 직거래 [서울 서남권] 또는 택배 거래 가능 (본품 박스 보유) 💡 제품 요약 및 특징 다이슨 최신 프리미엄 로봇청소기 (강력한 18,000Pa 흡입력 + 오염 부위 최대 15회 반복 청소 기능) 실시간 온수 세척 & 온풍 건조 스테이션 (자동 먼지 비움, 자동 급수, 세제 자동 투입) 롤러형 물걸레 & 물걸레 확장암 / 리프팅으로 구석구석 정밀 청소 및 카펫 오염 방지 LDS + AI 카메라 센서 탑재로 정밀한 장애물 인식 및 자율주행 앱 연동 및 소모품 수명 우수 (브러시/필터 잔여 수명 80~100% 최상급 상태) 🛠️ 제품 상태 및 작동 여부 구동 테스트: 전 기능(흡입, 물걸레, 온수 세척, 건조, 먼지 비움 등) 정상 작동 완료했습니다. 내부 클리닉 완료: 내부 세척 및 클리닉을 마친 상태입니다. 외관 및 소모품 상태: 실사용으로 인해 먼지통 및 필터에 약간의 오염/사용감은 존재합니다. 앱 기준 소모품 수명 상태 매우 양호합니다. 브러시바: 92% 사이드 브러시 / 로봇 청소기 필터: 84% 물청소 롤러 브러시: 80% 도킹 스테이션 필터: 100% 구성품: 본체, 올인원 스테이션, 본품 박스 완비 📐 상세 스펙 흡입력: 18,000Pa 주행/센서: LDS + 카메라 (AI 사물 인식), 문턱 넘기 2cm, 카펫 부스트 물걸레: 롤러형 물걸레, 확장암, 물걸레 리프팅, 실시간 물걸레 세척 스테이션: 자동 먼지 비움, 온수 세척, 온풍 건조, 세제 자동 투입, 자동 급수 및 충전 규격: 청소기 본체: 373 x 110 x 370 mm / 6.6kg 스테이션: 440 x 508 x 455 mm 📦 거래 안내 본품 박스가 있어 안전하게 포장하여 택배 거래 가능합니다. 직거래 시 [서울 서남권]에서 거래 가능합니다. 구매 의사 있으신 분은 편하게 채팅 주세요! | [원문링크] https://m.bunjang.co.kr/products/424440311"
청소기,다이슨 청소기,다이슨 V8 싸이클론 무선 청소기,거래중,"260,000원",,2026-08-25,0,0,0,36.5℃,번개장터판매자,생활가전,,[출처] 번개장터 | [분석모델] V8 | [모델근거] text_variant | [원문링크] https://m.bunjang.co.kr/products/423789778
청소기,다이슨 청소기,다이슨 무선 청소기 본체 v6,거래중,"22,000원",,2026-08-25,0,0,0,36.5℃,번개장터판매자,생활가전,,[출처] 번개장터 | [분석모델] V6 | [모델근거] text_variant | [원문링크] https://m.bunjang.co.kr/products/424585411
청소기,다이슨 청소기,다이슨 무선 청소기 본체 v6,거래중,"22,000원",,2026-08-25,0,0,0,36.5℃,번개장터판매자,생활가전,,[출처] 번개장터 | [분석모델] V6 | [모델근거] text_variant | [원문링크] https://m.bunjang.co.kr/products/424585816
청소기,다이슨 청소기,다이슨 V8 앱솔루트 무선청소기 + 각종툴 (세척완료),거래중,"138,000원",,2026-08-25,0,4,0,36.5℃,번개장터판매자,생활가전,,[출처] 번개장터 | [분석모델] V8 | [모델근거] text_variant | [원문링크] https://m.bunjang.co.kr/products/420218732
청소기,다이슨 청소기,다이슨 무선청소기 싸이클론 V10 레드,거래중,"200,000원",,2026-08-25,0,1,0,36.5℃,번개장터판매자,생활가전,,[출처] 번개장터 | [분석모델] V10 | [모델근거] text_variant | [원문링크] https://m.bunjang.co.kr/products/425498194
청소기,다이슨 청소기,(미개봉 새제품)다이슨 V12 디텍트 슬림 무선청소기,거래중,"590,000원",,2026-08-25,0,0,0,36.5℃,번개장터판매자,생활가전,,[출처] 번개장터 | [분석모델] V12_SLIM | [모델근거] text_variant | [원문링크] https://m.bunjang.co.kr/products/425492387
청소기,다이슨 청소기,다이슨 무선 청소기 V8 액세서리 포함,거래중,"67,000원",,2026-08-24,0,4,0,36.5℃,번개장터판매자,생활가전,,[출처] 번개장터 | [분석모델] V8 | [모델근거] text_variant | [원문링크] https://m.bunjang.co.kr/products/423746846
청소기,다이슨 청소기,다이슨 펜슬백 플러피콘 무선청소기 미개봉,거래중,"430,000원",고아읍,2026-08-24,0,0,0,36.5℃,번개장터판매자,생활가전,경상북도 구미시 고아읍,[출처] 번개장터 | [분석모델] PENCILVAC | [모델근거] text_variant | [원문링크] https://m.bunjang.co.kr/products/425412497
청소기,다이슨 청소기,다이슨 V6무선청소기,거래중,"50,000원",,2026-08-24,0,0,0,36.5℃,번개장터판매자,생활가전,,[출처] 번개장터 | [분석모델] V6 | [모델근거] text_variant | [원문링크] https://m.bunjang.co.kr/products/425395241
청소기,다이슨 청소기,다이슨청소기  v10 입니다,거래중,"200,000원",,2026-08-24,0,0,0,36.5℃,번개장터판매자,생활가전,,[출처] 번개장터 | [분석모델] V10 | [모델근거] text_variant | [원문링크] https://m.bunjang.co.kr/products/425143045
청소기,다이슨 청소기,다이슨 무선 청소기 본체 v6,거래중,"22,000원",,2026-08-23,0,1,0,36.5℃,번개장터판매자,생활가전,,[출처] 번개장터 | [분석모델] V6 | [모델근거] text_variant | [원문링크] https://m.bunjang.co.kr/products/424585014
청소기,다이슨 청소기,다이슨 정품 싸이클론 V10 무선청소기 미개봉 팝니다 ( 서울 ),거래중,"290,000원",청담동,2026-08-23,0,4,0,36.5℃,번개장터판매자,생활가전,서울특별시 강남구 청담동,[출처] 번개장터 | [분석모델] V10 | [모델근거] text_variant | [원문링크] https://m.bunjang.co.kr/products/421860360
청소기,다이슨 청소기,다이슨 v10 sv12 무선 청소기,거래중,"180,000원",성현동,2026-08-22,0,0,0,36.5℃,번개장터판매자,생활가전,서울특별시 관악구 성현동,[출처] 번개장터 | [분석모델] V12 | [모델근거] text_variant | [원문링크] https://m.bunjang.co.kr/products/407954876
청소기,다이슨 청소기,다이슨 sv09 무선 청소기,거래중,"80,000원",노량진제1동,2026-08-22,0,4,0,36.5℃,번개장터판매자,생활가전,서울특별시 동작구 노량진제1동,[출처] 번개장터 | [분석모델] V6 | [모델근거] text_variant | [원문링크] https://m.bunjang.co.kr/products/423510312
청소기,다이슨 청소기,특A급 다이슨v8 청소기 풀세트(새 배터리 교체),거래중,"138,000원",청학동,2026-08-22,0,16,0,36.5℃,번개장터판매자,생활가전,인천광역시 연수구 청학동,[출처] 번개장터 | [분석모델] V8 | [모델근거] text_variant | [원문링크] https://m.bunjang.co.kr/products/320468457
청소기,다이슨 청소기,다이슨 워시 G1 물청소 무선 청소기 보증기간 27년3월3일 미사용급,거래중,"380,000원",,2026-08-21,0,8,0,36.5℃,번개장터판매자,생활가전,,[출처] 번개장터 | [분석모델] WASH_G1 | [모델근거] text_variant | [원문링크] https://m.bunjang.co.kr/products/359979289
청소기,다이슨 청소기,다이슨 무선청소기 v10,거래중,"109,990원",,2026-08-21,0,2,0,36.5℃,번개장터판매자,생활가전,,[출처] 번개장터 | [분석모델] V10 | [모델근거] text_variant | [원문링크] https://m.bunjang.co.kr/products/423421423
청소기,다이슨 청소기,다이슨 V10 싸이클론 무선청소기,거래중,"124,000원",진영읍,2026-08-21,0,1,0,36.5℃,번개장터판매자,생활가전,경상남도 김해시 진영읍,[출처] 번개장터 | [분석모델] V10 | [모델근거] text_variant | [원문링크] https://m.bunjang.co.kr/products/425039571
청소기,다이슨 청소기,다이슨v8무선 청소기.  상태최상 소모품 올교환..,거래중,"190,000원",일산2동,2026-08-21,0,0,0,36.5℃,번개장터판매자,생활가전,경기도 고양시 일산서구 일산2동,[출처] 번개장터 | [분석모델] V8 | [모델근거] text_variant | [원문링크] https://m.bunjang.co.kr/products/424674025
청소기,다이슨 청소기,다이슨 360 Vis Nav 로봇청소기,거래중,"420,000원",,2026-08-21,0,0,0,36.5℃,번개장터판매자,생활가전,,[출처] 번개장터 | [분석모델] 360_VIS_NAV | [모델근거] text_variant | [원문링크] https://m.bunjang.co.kr/products/404381189
청소기,다이슨 청소기,다이슨 V10 카본파이버 무선 청소기 풀세트,거래중,"186,000원",진영읍,2026-08-21,0,2,0,36.5℃,번개장터판매자,생활가전,경상남도 김해시 진영읍,[출처] 번개장터 | [분석모델] V10 | [모델근거] text_variant | [원문링크] https://m.bunjang.co.kr/products/424081726
청소기,다이슨 청소기,다이슨 로봇청소기,거래중,"900,000원",,2026-08-20,0,2,0,36.5℃,번개장터판매자,생활가전,,[출처] 번개장터 | [분석모델] 제품군 공통 | [모델근거] product_group | [원문링크] https://m.bunjang.co.kr/products/424914773
청소기,다이슨 청소기,"다이슨 물걸레청소기 물걸레키트 무선청소기 V7, V8, V10, V11, V15 호환",거래중,"22,277원",,2026-08-20,0,0,0,36.5℃,번개장터판매자,생활가전,,[출처] 번개장터 | [분석모델] V15 | [모델근거] text_variant | [원문링크] https://m.bunjang.co.kr/products/424896702
청소기,다이슨 청소기,"[DDB하남,S급] 다이슨 360 vis nav 로봇 청소기 혼합색상 304631 로봇청소기",거래중,"350,000원",,2026-08-20,0,0,0,36.5℃,번개장터판매자,생활가전,,[출처] 번개장터 | [분석모델] 360_VIS_NAV | [모델근거] text_variant | [원문링크] https://m.bunjang.co.kr/products/424889426
청소기,다이슨 청소기,다이슨 무선청소기 키트,거래중,"14,250원",,2026-08-19,0,0,0,36.5℃,번개장터판매자,생활가전,,[출처] 번개장터 | [분석모델] 제품군 공통 | [모델근거] product_group | [원문설명] 다이슨 무선청소 다양한 툴 키트입니다. 좁은 틈새부터 넓은 바닥까지 청소가 용이하도록 구성되어 있습니다. 사용감 적고 깨끗한 상태 ☆☆ 반품 불가합니다. 구성품과 사용감 잘 확인하시고 구매 신중 부탁드릴게요 ☆ **택배 배송비는 선불 결제시에만 발송가능합니다 제주도 도서산간 추가요금 있습니다**. | [원문링크] https://m.bunjang.co.kr/products/420862569
청소기,다이슨 청소기,다이슨 v11무선청소기 팝니다,거래중,"250,000원",,2026-08-19,0,0,0,36.5℃,번개장터판매자,생활가전,,[출처] 번개장터 | [분석모델] V11 | [모델근거] text_variant | [원문링크] https://m.bunjang.co.kr/products/424328737
청소기,다이슨 청소기,다이슨 무선 청소기 V8,거래중,"79,000원",원당동,2026-08-17,0,3,0,36.5℃,번개장터판매자,생활가전,인천광역시 검단구 원당동,[출처] 번개장터 | [분석모델] V8 | [모델근거] text_variant | [원문링크] https://m.bunjang.co.kr/products/424621106
청소기,다이슨 청소기,다이슨 펜슬백 플러피콘 스틱청소기 미개봉,거래중,"440,000원",월성2동,2026-08-17,0,5,0,36.5℃,번개장터판매자,생활가전,대구광역시 달서구 월성2동,[출처] 번개장터 | [분석모델] PENCILVAC | [모델근거] text_variant | [원문링크] https://m.bunjang.co.kr/products/423246691
청소기,다이슨 청소기,[다이슨] 360 Vis Nav 로봇청소기 / 강력한 흡입력 + 360도,거래중,"350,000원",고척제2동,2026-08-17,0,3,0,36.5℃,번개장터판매자,생활가전,서울특별시 구로구 고척제2동,[출처] 번개장터 | [분석모델] 360_VIS_NAV | [모델근거] text_variant | [원문링크] https://m.bunjang.co.kr/products/406340084
청소기,다이슨 청소기,다이슨 무선청소기(침구청소기겸 쎄컨용 청소기 덤),거래중,"229,000원",호평동,2026-08-16,0,0,0,36.5℃,번개장터판매자,생활가전,경기도 남양주시 호평동,[출처] 번개장터 | [분석모델] 제품군 공통 | [모델근거] product_group | [원문설명] 다이슨 무선 청소기 셋트 상태깨끗 합니다 먼지 흡입력 좋습니다 한번 충전하면 오래 씁니다 먼지통 깨끗이 비우고 전체적으로 깨끗이 닦아놨습니다 거치대가 있어 충전이나 보관시 편합니다 거치대 튼튼합니다 침구청소기 필요하심 덤으로 드립니다 침대 패브릭쇼파 카페트 초미세먼지청소 탁월합니다 살균기능있습니다 아기나 애완동물 키우는집 면역력 약하신분 있는집 사용하기 좋아요 쎄컨용으로 바닥먼지 청소도 잘 됩니다 애완동물 털 강력흡입 안전결제후 먼저오시는분 위주로 거래합니다 찔러보기 안됩니다 반품환불불가 택배거래시 9900원추가 택배거래시 가끔 비매너 이신분이 계셔서 방문택배 신청후 절대 취소불가이니 신중한 거래 바랍니다 꼭 하실분만 매너거래 원합니다 | [원문링크] https://m.bunjang.co.kr/products/395463023
청소기,다이슨 청소기,다이슨 V8 플러피 청소기 (직거래) <북수원>,거래중,"96,000원",,2026-08-15,0,3,0,36.5℃,번개장터판매자,생활가전,,[출처] 번개장터 | [분석모델] V8 | [모델근거] text_variant | [원문링크] https://m.bunjang.co.kr/products/418566914
청소기,다이슨 청소기,다이슨 v8 무선청소기 새로 리필한 새배터리팩,거래중,"42,000원",,2026-08-15,0,2,0,36.5℃,번개장터판매자,생활가전,,[출처] 번개장터 | [분석모델] V8 | [모델근거] text_variant | [원문링크] https://m.bunjang.co.kr/products/424315367
청소기,다이슨 청소기,"[DDB하남,S급] 다이슨 360 Vis Nav 로봇청소기",거래중,"330,000원",,2026-08-15,0,4,0,36.5℃,번개장터판매자,생활가전,,[출처] 번개장터 | [분석모델] 360_VIS_NAV | [모델근거] text_variant | [원문링크] https://m.bunjang.co.kr/products/413205401
청소기,다이슨 청소기,다이슨청소기 디지털슬림본체 + 부속품 풀세트,거래중,"200,000원",,2026-08-15,0,1,0,36.5℃,번개장터판매자,생활가전,,[출처] 번개장터 | [분석모델] DIGITAL_SLIM | [모델근거] text_variant | [원문링크] https://m.bunjang.co.kr/products/393425408
청소기,다이슨 청소기,다이슨 Sv18무선 청소기 오렌지퍼플,거래중,"100,000원",,2026-08-15,0,15,0,36.5℃,번개장터판매자,생활가전,,[출처] 번개장터 | [분석모델] DIGITAL_SLIM | [모델근거] text_variant | [원문링크] https://m.bunjang.co.kr/products/420719103
청소기,다이슨 청소기,다이슨v8 무선 청소기,거래중,"50,000원",,2026-08-15,0,5,0,36.5℃,번개장터판매자,생활가전,,[출처] 번개장터 | [분석모델] V8 | [모델근거] text_variant | [원문링크] https://m.bunjang.co.kr/products/413818287
청소기,다이슨 청소기,다이슨 V8 무선 청소기 본체,거래중,"40,000원",덕천제1동,2026-08-14,0,1,0,36.5℃,번개장터판매자,생활가전,부산광역시 북구 덕천제1동,[출처] 번개장터 | [분석모델] V8 | [모델근거] text_variant | [원문링크] https://m.bunjang.co.kr/products/422028103
청소기,다이슨 청소기,다이슨 SV18 미개봉,거래중,"300,000원",목2동,2026-08-13,0,2,0,36.5℃,번개장터판매자,생활가전,서울특별시 양천구 목2동,[출처] 번개장터 | [분석모델] DIGITAL_SLIM | [모델근거] text_variant | [원문링크] https://m.bunjang.co.kr/products/417933230
청소기,다이슨 청소기,다이슨 펜슬팩 청소기 저렴허게 판매합니다,거래중,"430,000원",가좌동,2026-08-13,0,1,0,36.5℃,번개장터판매자,생활가전,경기도 고양시 일산서구 가좌동,[출처] 번개장터 | [분석모델] 제품군 공통 | [모델근거] product_group | [원문설명] 다이슨 펜슬팩 청소기 저렴하게 판매합니다. 펜슬이라는 이름처럼 가볍고 슬림한 디자인입니다. 청소기 본체와 부속품 모두 박스에 담겨 있습니다. 구매 원하시면 바로 안전결제 해주시면 됩니다! 구매후 환불 불가 | [원문링크] https://m.bunjang.co.kr/products/424089074
청소기,다이슨 청소기,다이슨 V8 플러피 무선청소기 레드,거래중,"128,000원",진영읍,2026-08-13,0,0,0,36.5℃,번개장터판매자,생활가전,경상남도 김해시 진영읍,[출처] 번개장터 | [분석모델] V8 | [모델근거] text_variant | [원문링크] https://m.bunjang.co.kr/products/424081467
청소기,다이슨 청소기,다이슨 무선청소기 v11앱솔루트,거래중,"250,000원",,2026-08-12,0,1,0,36.5℃,번개장터판매자,생활가전,,[출처] 번개장터 | [분석모델] V11 | [모델근거] text_variant | [원문링크] https://m.bunjang.co.kr/products/378126205
청소기,다이슨 청소기,미개봉 새상품 다이슨 스팟앤스크럽 Ai 로봇청소기,거래중,"820,000원",비전1동,2026-08-11,0,4,0,36.5℃,번개장터판매자,생활가전,경기도 평택시 비전1동,[출처] 번개장터 | [분석모델] SPOT_AND_SCRUB | [모델근거] text_variant | [원문링크] https://m.bunjang.co.kr/products/423867838
청소기,다이슨 청소기,dyson V6 다이슨 무선 청소기 5만원,예약중,"50,000원",성복동,2026-08-11,0,4,0,36.5℃,번개장터판매자,생활가전,경기도 용인시 수지구 성복동,[출처] 번개장터 | [분석모델] V6 | [모델근거] text_variant | [원문링크] https://m.bunjang.co.kr/products/419597501
청소기,다이슨 청소기,다이슨 sv18 디지털 슬림   무선청소기,거래중,"110,000원",,2026-08-10,0,0,0,36.5℃,번개장터판매자,생활가전,,[출처] 번개장터 | [분석모델] DIGITAL_SLIM | [모델근거] text_variant | [원문링크] https://m.bunjang.co.kr/products/423688987
청소기,다이슨 청소기,다이슨청소기 v8본체 싸게팝니다,거래중,"45,000원",,2026-08-10,0,6,0,36.5℃,번개장터판매자,생활가전,,[출처] 번개장터 | [분석모델] V8 | [모델근거] text_variant | [원문링크] https://m.bunjang.co.kr/products/350035333
청소기,다이슨 청소기,다이슨 청소기 .거의 풀구성품,예약중,"75,000원",자금동,2026-08-09,0,0,0,36.5℃,번개장터판매자,생활가전,경기도 의정부시 자금동,[출처] 번개장터 | [분석모델] V12_SLIM | [모델근거] detail_text_variant | [원문설명] 모델명 모르구요. ai가 밑에써준 모델명이랑 같은지 모릅니다. 다이슨 V12 슬림 컴플리트 무선청소기입니다 다양한 구성품과 함께 제공되어 집안 구석구석 깨끗하게 청소할 수 있어요 사진에서 보이는 모든 구성품 포함입니다 강력한 흡입력으로 먼지 하나 놓치지 않고 깔끔하게 청소할 수 있는 무선청소기입니다 작동잘되는편이구요. 충전만 마지막 사진처럼하시면됩니다. 직거래. 택배거래5000 중고특성상. 환불.취소 불가합니다. | [원문링크] https://m.bunjang.co.kr/products/423672894
청소기,다이슨 청소기,다이슨 펜슬백 청소기 미개봉 새상품판매합니다,거래중,"427,500원",온천제2동,2026-08-08,0,3,0,36.5℃,번개장터판매자,생활가전,부산광역시 동래구 온천제2동,[출처] 번개장터 | [분석모델] PENCILVAC | [모델근거] text_variant | [원문링크] https://m.bunjang.co.kr/products/423301351
청소기,다이슨 청소기,dyson SV09 무선 핸디 스틱 청소기 브러쉬 3개 거치대포함,거래중,"185,000원",복현2동,2026-08-08,0,0,0,36.5℃,번개장터판매자,생활가전,대구광역시 북구 복현2동,[출처] 번개장터 | [분석모델] V6 | [모델근거] text_variant | [원문링크] https://m.bunjang.co.kr/products/423512717
청소기,다이슨 청소기,다이슨 360 vis nav 로봇 청소기 혼합색상 304631-01-005,거래중,"340,000원",,2026-08-07,0,1,0,36.5℃,번개장터판매자,생활가전,,[출처] 번개장터 | [분석모델] 360_VIS_NAV | [모델근거] text_variant | [원문링크] https://m.bunjang.co.kr/products/422373181
청소기,다이슨 청소기,다이슨 펜슬백 플러피콘 무선 청소기,거래중,"500,000원",교현.안림동,2026-08-07,0,0,0,36.5℃,번개장터판매자,생활가전,충청북도 충주시 교현.안림동,[출처] 번개장터 | [분석모델] PENCILVAC | [모델근거] text_variant | [원문링크] https://m.bunjang.co.kr/products/423374429
청소기,다이슨 청소기,다이슨 워시 G1 무선 청소기,거래중,"170,000원",,2026-08-05,0,2,0,36.5℃,번개장터판매자,생활가전,,[출처] 번개장터 | [분석모델] WASH_G1 | [모델근거] text_variant | [원문링크] https://m.bunjang.co.kr/products/423149921
청소기,다이슨 청소기,다이슨 무선 청소기 V11,거래중,"250,000원",,2026-08-05,0,1,0,36.5℃,번개장터판매자,생활가전,,[출처] 번개장터 | [분석모델] V11 | [모델근거] text_variant | [원문링크] https://m.bunjang.co.kr/products/420814717
청소기,다이슨 청소기,(정품)다이슨v10 무선청소기 풀세트,거래중,"200,000원",,2026-08-05,0,4,0,36.5℃,번개장터판매자,생활가전,,[출처] 번개장터 | [분석모델] V10 | [모델근거] text_variant | [원문링크] https://m.bunjang.co.kr/products/395820121
청소기,다이슨 청소기,다이슨청소기 v8,거래중,"140,000원",,2026-08-05,0,7,0,36.5℃,번개장터판매자,생활가전,,[출처] 번개장터 | [분석모델] V8 | [모델근거] text_variant | [원문링크] https://m.bunjang.co.kr/products/393223534
청소기,다이슨 청소기,다이슨 V7 앱솔루트 무선 청소기 본체 및 풀키트,거래중,"75,000원",,2026-08-05,0,0,0,36.5℃,번개장터판매자,생활가전,,[출처] 번개장터 | [분석모델] V7 | [모델근거] text_variant | [원문링크] https://m.bunjang.co.kr/products/420860947
청소기,다이슨 청소기,다이슨펜슬백플러피콘청소기미개봉급처분,거래중,"500,000원",,2026-08-03,0,0,0,36.5℃,번개장터판매자,생활가전,,[출처] 번개장터 | [분석모델] PENCILVAC | [모델근거] text_variant | [원문링크] https://m.bunjang.co.kr/products/422917292
청소기,다이슨 청소기,"[DDB하남,S급] 다이슨 360 vis nav 로봇 청소기 혼합색상 304631-01",거래중,"350,000원",,2026-08-03,0,0,0,36.5℃,번개장터판매자,생활가전,,[출처] 번개장터 | [분석모델] 360_VIS_NAV | [모델근거] text_variant | [원문링크] https://m.bunjang.co.kr/products/421404445
청소기,다이슨 청소기,다이슨 cy18 강력 흡입 유선 청소기,거래중,"120,000원",성현동,2026-08-03,0,5,0,36.5℃,번개장터판매자,생활가전,서울특별시 관악구 성현동,[출처] 번개장터 | [분석모델] 제품군 공통 | [모델근거] product_group | [원문설명] 다이슨 cy18 강력 흡입 유선 청소기 해외 직구 제품으로 120v 변압기 필요합니다. 변압기 추가시 2만원 추가됩니다. 강력해서 청소 깨끗하게 할 수 있어요. 카펫 청소나 애완동물 키우실때 청소하기 좋아요. 일반 청소기보다 큰 사이즈에요. 가정용 업소용 모두 가능해요. 사진 구성이 다에요. 외관 상태 사진처럼 양호해요. 직거래 서울시 관악구 봉천동 구암고등학교 주차장 진입로에서 합니다. 택배시 배송비 7천원 추가 됩니다. 단 파손면책 동의하에만 접수 가능합니다. 채팅 문자나 전화주세요. | [원문링크] https://m.bunjang.co.kr/products/382904763
청소기,다이슨 청소기,다이슨 무선 청소기 V8,거래중,"45,000원",,2026-08-01,0,9,0,36.5℃,번개장터판매자,생활가전,,[출처] 번개장터 | [분석모델] V8 | [모델근거] text_variant | [원문링크] https://m.bunjang.co.kr/products/413817885
청소기,다이슨 청소기,다이슨v10 무선 청소기  3개 개당가격입니다,거래중,"100,000원",,2026-07-31,0,5,0,36.5℃,번개장터판매자,생활가전,,[출처] 번개장터 | [분석모델] V10 | [모델근거] text_variant | [원문링크] https://m.bunjang.co.kr/products/417365018
청소기,다이슨 청소기,다이슨 v6 무선 청소기,거래중,"50,000원",,2026-07-31,0,1,0,36.5℃,번개장터판매자,생활가전,,[출처] 번개장터 | [분석모델] V6 | [모델근거] text_variant | [원문링크] https://m.bunjang.co.kr/products/420087338
청소기,다이슨 청소기,다이슨 무선 청소기 V6,거래중,"30,000원",,2026-07-31,0,1,0,36.5℃,번개장터판매자,생활가전,,[출처] 번개장터 | [분석모델] V6 | [모델근거] text_variant | [원문링크] https://m.bunjang.co.kr/products/413818040
청소기,다이슨 청소기,다이슨 마이크로 무선청소기 풀박스 거의새것 판매,거래중,"320,000원",,2026-07-31,0,3,0,36.5℃,번개장터판매자,생활가전,,"[출처] 번개장터 | [분석모델] 제품군 공통 | [모델근거] product_group | [원문설명] 다이슨 마이크로 무선청소기 풀박스 구성 그대로 있어요 본체, 연장관, 플러피옵틱 클리너 헤드, 콤비툴, 틈새툴, 충전 거치대, 설명서까지 모두 포함되어 있답니다 가볍고 강력한 흡입력으로 집안 구석구석 깨끗하게 청소할 수 있어요 좁은 공간이나 차량 내부 청소에도 정말 유용하답니다 한두번 써본 거의새것입니다 | [원문링크] https://m.bunjang.co.kr/products/422494038"
청소기,다이슨 청소기,다이슨유선청소기,거래중,"140,000원",하안3동,2026-07-31,0,4,0,36.5℃,번개장터판매자,생활가전,경기도 광명시 하안3동,[출처] 번개장터 | [분석모델] 제품군 공통 | [모델근거] product_group | [원문설명] 다이슨 유선 청소기 판매합니다. 먼지통 비우기 편하고 흡입력 좋습니다. 사용감 약간 있지만 전체적으로 깨끗하게 관리했습니다. 구매 원하시면 바로 안전결제 해주시면 됩니다! 사놓고 많이안써서 아주잘됩니다 예전에 120에 산거랍니다 | [원문링크] https://m.bunjang.co.kr/products/422490616
청소기,다이슨 청소기,[청소기] 다이슨 싸이클론 스틱청소기 V8 226622-01,거래중,"220,000원",,2026-07-30,0,0,0,36.5℃,번개장터판매자,생활가전,,[출처] 번개장터 | [분석모델] V8 | [모델근거] text_variant | [원문링크] https://m.bunjang.co.kr/products/422410387
청소기,다이슨 청소기,다이슨 v7/v8용 청소기 전용 흡입스테이션,거래중,"261,000원",,2026-07-29,0,3,0,36.5℃,번개장터판매자,생활가전,,[출처] 번개장터 | [분석모델] V8 | [모델근거] text_variant | [원문설명] 큰 맘먹고 구매했는데 알고보니 모델이 달라서 설치 당시 한번만 가동해보고(설치 후 알게 되었어요 ㅠㅠ) 박스채 놔뒀습니다. 다이슨 청소기 v7/v8 모델에 사용가능하고 설치된 먼지봉투외에 새 봉투 하나 더 들어가있습니다. 청소기 먼지통 비울때 흡입기 설치해 끼우기만 하면 먼지가 싹 흡입됩니다. 이사 정리로 싸게 내놓습니다. 벽설치 실리콘 스티커도 손자국이 났지만 뒤 아래 모두 들어있어서 드라이기로 녹여서 붙이면 정상화 됩니다. 구매 결정 이후 반품 불가이고 직거래시 신설동 9번출구 가능합니다. | [원문링크] https://m.bunjang.co.kr/products/313543817
청소기,다이슨 청소기,다이슨청소기 V10용 충전스테이션과선,거래중,"22,000원",답십리제1동,2026-07-29,0,5,0,36.5℃,번개장터판매자,생활가전,서울특별시 동대문구 답십리제1동,[출처] 번개장터 | [분석모델] V10 | [모델근거] text_variant | [원문링크] https://m.bunjang.co.kr/products/412157376
청소기,다이슨 청소기,다이슨 V11 fluffy 무선청소기 풀세트,거래중,"260,000원",,2026-07-28,0,7,0,36.5℃,번개장터판매자,생활가전,,[출처] 번개장터 | [분석모델] V11 | [모델근거] text_variant | [원문링크] https://m.bunjang.co.kr/products/394087500
청소기,다이슨 청소기,다이슨 V11청소기,거래중,"300,000원",연수1동,2026-07-28,0,4,0,36.5℃,번개장터판매자,생활가전,인천광역시 연수구 연수1동,[출처] 번개장터 | [분석모델] V11 | [모델근거] text_variant | [원문링크] https://m.bunjang.co.kr/products/357162251
청소기,다이슨 청소기,다이슨 워시 G1 (Dyson Wash G1) 습식 청소기 / 정품 박스 포함,거래중,"444,000원",간석1동,2026-07-27,0,0,0,36.5℃,번개장터판매자,생활가전,인천광역시 남동구 간석1동,[출처] 번개장터 | [분석모델] WASH_G1 | [모델근거] text_variant | [원문링크] https://m.bunjang.co.kr/products/422087155
청소기,다이슨 청소기,[로봇청소기] 다이슨 360 Vis Nav 로봇청소기 강력흡입,거래중,"350,000원",,2026-07-27,0,1,0,36.5℃,번개장터판매자,생활가전,,[출처] 번개장터 | [분석모델] 360_VIS_NAV | [모델근거] text_variant | [원문링크] https://m.bunjang.co.kr/products/422019392
청소기,다이슨 청소기,다이슨 G1 물걸레 청소기 미개봉 새상품,거래중,"365,000원",여의동,2026-07-25,0,5,0,36.5℃,번개장터판매자,생활가전,서울특별시 영등포구 여의동,"[출처] 번개장터 | [분석모델] 제품군 공통 | [모델근거] product_group | [원문설명] 다이슨 G1 물걸레 청소기 미개봉 새상품입니다. 박스만 개봉한 완전 새 제품입니다. 물 분사량 조절 가능하고, 듀얼 회전 방식으로 꼼꼼하게 닦입니다. 문의 없으시면 바로 안전결제해주시면 됩니다! | [원문링크] https://m.bunjang.co.kr/products/409695272"
청소기,다이슨 청소기,다이슨 유선 청소기 저렴하게 드립니다~,예약중,"48,000원",오금동,2026-07-25,0,18,0,36.5℃,번개장터판매자,생활가전,서울특별시 송파구 오금동,[출처] 번개장터 | [분석모델] 제품군 공통 | [모델근거] product_group | [원문설명] 안녕하세요? 다이슨 유선 청소기 입니다~ 유선이라 파워가 정말 좋습니다 별도 구입한 거치대와 함께 드리겠습니다 구입후 거의 사용하지 않아서 이미지와 같이 정말 깨끗합니다^^~ 파손의 우려로 직거래가 좋을것 같습니다~ | [원문링크] https://m.bunjang.co.kr/products/410133773
청소기,다이슨 청소기,다이슨 스팟앤스크럽 Ai 로봇 청소기 블랙+블루,거래중,"750,000원",,2026-07-24,0,3,0,36.5℃,번개장터판매자,생활가전,,"[출처] 번개장터 | [분석모델] SPOT_AND_SCRUB | [모델근거] text_variant | [원문설명] 다이슨 스팟앤스크럽 Ai 로봇 청소기 블랙+블루 색상입니다. 생활가전 카테고리에서 인기있는 모델이며, 사진과 같이 구성품 모두 포함되어 있습니다. 깔끔하게 사용한 제품입니다. 구매 원하시면 바로 안전결제 해주시면 됩니다! 안전결제 택배거래 선호합니다. (직거래시는 예약금 필요합니다.) [제품 개요]2607131504 본 제품은 **다이슨 스팟앤스크럽 Ai 로봇 청소기**로, 흡입과 물걸레 청소를 함께 지원하는 로봇 청소기입니다. AI 기반 인식 기능과 자동 세척 및 건조 기능을 갖춘 생활가전입니다. [상세 사양] - 모델명: 스팟앤스크럽 Ai 로봇 청소기 - 색상: 블랙 + 블루 - 품번: 144385-01-005 - 품질보증기간: 2년 [제품 상태 평가] - 외관 상태: 거의 새것 같은 최상급 상태이며, 외관 검수 결과 문제없음입니다. - 작동 상태: 전원 기능, 앱 페어링 기능, 맵핑 기능, 진공청소 기능, 물걸레 기능, 스테이션 인식 기능, 먼지통 비우기 기능, 세척 및 건조 기능이 모두 정상입니다. - 특이사항: 어플상에서 누적 사용시간이 표시되지 않습니다. [포함 구성품] - 본체 - 스테이션 - 기본 구성품 일체 - 누락 없음으로 검수되었습니다. [거래 조건] - 희망가격: 1436400원 - 거래방식: 직거래 및 택배거래 가능, 안전거래 지원 - 문의사항이 있으시면 연락 부탁드립니다. | [원문링크] https://m.bunjang.co.kr/products/421757961"
청소기,다이슨 청소기,다이슨 청소기 액세서리 세트,거래중,"50,000원",,2026-07-24,0,0,0,36.5℃,번개장터판매자,생활가전,,[출처] 번개장터 | [분석모델] 제품군 공통 | [모델근거] product_group | [원문설명] 다이슨 청소기 액세서리 세트 판매합니다. 사진에 보이는 구성품 전부 보내드립니다. 상태는 사진으로 확인해주세요. 구매 원하시면 바로 안전결제 해주시면 됩니다! | [원문링크] https://m.bunjang.co.kr/products/421735649
청소기,다이슨 청소기,다이슨 청소기 디지털 슬림 본체,거래중,"180,000원",잠실6동,2026-07-22,0,1,0,36.5℃,번개장터판매자,생활가전,서울특별시 송파구 잠실6동,[출처] 번개장터 | [분석모델] DIGITAL_SLIM | [모델근거] text_variant | [원문링크] https://m.bunjang.co.kr/products/421508029
청소기,다이슨 청소기,다이슨 워시 G1 물걸레청소기,거래중,"320,000원",월성1동,2026-07-16,0,0,0,36.5℃,번개장터판매자,생활가전,대구광역시 달서구 월성1동,[출처] 번개장터 | [분석모델] WASH_G1 | [모델근거] text_variant | [원문링크] https://m.bunjang.co.kr/products/420293881
청소기,다이슨 청소기,다이슨 v8무선 청소기 본체,거래중,"50,000원",,2026-07-15,0,3,0,36.5℃,번개장터판매자,생활가전,,[출처] 번개장터 | [분석모델] V8 | [모델근거] text_variant | [원문링크] https://m.bunjang.co.kr/products/417261453
청소기,다이슨 청소기,[새상품] 다이슨 빅볼 청소기 / 무료배송,거래중,"485,100원",,2026-07-15,0,1,0,36.5℃,번개장터판매자,생활가전,,[출처] 번개장터 | [분석모델] BIG_BALL | [모델근거] text_variant | [원문링크] https://m.bunjang.co.kr/products/419972173
청소기,다이슨 청소기,다이슨 V15 오리진 플러피 무선 청소기 미개봉 새상품,거래중,"400,000원",,2026-07-14,0,3,0,36.5℃,번개장터판매자,생활가전,,[출처] 번개장터 | [분석모델] V15 | [모델근거] text_variant | [원문링크] https://m.bunjang.co.kr/products/419823159
청소기,다이슨 청소기,[다이슨] 디지털 슬림 무선 청소기 SV-18 / 1.9kg 초경량,거래중,"200,000원",,2026-07-13,0,1,0,36.5℃,번개장터판매자,생활가전,,[출처] 번개장터 | [분석모델] DIGITAL_SLIM | [모델근거] text_variant | [원문링크] https://m.bunjang.co.kr/products/419682367
청소기,다이슨 청소기,"다이슨청소기 V8 ,26년 새제품",거래중,"249,000원",오륜동,2026-07-12,0,5,0,36.5℃,번개장터판매자,생활가전,서울특별시 송파구 오륜동,[출처] 번개장터 | [분석모델] V8 | [모델근거] text_variant | [원문링크] https://m.bunjang.co.kr/products/419518472
청소기,다이슨 청소기,다이슨 v10 (sv12) 무선 청소기,거래중,"125,000원",성현동,2026-07-03,0,5,0,36.5℃,번개장터판매자,생활가전,서울특별시 관악구 성현동,[출처] 번개장터 | [분석모델] V12 | [모델근거] text_variant | [원문링크] https://m.bunjang.co.kr/products/318019964
청소기,다이슨 청소기,다이슨 v8 26년 신상 무선청소기 미개봉 새제품,거래중,"250,000원",,2026-07-01,0,9,0,36.5℃,번개장터판매자,생활가전,,[출처] 번개장터 | [분석모델] V8 | [모델근거] text_variant | [원문링크] https://m.bunjang.co.kr/products/417233985
청소기,다이슨 청소기,[미개봉 새상품]다이슨 무선청소기 V12 디텍트 슬림 골드,거래중,"600,000원",,2026-07-01,0,10,0,36.5℃,번개장터판매자,생활가전,,[출처] 번개장터 | [분석모델] V12_SLIM | [모델근거] text_variant | [원문링크] https://m.bunjang.co.kr/products/417217717
청소기,다이슨 청소기,Dyson v11 다이슨 무선청소기 본체(고장),예약중,"50,000원",성복동,2026-06-30,0,0,0,36.5℃,번개장터판매자,생활가전,경기도 용인시 수지구 성복동,[출처] 번개장터 | [분석모델] V11 | [모델근거] text_variant | [원문링크] https://m.bunjang.co.kr/products/417120516
청소기,다이슨 청소기,dyson V6 다이슨 무선청소기,예약중,"60,000원",성복동,2026-06-30,0,1,0,36.5℃,번개장터판매자,생활가전,경기도 용인시 수지구 성복동,[출처] 번개장터 | [분석모델] V6 | [모델근거] text_variant | [원문링크] https://m.bunjang.co.kr/products/415639434
청소기,다이슨 청소기,다이슨 V8 무선청소기,예약중,"50,000원",이촌제1동,2026-06-29,0,0,0,36.5℃,번개장터판매자,생활가전,서울특별시 용산구 이촌제1동,[출처] 번개장터 | [분석모델] V8 | [모델근거] text_variant | [원문링크] https://m.bunjang.co.kr/products/416857983
청소기,다이슨 청소기,(정품) (DYSON) 다이슨 V6 무선 청소기,예약중,"25,000원",,2026-06-22,0,0,0,36.5℃,번개장터판매자,생활가전,,[출처] 번개장터 | [분석모델] V6 | [모델근거] text_variant | [원문링크] https://m.bunjang.co.kr/products/415483700
청소기,다이슨 청소기,다이슨 스팟앤스크럽 Ai 로봇청소기 블랙 단품,거래중,"999,000원",,2026-06-21,0,0,0,36.5℃,번개장터판매자,생활가전,,[출처] 번개장터 | [분석모델] SPOT_AND_SCRUB | [모델근거] text_variant | [원문설명] 미개봉 상품입니다. 친구한테 선물 받았는데 이미 저희 집에 로봇 청소기가 있어서 아쉽게 됐지만 판매합니다ㅜ 싸게 올렸으니 빨리 가져가십쇼!! | [원문링크] https://m.bunjang.co.kr/products/415381624
청소기,다이슨 청소기,다이슨청소기 V8,거래중,"150,000원",일직동,2026-06-20,0,9,0,36.5℃,번개장터판매자,생활가전,경기도 광명시 일직동,[출처] 번개장터 | [분석모델] V8 | [모델근거] text_variant | [원문링크] https://m.bunjang.co.kr/products/257763234
청소기,다이슨 청소기,[정가90만원]다이슨 워시 G1 무선 물걸레 청소기,거래중,"340,000원",,2026-06-19,0,1,0,36.5℃,번개장터판매자,생활가전,,[출처] 번개장터 | [분석모델] WASH_G1 | [모델근거] text_variant | [원문링크] https://m.bunjang.co.kr/products/414857707
청소기,다이슨 청소기,(DYSON) 다이슨 V10 무선 청소기,예약중,"100,000원",,2026-06-17,0,3,0,36.5℃,번개장터판매자,생활가전,,[출처] 번개장터 | [분석모델] V10 | [모델근거] text_variant | [원문링크] https://m.bunjang.co.kr/products/414576606
청소기,다이슨 청소기,다이슨 청소기 흡입구 툴 세트입니다,거래중,"15,000원",,2026-06-14,0,1,0,36.5℃,번개장터판매자,생활가전,,"[출처] 번개장터 | [분석모델] V11 | [모델근거] detail_text_variant | [원문설명] 다이슨 청소기 흡입구 툴 세트입니다. 사진에 보이는 구성품 모두 보내드립니다. 상태 좋습니다. 구매 원하시면 바로 안전결제 해주시면 됩니다! 상태양호합니다 부피작은건 반값택배 그외 일반택배가능합니다💓💗 다이슨 무선 청소기 V6, V7, V8, V10, V11 및 유선 모델 일부와 호환됩니다 | [원문링크] https://m.bunjang.co.kr/products/412481649"
청소기,다이슨 청소기,다이슨 청소기 v12s 서브마린 컴플리트 미개봉 새제품,거래중,"800,000원",신흥동,2026-06-12,0,1,0,36.5℃,번개장터판매자,생활가전,인천광역시 중구 신흥동,[출처] 번개장터 | [분석모델] V12 | [모델근거] text_variant | [원문설명] 다이슨 V12s 서브마린 컴플리트 모델입니다. 진공 및 물청소 기능이 모두 가능한 제품입니다. 공홈 정가 110만원대이며 현재 할인중에 84만원입니다. 택배 박스도 안 뜯은 미개봉 새 제품입니다 ! 인천 지역 직거래 가능합니다 👌 | [원문링크] https://m.bunjang.co.kr/products/413778669
청소기,다이슨 청소기,(정품) (DYSON) 다이슨 V8 무선 청소기,예약중,"80,000원",,2026-06-12,0,1,0,36.5℃,번개장터판매자,생활가전,,[출처] 번개장터 | [분석모델] V8 | [모델근거] text_variant | [원문링크] https://m.bunjang.co.kr/products/413714150
청소기,다이슨 청소기,다이슨 360 vis nav 로봇청소기 304631-01 + 필터 972,거래중,"250,000원",동촌동,2026-06-11,0,1,0,36.5℃,번개장터판매자,생활가전,대구광역시 동구 동촌동,[출처] 번개장터 | [분석모델] 360_VIS_NAV | [모델근거] text_variant | [원문링크] https://m.bunjang.co.kr/products/413541229
청소기,다이슨 청소기,다이슨청소기,거래중,"200,000원",,2026-06-10,0,1,0,36.5℃,번개장터판매자,생활가전,,[출처] 번개장터 | [분석모델] 제품군 공통 | [모델근거] product_group | [원문설명] 구성은 사진 참고해주세요! 긴거는 고장나서 없고 짧게만 사용 가능합니다 :) | [원문링크] https://m.bunjang.co.kr/products/311645881
청소기,다이슨 청소기,다이슨 V8 슬림형 청소기 레드,예약중,"52,000원",개봉제1동,2026-06-08,0,0,0,36.5℃,번개장터판매자,생활가전,서울특별시 구로구 개봉제1동,[출처] 번개장터 | [분석모델] V8 | [모델근거] text_variant | [원문링크] https://m.bunjang.co.kr/products/413082786
청소기,다이슨 청소기,다이슨 디지털 슬림 무선 청소기,거래중,"300,000원",다산1동,2026-06-06,0,4,0,36.5℃,번개장터판매자,생활가전,경기도 남양주시 다산1동,[출처] 번개장터 | [분석모델] DIGITAL_SLIM | [모델근거] text_variant | [원문링크] https://m.bunjang.co.kr/products/412802399
청소기,다이슨 청소기,(정품) (DYSON) 다이슨 V8 무선 청소기,예약중,"25,000원",,2026-06-05,0,0,0,36.5℃,번개장터판매자,생활가전,,[출처] 번개장터 | [분석모델] V8 | [모델근거] text_variant | [원문링크] https://m.bunjang.co.kr/products/412452747
청소기,다이슨 청소기,다이슨청소기 정품 v7 v8 모터 바디 키트,거래중,"30,000원",죽산면,2026-06-01,0,1,0,36.5℃,번개장터판매자,생활가전,경기도 안성시 죽산면,[출처] 번개장터 | [분석모델] V8 | [모델근거] text_variant | [원문링크] https://m.bunjang.co.kr/products/411724516
청소기,다이슨 청소기,(정품) (DYSON) 다이슨 V6 무선 청소기,예약중,"20,000원",,2026-05-27,0,0,0,36.5℃,번개장터판매자,생활가전,,[출처] 번개장터 | [분석모델] V6 | [모델근거] text_variant | [원문링크] https://m.bunjang.co.kr/products/410541114
청소기,다이슨 청소기,다이슨 무선청소기 판매해요,거래중,"70,000원",광명7동,2026-05-25,0,1,0,36.5℃,번개장터판매자,생활가전,경기도 광명시 광명7동,"[출처] 번개장터 | [분석모델] 제품군 공통 | [모델근거] product_group | [원문설명] 다이슨 무선청소기 판매해요 이사준비하느라 짐줄이려 판매해요 미국 이민간 저희 형님네 가족이 사용하던거 보관하다가 꺼내 올립니다 충전기는 안보입니다 구성은 사진에 있는게 전부입니다 사진 다 확인해주세요 배터리 충전된게 남아있어서 현재 작동됩니다 충전기가 없어서 배터리 지속시간은 모르겠어요 맨끝쪽 사진보시면 동그라미로 표시해논 부분있는데요 본체 파손된 부분 사진입니다 사용하시는데 지장없어요 7만원에 판매해요 택배, 직거래 모두 가능해요 택배이용시 포장 꼼꼼하게 파손없이 해드립니다 직거래 선호지역은 경기도 광명시 광명사거리역 근처입니다 언제든지 문의주세요 | [원문링크] https://m.bunjang.co.kr/products/410148793"
청소기,다이슨 청소기,다이슨 무선청소기 v10 토크드라이브 (미사용 새제품),거래중,"35,000원",,2026-05-19,0,2,0,36.5℃,번개장터판매자,생활가전,,[출처] 번개장터 | [분석모델] V10 | [모델근거] text_variant | [원문링크] https://m.bunjang.co.kr/products/398215990
청소기,다이슨 청소기,"다이슨 V11 플러피청소기:밧정품 새거, 풀셋구성",예약중,"200,000원",,2026-05-19,0,3,0,36.5℃,번개장터판매자,생활가전,,[출처] 번개장터 | [분석모델] V11 | [모델근거] text_variant | [원문링크] https://m.bunjang.co.kr/products/408530907
청소기,다이슨 청소기,다이슨v7청소기.본체.밧데리새제품.틈새흡입봉,예약중,"79,000원",,2026-05-19,0,1,0,36.5℃,번개장터판매자,생활가전,,[출처] 번개장터 | [분석모델] V7 | [모델근거] text_variant | [원문링크] https://m.bunjang.co.kr/products/406109107
청소기,다이슨 청소기,깨끗하게 세척한 다이슨 V6 무선 청소기(13분 연속동작),예약중,"69,000원",흥해읍,2026-05-16,0,1,0,36.5℃,번개장터판매자,생활가전,경상북도 포항시 북구 흥해읍,[출처] 번개장터 | [분석모델] V6 | [모델근거] text_variant | [원문링크] https://m.bunjang.co.kr/products/404481510
청소기,다이슨 청소기,다이슨청소기V6,거래중,"40,000원",,2026-05-12,0,0,0,36.5℃,번개장터판매자,생활가전,,[출처] 번개장터 | [분석모델] V6 | [모델근거] text_variant | [원문링크] https://m.bunjang.co.kr/products/407646850
청소기,다이슨 청소기,다이슨청소기 V10(SV12)  본체  판매합니다,예약중,"65,000원",,2026-05-12,0,0,0,36.5℃,번개장터판매자,생활가전,,[출처] 번개장터 | [분석모델] V12 | [모델근거] text_variant | [원문링크] https://m.bunjang.co.kr/products/407582533
청소기,다이슨 청소기,dyson DC45 애니멀(ANIMAL) 핸드 무선청소기 성능굿,거래중,"180,000원",복현2동,2026-05-09,0,1,0,36.5℃,번개장터판매자,생활가전,대구광역시 북구 복현2동,[출처] 번개장터 | [분석모델] DC45 | [모델근거] text_code | [원문링크] https://m.bunjang.co.kr/products/359735475
청소기,다이슨 청소기,깨끗하게 세척한 다이슨 V6 무선 청소기 본체(방전),예약중,"22,000원",흥해읍,2026-05-03,0,0,0,36.5℃,번개장터판매자,생활가전,경상북도 포항시 북구 흥해읍,[출처] 번개장터 | [분석모델] V6 | [모델근거] text_variant | [원문링크] https://m.bunjang.co.kr/products/405100877
청소기,다이슨 청소기,다이슨 디지털 슬림 옵틱 청소기 판매합니다,예약중,"370,000원",,2026-04-29,0,0,0,36.5℃,번개장터판매자,생활가전,,[출처] 번개장터 | [분석모델] DIGITAL_SLIM | [모델근거] text_variant | [원문링크] https://m.bunjang.co.kr/products/404281112
청소기,다이슨 청소기,깨끗하게 세척한 다이슨 V6 무선 청소기 본체(방전),예약중,"27,000원",흥해읍,2026-04-28,0,0,0,36.5℃,번개장터판매자,생활가전,경상북도 포항시 북구 흥해읍,[출처] 번개장터 | [분석모델] V6 | [모델근거] text_variant | [원문링크] https://m.bunjang.co.kr/products/403613194
청소기,다이슨 청소기,dyson V6 digital slim 다이슨 무선청소기,예약중,"70,000원",성복동,2026-04-24,0,0,0,36.5℃,번개장터판매자,생활가전,경기도 용인시 수지구 성복동,[출처] 번개장터 | [분석모델] V6 | [모델근거] text_variant | [원문링크] https://m.bunjang.co.kr/products/403755024
청소기,다이슨 청소기,깨끗하게 세척한 다이슨 V6[DC62] 무선 청소기 본체(방전),예약중,"22,000원",흥해읍,2026-04-22,0,0,0,36.5℃,번개장터판매자,생활가전,경상북도 포항시 북구 흥해읍,[출처] 번개장터 | [분석모델] V6 | [모델근거] text_variant | [원문링크] https://m.bunjang.co.kr/products/403221778
청소기,다이슨 청소기,다이슨 V10 무선 청소기,예약중,"199,900원",,2026-04-20,0,1,0,36.5℃,번개장터판매자,생활가전,,[출처] 번개장터 | [분석모델] V10 | [모델근거] text_variant | [원문링크] https://m.bunjang.co.kr/products/349808570
청소기,다이슨 청소기,다이슨 청소기 성능최상,거래중,"99,800원",,2026-04-15,0,0,0,36.5℃,번개장터판매자,생활가전,,[출처] 번개장터 | [분석모델] 제품군 공통 | [모델근거] product_group | [원문설명] 1.🍀제품이 깨끗하고 성능 좋습니다 2.💟상품은 작동 됩니다 구성은 게시사진 그대로 입니다 3.💚이웃사촌이라 동래주위 거래 해서 가성비 좋게 좋은 물품을 올렸습니다 4.💙예민한분은 패스해 주시고 중고 거래상 교환 환불은 되지 않습니다 5.✅양산 증산에 가지러 오셔도 되시고 택배 원하시면 택배도 됩니다 파손면책 돠고 대박 포장비 박스비 무료 🚛🚚🚛 | [원문링크] https://m.bunjang.co.kr/products/321066070
청소기,다이슨 청소기,최신 다이슨 로봇청소기 물걸레 2개 판매,거래중,"45,000원",,2026-04-14,0,2,0,36.5℃,번개장터판매자,생활가전,,[출처] 번개장터 | [분석모델] 제품군 공통 | [모델근거] product_group | [원문링크] https://m.bunjang.co.kr/products/401516314
청소기,다이슨 청소기,깨끗하게 세척한 다이슨 청소기 V7(20분 연속동작),예약중,"92,000원",흥해읍,2026-04-14,0,0,0,36.5℃,번개장터판매자,생활가전,경상북도 포항시 북구 흥해읍,[출처] 번개장터 | [분석모델] V7 | [모델근거] text_variant | [원문링크] https://m.bunjang.co.kr/products/397464555
청소기,다이슨 청소기,다이슨 V6 앱솔루트 무선 청소기,거래중,"50,000원",연산제2동,2026-04-12,0,0,0,36.5℃,번개장터판매자,생활가전,부산광역시 연제구 연산제2동,[출처] 번개장터 | [분석모델] V6 | [모델근거] text_variant | [원문링크] https://m.bunjang.co.kr/products/401117301
청소기,다이슨 청소기,다이슨 V12 싸이클론 무선청소기 본체,예약중,"129,000원",지동,2026-04-12,0,1,0,36.5℃,번개장터판매자,생활가전,경기도 수원시 팔달구 지동,[출처] 번개장터 | [분석모델] V12 | [모델근거] text_variant | [원문링크] https://m.bunjang.co.kr/products/397858948
청소기,다이슨 청소기,깨끗하게 세척한 다이슨 무선 청소기 V10 풀세트(53분 연속동작),예약중,"165,000원",흥해읍,2026-04-10,0,0,0,36.5℃,번개장터판매자,생활가전,경상북도 포항시 북구 흥해읍,[출처] 번개장터 | [분석모델] V10 | [모델근거] text_variant | [원문링크] https://m.bunjang.co.kr/products/400181407
청소기,다이슨 청소기,헝그리.다이슨 V10 청소기 배터리 교체 삼성정품셀 국내생산 호환형.새상,거래중,"74,000원",,2026-04-09,0,1,0,36.5℃,번개장터판매자,생활가전,,[출처] 번개장터 | [분석모델] V10 | [모델근거] text_variant | [원문링크] https://m.bunjang.co.kr/products/394506289
청소기,다이슨 청소기,다이슨 V8 앱솔루트 청소기 풀세트,예약중,"130,000원",,2026-04-07,0,1,0,36.5℃,번개장터판매자,생활가전,,[출처] 번개장터 | [분석모델] V8 | [모델근거] text_variant | [원문링크] https://m.bunjang.co.kr/products/400062665
청소기,다이슨 청소기,다이슨 청소기 카페트롤러,거래중,"25,000원",,2026-04-06,0,0,0,36.5℃,번개장터판매자,생활가전,,[출처] 번개장터 | [분석모델] V7 | [모델근거] detail_text_variant | [원문설명] 다이슨 카페트롤러입니다. v7~15호환되는걸 로압니다. 깨끗합니다 | [원문링크] https://m.bunjang.co.kr/products/380385642
청소기,다이슨 청소기,다이슨 물걸레 청소기 서브마린입니다,거래중,"80,000원",선학동,2026-04-05,0,6,0,36.5℃,번개장터판매자,생활가전,인천광역시 연수구 선학동,[출처] 번개장터 | [분석모델] 제품군 공통 | [모델근거] product_group | [원문설명] 다이슨 서브마린팝니다 상태좋아요 택배거래도 가능합니다 팔리팔고싶어 싸게 올립니다 서브마린 다이슨 물걸레청소 | [원문링크] https://m.bunjang.co.kr/products/329339773
청소기,다이슨 청소기,깨끗하게 세척한 다이슨 무선 청소기 V10 풀세트(37분 연속동작),예약중,"165,000원",흥해읍,2026-04-05,0,0,0,36.5℃,번개장터판매자,생활가전,경상북도 포항시 북구 흥해읍,[출처] 번개장터 | [분석모델] V10 | [모델근거] text_variant | [원문링크] https://m.bunjang.co.kr/products/398858953
청소기,다이슨 청소기,깨끗하게 세척한 다이슨 무선 청소기 V10 풀세트(55분 연속동작),예약중,"165,000원",흥해읍,2026-03-30,0,0,0,36.5℃,번개장터판매자,생활가전,경상북도 포항시 북구 흥해읍,[출처] 번개장터 | [분석모델] V10 | [모델근거] text_variant | [원문링크] https://m.bunjang.co.kr/products/397756851
청소기,다이슨 청소기,다이슨 G1물걸레 청소기,거래중,"490,000원",은행동,2026-03-29,0,2,0,36.5℃,번개장터판매자,생활가전,경기도 시흥시 은행동,[출처] 번개장터 | [분석모델] 제품군 공통 | [모델근거] product_group | [원문설명] 더운 여름 뾰송하게 청소가능합니다^^지인에게 청소기 선물 받이 최근 구매해서 3번 사용해서 사용감 거의 없는 정품 다이슨 G1물걸레 청소기 판매합니다. 근거리 직거래가능 박스 있음 환불불가 | [원문링크] https://m.bunjang.co.kr/products/329240768
청소기,다이슨 청소기,깨끗하게 세척한 다이슨 무선 청소기 V10 풀세트(60분 연속동작),예약중,"175,000원",흥해읍,2026-03-25,0,0,0,36.5℃,번개장터판매자,생활가전,경상북도 포항시 북구 흥해읍,[출처] 번개장터 | [분석모델] V10 | [모델근거] text_variant | [원문링크] https://m.bunjang.co.kr/products/397270185
청소기,다이슨 청소기,깨끗하게 세척한 다이슨 청소기 V7(20분 연속동작),예약중,"99,000원",흥해읍,2026-03-25,0,0,0,36.5℃,번개장터판매자,생활가전,경상북도 포항시 북구 흥해읍,[출처] 번개장터 | [분석모델] V7 | [모델근거] text_variant | [원문링크] https://m.bunjang.co.kr/products/395825534
청소기,다이슨 청소기,dyson 물청소기,거래중,"250,000원",곤지암읍,2026-03-23,0,3,0,36.5℃,번개장터판매자,생활가전,경기도 광주시 곤지암읍,[출처] 번개장터 | [분석모델] 제품군 공통 | [모델근거] product_group | [원문설명] 다이슨 물청소기 판매합니다. 투명한 물통으로 오염 정도를 쉽게 확인할 수 있습니다. 강력한 흡입력으로 깨끗하게 청소해보세요! 별도 문의 없으시면 바로 안전결제 부탁드려요! 롤 2개 드립니다(새제품) 무게가 있어서 직거래만 부탁 드립니다 직거래 가능 용인 이천 경기광주 | [원문링크] https://m.bunjang.co.kr/products/390415224
청소기,다이슨 청소기,"다이슨 v10엡솔루트롱버젼청소기: 밧정품40분정상,풀셋구성",예약중,"170,000원",,2026-03-22,0,0,0,36.5℃,번개장터판매자,생활가전,,[출처] 번개장터 | [분석모델] V10 | [모델근거] text_variant | [원문링크] https://m.bunjang.co.kr/products/396679946
청소기,다이슨 청소기,다이슨 옴니-글라이드(Dyson Omni-Glide) 무선 청소기,거래중,"220,000원",안심4동,2026-03-19,0,2,0,36.5℃,번개장터판매자,생활가전,대구광역시 동구 안심4동,"[출처] 번개장터 | [분석모델] 제품군 공통 | [모델근거] product_group | [원문설명] 다이슨 옴니-글라이드(Dyson Omni-Glide) 무선 청소기입니다. 방향 전환: 360도 회전하는 전방향 플러피 클리너 헤드가 장착되어 있어 좁은 공간이나 가구 사이를 자유롭게 청소할 수 있습니다. 구조: 일반적인 건 타입이 아닌 일직선 형태의 구조로 설계되어 평평하게 눕혀서 가구 아래를 청소하기 용이합니다. 무게: 다이슨의 무선 청소기 중 가벼운 편에 속하여 손목 부담이 적은 것이 특징입니다. 배터리: 클릭인 방식의 배터리를 사용하여 교체가 간편하며, 사용 시간은 일반 모드 기준 약 20분입니다. 비슷한 기종이 많아 컨디션 좋습니다. ※ 부피로 인해 직거래만 가능합니다. | [원문링크] https://m.bunjang.co.kr/products/396158697"
청소기,다이슨 청소기,다이슨 워시G1 물청소 무선 청소기,거래중,"320,000원",안심4동,2026-03-19,0,0,0,36.5℃,번개장터판매자,생활가전,대구광역시 동구 안심4동,[출처] 번개장터 | [분석모델] WASH_G1 | [모델근거] text_variant | [원문링크] https://m.bunjang.co.kr/products/396157662
청소기,다이슨 청소기,깨끗하게 세척한 다이슨 무선 청소기 V10 풀세트(42분 연속동작),예약중,"160,000원",흥해읍,2026-03-18,0,1,0,36.5℃,번개장터판매자,생활가전,경상북도 포항시 북구 흥해읍,[출처] 번개장터 | [분석모델] V10 | [모델근거] text_variant | [원문링크] https://m.bunjang.co.kr/products/392147601
청소기,다이슨 청소기,다이슨 V8 무선청소기,거래중,"250,000원",호계1동,2026-03-15,0,8,0,36.5℃,번개장터판매자,생활가전,경기도 안양시 동안구 호계1동,[출처] 번개장터 | [분석모델] V8 | [모델근거] text_variant | [원문링크] https://m.bunjang.co.kr/products/362751734
청소기,다이슨 청소기,다이슨 청소기 본체 (블루),예약중,"60,000원",,2026-03-13,0,0,0,36.5℃,번개장터판매자,생활가전,,"[출처] 번개장터 | [분석모델] CYCLONE | [모델근거] detail_text_variant | [원문설명] 다이슨 청소기 싸이클론 본체 판매합니다. 파란색이고, 사진에 보이는 것과 같습니다. 본체에 붙어있는 스티커 참고 부탁드려요! 문의 없으시면 바로 안전결제해주시면 됩니다! | [원문링크] https://m.bunjang.co.kr/products/394910582"
청소기,다이슨 청소기,다이슨 V8 무선청소기,예약중,"123,000원",진영읍,2026-03-11,0,0,0,36.5℃,번개장터판매자,생활가전,경상남도 김해시 진영읍,[출처] 번개장터 | [분석모델] V8 | [모델근거] text_variant | [원문링크] https://m.bunjang.co.kr/products/394540333
청소기,다이슨 청소기,다이슨 g5s 무선청소기 새상품 미개봉,거래중,"540,000원",역삼1동,2026-03-10,0,4,0,36.5℃,번개장터판매자,생활가전,서울특별시 강남구 역삼1동,"[출처] 번개장터 | [분석모델] 제품군 공통 | [모델근거] product_group | [원문설명] 다이슨 g5s 무선청소기 미개봉 새상품입니다. 박스 겉면에 제품 스펙이 간단하게 그림으로 그려져 있습니다. 워낙 유명한 제품이라 긴 설명은 필요 없을 것 같네요. 선물 받은거 팔아요 해외 제품, 정품 등록 가능해요 직거래는 역삼역에서 합니다 | [원문링크] https://m.bunjang.co.kr/products/394376881"
청소기,다이슨 청소기,다이슨 마이크로 청소기,예약중,"320,000원",한강로동,2026-03-10,0,1,0,36.5℃,번개장터판매자,생활가전,서울특별시 용산구 한강로동,[출처] 번개장터 | [분석모델] 제품군 공통 | [모델근거] product_group | [원문설명] 다이슨 마이크로 청소기 판매합니다. 사진에 보이는 submarine 헤드 포함입니다. 작고 가벼워서 보관도 용이하고 사용하기 편리합니다. 서울 직거래 위주로 판매 합니다 직접 보시고 구매하시면 됩니다 | [원문링크] https://m.bunjang.co.kr/products/394151272
청소기,다이슨 청소기,다이슨 DC22 유선청소기,예약중,"55,000원",,2026-02-25,0,2,0,36.5℃,번개장터판매자,생활가전,,[출처] 번개장터 | [분석모델] DC22 | [모델근거] text_code | [원문링크] https://m.bunjang.co.kr/products/391542843
청소기,다이슨 청소기,다이슨 Wash G1 물걸레 청소기,예약중,"270,000원",,2026-02-21,0,4,0,36.5℃,번개장터판매자,생활가전,,[출처] 번개장터 | [분석모델] WASH_G1 | [모델근거] text_variant | [원문링크] https://m.bunjang.co.kr/products/388634198
청소기,다이슨 청소기,(DYSON) 다이슨 V8 무선 청소기,예약중,"200,000원",,2026-02-10,0,1,0,36.5℃,번개장터판매자,생활가전,,[출처] 번개장터 | [분석모델] V8 | [모델근거] text_variant | [원문링크] https://m.bunjang.co.kr/products/388251676
청소기,다이슨 청소기,Dyson V8 다이슨 무선청소기,예약중,"70,000원",성복동,2026-02-09,0,1,0,36.5℃,번개장터판매자,생활가전,경기도 용인시 수지구 성복동,[출처] 번개장터 | [분석모델] V8 | [모델근거] text_variant | [원문링크] https://m.bunjang.co.kr/products/388003740
청소기,다이슨 청소기,다이슨 v10 청소기 (거치대포함 풀세트),예약중,"110,000원",흥선동,2026-02-07,0,0,0,36.5℃,번개장터판매자,생활가전,경기도 의정부시 흥선동,[출처] 번개장터 | [분석모델] V10 | [모델근거] text_variant | [원문링크] https://m.bunjang.co.kr/products/387737301
청소기,다이슨 청소기,다이슨 로봇청소기,거래중,"700,000원",죽전1동,2026-02-07,0,4,0,36.5℃,번개장터판매자,생활가전,경기도 용인시 수지구 죽전1동,[출처] 번개장터 | [분석모델] 360_VIS_NAV | [모델근거] detail_text_variant | [원문설명] 다이슨 360 vis nav 로봇 청소기 미개봉 팝니다. 기존 로봇청소기가 있어서 판매합니다. | [원문링크] https://m.bunjang.co.kr/products/302853828
청소기,다이슨 청소기,다이슨 청소기(도킹스테이션&콤비네이션톨),거래중,"23,000원",,2026-02-06,0,3,0,36.5℃,번개장터판매자,생활가전,,[출처] 번개장터 | [분석모델] V8 | [모델근거] detail_text_variant | [원문설명] 정품이고 상태 깨끗합니다.V7과 V8에 맞습니다. | [원문링크] https://m.bunjang.co.kr/products/234549225
청소기,다이슨 청소기,다이슨청소기 v11,거래중,"180,000원",,2026-02-01,0,3,0,36.5℃,번개장터판매자,생활가전,,[출처] 번개장터 | [분석모델] V11 | [모델근거] text_variant | [원문링크] https://m.bunjang.co.kr/products/350951914
청소기,다이슨 청소기,다이슨청소기,거래중,"80,000원",장성동,2026-01-31,0,2,0,36.5℃,번개장터판매자,생활가전,강원특별자치도 태백시 장성동,"[출처] 번개장터 | [분석모델] V7 | [모델근거] detail_text_variant | [원문설명] 다이슨 청소기 판매합니다. 거치대에 두고 사용해서 기스 없이 깔끔합니다. 흡입력 좋고, 작동 잘 됩니다. 문의 없으시면 바로 안전결제해주시면 됩니다! 다이슨 V7무선청소기 사용감은 있지만 전체적으로 양호한 상태입니다 강력한 흡입력으로 미세먼지까지 깨끗하게 청소해줍니다 가볍고 편리한 디자인으로 집안 어디든 손쉽게 청소할 수 있어요 충전기 있고요 밧데리 상태 90프로이상 아주 양호합니다 | [원문링크] https://m.bunjang.co.kr/products/386083369"
청소기,다이슨 청소기,다이슨 디지털 슬림 청소기 새제품 팝니다,거래중,"500,000원",사직제2동,2026-01-25,0,1,0,36.5℃,번개장터판매자,생활가전,부산광역시 동래구 사직제2동,[출처] 번개장터 | [분석모델] DIGITAL_SLIM | [모델근거] text_variant | [원문링크] https://m.bunjang.co.kr/products/384682507
청소기,다이슨 청소기,다이슨 Wash G1 물청소 무선청소기,거래중,"300,000원",,2026-01-22,0,2,0,36.5℃,번개장터판매자,생활가전,,[출처] 번개장터 | [분석모델] WASH_G1 | [모델근거] text_variant | [원문링크] https://m.bunjang.co.kr/products/383134531
청소기,다이슨 청소기,다이슨 V8무선 청소기 풀세트,예약중,"120,000원",진영읍,2026-01-20,0,6,0,36.5℃,번개장터판매자,생활가전,경상남도 김해시 진영읍,[출처] 번개장터 | [분석모델] V8 | [모델근거] text_variant | [원문링크] https://m.bunjang.co.kr/products/374625121
청소기,다이슨 청소기,다이슨 Cyclone V10 무선청소기 새제품,거래중,"330,000원",이문제1동,2026-01-18,0,2,0,36.5℃,번개장터판매자,생활가전,서울특별시 동대문구 이문제1동,[출처] 번개장터 | [분석모델] V10 | [모델근거] text_variant | [원문링크] https://m.bunjang.co.kr/products/383311983
청소기,다이슨 청소기,다이슨 워시 wash G1 물걸레 청소기 + 정품 롤러 새것 포함 판매,거래중,"300,000원",,2026-01-13,0,3,0,36.5℃,번개장터판매자,생활가전,,[출처] 번개장터 | [분석모델] WASH_G1 | [모델근거] text_variant | [원문링크] https://m.bunjang.co.kr/products/374954737
청소기,다이슨 청소기,다이슨 V8 무선청소기,예약중,"118,000원",진영읍,2026-01-08,0,0,0,36.5℃,번개장터판매자,생활가전,경상남도 김해시 진영읍,[출처] 번개장터 | [분석모델] V8 | [모델근거] text_variant | [원문링크] https://m.bunjang.co.kr/products/381031249
청소기,다이슨 청소기,다이슨 무선 진공 청소기 sv50,거래중,"550,000원",,2026-01-05,0,1,0,36.5℃,번개장터판매자,생활가전,,[출처] 번개장터 | [분석모델] SV50 | [모델근거] text_code | [원문링크] https://m.bunjang.co.kr/products/380467694
청소기,다이슨 청소기,다이슨 볼 DC36 카본 파이버 청소기,거래중,"80,000원",태평1동,2026-01-02,0,2,0,36.5℃,번개장터판매자,생활가전,경기도 성남시 수정구 태평1동,[출처] 번개장터 | [분석모델] DC36 | [모델근거] text_code | [원문링크] https://m.bunjang.co.kr/products/379721248
청소기,다이슨 청소기,다이슨무선청소기 sv50,거래중,"600,000원",파동,2025-12-28,0,1,0,36.5℃,번개장터판매자,생활가전,대구광역시 수성구 파동,"[출처] 번개장터 | [분석모델] SV50 | [모델근거] text_code | [원문설명] 다이슨 무선청소기 SV50 모델입니다. 미개봉 새제품이고, 박스에 고이 모셔두고 있습니다. 무게는 4.23kg입니다. 문의 없으시면 바로 안전결제해주시면 됩니다! | [원문링크] https://m.bunjang.co.kr/products/378851337"
청소기,다이슨 청소기,다이슨 무선청소기 + 추가 구성품 새물걸레키트,거래중,"250,000원",연희동,2025-12-27,0,1,0,36.5℃,번개장터판매자,생활가전,인천광역시 서구 연희동,[출처] 번개장터 | [분석모델] 제품군 공통 | [모델근거] product_group | [원문설명] 다이슨 무선청소기 본체와 거치대 함께 드립니다. 추가 구성품인 새 물걸레 키트도 같이 드려요! 연락주세요 | [원문링크] https://m.bunjang.co.kr/products/378558760
청소기,다이슨 청소기,다이슨 무선 청소기,거래중,"330,000원",백운동,2025-12-27,0,1,0,36.5℃,번개장터판매자,생활가전,경기도 안산시 단원구 백운동,"[출처] 번개장터 | [분석모델] 제품군 공통 | [모델근거] product_group | [원문설명] 다이슨 무선 청소기 판매합니다. 사진에서 보시는 것처럼 풀파워 흡입 자랑합니다. 평소에 잘 사용했고, 상태 좋습니다. 별도 문의 없으시면 바로 안전결제 부탁드려요! 직거래만 가능 청소기 풀세트 입니다 | [원문링크] https://m.bunjang.co.kr/products/378527986"
청소기,다이슨 청소기,다이슨 청소기 SV19 옴니-글라이드 모터 4만,거래중,"60,000원",,2025-12-21,0,4,0,36.5℃,번개장터판매자,생활가전,,[출처] 번개장터 | [분석모델] OMNI_GLIDE | [모델근거] text_variant | [원문링크] https://m.bunjang.co.kr/products/377541246
청소기,다이슨 청소기,다이슨 v8 레드 무선청소기,거래중,"300,000원",율량.사천동,2025-12-18,0,0,0,36.5℃,번개장터판매자,생활가전,충청북도 청주시 청원구 율량.사천동,[출처] 번개장터 | [분석모델] V8 | [모델근거] text_variant | [원문링크] https://m.bunjang.co.kr/products/376919420
청소기,다이슨 청소기,다이슨 청소기,거래중,"480,000원",,2025-12-16,0,1,0,36.5℃,번개장터판매자,생활가전,,[출처] 번개장터 | [분석모델] V12 | [모델근거] detail_text_variant | [원문설명] 다이슨 V12 오리진 플러피 청소기입니다. 보관과 충전을 용이하게 해주는 거치대 포함입니다. NEW 국내정품이니 안심하고 구매하세요! 문의 없으시면 바로 안전결제해주시면 됩니다! | [원문링크] https://m.bunjang.co.kr/products/376497120
청소기,다이슨 청소기,다이슨 V8 무선청소기 레드/실버 (새 상품),거래중,"270,000원",신길제1동,2025-12-14,0,1,0,36.5℃,번개장터판매자,생활가전,서울특별시 영등포구 신길제1동,[출처] 번개장터 | [분석모델] V8 | [모델근거] text_variant | [원문링크] https://m.bunjang.co.kr/products/375865219
청소기,다이슨 청소기,다이슨청소기 미사용 v15s 디텍트 서브마린 컴플리트 골드,예약중,"900,000원",,2025-12-13,0,0,0,36.5℃,번개장터판매자,생활가전,,[출처] 번개장터 | [분석모델] V15 | [모델근거] text_variant | [원문설명] 다이슨최고사양급 먼지민감하시고 쾌적한환경 원하시는분 추천드려여 미사용상태입니다. 직거래 청주 직거래시 당일오전에 미리 말씀주세여 | [원문링크] https://m.bunjang.co.kr/products/370551548
청소기,다이슨 청소기,다이슨 V10 청소기 팝니다,거래중,"100,000원",행신1동,2025-12-12,0,4,0,36.5℃,번개장터판매자,생활가전,경기도 고양시 덕양구 행신1동,[출처] 번개장터 | [분석모델] V10 | [모델근거] text_variant | [원문링크] https://m.bunjang.co.kr/products/375368273
청소기,다이슨 청소기,다이슨 Wash G1 물청소기,거래중,"1,000,000원",창전동,2025-12-04,0,0,0,36.5℃,번개장터판매자,생활가전,경기도 이천시 창전동,[출처] 번개장터 | [분석모델] WASH_G1 | [모델근거] text_variant | [원문설명] 다이슨 Wash G1 물청소기 판매합니다. 깨끗하게 관리해서 상태 좋습니다. 물통도 깨끗하게 비워져 있습니다. 별도 문의 없으시면 바로 안전결제 부탁드려요! 택배는 얼마나비용이얼마나들찌몰라서요 경기도이천입니다 | [원문링크] https://m.bunjang.co.kr/products/373524772
청소기,다이슨 청소기,다이슨 청소기 V6 사이클론 1.5만,거래중,"15,000원",,2025-12-01,0,0,0,36.5℃,번개장터판매자,생활가전,,[출처] 번개장터 | [분석모델] V6 | [모델근거] text_variant | [원문링크] https://m.bunjang.co.kr/products/373076422
청소기,다이슨 청소기,다이슨 청소기 V6 SV07 모터 3.5만,거래중,"35,000원",,2025-12-01,0,0,0,36.5℃,번개장터판매자,생활가전,,[출처] 번개장터 | [분석모델] V6 | [모델근거] text_variant | [원문링크] https://m.bunjang.co.kr/products/373034469
청소기,다이슨 청소기,다이슨 청소기 V6 SV04 모터 3.5만,거래중,"35,000원",,2025-12-01,0,0,0,36.5℃,번개장터판매자,생활가전,,[출처] 번개장터 | [분석모델] V6 | [모델근거] text_variant | [원문링크] https://m.bunjang.co.kr/products/373007829
청소기,다이슨 청소기,다이슨 청소기(거의 새거),거래중,"640,000원",인창동,2025-11-24,0,0,0,36.5℃,번개장터판매자,생활가전,경기도 구리시 인창동,"[출처] 번개장터 | [분석모델] 제품군 공통 | [모델근거] product_group | [원문설명] 다이슨 청소기 풀세트 거의 새것과 동일합니다. 스탠드 거치대에 세워두고 사용해서 기스도 거의 없어요. 흡입력 좋고, 꼼꼼하게 청소 잘됩니다. 별도 문의 없으시면 바로 안전결제 부탁드려요! 구입은 1년정도 되었구요. 메인 청소브러쉬만 5회정도 사용했습니다 발판 비밀도 안 벗겼구요. 나머지 청소도구 사진보시면 새겁니다. 로봇청소기가 있어서 잘 사용안했어요 1년전 구입가격은 90만원대 얐습니다 박스를 구해야하니 갖가가심이 좋을 듯합니다 서울, 구리지역 거래가능요 | [원문링크] https://m.bunjang.co.kr/products/371282088"
청소기,다이슨 청소기,다이슨 청소기 v8,거래중,"130,000원",해양동,2025-11-22,0,5,0,36.5℃,번개장터판매자,생활가전,경기도 안산시 상록구 해양동,[출처] 번개장터 | [분석모델] V8 | [모델근거] text_variant | [원문링크] https://m.bunjang.co.kr/products/365621446
청소기,다이슨 청소기,다이슨 Dyson 디지털 슬림 서브마린 니켈 미개봉 새상품,거래중,"450,000원",괴정제1동,2025-11-21,0,4,0,36.5℃,번개장터판매자,생활가전,부산광역시 사하구 괴정제1동,[출처] 번개장터 | [분석모델] DIGITAL_SLIM | [모델근거] text_variant | [원문링크] https://m.bunjang.co.kr/products/370790818
청소기,다이슨 청소기,(정품) (DYSON) 다이슨 무선 청소기 V6,예약중,"100,000원",,2025-11-10,0,1,0,36.5℃,번개장터판매자,생활가전,,[출처] 번개장터 | [분석모델] V6 | [모델근거] text_variant | [원문링크] https://m.bunjang.co.kr/products/368360675
청소기,다이슨 청소기,다이슨V16  DS60 싸이클론 무선청소기,예약중,"1,100,000원",청라1동,2025-11-07,0,2,0,36.5℃,번개장터판매자,생활가전,인천광역시 서구 청라1동,"[출처] 번개장터 | [분석모델] CYCLONE | [모델근거] text_variant | [원문설명] 새상품 미개봉 다이슨 무선청소기 V16 DS60 피스톤 애니멀 서브마린입니다 315w 흡입력과 최대70분 사용가능 물걸레청소,진공청소 두개타입헤드가 있고, 그외 핸디형키트 전용거치대포함 상품입니다 사진상 구성품 확인해주세요 뜯지않은 미개봉이며, 149만원 공식몰에 판매중입니다 사진에 전시사진은 인터넷에서 퍼온거고 저렇게 거치대포함이예요 박스채로 안뜯고있습니다 동물 키우고계시면 러그나 카펫청소시에 털청소에도 유용한모델로 알고있습니다 | [원문링크] https://m.bunjang.co.kr/products/366204359"
청소기,다이슨 청소기,(정품) (DYSON) 다이슨 무선 청소기,예약중,"50,000원",,2025-11-07,0,1,0,36.5℃,번개장터판매자,생활가전,,[출처] 번개장터 | [분석모델] V6 | [모델근거] detail_text_variant | [원문설명] 새상품으로 구매했었던 다이슨 V6 제품이며 집에서 사용한 제품 입니다 제품 구성품 및 상태는 사진과 같습니다 본체 / 먼지통 / 필터 / 헤드는 나름대로 모두 청소되어 있어 바로 사용 가능합니다 손잡이 부분에 빨간버튼 바로 밑에 부분 파손/필터 꼭지 부분 파손 입니다 전 청소기 사용할때에 큰 지장 없었고 필터는 본래 소모품으로 교체하는 제품이며 온라인에서 천원정도면 구매 가능합니다 사용법 및 기타 사항은 온라인 검색하면 정확한 정보가 많이 있으니 검색해 보시면 됩니다 그래도 혹시 모르니 예민한 분은 구매를 피해 주세요 부품값 정도 가격이라 가격흥정은 하지 않습니다 중고가전제품 특성상 직접 작동 해보시고 외관 확인 후에 꼭 구매 바랍니다 중고이며 확인후에 구매했으므로 기타이유/사용감/파손부위등등 구매 후 교환이나 환불은 불가입니다 | [원문링크] https://m.bunjang.co.kr/products/367684716
청소기,다이슨 청소기,다이슨 V11무선청소기 함께했던 시간들 이제는 보내줘야 할 때입니다,예약중,"220,000원",북가좌제1동,2025-10-21,0,2,0,36.5℃,번개장터판매자,생활가전,서울특별시 서대문구 북가좌제1동,[출처] 번개장터 | [분석모델] V11 | [모델근거] text_variant | [원문링크] https://m.bunjang.co.kr/products/364192997
청소기,다이슨 청소기,다이슨V8청소기팝니다,거래중,"170,000원",심곡1동,2025-10-11,0,1,0,36.5℃,번개장터판매자,생활가전,경기도 부천시 심곡1동,[출처] 번개장터 | [분석모델] V8 | [모델근거] text_variant | [원문링크] https://m.bunjang.co.kr/products/352123772
청소기,다이슨 청소기,다이슨 V11 220 에어와트 CF+ 무선청소기,예약중,"150,000원",박달동,2025-10-10,0,3,0,36.5℃,번개장터판매자,생활가전,경기도 안양시 만안구 박달동,[출처] 번개장터 | [분석모델] V11 | [모델근거] text_variant | [원문링크] https://m.bunjang.co.kr/products/361734946
청소기,다이슨 청소기,다이슨 V10(SV12)무선청소기 풀세트,예약중,"265,000원",진영읍,2025-10-08,0,0,0,36.5℃,번개장터판매자,생활가전,경상남도 김해시 진영읍,[출처] 번개장터 | [분석모델] V12 | [모델근거] text_variant | [원문링크] https://m.bunjang.co.kr/products/361209046
청소기,다이슨 청소기,다이슨 V10 무선 청소기,예약중,"130,000원",오학동,2025-10-07,0,3,0,36.5℃,번개장터판매자,생활가전,경기도 여주시 오학동,[출처] 번개장터 | [분석모델] V10 | [모델근거] text_variant | [원문링크] https://m.bunjang.co.kr/products/359301132
청소기,다이슨 청소기,다이슨 청소기 판매합니당,거래중,"420,000원",기장읍,2025-09-30,0,1,0,36.5℃,번개장터판매자,생활가전,부산광역시 기장군 기장읍,[출처] 번개장터 | [분석모델] V12 | [모델근거] detail_text_variant | [원문설명] 다이슨 V12s Origin Submarine 청소기입니다. 2024년 9월에 선물 받아서 사용했고 생활기스 조금 있습니다 모터는 심지어 최근에 교체하고 한번도 사용 안한 완전 새거입니다 2026년 1월까지 무상 AS 가능합니다 사진처럼 풀구성 다 있구요 2번째 사진에 있는 제품은 아예 사용안한 새제품 입니다 네고도 생각중이니 많은 문의 부탁드려용 -!!!! | [원문링크] https://m.bunjang.co.kr/products/357354005
청소기,다이슨 청소기,다이슨 V6무선청소기,예약중,"74,000원",진영읍,2025-09-30,0,0,0,36.5℃,번개장터판매자,생활가전,경상남도 김해시 진영읍,[출처] 번개장터 | [분석모델] V6 | [모델근거] text_variant | [원문링크] https://m.bunjang.co.kr/products/356867535
청소기,다이슨 청소기,다이슨 V10(SV12)무선청소기 풀세트,예약중,"195,000원",진영읍,2025-09-26,0,2,0,36.5℃,번개장터판매자,생활가전,경상남도 김해시 진영읍,[출처] 번개장터 | [분석모델] V12 | [모델근거] text_variant | [원문링크] https://m.bunjang.co.kr/products/356345078
청소기,다이슨 청소기,다이슨청소기 V6 본체,거래중,"40,000원",,2025-09-20,0,6,0,36.5℃,번개장터판매자,생활가전,,[출처] 번개장터 | [분석모델] V6 | [모델근거] text_variant | [원문링크] https://m.bunjang.co.kr/products/357377368
청소기,다이슨 청소기,다이슨 워시 G1 무선 물걸레 청소기,거래중,"250,000원",감일동,2025-09-19,0,3,0,36.5℃,번개장터판매자,생활가전,경기도 하남시 감일동,[출처] 번개장터 | [분석모델] WASH_G1 | [모델근거] text_variant | [원문링크] https://m.bunjang.co.kr/products/357264903
청소기,다이슨 청소기,다이슨 디지털 슬림 옵틱 무선청소기,예약중,"260,000원",가정1동,2025-09-18,0,5,0,36.5℃,번개장터판매자,생활가전,인천광역시 서구 가정1동,[출처] 번개장터 | [분석모델] DIGITAL_SLIM | [모델근거] text_variant | [원문링크] https://m.bunjang.co.kr/products/354011763
청소기,다이슨 청소기,다이슨 청소기 본체,거래중,"65,000원",활천동,2025-09-14,0,0,0,36.5℃,번개장터판매자,생활가전,경상남도 김해시 활천동,[출처] 번개장터 | [분석모델] 제품군 공통 | [모델근거] product_group | [원문설명] 다이슨 청소기 본체 판매합니다. 사진에서 보시는 것처럼 사용감은 좀 있습니다. 그래도 흡입력은 여전히 좋습니다. 별도 문의 없으시면 바로 안전결제 부탁드려요! | [원문링크] https://m.bunjang.co.kr/products/356112229
청소기,다이슨 청소기,다이슨 V8 무선 청서기,거래중,"360,000원",상계2동,2025-09-11,0,1,0,36.5℃,번개장터판매자,생활가전,서울특별시 노원구 상계2동,[출처] 번개장터 | [분석모델] V8 | [모델근거] text_variant | [원문링크] https://m.bunjang.co.kr/products/355554736
청소기,다이슨 청소기,다이슨 V8 Fluffy Origin 무선청소기,거래중,"259,000원",안양7동,2025-09-08,0,0,0,36.5℃,번개장터판매자,생활가전,경기도 안양시 만안구 안양7동,[출처] 번개장터 | [분석모델] V8 | [모델근거] text_variant | [원문링크] https://m.bunjang.co.kr/products/355062614
청소기,다이슨 청소기,다이슨 12s 무선청소기 5개월사용,거래중,"590,000원",용암2동,2025-09-01,0,1,0,36.5℃,번개장터판매자,생활가전,충청북도 청주시 상당구 용암2동,[출처] 번개장터 | [분석모델] V12 | [모델근거] detail_text_variant | [원문설명] 다이슨 V12s 디텍트 슬림 서브마린 컴플리트 모델입니다 다이슨 12s 무선청소기 5개월 정도 사용했습니다. 전체적으로 깔끔하게 사용하여 상태 좋습니다. 각종 툴 빠짐없이 다 있습니다. 물 청소 툴이 있는 다이슨 제품입니다 물로 세척하여 청소할 수 있습니다 | [원문링크] https://m.bunjang.co.kr/products/353761334
청소기,다이슨 청소기,다이슨 V8 무선청소기 새상품,거래중,"350,000원",,2025-08-30,0,3,0,36.5℃,번개장터판매자,생활가전,,[출처] 번개장터 | [분석모델] V8 | [모델근거] text_variant | [원문링크] https://m.bunjang.co.kr/products/353323698
청소기,다이슨 청소기,다이슨 V7 무선 청소기 본체,거래완료,"35,000원",덕천제1동,2026-08-24,0,1,0,36.5℃,번개장터판매자,생활가전,부산광역시 북구 덕천제1동,[출처] 번개장터 | [분석모델] V7 | [모델근거] text_variant | [원문링크] https://m.bunjang.co.kr/products/425434528
청소기,다이슨 청소기,다이슨 무선 청소기 본체 v6,거래완료,"12,000원",,2026-08-24,0,0,0,36.5℃,번개장터판매자,생활가전,,[출처] 번개장터 | [분석모델] V6 | [모델근거] text_variant | [원문링크] https://m.bunjang.co.kr/products/424742354
청소기,다이슨 청소기,(미개봉새제품)다이슨 V12 디텍트 슬림 무선 청소기,거래완료,"590,000원",,2026-08-24,0,0,0,36.5℃,번개장터판매자,생활가전,,[출처] 번개장터 | [분석모델] V12_SLIM | [모델근거] text_variant | [원문링크] https://m.bunjang.co.kr/products/424991062
청소기,다이슨 청소기,다이슨 호환 청소기 v15 헤더 새상품,거래완료,"12,000원",중4동,2026-08-23,0,0,0,36.5℃,번개장터판매자,생활가전,경기도 부천시 원미구 중4동,[출처] 번개장터 | [분석모델] V15 | [모델근거] text_variant | [원문링크] https://m.bunjang.co.kr/products/425274811
청소기,다이슨 청소기,다이슨 무선 청소기 V8 오렌지 KR-V8-21700,거래완료,"100,000원",마산동,2026-08-20,0,0,0,36.5℃,번개장터판매자,생활가전,경기도 김포시 마산동,[출처] 번개장터 | [분석모델] V8 | [모델근거] text_variant | [원문링크] https://m.bunjang.co.kr/products/424726993
청소기,다이슨 청소기,다이슨V8 무선 청소기판매 합니다.,거래완료,"125,000원",,2026-08-20,0,7,0,36.5℃,번개장터판매자,생활가전,,[출처] 번개장터 | [분석모델] V8 | [모델근거] text_variant | [원문링크] https://m.bunjang.co.kr/products/419588534
청소기,다이슨 청소기,다이슨 펜슬백 플러피콘 청소기,거래완료,"450,000원",,2026-08-17,0,0,0,36.5℃,번개장터판매자,생활가전,,[출처] 번개장터 | [분석모델] PENCILVAC | [모델근거] text_variant | [원문링크] https://m.bunjang.co.kr/products/424577537
청소기,다이슨 청소기,다이슨 팬슬백 무선청소기,거래완료,"400,000원",동천동,2026-08-17,0,2,0,36.5℃,번개장터판매자,생활가전,대구광역시 북구 동천동,[출처] 번개장터 | [분석모델] 제품군 공통 | [모델근거] product_group | [원문설명] 다이슨 팬슬백 무선청소기 미개봉 새상품입니다. 박스에 상세한 제품 그림이 그려져 있어 디자인을 미리 확인하실 수 있습니다. 다이슨의 뛰어난 성능으로 집안 곳곳을 깔끔하게 청소해보세요. 구매 원하시면 바로 안전결제 해주시면 됩니다! | [원문링크] https://m.bunjang.co.kr/products/424545499
청소기,다이슨 청소기,(미개봉 새상품)다이슨 디지털 슬림 옵틱 무선 청소기,거래완료,"330,000원",,2026-08-15,0,1,0,36.5℃,번개장터판매자,생활가전,,[출처] 번개장터 | [분석모델] DIGITAL_SLIM | [모델근거] text_variant | [원문링크] https://m.bunjang.co.kr/products/424250770
청소기,다이슨 청소기,다이슨 v10무선청소기 퍼플 본체,거래완료,"60,000원",,2026-08-15,0,7,0,36.5℃,번개장터판매자,생활가전,,[출처] 번개장터 | [분석모델] V10 | [모델근거] text_variant | [원문링크] https://m.bunjang.co.kr/products/416183681
청소기,다이슨 청소기,무선청소기 다이슨 v10 팝니다,거래완료,"180,000원",,2026-08-13,0,1,0,36.5℃,번개장터판매자,생활가전,,[출처] 번개장터 | [분석모델] V10 | [모델근거] text_variant | [원문링크] https://m.bunjang.co.kr/products/423903670
청소기,다이슨 청소기,다이슨 V11 220 에어와트 무선청소기풀세트,거래완료,"300,000원",,2026-08-10,0,8,0,36.5℃,번개장터판매자,생활가전,,[출처] 번개장터 | [분석모델] V11 | [모델근거] text_variant | [원문링크] https://m.bunjang.co.kr/products/394638108
청소기,다이슨 청소기,다이슨 DC35 무선청소기,거래완료,"27,000원",금호동,2026-08-10,0,0,0,36.5℃,번개장터판매자,생활가전,전남광주통합특별시 광양시 금호동,[출처] 번개장터 | [분석모델] DC35 | [모델근거] text_code | [원문링크] https://m.bunjang.co.kr/products/423500697
청소기,다이슨 청소기,다이슨 펜슬릭 플러피콘 청소기,거래완료,"400,000원",하단제1동,2026-08-09,0,0,0,36.5℃,번개장터판매자,생활가전,부산광역시 사하구 하단제1동,[출처] 번개장터 | [분석모델] 제품군 공통 | [모델근거] product_group | [원문설명] 다이슨 펜슬릭 플러피콘 새 상품입니다. 집에서 사용하지 않게 되어 판매합니다. 사진에 보이는 그대로 박스 개봉도 안 한 상태입니다. | [원문링크] https://m.bunjang.co.kr/products/423657521
청소기,다이슨 청소기,다이슨 V8 무선 청소기 플러피,거래완료,"95,000원",오류동,2026-08-08,0,6,0,36.5℃,번개장터판매자,생활가전,대전광역시 중구 오류동,[출처] 번개장터 | [분석모델] V8 | [모델근거] text_variant | [원문링크] https://m.bunjang.co.kr/products/417214784
청소기,다이슨 청소기,다이슨 청소기 v12,거래완료,"299,900원",,2026-08-08,0,1,0,36.5℃,번개장터판매자,생활가전,,[출처] 번개장터 | [분석모델] V12 | [모델근거] text_variant | [원문링크] https://m.bunjang.co.kr/products/423465399
청소기,다이슨 청소기,다이슨 V8 실버/레드 무선청소기 상태좋음,거래완료,"142,652원",,2026-08-07,0,0,0,36.5℃,번개장터판매자,생활가전,,[출처] 번개장터 | [분석모델] V8 | [모델근거] text_variant | [원문링크] https://m.bunjang.co.kr/products/423366692
청소기,다이슨 청소기,다이슨 펜슬백 플러피콘 청소기,거래완료,"450,000원",우제1동,2026-08-06,0,1,0,36.5℃,번개장터판매자,생활가전,부산광역시 해운대구 우제1동,[출처] 번개장터 | [분석모델] PENCILVAC | [모델근거] text_variant | [원문링크] https://m.bunjang.co.kr/products/423309412
청소기,다이슨 청소기,다이슨 v8무선청소기 풀세트급처,거래완료,"130,000원",,2026-08-05,0,9,0,36.5℃,번개장터판매자,생활가전,,[출처] 번개장터 | [분석모델] V8 | [모델근거] text_variant | [원문링크] https://m.bunjang.co.kr/products/394386556
청소기,다이슨 청소기,다이슨 무선 청소기 v11 sv14,거래완료,"80,000원",,2026-08-03,0,0,0,36.5℃,번개장터판매자,생활가전,,[출처] 번개장터 | [분석모델] V11 | [모델근거] text_variant | [원문링크] https://m.bunjang.co.kr/products/422898593
청소기,다이슨 청소기,dyson V6 다이슨 무선 청소기,거래완료,"60,000원",성복동,2026-08-03,0,4,0,36.5℃,번개장터판매자,생활가전,경기도 용인시 수지구 성복동,[출처] 번개장터 | [분석모델] V6 | [모델근거] text_variant | [원문링크] https://m.bunjang.co.kr/products/422581497
청소기,다이슨 청소기,다이슨 무선 청소기 V7 플러피,거래완료,"75,000원",오류동,2026-08-02,0,13,0,36.5℃,번개장터판매자,생활가전,대전광역시 중구 오류동,[출처] 번개장터 | [분석모델] V7 | [모델근거] text_variant | [원문링크] https://m.bunjang.co.kr/products/418621558
청소기,다이슨 청소기,다이슨V8 무선청소기 본체 + 풀세트 다드립니다,거래완료,"140,000원",,2026-08-02,0,6,0,36.5℃,번개장터판매자,생활가전,,[출처] 번개장터 | [분석모델] V8 | [모델근거] text_variant | [원문링크] https://m.bunjang.co.kr/products/394494705
청소기,다이슨 청소기,다이슨 청소기sv18 디지털 슬림,거래완료,"100,000원",,2026-07-31,0,1,0,36.5℃,번개장터판매자,생활가전,,[출처] 번개장터 | [분석모델] DIGITAL_SLIM | [모델근거] text_variant | [원문링크] https://m.bunjang.co.kr/products/422569023
청소기,다이슨 청소기,다이슨 v8무선청소기 액세서리 풀세트,거래완료,"120,000원",,2026-07-31,0,2,0,36.5℃,번개장터판매자,생활가전,,[출처] 번개장터 | [분석모델] V8 | [모델근거] text_variant | [원문링크] https://m.bunjang.co.kr/products/420814327
청소기,다이슨 청소기,다이슨청소기 일괄,거래완료,"30,000원",,2026-07-31,0,1,0,36.5℃,번개장터판매자,생활가전,,"[출처] 번개장터 | [분석모델] 제품군 공통 | [모델근거] product_group | [원문설명] 다이슨 청소기 4대와 거치대, 부속품 일괄로 판매합니다. 총 4대의 청소기가 있으며, 각각 상태는 사진을 참고해주세요. 다양한 부속품도 함께 드립니다. 구매 원하시면 바로 안전결제 해주시면 됩니다! | [원문링크] https://m.bunjang.co.kr/products/417839600"
청소기,다이슨 청소기,다이슨 무선청소기 sv10,거래완료,"35,000원",,2026-07-31,0,1,0,36.5℃,번개장터판매자,생활가전,,[출처] 번개장터 | [분석모델] V10 | [모델근거] text_variant | [원문링크] https://m.bunjang.co.kr/products/421282065
청소기,다이슨 청소기,다이슨 무선 청소기 v8 본체,거래완료,"25,000원",,2026-07-29,0,3,0,36.5℃,번개장터판매자,생활가전,,[출처] 번개장터 | [분석모델] V8 | [모델근거] text_variant | [원문링크] https://m.bunjang.co.kr/products/422327812
청소기,다이슨 청소기,다이슨 무선 청소기 V8(방전),거래완료,"25,000원",,2026-07-29,0,2,0,36.5℃,번개장터판매자,생활가전,,[출처] 번개장터 | [분석모델] V8 | [모델근거] text_variant | [원문링크] https://m.bunjang.co.kr/products/422327642
청소기,다이슨 청소기,다이슨V8청소기세트,거래완료,"100,000원",,2026-07-28,0,2,0,36.5℃,번개장터판매자,생활가전,,[출처] 번개장터 | [분석모델] V8 | [모델근거] text_variant | [원문링크] https://m.bunjang.co.kr/products/411819377
청소기,다이슨 청소기,다이슨V12 슬림 청소기 본체 개당가격,거래완료,"180,000원",,2026-07-26,0,3,0,36.5℃,번개장터판매자,생활가전,,[출처] 번개장터 | [분석모델] V12_SLIM | [모델근거] text_variant | [원문링크] https://m.bunjang.co.kr/products/393222482
청소기,다이슨 청소기,다이슨 V8 무선 청소기 본체,거래완료,"40,000원",덕천제1동,2026-07-25,0,1,0,36.5℃,번개장터판매자,생활가전,부산광역시 북구 덕천제1동,[출처] 번개장터 | [분석모델] V8 | [모델근거] text_variant | [원문링크] https://m.bunjang.co.kr/products/418405980
청소기,다이슨 청소기,다이슨 무선청소기,거래완료,"97,000원",호평동,2026-07-25,0,0,0,36.5℃,번개장터판매자,생활가전,경기도 남양주시 호평동,[출처] 번개장터 | [분석모델] 제품군 공통 | [모델근거] product_group | [원문설명] 한번 충전하면 제기준 32평 씁니다 먼지흡입 잘됩니다 먼지통비우고 전체적으로 깨끗이 닦아놨습니다 4번사진 버튼누르는부분 밑에 살짝 깨짐 있습니다 쓰는데 전혀 상관없습니다 감안해서 싸게 드립니다 안쓸땐 충전기에 꽂아놓으시면 됩니다 안전결제후 먼저오시는분 위주로 거래합니다 찔러보기 안됩니다 반품환불불가 택배거래시 6900원 추가 택배거래시 가끔 비매너 이신분이 계셔서 방문택배 신청후 절대 취소불가이니 신중한 거래 바랍니다 꼭 하실분만 매너거래 원합니다 | [원문링크] https://m.bunjang.co.kr/products/421604085
청소기,다이슨 청소기,다이슨 sv14 무선청소기,거래완료,"90,000원",,2026-07-24,0,0,0,36.5℃,번개장터판매자,생활가전,,[출처] 번개장터 | [분석모델] V11 | [모델근거] text_variant | [원문링크] https://m.bunjang.co.kr/products/413286817
청소기,다이슨 청소기,다이슨 무선 청소기 V6,거래완료,"55,000원",오류동,2026-07-23,0,0,0,36.5℃,번개장터판매자,생활가전,대전광역시 중구 오류동,[출처] 번개장터 | [분석모델] V6 | [모델근거] text_variant | [원문링크] https://m.bunjang.co.kr/products/421547673
청소기,다이슨 청소기,다이슨 V15 디텍트 컴플리트 무선청소기 (거 의새거) + 다이슨 정품 거치대 포함 입니다 컨디션 좋아요~+ 다이슨 정품 거치대  + 서브마린 물걸레툴 포함입니다 컨디션 좋아요~,거래완료,"300,000원",송현1.2동,2026-07-22,0,0,0,36.5℃,번개장터판매자,생활가전,인천광역시 제물포구 송현1.2동,[출처] 번개장터 | [분석모델] V15 | [모델근거] text_variant | [원문링크] https://m.bunjang.co.kr/products/421404915
청소기,다이슨 청소기,다이슨 v10 싸이클론 무선청소기,거래완료,"85,000원",,2026-07-22,0,2,0,36.5℃,번개장터판매자,생활가전,,[출처] 번개장터 | [분석모델] V10 | [모델근거] text_variant | [원문링크] https://m.bunjang.co.kr/products/419671408
청소기,다이슨 청소기,무배/미개봉 다이슨 360 로봇청소기 304631-01,거래완료,"404,000원",비전1동,2026-07-20,0,0,0,36.5℃,번개장터판매자,생활가전,경기도 평택시 비전1동,"[출처] 번개장터 | [분석모델] 360_VIS_NAV | [모델근거] detail_text_variant | [원문설명] 📢 다이슨 360 Vis Nav™ 로봇청소기 304631-01 (혼합색상) 판매 다이슨 360 Vis Nav™ 로봇청소기 304631-01 (혼합색상) 판매합니다. ✔️ 미개봉 · 미사용 상품 ✔️ 강력한 흡입력으로 먼지와 반려동물 털까지 효과적으로 청소 ✔️ 360° 비전 시스템과 스마트 내비게이션으로 집안 구조를 정확하게 인식 ✔️ 벽면 밀착 청소 기능으로 모서리와 가장자리까지 꼼꼼하게 청소 ✔️ 전용 앱 연동으로 청소 예약, 구역 설정 및 다양한 기능 사용 가능 ✔️ 자동 충전 기능으로 배터리가 부족하면 스스로 충전 후 청소를 이어갑니다. 미개봉·미사용 상품으로 선물용이나 새 제품을 찾으시는 분께 추천드립니다. 정상작동 검수 완료했으며, 직거래 및 택배(무료배송) 가능합니다. 궁금하신 점은 편하게 문의 주세요. ⚠ 구매 전 필수 안내 단순 변심에 의한 교환 및 환불은 불가합니다. 제품 상태 및 설명을 충분히 확인 후 신중한 구매 부탁드립니다. 🚚 고가 제품 택배 발송 안내 ‼️파손 면책 고지‼️ 본 제품은 고가 제품으로 배송 중 파손 위험이 있을 수 있어 사전 고지 후 발송됩니다. 택배사는 한진택배를 이용합니다. 제품은 완충 포장 및 안전 포장 후 발송됩니다. ✔ 택배 이동 과정(분류, 적재, 이동) 중 발생할 수 있는 파손 / 눌림 / 분실 / 배송지연 등에 대해서는 판매자가 책임지지 않습니다. ✔ 배송 중 문제 발생 시 택배사 규정 및 보상 기준에 따릅니다. ✔ 구매 시 위 내용에 동의한 것으로 간주됩니다. ※ 신중한 구매 부탁드립니다. ※ 단순변심 / 배송 사유로 교환 및 환불 불가 🔍 제품 상태 안내 ✔️ 판매 전 1~2회 검수 및 기본 작동 테스트 완료 ✔️ 제품에 따라 미사용 / 신품급 컨디션 🛍 매장 안내 | 오픈박스 평택점 📍 경기 평택시 죽백5로 11 (평택세무서 옆) 📞 031-8094-3040 노트북 · 태블릿 · TV · 생활가전 · 모바일기기 오픈박스 / 반품 / 리퍼 상품 초특가 판매 💰 정상가 대비 최대 50~80% 할인 📦 매일 새로운 상품 입고 🔥 좋은 상품은 먼저 오시는 분이 가져갑니다! | [원문링크] https://m.bunjang.co.kr/products/421023148"
청소기,다이슨 청소기,다이슨 무선 청소기 V7 플러피 레드,거래완료,"70,000원",오류동,2026-07-19,0,4,0,36.5℃,번개장터판매자,생활가전,대전광역시 중구 오류동,[출처] 번개장터 | [분석모델] V7 | [모델근거] text_variant | [원문링크] https://m.bunjang.co.kr/products/419958411
청소기,다이슨 청소기,다이슨 무선 청소기 V8 시리즈 액세서리 일괄,거래완료,"65,000원",,2026-07-19,0,1,0,36.5℃,번개장터판매자,생활가전,,[출처] 번개장터 | [분석모델] V8 | [모델근거] text_variant | [원문링크] https://m.bunjang.co.kr/products/420708558
청소기,다이슨 청소기,다이슨 무선 청소기 v6,거래완료,"18,000원",,2026-07-18,0,1,0,36.5℃,번개장터판매자,생활가전,,[출처] 번개장터 | [분석모델] V6 | [모델근거] text_variant | [원문링크] https://m.bunjang.co.kr/products/419732000
청소기,다이슨 청소기,다이슨 무선 청소기 V6+ 구성품 풀옵션,거래완료,"60,000원",오류동,2026-07-17,0,3,0,36.5℃,번개장터판매자,생활가전,대전광역시 중구 오류동,[출처] 번개장터 | [분석모델] V6 | [모델근거] text_variant | [원문링크] https://m.bunjang.co.kr/products/419005100
청소기,다이슨 청소기,다이슨 무선청소기 v7 본체 팝니다 부산 해운대,거래완료,"20,000원",우제3동,2026-07-17,0,0,0,36.5℃,번개장터판매자,생활가전,부산광역시 해운대구 우제3동,[출처] 번개장터 | [분석모델] V7 | [모델근거] text_variant | [원문링크] https://m.bunjang.co.kr/products/419424582
청소기,다이슨 청소기,dyson V8 다이슨 무선청소기.,거래완료,"80,000원",성복동,2026-07-14,0,0,0,36.5℃,번개장터판매자,생활가전,경기도 용인시 수지구 성복동,[출처] 번개장터 | [분석모델] V8 | [모델근거] text_variant | [원문링크] https://m.bunjang.co.kr/products/419784067
청소기,다이슨 청소기,다이슨 무선 청소기 V6,거래완료,"27,000원",,2026-07-13,0,1,0,36.5℃,번개장터판매자,생활가전,,[출처] 번개장터 | [분석모델] V6 | [모델근거] text_variant | [원문링크] https://m.bunjang.co.kr/products/419689328
청소기,다이슨 청소기,다이슨 청소기 흡입구 세트 (디지탈슬림 모델호환),거래완료,"27,500원",,2026-07-12,0,0,0,36.5℃,번개장터판매자,생활가전,,[출처] 번개장터 | [분석모델] 제품군 공통 | [모델근거] product_group | [원문설명] 왼쪽 첫번째거 한두번쓰고 다 새상품입니다 다이슨 정품입니다 | [원문링크] https://m.bunjang.co.kr/products/419268643
청소기,다이슨 청소기,다이슨V8 무선 청소기(새배터리) 판매 합니다.,거래완료,"135,000원",,2026-07-09,0,10,0,36.5℃,번개장터판매자,생활가전,,[출처] 번개장터 | [분석모델] V8 | [모델근거] text_variant | [원문링크] https://m.bunjang.co.kr/products/404788015
청소기,다이슨 청소기,다이슨 무선 청소기 V7 플러피,거래완료,"75,000원",오류동,2026-07-07,0,1,0,36.5℃,번개장터판매자,생활가전,대전광역시 중구 오류동,[출처] 번개장터 | [분석모델] V7 | [모델근거] text_variant | [원문링크] https://m.bunjang.co.kr/products/418230733
청소기,다이슨 청소기,dyson V10 다이슨 청소기 본체 (고장),거래완료,"45,000원",성복동,2026-07-06,0,1,0,36.5℃,번개장터판매자,생활가전,경기도 용인시 수지구 성복동,[출처] 번개장터 | [분석모델] V10 | [모델근거] text_variant | [원문링크] https://m.bunjang.co.kr/products/417480872
청소기,다이슨 청소기,다이슨 V8 무선 청소기 본체,거래완료,"40,000원",덕천제1동,2026-07-06,0,0,0,36.5℃,번개장터판매자,생활가전,부산광역시 북구 덕천제1동,[출처] 번개장터 | [분석모델] V8 | [모델근거] text_variant | [원문링크] https://m.bunjang.co.kr/products/417608212
청소기,다이슨 청소기,깨끗하게 세척한 다이슨 V6[DC62] 무선 청소기 본체(4분 연속동작),거래완료,"25,000원",흥해읍,2026-07-04,0,0,0,36.5℃,번개장터판매자,생활가전,경상북도 포항시 북구 흥해읍,[출처] 번개장터 | [분석모델] V6 | [모델근거] text_variant | [원문링크] https://m.bunjang.co.kr/products/417406588
청소기,다이슨 청소기,다이슨 무선 청소기,거래완료,"76,000원",,2026-07-03,0,1,0,36.5℃,번개장터판매자,생활가전,,[출처] 번개장터 | [분석모델] 제품군 공통 | [모델근거] product_group | [원문설명] 실물 상태 배터리 약해서 1분 안됩니다 교체후 쓰실 분만요 110볼트 전원선입니다 1번 사진 구성품으로 팝니다 저렴하게 판매하오니 사진 잘 보시고 구입하시면 좋겠습니다 | [원문링크] https://m.bunjang.co.kr/products/411529930
청소기,다이슨 청소기,다이슨 무선 청소기 퍼플,거래완료,"320,000원",용문동,2026-07-01,0,0,0,36.5℃,번개장터판매자,생활가전,대전광역시 서구 용문동,[출처] 번개장터 | [분석모델] 제품군 공통 | [모델근거] product_group | [원문설명] 다이슨 무선 청소기 퍼플색상입니다. 사진에 보이는 구성품 그대로 판매합니다. 상태는 사진으로 확인 부탁드립니다. 구매 원하시면 바로 채팅주세요 | [원문링크] https://m.bunjang.co.kr/products/417265499
청소기,다이슨 청소기,다이슨 SV50 펜슬백 플러피콘즈 무선 청소기,거래완료,"410,000원",봉담읍,2026-06-30,0,1,0,36.5℃,번개장터판매자,생활가전,경기도 화성시 효행구 봉담읍,[출처] 번개장터 | [분석모델] PENCILVAC | [모델근거] text_variant | [원문링크] https://m.bunjang.co.kr/products/416895896
청소기,다이슨 청소기,다이슨 V8 무선 청소기 본체,거래완료,"40,000원",덕천제1동,2026-06-30,0,3,0,36.5℃,번개장터판매자,생활가전,부산광역시 북구 덕천제1동,[출처] 번개장터 | [분석모델] V8 | [모델근거] text_variant | [원문링크] https://m.bunjang.co.kr/products/412820914
청소기,다이슨 청소기,다이슨v6 무선 청소기 본체,거래완료,"30,000원",,2026-06-29,0,0,0,36.5℃,번개장터판매자,생활가전,,[출처] 번개장터 | [분석모델] V6 | [모델근거] text_variant | [원문링크] https://m.bunjang.co.kr/products/406050489
청소기,다이슨 청소기,다이슨 V11 청소기,거래완료,"150,000원",,2026-06-29,0,0,0,36.5℃,번개장터판매자,생활가전,,[출처] 번개장터 | [분석모델] V11 | [모델근거] text_variant | [원문링크] https://m.bunjang.co.kr/products/416067082
청소기,다이슨 청소기,다이슨 스팟앤스크럽 Ai로봇 청소기,거래완료,"650,000원",,2026-06-28,0,0,0,36.5℃,번개장터판매자,생활가전,,[출처] 번개장터 | [분석모델] SPOT_AND_SCRUB | [모델근거] text_variant | [원문설명] S급 리퍼제품 입니다. 정상작동 및 점검 완료 했습니다. 제조년월일 25년09월19 입니다. 정상적인 AS가능합니다 | [원문링크] https://m.bunjang.co.kr/products/416126784
청소기,다이슨 청소기,다이슨 무선 청소기 V11 모터,거래완료,"50,000원",,2026-06-26,0,2,0,36.5℃,번개장터판매자,생활가전,,[출처] 번개장터 | [분석모델] V11 | [모델근거] text_variant | [원문링크] https://m.bunjang.co.kr/products/416066820
청소기,다이슨 청소기,다이슨v8 청소기 액세서리 세트,거래완료,"30,000원",,2026-06-24,0,0,0,36.5℃,번개장터판매자,생활가전,,[출처] 번개장터 | [분석모델] V8 | [모델근거] text_variant | [원문링크] https://m.bunjang.co.kr/products/415899044
청소기,다이슨 청소기,다이슨 V11 무선청소기 + 각종툴 (물세척완료),거래완료,"198,000원",,2026-06-22,0,1,0,36.5℃,번개장터판매자,생활가전,,[출처] 번개장터 | [분석모델] V11 | [모델근거] text_variant | [원문링크] https://m.bunjang.co.kr/products/339011931
청소기,다이슨 청소기,다이슨 V6 무선 청소기,거래완료,"37,000원",,2026-06-21,0,0,0,36.5℃,번개장터판매자,생활가전,,[출처] 번개장터 | [분석모델] V6 | [모델근거] text_variant | [원문링크] https://m.bunjang.co.kr/products/408217912
청소기,다이슨 청소기,다이슨v8 청소기 앱솔루트 풀세트,거래완료,"115,000원",,2026-06-21,0,5,0,36.5℃,번개장터판매자,생활가전,,[출처] 번개장터 | [분석모델] V8 | [모델근거] text_variant | [원문링크] https://m.bunjang.co.kr/products/393813771
청소기,다이슨 청소기,다이슨 무선 청소기 본체v7,거래완료,"95,000원",,2026-06-21,0,0,0,36.5℃,번개장터판매자,생활가전,,[출처] 번개장터 | [분석모델] V7 | [모델근거] text_variant | [원문링크] https://m.bunjang.co.kr/products/415112838
청소기,다이슨 청소기,다이슨 무선 청소기 V7 플러피 레드/블루,거래완료,"75,000원",오류동,2026-06-20,0,2,0,36.5℃,번개장터판매자,생활가전,대전광역시 중구 오류동,[출처] 번개장터 | [분석모델] V7 | [모델근거] text_variant | [원문링크] https://m.bunjang.co.kr/products/413105220
청소기,다이슨 청소기,다이슨 청소기 v10 슬림,거래완료,"110,000원",,2026-06-20,0,0,0,36.5℃,번개장터판매자,생활가전,,[출처] 번개장터 | [분석모델] V10 | [모델근거] text_variant | [원문링크] https://m.bunjang.co.kr/products/414496961
청소기,다이슨 청소기,다이슨 유선청소기 DC22  오리진,거래완료,"45,000원",,2026-06-19,0,1,0,36.5℃,번개장터판매자,생활가전,,[출처] 번개장터 | [분석모델] DC22 | [모델근거] text_code | [원문링크] https://m.bunjang.co.kr/products/414919328
청소기,다이슨 청소기,다이슨청소기 V8 용 호환품,거래완료,"15,000원",답십리제1동,2026-06-19,0,0,0,36.5℃,번개장터판매자,생활가전,서울특별시 동대문구 답십리제1동,[출처] 번개장터 | [분석모델] V8 | [모델근거] text_variant | [원문링크] https://m.bunjang.co.kr/products/412161480
청소기,다이슨 청소기,다이슨 SV10(V8) 무선청소기 판매합니다~~,거래완료,"42,000원",철산3동,2026-06-18,0,0,0,36.5℃,번개장터판매자,생활가전,경기도 광명시 철산3동,[출처] 번개장터 | [분석모델] V10 | [모델근거] text_variant | [원문링크] https://m.bunjang.co.kr/products/414789478
청소기,다이슨 청소기,다이슨 스팟앤스크럽 Ai로봇 청소기,거래완료,"650,000원",,2026-06-18,0,0,0,36.5℃,번개장터판매자,생활가전,,[출처] 번개장터 | [분석모델] SPOT_AND_SCRUB | [모델근거] text_variant | [원문설명] S급 리퍼제품 입니다. 정상작동 및 점검 완료 했습니다. 제조년월일 25년09월19 입니다. | [원문링크] https://m.bunjang.co.kr/products/414758276
청소기,다이슨 청소기,다이슨 SV18 청소기 판매합니다.,거래완료,"130,000원",,2026-06-17,0,0,0,36.5℃,번개장터판매자,생활가전,,[출처] 번개장터 | [분석모델] DIGITAL_SLIM | [모델근거] text_variant | [원문링크] https://m.bunjang.co.kr/products/414619656
청소기,다이슨 청소기,다이슨 청소기 v8,거래완료,"25,000원",,2026-06-16,0,0,0,36.5℃,번개장터판매자,생활가전,,[출처] 번개장터 | [분석모델] V8 | [모델근거] text_variant | [원문링크] https://m.bunjang.co.kr/products/414495915
청소기,다이슨 청소기,다이슨 청소기 v6,거래완료,"15,000원",,2026-06-16,0,0,0,36.5℃,번개장터판매자,생활가전,,[출처] 번개장터 | [분석모델] V6 | [모델근거] text_variant | [원문링크] https://m.bunjang.co.kr/products/414495114
청소기,다이슨 청소기,dyson V8 다이슨 무선청소기,거래완료,"80,000원",성복동,2026-06-16,0,0,0,36.5℃,번개장터판매자,생활가전,경기도 용인시 수지구 성복동,[출처] 번개장터 | [분석모델] V8 | [모델근거] text_variant | [원문링크] https://m.bunjang.co.kr/products/414307948
청소기,다이슨 청소기,다이슨청소기 V 11 용,거래완료,"22,000원",,2026-06-15,0,0,0,36.5℃,번개장터판매자,생활가전,,[출처] 번개장터 | [분석모델] V11 | [모델근거] text_variant | [원문링크] https://m.bunjang.co.kr/products/412160958
청소기,다이슨 청소기,다이슨 V8청소기 본체 및 액세서리,거래완료,"48,000원",,2026-06-13,0,2,0,36.5℃,번개장터판매자,생활가전,,[출처] 번개장터 | [분석모델] V8 | [모델근거] text_variant | [원문링크] https://m.bunjang.co.kr/products/413170677
청소기,다이슨 청소기,다이슨 V8 무선청소기 판매합니다~~,거래완료,"59,000원",철산3동,2026-06-12,0,0,0,36.5℃,번개장터판매자,생활가전,경기도 광명시 철산3동,[출처] 번개장터 | [분석모델] V8 | [모델근거] text_variant | [원문링크] https://m.bunjang.co.kr/products/413769966
청소기,다이슨 청소기,다이슨 유선청소기 연장선 프네시,거래완료,"30,000원",태평1동,2026-06-10,0,0,0,36.5℃,번개장터판매자,생활가전,경기도 성남시 수정구 태평1동,[출처] 번개장터 | [분석모델] 제품군 공통 | [모델근거] product_group | [원문설명] 다이슨 유선청소기 연장호스 연장봉 스프리드로라 깨끗한편입니다 | [원문링크] https://m.bunjang.co.kr/products/413515175
청소기,다이슨 청소기,다이슨 무선 청소기 옴니글라이드 퍼플골드,거래완료,"69,000원",,2026-06-08,0,0,0,36.5℃,번개장터판매자,생활가전,,[출처] 번개장터 | [분석모델] OMNI_GLIDE | [모델근거] text_variant | [원문링크] https://m.bunjang.co.kr/products/413122057
청소기,다이슨 청소기,다이슨 무선 청소기 본체다이슨 V8  V10호환 무선 청소기 본체,거래완료,"40,000원",법2동,2026-06-08,0,0,0,36.5℃,번개장터판매자,생활가전,대전광역시 대덕구 법2동,[출처] 번개장터 | [분석모델] V10 | [모델근거] text_variant | [원문링크] https://m.bunjang.co.kr/products/413090163
청소기,다이슨 청소기,다이슨 청소기 클린 워시,거래완료,"400,000원",진동면,2026-06-07,0,3,0,36.5℃,번개장터판매자,생활가전,경상남도 창원시 마산합포구 진동면,"[출처] 번개장터 | [분석모델] 제품군 공통 | [모델근거] product_group | [원문설명] 다이슨 클린앤워시 하이진 물걸레 청소기 판매해요 사진에 보이는 구성품 그대로 드려요 새 제품 가격은 619,000원이에요 26년 3월에 구입후 3회정도 사용했습니다만 사용감이 없을정도로 상태양호합니다 바닥 청소와 물걸레질을 한 번에 해결하고 걸레세척과 건조까지 할수 있습니다 물걸레청소와 세척을 한번에 해결하고 싶으신 분들께 추천드려요 구매의사있으시면 가격 조정가능합니다 구매 원하시면 바로 안전결제 해주시면 됩니다! | [원문링크] https://m.bunjang.co.kr/products/413051331"
청소기,다이슨 청소기,다이슨 디지털 슬림 무선 청소기,거래완료,"150,000원",삼성동,2026-06-07,0,1,0,36.5℃,번개장터판매자,생활가전,경상남도 양산시 삼성동,[출처] 번개장터 | [분석모델] DIGITAL_SLIM | [모델근거] text_variant | [원문링크] https://m.bunjang.co.kr/products/412943061
청소기,다이슨 청소기,다이슨 청소기 V7부터 V11 호환(미사용),거래완료,"17,000원",논현고잔동,2026-06-07,0,0,0,36.5℃,번개장터판매자,생활가전,인천광역시 남동구 논현고잔동,[출처] 번개장터 | [분석모델] V11 | [모델근거] text_variant | [원문링크] https://m.bunjang.co.kr/products/412161760
청소기,다이슨 청소기,다이슨 디지털 슬림 퍼플 청소기,거래완료,"150,000원",,2026-06-05,0,3,0,36.5℃,번개장터판매자,생활가전,,[출처] 번개장터 | [분석모델] DIGITAL_SLIM | [모델근거] text_variant | [원문링크] https://m.bunjang.co.kr/products/412503558
청소기,다이슨 청소기,다이슨 싸이클론 V10 플러피 플러스 무선청소기,거래완료,"160,000원",,2026-06-04,0,1,0,36.5℃,번개장터판매자,생활가전,,[출처] 번개장터 | [분석모델] V10 | [모델근거] text_variant | [원문링크] https://m.bunjang.co.kr/products/412288014
청소기,다이슨 청소기,다이슨V6 청소기,거래완료,"27,500원",,2026-06-02,0,0,0,36.5℃,번개장터판매자,생활가전,,[출처] 번개장터 | [분석모델] V6 | [모델근거] text_variant | [원문링크] https://m.bunjang.co.kr/products/411537219
청소기,다이슨 청소기,다이슨 싸이클론 V11엡솔루트청소기:6000Mah호환대용량 새밧데리,거래완료,"200,000원",,2026-05-30,0,3,0,36.5℃,번개장터판매자,생활가전,,[출처] 번개장터 | [분석모델] V11 | [모델근거] text_variant | [원문링크] https://m.bunjang.co.kr/products/411327336
청소기,다이슨 청소기,다이슨 청소기v8 본체  A급 개당가격,거래완료,"50,000원",,2026-05-05,0,7,0,36.5℃,번개장터판매자,생활가전,,[출처] 번개장터 | [분석모델] V8 | [모델근거] text_variant | [원문링크] https://m.bunjang.co.kr/products/376582547
청소기,다이슨 청소기,다이슨 V10  무선 청소기 판매합니다.,거래완료,"185,000원",,2026-04-26,0,8,0,36.5℃,번개장터판매자,생활가전,,[출처] 번개장터 | [분석모델] V10 | [모델근거] text_variant | [원문링크] https://m.bunjang.co.kr/products/379918031
청소기,다이슨 청소기,다이슨 청소기 세트,거래완료,"149,000원",일광면,2024-07-03,0,0,0,36.5℃,번개장터판매자,생활가전,부산광역시 기장군 일광면,"[출처] 번개장터 | [분석모델] 제품군 공통 | [모델근거] product_group | [원문설명] 다이슨 청소기 세트 ■ 기본 정보 · 사진에 있는 풀세트 그대로 드립니다. 전용 가방까지 포함되어 있습니다. · 정상 작동되는 것을 확인했습니다. ■ 상태 · 마지막 사진에 보이는 파손된 봉은 수리 후 사용하시면 됩니다. · 그 외 사용에 문제되는 부분은 없습니다. ■ 거래 · 부피가 큰 상품이라 대전 신성동 직거래를 권해 드립니다. · 가격 제안 받고 있습니다. 부담 없이 제안해 주세요. · 직거래 가능 : 대전 신성동 1층 · 번개페이 환영합니다. ■ 안내 · 추가 사진이 필요하시면 말씀해 주세요. 바로 찍어 보내 드립니다. · 사진에 없는 하자가 있다면 수령 후 24시간 안에 말씀해 주세요. 전액 환불해 드립니다. · 궁금한 점은 번개톡으로 편하게 물어봐 주세요. 관리번호 A-061 [상품 정보] - 상태: 고장/파손 상품 [배송 안내] - 택배비 3,000원 - 3만원 이상 구매 시 무료배송 - 여러 개 구매 시 묶음배송 가능 (번개톡 주세요) - 결제 후 1~3일 내 발송 | [원문링크] https://m.bunjang.co.kr/products/273706741"
마미케어,메디큐브 부스터프로,메디큐브 에이지알 AGE-R 부스터 프로 블랙,거래중,"106,380원",,2026-08-27,0,6,0,36.5℃,번개장터판매자,뷰티/미용,,[출처] 번개장터 | [분석모델] BOOSTER_PRO | [모델근거] text_variant | [원문링크] https://m.bunjang.co.kr/products/413987472
마미케어,메디큐브 부스터프로,메디큐브 부스터프로 블랙,거래중,"100,000원",,2026-08-27,0,9,0,36.5℃,번개장터판매자,뷰티/미용,,[출처] 번개장터 | [분석모델] BOOSTER_PRO | [모델근거] text_variant | [원문링크] https://m.bunjang.co.kr/products/424803213
마미케어,메디큐브 부스터프로,메디큐브 에이지알 부스터프로 새상품,거래중,"218,500원",,2026-08-27,0,1,0,36.5℃,번개장터판매자,뷰티/미용,,[출처] 번개장터 | [분석모델] BOOSTER_PRO | [모델근거] text_variant | [원문링크] https://m.bunjang.co.kr/products/411739289
마미케어,메디큐브 부스터프로,메디큐브 부스터프로,거래중,"120,000원",,2026-08-27,0,0,0,36.5℃,번개장터판매자,뷰티/미용,,[출처] 번개장터 | [분석모델] BOOSTER_PRO | [모델근거] text_variant | [원문링크] https://m.bunjang.co.kr/products/426128850
마미케어,메디큐브 부스터프로,미개봉 메디큐브 부스터프로 짱구+히알루로닉 크림 50ml+콜라겐 마스크팩 새상품 피부케어기기 뷰티디바이스,거래중,"289,000원",,2026-08-27,0,1,0,36.5℃,번개장터판매자,뷰티/미용,,[출처] 번개장터 | [분석모델] BOOSTER_PRO | [모델근거] text_variant | [원문링크] https://m.bunjang.co.kr/products/426042782
마미케어,메디큐브 부스터프로,메디큐브 에이지알 부스터 프로 미니 핑크,거래중,"37,000원",논현1동,2026-08-27,0,7,0,36.5℃,번개장터판매자,뷰티/미용,인천광역시 남동구 논현1동,[출처] 번개장터 | [분석모델] BOOSTER_PRO_MINI | [모델근거] text_variant | [원문링크] https://m.bunjang.co.kr/products/425517631
마미케어,메디큐브 부스터프로,메디큐브 에이지알부스터프로 짱구 에디션 뷰티디바이스,거래중,"150,000원",,2026-08-27,0,4,0,36.5℃,번개장터판매자,뷰티/미용,,[출처] 번개장터 | [분석모델] BOOSTER_PRO | [모델근거] text_variant | [원문링크] https://m.bunjang.co.kr/products/425528745
마미케어,메디큐브 부스터프로,메디큐브 AGE-R 부스터 프로 신짱구 에디션,거래중,"130,000원",,2026-08-27,0,5,0,36.5℃,번개장터판매자,뷰티/미용,,[출처] 번개장터 | [분석모델] BOOSTER_PRO | [모델근거] text_variant | [원문링크] https://m.bunjang.co.kr/products/423574538
마미케어,메디큐브 부스터프로,메디큐브 에이지알 부스터프로2,거래중,"280,000원",,2026-08-27,0,1,0,36.5℃,번개장터판매자,뷰티/미용,,[출처] 번개장터 | [분석모델] BOOSTER_PRO | [모델근거] text_variant | [원문링크] https://m.bunjang.co.kr/products/425300813
마미케어,메디큐브 부스터프로,메디큐브 부스터프로,거래중,"170,000원",,2026-08-27,0,10,0,36.5℃,번개장터판매자,뷰티/미용,,[출처] 번개장터 | [분석모델] BOOSTER_PRO | [모델근거] text_variant | [원문링크] https://m.bunjang.co.kr/products/409241621
마미케어,메디큐브 부스터프로,메디큐브 에이지알 부스터 프로 마이멜로디 에디션 미개봉 새상품,거래중,"440,000원",성북동,2026-08-27,0,4,0,36.5℃,번개장터판매자,뷰티/미용,전남광주통합특별시 나주시 성북동,[출처] 번개장터 | [분석모델] BOOSTER_PRO | [모델근거] text_variant | [원문링크] https://m.bunjang.co.kr/products/423979377
마미케어,메디큐브 부스터프로,메디큐브 에이지알 부스터프로 핑크 새상품,거래중,"147,000원",,2026-08-27,0,5,0,36.5℃,번개장터판매자,뷰티/미용,,[출처] 번개장터 | [분석모델] BOOSTER_PRO | [모델근거] text_variant | [원문링크] https://m.bunjang.co.kr/products/424681911
마미케어,메디큐브 부스터프로,메디큐브 에이지알 부스터프로 짱구+글루타치온 앰플 50ml+콜라겐 마스크팩 미개봉 새상품 피부관리기기 뷰티디바이스,거래중,"289,000원",,2026-08-27,0,1,0,36.5℃,번개장터판매자,뷰티/미용,,[출처] 번개장터 | [분석모델] BOOSTER_PRO | [모델근거] text_variant | [원문링크] https://m.bunjang.co.kr/products/426056247
마미케어,메디큐브 부스터프로,메디큐브 부스터프로,거래중,"85,000원",,2026-08-27,0,0,0,36.5℃,번개장터판매자,뷰티/미용,,[출처] 번개장터 | [분석모델] BOOSTER_PRO | [모델근거] text_variant | [원문링크] https://m.bunjang.co.kr/products/426039758
마미케어,메디큐브 부스터프로,(새제품)메디큐브 에이지알 부스터 프로 짱구 에디션 + 글루타치온 앰플,거래중,"290,000원",,2026-08-27,0,3,0,36.5℃,번개장터판매자,뷰티/미용,,[출처] 번개장터 | [분석모델] BOOSTER_PRO | [모델근거] text_variant | [원문링크] https://m.bunjang.co.kr/products/423181409
마미케어,메디큐브 부스터프로,메디큐브 부스터 프로 + 메디큐브 톤업 썬크림,거래중,"130,000원",,2026-08-27,0,0,0,36.5℃,번개장터판매자,뷰티/미용,,[출처] 번개장터 | [분석모델] BOOSTER_PRO | [모델근거] text_variant | [원문링크] https://m.bunjang.co.kr/products/426015852
마미케어,메디큐브 부스터프로,메디큐브 에이지알 부스터 프로 블랙,거래중,"86,000원",,2026-08-27,0,0,0,36.5℃,번개장터판매자,뷰티/미용,,[출처] 번개장터 | [분석모델] BOOSTER_PRO | [모델근거] text_variant | [원문링크] https://m.bunjang.co.kr/products/426007794
마미케어,메디큐브 부스터프로,메디큐브 부스터 브이 롤러(중고) + 부스터 프로 미니(새상품) 일괄,거래중,"120,000원",반포3동,2026-08-27,0,3,0,36.5℃,번개장터판매자,뷰티/미용,서울특별시 서초구 반포3동,[출처] 번개장터 | [분석모델] BOOSTER_PRO_MINI | [모델근거] text_variant | [원문링크] https://m.bunjang.co.kr/products/424380095
마미케어,메디큐브 부스터프로,메디큐브 에이지알 부스터 프로 미니 플러스,거래중,"43,000원",수유1동,2026-08-27,0,1,0,36.5℃,번개장터판매자,뷰티/미용,서울특별시 강북구 수유1동,[출처] 번개장터 | [분석모델] BOOSTER_PRO_MINI | [모델근거] text_variant | [원문링크] https://m.bunjang.co.kr/products/425994241
마미케어,메디큐브 부스터프로,메디큐브 에이지알 부스터 프로 블랙,거래중,"139,000원",,2026-08-27,0,11,0,36.5℃,번개장터판매자,뷰티/미용,,[출처] 번개장터 | [분석모델] BOOSTER_PRO | [모델근거] text_variant | [원문링크] https://m.bunjang.co.kr/products/416429156
마미케어,메디큐브 부스터프로,메디큐브 부스터프로 미개봉,거래중,"180,000원",정릉제4동,2026-08-27,0,11,0,36.5℃,번개장터판매자,뷰티/미용,서울특별시 성북구 정릉제4동,[출처] 번개장터 | [분석모델] BOOSTER_PRO | [모델근거] text_variant | [원문링크] https://m.bunjang.co.kr/products/422215986
마미케어,메디큐브 부스터프로,메디큐브 부스터프로 상태굿 급전때문에 급처해요,거래중,"80,000원",잠실본동,2026-08-27,0,0,0,36.5℃,번개장터판매자,뷰티/미용,서울특별시 송파구 잠실본동,[출처] 번개장터 | [분석모델] BOOSTER_PRO | [모델근거] text_variant | [원문링크] https://m.bunjang.co.kr/products/425971083
마미케어,메디큐브 부스터프로,메디큐브 에이지알 부스터 프로(새제품),거래중,"192,000원",,2026-08-26,0,9,0,36.5℃,번개장터판매자,뷰티/미용,,[출처] 번개장터 | [분석모델] BOOSTER_PRO | [모델근거] text_variant | [원문링크] https://m.bunjang.co.kr/products/421381821
마미케어,메디큐브 부스터프로,메디큐브 부스터프로,거래중,"200,000원",,2026-08-26,0,10,0,36.5℃,번개장터판매자,뷰티/미용,,[출처] 번개장터 | [분석모델] BOOSTER_PRO | [모델근거] text_variant | [원문링크] https://m.bunjang.co.kr/products/353109694
마미케어,메디큐브 부스터프로,메디큐브 에이지알 부스터 프로 짱구에디션,거래중,"229,000원",,2026-08-26,0,7,0,36.5℃,번개장터판매자,뷰티/미용,,[출처] 번개장터 | [분석모델] BOOSTER_PRO | [모델근거] text_variant | [원문링크] https://m.bunjang.co.kr/products/416557581
마미케어,메디큐브 부스터프로,메디큐브 부스터프로  딥샷 에이지알 더마샷 판매,거래중,"200,000원",,2026-08-26,0,3,0,36.5℃,번개장터판매자,뷰티/미용,,[출처] 번개장터 | [분석모델] BOOSTER_PRO | [모델근거] text_variant | [원문링크] https://m.bunjang.co.kr/products/413062646
마미케어,메디큐브 부스터프로,메디큐브 부스터 프로 발렌타인 한정 에디션,거래중,"128,000원",,2026-08-26,0,14,0,36.5℃,번개장터판매자,뷰티/미용,,[출처] 번개장터 | [분석모델] BOOSTER_PRO | [모델근거] text_variant | [원문링크] https://m.bunjang.co.kr/products/417651002
마미케어,메디큐브 부스터프로,메디큐브 부스터프로 2(미개봉 새상품)+멀티밤+두피강화세럼,거래중,"190,000원",,2026-08-26,0,10,0,36.5℃,번개장터판매자,뷰티/미용,,[출처] 번개장터 | [분석모델] BOOSTER_PRO | [모델근거] text_variant | [원문링크] https://m.bunjang.co.kr/products/425532239
마미케어,메디큐브 부스터프로,[메디큐브] 에이지알 부스터프로,거래중,"93,600원",,2026-08-26,0,6,0,36.5℃,번개장터판매자,뷰티/미용,,[출처] 번개장터 | [분석모델] BOOSTER_PRO | [모델근거] text_variant | [원문링크] https://m.bunjang.co.kr/products/424839175
마미케어,메디큐브 부스터프로,메디큐브 부스터 프로,거래중,"110,000원",,2026-08-26,0,5,0,36.5℃,번개장터판매자,뷰티/미용,,[출처] 번개장터 | [분석모델] BOOSTER_PRO | [모델근거] text_variant | [원문링크] https://m.bunjang.co.kr/products/424985040
마미케어,메디큐브 부스터프로,메디큐브 에이지알 부스터 프로 쿠로미 에디션,거래중,"280,000원",,2026-08-26,0,5,0,36.5℃,번개장터판매자,뷰티/미용,,[출처] 번개장터 | [분석모델] BOOSTER_PRO | [모델근거] text_variant | [원문링크] https://m.bunjang.co.kr/products/420011456
마미케어,메디큐브 부스터프로,메디큐브 부스터 프로 미니플러스 핑크,거래중,"80,000원",,2026-08-26,0,2,0,36.5℃,번개장터판매자,뷰티/미용,,[출처] 번개장터 | [분석모델] BOOSTER_PRO_MINI | [모델근거] text_variant | [원문링크] https://m.bunjang.co.kr/products/424438204
마미케어,메디큐브 부스터프로,메디큐브 부스터프로 핑크 장원영 / 미개봉 새상품 저렴하게,거래중,"269,000원",불광제1동,2026-08-26,0,10,0,36.5℃,번개장터판매자,뷰티/미용,서울특별시 은평구 불광제1동,[출처] 번개장터 | [분석모델] BOOSTER_PRO | [모델근거] text_variant | [원문링크] https://m.bunjang.co.kr/products/371477260
마미케어,메디큐브 부스터프로,메디큐브 에이지알 부스터 프로 (새제품),거래중,"185,000원",,2026-08-26,0,4,0,36.5℃,번개장터판매자,뷰티/미용,,[출처] 번개장터 | [분석모델] BOOSTER_PRO | [모델근거] text_variant | [원문링크] https://m.bunjang.co.kr/products/423278070
마미케어,메디큐브 부스터프로,메디큐브 AGE-R 부스터 프로,거래중,"150,000원",,2026-08-26,0,0,0,36.5℃,번개장터판매자,뷰티/미용,,[출처] 번개장터 | [분석모델] BOOSTER_PRO | [모델근거] text_variant | [원문링크] https://m.bunjang.co.kr/products/425616089
마미케어,메디큐브 부스터프로,메디큐브 부스터프로 age r,거래중,"150,000원",신정6동,2026-08-26,0,0,0,36.5℃,번개장터판매자,뷰티/미용,서울특별시 양천구 신정6동,[출처] 번개장터 | [분석모델] BOOSTER_PRO | [모델근거] text_variant | [원문링크] https://m.bunjang.co.kr/products/425616050
마미케어,메디큐브 부스터프로,메디큐브 부스터프로 쿠로미 에디션 (새상품),거래중,"300,000원",,2026-08-26,0,6,0,36.5℃,번개장터판매자,뷰티/미용,,[출처] 번개장터 | [분석모델] BOOSTER_PRO | [모델근거] text_variant | [원문링크] https://m.bunjang.co.kr/products/423840298
마미케어,메디큐브 부스터프로,메디큐브 부스터프로,거래중,"90,000원",,2026-08-26,0,1,0,36.5℃,번개장터판매자,뷰티/미용,,[출처] 번개장터 | [분석모델] BOOSTER_PRO | [모델근거] text_variant | [원문링크] https://m.bunjang.co.kr/products/425607571
마미케어,메디큐브 부스터프로,메디큐브 부스터 프로 스페셜 에디션,거래중,"250,000원",,2026-08-26,0,4,0,36.5℃,번개장터판매자,뷰티/미용,,[출처] 번개장터 | [분석모델] BOOSTER_PRO | [모델근거] text_variant | [원문링크] https://m.bunjang.co.kr/products/414202836
마미케어,메디큐브 부스터프로,메디큐브 에이지알 부스터 프로 쿠로미 에디션 새상품,거래중,"450,000원",,2026-08-26,0,12,0,36.5℃,번개장터판매자,뷰티/미용,,[출처] 번개장터 | [분석모델] BOOSTER_PRO | [모델근거] text_variant | [원문링크] https://m.bunjang.co.kr/products/390675670
마미케어,메디큐브 부스터프로,미개봉/메디큐브 에이지알 부스터 프로 X2 (핑크),거래중,"249,000원",금호1가동,2026-08-26,0,21,0,36.5℃,번개장터판매자,뷰티/미용,서울특별시 성동구 금호1가동,[출처] 번개장터 | [분석모델] BOOSTER_PRO | [모델근거] text_variant | [원문링크] https://m.bunjang.co.kr/products/421654062
마미케어,메디큐브 부스터프로,메디큐브 에이지알 부스터프로 미니플러스 베이지,거래중,"80,000원",장전제1동,2026-08-26,0,0,0,36.5℃,번개장터판매자,뷰티/미용,부산광역시 금정구 장전제1동,[출처] 번개장터 | [분석모델] BOOSTER_PRO_MINI | [모델근거] text_variant | [원문링크] https://m.bunjang.co.kr/products/425595172
마미케어,메디큐브 부스터프로,메디큐브 에이지알 부스터프로,거래중,"230,000원",,2026-08-26,0,15,0,36.5℃,번개장터판매자,뷰티/미용,,[출처] 번개장터 | [분석모델] BOOSTER_PRO | [모델근거] text_variant | [원문링크] https://m.bunjang.co.kr/products/276914580
마미케어,메디큐브 부스터프로,메디큐브부스터프로,거래중,"230,000원",,2026-08-26,0,4,0,36.5℃,번개장터판매자,뷰티/미용,,[출처] 번개장터 | [분석모델] BOOSTER_PRO | [모델근거] text_variant | [원문링크] https://m.bunjang.co.kr/products/355662332
마미케어,메디큐브 부스터프로,메디큐브 부스터프로 쿠로미에디션,거래중,"200,000원",,2026-08-25,0,14,0,36.5℃,번개장터판매자,뷰티/미용,,[출처] 번개장터 | [분석모델] BOOSTER_PRO | [모델근거] text_variant | [원문링크] https://m.bunjang.co.kr/products/416224127
마미케어,메디큐브 부스터프로,"[Well247 , 메디큐브] 바디튠핏 V2 + 페이스튠핏 / 부스터 프로 X2 핑크 판매",거래중,"129,000원",,2026-08-25,0,3,0,36.5℃,번개장터판매자,뷰티/미용,,[출처] 번개장터 | [분석모델] BOOSTER_PRO | [모델근거] text_variant | [원문링크] https://m.bunjang.co.kr/products/425574821
마미케어,메디큐브 부스터프로,메디큐브 부스터프로 뷰티 디바이스 핑크,거래중,"200,000원",,2026-08-25,0,3,0,36.5℃,번개장터판매자,뷰티/미용,,[출처] 번개장터 | [분석모델] BOOSTER_PRO | [모델근거] text_variant | [원문링크] https://m.bunjang.co.kr/products/416362519
마미케어,메디큐브 부스터프로,메디큐브 에이지알 부스터프로,거래중,"100,000원",,2026-08-25,0,4,0,36.5℃,번개장터판매자,뷰티/미용,,[출처] 번개장터 | [분석모델] BOOSTER_PRO | [모델근거] text_variant | [원문링크] https://m.bunjang.co.kr/products/425567506
마미케어,메디큐브 부스터프로,미개봉) 메디큐브 부스터프로 퍼플,거래중,"165,000원",,2026-08-25,0,6,0,36.5℃,번개장터판매자,뷰티/미용,,[출처] 번개장터 | [분석모델] BOOSTER_PRO | [모델근거] text_variant | [원문링크] https://m.bunjang.co.kr/products/422798823
마미케어,메디큐브 부스터프로,(미개봉 새제품) 메디큐브 AGE-R 부스터 프로 블랙,거래중,"160,000원",계산1동,2026-08-25,0,11,0,36.5℃,번개장터판매자,뷰티/미용,인천광역시 계양구 계산1동,[출처] 번개장터 | [분석모델] BOOSTER_PRO | [모델근거] text_variant | [원문링크] https://m.bunjang.co.kr/products/422624150
마미케어,메디큐브 부스터프로,메디큐브 부스터프로 짱구 에디션,거래중,"200,000원",안심3.4동,2026-08-25,0,0,0,36.5℃,번개장터판매자,뷰티/미용,대구광역시 동구 안심3.4동,[출처] 번개장터 | [분석모델] BOOSTER_PRO | [모델근거] text_variant | [원문링크] https://m.bunjang.co.kr/products/425553783
마미케어,메디큐브 부스터프로,메디큐브 에이지알 부스터프로 라벤더 퍼플 보라색 패키지,거래중,"210,000원",,2026-08-25,0,1,0,36.5℃,번개장터판매자,뷰티/미용,,[출처] 번개장터 | [분석모델] BOOSTER_PRO | [모델근거] text_variant | [원문링크] https://m.bunjang.co.kr/products/424668768
마미케어,메디큐브 부스터프로,메디큐브 에이지알 부스터 프로 미니 핑크,거래중,"45,000원",,2026-08-25,0,11,0,36.5℃,번개장터판매자,뷰티/미용,,[출처] 번개장터 | [분석모델] BOOSTER_PRO_MINI | [모델근거] text_variant | [원문링크] https://m.bunjang.co.kr/products/424179616
마미케어,메디큐브 부스터프로,메디큐브 부스터프로1 핑크 본품,거래중,"90,000원",,2026-08-25,0,44,0,36.5℃,번개장터판매자,뷰티/미용,,[출처] 번개장터 | [분석모델] BOOSTER_PRO | [모델근거] text_variant | [원문링크] https://m.bunjang.co.kr/products/419721431
마미케어,메디큐브 부스터프로,메디큐브 에이지알 부스터 프로 블랙,거래중,"130,000원",,2026-08-25,0,14,0,36.5℃,번개장터판매자,뷰티/미용,,[출처] 번개장터 | [분석모델] BOOSTER_PRO | [모델근거] text_variant | [원문링크] https://m.bunjang.co.kr/products/404196663
마미케어,메디큐브 부스터프로,메디큐브 에이지알 부스터 프로 마이멜로디 에디션,거래중,"210,000원",,2026-08-25,0,5,0,36.5℃,번개장터판매자,뷰티/미용,,[출처] 번개장터 | [분석모델] BOOSTER_PRO | [모델근거] text_variant | [원문링크] https://m.bunjang.co.kr/products/425498600
마미케어,메디큐브 부스터프로,메디큐브 에이지알 부스터 프로,거래중,"113,000원",,2026-08-25,0,32,0,36.5℃,번개장터판매자,뷰티/미용,,[출처] 번개장터 | [분석모델] BOOSTER_PRO | [모델근거] text_variant | [원문링크] https://m.bunjang.co.kr/products/405679831
마미케어,메디큐브 부스터프로,메디큐브 AGE-R 에이지알 부스터 프로,거래중,"140,000원",효자3동,2026-08-25,0,1,0,36.5℃,번개장터판매자,뷰티/미용,전북특별자치도 전주시 완산구 효자3동,[출처] 번개장터 | [분석모델] BOOSTER_PRO | [모델근거] text_variant | [원문링크] https://m.bunjang.co.kr/products/425475572
마미케어,메디큐브 부스터프로,미개봉 메디큐브 부스터프로X2 핑크,거래중,"280,000원",,2026-08-25,0,2,0,36.5℃,번개장터판매자,뷰티/미용,,[출처] 번개장터 | [분석모델] BOOSTER_PRO | [모델근거] text_variant | [원문링크] https://m.bunjang.co.kr/products/425475185
마미케어,메디큐브 부스터프로,메디큐브 에이지알 부스터 프로 미니,거래중,"50,000원",,2026-08-24,0,17,0,36.5℃,번개장터판매자,뷰티/미용,,[출처] 번개장터 | [분석모델] BOOSTER_PRO_MINI | [모델근거] text_variant | [원문링크] https://m.bunjang.co.kr/products/354101372
마미케어,메디큐브 부스터프로,메디큐브 에이지알 부스터 프로 미니 플러스 짱구 에디션,거래중,"105,000원",,2026-08-24,0,2,0,36.5℃,번개장터판매자,뷰티/미용,,[출처] 번개장터 | [분석모델] BOOSTER_PRO_MINI | [모델근거] text_variant | [원문링크] https://m.bunjang.co.kr/products/423200235
마미케어,메디큐브 부스터프로,메디큐브 부스터프로 핑크,거래중,"145,000원",,2026-08-24,0,5,0,36.5℃,번개장터판매자,뷰티/미용,,[출처] 번개장터 | [분석모델] BOOSTER_PRO | [모델근거] text_variant | [원문링크] https://m.bunjang.co.kr/products/411537213
마미케어,메디큐브 부스터프로,메디큐브 에이지알 부스터 프로 블랙,거래중,"140,000원",,2026-08-24,0,6,0,36.5℃,번개장터판매자,뷰티/미용,,[출처] 번개장터 | [분석모델] BOOSTER_PRO | [모델근거] text_variant | [원문링크] https://m.bunjang.co.kr/products/421143856
마미케어,메디큐브 부스터프로,메디큐브 에이지알 부스터 프로 블랙 새상품,거래중,"180,000원",,2026-08-24,0,2,0,36.5℃,번개장터판매자,뷰티/미용,,[출처] 번개장터 | [분석모델] BOOSTER_PRO | [모델근거] text_variant | [원문링크] https://m.bunjang.co.kr/products/425362535
마미케어,메디큐브 부스터프로,메디큐브 에이지알 부스터 프로 뷰티디바이스 부스터프로,거래중,"160,000원",,2026-08-24,0,4,0,36.5℃,번개장터판매자,뷰티/미용,,[출처] 번개장터 | [분석모델] BOOSTER_PRO | [모델근거] text_variant | [원문링크] https://m.bunjang.co.kr/products/409613101
마미케어,메디큐브 부스터프로,메디큐브 부스터프로,거래중,"179,000원",,2026-08-23,0,4,0,36.5℃,번개장터판매자,뷰티/미용,,[출처] 번개장터 | [분석모델] BOOSTER_PRO | [모델근거] text_variant | [원문링크] https://m.bunjang.co.kr/products/376190434
마미케어,메디큐브 부스터프로,메디큐브 부스터 프로 발렌타인 한정 에디션,거래중,"295,000원",,2026-08-23,0,0,0,36.5℃,번개장터판매자,뷰티/미용,,[출처] 번개장터 | [분석모델] BOOSTER_PRO | [모델근거] text_variant | [원문링크] https://m.bunjang.co.kr/products/420863485
마미케어,메디큐브 부스터프로,메디큐브 부스터프로 미니플러스 핑크,거래중,"65,000원",,2026-08-23,0,3,0,36.5℃,번개장터판매자,뷰티/미용,,[출처] 번개장터 | [분석모델] BOOSTER_PRO_MINI | [모델근거] text_variant | [원문링크] https://m.bunjang.co.kr/products/423911111
마미케어,메디큐브 부스터프로,메디큐브 부스터프로 미니 플러스,거래중,"103,000원",운서동,2026-08-23,0,13,0,36.5℃,번개장터판매자,뷰티/미용,인천광역시 중구 운서동,[출처] 번개장터 | [분석모델] BOOSTER_PRO_MINI | [모델근거] text_variant | [원문링크] https://m.bunjang.co.kr/products/388802646
마미케어,메디큐브 부스터프로,메디큐브 부스터프로 마이멜로디 콜라보 판매,거래중,"230,000원",,2026-08-23,0,11,0,36.5℃,번개장터판매자,뷰티/미용,,[출처] 번개장터 | [분석모델] BOOSTER_PRO | [모델근거] text_variant | [원문링크] https://m.bunjang.co.kr/products/423133988
마미케어,메디큐브 부스터프로,미개봉 메디큐브 에이지알 부스터 프로 미니 핑크,거래중,"100,000원",,2026-08-23,0,0,0,36.5℃,번개장터판매자,뷰티/미용,,[출처] 번개장터 | [분석모델] BOOSTER_PRO_MINI | [모델근거] text_variant | [원문링크] https://m.bunjang.co.kr/products/425300120
마미케어,메디큐브 부스터프로,메디큐브 에이지알 부스터프로,거래중,"185,000원",,2026-08-23,0,0,0,36.5℃,번개장터판매자,뷰티/미용,,[출처] 번개장터 | [분석모델] BOOSTER_PRO | [모델근거] text_variant | [원문링크] https://m.bunjang.co.kr/products/420530700
마미케어,메디큐브 부스터프로,메디큐브 에이지알 부스터프로X2 핑크 새상품,거래중,"269,000원",,2026-08-23,0,2,0,36.5℃,번개장터판매자,뷰티/미용,,[출처] 번개장터 | [분석모델] BOOSTER_PRO | [모델근거] text_variant | [원문링크] https://m.bunjang.co.kr/products/425265943
마미케어,메디큐브 부스터프로,마이멜로디 메디큐브 에이지알 부스터 프로 미니+케이블+크림 드려요~!,거래중,"50,000원",신장2동,2026-08-23,0,4,0,36.5℃,번개장터판매자,뷰티/미용,경기도 오산시 신장2동,[출처] 번개장터 | [분석모델] BOOSTER_PRO_MINI | [모델근거] text_variant | [원문링크] https://m.bunjang.co.kr/products/425263630
마미케어,메디큐브 부스터프로,(미개봉) 메디큐브 에이지알 부스터프로X2  2세대 화이트,거래중,"230,000원",중계2.3동,2026-08-23,0,3,0,36.5℃,번개장터판매자,뷰티/미용,서울특별시 노원구 중계2.3동,[출처] 번개장터 | [분석모델] BOOSTER_PRO | [모델근거] text_variant | [원문링크] https://m.bunjang.co.kr/products/424866074
마미케어,메디큐브 부스터프로,메디큐브~부스터프로,거래중,"170,000원",,2026-08-23,0,0,0,36.5℃,번개장터판매자,뷰티/미용,,[출처] 번개장터 | [분석모델] BOOSTER_PRO | [모델근거] text_variant | [원문링크] https://m.bunjang.co.kr/products/425219405
마미케어,메디큐브 부스터프로,메디큐브 부스터 프로  마이멜로디 에디션,거래중,"259,000원",,2026-08-22,0,7,0,36.5℃,번개장터판매자,뷰티/미용,,[출처] 번개장터 | [분석모델] BOOSTER_PRO | [모델근거] text_variant | [원문링크] https://m.bunjang.co.kr/products/422847651
마미케어,메디큐브 부스터프로,메디큐브 에이지알 부스터프로 짱구 에디션,거래중,"210,000원",,2026-08-22,0,4,0,36.5℃,번개장터판매자,뷰티/미용,,[출처] 번개장터 | [분석모델] BOOSTER_PRO | [모델근거] text_variant | [원문링크] https://m.bunjang.co.kr/products/415688016
마미케어,메디큐브 부스터프로,[*정품/미개봉] 메디큐브 에이지알 부스터 프로 핑크 새상품,거래중,"190,000원",,2026-08-22,0,44,0,36.5℃,번개장터판매자,뷰티/미용,,[출처] 번개장터 | [분석모델] BOOSTER_PRO | [모델근거] text_variant | [원문링크] https://m.bunjang.co.kr/products/378721473
마미케어,메디큐브 부스터프로,(택포 새상품) 메디큐브 부스터프로 미니 + pdrn 핑크앰플(리필포함),거래중,"110,000원",,2026-08-22,0,5,0,36.5℃,번개장터판매자,뷰티/미용,,[출처] 번개장터 | [분석모델] BOOSTER_PRO_MINI | [모델근거] text_variant | [원문링크] https://m.bunjang.co.kr/products/412428885
마미케어,메디큐브 부스터프로,메디큐브 부스터 프로 보증기간 남음 새것무상교체,거래중,"110,000원",,2026-08-22,0,2,0,36.5℃,번개장터판매자,뷰티/미용,,[출처] 번개장터 | [분석모델] BOOSTER_PRO | [모델근거] text_variant | [원문링크] https://m.bunjang.co.kr/products/425133650
마미케어,메디큐브 부스터프로,[정품] 메디큐브 에이지알 부스터 프로 미니 핑크,거래중,"88,000원",,2026-08-21,0,3,0,36.5℃,번개장터판매자,뷰티/미용,,[출처] 번개장터 | [분석모델] BOOSTER_PRO_MINI | [모델근거] text_variant | [원문링크] https://m.bunjang.co.kr/products/419202984
마미케어,메디큐브 부스터프로,[미개봉 새상품] 메디큐브 에이지알 부스터 프로 핑크 에디션 + PDRN 젤 + 캡세트,거래중,"180,000원",양평제2동,2026-08-21,0,3,0,36.5℃,번개장터판매자,뷰티/미용,서울특별시 영등포구 양평제2동,[출처] 번개장터 | [분석모델] BOOSTER_PRO | [모델근거] text_variant | [원문링크] https://m.bunjang.co.kr/products/425059062
마미케어,메디큐브 부스터프로,메디큐브 에이지알 부스터프로X2 화이트,거래중,"290,000원",장위제2동,2026-08-21,0,5,0,36.5℃,번개장터판매자,뷰티/미용,서울특별시 성북구 장위제2동,[출처] 번개장터 | [분석모델] BOOSTER_PRO | [모델근거] text_variant | [원문링크] https://m.bunjang.co.kr/products/418539717
마미케어,메디큐브 부스터프로,메디큐브 에이지알 부스터프로X2,거래중,"320,000원",,2026-08-21,0,0,0,36.5℃,번개장터판매자,뷰티/미용,,[출처] 번개장터 | [분석모델] BOOSTER_PRO | [모델근거] text_variant | [원문링크] https://m.bunjang.co.kr/products/425037128
마미케어,메디큐브 부스터프로,메디큐브 에이지알 부스터 프로 미개봉 새상품,거래중,"270,000원",,2026-08-21,0,1,0,36.5℃,번개장터판매자,뷰티/미용,,[출처] 번개장터 | [분석모델] BOOSTER_PRO | [모델근거] text_variant | [원문링크] https://m.bunjang.co.kr/products/386396123
마미케어,메디큐브 부스터프로,메디큐브 부스터프로 미니 화이트,거래중,"70,000원",,2026-08-21,0,3,0,36.5℃,번개장터판매자,뷰티/미용,,[출처] 번개장터 | [분석모델] BOOSTER_PRO_MINI | [모델근거] text_variant | [원문링크] https://m.bunjang.co.kr/products/395528007
마미케어,메디큐브 부스터프로,메디큐브 에이지알 부스터프로,거래중,"120,000원",,2026-08-20,0,2,0,36.5℃,번개장터판매자,뷰티/미용,,[출처] 번개장터 | [분석모델] BOOSTER_PRO | [모델근거] text_variant | [원문링크] https://m.bunjang.co.kr/products/424997220
마미케어,메디큐브 부스터프로,메디큐브 부스터프로 핑크,거래중,"129,000원",송도5동,2026-08-20,0,18,0,36.5℃,번개장터판매자,뷰티/미용,인천광역시 연수구 송도5동,[출처] 번개장터 | [분석모델] BOOSTER_PRO | [모델근거] text_variant | [원문링크] https://m.bunjang.co.kr/products/417968926
마미케어,메디큐브 부스터프로,메디큐브 에이지알 부스터프로 핑크+PDRN 부스터젤+캡뚜껑,거래중,"180,000원",,2026-08-20,0,0,0,36.5℃,번개장터판매자,뷰티/미용,,[출처] 번개장터 | [분석모델] BOOSTER_PRO | [모델근거] text_variant | [원문링크] https://m.bunjang.co.kr/products/413366801
마미케어,메디큐브 부스터프로,메디큐브 부스터프로,거래중,"180,000원",,2026-08-20,0,31,0,36.5℃,번개장터판매자,뷰티/미용,,[출처] 번개장터 | [분석모델] BOOSTER_PRO | [모델근거] text_variant | [원문링크] https://m.bunjang.co.kr/products/292785710
마미케어,메디큐브 부스터프로,메디큐브 부스터 프로 짱구 에디션,거래중,"150,000원",반포3동,2026-08-20,0,1,0,36.5℃,번개장터판매자,뷰티/미용,서울특별시 서초구 반포3동,[출처] 번개장터 | [분석모델] BOOSTER_PRO | [모델근거] text_variant | [원문링크] https://m.bunjang.co.kr/products/424382309
마미케어,메디큐브 부스터프로,메디큐브 부스터프로 블랙,예약중,"90,000원",은행동,2026-08-19,0,1,0,36.5℃,번개장터판매자,뷰티/미용,경기도 시흥시 은행동,[출처] 번개장터 | [분석모델] BOOSTER_PRO | [모델근거] text_variant | [원문링크] https://m.bunjang.co.kr/products/424834159
마미케어,메디큐브 부스터프로,메디큐브 에이지알 부스터 프로 쿠로미 에디션 미개봉 풀세트,거래중,"390,000원",오창읍,2026-08-19,0,3,0,36.5℃,번개장터판매자,뷰티/미용,충청북도 청주시 청원구 오창읍,[출처] 번개장터 | [분석모델] BOOSTER_PRO | [모델근거] text_variant | [원문링크] https://m.bunjang.co.kr/products/423929858
마미케어,메디큐브 부스터프로,[메디큐브 공식몰 구입] 부스터프로미니 판매,거래중,"75,000원",,2026-08-19,0,21,0,36.5℃,번개장터판매자,뷰티/미용,,[출처] 번개장터 | [분석모델] BOOSTER_PRO_MINI | [모델근거] text_variant | [원문링크] https://m.bunjang.co.kr/products/356557703
마미케어,메디큐브 부스터프로,(새상품)메디큐브 에이지알 부스터 프로 미니 플러스 핑크,거래중,"117,000원",,2026-08-19,0,8,0,36.5℃,번개장터판매자,뷰티/미용,,[출처] 번개장터 | [분석모델] BOOSTER_PRO_MINI | [모델근거] text_variant | [원문링크] https://m.bunjang.co.kr/products/410390795
마미케어,메디큐브 부스터프로,메디큐브 에이지알 부스터 프로 X2 핑크,예약중,"260,000원",대치1동,2026-08-19,0,11,0,36.5℃,번개장터판매자,뷰티/미용,서울특별시 강남구 대치1동,[출처] 번개장터 | [분석모델] BOOSTER_PRO | [모델근거] text_variant | [원문링크] https://m.bunjang.co.kr/products/423689307
마미케어,메디큐브 부스터프로,메디큐브 부스터 프로 미니,거래중,"86,500원",,2026-08-18,0,16,0,36.5℃,번개장터판매자,뷰티/미용,,[출처] 번개장터 | [분석모델] BOOSTER_PRO_MINI | [모델근거] text_variant | [원문링크] https://m.bunjang.co.kr/products/340872195
마미케어,메디큐브 부스터프로,메디큐브 부스터프로,거래중,"170,000원",,2026-08-18,0,3,0,36.5℃,번개장터판매자,뷰티/미용,,[출처] 번개장터 | [분석모델] BOOSTER_PRO | [모델근거] text_variant | [원문링크] https://m.bunjang.co.kr/products/422734950
마미케어,메디큐브 부스터프로,메디큐브 부스터프로 핑크 가격제안 O,거래중,"130,000원",,2026-08-18,0,3,0,36.5℃,번개장터판매자,뷰티/미용,,[출처] 번개장터 | [분석모델] BOOSTER_PRO | [모델근거] text_variant | [원문링크] https://m.bunjang.co.kr/products/424723330
마미케어,메디큐브 부스터프로,미개봉 새상품 메디큐브 에이지알 부스터 프로,거래중,"220,000원",,2026-08-18,0,6,0,36.5℃,번개장터판매자,뷰티/미용,,[출처] 번개장터 | [분석모델] BOOSTER_PRO | [모델근거] text_variant | [원문링크] https://m.bunjang.co.kr/products/406970769
마미케어,메디큐브 부스터프로,메디큐브 부스터프로 짱구 미개봉 새상품_바로배송가능,거래중,"240,000원",,2026-08-18,0,2,0,36.5℃,번개장터판매자,뷰티/미용,,[출처] 번개장터 | [분석모델] BOOSTER_PRO | [모델근거] text_variant | [원문링크] https://m.bunjang.co.kr/products/398895437
마미케어,메디큐브 부스터프로,메디큐브 부스터 프로 미니 흰색 판매,거래중,"60,000원",,2026-08-17,0,13,0,36.5℃,번개장터판매자,뷰티/미용,,[출처] 번개장터 | [분석모델] BOOSTER_PRO_MINI | [모델근거] text_variant | [원문링크] https://m.bunjang.co.kr/products/401763578
마미케어,메디큐브 부스터프로,메디큐브 부스터프로 뷰티 디바이스 핑크,거래중,"80,000원",,2026-08-17,0,11,0,36.5℃,번개장터판매자,뷰티/미용,,[출처] 번개장터 | [분석모델] BOOSTER_PRO | [모델근거] text_variant | [원문링크] https://m.bunjang.co.kr/products/424636193
마미케어,메디큐브 부스터프로,거의새것 메디큐브 에이지알 부스터 프로 헬로키티,거래중,"650,000원",,2026-08-17,0,1,0,36.5℃,번개장터판매자,뷰티/미용,,[출처] 번개장터 | [분석모델] BOOSTER_PRO | [모델근거] text_variant | [원문설명] 메디큐브 에이지알 부스터 프로 헬로키티 에디션 거의 새것 판매합니다. 헬로키티 디자인으로 소장 가치 높아요. 꼼꼼하게 포장해서 보내드립니다. | [원문링크] https://m.bunjang.co.kr/products/403208835
마미케어,메디큐브 부스터프로,"메디큐브 부스터 프로, ems",거래중,"200,000원",,2026-08-17,0,1,0,36.5℃,번개장터판매자,뷰티/미용,,[출처] 번개장터 | [분석모델] BOOSTER_PRO | [모델근거] text_variant | [원문링크] https://m.bunjang.co.kr/products/424628316
마미케어,메디큐브 부스터프로,메디큐브 부스터 프로 미니 화이트,거래중,"60,000원",,2026-08-17,0,4,0,36.5℃,번개장터판매자,뷰티/미용,,[출처] 번개장터 | [분석모델] BOOSTER_PRO_MINI | [모델근거] text_variant | [원문링크] https://m.bunjang.co.kr/products/422576908
마미케어,메디큐브 부스터프로,메디큐브 부스터프로,거래중,"120,000원",,2026-08-17,0,1,0,36.5℃,번개장터판매자,뷰티/미용,,[출처] 번개장터 | [분석모델] BOOSTER_PRO | [모델근거] text_variant | [원문링크] https://m.bunjang.co.kr/products/424534626
마미케어,메디큐브 부스터프로,메디큐브 부스터프로,거래중,"185,000원",,2026-08-17,0,20,0,36.5℃,번개장터판매자,뷰티/미용,,[출처] 번개장터 | [분석모델] BOOSTER_PRO | [모델근거] text_variant | [원문링크] https://m.bunjang.co.kr/products/394063456
마미케어,메디큐브 부스터프로,메디큐브 에이지알 부스터 프로,거래중,"150,000원",,2026-08-16,0,1,0,36.5℃,번개장터판매자,뷰티/미용,,[출처] 번개장터 | [분석모델] BOOSTER_PRO | [모델근거] text_variant | [원문링크] https://m.bunjang.co.kr/products/424490516
마미케어,메디큐브 부스터프로,"(미개봉) 메디큐브 에이지알 부스터프로 핑크, 옐로우",거래중,"200,000원",,2026-08-16,0,10,0,36.5℃,번개장터판매자,뷰티/미용,,[출처] 번개장터 | [분석모델] BOOSTER_PRO | [모델근거] text_variant | [원문링크] https://m.bunjang.co.kr/products/406785030
마미케어,메디큐브 부스터프로,미개봉 메디큐브 부스터 프로 짱구 에디션,거래중,"220,000원",방이2동,2026-08-16,0,0,0,36.5℃,번개장터판매자,뷰티/미용,서울특별시 송파구 방이2동,[출처] 번개장터 | [분석모델] BOOSTER_PRO | [모델근거] text_variant | [원문링크] https://m.bunjang.co.kr/products/424457501
마미케어,메디큐브 부스터프로,메디큐브 에이지알 부스터 프로,거래중,"150,000원",,2026-08-16,0,1,0,36.5℃,번개장터판매자,뷰티/미용,,[출처] 번개장터 | [분석모델] BOOSTER_PRO | [모델근거] text_variant | [원문링크] https://m.bunjang.co.kr/products/424451518
마미케어,메디큐브 부스터프로,메디큐브 에이지알 부스터 프로 핑크,거래중,"145,000원",,2026-08-16,0,11,0,36.5℃,번개장터판매자,뷰티/미용,,[출처] 번개장터 | [분석모델] BOOSTER_PRO | [모델근거] text_variant | [원문링크] https://m.bunjang.co.kr/products/414026138
마미케어,메디큐브 부스터프로,메디큐브 부스터프로 미니플러스 짱구 에디션,거래중,"110,000원",,2026-08-16,0,0,0,36.5℃,번개장터판매자,뷰티/미용,,[출처] 번개장터 | [분석모델] BOOSTER_PRO_MINI | [모델근거] text_variant | [원문링크] https://m.bunjang.co.kr/products/424401862
마미케어,메디큐브 부스터프로,메디큐브 부스터프로x2 미개봉 화이트/핑크,거래중,"240,000원",,2026-08-15,0,60,0,36.5℃,번개장터판매자,뷰티/미용,,[출처] 번개장터 | [분석모델] BOOSTER_PRO | [모델근거] text_variant | [원문링크] https://m.bunjang.co.kr/products/421779229
마미케어,메디큐브 부스터프로,"급처, 풀박) 메디큐브 에이지알 부스터프로",거래중,"110,000원",,2026-08-15,0,18,0,36.5℃,번개장터판매자,뷰티/미용,,[출처] 번개장터 | [분석모델] BOOSTER_PRO | [모델근거] text_variant | [원문링크] https://m.bunjang.co.kr/products/411532450
마미케어,메디큐브 부스터프로,새상품 메디큐브 부스터프로 미니플러스 짱구에디션,거래중,"69,000원",,2026-08-15,0,21,0,36.5℃,번개장터판매자,뷰티/미용,,[출처] 번개장터 | [분석모델] BOOSTER_PRO_MINI | [모델근거] text_variant | [원문링크] https://m.bunjang.co.kr/products/423601594
마미케어,메디큐브 부스터프로,메디큐브 부스터프로 풀박스 (급처),거래중,"190,000원",,2026-08-15,0,5,0,36.5℃,번개장터판매자,뷰티/미용,,[출처] 번개장터 | [분석모델] BOOSTER_PRO | [모델근거] text_variant | [원문링크] https://m.bunjang.co.kr/products/377006314
마미케어,메디큐브 부스터프로,메디큐브 에이지알 부스터 프로 블랙,거래중,"120,000원",,2026-08-15,0,1,0,36.5℃,번개장터판매자,뷰티/미용,,[출처] 번개장터 | [분석모델] BOOSTER_PRO | [모델근거] text_variant | [원문링크] https://m.bunjang.co.kr/products/424297000
마미케어,메디큐브 부스터프로,메디큐브 부스터프로,거래중,"220,000원",,2026-08-14,0,1,0,36.5℃,번개장터판매자,뷰티/미용,,[출처] 번개장터 | [분석모델] BOOSTER_PRO | [모델근거] text_variant | [원문링크] https://m.bunjang.co.kr/products/424271637
마미케어,메디큐브 부스터프로,메디큐브 부스터 프로미니,거래중,"60,000원",,2026-08-14,0,17,0,36.5℃,번개장터판매자,뷰티/미용,,[출처] 번개장터 | [분석모델] BOOSTER_PRO_MINI | [모델근거] text_variant | [원문링크] https://m.bunjang.co.kr/products/415981357
마미케어,메디큐브 부스터프로,메디큐브 부스터프로X2,예약중,"240,000원",,2026-08-14,0,9,0,36.5℃,번개장터판매자,뷰티/미용,,[출처] 번개장터 | [분석모델] BOOSTER_PRO | [모델근거] text_variant | [원문링크] https://m.bunjang.co.kr/products/423267347
마미케어,메디큐브 부스터프로,메디큐브 부스터프로 헬로키티,거래중,"120,000원",,2026-08-13,0,7,0,36.5℃,번개장터판매자,뷰티/미용,,[출처] 번개장터 | [분석모델] BOOSTER_PRO | [모델근거] text_variant | [원문링크] https://m.bunjang.co.kr/products/424179241
마미케어,메디큐브 부스터프로,[새기계급]메디큐브 에이지알 부스터프로 핑크,거래중,"100,000원",,2026-08-13,0,28,0,36.5℃,번개장터판매자,뷰티/미용,,[출처] 번개장터 | [분석모델] BOOSTER_PRO | [모델근거] text_variant | [원문링크] https://m.bunjang.co.kr/products/414334050
마미케어,메디큐브 부스터프로,메디큐브 에이지알 헬로키티 부스터프로 미개봉 새상품 정품,거래중,"640,000원",,2026-08-13,0,5,0,36.5℃,번개장터판매자,뷰티/미용,,[출처] 번개장터 | [분석모델] BOOSTER_PRO | [모델근거] text_variant | [원문설명] 헬로키티 에디션 한정판 미개봉 새상품 입니다. | [원문링크] https://m.bunjang.co.kr/products/415958347
마미케어,메디큐브 부스터프로,메디큐브 부스터프로 짱구에디션 미개봉,거래중,"219,000원",남촌동,2026-08-13,0,1,0,36.5℃,번개장터판매자,뷰티/미용,경기도 오산시 남촌동,[출처] 번개장터 | [분석모델] BOOSTER_PRO | [모델근거] text_variant | [원문링크] https://m.bunjang.co.kr/products/421525079
마미케어,메디큐브 부스터프로,메디큐브 부스터프로 쿠로미 한정판 미개봉새상품,거래중,"299,000원",남촌동,2026-08-13,0,6,0,36.5℃,번개장터판매자,뷰티/미용,경기도 오산시 남촌동,[출처] 번개장터 | [분석모델] BOOSTER_PRO | [모델근거] text_variant | [원문링크] https://m.bunjang.co.kr/products/421525220
마미케어,메디큐브 부스터프로,메디큐브 에이지알 부스터프로 블랙 풀박,거래중,"160,000원",종로5.6가동,2026-08-13,0,1,0,36.5℃,번개장터판매자,뷰티/미용,서울특별시 종로구 종로5.6가동,[출처] 번개장터 | [분석모델] BOOSTER_PRO | [모델근거] text_variant | [원문링크] https://m.bunjang.co.kr/products/424126119
마미케어,메디큐브 부스터프로,메디큐브 부스터프로 핑크,거래중,"157,000원",,2026-08-12,0,3,0,36.5℃,번개장터판매자,뷰티/미용,,[출처] 번개장터 | [분석모델] BOOSTER_PRO | [모델근거] text_variant | [원문링크] https://m.bunjang.co.kr/products/405628004
마미케어,메디큐브 부스터프로,메디큐브 부스터프로 X2 핑크,거래중,"260,000원",,2026-08-12,0,7,0,36.5℃,번개장터판매자,뷰티/미용,,[출처] 번개장터 | [분석모델] BOOSTER_PRO | [모델근거] text_variant | [원문링크] https://m.bunjang.co.kr/products/421504265
마미케어,메디큐브 부스터프로,메디큐브 에이지알 부스터프로,거래중,"200,000원",,2026-08-11,0,0,0,36.5℃,번개장터판매자,뷰티/미용,,[출처] 번개장터 | [분석모델] BOOSTER_PRO | [모델근거] text_variant | [원문링크] https://m.bunjang.co.kr/products/423905212
마미케어,메디큐브 부스터프로,메디큐브 부스터프로,거래중,"160,000원",,2026-08-11,0,18,0,36.5℃,번개장터판매자,뷰티/미용,,[출처] 번개장터 | [분석모델] BOOSTER_PRO | [모델근거] text_variant | [원문링크] https://m.bunjang.co.kr/products/382291585
마미케어,메디큐브 부스터프로,메디큐브 에이지알 부스터 프로 헬로키티 에디션,거래중,"520,000원",,2026-08-11,0,2,0,36.5℃,번개장터판매자,뷰티/미용,,[출처] 번개장터 | [분석모델] BOOSTER_PRO | [모델근거] text_variant | [원문링크] https://m.bunjang.co.kr/products/417362671
마미케어,메디큐브 부스터프로,메디큐브 부스터 프로 미니 플러스,거래중,"83,000원",,2026-08-10,0,10,0,36.5℃,번개장터판매자,뷰티/미용,,[출처] 번개장터 | [분석모델] BOOSTER_PRO_MINI | [모델근거] text_variant | [원문링크] https://m.bunjang.co.kr/products/416286557
마미케어,메디큐브 부스터프로,[새상품급] 메디큐브 에이지알 부스터 프로 핑크,거래중,"125,000원",,2026-08-07,0,11,0,36.5℃,번개장터판매자,뷰티/미용,,[출처] 번개장터 | [분석모델] BOOSTER_PRO | [모델근거] text_variant | [원문링크] https://m.bunjang.co.kr/products/423442915
마미케어,메디큐브 부스터프로,메디큐브 에이지알 부스터프로 마이멜로디 에디션,거래중,"140,000원",상무2동,2026-08-07,0,12,0,36.5℃,번개장터판매자,뷰티/미용,광주광역시 서구 상무2동,[출처] 번개장터 | [분석모델] BOOSTER_PRO | [모델근거] text_variant | [원문링크] https://m.bunjang.co.kr/products/423353981
마미케어,메디큐브 부스터프로,메디큐브 부스터프로 마이멜로디,거래중,"400,000원",,2026-08-06,0,9,0,36.5℃,번개장터판매자,뷰티/미용,,[출처] 번개장터 | [분석모델] BOOSTER_PRO | [모델근거] text_variant | [원문링크] https://m.bunjang.co.kr/products/419923674
마미케어,메디큐브 부스터프로,[미개봉] 메디큐브 에이지알 부스터 프로 핑크색상 새 제품입니다.,거래중,"165,000원",,2026-08-06,0,51,0,36.5℃,번개장터판매자,뷰티/미용,,[출처] 번개장터 | [분석모델] BOOSTER_PRO | [모델근거] text_variant | [원문링크] https://m.bunjang.co.kr/products/420674398
마미케어,메디큐브 부스터프로,메디큐브 AGE-R 부스터 프로 사용감 있는 양호한 상태,거래중,"87,720원",,2026-08-06,0,1,0,36.5℃,번개장터판매자,뷰티/미용,,[출처] 번개장터 | [분석모델] BOOSTER_PRO | [모델근거] text_variant | [원문링크] https://m.bunjang.co.kr/products/423270281
마미케어,메디큐브 부스터프로,메디큐브 에이지알 부스터프로 블랙,거래중,"145,000원",,2026-08-05,0,5,0,36.5℃,번개장터판매자,뷰티/미용,,[출처] 번개장터 | [분석모델] BOOSTER_PRO | [모델근거] text_variant | [원문링크] https://m.bunjang.co.kr/products/408015384
마미케어,메디큐브 부스터프로,(택포)메디큐브 부스터 프로미니,거래중,"88,000원",,2026-08-05,0,0,0,36.5℃,번개장터판매자,뷰티/미용,,[출처] 번개장터 | [분석모델] BOOSTER_PRO_MINI | [모델근거] text_variant | [원문링크] https://m.bunjang.co.kr/products/384413806
마미케어,메디큐브 부스터프로,메디큐브 부스터프로팝니다,거래중,"280,000원",,2026-08-05,0,1,0,36.5℃,번개장터판매자,뷰티/미용,,[출처] 번개장터 | [분석모델] BOOSTER_PRO | [모델근거] text_variant | [원문링크] https://m.bunjang.co.kr/products/335707248
마미케어,메디큐브 부스터프로,메디큐브 에이지알 부스터 프로 3종 세트,거래중,"330,000원",,2026-08-05,0,0,0,36.5℃,번개장터판매자,뷰티/미용,,[출처] 번개장터 | [분석모델] BOOSTER_PRO | [모델근거] text_variant | [원문링크] https://m.bunjang.co.kr/products/423124843
마미케어,메디큐브 부스터프로,미개봉 새상품 메디큐브 에이지알 부스터 프로 마이멜로디,거래중,"490,000원",,2026-08-05,0,5,0,36.5℃,번개장터판매자,뷰티/미용,,[출처] 번개장터 | [분석모델] BOOSTER_PRO | [모델근거] text_variant | [원문링크] https://m.bunjang.co.kr/products/413751613
마미케어,메디큐브 부스터프로,(메디큐브/19만원/풀구성) 에이지알 부스터 프로 뷰티 디바이스,거래중,"130,000원",,2026-08-05,0,5,0,36.5℃,번개장터판매자,뷰티/미용,,[출처] 번개장터 | [분석모델] BOOSTER_PRO | [모델근거] text_variant | [원문링크] https://m.bunjang.co.kr/products/419353524
마미케어,메디큐브 부스터프로,[국내정품]메디큐브 에이지알 부스터프로(미개봉),거래중,"200,000원",서신동,2026-08-05,0,5,0,36.5℃,번개장터판매자,뷰티/미용,전북특별자치도 전주시 완산구 서신동,[출처] 번개장터 | [분석모델] BOOSTER_PRO | [모델근거] text_variant | [원문링크] https://m.bunjang.co.kr/products/409853569
마미케어,메디큐브 부스터프로,메디큐브 에이지알 부스터프로,거래중,"200,000원",송포동,2026-08-04,0,0,0,36.5℃,번개장터판매자,뷰티/미용,경기도 고양시 일산서구 송포동,[출처] 번개장터 | [분석모델] BOOSTER_PRO | [모델근거] text_variant | [원문링크] https://m.bunjang.co.kr/products/423049014
마미케어,메디큐브 부스터프로,[무료배송] 메디큐브 부스터프로 화이트 미니,거래중,"40,000원",,2026-08-04,0,35,0,36.5℃,번개장터판매자,뷰티/미용,,[출처] 번개장터 | [분석모델] BOOSTER_PRO | [모델근거] text_variant | [원문링크] https://m.bunjang.co.kr/products/423031742
마미케어,메디큐브 부스터프로,메디큐브 부스터 프로 핑크,거래중,"150,000원",,2026-08-04,0,23,0,36.5℃,번개장터판매자,뷰티/미용,,[출처] 번개장터 | [분석모델] BOOSTER_PRO | [모델근거] text_variant | [원문링크] https://m.bunjang.co.kr/products/406432300
마미케어,메디큐브 부스터프로,메디큐브부스터프로,거래중,"110,000원",,2026-08-04,0,5,0,36.5℃,번개장터판매자,뷰티/미용,,[출처] 번개장터 | [분석모델] BOOSTER_PRO | [모델근거] text_variant | [원문링크] https://m.bunjang.co.kr/products/419001652
마미케어,메디큐브 부스터프로,페이셜 스킨케어 디바이스 메디큐브 해피로지 부스터프로,거래중,"53,190원",,2026-08-04,0,0,0,36.5℃,번개장터판매자,뷰티/미용,,[출처] 번개장터 | [분석모델] BOOSTER_PRO | [모델근거] text_variant | [원문링크] https://m.bunjang.co.kr/products/386021820
마미케어,메디큐브 부스터프로,메디큐브 에이지알 부스터 프로(새상품),거래중,"150,000원",,2026-08-03,0,3,0,36.5℃,번개장터판매자,뷰티/미용,,[출처] 번개장터 | [분석모델] BOOSTER_PRO | [모델근거] text_variant | [원문링크] https://m.bunjang.co.kr/products/422830457
마미케어,메디큐브 부스터프로,미개봉/ 메디큐브 부스터 프로 옐로우 (+ 마스크팩 ),거래중,"185,000원",,2026-08-03,0,1,0,36.5℃,번개장터판매자,뷰티/미용,,[출처] 번개장터 | [분석모델] BOOSTER_PRO | [모델근거] text_variant | [원문링크] https://m.bunjang.co.kr/products/415822798
마미케어,메디큐브 부스터프로,메디큐브 에이지알 부스터 프로 미니 화이트,예약중,"37,000원",,2026-08-01,0,0,0,36.5℃,번개장터판매자,뷰티/미용,,[출처] 번개장터 | [분석모델] BOOSTER_PRO_MINI | [모델근거] text_variant | [원문링크] https://m.bunjang.co.kr/products/422689734
마미케어,메디큐브 부스터프로,메디큐브 에이지알 부스터 프로+미니 플러스,거래중,"130,000원",,2026-08-01,0,1,0,36.5℃,번개장터판매자,뷰티/미용,,[출처] 번개장터 | [분석모델] BOOSTER_PRO | [모델근거] text_variant | [원문링크] https://m.bunjang.co.kr/products/422679688
마미케어,메디큐브 부스터프로,메디큐브 에이지알 부스터 프로(새제품),거래중,"210,000원",,2026-08-01,0,8,0,36.5℃,번개장터판매자,뷰티/미용,,[출처] 번개장터 | [분석모델] BOOSTER_PRO | [모델근거] text_variant | [원문링크] https://m.bunjang.co.kr/products/412016023
마미케어,메디큐브 부스터프로,메디큐브 에이지알 부스터 프로 스페셜 에디션,거래중,"160,000원",호수동,2026-07-30,0,2,0,36.5℃,번개장터판매자,뷰티/미용,경기도 안산시 단원구 호수동,[출처] 번개장터 | [분석모델] BOOSTER_PRO | [모델근거] text_variant | [원문링크] https://m.bunjang.co.kr/products/422465363
마미케어,메디큐브 부스터프로,메디큐브 부스터 프로 미니 플러스,거래중,"80,000원",,2026-07-30,0,2,0,36.5℃,번개장터판매자,뷰티/미용,,[출처] 번개장터 | [분석모델] BOOSTER_PRO_MINI | [모델근거] text_variant | [원문링크] https://m.bunjang.co.kr/products/422439725
마미케어,메디큐브 부스터프로,메디큐브 뷰티디바이스 부스터 프로 미니,거래중,"73,000원",,2026-07-30,0,3,0,36.5℃,번개장터판매자,뷰티/미용,,[출처] 번개장터 | [분석모델] BOOSTER_PRO_MINI | [모델근거] text_variant | [원문링크] https://m.bunjang.co.kr/products/421647325
마미케어,메디큐브 부스터프로,메디큐브 에이지알 부스터 프로 미니 화이트,거래중,"43,000원",온양5동,2026-07-30,0,17,0,36.5℃,번개장터판매자,뷰티/미용,충청남도 아산시 온양5동,[출처] 번개장터 | [분석모델] BOOSTER_PRO_MINI | [모델근거] text_variant | [원문링크] https://m.bunjang.co.kr/products/422410667
마미케어,메디큐브 부스터프로,메디큐브 에이지알 부스터 프로 핑크 에디션 + PDRN 부스터,거래중,"159,000원",아라1동,2026-07-30,0,1,0,36.5℃,번개장터판매자,뷰티/미용,인천광역시 서구 아라1동,[출처] 번개장터 | [분석모델] BOOSTER_PRO | [모델근거] text_variant | [원문링크] https://m.bunjang.co.kr/products/416244474
마미케어,메디큐브 부스터프로,메디큐브 부스터프로 핑크,거래중,"199,000원",,2026-07-29,0,11,0,36.5℃,번개장터판매자,뷰티/미용,,[출처] 번개장터 | [분석모델] BOOSTER_PRO | [모델근거] text_variant | [원문링크] https://m.bunjang.co.kr/products/347277223
마미케어,메디큐브 부스터프로,메디큐브 부스터 프로 미니 화이트+파우치+앰플,거래중,"70,000원",,2026-07-29,0,1,0,36.5℃,번개장터판매자,뷰티/미용,,[출처] 번개장터 | [분석모델] BOOSTER_PRO_MINI | [모델근거] text_variant | [원문링크] https://m.bunjang.co.kr/products/422303183
마미케어,메디큐브 부스터프로,새상품) 메디큐브 에이지알 부스터프로 X2 + 세럼 증정,거래중,"300,000원",논현1동,2026-07-29,0,12,0,36.5℃,번개장터판매자,뷰티/미용,서울특별시 강남구 논현1동,[출처] 번개장터 | [분석모델] BOOSTER_PRO | [모델근거] text_variant | [원문링크] https://m.bunjang.co.kr/products/402557565
마미케어,메디큐브 부스터프로,메디큐브 부스터프로,거래중,"170,000원",,2026-07-28,0,8,0,36.5℃,번개장터판매자,뷰티/미용,,[출처] 번개장터 | [분석모델] BOOSTER_PRO | [모델근거] text_variant | [원문링크] https://m.bunjang.co.kr/products/379970766
마미케어,메디큐브 부스터프로,[미개봉 새상품] 메디큐브 부스터프로 쿠로미 에디션,거래중,"398,000원",,2026-07-28,0,7,0,36.5℃,번개장터판매자,뷰티/미용,,[출처] 번개장터 | [분석모델] BOOSTER_PRO | [모델근거] text_variant | [원문링크] https://m.bunjang.co.kr/products/415226784
마미케어,메디큐브 부스터프로,메디큐브 부스터프로 풀박,거래중,"150,000원",원천동,2026-07-27,0,9,0,36.5℃,번개장터판매자,뷰티/미용,경기도 수원시 영통구 원천동,[출처] 번개장터 | [분석모델] BOOSTER_PRO | [모델근거] text_variant | [원문링크] https://m.bunjang.co.kr/products/405950657
마미케어,메디큐브 부스터프로,메디큐브 부스터 프로 헬로키티,거래중,"250,000원",,2026-07-27,0,2,0,36.5℃,번개장터판매자,뷰티/미용,,[출처] 번개장터 | [분석모델] BOOSTER_PRO | [모델근거] text_variant | [원문링크] https://m.bunjang.co.kr/products/422072378
마미케어,메디큐브 부스터프로,메디큐브 부스터프로 새상품,예약중,"130,000원",,2026-07-27,0,3,0,36.5℃,번개장터판매자,뷰티/미용,,[출처] 번개장터 | [분석모델] BOOSTER_PRO | [모델근거] text_variant | [원문링크] https://m.bunjang.co.kr/products/422019804
마미케어,메디큐브 부스터프로,메디큐브 에이지알 부스터 프로 X2 화이트,예약중,"240,000원",,2026-07-26,0,13,0,36.5℃,번개장터판매자,뷰티/미용,,[출처] 번개장터 | [분석모델] BOOSTER_PRO | [모델근거] text_variant | [원문링크] https://m.bunjang.co.kr/products/419747401
마미케어,메디큐브 부스터프로,(2회사용) 메디큐브 부스터 프로 블랙,거래중,"240,000원",,2026-07-26,0,1,0,36.5℃,번개장터판매자,뷰티/미용,,[출처] 번개장터 | [분석모델] BOOSTER_PRO | [모델근거] text_variant | [원문링크] https://m.bunjang.co.kr/products/395941383
마미케어,메디큐브 부스터프로,미개봉 새제품 메디큐브 에이지알 부스터 프로 블랙,거래중,"185,000원",,2026-07-26,0,2,0,36.5℃,번개장터판매자,뷰티/미용,,[출처] 번개장터 | [분석모델] BOOSTER_PRO | [모델근거] text_variant | [원문링크] https://m.bunjang.co.kr/products/421946506
마미케어,메디큐브 부스터프로,(미개봉새제품) 메디큐브 에이지알 부스터 프로,거래중,"185,000원",,2026-07-26,0,1,0,36.5℃,번개장터판매자,뷰티/미용,,[출처] 번개장터 | [분석모델] BOOSTER_PRO | [모델근거] text_variant | [원문링크] https://m.bunjang.co.kr/products/421946316
마미케어,메디큐브 부스터프로,미개봉 새제품 메디큐브 에이지알 부스터 프로  핑크,거래중,"185,000원",,2026-07-26,0,0,0,36.5℃,번개장터판매자,뷰티/미용,,[출처] 번개장터 | [분석모델] BOOSTER_PRO | [모델근거] text_variant | [원문링크] https://m.bunjang.co.kr/products/421945950
마미케어,메디큐브 부스터프로,메디큐브 부스터 프로 미니.화이트,거래중,"79,000원",,2026-07-25,0,3,0,36.5℃,번개장터판매자,뷰티/미용,,[출처] 번개장터 | [분석모델] BOOSTER_PRO_MINI | [모델근거] text_variant | [원문링크] https://m.bunjang.co.kr/products/421879914
마미케어,메디큐브 부스터프로,메디큐브 부스터프로 4개월사용,거래중,"258,200원",,2026-07-25,0,2,0,36.5℃,번개장터판매자,뷰티/미용,,[출처] 번개장터 | [분석모델] BOOSTER_PRO | [모델근거] text_variant | [원문링크] https://m.bunjang.co.kr/products/316708634
마미케어,메디큐브 부스터프로,메디큐브 부스터 프로 미니 카카오프렌즈 춘식이 에디션,거래중,"65,000원",,2026-07-24,0,2,0,36.5℃,번개장터판매자,뷰티/미용,,[출처] 번개장터 | [분석모델] BOOSTER_PRO_MINI | [모델근거] text_variant | [원문링크] https://m.bunjang.co.kr/products/421742378
마미케어,메디큐브 부스터프로,새상품 ) 메디큐브 부스터프로 짱구 에디션,거래중,"270,000원",도안동,2026-07-24,0,3,0,36.5℃,번개장터판매자,뷰티/미용,대전광역시 서구 도안동,[출처] 번개장터 | [분석모델] BOOSTER_PRO | [모델근거] text_variant | [원문링크] https://m.bunjang.co.kr/products/416561376
마미케어,메디큐브 부스터프로,메디큐브 부스터 미니 프로 화이트,거래중,"82,990원",농소2동,2026-07-24,0,0,0,36.5℃,번개장터판매자,뷰티/미용,울산광역시 북구 농소2동,[출처] 번개장터 | [분석모델] 제품군 공통 | [모델근거] product_group | [원문설명] 올리브영 구매로 정품이고요 정가는 126000원입니다 현재는 할인가로 119000원으로 판매되고 있습니다 관리목적으로 구매했지만 귀찮아서 실사용은 다섯번정도 됩니다 그 뒤로 보관만 해뒀습니다 소독은 이미 한 상태고 보낼 때 한번 더 해서 보내드려요 안전결제해도 되시고 연락주시면 78000원에 해드려요!! 궁금한 점 있으면 편하게 연락주세요:) | [원문링크] https://m.bunjang.co.kr/products/421665949
마미케어,메디큐브 부스터프로,메디큐브 AGE - R 부스터 프로 쿠로미 에디션 새상품,거래중,"426,000원",,2026-07-24,0,4,0,36.5℃,번개장터판매자,뷰티/미용,,[출처] 번개장터 | [분석모델] BOOSTER_PRO | [모델근거] text_variant | [원문링크] https://m.bunjang.co.kr/products/396180105
마미케어,메디큐브 부스터프로,[새상품] 메디큐브 부스터프로,거래중,"80,000원",,2026-07-23,0,14,0,36.5℃,번개장터판매자,뷰티/미용,,[출처] 번개장터 | [분석모델] BOOSTER_PRO | [모델근거] text_variant | [원문링크] https://m.bunjang.co.kr/products/421652221
마미케어,메디큐브 부스터프로,메디큐브 에이지알 부스터 프로 블랙,거래중,"180,000원",,2026-07-23,0,0,0,36.5℃,번개장터판매자,뷰티/미용,,[출처] 번개장터 | [분석모델] BOOSTER_PRO | [모델근거] text_variant | [원문링크] https://m.bunjang.co.kr/products/401801292
마미케어,메디큐브 부스터프로,메디큐브 부스터프로 미니 핑크,예약중,"45,000원",,2026-07-21,0,1,0,36.5℃,번개장터판매자,뷰티/미용,,[출처] 번개장터 | [분석모델] BOOSTER_PRO_MINI | [모델근거] text_variant | [원문링크] https://m.bunjang.co.kr/products/421309665
마미케어,메디큐브 부스터프로,메디큐브 에이지알 부스터 프로 미니 핑크,거래중,"45,000원",,2026-07-21,0,11,0,36.5℃,번개장터판매자,뷰티/미용,,[출처] 번개장터 | [분석모델] BOOSTER_PRO_MINI | [모델근거] text_variant | [원문링크] https://m.bunjang.co.kr/products/421244389
마미케어,메디큐브 부스터프로,메디큐브 에이지알 부스터 프로 미니 핑크,거래중,"70,000원",,2026-07-21,0,0,0,36.5℃,번개장터판매자,뷰티/미용,,[출처] 번개장터 | [분석모델] BOOSTER_PRO_MINI | [모델근거] text_variant | [원문링크] https://m.bunjang.co.kr/products/421237086
마미케어,메디큐브 부스터프로,메디큐브 에이지알 부스터프로 김희선 마사지기 블랙,거래중,"180,000원",,2026-07-21,0,0,0,36.5℃,번개장터판매자,뷰티/미용,,[출처] 번개장터 | [분석모델] BOOSTER_PRO | [모델근거] text_variant | [원문링크] https://m.bunjang.co.kr/products/414329580
마미케어,메디큐브 부스터프로,메디큐브 에이지알 부스터 프로 블랙 (가격인하),예약중,"110,000원",삼양동,2026-07-20,0,3,0,36.5℃,번개장터판매자,뷰티/미용,서울특별시 강북구 삼양동,[출처] 번개장터 | [분석모델] BOOSTER_PRO | [모델근거] text_variant | [원문링크] https://m.bunjang.co.kr/products/420218027
마미케어,메디큐브 부스터프로,메디큐브 에이지알 부스터 프로 EMS 뷰티 디바이스,거래중,"110,000원",,2026-07-20,0,0,0,36.5℃,번개장터판매자,뷰티/미용,,[출처] 번개장터 | [분석모델] BOOSTER_PRO | [모델근거] text_variant | [원문링크] https://m.bunjang.co.kr/products/421068333
마미케어,메디큐브 부스터프로,메디큐브 에이지알 부스터프로 마이멜로디,거래중,"300,000원",,2026-07-19,0,7,0,36.5℃,번개장터판매자,뷰티/미용,,[출처] 번개장터 | [분석모델] BOOSTER_PRO | [모델근거] text_variant | [원문링크] https://m.bunjang.co.kr/products/420932438
마미케어,메디큐브 부스터프로,메디큐브 에이지알 부스터 프로 미니 플러스,거래중,"73,000원",,2026-07-19,0,1,0,36.5℃,번개장터판매자,뷰티/미용,,[출처] 번개장터 | [분석모델] BOOSTER_PRO_MINI | [모델근거] text_variant | [원문링크] https://m.bunjang.co.kr/products/420845937
마미케어,메디큐브 부스터프로,메디큐브 부스터 프로 한정판 헬로키티 에디션,거래중,"198,000원",,2026-07-19,0,13,0,36.5℃,번개장터판매자,뷰티/미용,,[출처] 번개장터 | [분석모델] BOOSTER_PRO | [모델근거] text_variant | [원문링크] https://m.bunjang.co.kr/products/420800576
마미케어,메디큐브 부스터프로,메디큐브 부스터 프로 미니,거래중,"52,000원",,2026-07-19,0,5,0,36.5℃,번개장터판매자,뷰티/미용,,[출처] 번개장터 | [분석모델] BOOSTER_PRO_MINI | [모델근거] text_variant | [원문링크] https://m.bunjang.co.kr/products/420788496
마미케어,메디큐브 부스터프로,메디큐브 부스터 프로 미니 화이트 디바이스,거래중,"80,000원",,2026-07-18,0,31,0,36.5℃,번개장터판매자,뷰티/미용,,[출처] 번개장터 | [분석모델] BOOSTER_PRO_MINI | [모델근거] text_variant | [원문링크] https://m.bunjang.co.kr/products/353744144
마미케어,메디큐브 부스터프로,[정품] 메디큐브 에이지알 부스터 프로 미니 화이트,거래중,"70,000원",,2026-07-18,0,7,0,36.5℃,번개장터판매자,뷰티/미용,,[출처] 번개장터 | [분석모델] BOOSTER_PRO_MINI | [모델근거] text_variant | [원문링크] https://m.bunjang.co.kr/products/408030424
마미케어,메디큐브 부스터프로,[미개봉] 메디큐브 에이지알 부스터프로 블랙,거래중,"220,000원",,2026-07-17,0,3,0,36.5℃,번개장터판매자,뷰티/미용,,[출처] 번개장터 | [분석모델] BOOSTER_PRO | [모델근거] text_variant | [원문링크] https://m.bunjang.co.kr/products/393360811
마미케어,메디큐브 부스터프로,메디큐브 부스터 프로 스페셜,거래중,"160,000원",은행2동,2026-07-17,0,0,0,36.5℃,번개장터판매자,뷰티/미용,경기도 성남시 중원구 은행2동,[출처] 번개장터 | [분석모델] BOOSTER_PRO | [모델근거] text_variant | [원문링크] https://m.bunjang.co.kr/products/420329751
마미케어,메디큐브 부스터프로,메디큐브 부스터프로 블랙,거래중,"102,600원",,2026-07-16,0,9,0,36.5℃,번개장터판매자,뷰티/미용,,[출처] 번개장터 | [분석모델] BOOSTER_PRO | [모델근거] text_variant | [원문링크] https://m.bunjang.co.kr/products/415730753
마미케어,메디큐브 부스터프로,메디큐브 뷰티 디바이스 미니플러스 부스터 프로 플러스,거래중,"74,000원",,2026-07-16,0,3,0,36.5℃,번개장터판매자,뷰티/미용,,[출처] 번개장터 | [분석모델] BOOSTER_PRO | [모델근거] text_variant | [원문링크] https://m.bunjang.co.kr/products/417254050
마미케어,메디큐브 부스터프로,메디큐브 부스터프로 풀박,거래중,"100,000원",상인2동,2026-07-16,0,9,0,36.5℃,번개장터판매자,뷰티/미용,대구광역시 달서구 상인2동,[출처] 번개장터 | [분석모델] BOOSTER_PRO | [모델근거] text_variant | [원문링크] https://m.bunjang.co.kr/products/420082484
마미케어,메디큐브 부스터프로,메디큐브 부스터프로 미니 마이멜로디 에디션,거래중,"152,000원",,2026-07-15,0,9,0,36.5℃,번개장터판매자,뷰티/미용,,[출처] 번개장터 | [분석모델] BOOSTER_PRO_MINI | [모델근거] text_variant | [원문링크] https://m.bunjang.co.kr/products/412176800
마미케어,메디큐브 부스터프로,메디큐브 부스터프로 핑크,거래중,"180,000원",삼전동,2026-07-14,0,5,0,36.5℃,번개장터판매자,뷰티/미용,서울특별시 송파구 삼전동,[출처] 번개장터 | [분석모델] BOOSTER_PRO | [모델근거] text_variant | [원문링크] https://m.bunjang.co.kr/products/397407947
마미케어,메디큐브 부스터프로,메디큐브 에이지알 부스터 프로,거래중,"158,000원",,2026-07-14,0,0,0,36.5℃,번개장터판매자,뷰티/미용,,[출처] 번개장터 | [분석모델] BOOSTER_PRO | [모델근거] text_variant | [원문링크] https://m.bunjang.co.kr/products/403385961
마미케어,메디큐브 부스터프로,메디큐브 에이지알 부스터프로 미니플러스 핑크,거래중,"85,000원",,2026-07-14,0,2,0,36.5℃,번개장터판매자,뷰티/미용,,[출처] 번개장터 | [분석모델] BOOSTER_PRO_MINI | [모델근거] text_variant | [원문링크] https://m.bunjang.co.kr/products/419864775
마미케어,메디큐브 부스터프로,메디큐브 에이지알 부스터 프로 mini & 클렌저 세트,거래중,"119,000원",회기동,2026-07-13,0,4,0,36.5℃,번개장터판매자,뷰티/미용,서울특별시 동대문구 회기동,[출처] 번개장터 | [분석모델] BOOSTER_PRO | [모델근거] text_variant | [원문링크] https://m.bunjang.co.kr/products/419713407
마미케어,메디큐브 부스터프로,메디큐브 부스터프로 퍼플 새상품,거래중,"165,000원",,2026-07-11,0,4,0,36.5℃,번개장터판매자,뷰티/미용,,[출처] 번개장터 | [분석모델] BOOSTER_PRO | [모델근거] text_variant | [원문링크] https://m.bunjang.co.kr/products/419292421
마미케어,메디큐브 부스터프로,헬로키티 메디큐브 부스터프로,거래중,"319,000원",,2026-07-11,0,9,0,36.5℃,번개장터판매자,뷰티/미용,,[출처] 번개장터 | [분석모델] BOOSTER_PRO | [모델근거] text_variant | [원문링크] https://m.bunjang.co.kr/products/404758555
마미케어,메디큐브 부스터프로,메디큐브 부스터 프로 미니 화이트,거래중,"80,000원",주엽2동,2026-07-11,0,1,0,36.5℃,번개장터판매자,뷰티/미용,경기도 고양시 일산서구 주엽2동,[출처] 번개장터 | [분석모델] BOOSTER_PRO_MINI | [모델근거] text_variant | [원문링크] https://m.bunjang.co.kr/products/419232227
마미케어,메디큐브 부스터프로,메디큐브 부스터프로,거래중,"150,000원",신인동,2026-07-11,0,2,0,36.5℃,번개장터판매자,뷰티/미용,대전광역시 동구 신인동,[출처] 번개장터 | [분석모델] BOOSTER_PRO | [모델근거] text_variant | [원문링크] https://m.bunjang.co.kr/products/419183697
마미케어,메디큐브 부스터프로,(풀세트) 메디큐브 에이지알 부스터프로 블랙,거래중,"190,000원",,2026-07-11,0,2,0,36.5℃,번개장터판매자,뷰티/미용,,[출처] 번개장터 | [분석모델] BOOSTER_PRO | [모델근거] text_variant | [원문링크] https://m.bunjang.co.kr/products/391882092
마미케어,메디큐브 부스터프로,메디큐브 에이지알 부스터프로,거래중,"123,000원",서초1동,2026-07-10,0,4,0,36.5℃,번개장터판매자,뷰티/미용,서울특별시 서초구 서초1동,[출처] 번개장터 | [분석모델] BOOSTER_PRO | [모델근거] text_variant | [원문링크] https://m.bunjang.co.kr/products/419036450
마미케어,메디큐브 부스터프로,메디큐브 부스터프로 판매합니다,거래중,"180,000원",배곧1동,2026-07-09,0,1,0,36.5℃,번개장터판매자,뷰티/미용,경기도 시흥시 배곧1동,[출처] 번개장터 | [분석모델] BOOSTER_PRO | [모델근거] text_variant | [원문링크] https://m.bunjang.co.kr/products/418927015
마미케어,메디큐브 부스터프로,무배 ) 메디큐브 부스터프로 미니 플러스,거래중,"105,000원",,2026-07-09,0,5,0,36.5℃,번개장터판매자,뷰티/미용,,[출처] 번개장터 | [분석모델] BOOSTER_PRO_MINI | [모델근거] text_variant | [원문링크] https://m.bunjang.co.kr/products/418915893
마미케어,메디큐브 부스터프로,"메디큐브 에이지알 부스터프로x2 핑크색상(세럼, 파우치 포함) 판매해요",거래중,"320,000원",면목본동,2026-07-08,0,10,0,36.5℃,번개장터판매자,뷰티/미용,서울특별시 중랑구 면목본동,[출처] 번개장터 | [분석모델] BOOSTER_PRO | [모델근거] text_variant | [원문링크] https://m.bunjang.co.kr/products/408690223
마미케어,메디큐브 부스터프로,메디큐브 부스터프로,거래중,"295,000원",,2026-07-08,0,1,0,36.5℃,번개장터판매자,뷰티/미용,,[출처] 번개장터 | [분석모델] BOOSTER_PRO | [모델근거] text_variant | [원문링크] https://m.bunjang.co.kr/products/354684555
마미케어,메디큐브 부스터프로,일택포함)메디큐브 부스터 프로 미니,거래중,"89,000원",,2026-07-08,0,21,0,36.5℃,번개장터판매자,뷰티/미용,,[출처] 번개장터 | [분석모델] BOOSTER_PRO_MINI | [모델근거] text_variant | [원문링크] https://m.bunjang.co.kr/products/343502828
마미케어,메디큐브 부스터프로,메디큐브 에이지날 부스터 프로,거래중,"150,000원",,2026-07-07,0,0,0,36.5℃,번개장터판매자,뷰티/미용,,[출처] 번개장터 | [분석모델] BOOSTER_PRO | [모델근거] text_variant | [원문링크] https://m.bunjang.co.kr/products/418467389
마미케어,메디큐브 부스터프로,[미개봉 새상품] 메디큐브 부스터프로 마이멜로디 에디션,거래중,"580,000원",,2026-07-07,0,2,0,36.5℃,번개장터판매자,뷰티/미용,,"[출처] 번개장터 | [분석모델] BOOSTER_PRO | [모델근거] text_variant | [원문설명] 메디큐브 부스터프로 마이멜로디 에디션 [ 미개봉 새상품 ] 미개봉씰 그대로 완전 미개봉 새상품입니다 매물도 없고 한정판으로 나와 현재 구매 불가합니다 한 대 판매해요! 구매 전 채팅주시면 바로 결제창 올려드립니다 :) 🚛💨깔끔하게 포장해서 빠른발송 드립니다☺️ ---------- 🏆리뷰가 검증하는 신뢰있는 상점🏆 - 상점 내 상품들과 합배송 가능합니다! - 네고,교신 문의는 죄송하지만 답변하지 않습니다. - 중고거래 특성상 교환/환불 어렵습니다. | [원문링크] https://m.bunjang.co.kr/products/415228017"
마미케어,메디큐브 부스터프로,메디큐브 부스터프로 미용가전,거래중,"110,000원",,2026-07-07,0,13,0,36.5℃,번개장터판매자,뷰티/미용,,[출처] 번개장터 | [분석모델] BOOSTER_PRO | [모델근거] text_variant | [원문링크] https://m.bunjang.co.kr/products/406984030
마미케어,메디큐브 부스터프로,메디큐브 부스터프로 핑크,거래중,"150,000원",서교동,2026-07-06,0,10,0,36.5℃,번개장터판매자,뷰티/미용,서울특별시 마포구 서교동,[출처] 번개장터 | [분석모델] BOOSTER_PRO | [모델근거] text_variant | [원문링크] https://m.bunjang.co.kr/products/415889586
마미케어,메디큐브 부스터프로,교환) 메디큐브 에이지알 부스터프로,거래중,"228,000원",,2026-07-05,0,6,0,36.5℃,번개장터판매자,뷰티/미용,,[출처] 번개장터 | [분석모델] BOOSTER_PRO | [모델근거] text_variant | [원문링크] https://m.bunjang.co.kr/products/315504876
마미케어,메디큐브 부스터프로,메디큐브 에이지알 부스터프로 핑크,거래중,"220,000원",대방동,2026-07-05,0,1,0,36.5℃,번개장터판매자,뷰티/미용,서울특별시 동작구 대방동,[출처] 번개장터 | [분석모델] BOOSTER_PRO | [모델근거] text_variant | [원문링크] https://m.bunjang.co.kr/products/418037840
마미케어,메디큐브 부스터프로,메디큐브 AGE-R 부스터 프로 블랙 미개봉 새상품 판매합니다.,거래중,"220,000원",,2026-07-03,0,0,0,36.5℃,번개장터판매자,뷰티/미용,,[출처] 번개장터 | [분석모델] BOOSTER_PRO | [모델근거] text_variant | [원문링크] https://m.bunjang.co.kr/products/417747223
마미케어,메디큐브 부스터프로,메디큐브 에이지알 부스터프로,거래중,"125,000원",송산2동,2026-07-03,0,2,0,36.5℃,번개장터판매자,뷰티/미용,경기도 의정부시 송산2동,[출처] 번개장터 | [분석모델] BOOSTER_PRO | [모델근거] text_variant | [원문링크] https://m.bunjang.co.kr/products/417648936
마미케어,메디큐브 부스터프로,메디큐브 에이지알 부스터프로 x2 핑크 풀박,거래중,"270,000원",다사읍,2026-07-03,0,10,0,36.5℃,번개장터판매자,뷰티/미용,대구광역시 달성군 다사읍,[출처] 번개장터 | [분석모델] BOOSTER_PRO | [모델근거] text_variant | [원문링크] https://m.bunjang.co.kr/products/417574055
마미케어,메디큐브 부스터프로,메디큐브 부스터 프로 미니 흰색,거래중,"70,000원",관문동,2026-07-02,0,1,0,36.5℃,번개장터판매자,뷰티/미용,대구광역시 북구 관문동,[출처] 번개장터 | [분석모델] BOOSTER_PRO_MINI | [모델근거] text_variant | [원문링크] https://m.bunjang.co.kr/products/417525087
마미케어,메디큐브 부스터프로,메디큐브 에이지알 부스터 프로 짱구 에디션,거래중,"213,000원",,2026-07-02,0,7,0,36.5℃,번개장터판매자,뷰티/미용,,[출처] 번개장터 | [분석모델] BOOSTER_PRO | [모델근거] text_variant | [원문링크] https://m.bunjang.co.kr/products/417423549
마미케어,메디큐브 부스터프로,메디큐브 에이지알 부스터프로 헬로키티 에디션,거래중,"230,000원",,2026-07-01,0,6,0,36.5℃,번개장터판매자,뷰티/미용,,[출처] 번개장터 | [분석모델] BOOSTER_PRO | [모델근거] text_variant | [원문링크] https://m.bunjang.co.kr/products/417351694
마미케어,메디큐브 부스터프로,메디큐브 에이지알 부스터 프로 미니 클렌징기기,거래중,"160,000원",묵제1동,2026-06-30,0,0,0,36.5℃,번개장터판매자,뷰티/미용,서울특별시 중랑구 묵제1동,[출처] 번개장터 | [분석모델] BOOSTER_PRO_MINI | [모델근거] text_variant | [원문링크] https://m.bunjang.co.kr/products/416996182
마미케어,메디큐브 부스터프로,[에이지알] 부스터 프로 미니 춘식이 에디션 메디큐브,거래중,"95,000원",,2026-06-29,0,1,0,36.5℃,번개장터판매자,뷰티/미용,,[출처] 번개장터 | [분석모델] BOOSTER_PRO_MINI | [모델근거] text_variant | [원문링크] https://m.bunjang.co.kr/products/405390200
마미케어,메디큐브 부스터프로,메디큐브 프로 부스터,거래중,"180,000원",,2026-06-29,0,31,0,36.5℃,번개장터판매자,뷰티/미용,,[출처] 번개장터 | [분석모델] BOOSTER_PRO | [모델근거] text_variant | [원문링크] https://m.bunjang.co.kr/products/379604095
마미케어,메디큐브 부스터프로,메디큐브 에이지알 부스터 프로 헬로키티 에디션,거래중,"355,000원",월성2동,2026-06-28,0,2,0,36.5℃,번개장터판매자,뷰티/미용,대구광역시 달서구 월성2동,[출처] 번개장터 | [분석모델] BOOSTER_PRO | [모델근거] text_variant | [원문링크] https://m.bunjang.co.kr/products/416604129
마미케어,메디큐브 부스터프로,메디큐브 부스터프로,거래중,"70,000원",,2026-06-27,0,21,0,36.5℃,번개장터판매자,뷰티/미용,,[출처] 번개장터 | [분석모델] BOOSTER_PRO | [모델근거] text_variant | [원문링크] https://m.bunjang.co.kr/products/416570269
마미케어,메디큐브 부스터프로,[*새상품] 메디큐브 부스터프로 미니 핑크/화이트,거래중,"88,000원",,2026-06-27,0,144,0,36.5℃,번개장터판매자,뷰티/미용,,[출처] 번개장터 | [분석모델] BOOSTER_PRO_MINI | [모델근거] text_variant | [원문링크] https://m.bunjang.co.kr/products/302721778
마미케어,메디큐브 부스터프로,메디큐브 부스터프로 짱구에디션,예약중,"160,000원",,2026-06-27,0,3,0,36.5℃,번개장터판매자,뷰티/미용,,[출처] 번개장터 | [분석모델] BOOSTER_PRO | [모델근거] text_variant | [원문링크] https://m.bunjang.co.kr/products/414254863
마미케어,메디큐브 부스터프로,메디큐브 부스터프로 쿠로미,거래중,"200,000원",,2026-06-27,0,9,0,36.5℃,번개장터판매자,뷰티/미용,,[출처] 번개장터 | [분석모델] BOOSTER_PRO | [모델근거] text_variant | [원문링크] https://m.bunjang.co.kr/products/416495843
마미케어,메디큐브 부스터프로,메디큐브 부스터 프로 미니 +앰플,거래중,"95,000원",독산제4동,2026-06-26,0,2,0,36.5℃,번개장터판매자,뷰티/미용,서울특별시 금천구 독산제4동,[출처] 번개장터 | [분석모델] BOOSTER_PRO_MINI | [모델근거] text_variant | [원문링크] https://m.bunjang.co.kr/products/416330948
마미케어,메디큐브 부스터프로,메디큐브 한교동 부스터프로 미니 플러스,예약중,"76,090원",,2026-06-26,0,17,0,36.5℃,번개장터판매자,뷰티/미용,,[출처] 번개장터 | [분석모델] BOOSTER_PRO_MINI | [모델근거] text_variant | [원문링크] https://m.bunjang.co.kr/products/413978646
마미케어,메디큐브 부스터프로,메디큐브 부스터프로,거래중,"130,000원",,2026-06-25,0,3,0,36.5℃,번개장터판매자,뷰티/미용,,[출처] 번개장터 | [분석모델] BOOSTER_PRO | [모델근거] text_variant | [원문링크] https://m.bunjang.co.kr/products/416046838
마미케어,메디큐브 부스터프로,메디큐브 에이지알 부스터 프로 핑크,거래중,"100,000원",후평1동,2026-06-24,0,29,0,36.5℃,번개장터판매자,뷰티/미용,강원특별자치도 춘천시 후평1동,[출처] 번개장터 | [분석모델] BOOSTER_PRO | [모델근거] text_variant | [원문링크] https://m.bunjang.co.kr/products/414940532
마미케어,메디큐브 부스터프로,메디큐브~부스터프로~오늘하루만이가격,예약중,"130,000원",,2026-06-24,0,17,0,36.5℃,번개장터판매자,뷰티/미용,,[출처] 번개장터 | [분석모델] BOOSTER_PRO | [모델근거] text_variant | [원문링크] https://m.bunjang.co.kr/products/392972136
마미케어,메디큐브 부스터프로,메디큐브 부스터 프로 에이지알 블랙,거래중,"125,000원",중화산1동,2026-06-24,0,2,0,36.5℃,번개장터판매자,뷰티/미용,전북특별자치도 전주시 완산구 중화산1동,[출처] 번개장터 | [분석모델] BOOSTER_PRO | [모델근거] text_variant | [원문링크] https://m.bunjang.co.kr/products/415858714
마미케어,메디큐브 부스터프로,메디큐브 부스터 프로 미니,거래중,"58,000원",,2026-06-23,0,43,0,36.5℃,번개장터판매자,뷰티/미용,,[출처] 번개장터 | [분석모델] BOOSTER_PRO_MINI | [모델근거] text_variant | [원문링크] https://m.bunjang.co.kr/products/377069854
마미케어,메디큐브 부스터프로,메디큐브 부스터프로 미니플러스 + 진동 클렌저 + 사은품 (베이지),예약중,"110,000원",,2026-06-21,0,14,0,36.5℃,번개장터판매자,뷰티/미용,,[출처] 번개장터 | [분석모델] BOOSTER_PRO_MINI | [모델근거] text_variant | [원문링크] https://m.bunjang.co.kr/products/397930017
마미케어,메디큐브 부스터프로,메디큐브 부스터프로 미니 화이트,거래중,"56,000원",,2026-06-20,0,8,0,36.5℃,번개장터판매자,뷰티/미용,,[출처] 번개장터 | [분석모델] BOOSTER_PRO_MINI | [모델근거] text_variant | [원문링크] https://m.bunjang.co.kr/products/380615189
마미케어,메디큐브 부스터프로,메디큐브 부스터프로1 핑크 풀박스 판매해요,거래중,"160,000원",,2026-06-17,0,5,0,36.5℃,번개장터판매자,뷰티/미용,,[출처] 번개장터 | [분석모델] BOOSTER_PRO | [모델근거] text_variant | [원문링크] https://m.bunjang.co.kr/products/414618047
마미케어,메디큐브 부스터프로,[풀박스]메디큐브 미니부스터 프로 춘식이 에디션,거래중,"60,000원",,2026-06-17,0,19,0,36.5℃,번개장터판매자,뷰티/미용,,[출처] 번개장터 | [분석모델] BOOSTER_PRO_MINI | [모델근거] text_variant | [원문링크] https://m.bunjang.co.kr/products/414608944
마미케어,메디큐브 부스터프로,메디큐브 쿠로미 부스터프로,예약중,"100,000원",,2026-06-15,0,0,0,36.5℃,번개장터판매자,뷰티/미용,,[출처] 번개장터 | [분석모델] BOOSTER_PRO | [모델근거] text_variant | [원문링크] https://m.bunjang.co.kr/products/414308875
마미케어,메디큐브 부스터프로,메디큐브 에이지알 부스터 프로,예약중,"99,000원",,2026-06-14,0,0,0,36.5℃,번개장터판매자,뷰티/미용,,[출처] 번개장터 | [분석모델] BOOSTER_PRO | [모델근거] text_variant | [원문링크] https://m.bunjang.co.kr/products/414115042
마미케어,메디큐브 부스터프로,메디큐브 부스터 프로,거래중,"220,000원",영등포동,2026-06-12,0,28,0,36.5℃,번개장터판매자,뷰티/미용,서울특별시 영등포구 영등포동,[출처] 번개장터 | [분석모델] BOOSTER_PRO | [모델근거] text_variant | [원문링크] https://m.bunjang.co.kr/products/379766758
마미케어,메디큐브 부스터프로,미개봉  리뉴얼메디큐브에이지알부스터 프로,거래중,"205,000원",대덕동,2026-06-11,0,3,0,36.5℃,번개장터판매자,뷰티/미용,경기도 고양시 덕양구 대덕동,[출처] 번개장터 | [분석모델] BOOSTER_PRO | [모델근거] text_variant | [원문링크] https://m.bunjang.co.kr/products/351824868
마미케어,메디큐브 부스터프로,메디큐브 부스터프로,거래중,"175,000원",,2026-06-11,0,115,0,36.5℃,번개장터판매자,뷰티/미용,,[출처] 번개장터 | [분석모델] BOOSTER_PRO | [모델근거] text_variant | [원문링크] https://m.bunjang.co.kr/products/330213868
마미케어,메디큐브 부스터프로,메디큐브 부스터 프로,거래중,"100,000원",,2026-06-10,0,16,0,36.5℃,번개장터판매자,뷰티/미용,,[출처] 번개장터 | [분석모델] BOOSTER_PRO | [모델근거] text_variant | [원문링크] https://m.bunjang.co.kr/products/413496877
마미케어,메디큐브 부스터프로,메디큐브 부스터프로x2,거래중,"285,000원",,2026-06-10,0,2,0,36.5℃,번개장터판매자,뷰티/미용,,[출처] 번개장터 | [분석모델] BOOSTER_PRO | [모델근거] text_variant | [원문링크] https://m.bunjang.co.kr/products/409675759
마미케어,메디큐브 부스터프로,메디큐브 부스터 프로 블랙,거래중,"150,000원",학익1동,2026-06-09,0,1,0,36.5℃,번개장터판매자,뷰티/미용,인천광역시 미추홀구 학익1동,[출처] 번개장터 | [분석모델] BOOSTER_PRO | [모델근거] text_variant | [원문링크] https://m.bunjang.co.kr/products/413362239
마미케어,메디큐브 부스터프로,메디큐브 부스터 프로,거래중,"105,000원",,2026-06-08,0,8,0,36.5℃,번개장터판매자,뷰티/미용,,[출처] 번개장터 | [분석모델] BOOSTER_PRO | [모델근거] text_variant | [원문링크] https://m.bunjang.co.kr/products/413138502
마미케어,메디큐브 부스터프로,메디큐브 마이멜로디 부스터 프로 미니 플러스,예약중,"50,000원",,2026-06-08,0,2,0,36.5℃,번개장터판매자,뷰티/미용,,[출처] 번개장터 | [분석모델] BOOSTER_PRO_MINI | [모델근거] text_variant | [원문링크] https://m.bunjang.co.kr/products/413125967
마미케어,메디큐브 부스터프로,(미개봉) 메디큐브 에이지알 부스터 프로 미니,거래중,"80,000원",,2026-06-08,0,10,0,36.5℃,번개장터판매자,뷰티/미용,,[출처] 번개장터 | [분석모델] BOOSTER_PRO_MINI | [모델근거] text_variant | [원문링크] https://m.bunjang.co.kr/products/394645505
마미케어,메디큐브 부스터프로,"메디큐브 에이지알 부스터프로 [미개봉,헤드캡포함]",거래중,"295,000원",성북동,2026-06-07,0,0,0,36.5℃,번개장터판매자,뷰티/미용,경상남도 진주시 성북동,[출처] 번개장터 | [분석모델] BOOSTER_PRO | [모델근거] text_variant | [원문링크] https://m.bunjang.co.kr/products/411097173
마미케어,메디큐브 부스터프로,메디큐브 에이지알 부스터 프로 미니 판매,거래중,"60,000원",,2026-06-07,0,6,0,36.5℃,번개장터판매자,뷰티/미용,,[출처] 번개장터 | [분석모델] BOOSTER_PRO_MINI | [모델근거] text_variant | [원문링크] https://m.bunjang.co.kr/products/412864602
마미케어,메디큐브 부스터프로,메디큐브 에이지알 부스터프로 노란색,거래중,"230,000원",삼전동,2026-06-06,0,1,0,36.5℃,번개장터판매자,뷰티/미용,서울특별시 송파구 삼전동,[출처] 번개장터 | [분석모델] BOOSTER_PRO | [모델근거] text_variant | [원문링크] https://m.bunjang.co.kr/products/403550404
마미케어,메디큐브 부스터프로,메디큐브 에이지알 부스터프로X2,거래중,"290,000원",광혜원면,2026-06-05,0,1,0,36.5℃,번개장터판매자,뷰티/미용,충청북도 진천군 광혜원면,[출처] 번개장터 | [분석모델] BOOSTER_PRO | [모델근거] text_variant | [원문링크] https://m.bunjang.co.kr/products/412434091
마미케어,메디큐브 부스터프로,메디큐브 부스터프로,거래중,"210,000원",화곡제6동,2026-06-05,0,2,0,36.5℃,번개장터판매자,뷰티/미용,서울특별시 강서구 화곡제6동,[출처] 번개장터 | [분석모델] BOOSTER_PRO | [모델근거] text_variant | [원문링크] https://m.bunjang.co.kr/products/322383427
마미케어,메디큐브 부스터프로,메디큐브 부스터프로,거래중,"90,000원",,2026-06-03,0,24,0,36.5℃,번개장터판매자,뷰티/미용,,[출처] 번개장터 | [분석모델] BOOSTER_PRO | [모델근거] text_variant | [원문링크] https://m.bunjang.co.kr/products/412149490
마미케어,메디큐브 부스터프로,메디큐브 부스터프로 디바이스 팔아요,거래중,"130,000원",,2026-06-03,0,23,0,36.5℃,번개장터판매자,뷰티/미용,,[출처] 번개장터 | [분석모델] BOOSTER_PRO | [모델근거] text_variant | [원문링크] https://m.bunjang.co.kr/products/412089594
마미케어,메디큐브 부스터프로,메디큐브 부스터프로미니 (화이트),예약중,"400,000원",효자3동,2026-06-03,0,6,0,36.5℃,번개장터판매자,뷰티/미용,전북특별자치도 전주시 완산구 효자3동,[출처] 번개장터 | [분석모델] BOOSTER_PRO_MINI | [모델근거] text_variant | [원문설명] 상자랑 다 있어요 빨간색 동그라미 깨진것같은데 플라스틱이 깨진?것같아요 쓰는데 지장 하~나도 없습니다 리뉴얼 전 버전이에요 진짜 몇번 안썼습니다 | [원문링크] https://m.bunjang.co.kr/products/412054970
마미케어,메디큐브 부스터프로,메디큐브 부스터프로 미개봉(케이스 캡 포함),거래중,"190,000원",,2026-06-03,0,16,0,36.5℃,번개장터판매자,뷰티/미용,,[출처] 번개장터 | [분석모델] BOOSTER_PRO | [모델근거] text_variant | [원문링크] https://m.bunjang.co.kr/products/381994288
마미케어,메디큐브 부스터프로,메디큐브 부스터프로 미개봉(+히알루로닉 멀티 펩타이드 세럼),거래중,"230,000원",만수4동,2026-06-03,0,5,0,36.5℃,번개장터판매자,뷰티/미용,인천광역시 남동구 만수4동,[출처] 번개장터 | [분석모델] BOOSTER_PRO | [모델근거] text_variant | [원문링크] https://m.bunjang.co.kr/products/393003347
마미케어,메디큐브 부스터프로,메디큐브 에이지알 부스터 프로 미니 핑크,거래중,"90,000원",,2026-06-01,0,0,0,36.5℃,번개장터판매자,뷰티/미용,,[출처] 번개장터 | [분석모델] BOOSTER_PRO_MINI | [모델근거] text_variant | [원문링크] https://m.bunjang.co.kr/products/411650348
마미케어,메디큐브 부스터프로,메디큐브 에이지알 (AGE-R) 부스터프로x2 핑크 새상품,거래중,"300,000원",,2026-05-31,0,8,0,36.5℃,번개장터판매자,뷰티/미용,,[출처] 번개장터 | [분석모델] BOOSTER_PRO | [모델근거] text_variant | [원문링크] https://m.bunjang.co.kr/products/410483784
마미케어,메디큐브 부스터프로,메디큐브 에이지알 부스터 프로 쿠로미 에디션,거래중,"250,000원",서교동,2026-05-29,0,0,0,36.5℃,번개장터판매자,뷰티/미용,서울특별시 마포구 서교동,[출처] 번개장터 | [분석모델] BOOSTER_PRO | [모델근거] text_variant | [원문링크] https://m.bunjang.co.kr/products/411006567
마미케어,메디큐브 부스터프로,메디큐브 부스터프로 풀박스 + 캡,예약중,"130,000원",청파동,2026-05-28,0,2,0,36.5℃,번개장터판매자,뷰티/미용,서울특별시 용산구 청파동,[출처] 번개장터 | [분석모델] BOOSTER_PRO | [모델근거] text_variant | [원문링크] https://m.bunjang.co.kr/products/410670298
마미케어,메디큐브 부스터프로,메디큐브 부스터프로,거래중,"160,000원",,2026-05-27,0,1,0,36.5℃,번개장터판매자,뷰티/미용,,[출처] 번개장터 | [분석모델] BOOSTER_PRO | [모델근거] text_variant | [원문링크] https://m.bunjang.co.kr/products/410606359
마미케어,메디큐브 부스터프로,메디큐브 부스터 프로 미니 화이트,거래중,"80,000원",검단3동,2026-05-25,0,8,0,36.5℃,번개장터판매자,뷰티/미용,인천광역시 서구 검단3동,[출처] 번개장터 | [분석모델] BOOSTER_PRO_MINI | [모델근거] text_variant | [원문링크] https://m.bunjang.co.kr/products/354282237
마미케어,메디큐브 부스터프로,메디큐브 부스터프로 x2 화이트,예약중,"288,000원",송산3동,2026-05-24,0,3,0,36.5℃,번개장터판매자,뷰티/미용,경기도 의정부시 송산3동,[출처] 번개장터 | [분석모델] BOOSTER_PRO | [모델근거] text_variant | [원문링크] https://m.bunjang.co.kr/products/409936565
마미케어,메디큐브 부스터프로,메디큐브 부스터프로+증정품,거래중,"310,000원",군자동,2026-05-21,0,0,0,36.5℃,번개장터판매자,뷰티/미용,서울특별시 광진구 군자동,[출처] 번개장터 | [분석모델] BOOSTER_PRO | [모델근거] text_variant | [원문링크] https://m.bunjang.co.kr/products/409438608
마미케어,메디큐브 부스터프로,메디큐브 부스터프로 미니 플러스,거래중,"80,000원",,2026-05-20,0,6,0,36.5℃,번개장터판매자,뷰티/미용,,[출처] 번개장터 | [분석모델] BOOSTER_PRO_MINI | [모델근거] text_variant | [원문링크] https://m.bunjang.co.kr/products/407654347
마미케어,메디큐브 부스터프로,메디큐브 에이지알 부스터 프로 잔망루피,거래중,"299,000원",,2026-05-20,0,16,0,36.5℃,번개장터판매자,뷰티/미용,,[출처] 번개장터 | [분석모델] BOOSTER_PRO | [모델근거] text_variant | [원문링크] https://m.bunjang.co.kr/products/368472165
마미케어,메디큐브 부스터프로,메디큐브 부스터프로,예약중,"65,000원",,2026-05-19,0,0,0,36.5℃,번개장터판매자,뷰티/미용,,[출처] 번개장터 | [분석모델] BOOSTER_PRO | [모델근거] text_variant | [원문링크] https://m.bunjang.co.kr/products/409050006
마미케어,메디큐브 부스터프로,메디큐브 부스터 프로,거래중,"140,000원",,2026-05-18,0,11,0,36.5℃,번개장터판매자,뷰티/미용,,[출처] 번개장터 | [분석모델] BOOSTER_PRO | [모델근거] text_variant | [원문링크] https://m.bunjang.co.kr/products/404326517
마미케어,메디큐브 부스터프로,[새상품]메디큐브 에이지알 부스터프로+메디큐브 쿨링 마스크팩 4개,예약중,"210,000원",월피동,2026-05-18,0,3,0,36.5℃,번개장터판매자,뷰티/미용,경기도 안산시 상록구 월피동,[출처] 번개장터 | [분석모델] BOOSTER_PRO | [모델근거] text_variant | [원문링크] https://m.bunjang.co.kr/products/386910959
마미케어,메디큐브 부스터프로,메디큐브 에이지알 부스터프로,예약중,"100,000원",화정1동,2026-05-17,0,0,0,36.5℃,번개장터판매자,뷰티/미용,경기도 고양시 덕양구 화정1동,[출처] 번개장터 | [분석모델] BOOSTER_PRO | [모델근거] text_variant | [원문링크] https://m.bunjang.co.kr/products/408642538
마미케어,메디큐브 부스터프로,메디큐브 부스터프로,거래중,"180,000원",,2026-05-16,0,1,0,36.5℃,번개장터판매자,뷰티/미용,,[출처] 번개장터 | [분석모델] BOOSTER_PRO | [모델근거] text_variant | [원문링크] https://m.bunjang.co.kr/products/408436321
마미케어,메디큐브 부스터프로,메디큐브 에이지알 부스터프로 미니 플러스 핑크,거래중,"77,000원",구래동,2026-05-14,0,24,0,36.5℃,번개장터판매자,뷰티/미용,경기도 김포시 구래동,[출처] 번개장터 | [분석모델] BOOSTER_PRO_MINI | [모델근거] text_variant | [원문링크] https://m.bunjang.co.kr/products/405083880
마미케어,메디큐브 부스터프로,메디큐브 에이지알 부스터 프로 라벤더,거래중,"160,000원",명륜동,2026-05-13,0,6,0,36.5℃,번개장터판매자,뷰티/미용,부산광역시 동래구 명륜동,[출처] 번개장터 | [분석모델] BOOSTER_PRO | [모델근거] text_variant | [원문링크] https://m.bunjang.co.kr/products/407572545
마미케어,메디큐브 부스터프로,미개봉 새상품) 메디큐브 부스터 프로,거래중,"230,000원",,2026-05-07,0,7,0,36.5℃,번개장터판매자,뷰티/미용,,[출처] 번개장터 | [분석모델] BOOSTER_PRO | [모델근거] text_variant | [원문링크] https://m.bunjang.co.kr/products/383831744
마미케어,메디큐브 부스터프로,미개봉 새상품 메디큐브 부스터프로 x2,예약중,"294,000원",서현1동,2026-05-07,0,0,0,36.5℃,번개장터판매자,뷰티/미용,경기도 성남시 분당구 서현1동,[출처] 번개장터 | [분석모델] BOOSTER_PRO | [모델근거] text_variant | [원문링크] https://m.bunjang.co.kr/products/406562165
마미케어,메디큐브 부스터프로,메디큐브 에이지알 부스터프로,예약중,"105,000원",연산제9동,2026-05-07,0,8,0,36.5℃,번개장터판매자,뷰티/미용,부산광역시 연제구 연산제9동,[출처] 번개장터 | [분석모델] BOOSTER_PRO | [모델근거] text_variant | [원문링크] https://m.bunjang.co.kr/products/406521718
마미케어,메디큐브 부스터프로,미개봉 메디큐브 짱구부스터프로,거래중,"215,000원",,2026-05-07,0,3,0,36.5℃,번개장터판매자,뷰티/미용,,[출처] 번개장터 | [분석모델] BOOSTER_PRO | [모델근거] text_variant | [원문링크] https://m.bunjang.co.kr/products/406486552
마미케어,메디큐브 부스터프로,메디큐브 부스터프로 팝니다.,거래중,"150,000원",도촌동,2026-04-28,0,5,0,36.5℃,번개장터판매자,뷰티/미용,경기도 성남시 중원구 도촌동,[출처] 번개장터 | [분석모델] BOOSTER_PRO | [모델근거] text_variant | [원문링크] https://m.bunjang.co.kr/products/404435366
마미케어,메디큐브 부스터프로,!이번주까지이가격! 메디큐브 마이멜로디 에이지알 부스터 프로 미니 핑크,예약중,"60,000원",,2026-04-27,0,1,0,36.5℃,번개장터판매자,뷰티/미용,,[출처] 번개장터 | [분석모델] BOOSTER_PRO_MINI | [모델근거] text_variant | [원문링크] https://m.bunjang.co.kr/products/404228053
마미케어,메디큐브 부스터프로,급처 새상품 메디큐브 부스터 프로 미니 플러스 핑크,거래중,"145,000원",,2026-04-26,0,9,0,36.5℃,번개장터판매자,뷰티/미용,,[출처] 번개장터 | [분석모델] BOOSTER_PRO_MINI | [모델근거] text_variant | [원문링크] https://m.bunjang.co.kr/products/401939447
마미케어,메디큐브 부스터프로,<새상품> 메디큐브 에이지알 부스터 프로,거래중,"250,000원",,2026-04-22,0,3,0,36.5℃,번개장터판매자,뷰티/미용,,[출처] 번개장터 | [분석모델] BOOSTER_PRO | [모델근거] text_variant | [원문링크] https://m.bunjang.co.kr/products/396543547
마미케어,메디큐브 부스터프로,메디큐브 부스터프로 + 글루타치온/콜라겐 세럼,거래중,"210,000원",,2026-04-22,0,1,0,36.5℃,번개장터판매자,뷰티/미용,,[출처] 번개장터 | [분석모델] BOOSTER_PRO | [모델근거] text_variant | [원문링크] https://m.bunjang.co.kr/products/373410139
마미케어,메디큐브 부스터프로,[풀박스] 메디큐브 에이지알 AGE-R 부스터 프로 블랙 (충전기 새거,예약중,"145,000원",자양동,2026-04-21,0,26,0,36.5℃,번개장터판매자,뷰티/미용,대전광역시 동구 자양동,[출처] 번개장터 | [분석모델] BOOSTER_PRO | [모델근거] text_variant | [원문링크] https://m.bunjang.co.kr/products/396270076
마미케어,메디큐브 부스터프로,메디큐브 부스터프로,거래중,"150,000원",철산3동,2026-04-17,0,4,0,36.5℃,번개장터판매자,뷰티/미용,경기도 광명시 철산3동,[출처] 번개장터 | [분석모델] BOOSTER_PRO | [모델근거] text_variant | [원문링크] https://m.bunjang.co.kr/products/402265960
마미케어,메디큐브 부스터프로,메디큐브 부스터프로,거래중,"125,000원",,2026-04-17,0,8,0,36.5℃,번개장터판매자,뷰티/미용,,[출처] 번개장터 | [분석모델] BOOSTER_PRO | [모델근거] text_variant | [원문링크] https://m.bunjang.co.kr/products/402244790
마미케어,메디큐브 부스터프로,메디큐브 부스터 프로,거래중,"230,000원",영종동,2026-04-16,0,3,0,36.5℃,번개장터판매자,뷰티/미용,인천광역시 중구 영종동,[출처] 번개장터 | [분석모델] BOOSTER_PRO | [모델근거] text_variant | [원문링크] https://m.bunjang.co.kr/products/397718258
마미케어,메디큐브 부스터프로,메디큐브 에이지알 부스터 프로,거래중,"250,000원",,2026-04-16,0,1,0,36.5℃,번개장터판매자,뷰티/미용,,[출처] 번개장터 | [분석모델] BOOSTER_PRO | [모델근거] text_variant | [원문링크] https://m.bunjang.co.kr/products/337956791
마미케어,메디큐브 부스터프로,메디큐브 AGE-R 부스터프로+앰플 증정,거래중,"150,000원",,2026-04-15,0,9,0,36.5℃,번개장터판매자,뷰티/미용,,[출처] 번개장터 | [분석모델] BOOSTER_PRO | [모델근거] text_variant | [원문링크] https://m.bunjang.co.kr/products/400662729
마미케어,메디큐브 부스터프로,메디큐브 부스터프로 블랙,거래중,"219,000원",,2026-04-14,0,6,0,36.5℃,번개장터판매자,뷰티/미용,,[출처] 번개장터 | [분석모델] BOOSTER_PRO | [모델근거] text_variant | [원문링크] https://m.bunjang.co.kr/products/386502382
마미케어,메디큐브 부스터프로,메디큐브 에이지알 부스터프로 마이멜로디 에디션 풀박,예약중,"244,680원",,2026-04-13,0,4,0,36.5℃,번개장터판매자,뷰티/미용,,[출처] 번개장터 | [분석모델] BOOSTER_PRO | [모델근거] text_variant | [원문링크] https://m.bunjang.co.kr/products/401326661
마미케어,메디큐브 부스터프로,(미사용) 메디큐브 에이지알 부스터 프로 블랙,예약중,"190,000원",,2026-04-13,0,1,0,36.5℃,번개장터판매자,뷰티/미용,,[출처] 번개장터 | [분석모델] BOOSTER_PRO | [모델근거] text_variant | [원문링크] https://m.bunjang.co.kr/products/401285726
마미케어,메디큐브 부스터프로,메디큐브 부스터프로 핑크,거래중,"220,000원",범천제1동,2026-04-11,0,0,0,36.5℃,번개장터판매자,뷰티/미용,부산광역시 부산진구 범천제1동,[출처] 번개장터 | [분석모델] BOOSTER_PRO | [모델근거] text_variant | [원문링크] https://m.bunjang.co.kr/products/400971162
마미케어,메디큐브 부스터프로,미개봉) 메디큐브 부스터프로 미니플러스 베이지,예약중,"99,000원",,2026-04-09,0,12,0,36.5℃,번개장터판매자,뷰티/미용,,[출처] 번개장터 | [분석모델] BOOSTER_PRO_MINI | [모델근거] text_variant | [원문링크] https://m.bunjang.co.kr/products/393838063
마미케어,메디큐브 부스터프로,메디큐브 에이지알 부스터 프로 블랙,거래중,"205,000원",,2026-04-06,0,4,0,36.5℃,번개장터판매자,뷰티/미용,,[출처] 번개장터 | [분석모델] BOOSTER_PRO | [모델근거] text_variant | [원문링크] https://m.bunjang.co.kr/products/369022140
마미케어,메디큐브 부스터프로,메디큐브 부스터프로 미니 짱구 에디션+에이지알 부스터 진동 클렌저,거래중,"135,000원",온천2동,2026-04-05,0,4,0,36.5℃,번개장터판매자,뷰티/미용,대전광역시 유성구 온천2동,[출처] 번개장터 | [분석모델] BOOSTER_PRO_MINI | [모델근거] text_variant | [원문링크] https://m.bunjang.co.kr/products/399723646
마미케어,메디큐브 부스터프로,메디큐브 부스터프로,거래중,"215,000원",마두1동,2026-04-04,0,7,0,36.5℃,번개장터판매자,뷰티/미용,경기도 고양시 일산동구 마두1동,[출처] 번개장터 | [분석모델] BOOSTER_PRO | [모델근거] text_variant | [원문링크] https://m.bunjang.co.kr/products/389675059
마미케어,메디큐브 부스터프로,메디큐브 부스터프로 쿠로미 잔망루피 팔아요,거래중,"160,000원",역삼1동,2026-04-04,0,27,0,36.5℃,번개장터판매자,뷰티/미용,서울특별시 강남구 역삼1동,[출처] 번개장터 | [분석모델] BOOSTER_PRO | [모델근거] text_variant | [원문링크] https://m.bunjang.co.kr/products/398117286
마미케어,메디큐브 부스터프로,메디큐브 에이지알 부스터프로 새상품+글루타치온 앰플,예약중,"200,000원",,2026-04-03,0,2,0,36.5℃,번개장터판매자,뷰티/미용,,[출처] 번개장터 | [분석모델] BOOSTER_PRO | [모델근거] text_variant | [원문링크] https://m.bunjang.co.kr/products/399185788
마미케어,메디큐브 부스터프로,메디큐브 부스터프로 라벤더 곰돌이캡 포함,거래중,"140,000원",,2026-04-03,0,0,0,36.5℃,번개장터판매자,뷰티/미용,,[출처] 번개장터 | [분석모델] BOOSTER_PRO | [모델근거] text_variant | [원문링크] https://m.bunjang.co.kr/products/399185786
마미케어,메디큐브 부스터프로,(새상품) 메디큐브 에이지알 부스터 프로 & 메디큐브 히알루로닉 멀티 펩,거래중,"240,000원",신정1동,2026-04-01,0,0,0,36.5℃,번개장터판매자,뷰티/미용,서울특별시 양천구 신정1동,[출처] 번개장터 | [분석모델] BOOSTER_PRO | [모델근거] text_variant | [원문링크] https://m.bunjang.co.kr/products/398614054
마미케어,메디큐브 부스터프로,메디큐브 에이지알 부스터프로 마이멜로디,예약중,"230,000원",,2026-03-31,0,3,0,36.5℃,번개장터판매자,뷰티/미용,,[출처] 번개장터 | [분석모델] BOOSTER_PRO | [모델근거] text_variant | [원문링크] https://m.bunjang.co.kr/products/398576242
마미케어,메디큐브 부스터프로,메디큐브 에이지알 부스터 프로 미니플러스 + 롤러 + 부스터젤 1 (베이,예약중,"130,000원",,2026-03-31,0,2,0,36.5℃,번개장터판매자,뷰티/미용,,[출처] 번개장터 | [분석모델] BOOSTER_PRO_MINI | [모델근거] text_variant | [원문링크] https://m.bunjang.co.kr/products/398547991
마미케어,메디큐브 부스터프로,[미사용]메디큐브 에이지알 부스터 프로 한정판 마이멜로디 에디션,예약중,"260,000원",,2026-03-29,0,4,0,36.5℃,번개장터판매자,뷰티/미용,,[출처] 번개장터 | [분석모델] BOOSTER_PRO | [모델근거] text_variant | [원문링크] https://m.bunjang.co.kr/products/397641898
마미케어,메디큐브 부스터프로,메디큐브 부스터프로 미니 플러스,예약중,"80,000원",,2026-03-29,0,3,0,36.5℃,번개장터판매자,뷰티/미용,,[출처] 번개장터 | [분석모델] BOOSTER_PRO_MINI | [모델근거] text_variant | [원문링크] https://m.bunjang.co.kr/products/398134197
마미케어,메디큐브 부스터프로,메디큐브 에이지알 부스터 프로 쿠로미 에디션,예약중,"225,000원",방배2동,2026-03-26,0,4,0,36.5℃,번개장터판매자,뷰티/미용,서울특별시 서초구 방배2동,[출처] 번개장터 | [분석모델] BOOSTER_PRO | [모델근거] text_variant | [원문링크] https://m.bunjang.co.kr/products/397521245
마미케어,메디큐브 부스터프로,메디큐브 부스터프로 블랙,거래중,"110,000원",,2026-03-25,0,48,0,36.5℃,번개장터판매자,뷰티/미용,,[출처] 번개장터 | [분석모델] BOOSTER_PRO | [모델근거] text_variant | [원문링크] https://m.bunjang.co.kr/products/389359344
마미케어,메디큐브 부스터프로,메디큐브 부스터프로 미니,거래중,"60,000원",,2026-03-25,0,8,0,36.5℃,번개장터판매자,뷰티/미용,,[출처] 번개장터 | [분석모델] BOOSTER_PRO_MINI | [모델근거] text_variant | [원문링크] https://m.bunjang.co.kr/products/397359732
마미케어,메디큐브 부스터프로,미개봉크림포함 메디큐브 부스터프로 짱구 풀세트 2회사용,예약중,"220,000원",,2026-03-24,0,1,0,36.5℃,번개장터판매자,뷰티/미용,,[출처] 번개장터 | [분석모델] BOOSTER_PRO | [모델근거] text_variant | [원문링크] https://m.bunjang.co.kr/products/396758109
마미케어,메디큐브 부스터프로,메디큐브 에이지알 부스터 프로,거래중,"260,000원",,2026-03-22,0,28,0,36.5℃,번개장터판매자,뷰티/미용,,[출처] 번개장터 | [분석모델] BOOSTER_PRO | [모델근거] text_variant | [원문링크] https://m.bunjang.co.kr/products/300259998
마미케어,메디큐브 부스터프로,메디큐브 부스터프로 쿠로미한정판,거래중,"320,000원",,2026-03-22,0,7,0,36.5℃,번개장터판매자,뷰티/미용,,[출처] 번개장터 | [분석모델] BOOSTER_PRO | [모델근거] text_variant | [원문링크] https://m.bunjang.co.kr/products/396618619
마미케어,메디큐브 부스터프로,메디큐브 에이지알 부스터 프로(풀박),거래중,"200,000원",동탄2동,2026-03-21,0,0,0,36.5℃,번개장터판매자,뷰티/미용,경기도 화성시 동탄구 동탄2동,[출처] 번개장터 | [분석모델] BOOSTER_PRO | [모델근거] text_variant | [원문링크] https://m.bunjang.co.kr/products/396589141
마미케어,메디큐브 부스터프로,급처) 메디큐브 부스터프로 미니 핑크,예약중,"60,000원",,2026-03-21,0,0,0,36.5℃,번개장터판매자,뷰티/미용,,[출처] 번개장터 | [분석모델] BOOSTER_PRO_MINI | [모델근거] text_variant | [원문링크] https://m.bunjang.co.kr/products/396529835
마미케어,메디큐브 부스터프로,메디큐브 부스터프로,거래중,"230,000원",,2026-03-20,0,0,0,36.5℃,번개장터판매자,뷰티/미용,,[출처] 번개장터 | [분석모델] BOOSTER_PRO | [모델근거] text_variant | [원문링크] https://m.bunjang.co.kr/products/376456697
마미케어,메디큐브 부스터프로,메디큐브 부스터프로,거래중,"100,000원",,2026-03-19,0,25,0,36.5℃,번개장터판매자,뷰티/미용,,[출처] 번개장터 | [분석모델] BOOSTER_PRO | [모델근거] text_variant | [원문링크] https://m.bunjang.co.kr/products/396123378
마미케어,메디큐브 부스터프로,메디큐브 에이지알 부스터 프로,거래중,"215,000원",,2026-03-19,0,23,0,36.5℃,번개장터판매자,뷰티/미용,,[출처] 번개장터 | [분석모델] BOOSTER_PRO | [모델근거] text_variant | [원문링크] https://m.bunjang.co.kr/products/345471084
마미케어,메디큐브 부스터프로,(풀박) 메디큐브 에이지알 부스터프로 미니 춘식이 에디션,거래중,"90,000원",첨단1동,2026-03-19,0,5,0,36.5℃,번개장터판매자,뷰티/미용,광주광역시 광산구 첨단1동,[출처] 번개장터 | [분석모델] BOOSTER_PRO_MINI | [모델근거] text_variant | [원문링크] https://m.bunjang.co.kr/products/396041068
마미케어,메디큐브 부스터프로,메디큐브 부스터 프로 미니 핑크,예약중,"50,000원",,2026-03-18,0,5,0,36.5℃,번개장터판매자,뷰티/미용,,[출처] 번개장터 | [분석모델] BOOSTER_PRO_MINI | [모델근거] text_variant | [원문링크] https://m.bunjang.co.kr/products/395944447
마미케어,메디큐브 부스터프로,(판매) 메디큐브 에이지알 부스터프로 블랙,예약중,"140,000원",,2026-03-16,0,10,0,36.5℃,번개장터판매자,뷰티/미용,,[출처] 번개장터 | [분석모델] BOOSTER_PRO | [모델근거] text_variant | [원문링크] https://m.bunjang.co.kr/products/394570650
마미케어,메디큐브 부스터프로,메디큐브 부스터프로,예약중,"107,000원",,2026-03-16,0,1,0,36.5℃,번개장터판매자,뷰티/미용,,[출처] 번개장터 | [분석모델] BOOSTER_PRO | [모델근거] text_variant | [원문링크] https://m.bunjang.co.kr/products/395563135
마미케어,메디큐브 부스터프로,메디큐브 부스터프로(새상품 무배),예약중,"197,000원",,2026-03-15,0,23,0,36.5℃,번개장터판매자,뷰티/미용,,[출처] 번개장터 | [분석모델] BOOSTER_PRO | [모델근거] text_variant | [원문링크] https://m.bunjang.co.kr/products/393733046
마미케어,메디큐브 부스터프로,메디큐브 에이지알 부스터 프로 미니,거래중,"70,000원",,2026-03-14,0,6,0,36.5℃,번개장터판매자,뷰티/미용,,[출처] 번개장터 | [분석모델] BOOSTER_PRO_MINI | [모델근거] text_variant | [원문링크] https://m.bunjang.co.kr/products/395155276
마미케어,메디큐브 부스터프로,메디큐브 부스터프로,거래중,"220,000원",,2026-03-14,0,0,0,36.5℃,번개장터판매자,뷰티/미용,,[출처] 번개장터 | [분석모델] BOOSTER_PRO | [모델근거] text_variant | [원문링크] https://m.bunjang.co.kr/products/395102677
마미케어,메디큐브 부스터프로,메디큐브 부스터프로 블랙 새상품 미개봉,거래중,"225,000원",삼전동,2026-03-14,0,14,0,36.5℃,번개장터판매자,뷰티/미용,서울특별시 송파구 삼전동,[출처] 번개장터 | [분석모델] BOOSTER_PRO | [모델근거] text_variant | [원문링크] https://m.bunjang.co.kr/products/388904302
마미케어,메디큐브 부스터프로,메디큐브 에이지알 부스터 프로 블랙,거래중,"170,000원",,2026-03-09,0,8,0,36.5℃,번개장터판매자,뷰티/미용,,[출처] 번개장터 | [분석모델] BOOSTER_PRO | [모델근거] text_variant | [원문링크] https://m.bunjang.co.kr/products/394244560
마미케어,메디큐브 부스터프로,메디큐브 에이지알 부스터프로 핑크,거래중,"250,000원",,2026-03-07,0,3,0,36.5℃,번개장터판매자,뷰티/미용,,[출처] 번개장터 | [분석모델] BOOSTER_PRO | [모델근거] text_variant | [원문링크] https://m.bunjang.co.kr/products/393728772
마미케어,메디큐브 부스터프로,메디큐브 부스터프로 미니,거래중,"60,000원",,2026-03-06,0,6,0,36.5℃,번개장터판매자,뷰티/미용,,[출처] 번개장터 | [분석모델] BOOSTER_PRO_MINI | [모델근거] text_variant | [원문링크] https://m.bunjang.co.kr/products/393474967
마미케어,메디큐브 부스터프로,메디큐브 부스터 프로 미니,거래중,"65,000원",,2026-03-04,0,2,0,36.5℃,번개장터판매자,뷰티/미용,,[출처] 번개장터 | [분석모델] BOOSTER_PRO_MINI | [모델근거] text_variant | [원문링크] https://m.bunjang.co.kr/products/393086867
마미케어,메디큐브 부스터프로,(미개봉) 메디큐브 에이지알 부스터 프로 미니 플러스 핑크,거래중,"106,000원",,2026-03-02,0,15,0,36.5℃,번개장터판매자,뷰티/미용,,[출처] 번개장터 | [분석모델] BOOSTER_PRO_MINI | [모델근거] text_variant | [원문링크] https://m.bunjang.co.kr/products/392699115
마미케어,메디큐브 부스터프로,메디큐브 부스터프로 / ems 더마샷 / 혼바디 빅롤러 세트 30만원에,거래중,"270,000원",안성3동,2026-03-02,0,0,0,36.5℃,번개장터판매자,뷰티/미용,경기도 안성시 안성3동,[출처] 번개장터 | [분석모델] BOOSTER_PRO | [모델근거] text_variant | [원문링크] https://m.bunjang.co.kr/products/392623400
마미케어,메디큐브 부스터프로,메디큐브 부스터프로 짱구 디바이스,거래중,"275,000원",장림제2동,2026-03-02,0,4,0,36.5℃,번개장터판매자,뷰티/미용,부산광역시 사하구 장림제2동,[출처] 번개장터 | [분석모델] BOOSTER_PRO | [모델근거] text_variant | [원문링크] https://m.bunjang.co.kr/products/392604647
마미케어,메디큐브 부스터프로,메디큐브 부스터 프로 미니 화이트,예약중,"55,000원",,2026-03-01,0,0,0,36.5℃,번개장터판매자,뷰티/미용,,[출처] 번개장터 | [분석모델] BOOSTER_PRO_MINI | [모델근거] text_variant | [원문링크] https://m.bunjang.co.kr/products/392351864
마미케어,메디큐브 부스터프로,메디큐브 에이지알 부스터프로 미니플러스,예약중,"70,000원",,2026-02-28,0,5,0,36.5℃,번개장터판매자,뷰티/미용,,[출처] 번개장터 | [분석모델] BOOSTER_PRO_MINI | [모델근거] text_variant | [원문링크] https://m.bunjang.co.kr/products/391898382
마미케어,메디큐브 부스터프로,메디큐브 에이지알 부스터 프로 헬로키티 콜라보,거래중,"500,000원",동삭동,2026-02-26,0,4,0,36.5℃,번개장터판매자,뷰티/미용,경기도 평택시 동삭동,[출처] 번개장터 | [분석모델] BOOSTER_PRO | [모델근거] text_variant | [원문링크] https://m.bunjang.co.kr/products/391709177
마미케어,메디큐브 부스터프로,메디큐브 부스터프로,예약중,"180,000원",온양3동,2026-02-23,0,14,0,36.5℃,번개장터판매자,뷰티/미용,충청남도 아산시 온양3동,[출처] 번개장터 | [분석모델] BOOSTER_PRO | [모델근거] text_variant | [원문링크] https://m.bunjang.co.kr/products/391189742
마미케어,메디큐브 부스터프로,메디큐브 부스터프로,거래중,"169,000원",향남읍,2026-02-23,0,3,0,36.5℃,번개장터판매자,뷰티/미용,경기도 화성시 향남읍,[출처] 번개장터 | [분석모델] BOOSTER_PRO | [모델근거] text_variant | [원문링크] https://m.bunjang.co.kr/products/356093164
마미케어,메디큐브 부스터프로,메디큐브 부스터 프로 미니 화이트,예약중,"50,000원",,2026-02-21,0,2,0,36.5℃,번개장터판매자,뷰티/미용,,[출처] 번개장터 | [분석모델] BOOSTER_PRO_MINI | [모델근거] text_variant | [원문링크] https://m.bunjang.co.kr/products/390593235
마미케어,메디큐브 부스터프로,메디큐브 흔적 미백케어 에이지알 부스터 프로 미니,거래중,"54,000원",,2026-02-20,0,27,0,36.5℃,번개장터판매자,뷰티/미용,,[출처] 번개장터 | [분석모델] BOOSTER_PRO_MINI | [모델근거] text_variant | [원문링크] https://m.bunjang.co.kr/products/390393026
마미케어,메디큐브 부스터프로,메디큐브 부스터프로 헬로키티 풀박,거래중,"380,000원",,2026-02-16,0,18,0,36.5℃,번개장터판매자,뷰티/미용,,[출처] 번개장터 | [분석모델] BOOSTER_PRO | [모델근거] text_variant | [원문링크] https://m.bunjang.co.kr/products/389544567
마미케어,메디큐브 부스터프로,메디큐브 부스터 프로 블랙 / 핑크 각 1개,거래중,"230,000원",삼전동,2026-02-11,0,20,0,36.5℃,번개장터판매자,뷰티/미용,서울특별시 송파구 삼전동,[출처] 번개장터 | [분석모델] BOOSTER_PRO | [모델근거] text_variant | [원문링크] https://m.bunjang.co.kr/products/385357694
마미케어,메디큐브 부스터프로,메디큐브 에이지알 부스터 프로 미니(파우치&충전선 포함),거래중,"75,000원",,2026-02-10,0,5,0,36.5℃,번개장터판매자,뷰티/미용,,[출처] 번개장터 | [분석모델] BOOSTER_PRO_MINI | [모델근거] text_variant | [원문링크] https://m.bunjang.co.kr/products/388264203
마미케어,메디큐브 부스터프로,풀박스) 메디큐브 부스터프로 헬로키티 에디션,거래중,"420,000원",,2026-02-08,0,11,0,36.5℃,번개장터판매자,뷰티/미용,,[출처] 번개장터 | [분석모델] BOOSTER_PRO | [모델근거] text_variant | [원문링크] https://m.bunjang.co.kr/products/387789454
마미케어,메디큐브 부스터프로,메디큐브 부스터 프로 미니 춘식이 에디션,예약중,"58,000원",,2026-02-06,0,5,0,36.5℃,번개장터판매자,뷰티/미용,,[출처] 번개장터 | [분석모델] BOOSTER_PRO_MINI | [모델근거] text_variant | [원문링크] https://m.bunjang.co.kr/products/387475711
마미케어,메디큐브 부스터프로,"메디큐브 부스터프로 미니 (핑크, 플러스x)",거래중,"64,500원",동탄1동,2026-02-04,0,13,0,36.5℃,번개장터판매자,뷰티/미용,경기도 화성시 동탄1동,[출처] 번개장터 | [분석모델] BOOSTER_PRO_MINI | [모델근거] text_variant | [원문링크] https://m.bunjang.co.kr/products/387048177
마미케어,메디큐브 부스터프로,메디큐브 에이지알 부스터프로 미니 플러스 핑크 새상품,거래중,"118,000원",,2026-02-04,0,2,0,36.5℃,번개장터판매자,뷰티/미용,,[출처] 번개장터 | [분석모델] BOOSTER_PRO_MINI | [모델근거] text_variant | [원문링크] https://m.bunjang.co.kr/products/387037758
마미케어,메디큐브 부스터프로,[미개봉 새상품] 메디큐브 부스터프로 화이트 + 헬로키티 헤드/소독티슈,예약중,"245,000원",다운동,2026-02-04,0,5,0,36.5℃,번개장터판매자,뷰티/미용,울산광역시 중구 다운동,[출처] 번개장터 | [분석모델] BOOSTER_PRO | [모델근거] text_variant | [원문링크] https://m.bunjang.co.kr/products/386979933
마미케어,메디큐브 부스터프로,메디큐브 부스터프로,거래중,"180,000원",,2026-02-04,0,4,0,36.5℃,번개장터판매자,뷰티/미용,,[출처] 번개장터 | [분석모델] BOOSTER_PRO | [모델근거] text_variant | [원문링크] https://m.bunjang.co.kr/products/386938692
마미케어,메디큐브 부스터프로,메디큐브 부스터프로 마이멜로디,예약중,"200,000원",,2026-02-02,0,3,0,36.5℃,번개장터판매자,뷰티/미용,,[출처] 번개장터 | [분석모델] BOOSTER_PRO | [모델근거] text_variant | [원문링크] https://m.bunjang.co.kr/products/386571404
마미케어,메디큐브 부스터프로,메디큐브 에이지알 부스터 프로 + 보관함,예약중,"150,000원",신사동,2026-02-01,0,1,0,36.5℃,번개장터판매자,뷰티/미용,서울특별시 강남구 신사동,[출처] 번개장터 | [분석모델] BOOSTER_PRO | [모델근거] text_variant | [원문링크] https://m.bunjang.co.kr/products/386377495
마미케어,메디큐브 부스터프로,새상품) 메디큐브 장원영 부스터프로,예약중,"170,000원",구운동,2026-01-30,0,4,0,36.5℃,번개장터판매자,뷰티/미용,경기도 수원시 권선구 구운동,[출처] 번개장터 | [분석모델] BOOSTER_PRO | [모델근거] text_variant | [원문링크] https://m.bunjang.co.kr/products/385765693
마미케어,메디큐브 부스터프로,메디큐브 에이지알 부스터프로 미니,거래중,"65,000원",,2026-01-28,0,15,0,36.5℃,번개장터판매자,뷰티/미용,,[출처] 번개장터 | [분석모델] BOOSTER_PRO_MINI | [모델근거] text_variant | [원문링크] https://m.bunjang.co.kr/products/366774562
마미케어,메디큐브 부스터프로,[정품] 메디큐브 에이지알 부스터 프로 미니 화이트,거래중,"70,000원",,2026-01-25,0,7,0,36.5℃,번개장터판매자,뷰티/미용,,[출처] 번개장터 | [분석모델] BOOSTER_PRO_MINI | [모델근거] text_variant | [원문링크] https://m.bunjang.co.kr/products/384771798
마미케어,메디큐브 부스터프로,[새상품/무배] 메디큐브 부스터 프로 짱구 에디션,예약중,"265,000원",,2026-01-24,0,1,0,36.5℃,번개장터판매자,뷰티/미용,,[출처] 번개장터 | [분석모델] BOOSTER_PRO | [모델근거] text_variant | [원문링크] https://m.bunjang.co.kr/products/383608160
마미케어,메디큐브 부스터프로,[판매완료]메디큐브 부스터프로 미니플러스(타래 숙지부탁드려요),예약중,"85,000원",,2026-01-22,0,5,0,36.5℃,번개장터판매자,뷰티/미용,,[출처] 번개장터 | [분석모델] BOOSTER_PRO_MINI | [모델근거] text_variant | [원문링크] https://m.bunjang.co.kr/products/382869757
마미케어,메디큐브 부스터프로,메디큐브 에이지알 부스터프로 (+글루타치온 앰플1병),거래중,"200,000원",화곡제1동,2026-01-22,0,1,0,36.5℃,번개장터판매자,뷰티/미용,서울특별시 강서구 화곡제1동,[출처] 번개장터 | [분석모델] BOOSTER_PRO | [모델근거] text_variant | [원문링크] https://m.bunjang.co.kr/products/384054092
마미케어,메디큐브 부스터프로,**쿨거시 네고가능**메디큐브 에이지알 부스터프로 쿠로미 풀세트,예약중,"185,000원",,2026-01-19,0,11,0,36.5℃,번개장터판매자,뷰티/미용,,[출처] 번개장터 | [분석모델] BOOSTER_PRO | [모델근거] text_variant | [원문링크] https://m.bunjang.co.kr/products/382364174
마미케어,메디큐브 부스터프로,메디큐브 부스터프로 미니플러스 마이멜로디에디션,예약중,"85,000원",,2026-01-18,0,9,0,36.5℃,번개장터판매자,뷰티/미용,,[출처] 번개장터 | [분석모델] BOOSTER_PRO_MINI | [모델근거] text_variant | [원문링크] https://m.bunjang.co.kr/products/383310360
마미케어,메디큐브 부스터프로,메디큐브 부스터프로 블랙 풀박,예약중,"165,000원",,2026-01-18,0,17,0,36.5℃,번개장터판매자,뷰티/미용,,[출처] 번개장터 | [분석모델] BOOSTER_PRO | [모델근거] text_variant | [원문링크] https://m.bunjang.co.kr/products/370206335
마미케어,메디큐브 부스터프로,메디큐브 부스터 프로 미니 화이트 팝니다,거래중,"80,000원",,2026-01-17,0,3,0,36.5℃,번개장터판매자,뷰티/미용,,[출처] 번개장터 | [분석모델] BOOSTER_PRO_MINI | [모델근거] text_variant | [원문링크] https://m.bunjang.co.kr/products/382850899
마미케어,메디큐브 부스터프로,메디큐브 부스터 프로 팝니다(미개봉  새제품),거래중,"280,000원",,2026-01-16,0,2,0,36.5℃,번개장터판매자,뷰티/미용,,[출처] 번개장터 | [분석모델] BOOSTER_PRO | [모델근거] text_variant | [원문링크] https://m.bunjang.co.kr/products/382694454
마미케어,메디큐브 부스터프로,메디큐브 에이지알 부스터 프로,예약중,"150,000원",,2026-01-16,0,8,0,36.5℃,번개장터판매자,뷰티/미용,,[출처] 번개장터 | [분석모델] BOOSTER_PRO | [모델근거] text_variant | [원문링크] https://m.bunjang.co.kr/products/382496321
마미케어,메디큐브 부스터프로,메디큐브 핑크색 부스터프로 미니플러스+클렌징 세트,예약중,"136,000원",,2026-01-16,0,2,0,36.5℃,번개장터판매자,뷰티/미용,,[출처] 번개장터 | [분석모델] BOOSTER_PRO_MINI | [모델근거] text_variant | [원문링크] https://m.bunjang.co.kr/products/382653516
마미케어,메디큐브 부스터프로,메디큐브 에이지알 부스터프로 미니 화이트,예약중,"63,000원",,2026-01-12,0,2,0,36.5℃,번개장터판매자,뷰티/미용,,[출처] 번개장터 | [분석모델] BOOSTER_PRO_MINI | [모델근거] text_variant | [원문링크] https://m.bunjang.co.kr/products/381959961
마미케어,메디큐브 부스터프로,메디큐브 에이지알 부스터프로미니,거래중,"80,000원",,2026-01-12,0,0,0,36.5℃,번개장터판매자,뷰티/미용,,[출처] 번개장터 | [분석모델] BOOSTER_PRO_MINI | [모델근거] text_variant | [원문링크] https://m.bunjang.co.kr/products/381766382
마미케어,메디큐브 부스터프로,메디큐브 부스터프로 마이멜로디,예약중,"220,000원",,2026-01-09,0,17,0,36.5℃,번개장터판매자,뷰티/미용,,[출처] 번개장터 | [분석모델] BOOSTER_PRO | [모델근거] text_variant | [원문링크] https://m.bunjang.co.kr/products/379754455
마미케어,메디큐브 부스터프로,메디큐브 부스터프로,예약중,"145,350원",,2026-01-09,0,4,0,36.5℃,번개장터판매자,뷰티/미용,,[출처] 번개장터 | [분석모델] BOOSTER_PRO | [모델근거] text_variant | [원문링크] https://m.bunjang.co.kr/products/380744792
마미케어,메디큐브 부스터프로,메디큐브 부스터프로 미니,거래중,"105,000원",,2026-01-08,0,3,0,36.5℃,번개장터판매자,뷰티/미용,,[출처] 번개장터 | [분석모델] BOOSTER_PRO_MINI | [모델근거] text_variant | [원문링크] https://m.bunjang.co.kr/products/381018364
마미케어,메디큐브 부스터프로,메디큐브 부스터 프로 미니플러스,거래중,"110,000원",,2026-01-08,0,5,0,36.5℃,번개장터판매자,뷰티/미용,,[출처] 번개장터 | [분석모델] BOOSTER_PRO_MINI | [모델근거] text_variant | [원문링크] https://m.bunjang.co.kr/products/381012697
마미케어,메디큐브 부스터프로,메디큐브 에이지알 부스터프로 잔망루피 에디션,거래중,"215,000원",화명제1동,2026-01-08,0,20,0,36.5℃,번개장터판매자,뷰티/미용,부산광역시 북구 화명제1동,[출처] 번개장터 | [분석모델] BOOSTER_PRO | [모델근거] text_variant | [원문링크] https://m.bunjang.co.kr/products/380969331
마미케어,메디큐브 부스터프로,(미개봉 무배)메디큐브 에이지알 부스터 프로 미니플러스 짱구 에디션,예약중,"92,000원",광희동,2026-01-07,0,22,0,36.5℃,번개장터판매자,뷰티/미용,서울특별시 중구 광희동,[출처] 번개장터 | [분석모델] BOOSTER_PRO_MINI | [모델근거] text_variant | [원문링크] https://m.bunjang.co.kr/products/375221656
마미케어,메디큐브 부스터프로,메디큐브 부스터프로 미니 플러스 (베이지),거래중,"90,000원",성북동,2026-01-04,0,12,0,36.5℃,번개장터판매자,뷰티/미용,서울특별시 성북구 성북동,[출처] 번개장터 | [분석모델] BOOSTER_PRO_MINI | [모델근거] text_variant | [원문링크] https://m.bunjang.co.kr/products/368232682
마미케어,메디큐브 부스터프로,메디큐브 부스터 프로 미니 (구함),거래중,"55,000원",,2026-01-04,0,3,0,36.5℃,번개장터판매자,뷰티/미용,,[출처] 번개장터 | [분석모델] BOOSTER_PRO_MINI | [모델근거] text_variant | [원문링크] https://m.bunjang.co.kr/products/380125297
마미케어,메디큐브 부스터프로,메디큐브 에이지알 부스터 프로 미니 플러스 핑크,예약중,"69,000원",,2026-01-02,0,2,0,36.5℃,번개장터판매자,뷰티/미용,,[출처] 번개장터 | [분석모델] BOOSTER_PRO_MINI | [모델근거] text_variant | [원문링크] https://m.bunjang.co.kr/products/379709238
마미케어,메디큐브 부스터프로,(풀박)메디큐브 부스터프로 (새상품급) *마지막가격내림*,예약중,"180,000원",,2025-12-30,0,1,0,36.5℃,번개장터판매자,뷰티/미용,,[출처] 번개장터 | [분석모델] BOOSTER_PRO | [모델근거] text_variant | [원문링크] https://m.bunjang.co.kr/products/379038114
마미케어,메디큐브 부스터프로,메디큐브 부스터 프로,거래중,"200,000원",,2025-12-29,0,2,0,36.5℃,번개장터판매자,뷰티/미용,,[출처] 번개장터 | [분석모델] BOOSTER_PRO | [모델근거] text_variant | [원문링크] https://m.bunjang.co.kr/products/379058864
마미케어,메디큐브 부스터프로,메디큐브에이지 부스터 프로,예약중,"185,000원",논현1동,2025-12-29,0,2,0,36.5℃,번개장터판매자,뷰티/미용,인천광역시 남동구 논현1동,[출처] 번개장터 | [분석모델] BOOSTER_PRO | [모델근거] text_variant | [원문링크] https://m.bunjang.co.kr/products/377676284
마미케어,메디큐브 부스터프로,메디큐브 부스터프로 미니,거래중,"70,000원",,2025-12-28,0,10,0,36.5℃,번개장터판매자,뷰티/미용,,[출처] 번개장터 | [분석모델] BOOSTER_PRO_MINI | [모델근거] text_variant | [원문링크] https://m.bunjang.co.kr/products/378736298
마미케어,메디큐브 부스터프로,메디큐브 부스터프로 쿠로미 에디션 판매합니다,예약중,"170,000원",,2025-12-22,0,14,0,36.5℃,번개장터판매자,뷰티/미용,,[출처] 번개장터 | [분석모델] BOOSTER_PRO | [모델근거] text_variant | [원문링크] https://m.bunjang.co.kr/products/369996211
마미케어,메디큐브 부스터프로,메디큐브 부스터프로,거래중,"180,000원",박달2동,2025-12-21,0,14,0,36.5℃,번개장터판매자,뷰티/미용,경기도 안양시 만안구 박달2동,[출처] 번개장터 | [분석모델] BOOSTER_PRO | [모델근거] text_variant | [원문링크] https://m.bunjang.co.kr/products/322642728
마미케어,메디큐브 부스터프로,메디큐브 에이지알 부스터프로 블랙,예약중,"130,000원",둔촌제2동,2025-12-20,0,8,0,36.5℃,번개장터판매자,뷰티/미용,서울특별시 강동구 둔촌제2동,[출처] 번개장터 | [분석모델] BOOSTER_PRO | [모델근거] text_variant | [원문링크] https://m.bunjang.co.kr/products/377034828
마미케어,메디큐브 부스터프로,메디큐브 부스터프로,예약중,"160,000원",,2025-12-17,0,3,0,36.5℃,번개장터판매자,뷰티/미용,,[출처] 번개장터 | [분석모델] BOOSTER_PRO | [모델근거] text_variant | [원문링크] https://m.bunjang.co.kr/products/376193939
마미케어,메디큐브 부스터프로,메디큐브 에이지알 AGE-R 부스터 프로,거래중,"170,000원",여의동,2025-12-16,0,5,0,36.5℃,번개장터판매자,뷰티/미용,서울특별시 영등포구 여의동,[출처] 번개장터 | [분석모델] BOOSTER_PRO | [모델근거] text_variant | [원문링크] https://m.bunjang.co.kr/products/376478696
마미케어,메디큐브 부스터프로,메디큐브 에이지알 AGE-R 부스터 프로,거래중,"195,000원",,2025-12-16,0,2,0,36.5℃,번개장터판매자,뷰티/미용,,[출처] 번개장터 | [분석모델] BOOSTER_PRO | [모델근거] text_variant | [원문링크] https://m.bunjang.co.kr/products/376436692
마미케어,메디큐브 부스터프로,메디큐브 에이지알 부스터 프로(실사용 1번),거래중,"248,000원",신림동,2025-12-11,0,2,0,36.5℃,번개장터판매자,뷰티/미용,서울특별시 관악구 신림동,[출처] 번개장터 | [분석모델] BOOSTER_PRO | [모델근거] text_variant | [원문링크] https://m.bunjang.co.kr/products/344983966
마미케어,메디큐브 부스터프로,메디큐브 부스터 진동 클렌저+부스터프로 미니,거래중,"100,000원",,2025-12-10,0,9,0,36.5℃,번개장터판매자,뷰티/미용,,[출처] 번개장터 | [분석모델] BOOSTER_PRO_MINI | [모델근거] text_variant | [원문링크] https://m.bunjang.co.kr/products/374953455
마미케어,메디큐브 부스터프로,메디큐브 부스터프로 미니,거래중,"59,000원",,2025-12-09,0,10,0,36.5℃,번개장터판매자,뷰티/미용,,[출처] 번개장터 | [분석모델] BOOSTER_PRO_MINI | [모델근거] text_variant | [원문링크] https://m.bunjang.co.kr/products/374746055
마미케어,메디큐브 부스터프로,메디큐브 부스터프로 미니/화이트 (미개봉),예약중,"240,000원",보정동,2025-12-08,0,1,0,36.5℃,번개장터판매자,뷰티/미용,경기도 용인시 기흥구 보정동,[출처] 번개장터 | [분석모델] BOOSTER_PRO_MINI | [모델근거] text_variant | [원문설명] 메디큐브 부스터 프로 미니 화이트 입니다. 휴대가 간편하고 가벼워 여행갈때 좋습니다. 미개봉 새상품 입니다. 환불 불가 네고는 적정선으로부탁드립니다. 반반 택배 가능합니다. | [원문링크] https://m.bunjang.co.kr/products/374643392
마미케어,메디큐브 부스터프로,메디큐브 부스터프로 새상품,예약중,"210,000원",,2025-12-07,0,0,0,36.5℃,번개장터판매자,뷰티/미용,,[출처] 번개장터 | [분석모델] BOOSTER_PRO | [모델근거] text_variant | [원문링크] https://m.bunjang.co.kr/products/374280465
마미케어,메디큐브 부스터프로,메디큐브 에이지알 부스터 프로,예약중,"180,000원",삼성1동,2025-12-04,0,7,0,36.5℃,번개장터판매자,뷰티/미용,서울특별시 강남구 삼성1동,[출처] 번개장터 | [분석모델] BOOSTER_PRO | [모델근거] text_variant | [원문링크] https://m.bunjang.co.kr/products/371663880
마미케어,메디큐브 부스터프로,메디큐브 부스터프로 핑크,거래중,"200,000원",,2025-12-03,0,8,0,36.5℃,번개장터판매자,뷰티/미용,,[출처] 번개장터 | [분석모델] BOOSTER_PRO | [모델근거] text_variant | [원문링크] https://m.bunjang.co.kr/products/373410428
마미케어,메디큐브 부스터프로,메디큐브 부스터프로,거래중,"200,000원",중앙동,2025-12-02,0,1,0,36.5℃,번개장터판매자,뷰티/미용,경상남도 창원시 성산구 중앙동,[출처] 번개장터 | [분석모델] BOOSTER_PRO | [모델근거] text_variant | [원문링크] https://m.bunjang.co.kr/products/373304029
마미케어,메디큐브 부스터프로,새상품 메디큐브 부스터프로 비닐안뜯음,예약중,"210,000원",화정1동,2025-12-02,0,5,0,36.5℃,번개장터판매자,뷰티/미용,경기도 고양시 덕양구 화정1동,[출처] 번개장터 | [분석모델] BOOSTER_PRO | [모델근거] text_variant | [원문링크] https://m.bunjang.co.kr/products/373252009
마미케어,메디큐브 부스터프로,(새상품) 메디큐브 부스터 프로 핑크,거래중,"239,000원",,2025-12-01,0,17,0,36.5℃,번개장터판매자,뷰티/미용,,[출처] 번개장터 | [분석모델] BOOSTER_PRO | [모델근거] text_variant | [원문링크] https://m.bunjang.co.kr/products/372986248
마미케어,메디큐브 부스터프로,메디큐브 에이지알 부스터 프로 헬로키티,거래중,"320,000원",상무1동,2025-11-29,0,30,0,36.5℃,번개장터판매자,뷰티/미용,광주광역시 서구 상무1동,[출처] 번개장터 | [분석모델] BOOSTER_PRO | [모델근거] text_variant | [원문링크] https://m.bunjang.co.kr/products/372558158
마미케어,메디큐브 부스터프로,메디큐브 부스터프로,예약중,"200,000원",,2025-11-28,0,0,0,36.5℃,번개장터판매자,뷰티/미용,,[출처] 번개장터 | [분석모델] BOOSTER_PRO | [모델근거] text_variant | [원문링크] https://m.bunjang.co.kr/products/370574432
마미케어,메디큐브 부스터프로,메디큐브 에이지알 부스터 프로 새상품,거래중,"220,000원",,2025-11-24,0,7,0,36.5℃,번개장터판매자,뷰티/미용,,[출처] 번개장터 | [분석모델] BOOSTER_PRO | [모델근거] text_variant | [원문링크] https://m.bunjang.co.kr/products/351500445
마미케어,메디큐브 부스터프로,"메디큐브 부스터프로미니플러스,클렌징 헤드 세트",거래중,"134,000원",,2025-11-22,0,32,0,36.5℃,번개장터판매자,뷰티/미용,,[출처] 번개장터 | [분석모델] BOOSTER_PRO_MINI | [모델근거] text_variant | [원문링크] https://m.bunjang.co.kr/products/364248455
마미케어,메디큐브 부스터프로,메디큐브 에이지알 부스터프로미니,거래중,"85,000원",,2025-11-22,0,2,0,36.5℃,번개장터판매자,뷰티/미용,,[출처] 번개장터 | [분석모델] BOOSTER_PRO_MINI | [모델근거] text_variant | [원문링크] https://m.bunjang.co.kr/products/370852416
마미케어,메디큐브 부스터프로,메디큐브 부스터 프로(바나브 기기도 같이 드려요!),예약중,"139,000원",,2025-11-20,0,1,0,36.5℃,번개장터판매자,뷰티/미용,,[출처] 번개장터 | [분석모델] BOOSTER_PRO | [모델근거] text_variant | [원문링크] https://m.bunjang.co.kr/products/370546117
마미케어,메디큐브 부스터프로,메디큐브 부스터 프로 미니 진동 클렌저 세트,거래중,"150,000원",,2025-11-19,0,3,0,36.5℃,번개장터판매자,뷰티/미용,,[출처] 번개장터 | [분석모델] BOOSTER_PRO_MINI | [모델근거] text_variant | [원문링크] https://m.bunjang.co.kr/products/370384805
마미케어,메디큐브 부스터프로,메디큐브 에이지알 부스터 프로 블랙 미개봉 새상품,거래중,"220,000원",,2025-11-19,0,15,0,36.5℃,번개장터판매자,뷰티/미용,,[출처] 번개장터 | [분석모델] BOOSTER_PRO | [모델근거] text_variant | [원문링크] https://m.bunjang.co.kr/products/366665590
마미케어,메디큐브 부스터프로,메디큐브 AGE-R 부스터 프로 + 충전기,거래중,"197,000원",,2025-11-19,0,2,0,36.5℃,번개장터판매자,뷰티/미용,,[출처] 번개장터 | [분석모델] BOOSTER_PRO | [모델근거] text_variant | [원문링크] https://m.bunjang.co.kr/products/370323999
마미케어,메디큐브 부스터프로,메디큐브 에이지알 부스터 프로 핑크,예약중,"200,000원",,2025-11-18,0,2,0,36.5℃,번개장터판매자,뷰티/미용,,[출처] 번개장터 | [분석모델] BOOSTER_PRO | [모델근거] text_variant | [원문링크] https://m.bunjang.co.kr/products/370159928
마미케어,메디큐브 부스터프로,메디큐브부스터프로미니,거래중,"60,000원",연산제1동,2025-11-17,0,12,0,36.5℃,번개장터판매자,뷰티/미용,부산광역시 연제구 연산제1동,[출처] 번개장터 | [분석모델] BOOSTER_PRO_MINI | [모델근거] text_variant | [원문링크] https://m.bunjang.co.kr/products/369874994
마미케어,메디큐브 부스터프로,메디큐브 부스터프로 미니 춘식이 버전,예약중,"60,000원",,2025-11-16,0,2,0,36.5℃,번개장터판매자,뷰티/미용,,[출처] 번개장터 | [분석모델] BOOSTER_PRO_MINI | [모델근거] text_variant | [원문링크] https://m.bunjang.co.kr/products/369639624
마미케어,메디큐브 부스터프로,구매)메디큐브 부스터 프로 쿠로미 에디션,예약중,"250,000원",,2025-11-16,0,0,0,36.5℃,번개장터판매자,뷰티/미용,,[출처] 번개장터 | [분석모델] BOOSTER_PRO | [모델근거] text_variant | [원문링크] https://m.bunjang.co.kr/products/369577643
마미케어,메디큐브 부스터프로,(우체국무료배송/새상품) 메디큐브 에이지알 부스터프로,예약중,"200,000원",,2025-11-15,0,1,0,36.5℃,번개장터판매자,뷰티/미용,,[출처] 번개장터 | [분석모델] BOOSTER_PRO | [모델근거] text_variant | [원문링크] https://m.bunjang.co.kr/products/369344214
마미케어,메디큐브 부스터프로,(미개봉 정품) 메디큐브 부스터프로 핑크 20.5만원,예약중,"210,000원",신당동,2025-11-15,0,34,0,36.5℃,번개장터판매자,뷰티/미용,서울특별시 중구 신당동,[출처] 번개장터 | [분석모델] BOOSTER_PRO | [모델근거] text_variant | [원문링크] https://m.bunjang.co.kr/products/364046071
마미케어,메디큐브 부스터프로,메디큐브 에이지알 부스터 프로 미니 베이지,거래중,"80,000원",,2025-11-14,0,8,0,36.5℃,번개장터판매자,뷰티/미용,,[출처] 번개장터 | [분석모델] BOOSTER_PRO_MINI | [모델근거] text_variant | [원문링크] https://m.bunjang.co.kr/products/369299696
마미케어,메디큐브 부스터프로,(우체국무료배송/새상품) 메디큐브 에이지알 부스터프로,예약중,"200,000원",,2025-11-14,0,7,0,36.5℃,번개장터판매자,뷰티/미용,,[출처] 번개장터 | [분석모델] BOOSTER_PRO | [모델근거] text_variant | [원문링크] https://m.bunjang.co.kr/products/368879941
마미케어,메디큐브 부스터프로,메디큐브 부스터 프로 (핑크에디션),예약중,"200,000원",,2025-11-13,0,7,0,36.5℃,번개장터판매자,뷰티/미용,,[출처] 번개장터 | [분석모델] BOOSTER_PRO | [모델근거] text_variant | [원문링크] https://m.bunjang.co.kr/products/363842995
마미케어,메디큐브 부스터프로,메디큐브 부스터 프로 미니 핑크,거래중,"60,000원",,2025-11-12,0,35,0,36.5℃,번개장터판매자,뷰티/미용,,[출처] 번개장터 | [분석모델] BOOSTER_PRO_MINI | [모델근거] text_variant | [원문링크] https://m.bunjang.co.kr/products/368731816
마미케어,메디큐브 부스터프로,메디큐브 부스터프로 마이멜로디,예약중,"280,000원",,2025-11-11,0,19,0,36.5℃,번개장터판매자,뷰티/미용,,[출처] 번개장터 | [분석모델] BOOSTER_PRO | [모델근거] text_variant | [원문링크] https://m.bunjang.co.kr/products/368504797
마미케어,메디큐브 부스터프로,메디큐브 부스터 프로,예약중,"169,000원",시흥제5동,2025-11-10,0,17,0,36.5℃,번개장터판매자,뷰티/미용,서울특별시 금천구 시흥제5동,[출처] 번개장터 | [분석모델] BOOSTER_PRO | [모델근거] text_variant | [원문링크] https://m.bunjang.co.kr/products/367326712
마미케어,메디큐브 부스터프로,메디큐브 에이지알 부스터 프로 미니,예약중,"55,000원",,2025-11-08,0,13,0,36.5℃,번개장터판매자,뷰티/미용,,[출처] 번개장터 | [분석모델] BOOSTER_PRO_MINI | [모델근거] text_variant | [원문링크] https://m.bunjang.co.kr/products/367205774
마미케어,메디큐브 부스터프로,메디큐브 에이지알 부스터프로 블랙,예약중,"170,000원",,2025-11-07,0,9,0,36.5℃,번개장터판매자,뷰티/미용,,[출처] 번개장터 | [분석모델] BOOSTER_PRO | [모델근거] text_variant | [원문링크] https://m.bunjang.co.kr/products/367027195
마미케어,메디큐브 부스터프로,메디큐브 부스터프로 미개봉 (사은품 있음),거래중,"250,000원",고등동,2025-11-06,0,5,0,36.5℃,번개장터판매자,뷰티/미용,경기도 성남시 수정구 고등동,[출처] 번개장터 | [분석모델] BOOSTER_PRO | [모델근거] text_variant | [원문링크] https://m.bunjang.co.kr/products/367501598
마미케어,메디큐브 부스터프로,메디큐브 부스터프로 미니 화이트,거래중,"70,000원",,2025-11-06,0,3,0,36.5℃,번개장터판매자,뷰티/미용,,[출처] 번개장터 | [분석모델] BOOSTER_PRO_MINI | [모델근거] text_variant | [원문링크] https://m.bunjang.co.kr/products/367420661
마미케어,메디큐브 부스터프로,메디큐브 부스터 프로 화이트,거래중,"220,000원",행운동,2025-11-04,0,10,0,36.5℃,번개장터판매자,뷰티/미용,서울특별시 관악구 행운동,[출처] 번개장터 | [분석모델] BOOSTER_PRO | [모델근거] text_variant | [원문링크] https://m.bunjang.co.kr/products/367185453
마미케어,메디큐브 부스터프로,메디큐브 부스터프로 미니춘식이+제로 모공 원데이 세럼,예약중,"64,000원",,2025-11-04,0,0,0,36.5℃,번개장터판매자,뷰티/미용,,[출처] 번개장터 | [분석모델] BOOSTER_PRO_MINI | [모델근거] text_variant | [원문링크] https://m.bunjang.co.kr/products/367159695
마미케어,메디큐브 부스터프로,메디큐브 부스터프로미니 춘식이,예약중,"53,000원",,2025-11-03,0,4,0,36.5℃,번개장터판매자,뷰티/미용,,[출처] 번개장터 | [분석모델] BOOSTER_PRO_MINI | [모델근거] text_variant | [원문링크] https://m.bunjang.co.kr/products/366617400
마미케어,메디큐브 부스터프로,메디큐브 에이지알 부스터프로 (미개봉),예약중,"210,000원",,2025-11-01,0,5,0,36.5℃,번개장터판매자,뷰티/미용,,[출처] 번개장터 | [분석모델] BOOSTER_PRO | [모델근거] text_variant | [원문링크] https://m.bunjang.co.kr/products/365596504
마미케어,메디큐브 부스터프로,메디큐브 부스터프로,거래중,"120,000원",운수면,2025-11-01,0,28,0,36.5℃,번개장터판매자,뷰티/미용,경상북도 고령군 운수면,[출처] 번개장터 | [분석모델] BOOSTER_PRO | [모델근거] text_variant | [원문링크] https://m.bunjang.co.kr/products/366414731
마미케어,메디큐브 부스터프로,메디큐브부스터프로 블랙,거래중,"180,000원",,2025-10-30,0,9,0,36.5℃,번개장터판매자,뷰티/미용,,[출처] 번개장터 | [분석모델] BOOSTER_PRO | [모델근거] text_variant | [원문링크] https://m.bunjang.co.kr/products/357577453
마미케어,메디큐브 부스터프로,한번사용)메디큐브 에이지알 부스터프로 핑크,예약중,"200,000원",신림동,2025-10-28,0,2,0,36.5℃,번개장터판매자,뷰티/미용,서울특별시 관악구 신림동,[출처] 번개장터 | [분석모델] BOOSTER_PRO | [모델근거] text_variant | [원문링크] https://m.bunjang.co.kr/products/365508247
마미케어,메디큐브 부스터프로,메디큐브 에이지알 부스터 프로 미니 플러스 마이멜로디삽니다!!,거래중,"60,000원",,2025-10-28,0,3,0,36.5℃,번개장터판매자,뷰티/미용,,[출처] 번개장터 | [분석모델] BOOSTER_PRO_MINI | [모델근거] text_variant | [원문링크] https://m.bunjang.co.kr/products/365681264
마미케어,메디큐브 부스터프로,메디큐브 부스터프로 마이멜로디 단순개봉 새상품,예약중,"280,000원",,2025-10-24,0,1,0,36.5℃,번개장터판매자,뷰티/미용,,[출처] 번개장터 | [분석모델] BOOSTER_PRO | [모델근거] text_variant | [원문링크] https://m.bunjang.co.kr/products/364691786
마미케어,메디큐브 부스터프로,메디큐브 부스터프로 미개봉,예약중,"200,000원",,2025-10-19,0,0,0,36.5℃,번개장터판매자,뷰티/미용,,[출처] 번개장터 | [분석모델] BOOSTER_PRO | [모델근거] text_variant | [원문링크] https://m.bunjang.co.kr/products/363764207
마미케어,메디큐브 부스터프로,메디큐브 부스터 프로 미니 핑크,거래중,"75,000원",,2025-10-18,0,16,0,36.5℃,번개장터판매자,뷰티/미용,,[출처] 번개장터 | [분석모델] BOOSTER_PRO_MINI | [모델근거] text_variant | [원문링크] https://m.bunjang.co.kr/products/361557300
마미케어,메디큐브 부스터프로,메디큐브 부스터 프로,예약중,"158,000원",,2025-10-18,0,5,0,36.5℃,번개장터판매자,뷰티/미용,,[출처] 번개장터 | [분석모델] BOOSTER_PRO | [모델근거] text_variant | [원문링크] https://m.bunjang.co.kr/products/363458723
마미케어,메디큐브 부스터프로,메디큐브 부스터프로 미니,예약중,"59,000원",,2025-10-18,0,0,0,36.5℃,번개장터판매자,뷰티/미용,,[출처] 번개장터 | [분석모델] BOOSTER_PRO_MINI | [모델근거] text_variant | [원문링크] https://m.bunjang.co.kr/products/363432860
마미케어,메디큐브 부스터프로,메디큐브 AGE-R 부스터 프로 블랙,거래중,"190,000원",부평1동,2025-10-17,0,2,0,36.5℃,번개장터판매자,뷰티/미용,인천광역시 부평구 부평1동,[출처] 번개장터 | [분석모델] BOOSTER_PRO | [모델근거] text_variant | [원문링크] https://m.bunjang.co.kr/products/363208077
마미케어,메디큐브 부스터프로,메디큐브 부스터 프로 미니 핑크,예약중,"75,000원",,2025-10-13,0,4,0,36.5℃,번개장터판매자,뷰티/미용,,[출처] 번개장터 | [분석모델] BOOSTER_PRO_MINI | [모델근거] text_variant | [원문링크] https://m.bunjang.co.kr/products/362500394
마미케어,메디큐브 부스터프로,메디큐브 에이지알 부스터 프로,거래중,"210,000원",,2025-10-10,0,4,0,36.5℃,번개장터판매자,뷰티/미용,,[출처] 번개장터 | [분석모델] BOOSTER_PRO | [모델근거] text_variant | [원문링크] https://m.bunjang.co.kr/products/361681884
마미케어,메디큐브 부스터프로,메디큐브 에이지알 부스터프로,거래중,"170,000원",,2025-10-08,0,8,0,36.5℃,번개장터판매자,뷰티/미용,,[출처] 번개장터 | [분석모델] BOOSTER_PRO | [모델근거] text_variant | [원문링크] https://m.bunjang.co.kr/products/355402657
마미케어,메디큐브 부스터프로,메디큐브 에이지알 부스터 프로 미니,예약중,"50,000원",,2025-10-05,0,2,0,36.5℃,번개장터판매자,뷰티/미용,,[출처] 번개장터 | [분석모델] BOOSTER_PRO_MINI | [모델근거] text_variant | [원문링크] https://m.bunjang.co.kr/products/360791273
마미케어,메디큐브 부스터프로,에이지알부스터프로 / agr부스터프로 / 메디큐브,예약중,"170,000원",대치2동,2025-10-02,0,7,0,36.5℃,번개장터판매자,뷰티/미용,서울특별시 강남구 대치2동,[출처] 번개장터 | [분석모델] BOOSTER_PRO | [모델근거] text_variant | [원문링크] https://m.bunjang.co.kr/products/360035209
마미케어,메디큐브 부스터프로,메디큐브 에이지알 부스터프로 핑크 미개봉,예약중,"240,000원",,2025-09-24,0,6,0,36.5℃,번개장터판매자,뷰티/미용,,[출처] 번개장터 | [분석모델] BOOSTER_PRO | [모델근거] text_variant | [원문링크] https://m.bunjang.co.kr/products/356365787
마미케어,메디큐브 부스터프로,메디큐브 부스터프로 마이멜로디 에디션,예약중,"270,000원",,2025-09-21,0,5,0,36.5℃,번개장터판매자,뷰티/미용,,[출처] 번개장터 | [분석모델] BOOSTER_PRO | [모델근거] text_variant | [원문링크] https://m.bunjang.co.kr/products/357145933
마미케어,메디큐브 부스터프로,메디큐브 부스터 프로 & 바비괄사 세트,거래중,"280,000원",,2025-09-20,0,0,0,36.5℃,번개장터판매자,뷰티/미용,,[출처] 번개장터 | [분석모델] BOOSTER_PRO | [모델근거] text_variant | [원문링크] https://m.bunjang.co.kr/products/357550785
마미케어,메디큐브 부스터프로,(새상품)메디큐브 부스터프로 블랙/핑크,거래중,"255,000원",노량진제1동,2025-09-19,0,4,0,36.5℃,번개장터판매자,뷰티/미용,서울특별시 동작구 노량진제1동,[출처] 번개장터 | [분석모델] BOOSTER_PRO | [모델근거] text_variant | [원문링크] https://m.bunjang.co.kr/products/357206134
마미케어,메디큐브 부스터프로,메디큐브 에이지알 부스터 프로 미니,거래중,"96,000원",,2025-09-17,0,1,0,36.5℃,번개장터판매자,뷰티/미용,,[출처] 번개장터 | [분석모델] BOOSTER_PRO_MINI | [모델근거] text_variant | [원문링크] https://m.bunjang.co.kr/products/356794451
마미케어,메디큐브 부스터프로,미개봉 미사용 메디큐브 부스터 프로 핑크,거래중,"230,000원",,2025-09-16,0,54,0,36.5℃,번개장터판매자,뷰티/미용,,[출처] 번개장터 | [분석모델] BOOSTER_PRO | [모델근거] text_variant | [원문링크] https://m.bunjang.co.kr/products/349990638
마미케어,메디큐브 부스터프로,메디큐브 에이지알 부스터프로 새상품,거래중,"220,000원",,2025-09-16,0,9,0,36.5℃,번개장터판매자,뷰티/미용,,[출처] 번개장터 | [분석모델] BOOSTER_PRO | [모델근거] text_variant | [원문링크] https://m.bunjang.co.kr/products/351475678
마미케어,메디큐브 부스터프로,메디큐브 부스터프로,예약중,"250,000원",원신동,2025-09-15,0,9,0,36.5℃,번개장터판매자,뷰티/미용,경기도 고양시 덕양구 원신동,[출처] 번개장터 | [분석모델] BOOSTER_PRO | [모델근거] text_variant | [원문링크] https://m.bunjang.co.kr/products/355009197
마미케어,메디큐브 부스터프로,새제품 메디큐브 에이지알 부스터 프로 미니 새제품,예약중,"80,000원",,2025-09-12,0,4,0,36.5℃,번개장터판매자,뷰티/미용,,[출처] 번개장터 | [분석모델] BOOSTER_PRO_MINI | [모델근거] text_variant | [원문링크] https://m.bunjang.co.kr/products/355085557
마미케어,메디큐브 부스터프로,메디큐브 부스터프로 (사용횟수 약 5회),예약중,"190,000원",수유1동,2025-09-12,0,9,0,36.5℃,번개장터판매자,뷰티/미용,서울특별시 강북구 수유1동,[출처] 번개장터 | [분석모델] BOOSTER_PRO | [모델근거] text_variant | [원문링크] https://m.bunjang.co.kr/products/326331833
마미케어,메디큐브 부스터프로,메디큐브 부스터프로,거래중,"190,000원",온산읍,2025-09-08,0,27,0,36.5℃,번개장터판매자,뷰티/미용,울산광역시 울주군 온산읍,[출처] 번개장터 | [분석모델] BOOSTER_PRO | [모델근거] text_variant | [원문링크] https://m.bunjang.co.kr/products/354913475
마미케어,메디큐브 부스터프로,메디큐브 부스터프로 미니 플러스 / 진동 클렌저 (베이지),예약중,"155,000원",성북동,2025-09-07,0,2,0,36.5℃,번개장터판매자,뷰티/미용,서울특별시 성북구 성북동,[출처] 번개장터 | [분석모델] BOOSTER_PRO_MINI | [모델근거] text_variant | [원문링크] https://m.bunjang.co.kr/products/354855621
마미케어,메디큐브 부스터프로,구매)메디큐브 부스터 프로 쿠로미 에디션,예약중,"240,000원",,2025-09-03,0,1,0,36.5℃,번개장터판매자,뷰티/미용,,[출처] 번개장터 | [분석모델] BOOSTER_PRO | [모델근거] text_variant | [원문링크] https://m.bunjang.co.kr/products/353885317
마미케어,메디큐브 부스터프로,메디큐브 부스터프로 핑크,예약중,"210,000원",,2025-09-03,0,1,0,36.5℃,번개장터판매자,뷰티/미용,,[출처] 번개장터 | [분석모델] BOOSTER_PRO | [모델근거] text_variant | [원문링크] https://m.bunjang.co.kr/products/353971800
마미케어,메디큐브 부스터프로,메디큐브 부스터 프로 미니 (핑크) 그냥 새 것+사용설명서,거래중,"78,000원",,2025-09-01,0,44,0,36.5℃,번개장터판매자,뷰티/미용,,[출처] 번개장터 | [분석모델] BOOSTER_PRO_MINI | [모델근거] text_variant | [원문링크] https://m.bunjang.co.kr/products/350373830
마미케어,메디큐브 부스터프로,메디큐브 부스터 프로 미니,거래중,"80,000원",소담동,2025-08-31,0,7,0,36.5℃,번개장터판매자,뷰티/미용,세종특별자치시  소담동,[출처] 번개장터 | [분석모델] BOOSTER_PRO_MINI | [모델근거] text_variant | [원문링크] https://m.bunjang.co.kr/products/353614023
마미케어,메디큐브 부스터프로,메디큐브 에이지알 부스터 프로 미니 플러스 판매합니다,거래완료,"64,000원",,2026-08-26,0,2,0,36.5℃,번개장터판매자,뷰티/미용,,[출처] 번개장터 | [분석모델] BOOSTER_PRO_MINI | [모델근거] text_variant | [원문링크] https://m.bunjang.co.kr/products/425639297
마미케어,메디큐브 부스터프로,메디큐브 부스터 프로 미니 플러스 + 진동 클렌저 일괄,거래완료,"70,000원",,2026-08-26,0,0,0,36.5℃,번개장터판매자,뷰티/미용,,[출처] 번개장터 | [분석모델] BOOSTER_PRO_MINI | [모델근거] text_variant | [원문링크] https://m.bunjang.co.kr/products/425683680
마미케어,메디큐브 부스터프로,메디큐브 부스터 프로 핑크,거래완료,"85,000원",,2026-08-25,0,21,0,36.5℃,번개장터판매자,뷰티/미용,,[출처] 번개장터 | [분석모델] BOOSTER_PRO | [모델근거] text_variant | [원문링크] https://m.bunjang.co.kr/products/420963505
마미케어,메디큐브 부스터프로,공홈 정품 메디큐브 에이지알 부스터프로,거래완료,"105,000원",,2026-08-24,0,14,0,36.5℃,번개장터판매자,뷰티/미용,,[출처] 번개장터 | [분석모델] BOOSTER_PRO | [모델근거] text_variant | [원문링크] https://m.bunjang.co.kr/products/422729377
마미케어,메디큐브 부스터프로,메디큐브 부스터프로 짱구에디션,거래완료,"120,000원",,2026-08-24,0,1,0,36.5℃,번개장터판매자,뷰티/미용,,[출처] 번개장터 | [분석모델] BOOSTER_PRO | [모델근거] text_variant | [원문링크] https://m.bunjang.co.kr/products/425397010
마미케어,메디큐브 부스터프로,미개봉 메디큐브 부스터프로 옐로우 색상 - 새상품,거래완료,"145,000원",,2026-08-22,0,4,0,36.5℃,번개장터판매자,뷰티/미용,,[출처] 번개장터 | [분석모델] BOOSTER_PRO | [모델근거] text_variant | [원문링크] https://m.bunjang.co.kr/products/424474922
마미케어,메디큐브 부스터프로,메디큐브 부스터프로x2 새상품,거래완료,"260,000원",,2026-08-22,0,6,0,36.5℃,번개장터판매자,뷰티/미용,,[출처] 번개장터 | [분석모델] BOOSTER_PRO | [모델근거] text_variant | [원문링크] https://m.bunjang.co.kr/products/425151695
마미케어,메디큐브 부스터프로,메디큐브 에이지알 부스터 프로 쿠로미 에디션,거래완료,"190,000원",,2026-08-20,0,13,0,36.5℃,번개장터판매자,뷰티/미용,,[출처] 번개장터 | [분석모델] BOOSTER_PRO | [모델근거] text_variant | [원문링크] https://m.bunjang.co.kr/products/411760857
마미케어,메디큐브 부스터프로,메디큐브 부스터프로,거래완료,"60,000원",,2026-08-20,0,0,0,36.5℃,번개장터판매자,뷰티/미용,,[출처] 번개장터 | [분석모델] BOOSTER_PRO | [모델근거] text_variant | [원문링크] https://m.bunjang.co.kr/products/424908853
마미케어,메디큐브 부스터프로,메디큐브 에이지알 부스터 프로 미니,거래완료,"35,000원",,2026-08-19,0,2,0,36.5℃,번개장터판매자,뷰티/미용,,[출처] 번개장터 | [분석모델] BOOSTER_PRO_MINI | [모델근거] text_variant | [원문링크] https://m.bunjang.co.kr/products/424770771
마미케어,메디큐브 부스터프로,[새상품] 메디큐브 에이지알 부스터 프로 X2 화이트,거래완료,"200,000원",,2026-08-18,0,0,0,36.5℃,번개장터판매자,뷰티/미용,,[출처] 번개장터 | [분석모델] BOOSTER_PRO | [모델근거] text_variant | [원문링크] https://m.bunjang.co.kr/products/424692572
마미케어,메디큐브 부스터프로,메디큐브 마이멜로디 부스터 프로 미니 플러스,거래완료,"73,000원",,2026-08-16,0,16,0,36.5℃,번개장터판매자,뷰티/미용,,[출처] 번개장터 | [분석모델] BOOSTER_PRO_MINI | [모델근거] text_variant | [원문링크] https://m.bunjang.co.kr/products/422726234
마미케어,메디큐브 부스터프로,메디큐브 부스터 프로핑크 에디션,거래완료,"105,000원",,2026-08-15,0,5,0,36.5℃,번개장터판매자,뷰티/미용,,[출처] 번개장터 | [분석모델] BOOSTER_PRO | [모델근거] text_variant | [원문링크] https://m.bunjang.co.kr/products/424389762
마미케어,메디큐브 부스터프로,메디큐브 에이지알 부스터프로 레몬베어 에디션,거래완료,"90,000원",청라2동,2026-08-14,0,2,0,36.5℃,번개장터판매자,뷰티/미용,인천광역시 서구 청라2동,[출처] 번개장터 | [분석모델] BOOSTER_PRO | [모델근거] text_variant | [원문링크] https://m.bunjang.co.kr/products/424280562
마미케어,메디큐브 부스터프로,메디큐브 에이지알 부스터프로 마이멜로디,거래완료,"170,000원",,2026-08-14,0,5,0,36.5℃,번개장터판매자,뷰티/미용,,[출처] 번개장터 | [분석모델] BOOSTER_PRO | [모델근거] text_variant | [원문링크] https://m.bunjang.co.kr/products/423560855
마미케어,메디큐브 부스터프로,메디큐브 부스터 프로 미니,거래완료,"32,000원",,2026-08-13,0,2,0,36.5℃,번개장터판매자,뷰티/미용,,[출처] 번개장터 | [분석모델] BOOSTER_PRO_MINI | [모델근거] text_variant | [원문링크] https://m.bunjang.co.kr/products/424177122
마미케어,메디큐브 부스터프로,급처!! 메디큐브 부스터 프로 미니 플러스 화이트 클렌저,거래완료,"85,000원",,2026-08-13,0,6,0,36.5℃,번개장터판매자,뷰티/미용,,[출처] 번개장터 | [분석모델] BOOSTER_PRO_MINI | [모델근거] text_variant | [원문링크] https://m.bunjang.co.kr/products/421718168
마미케어,메디큐브 부스터프로,메디큐브 부스터 프로,거래완료,"96,000원",,2026-08-13,0,10,0,36.5℃,번개장터판매자,뷰티/미용,,[출처] 번개장터 | [분석모델] BOOSTER_PRO | [모델근거] text_variant | [원문링크] https://m.bunjang.co.kr/products/422286855
마미케어,메디큐브 부스터프로,(미개봉)메디큐브 부스터프로x2 뷰티디바이스,거래완료,"260,000원",,2026-08-12,0,13,0,36.5℃,번개장터판매자,뷰티/미용,,[출처] 번개장터 | [분석모델] BOOSTER_PRO | [모델근거] text_variant | [원문링크] https://m.bunjang.co.kr/products/421487534
마미케어,메디큐브 부스터프로,메디큐브 부스터 프로 미니 춘식이 에디션,거래완료,"75,000원",,2026-08-12,0,2,0,36.5℃,번개장터판매자,뷰티/미용,,[출처] 번개장터 | [분석모델] BOOSTER_PRO_MINI | [모델근거] text_variant | [원문링크] https://m.bunjang.co.kr/products/423410494
마미케어,메디큐브 부스터프로,메디큐브 에이지알 부스터 프로 쿠로미 에디션,거래완료,"192,000원",삼성2동,2026-08-12,0,0,0,36.5℃,번개장터판매자,뷰티/미용,서울특별시 강남구 삼성2동,[출처] 번개장터 | [분석모델] BOOSTER_PRO | [모델근거] text_variant | [원문링크] https://m.bunjang.co.kr/products/423981699
마미케어,메디큐브 부스터프로,메디큐브 부스터프로 블랙,거래완료,"50,000원",,2026-08-12,0,0,0,36.5℃,번개장터판매자,뷰티/미용,,[출처] 번개장터 | [분석모델] BOOSTER_PRO | [모델근거] text_variant | [원문링크] https://m.bunjang.co.kr/products/423938602
마미케어,메디큐브 부스터프로,메디큐브 부스터 프로 X2 핑크,거래완료,"220,000원",서교동,2026-08-11,0,9,0,36.5℃,번개장터판매자,뷰티/미용,서울특별시 마포구 서교동,[출처] 번개장터 | [분석모델] BOOSTER_PRO | [모델근거] text_variant | [원문링크] https://m.bunjang.co.kr/products/423929438
마미케어,메디큐브 부스터프로,메디큐브 부스터프로X2 화이트 미개봉,거래완료,"235,000원",,2026-08-11,0,5,0,36.5℃,번개장터판매자,뷰티/미용,,[출처] 번개장터 | [분석모델] BOOSTER_PRO | [모델근거] text_variant | [원문링크] https://m.bunjang.co.kr/products/423808884
마미케어,메디큐브 부스터프로,메디큐브 부스터프로,거래완료,"90,000원",,2026-08-11,0,3,0,36.5℃,번개장터판매자,뷰티/미용,,[출처] 번개장터 | [분석모델] BOOSTER_PRO | [모델근거] text_variant | [원문링크] https://m.bunjang.co.kr/products/423698494
마미케어,메디큐브 부스터프로,메디큐브 에이지알 부스터 프로 마이멜로디 한정판,거래완료,"200,000원",,2026-08-09,0,0,0,36.5℃,번개장터판매자,뷰티/미용,,[출처] 번개장터 | [분석모델] BOOSTER_PRO | [모델근거] text_variant | [원문링크] https://m.bunjang.co.kr/products/423617063
마미케어,메디큐브 부스터프로,메디큐브 에이지알 부스터 프로 2X 미개봉 새상품 (화이트/핑크),거래완료,"260,000원",대치1동,2026-08-09,0,8,0,36.5℃,번개장터판매자,뷰티/미용,서울특별시 강남구 대치1동,[출처] 번개장터 | [분석모델] BOOSTER_PRO | [모델근거] text_variant | [원문링크] https://m.bunjang.co.kr/products/421766989
마미케어,메디큐브 부스터프로,메디큐브 에이지알 부스터 프로 X2 핑크,거래완료,"220,000원",,2026-08-05,0,3,0,36.5℃,번개장터판매자,뷰티/미용,,[출처] 번개장터 | [분석모델] BOOSTER_PRO | [모델근거] text_variant | [원문링크] https://m.bunjang.co.kr/products/423099869
마미케어,메디큐브 부스터프로,메디큐브 부스터프로 핑크 풀박,거래완료,"87,000원",,2026-08-04,0,6,0,36.5℃,번개장터판매자,뷰티/미용,,[출처] 번개장터 | [분석모델] BOOSTER_PRO | [모델근거] text_variant | [원문링크] https://m.bunjang.co.kr/products/422633876
마미케어,메디큐브 부스터프로,메디큐브 에이지알 부스터 프로(핑크/개봉만),거래완료,"100,000원",,2026-08-03,0,4,0,36.5℃,번개장터판매자,뷰티/미용,,[출처] 번개장터 | [분석모델] BOOSTER_PRO | [모델근거] text_variant | [원문링크] https://m.bunjang.co.kr/products/422909047
마미케어,메디큐브 부스터프로,메디큐브 에이지알 부스터 프로 블랙,거래완료,"130,000원",송내동,2026-08-03,0,5,0,36.5℃,번개장터판매자,뷰티/미용,경기도 동두천시 송내동,[출처] 번개장터 | [분석모델] BOOSTER_PRO | [모델근거] text_variant | [원문링크] https://m.bunjang.co.kr/products/421814362
마미케어,메디큐브 부스터프로,(거의 새거)메디큐브 마이멜로디 부스터프로,거래완료,"180,000원",,2026-08-02,0,6,0,36.5℃,번개장터판매자,뷰티/미용,,[출처] 번개장터 | [분석모델] BOOSTER_PRO | [모델근거] text_variant | [원문링크] https://m.bunjang.co.kr/products/401760761
마미케어,메디큐브 부스터프로,메디큐브 AGE-R 부스터 프로,거래완료,"80,000원",전포제1동,2026-08-02,0,2,0,36.5℃,번개장터판매자,뷰티/미용,부산광역시 부산진구 전포제1동,[출처] 번개장터 | [분석모델] BOOSTER_PRO | [모델근거] text_variant | [원문링크] https://m.bunjang.co.kr/products/422736319
마미케어,메디큐브 부스터프로,메디큐브 에이지알 부스터 프로 + 헤드케이스 핑크,거래완료,"155,000원",,2026-08-02,0,3,0,36.5℃,번개장터판매자,뷰티/미용,,[출처] 번개장터 | [분석모델] BOOSTER_PRO | [모델근거] text_variant | [원문링크] https://m.bunjang.co.kr/products/421891043
마미케어,메디큐브 부스터프로,메디큐브 에이지알 부스터 프로,거래완료,"130,000원",화도읍,2026-08-01,0,1,0,36.5℃,번개장터판매자,뷰티/미용,경기도 남양주시 화도읍,[출처] 번개장터 | [분석모델] BOOSTER_PRO | [모델근거] text_variant | [원문링크] https://m.bunjang.co.kr/products/422652648
마미케어,메디큐브 부스터프로,메디큐브 부스터프로,거래완료,"60,000원",,2026-08-01,0,1,0,36.5℃,번개장터판매자,뷰티/미용,,[출처] 번개장터 | [분석모델] BOOSTER_PRO | [모델근거] text_variant | [원문링크] https://m.bunjang.co.kr/products/422624223
마미케어,메디큐브 부스터프로,메디큐브 부스터프로,거래완료,"98,000원",,2026-07-31,0,2,0,36.5℃,번개장터판매자,뷰티/미용,,[출처] 번개장터 | [분석모델] BOOSTER_PRO | [모델근거] text_variant | [원문링크] https://m.bunjang.co.kr/products/422552751
마미케어,메디큐브 부스터프로,메디큐브 부스터프로,거래완료,"90,000원",,2026-07-31,0,4,0,36.5℃,번개장터판매자,뷰티/미용,,[출처] 번개장터 | [분석모델] BOOSTER_PRO | [모델근거] text_variant | [원문링크] https://m.bunjang.co.kr/products/422491754
마미케어,메디큐브 부스터프로,메디큐브 에이지알 부스터프로 미니,거래완료,"50,000원",,2026-07-29,0,1,0,36.5℃,번개장터판매자,뷰티/미용,,[출처] 번개장터 | [분석모델] BOOSTER_PRO_MINI | [모델근거] text_variant | [원문링크] https://m.bunjang.co.kr/products/422312252
마미케어,메디큐브 부스터프로,메디큐브 에이지알 부스터 프로 핑크,거래완료,"110,000원",운양동,2026-07-29,0,1,0,36.5℃,번개장터판매자,뷰티/미용,경기도 김포시 운양동,[출처] 번개장터 | [분석모델] BOOSTER_PRO | [모델근거] text_variant | [원문링크] https://m.bunjang.co.kr/products/422272909
마미케어,메디큐브 부스터프로,메디큐브 부스터프로 핑크,거래완료,"120,000원",,2026-07-28,0,7,0,36.5℃,번개장터판매자,뷰티/미용,,[출처] 번개장터 | [분석모델] BOOSTER_PRO | [모델근거] text_variant | [원문링크] https://m.bunjang.co.kr/products/357528906
마미케어,메디큐브 부스터프로,[미개봉 새상품] 메디큐브 에이지알 부스터 프로 미니 플러스,거래완료,"90,000원",,2026-07-27,0,2,0,36.5℃,번개장터판매자,뷰티/미용,,[출처] 번개장터 | [분석모델] BOOSTER_PRO_MINI | [모델근거] text_variant | [원문링크] https://m.bunjang.co.kr/products/422012237
마미케어,메디큐브 부스터프로,[새상품]메디큐브 에이지알 부스터 프로 블랙,거래완료,"138,000원",,2026-07-24,0,5,0,36.5℃,번개장터판매자,뷰티/미용,,[출처] 번개장터 | [분석모델] BOOSTER_PRO | [모델근거] text_variant | [원문링크] https://m.bunjang.co.kr/products/421315604
마미케어,메디큐브 부스터프로,메디큐브 에이지알 부스터 프로 미니,거래완료,"39,000원",,2026-07-23,0,12,0,36.5℃,번개장터판매자,뷰티/미용,,[출처] 번개장터 | [분석모델] BOOSTER_PRO_MINI | [모델근거] text_variant | [원문링크] https://m.bunjang.co.kr/products/417368403
마미케어,메디큐브 부스터프로,메디큐브 부스터프로 미니플러스 짱구에디션,거래완료,"160,000원",남촌동,2026-07-23,0,11,0,36.5℃,번개장터판매자,뷰티/미용,경기도 오산시 남촌동,[출처] 번개장터 | [분석모델] BOOSTER_PRO_MINI | [모델근거] text_variant | [원문링크] https://m.bunjang.co.kr/products/421525152
마미케어,메디큐브 부스터프로,오늘만 급전 정가 이하)메디큐브 에이지알 부스터프로 핼로키티 버전 양도,거래완료,"170,000원",,2026-07-22,0,13,0,36.5℃,번개장터판매자,뷰티/미용,,[출처] 번개장터 | [분석모델] BOOSTER_PRO | [모델근거] text_variant | [원문링크] https://m.bunjang.co.kr/products/408880688
마미케어,메디큐브 부스터프로,메디큐브 부스터 프로 풀박,거래완료,"130,000원",,2026-07-21,0,2,0,36.5℃,번개장터판매자,뷰티/미용,,[출처] 번개장터 | [분석모델] BOOSTER_PRO | [모델근거] text_variant | [원문링크] https://m.bunjang.co.kr/products/418813957
마미케어,메디큐브 부스터프로,(정품 미개봉) 메디큐브 에이지알 부스터프로 핑크 1세대,거래완료,"160,000원",,2026-07-21,0,7,0,36.5℃,번개장터판매자,뷰티/미용,,[출처] 번개장터 | [분석모델] BOOSTER_PRO | [모델근거] text_variant | [원문링크] https://m.bunjang.co.kr/products/420721416
마미케어,메디큐브 부스터프로,메디큐브 부스터프로 미니플러스 미개봉팝니다!!,거래완료,"570,000원",남촌동,2026-07-21,0,1,0,36.5℃,번개장터판매자,뷰티/미용,경기도 오산시 남촌동,"[출처] 번개장터 | [분석모델] BOOSTER_PRO_MINI | [모델근거] text_variant | [원문설명] 미개봉 메디큐브 부스터프로 미니플러스 팝니다. 꼼꼼하게 포장되어 있어 선물용으로도 좋습니다. 핑크 색상이고, 새 상품입니다. 구매 원하시면 바로 안전결제 해주시면 됩니다! | [원문링크] https://m.bunjang.co.kr/products/421177521"
마미케어,메디큐브 부스터프로,메디큐브 부스터프로 미니 핑크,거래완료,"39,000원",,2026-07-21,0,3,0,36.5℃,번개장터판매자,뷰티/미용,,[출처] 번개장터 | [분석모델] BOOSTER_PRO_MINI | [모델근거] text_variant | [원문링크] https://m.bunjang.co.kr/products/421164567
마미케어,메디큐브 부스터프로,메디큐브 에이지알 부스터 프로 쿠로미 에디션,거래완료,"180,000원",노은1동,2026-07-20,0,12,0,36.5℃,번개장터판매자,뷰티/미용,대전광역시 유성구 노은1동,[출처] 번개장터 | [분석모델] BOOSTER_PRO | [모델근거] text_variant | [원문링크] https://m.bunjang.co.kr/products/417256204
마미케어,메디큐브 부스터프로,[미개봉/새상품] 메디큐브 에이지알 부스터 프로 미니 플러스 짱구,거래완료,"78,000원",,2026-07-20,0,11,0,36.5℃,번개장터판매자,뷰티/미용,,[출처] 번개장터 | [분석모델] BOOSTER_PRO_MINI | [모델근거] text_variant | [원문링크] https://m.bunjang.co.kr/products/421005464
마미케어,메디큐브 부스터프로,메디큐브 부스터프로,거래완료,"110,000원",청룡동,2026-07-19,0,15,0,36.5℃,번개장터판매자,뷰티/미용,충청남도 천안시 동남구 청룡동,[출처] 번개장터 | [분석모델] BOOSTER_PRO | [모델근거] text_variant | [원문링크] https://m.bunjang.co.kr/products/400934973
마미케어,메디큐브 부스터프로,메디큐브 부스터프로,거래완료,"80,000원",금호2동,2026-07-19,0,0,0,36.5℃,번개장터판매자,뷰티/미용,광주광역시 서구 금호2동,[출처] 번개장터 | [분석모델] BOOSTER_PRO | [모델근거] text_variant | [원문링크] https://m.bunjang.co.kr/products/420809568
마미케어,메디큐브 부스터프로,메디큐브 부스터프로 미니 카카오춘식이 에디션,거래완료,"47,000원",학익2동,2026-07-19,0,5,0,36.5℃,번개장터판매자,뷰티/미용,인천광역시 미추홀구 학익2동,[출처] 번개장터 | [분석모델] BOOSTER_PRO_MINI | [모델근거] text_variant | [원문링크] https://m.bunjang.co.kr/products/420739131
마미케어,메디큐브 부스터프로,메디큐브 부스터 프로,거래완료,"110,000원",,2026-07-18,0,0,0,36.5℃,번개장터판매자,뷰티/미용,,[출처] 번개장터 | [분석모델] BOOSTER_PRO | [모델근거] text_variant | [원문링크] https://m.bunjang.co.kr/products/420675678
마미케어,메디큐브 부스터프로,메디큐브 부스터프로,거래완료,"100,000원",,2026-07-18,0,0,0,36.5℃,번개장터판매자,뷰티/미용,,[출처] 번개장터 | [분석모델] BOOSTER_PRO | [모델근거] text_variant | [원문링크] https://m.bunjang.co.kr/products/420589189
마미케어,메디큐브 부스터프로,메디큐브부스터프로x2 새상품,거래완료,"270,000원",,2026-07-18,0,1,0,36.5℃,번개장터판매자,뷰티/미용,,[출처] 번개장터 | [분석모델] BOOSTER_PRO | [모델근거] text_variant | [원문링크] https://m.bunjang.co.kr/products/420582814
마미케어,메디큐브 부스터프로,메디큐브 부스터프로 쿠로미 에디션,거래완료,"150,000원",다대제2동,2026-07-18,0,0,0,36.5℃,번개장터판매자,뷰티/미용,부산광역시 사하구 다대제2동,[출처] 번개장터 | [분석모델] BOOSTER_PRO | [모델근거] text_variant | [원문링크] https://m.bunjang.co.kr/products/419844224
마미케어,메디큐브 부스터프로,메디큐브 에이지알 부스터 프로 미니 핑크,거래완료,"36,000원",,2026-07-16,0,0,0,36.5℃,번개장터판매자,뷰티/미용,,[출처] 번개장터 | [분석모델] BOOSTER_PRO_MINI | [모델근거] text_variant | [원문링크] https://m.bunjang.co.kr/products/420259506
마미케어,메디큐브 부스터프로,메디큐브 에이지알 부스터프로 미니 플러스 마이멜로디 에디션,거래완료,"130,000원",,2026-07-16,0,4,0,36.5℃,번개장터판매자,뷰티/미용,,[출처] 번개장터 | [분석모델] BOOSTER_PRO_MINI | [모델근거] text_variant | [원문링크] https://m.bunjang.co.kr/products/418849048
마미케어,메디큐브 부스터프로,메디큐브 부스터프로미니 화이트(10회 미만 사용),거래완료,"30,000원",,2026-07-15,0,2,0,36.5℃,번개장터판매자,뷰티/미용,,[출처] 번개장터 | [분석모델] BOOSTER_PRO_MINI | [모델근거] text_variant | [원문링크] https://m.bunjang.co.kr/products/419951999
마미케어,메디큐브 부스터프로,메디큐브 부스터프로 미니플러스 미개봉팝니딘,거래완료,"65,000원",남촌동,2026-07-15,0,3,0,36.5℃,번개장터판매자,뷰티/미용,경기도 오산시 남촌동,[출처] 번개장터 | [분석모델] BOOSTER_PRO_MINI | [모델근거] text_variant | [원문링크] https://m.bunjang.co.kr/products/419944751
마미케어,메디큐브 부스터프로,[미개봉/새상품] 메디큐브 에이지알 부스터 프로 미니 플러스 짱구,거래완료,"200,000원",,2026-07-15,0,2,0,36.5℃,번개장터판매자,뷰티/미용,,"[출처] 번개장터 | [분석모델] BOOSTER_PRO_MINI | [모델근거] text_variant | [원문설명] [미개봉/새상품] 메디큐브 에이지알 부스터 프로 미니 플러스 짱구 입니다. 짱구 캐릭터가 그려져 있어 귀엽고 소장 가치가 높습니다. 짱구 파우치와 함께 있는 구성으로, 선물용으로도 좋습니다. 구매 원하시면 바로 안전결제 해주시면 됩니다! *찔러보기 네고문의는 정중히 사양합니다. | [원문링크] https://m.bunjang.co.kr/products/415436739"
마미케어,메디큐브 부스터프로,메디큐브 에이지알 부스터 프로 미니 플러스 핑크 세트,거래완료,"133,000원",회기동,2026-07-13,0,2,0,36.5℃,번개장터판매자,뷰티/미용,서울특별시 동대문구 회기동,[출처] 번개장터 | [분석모델] BOOSTER_PRO_MINI | [모델근거] text_variant | [원문링크] https://m.bunjang.co.kr/products/419714686
마미케어,메디큐브 부스터프로,잔망루피 메디큐브 AGE-R 부스터프로,거래완료,"160,000원",,2026-07-13,0,1,0,36.5℃,번개장터판매자,뷰티/미용,,[출처] 번개장터 | [분석모델] BOOSTER_PRO | [모델근거] text_variant | [원문링크] https://m.bunjang.co.kr/products/419587246
마미케어,메디큐브 부스터프로,메디큐브 부스터프로미니 미개봉,거래완료,"65,000원",남촌동,2026-07-13,0,2,0,36.5℃,번개장터판매자,뷰티/미용,경기도 오산시 남촌동,[출처] 번개장터 | [분석모델] BOOSTER_PRO_MINI | [모델근거] text_variant | [원문링크] https://m.bunjang.co.kr/products/419575975
마미케어,메디큐브 부스터프로,메디큐브 에이지알 부스터 프로 미니 플러스 풀패키지,거래완료,"150,000원",원신흥동,2026-07-13,0,2,0,36.5℃,번개장터판매자,뷰티/미용,대전광역시 유성구 원신흥동,[출처] 번개장터 | [분석모델] BOOSTER_PRO_MINI | [모델근거] text_variant | [원문링크] https://m.bunjang.co.kr/products/419568513
마미케어,메디큐브 부스터프로,(한정판)메디큐브 에이지알 부스터프로 헬로키티 에디션,거래완료,"200,000원",부원동,2026-07-12,0,1,0,36.5℃,번개장터판매자,뷰티/미용,경상남도 김해시 부원동,[출처] 번개장터 | [분석모델] BOOSTER_PRO | [모델근거] text_variant | [원문링크] https://m.bunjang.co.kr/products/418202681
마미케어,메디큐브 부스터프로,메디큐브 부스터프로 미니 플러스 마이멜로디 에디션,거래완료,"50,000원",,2026-07-12,0,2,0,36.5℃,번개장터판매자,뷰티/미용,,[출처] 번개장터 | [분석모델] BOOSTER_PRO_MINI | [모델근거] text_variant | [원문링크] https://m.bunjang.co.kr/products/419420987
마미케어,메디큐브 부스터프로,메디큐브 부스터프로 미니 플러스,거래완료,"68,000원",,2026-07-12,0,0,0,36.5℃,번개장터판매자,뷰티/미용,,[출처] 번개장터 | [분석모델] BOOSTER_PRO_MINI | [모델근거] text_variant | [원문링크] https://m.bunjang.co.kr/products/419374687
마미케어,메디큐브 부스터프로,메디큐브 에이지알 부스터 프로 미니 플러스 (핑크),거래완료,"70,000원",,2026-07-11,0,0,0,36.5℃,번개장터판매자,뷰티/미용,,[출처] 번개장터 | [분석모델] BOOSTER_PRO_MINI | [모델근거] text_variant | [원문링크] https://m.bunjang.co.kr/products/419336316
마미케어,메디큐브 부스터프로,메디큐브 에이지알 부스터 프로,거래완료,"100,000원",인헌동,2026-07-11,0,4,0,36.5℃,번개장터판매자,뷰티/미용,서울특별시 관악구 인헌동,[출처] 번개장터 | [분석모델] BOOSTER_PRO | [모델근거] text_variant | [원문링크] https://m.bunjang.co.kr/products/419251714
마미케어,메디큐브 부스터프로,메디큐브 부스터프로 미니,거래완료,"47,000원",,2026-07-11,0,0,0,36.5℃,번개장터판매자,뷰티/미용,,[출처] 번개장터 | [분석모델] BOOSTER_PRO_MINI | [모델근거] text_variant | [원문링크] https://m.bunjang.co.kr/products/419250672
마미케어,메디큐브 부스터프로,메디큐브 에이지알 부스터프로 미니,거래완료,"60,000원",미평동,2026-07-10,0,2,0,36.5℃,번개장터판매자,뷰티/미용,전라남도 여수시 미평동,[출처] 번개장터 | [분석모델] BOOSTER_PRO_MINI | [모델근거] text_variant | [원문링크] https://m.bunjang.co.kr/products/418159894
마미케어,메디큐브 부스터프로,메디큐브 에이지알 부스터 프로,거래완료,"129,000원",,2026-07-10,0,16,0,36.5℃,번개장터판매자,뷰티/미용,,[출처] 번개장터 | [분석모델] BOOSTER_PRO | [모델근거] text_variant | [원문링크] https://m.bunjang.co.kr/products/417098084
마미케어,메디큐브 부스터프로,메디큐브 에이지알 부스터프로 x2,거래완료,"213,000원",,2026-07-10,0,6,0,36.5℃,번개장터판매자,뷰티/미용,,[출처] 번개장터 | [분석모델] BOOSTER_PRO | [모델근거] text_variant | [원문링크] https://m.bunjang.co.kr/products/418967687
마미케어,메디큐브 부스터프로,메디큐브 에이지알 부스터프로 미니플러스 미개봉!!,거래완료,"65,000원",남촌동,2026-07-09,0,6,0,36.5℃,번개장터판매자,뷰티/미용,경기도 오산시 남촌동,[출처] 번개장터 | [분석모델] BOOSTER_PRO_MINI | [모델근거] text_variant | [원문링크] https://m.bunjang.co.kr/products/416291316
마미케어,메디큐브 부스터프로,메디큐브 부스터프로 미니 플러스,거래완료,"58,000원",,2026-07-08,0,2,0,36.5℃,번개장터판매자,뷰티/미용,,[출처] 번개장터 | [분석모델] BOOSTER_PRO_MINI | [모델근거] text_variant | [원문링크] https://m.bunjang.co.kr/products/418743483
마미케어,메디큐브 부스터프로,메디큐브 에이지알 부스터 프로 블랙 미개봉 새상품,거래완료,"170,000원",,2026-07-08,0,3,0,36.5℃,번개장터판매자,뷰티/미용,,[출처] 번개장터 | [분석모델] BOOSTER_PRO | [모델근거] text_variant | [원문링크] https://m.bunjang.co.kr/products/417063901
마미케어,메디큐브 부스터프로,메디큐브 부스터프로 미니플러스 짱구에디션,거래완료,"90,000원",,2026-07-08,0,0,0,36.5℃,번개장터판매자,뷰티/미용,,[출처] 번개장터 | [분석모델] BOOSTER_PRO_MINI | [모델근거] text_variant | [원문링크] https://m.bunjang.co.kr/products/418620772
마미케어,메디큐브 부스터프로,메디큐브 부스터프로 x2  핑크파우치+PDRN 원데이 세럼 포함,거래완료,"270,000원",,2026-07-07,0,1,0,36.5℃,번개장터판매자,뷰티/미용,,[출처] 번개장터 | [분석모델] BOOSTER_PRO | [모델근거] text_variant | [원문링크] https://m.bunjang.co.kr/products/418524847
마미케어,메디큐브 부스터프로,메디큐브 부스터프로X2 조앤프렌즈 에디션,거래완료,"290,000원",,2026-07-07,0,2,0,36.5℃,번개장터판매자,뷰티/미용,,[출처] 번개장터 | [분석모델] BOOSTER_PRO | [모델근거] text_variant | [원문링크] https://m.bunjang.co.kr/products/418507541
마미케어,메디큐브 부스터프로,[새상품] 메디큐브 부스터 프로 핑크 에디션,거래완료,"150,000원",청룡동,2026-07-06,0,1,0,36.5℃,번개장터판매자,뷰티/미용,서울특별시 관악구 청룡동,[출처] 번개장터 | [분석모델] BOOSTER_PRO | [모델근거] text_variant | [원문링크] https://m.bunjang.co.kr/products/418365997
마미케어,메디큐브 부스터프로,메디큐브 부스터프로 마이멜로디 에디션,거래완료,"100,000원",,2026-07-06,0,2,0,36.5℃,번개장터판매자,뷰티/미용,,[출처] 번개장터 | [분석모델] BOOSTER_PRO | [모델근거] text_variant | [원문링크] https://m.bunjang.co.kr/products/418306732
마미케어,메디큐브 부스터프로,(미개봉)메디큐브 부스터 프로 미니 화이트 (새상품),거래완료,"77,000원",,2026-07-05,0,2,0,36.5℃,번개장터판매자,뷰티/미용,,[출처] 번개장터 | [분석모델] BOOSTER_PRO_MINI | [모델근거] text_variant | [원문링크] https://m.bunjang.co.kr/products/413920904
마미케어,메디큐브 부스터프로,메디큐브 에이지알 부스터 프로 풀박스 팝니다,거래완료,"100,000원",,2026-07-05,0,5,0,36.5℃,번개장터판매자,뷰티/미용,,[출처] 번개장터 | [분석모델] BOOSTER_PRO | [모델근거] text_variant | [원문링크] https://m.bunjang.co.kr/products/414371443
마미케어,메디큐브 부스터프로,장원영 pick 메디큐브 부스터 프로 미니 플러스 디바이스 핑크 입문템,거래완료,"55,000원",,2026-07-05,0,14,0,36.5℃,번개장터판매자,뷰티/미용,,[출처] 번개장터 | [분석모델] BOOSTER_PRO_MINI | [모델근거] text_variant | [원문링크] https://m.bunjang.co.kr/products/417907525
마미케어,메디큐브 부스터프로,메디큐브 부스터프로 블랙,거래완료,"99,000원",복정동,2026-07-05,0,0,0,36.5℃,번개장터판매자,뷰티/미용,경기도 성남시 수정구 복정동,[출처] 번개장터 | [분석모델] BOOSTER_PRO | [모델근거] text_variant | [원문링크] https://m.bunjang.co.kr/products/418062613
마미케어,메디큐브 부스터프로,메디큐브 부스터프로 블랙,거래완료,"97,000원",,2026-07-05,0,4,0,36.5℃,번개장터판매자,뷰티/미용,,[출처] 번개장터 | [분석모델] BOOSTER_PRO | [모델근거] text_variant | [원문링크] https://m.bunjang.co.kr/products/417613671
마미케어,메디큐브 부스터프로,메디큐브 부스터 프로,거래완료,"100,000원",,2026-07-04,0,1,0,36.5℃,번개장터판매자,뷰티/미용,,[출처] 번개장터 | [분석모델] BOOSTER_PRO | [모델근거] text_variant | [원문링크] https://m.bunjang.co.kr/products/417811839
마미케어,메디큐브 부스터프로,짱구 메디큐브 에이지알 부스터 프로 미니,거래완료,"86,000원",,2026-07-03,0,1,0,36.5℃,번개장터판매자,뷰티/미용,,[출처] 번개장터 | [분석모델] BOOSTER_PRO_MINI | [모델근거] text_variant | [원문링크] https://m.bunjang.co.kr/products/417707885
마미케어,메디큐브 부스터프로,메디큐브 에이지알 부스터 프로 마이멜로디,거래완료,"130,000원",,2026-07-03,0,2,0,36.5℃,번개장터판매자,뷰티/미용,,[출처] 번개장터 | [분석모델] BOOSTER_PRO | [모델근거] text_variant | [원문링크] https://m.bunjang.co.kr/products/417707616
마미케어,메디큐브 부스터프로,메디큐브 에이지알 부스터 프로 핑크,거래완료,"100,000원",,2026-07-02,0,2,0,36.5℃,번개장터판매자,뷰티/미용,,[출처] 번개장터 | [분석모델] BOOSTER_PRO | [모델근거] text_variant | [원문링크] https://m.bunjang.co.kr/products/417554809
마미케어,메디큐브 부스터프로,메디큐브 부스터프로 쿠로미,거래완료,"180,000원",주엽1동,2026-07-02,0,2,0,36.5℃,번개장터판매자,뷰티/미용,경기도 고양시 일산서구 주엽1동,[출처] 번개장터 | [분석모델] BOOSTER_PRO | [모델근거] text_variant | [원문링크] https://m.bunjang.co.kr/products/417376896
마미케어,메디큐브 부스터프로,메디큐브 부스터 프로 블랙,거래완료,"107,000원",,2026-07-01,0,3,0,36.5℃,번개장터판매자,뷰티/미용,,[출처] 번개장터 | [분석모델] BOOSTER_PRO | [모델근거] text_variant | [원문링크] https://m.bunjang.co.kr/products/416179528
마미케어,메디큐브 부스터프로,메디큐브 에이지알 부스터 프로 마이멜로디 한정판,거래완료,"200,000원",현덕면,2026-07-01,0,18,0,36.5℃,번개장터판매자,뷰티/미용,경기도 평택시 현덕면,[출처] 번개장터 | [분석모델] BOOSTER_PRO | [모델근거] text_variant | [원문링크] https://m.bunjang.co.kr/products/417352412
마미케어,메디큐브 부스터프로,메디큐브 에이지알 부스터 프로 미니 핑크,거래완료,"39,000원",,2026-07-01,0,5,0,36.5℃,번개장터판매자,뷰티/미용,,[출처] 번개장터 | [분석모델] BOOSTER_PRO_MINI | [모델근거] text_variant | [원문링크] https://m.bunjang.co.kr/products/417257055
마미케어,메디큐브 부스터프로,메디큐브 부스터프로 미니 핑크,거래완료,"60,000원",,2026-07-01,0,0,0,36.5℃,번개장터판매자,뷰티/미용,,[출처] 번개장터 | [분석모델] BOOSTER_PRO_MINI | [모델근거] text_variant | [원문링크] https://m.bunjang.co.kr/products/417244577
마미케어,메디큐브 부스터프로,메디큐브  부스터 프로 미니,거래완료,"50,000원",,2026-07-01,0,13,0,36.5℃,번개장터판매자,뷰티/미용,,[출처] 번개장터 | [분석모델] BOOSTER_PRO_MINI | [모델근거] text_variant | [원문링크] https://m.bunjang.co.kr/products/417188578
마미케어,메디큐브 부스터프로,메디큐브 에이지알 부스터프로 X2 핑크 (개봉상품),거래완료,"240,000원",,2026-06-30,0,3,0,36.5℃,번개장터판매자,뷰티/미용,,[출처] 번개장터 | [분석모델] BOOSTER_PRO | [모델근거] text_variant | [원문링크] https://m.bunjang.co.kr/products/417089630
마미케어,메디큐브 부스터프로,[미개봉] 메디큐브 부스터프로 x2,거래완료,"270,000원",광교1동,2026-06-30,0,8,0,36.5℃,번개장터판매자,뷰티/미용,경기도 수원시 영통구 광교1동,[출처] 번개장터 | [분석모델] BOOSTER_PRO | [모델근거] text_variant | [원문링크] https://m.bunjang.co.kr/products/416380882
마미케어,메디큐브 부스터프로,메디큐브 부스터 프로 미니 핑크,거래완료,"63,000원",,2026-06-30,0,4,0,36.5℃,번개장터판매자,뷰티/미용,,[출처] 번개장터 | [분석모델] BOOSTER_PRO_MINI | [모델근거] text_variant | [원문링크] https://m.bunjang.co.kr/products/414687847
마미케어,메디큐브 부스터프로,메디큐브 에이지알 뷰티 디바이스 핑크 부스터프로X2,거래완료,"230,000원",,2026-06-29,0,1,0,36.5℃,번개장터판매자,뷰티/미용,,[출처] 번개장터 | [분석모델] BOOSTER_PRO | [모델근거] text_variant | [원문링크] https://m.bunjang.co.kr/products/416966148
마미케어,메디큐브 부스터프로,메디큐브 에이지알 부스터프로 옐로우,거래완료,"100,000원",,2026-06-29,0,0,0,36.5℃,번개장터판매자,뷰티/미용,,[출처] 번개장터 | [분석모델] BOOSTER_PRO | [모델근거] text_variant | [원문링크] https://m.bunjang.co.kr/products/416909118
마미케어,메디큐브 부스터프로,메디큐브 부스터프로 핑크,거래완료,"110,000원",,2026-06-29,0,7,0,36.5℃,번개장터판매자,뷰티/미용,,[출처] 번개장터 | [분석모델] BOOSTER_PRO | [모델근거] text_variant | [원문링크] https://m.bunjang.co.kr/products/414410866
마미케어,메디큐브 부스터프로,메디큐브 부스터프로 헬로키티 에디션,거래완료,"165,000원",오학동,2026-06-29,0,4,0,36.5℃,번개장터판매자,뷰티/미용,경기도 여주시 오학동,[출처] 번개장터 | [분석모델] BOOSTER_PRO | [모델근거] text_variant | [원문링크] https://m.bunjang.co.kr/products/416839959
마미케어,메디큐브 부스터프로,정품 메디큐브 부스터프로,거래완료,"120,000원",,2026-06-28,0,10,0,36.5℃,번개장터판매자,뷰티/미용,,[출처] 번개장터 | [분석모델] BOOSTER_PRO | [모델근거] text_variant | [원문링크] https://m.bunjang.co.kr/products/414371450
마미케어,메디큐브 부스터프로,"메디큐브 부스터 프로 (399,000-> 100,000)",거래완료,"100,000원",합정동,2026-06-28,0,2,0,36.5℃,번개장터판매자,뷰티/미용,서울특별시 마포구 합정동,[출처] 번개장터 | [분석모델] BOOSTER_PRO | [모델근거] text_variant | [원문링크] https://m.bunjang.co.kr/products/416666778
마미케어,메디큐브 부스터프로,[미개봉] 메디큐브 부스터 프로 글로우 + 전용 파우치 세트,거래완료,"200,000원",,2026-06-28,0,0,0,36.5℃,번개장터판매자,뷰티/미용,,[출처] 번개장터 | [분석모델] BOOSTER_PRO | [모델근거] text_variant | [원문링크] https://m.bunjang.co.kr/products/416418507
마미케어,메디큐브 부스터프로,메디큐브 에이지알 부스터 프로 X2 핑크(미개봉 새상품),거래완료,"270,000원",남가좌제1동,2026-06-27,0,0,0,36.5℃,번개장터판매자,뷰티/미용,서울특별시 서대문구 남가좌제1동,[출처] 번개장터 | [분석모델] BOOSTER_PRO | [모델근거] text_variant | [원문링크] https://m.bunjang.co.kr/products/416484509
마미케어,메디큐브 부스터프로,메디큐브 부스터 프로,거래완료,"70,000원",,2026-06-26,0,0,0,36.5℃,번개장터판매자,뷰티/미용,,[출처] 번개장터 | [분석모델] BOOSTER_PRO | [모델근거] text_variant | [원문링크] https://m.bunjang.co.kr/products/416375689
마미케어,메디큐브 부스터프로,메디큐브 에이지알 부스터 프로 블랙,거래완료,"80,000원",,2026-06-26,0,2,0,36.5℃,번개장터판매자,뷰티/미용,,[출처] 번개장터 | [분석모델] BOOSTER_PRO | [모델근거] text_variant | [원문링크] https://m.bunjang.co.kr/products/416370679
마미케어,메디큐브 부스터프로,새상품(미개봉) 메디큐브[에이지알] 부스터 프로 미니 플러스 짱구 에디션,거래완료,"79,000원",,2026-06-26,0,10,0,36.5℃,번개장터판매자,뷰티/미용,,[출처] 번개장터 | [분석모델] BOOSTER_PRO_MINI | [모델근거] text_variant | [원문링크] https://m.bunjang.co.kr/products/416233866
마미케어,메디큐브 부스터프로,메디큐브 부스터프로 블랙,거래완료,"130,000원",,2026-06-25,0,4,0,36.5℃,번개장터판매자,뷰티/미용,,[출처] 번개장터 | [분석모델] BOOSTER_PRO | [모델근거] text_variant | [원문링크] https://m.bunjang.co.kr/products/413969207
마미케어,메디큐브 부스터프로,메디큐브 에이지알 부스터 프로 미니 핑크 세트 새상품,거래완료,"160,000원",비산3동,2026-06-25,0,0,0,36.5℃,번개장터판매자,뷰티/미용,경기도 안양시 동안구 비산3동,[출처] 번개장터 | [분석모델] BOOSTER_PRO_MINI | [모델근거] text_variant | [원문링크] https://m.bunjang.co.kr/products/414662479
마미케어,메디큐브 부스터프로,일괄 판매 (메디큐브 부스터 프로 미니 화이트 포함),거래완료,"60,000원",,2026-06-25,0,0,0,36.5℃,번개장터판매자,뷰티/미용,,[출처] 번개장터 | [분석모델] BOOSTER_PRO_MINI | [모델근거] text_variant | [원문링크] https://m.bunjang.co.kr/products/416067574
마미케어,메디큐브 부스터프로,메디큐브 에이지알 부스터프로 1세대 판매,거래완료,"110,000원",,2026-06-25,0,2,0,36.5℃,번개장터판매자,뷰티/미용,,[출처] 번개장터 | [분석모델] BOOSTER_PRO | [모델근거] text_variant | [원문링크] https://m.bunjang.co.kr/products/416115396
마미케어,메디큐브 부스터프로,메디큐브 부스터프로 핑크버전 팝니다~,거래완료,"129,000원",,2026-06-25,0,6,0,36.5℃,번개장터판매자,뷰티/미용,,[출처] 번개장터 | [분석모델] BOOSTER_PRO | [모델근거] text_variant | [원문링크] https://m.bunjang.co.kr/products/413238814
마미케어,메디큐브 부스터프로,(정품인증가능) 메디큐브 부스터프로 (정말 싸게 내놔요),거래완료,"67,300원",동선동,2026-06-24,0,2,0,36.5℃,번개장터판매자,뷰티/미용,서울특별시 성북구 동선동,[출처] 번개장터 | [분석모델] BOOSTER_PRO | [모델근거] text_variant | [원문링크] https://m.bunjang.co.kr/products/415942007
마미케어,메디큐브 부스터프로,메디큐브 부스터프로 미니플러스 미개봉 팔아용,거래완료,"89,000원",남촌동,2026-06-23,0,2,0,36.5℃,번개장터판매자,뷰티/미용,경기도 오산시 남촌동,[출처] 번개장터 | [분석모델] BOOSTER_PRO_MINI | [모델근거] text_variant | [원문링크] https://m.bunjang.co.kr/products/415696098
마미케어,메디큐브 부스터프로,[미개봉/새상품] 메디큐브 에이지알 부스터 프로 미니 플러스 짱구,거래완료,"78,000원",,2026-06-23,0,2,0,36.5℃,번개장터판매자,뷰티/미용,,[출처] 번개장터 | [분석모델] BOOSTER_PRO_MINI | [모델근거] text_variant | [원문링크] https://m.bunjang.co.kr/products/415671895
마미케어,메디큐브 부스터프로,메디큐브 부스터프로 헬로키티 에디션,거래완료,"230,000원",,2026-06-22,0,1,0,36.5℃,번개장터판매자,뷰티/미용,,[출처] 번개장터 | [분석모델] BOOSTER_PRO | [모델근거] text_variant | [원문링크] https://m.bunjang.co.kr/products/415612407
마미케어,메디큐브 부스터프로,메디큐브 에이지알 부스터 프로 블랙 +앰플증정,거래완료,"100,000원",,2026-06-20,0,5,0,36.5℃,번개장터판매자,뷰티/미용,,[출처] 번개장터 | [분석모델] BOOSTER_PRO | [모델근거] text_variant | [원문링크] https://m.bunjang.co.kr/products/403541392
마미케어,메디큐브 부스터프로,메디큐브 부스터 프로,거래완료,"83,000원",,2026-06-19,0,4,0,36.5℃,번개장터판매자,뷰티/미용,,[출처] 번개장터 | [분석모델] BOOSTER_PRO | [모델근거] text_variant | [원문링크] https://m.bunjang.co.kr/products/414397051
마미케어,메디큐브 부스터프로,메디큐브 부스터 프로 X2 핑크,거래완료,"185,000원",,2026-06-19,0,0,0,36.5℃,번개장터판매자,뷰티/미용,,[출처] 번개장터 | [분석모델] BOOSTER_PRO | [모델근거] text_variant | [원문링크] https://m.bunjang.co.kr/products/414988621
마미케어,메디큐브 부스터프로,메디큐브 부스터 프로 미니 플러스 마이멜로디 에디션,거래완료,"55,000원",신대방제1동,2026-06-19,0,0,0,36.5℃,번개장터판매자,뷰티/미용,서울특별시 동작구 신대방제1동,[출처] 번개장터 | [분석모델] BOOSTER_PRO_MINI | [모델근거] text_variant | [원문링크] https://m.bunjang.co.kr/products/414980875
마미케어,메디큐브 부스터프로,(무료배송)메디큐브 부스터프로 x2 핑크,거래완료,"220,000원",,2026-06-19,0,5,0,36.5℃,번개장터판매자,뷰티/미용,,[출처] 번개장터 | [분석모델] BOOSTER_PRO | [모델근거] text_variant | [원문링크] https://m.bunjang.co.kr/products/407533965
마미케어,메디큐브 부스터프로,메디큐브 부스터 프로 블랙,거래완료,"90,000원",,2026-06-19,0,2,0,36.5℃,번개장터판매자,뷰티/미용,,[출처] 번개장터 | [분석모델] BOOSTER_PRO | [모델근거] text_variant | [원문링크] https://m.bunjang.co.kr/products/414905701
마미케어,메디큐브 부스터프로,메디큐브 에이지알 부스터 프로 블랙,거래완료,"99,000원",진관동,2026-06-19,0,2,0,36.5℃,번개장터판매자,뷰티/미용,서울특별시 은평구 진관동,[출처] 번개장터 | [분석모델] BOOSTER_PRO | [모델근거] text_variant | [원문링크] https://m.bunjang.co.kr/products/412782542
마미케어,메디큐브 부스터프로,(사용감X)메디큐브 부스터 프로 미니 핑크,거래완료,"55,000원",,2026-06-19,0,2,0,36.5℃,번개장터판매자,뷰티/미용,,[출처] 번개장터 | [분석모델] BOOSTER_PRO_MINI | [모델근거] text_variant | [원문링크] https://m.bunjang.co.kr/products/414850685
마미케어,메디큐브 부스터프로,메디큐브 부스터프로X2 화이트,거래완료,"250,000원",,2026-06-17,0,1,0,36.5℃,번개장터판매자,뷰티/미용,,[출처] 번개장터 | [분석모델] BOOSTER_PRO | [모델근거] text_variant | [원문링크] https://m.bunjang.co.kr/products/414636654
마미케어,메디큐브 부스터프로,(구매한지 1주밖에 안됨) 메디큐브 부스터프로 미니플러스 화이트,거래완료,"80,000원",,2026-06-17,0,0,0,36.5℃,번개장터판매자,뷰티/미용,,[출처] 번개장터 | [분석모델] BOOSTER_PRO_MINI | [모델근거] text_variant | [원문링크] https://m.bunjang.co.kr/products/414197800
마미케어,메디큐브 부스터프로,메디큐브 에이지알 부스터 프로 미니 &  진동클렌저,거래완료,"80,000원",진관동,2026-06-16,0,1,0,36.5℃,번개장터판매자,뷰티/미용,서울특별시 은평구 진관동,[출처] 번개장터 | [분석모델] BOOSTER_PRO_MINI | [모델근거] text_variant | [원문링크] https://m.bunjang.co.kr/products/414445077
마미케어,메디큐브 부스터프로,메디큐브 에이지알 부스터프로 마이멜로디 에디션,거래완료,"160,000원",문정1동,2026-06-15,0,1,0,36.5℃,번개장터판매자,뷰티/미용,서울특별시 송파구 문정1동,[출처] 번개장터 | [분석모델] BOOSTER_PRO | [모델근거] text_variant | [원문링크] https://m.bunjang.co.kr/products/414313681
마미케어,메디큐브 부스터프로,메디큐브 부스터 프로 마이멜로디 에디션,거래완료,"235,000원",작전2동,2026-06-15,0,7,0,36.5℃,번개장터판매자,뷰티/미용,인천광역시 계양구 작전2동,[출처] 번개장터 | [분석모델] BOOSTER_PRO | [모델근거] text_variant | [원문링크] https://m.bunjang.co.kr/products/413522434
마미케어,메디큐브 부스터프로,메디큐브 부스터프로 블랙,거래완료,"120,000원",,2026-06-13,0,0,0,36.5℃,번개장터판매자,뷰티/미용,,[출처] 번개장터 | [분석모델] BOOSTER_PRO | [모델근거] text_variant | [원문링크] https://m.bunjang.co.kr/products/413989544
마미케어,메디큐브 부스터프로,메디큐브 부스터 프로 블랙,거래완료,"90,000원",화원읍,2026-06-12,0,3,0,36.5℃,번개장터판매자,뷰티/미용,대구광역시 달성군 화원읍,[출처] 번개장터 | [분석모델] BOOSTER_PRO | [모델근거] text_variant | [원문링크] https://m.bunjang.co.kr/products/413803052
마미케어,메디큐브 부스터프로,메디큐브 부스터프로 미니 마이멜로디,거래완료,"72,000원",,2026-06-12,0,17,0,36.5℃,번개장터판매자,뷰티/미용,,[출처] 번개장터 | [분석모델] BOOSTER_PRO_MINI | [모델근거] text_variant | [원문링크] https://m.bunjang.co.kr/products/406624758
마미케어,메디큐브 부스터프로,메디큐브 부스터프로 미니,거래완료,"65,000원",,2026-06-12,0,1,0,36.5℃,번개장터판매자,뷰티/미용,,[출처] 번개장터 | [분석모델] BOOSTER_PRO_MINI | [모델근거] text_variant | [원문링크] https://m.bunjang.co.kr/products/413700095
마미케어,메디큐브 부스터프로,메디큐브 부스터프로 퍼플에디션 새상품,거래완료,"173,000원",광교2동,2026-06-11,0,2,0,36.5℃,번개장터판매자,뷰티/미용,경기도 수원시 영통구 광교2동,[출처] 번개장터 | [분석모델] BOOSTER_PRO | [모델근거] text_variant | [원문링크] https://m.bunjang.co.kr/products/408930683
마미케어,메디큐브 부스터프로,메디큐브 부스터 프로 에이지알 핑크,거래완료,"120,000원",정관읍,2026-06-10,0,1,0,36.5℃,번개장터판매자,뷰티/미용,부산광역시 기장군 정관읍,[출처] 번개장터 | [분석모델] BOOSTER_PRO | [모델근거] text_variant | [원문링크] https://m.bunjang.co.kr/products/413482308
마미케어,메디큐브 부스터프로,(새상품) 에이피알 메디큐브 에이지알 부스터 프로 라벤더에디션,거래완료,"169,000원",서초4동,2026-06-10,0,5,0,36.5℃,번개장터판매자,뷰티/미용,서울특별시 서초구 서초4동,[출처] 번개장터 | [분석모델] BOOSTER_PRO | [모델근거] text_variant | [원문링크] https://m.bunjang.co.kr/products/412025701
마미케어,메디큐브 부스터프로,메디큐브 부스터프로 마이멜로디 에디션 핑크,거래완료,"250,000원",안성2동,2026-06-10,0,4,0,36.5℃,번개장터판매자,뷰티/미용,경기도 안성시 안성2동,[출처] 번개장터 | [분석모델] BOOSTER_PRO | [모델근거] text_variant | [원문링크] https://m.bunjang.co.kr/products/413422054
마미케어,메디큐브 부스터프로,메디큐브 부스터프로 쿠로미에디션 팔아요,거래완료,"185,000원",,2026-06-09,0,10,0,36.5℃,번개장터판매자,뷰티/미용,,[출처] 번개장터 | [분석모델] BOOSTER_PRO | [모델근거] text_variant | [원문링크] https://m.bunjang.co.kr/products/402836576
마미케어,메디큐브 부스터프로,메디큐브 에이지알 부스터프로X2 미개봉새제품,거래완료,"290,000원",,2026-06-09,0,5,0,36.5℃,번개장터판매자,뷰티/미용,,[출처] 번개장터 | [분석모델] BOOSTER_PRO | [모델근거] text_variant | [원문링크] https://m.bunjang.co.kr/products/413263405
마미케어,메디큐브 부스터프로,쿠로미 메디큐브 부스터프로,거래완료,"180,000원",,2026-06-08,0,4,0,36.5℃,번개장터판매자,뷰티/미용,,[출처] 번개장터 | [분석모델] BOOSTER_PRO | [모델근거] text_variant | [원문링크] https://m.bunjang.co.kr/products/413148073
마미케어,메디큐브 부스터프로,메디큐브 부스터프로x2 새상품,거래완료,"280,000원",,2026-06-08,0,7,0,36.5℃,번개장터판매자,뷰티/미용,,[출처] 번개장터 | [분석모델] BOOSTER_PRO | [모델근거] text_variant | [원문링크] https://m.bunjang.co.kr/products/413116078
마미케어,메디큐브 부스터프로,급처) 메디큐브 에이지알 부스터프로 블랙 정품 풀박스 상태좋음,거래완료,"130,000원",,2026-06-07,0,4,0,36.5℃,번개장터판매자,뷰티/미용,,[출처] 번개장터 | [분석모델] BOOSTER_PRO | [모델근거] text_variant | [원문링크] https://m.bunjang.co.kr/products/410096983
마미케어,메디큐브 부스터프로,메디큐브 부스터프로 한정판,거래완료,"145,000원",문래동,2026-06-07,0,2,0,36.5℃,번개장터판매자,뷰티/미용,서울특별시 영등포구 문래동,[출처] 번개장터 | [분석모델] BOOSTER_PRO | [모델근거] text_variant | [원문링크] https://m.bunjang.co.kr/products/412320644
마미케어,메디큐브 부스터프로,메디큐브 부스터프로 라벤더 미개봉 새상품 세트,거래완료,"200,000원",,2026-06-07,0,1,0,36.5℃,번개장터판매자,뷰티/미용,,[출처] 번개장터 | [분석모델] BOOSTER_PRO | [모델근거] text_variant | [원문링크] https://m.bunjang.co.kr/products/412554534
마미케어,메디큐브 부스터프로,메디큐브 에이지알 부스터 프로 미니 플러스,거래완료,"80,000원",,2026-06-05,0,1,0,36.5℃,번개장터판매자,뷰티/미용,,[출처] 번개장터 | [분석모델] BOOSTER_PRO_MINI | [모델근거] text_variant | [원문링크] https://m.bunjang.co.kr/products/412569998
마미케어,메디큐브 부스터프로,메디큐브 에이지알 부스터 프로 마이멜로디 에디션 장원용,거래완료,"170,000원",,2026-06-05,0,3,0,36.5℃,번개장터판매자,뷰티/미용,,[출처] 번개장터 | [분석모델] BOOSTER_PRO | [모델근거] text_variant | [원문링크] https://m.bunjang.co.kr/products/412498771
마미케어,메디큐브 부스터프로,메디큐브 에이지알 부스터프로x2,거래완료,"290,000원",,2026-06-05,0,1,0,36.5℃,번개장터판매자,뷰티/미용,,[출처] 번개장터 | [분석모델] BOOSTER_PRO | [모델근거] text_variant | [원문링크] https://m.bunjang.co.kr/products/412471679
마미케어,메디큐브 부스터프로,메디큐브 부스터 프로X2 새상품,거래완료,"300,000원",,2026-06-05,0,2,0,36.5℃,번개장터판매자,뷰티/미용,,[출처] 번개장터 | [분석모델] BOOSTER_PRO | [모델근거] text_variant | [원문링크] https://m.bunjang.co.kr/products/412424610
마미케어,메디큐브 부스터프로,메디큐브 부스터프로 마이멜로디 에디션 미개봉,거래완료,"360,000원",가산동,2026-06-04,0,0,0,36.5℃,번개장터판매자,뷰티/미용,서울특별시 금천구 가산동,[출처] 번개장터 | [분석모델] BOOSTER_PRO | [모델근거] text_variant | [원문링크] https://m.bunjang.co.kr/products/412269141
마미케어,메디큐브 부스터프로,메디큐브 부스터 프로 X2 화이트,거래완료,"260,000원",,2026-06-03,0,0,0,36.5℃,번개장터판매자,뷰티/미용,,[출처] 번개장터 | [분석모델] BOOSTER_PRO | [모델근거] text_variant | [원문링크] https://m.bunjang.co.kr/products/412058035
마미케어,메디큐브 부스터프로,메디큐브 부스터프로 x2,거래완료,"252,000원",일로읍,2026-06-03,0,4,0,36.5℃,번개장터판매자,뷰티/미용,전라남도 무안군 일로읍,[출처] 번개장터 | [분석모델] BOOSTER_PRO | [모델근거] text_variant | [원문링크] https://m.bunjang.co.kr/products/410877268
마미케어,메디큐브 부스터프로,메디큐브 에이지알 부스터프로 미니플러스 짱구에디션,거래완료,"60,000원",,2026-06-03,0,0,0,36.5℃,번개장터판매자,뷰티/미용,,[출처] 번개장터 | [분석모델] BOOSTER_PRO_MINI | [모델근거] text_variant | [원문링크] https://m.bunjang.co.kr/products/411976749
마미케어,메디큐브 부스터프로,메디큐브 에이지알 부스터프로,거래완료,"150,000원",검단1동,2026-06-02,0,0,0,36.5℃,번개장터판매자,뷰티/미용,인천광역시 서구 검단1동,[출처] 번개장터 | [분석모델] BOOSTER_PRO | [모델근거] text_variant | [원문링크] https://m.bunjang.co.kr/products/411028644
마미케어,메디큐브 부스터프로,메디큐브 부스터프로 + 보호캡,거래완료,"100,000원",,2026-06-01,0,1,0,36.5℃,번개장터판매자,뷰티/미용,,[출처] 번개장터 | [분석모델] BOOSTER_PRO | [모델근거] text_variant | [원문링크] https://m.bunjang.co.kr/products/411581288
마미케어,메디큐브 부스터프로,메디큐브 부스터프로 미니 플러스 핑크,거래완료,"65,000원",,2026-06-01,0,3,0,36.5℃,번개장터판매자,뷰티/미용,,[출처] 번개장터 | [분석모델] BOOSTER_PRO_MINI | [모델근거] text_variant | [원문링크] https://m.bunjang.co.kr/products/411541958
마미케어,메디큐브 부스터프로,메디큐브 에이지알 부스터프로 미니,거래완료,"35,000원",,2026-05-31,0,1,0,36.5℃,번개장터판매자,뷰티/미용,,[출처] 번개장터 | [분석모델] BOOSTER_PRO_MINI | [모델근거] text_variant | [원문링크] https://m.bunjang.co.kr/products/411522475
마미케어,메디큐브 부스터프로,(미개봉)메디큐브 에이지알 부스터프로2 신상 디바이스 뷰티디바이스,거래완료,"280,000원",,2026-05-31,0,10,0,36.5℃,번개장터판매자,뷰티/미용,,[출처] 번개장터 | [분석모델] BOOSTER_PRO | [모델근거] text_variant | [원문링크] https://m.bunjang.co.kr/products/409559582
마미케어,메디큐브 부스터프로,메디큐브 에이지알 부스터 프로 레몬 에디션 판매합니다!,거래완료,"110,000원",,2026-05-31,0,1,0,36.5℃,번개장터판매자,뷰티/미용,,[출처] 번개장터 | [분석모델] BOOSTER_PRO | [모델근거] text_variant | [원문링크] https://m.bunjang.co.kr/products/411369830
마미케어,메디큐브 부스터프로,메디큐브 에이지알 마이멜로디 부스터프로 미니 플러스 클렌징헤드 세트,거래완료,"120,000원",,2026-05-31,0,21,0,36.5℃,번개장터판매자,뷰티/미용,,[출처] 번개장터 | [분석모델] BOOSTER_PRO_MINI | [모델근거] text_variant | [원문링크] https://m.bunjang.co.kr/products/399311923
마미케어,메디큐브 부스터프로,메디큐브 부스터프로미니 한교동,거래완료,"90,000원",,2026-05-31,0,4,0,36.5℃,번개장터판매자,뷰티/미용,,[출처] 번개장터 | [분석모델] BOOSTER_PRO_MINI | [모델근거] text_variant | [원문링크] https://m.bunjang.co.kr/products/411362203
마미케어,메디큐브 부스터프로,(미개봉 새상품) 정품 / 메디큐브 에이지알 부스터프로 핑크,거래완료,"180,000원",신내1동,2026-05-30,0,6,0,36.5℃,번개장터판매자,뷰티/미용,서울특별시 중랑구 신내1동,[출처] 번개장터 | [분석모델] BOOSTER_PRO | [모델근거] text_variant | [원문링크] https://m.bunjang.co.kr/products/406130665
마미케어,메디큐브 부스터프로,메디큐브 부스터프로 디바이스,거래완료,"110,000원",양주2동,2026-05-30,0,4,0,36.5℃,번개장터판매자,뷰티/미용,경기도 양주시 양주2동,[출처] 번개장터 | [분석모델] BOOSTER_PRO | [모델근거] text_variant | [원문링크] https://m.bunjang.co.kr/products/410786934
마미케어,메디큐브 부스터프로,메디큐브 부스터 프로 짱구 에디션 단품,거래완료,"120,000원",,2026-05-29,0,5,0,36.5℃,번개장터판매자,뷰티/미용,,[출처] 번개장터 | [분석모델] BOOSTER_PRO | [모델근거] text_variant | [원문링크] https://m.bunjang.co.kr/products/403340726
마미케어,메디큐브 부스터프로,메디큐브 부스터 프로,거래완료,"120,000원",,2026-05-28,0,3,0,36.5℃,번개장터판매자,뷰티/미용,,[출처] 번개장터 | [분석모델] BOOSTER_PRO | [모델근거] text_variant | [원문링크] https://m.bunjang.co.kr/products/410712498
마미케어,메디큐브 부스터프로,메디큐브 진동클렌저 클렌징 디바이스+부스터프로미니플러스,거래완료,"80,000원",,2026-05-27,0,5,0,36.5℃,번개장터판매자,뷰티/미용,,[출처] 번개장터 | [분석모델] BOOSTER_PRO_MINI | [모델근거] text_variant | [원문링크] https://m.bunjang.co.kr/products/410606356
마미케어,메디큐브 부스터프로,메디큐브 부스터프로,거래완료,"100,000원",,2026-05-22,0,9,0,36.5℃,번개장터판매자,뷰티/미용,,[출처] 번개장터 | [분석모델] BOOSTER_PRO | [모델근거] text_variant | [원문링크] https://m.bunjang.co.kr/products/409482291
마미케어,메디큐브 부스터프로,메디큐브 부스터프로,거래완료,"85,000원",개금제1동,2026-05-18,0,7,0,36.5℃,번개장터판매자,뷰티/미용,부산광역시 부산진구 개금제1동,[출처] 번개장터 | [분석모델] BOOSTER_PRO | [모델근거] text_variant | [원문링크] https://m.bunjang.co.kr/products/408781412
마미케어,메디큐브 부스터프로,메디큐브 부스터 프로 미니 마이멜로디 한정 핑크 색상,거래완료,"43,000원",,2026-04-15,0,3,0,36.5℃,번개장터판매자,뷰티/미용,,[출처] 번개장터 | [분석모델] BOOSTER_PRO_MINI | [모델근거] text_variant | [원문링크] https://m.bunjang.co.kr/products/401677331
마미케어,메디큐브 부스터프로,메디큐브 에이지알 부스터프로 미개봉 새상품,거래완료,"240,000원",,2024-11-03,0,2,0,36.5℃,번개장터판매자,뷰티/미용,,[출처] 번개장터 | [분석모델] BOOSTER_PRO | [모델근거] text_variant | [원문링크] https://m.bunjang.co.kr/products/297845889
음식물처리기,미닉스 음식물처리기,3L 최신상 미닉스 음식물처리기 더플렌더 MAX + 푸드컨테이너,거래중,"430,000원",,2026-08-27,0,7,0,36.5℃,번개장터판매자,생활가전,,[출처] 번개장터 | [분석모델] THE_PLENDER_MAX | [모델근거] text_variant | [원문링크] https://m.bunjang.co.kr/products/415198671
음식물처리기,미닉스 음식물처리기,(26년4월제품) 미닉스 더플렌더 Max 건조분쇄 음식물처리기 가정용 MNFD-200G,거래중,"260,000원",가산동,2026-08-26,0,2,0,36.5℃,번개장터판매자,생활가전,서울특별시 금천구 가산동,[출처] 번개장터 | [분석모델] MNFD-200G | [모델근거] text_code | [원문링크] https://m.bunjang.co.kr/products/425707277
음식물처리기,미닉스 음식물처리기,미닉스 더플랜더 프로 음식물처리기 MNFD-200G,거래중,"330,000원",,2026-08-25,0,1,0,36.5℃,번개장터판매자,생활가전,,[출처] 번개장터 | [분석모델] MNFD-200G | [모델근거] text_code | [원문링크] https://m.bunjang.co.kr/products/419807389
음식물처리기,미닉스 음식물처리기,미닉스 더플랜더 맥스 음식물처리기 3L MNFD-200G,거래중,"340,000원",,2026-08-25,0,3,0,36.5℃,번개장터판매자,생활가전,,[출처] 번개장터 | [분석모델] MNFD-200G | [모델근거] text_code | [원문링크] https://m.bunjang.co.kr/products/424934583
음식물처리기,미닉스 음식물처리기,미닉스 더플랜더 맥스 MNFD-200G 음식물처리기,거래중,"330,000원",,2026-08-25,0,0,0,36.5℃,번개장터판매자,생활가전,,[출처] 번개장터 | [분석모델] MNFD-200G | [모델근거] text_code | [원문링크] https://m.bunjang.co.kr/products/423748544
음식물처리기,미닉스 음식물처리기,미닉스 더플랜더 맥스 MNFD-200G 음식물처리기,거래중,"340,000원",,2026-08-25,0,0,0,36.5℃,번개장터판매자,생활가전,,[출처] 번개장터 | [분석모델] MNFD-200G | [모델근거] text_code | [원문링크] https://m.bunjang.co.kr/products/422299052
음식물처리기,미닉스 음식물처리기,미닉스 더플랜더 맥스 MNFD-200G 음식물처리기,거래중,"330,000원",,2026-08-25,0,1,0,36.5℃,번개장터판매자,생활가전,,[출처] 번개장터 | [분석모델] MNFD-200G | [모델근거] text_code | [원문링크] https://m.bunjang.co.kr/products/422298739
음식물처리기,미닉스 음식물처리기,미닉스 음식물처리기 더플렌더 MAX 미개봉 새제품 / 백화점제품,거래중,"395,000원",우암동,2026-08-25,0,1,0,36.5℃,번개장터판매자,생활가전,부산광역시 남구 우암동,[출처] 번개장터 | [분석모델] THE_PLENDER_MAX | [모델근거] text_variant | [원문링크] https://m.bunjang.co.kr/products/421695042
음식물처리기,미닉스 음식물처리기,미닉스 음식물처리기 더플렌더 MAX 미개봉 새제품 / 백화점제품,거래중,"395,000원",우암동,2026-08-25,0,4,0,36.5℃,번개장터판매자,생활가전,부산광역시 남구 우암동,[출처] 번개장터 | [분석모델] THE_PLENDER_MAX | [모델근거] text_variant | [원문링크] https://m.bunjang.co.kr/products/420771888
음식물처리기,미닉스 음식물처리기,미닉스 더플렌더 Max 건조분쇄 음식물처리기,거래중,"290,000원",,2026-08-25,0,2,0,36.5℃,번개장터판매자,생활가전,,[출처] 번개장터 | [분석모델] THE_PLENDER_MAX | [모델근거] text_variant | [원문링크] https://m.bunjang.co.kr/products/423018200
음식물처리기,미닉스 음식물처리기,(26년 4월 제품) 미닉스 더플렌더 Max 건조분쇄 음식물처리기 가정용 MNFD-200G,거래중,"320,000원",가산동,2026-08-24,0,2,0,36.5℃,번개장터판매자,생활가전,서울특별시 금천구 가산동,[출처] 번개장터 | [분석모델] MNFD-200G | [모델근거] text_code | [원문링크] https://m.bunjang.co.kr/products/425400820
음식물처리기,미닉스 음식물처리기,미닉스 더플렌더 Max 건조분쇄 그레이지 MNFD-200G,거래중,"280,000원",,2026-08-24,0,4,0,36.5℃,번개장터판매자,생활가전,,[출처] 번개장터 | [분석모델] MNFD-200G | [모델근거] text_code | [원문링크] https://m.bunjang.co.kr/products/425387234
음식물처리기,미닉스 음식물처리기,미닉스 더 플렌더 PRO 가정용 음식물 처리기,거래중,"250,000원",,2026-08-23,0,4,0,36.5℃,번개장터판매자,생활가전,,[출처] 번개장터 | [분석모델] THE_PLENDER_PRO | [모델근거] text_variant | [원문링크] https://m.bunjang.co.kr/products/423347401
음식물처리기,미닉스 음식물처리기,미닉스 음식물처리기 더플렌더 mini MNFD-300G,거래중,"280,000원",광희동,2026-08-23,0,6,0,36.5℃,번개장터판매자,생활가전,서울특별시 중구 광희동,[출처] 번개장터 | [분석모델] MNFD-300G | [모델근거] text_code | [원문링크] https://m.bunjang.co.kr/products/424566390
음식물처리기,미닉스 음식물처리기,미닉스 더플렌더 프로 음식물처리기,거래중,"255,400원",용신동,2026-08-23,0,2,0,36.5℃,번개장터판매자,생활가전,서울특별시 동대문구 용신동,[출처] 번개장터 | [분석모델] THE_PLENDER_PRO | [모델근거] text_variant | [원문링크] https://m.bunjang.co.kr/products/425301955
음식물처리기,미닉스 음식물처리기,미닉스 더플랜더 맥스 음식물처리기 (최상),거래중,"310,000원",봉명2.송정동,2026-08-20,0,2,0,36.5℃,번개장터판매자,생활가전,충청북도 청주시 흥덕구 봉명2.송정동,[출처] 번개장터 | [분석모델] THE_PLENDER_MAX | [모델근거] text_variant | [원문링크] https://m.bunjang.co.kr/products/424216328
음식물처리기,미닉스 음식물처리기,미닉스 더플렌더 맥스 MAX 음식물처리기,거래중,"320,000원",이화동,2026-08-19,0,1,0,36.5℃,번개장터판매자,생활가전,서울특별시 종로구 이화동,[출처] 번개장터 | [분석모델] THE_PLENDER_MAX | [모델근거] text_variant | [원문링크] https://m.bunjang.co.kr/products/424801631
음식물처리기,미닉스 음식물처리기,미닉스 더플렌더 Max 3L 건조분쇄 음식물처리기,거래중,"330,000원",,2026-08-19,0,0,0,36.5℃,번개장터판매자,생활가전,,[출처] 번개장터 | [분석모델] THE_PLENDER_MAX | [모델근거] text_variant | [원문링크] https://m.bunjang.co.kr/products/424082798
음식물처리기,미닉스 음식물처리기,[음식물처리기] 미닉스 더 플렌더 Max 3L 음식물처리기 저소음 건조분쇄,거래중,"300,000원",,2026-08-14,0,1,0,36.5℃,번개장터판매자,생활가전,,[출처] 번개장터 | [분석모델] THE_PLENDER_MAX | [모델근거] text_variant | [원문링크] https://m.bunjang.co.kr/products/423154291
음식물처리기,미닉스 음식물처리기,[음식물처리기] 미닉스 더 플렌더 PRO 음식물 처리기 MNFD-120G,거래중,"260,000원",가산동,2026-08-14,0,34,0,36.5℃,번개장터판매자,생활가전,서울특별시 금천구 가산동,[출처] 번개장터 | [분석모델] MNFD-120G | [모델근거] text_code | [원문링크] https://m.bunjang.co.kr/products/384329556
음식물처리기,미닉스 음식물처리기,"[DDB하남,A급] 미닉스 더플렌더 Max 건조분쇄 음식물처리기 그레이지 MNFD-200G",거래중,"280,000원",,2026-08-14,0,3,0,36.5℃,번개장터판매자,생활가전,,[출처] 번개장터 | [분석모델] MNFD-200G | [모델근거] text_code | [원문링크] https://m.bunjang.co.kr/products/424202765
음식물처리기,미닉스 음식물처리기,미닉스 음식물처리기 더 플렌더 PRO MNFD-120G 2L 그레이지,거래중,"300,000원",범물2동,2026-08-10,0,2,0,36.5℃,번개장터판매자,생활가전,대구광역시 수성구 범물2동,[출처] 번개장터 | [분석모델] MNFD-120G | [모델근거] text_code | [원문링크] https://m.bunjang.co.kr/products/423371236
음식물처리기,미닉스 음식물처리기,미닉스 더 플랜더 맥스 음식물처리기,거래중,"330,000원",산동읍,2026-08-09,0,0,0,36.5℃,번개장터판매자,생활가전,경상북도 구미시 산동읍,[출처] 번개장터 | [분석모델] THE_PLENDER_MAX | [모델근거] text_variant | [원문링크] https://m.bunjang.co.kr/products/423654826
음식물처리기,미닉스 음식물처리기,미닉스 더플렌더 음식물처리기 +활성탄필터 2개,거래중,"220,000원",,2026-08-08,0,14,0,36.5℃,번개장터판매자,생활가전,,[출처] 번개장터 | [분석모델] THE_PLENDER | [모델근거] text_variant | [원문링크] https://m.bunjang.co.kr/products/389345316
음식물처리기,미닉스 음식물처리기,(새상품급)미닉스 더 플렌더 pro 음식물처리기,거래중,"280,000원",신촌동,2026-08-07,0,2,0,36.5℃,번개장터판매자,생활가전,경기도 안양시 동안구 신촌동,[출처] 번개장터 | [분석모델] THE_PLENDER_PRO | [모델근거] text_variant | [원문링크] https://m.bunjang.co.kr/products/423435378
음식물처리기,미닉스 음식물처리기,미닉스 더플렌더 Max MNFD-200G 3L 건조분쇄 음식물처리기,거래중,"360,000원",잠실7동,2026-08-07,0,0,0,36.5℃,번개장터판매자,생활가전,서울특별시 송파구 잠실7동,[출처] 번개장터 | [분석모델] MNFD-200G | [모델근거] text_code | [원문링크] https://m.bunjang.co.kr/products/423376027
음식물처리기,미닉스 음식물처리기,미닉스 더 플렌더 Basic MNFD 100G 미개봉 새상품,거래중,"330,000원",불광제2동,2026-07-31,0,0,0,36.5℃,번개장터판매자,생활가전,서울특별시 은평구 불광제2동,[출처] 번개장터 | [분석모델] MNFD100G | [모델근거] text_code | [원문링크] https://m.bunjang.co.kr/products/422507523
음식물처리기,미닉스 음식물처리기,미닉스 음식물 처리기 더플렌더 PRO,거래중,"360,000원",세류2동,2026-07-27,0,2,0,36.5℃,번개장터판매자,생활가전,경기도 수원시 권선구 세류2동,[출처] 번개장터 | [분석모델] THE_PLENDER_PRO | [모델근거] text_variant | [원문링크] https://m.bunjang.co.kr/products/422110331
음식물처리기,미닉스 음식물처리기,(새 상품)미닉스 더 플렌더 맥스 음식물처리기 3L,거래중,"450,000원",재송제2동,2026-07-03,0,0,0,36.5℃,번개장터판매자,생활가전,부산광역시 해운대구 재송제2동,[출처] 번개장터 | [분석모델] THE_PLENDER_MAX | [모델근거] text_variant | [원문링크] https://m.bunjang.co.kr/products/417674621
음식물처리기,미닉스 음식물처리기,미닉스 더플렌더 프로,예약중,"256,000원",명륜동,2026-06-28,0,3,0,36.5℃,번개장터판매자,생활가전,부산광역시 동래구 명륜동,[출처] 번개장터 | [분석모델] THE_PLENDER_PRO | [모델근거] text_variant | [원문링크] https://m.bunjang.co.kr/products/413038403
음식물처리기,미닉스 음식물처리기,미닉스 더플렌더 MAX 음식물처리기 조용한 건조분쇄형,거래중,"330,000원",가산동,2026-06-26,0,2,0,36.5℃,번개장터판매자,생활가전,서울특별시 금천구 가산동,[출처] 번개장터 | [분석모델] THE_PLENDER_MAX | [모델근거] text_variant | [원문링크] https://m.bunjang.co.kr/products/410904633
음식물처리기,미닉스 음식물처리기,미닉스 더 플랜더 MAX음식물 처리기,예약중,"250,000원",,2026-06-20,0,12,0,36.5℃,번개장터판매자,생활가전,,[출처] 번개장터 | [분석모델] THE_PLENDER_MAX | [모델근거] text_variant | [원문링크] https://m.bunjang.co.kr/products/414437931
음식물처리기,미닉스 음식물처리기,완전신품급 무료배송 미닉스 더플렌더 맥스 음식물처리기,거래중,"320,000원",비전2동,2026-06-12,0,9,0,36.5℃,번개장터판매자,생활가전,경기도 평택시 비전2동,[출처] 번개장터 | [분석모델] THE_PLENDER_MAX | [모델근거] text_variant | [원문링크] https://m.bunjang.co.kr/products/413715124
음식물처리기,미닉스 음식물처리기,미닉스 더 플렌더 맥스 음식물처리기,거래중,"370,000원",,2026-06-10,0,5,0,36.5℃,번개장터판매자,생활가전,,[출처] 번개장터 | [분석모델] THE_PLENDER_MAX | [모델근거] text_variant | [원문링크] https://m.bunjang.co.kr/products/400616791
음식물처리기,미닉스 음식물처리기,미닉스 음식물처리기,거래중,"330,000원",화정4동,2026-06-08,0,0,0,36.5℃,번개장터판매자,생활가전,광주광역시 서구 화정4동,[출처] 번개장터 | [분석모델] THE_PLENDER | [모델근거] text_variant | [원문링크] https://m.bunjang.co.kr/products/413169834
음식물처리기,미닉스 음식물처리기,(미개봉)미닉스 더 플렌더pro 음식물처리기,거래중,"340,420원",감삼동,2026-06-05,0,8,0,36.5℃,번개장터판매자,생활가전,대구광역시 달서구 감삼동,[출처] 번개장터 | [분석모델] THE_PLENDER_PRO | [모델근거] text_variant | [원문링크] https://m.bunjang.co.kr/products/412468878
음식물처리기,미닉스 음식물처리기,신품급 무료배송 미닉스 더 플렌더 음식물처리기,거래중,"310,000원",비전2동,2026-05-18,0,5,0,36.5℃,번개장터판매자,생활가전,경기도 평택시 비전2동,[출처] 번개장터 | [분석모델] THE_PLENDER | [모델근거] text_variant | [원문링크] https://m.bunjang.co.kr/products/406989213
음식물처리기,미닉스 음식물처리기,미닉스 음식물처리기,거래중,"200,000원",,2026-05-15,0,29,0,36.5℃,번개장터판매자,생활가전,,[출처] 번개장터 | [분석모델] THE_PLENDER | [모델근거] text_variant | [원문링크] https://m.bunjang.co.kr/products/408176087
음식물처리기,미닉스 음식물처리기,미닉스 더 플렌더 맥스 음식물처리기 MNFD-200G 신품급 3L 무료배,거래중,"320,000원",비전2동,2026-05-10,0,8,0,36.5℃,번개장터판매자,생활가전,경기도 평택시 비전2동,[출처] 번개장터 | [분석모델] MNFD-200G | [모델근거] text_code | [원문링크] https://m.bunjang.co.kr/products/407253736
음식물처리기,미닉스 음식물처리기,미닉스 음식물처리기,예약중,"89,000원",,2026-05-04,0,3,0,36.5℃,번개장터판매자,생활가전,,[출처] 번개장터 | [분석모델] THE_PLENDER | [모델근거] text_variant | [원문링크] https://m.bunjang.co.kr/products/405965095
음식물처리기,미닉스 음식물처리기,미닉스 더플랜더맥스 음식물처리기 팝니다,거래중,"350,000원",흥업면,2026-05-04,0,2,0,36.5℃,번개장터판매자,생활가전,강원특별자치도 원주시 흥업면,[출처] 번개장터 | [분석모델] THE_PLENDER_MAX | [모델근거] text_variant | [원문링크] https://m.bunjang.co.kr/products/405689936
음식물처리기,미닉스 음식물처리기,13)미닉스 더플렌더 Max 건조분쇄 음식물처리기 가정용 3L,예약중,"295,000원",문산읍,2026-05-03,0,3,0,36.5℃,번개장터판매자,생활가전,경기도 파주시 문산읍,[출처] 번개장터 | [분석모델] THE_PLENDER_MAX | [모델근거] text_variant | [원문링크] https://m.bunjang.co.kr/products/405001329
음식물처리기,미닉스 음식물처리기,2) 미닉스 더플렌더 Max 건조분쇄 음식물처리기 가정용 3L,예약중,"295,000원",문산읍,2026-04-27,0,2,0,36.5℃,번개장터판매자,생활가전,경기도 파주시 문산읍,[출처] 번개장터 | [분석모델] THE_PLENDER_MAX | [모델근거] text_variant | [원문링크] https://m.bunjang.co.kr/products/404332250
음식물처리기,미닉스 음식물처리기,미닉스 음식물처리기 더플랜더 맥스 MNFD-200G,예약중,"350,000원",,2026-04-21,0,3,0,36.5℃,번개장터판매자,생활가전,,[출처] 번개장터 | [분석모델] MNFD-200G | [모델근거] text_code | [원문링크] https://m.bunjang.co.kr/products/403062828
음식물처리기,미닉스 음식물처리기,미닉스 음식물처리기 더플랜더 맥스 MNFD-200G,예약중,"320,000원",,2026-04-21,0,1,0,36.5℃,번개장터판매자,생활가전,,[출처] 번개장터 | [분석모델] MNFD-200G | [모델근거] text_code | [원문링크] https://m.bunjang.co.kr/products/403060498
음식물처리기,미닉스 음식물처리기,미닉스 더 플렌더 맥스 음식물처리기,예약중,"250,000원",,2026-04-17,0,2,0,36.5℃,번개장터판매자,생활가전,,[출처] 번개장터 | [분석모델] THE_PLENDER_MAX | [모델근거] text_variant | [원문링크] https://m.bunjang.co.kr/products/402000271
음식물처리기,미닉스 음식물처리기,미닉스 더 플렌더 MAX 음식물처리기 새상품,예약중,"430,000원",잠실6동,2026-03-11,0,1,0,36.5℃,번개장터판매자,생활가전,서울특별시 송파구 잠실6동,[출처] 번개장터 | [분석모델] THE_PLENDER_MAX | [모델근거] text_variant | [원문링크] https://m.bunjang.co.kr/products/394308478
음식물처리기,미닉스 음식물처리기,미닉스 더플렌더 basic 음식물처리기,거래중,"190,000원",,2026-03-02,0,10,0,36.5℃,번개장터판매자,생활가전,,[출처] 번개장터 | [분석모델] THE_PLENDER | [모델근거] text_variant | [원문링크] https://m.bunjang.co.kr/products/367192043
음식물처리기,미닉스 음식물처리기,(새상품) 미닉스 음식물 처리기,거래중,"440,000원",,2026-02-27,0,3,0,36.5℃,번개장터판매자,생활가전,,[출처] 번개장터 | [분석모델] THE_PLENDER | [모델근거] text_variant | [원문링크] https://m.bunjang.co.kr/products/387726717
음식물처리기,미닉스 음식물처리기,미닉스 더 플렌더 음식물 처리기 판매(MNFD-100G),거래중,"240,000원",동부동,2026-02-24,0,14,0,36.5℃,번개장터판매자,생활가전,경기도 용인시 처인구 동부동,[출처] 번개장터 | [분석모델] MNFD-100G | [모델근거] text_code | [원문링크] https://m.bunjang.co.kr/products/391403543
음식물처리기,미닉스 음식물처리기,미닉스 더 플랜더 음식물처리기(내솥새거!!),거래중,"285,000원",여의동,2026-01-19,0,13,0,36.5℃,번개장터판매자,생활가전,서울특별시 영등포구 여의동,[출처] 번개장터 | [분석모델] THE_PLENDER | [모델근거] text_variant | [원문링크] https://m.bunjang.co.kr/products/379990622
음식물처리기,미닉스 음식물처리기,미닉스 음식물처리기 더 플렌더 프로 미개봉 상품 판매합니다,예약중,"340,000원",상3동,2025-12-22,0,3,0,36.5℃,번개장터판매자,생활가전,경기도 부천시 원미구 상3동,[출처] 번개장터 | [분석모델] THE_PLENDER_PRO | [모델근거] text_variant | [원문링크] https://m.bunjang.co.kr/products/375053699
음식물처리기,미닉스 음식물처리기,미닉스 더플렌더 프로 음식물 처리기(미사용 세제품),거래중,"400,000원",가양제3동,2025-11-28,0,1,0,36.5℃,번개장터판매자,생활가전,서울특별시 강서구 가양제3동,[출처] 번개장터 | [분석모델] THE_PLENDER_PRO | [모델근거] text_variant | [원문링크] https://m.bunjang.co.kr/products/372210706
음식물처리기,미닉스 음식물처리기,미닉스 더 플렌더 음식물처리기,거래중,"400,000원",,2025-11-16,0,1,0,36.5℃,번개장터판매자,생활가전,,[출처] 번개장터 | [분석모델] THE_PLENDER | [모델근거] text_variant | [원문링크] https://m.bunjang.co.kr/products/369742221
음식물처리기,미닉스 음식물처리기,미닉스 더플렌더 프로,예약중,"360,000원",삼천3동,2025-10-03,0,3,0,36.5℃,번개장터판매자,생활가전,전북특별자치도 전주시 완산구 삼천3동,[출처] 번개장터 | [분석모델] THE_PLENDER_PRO | [모델근거] text_variant | [원문링크] https://m.bunjang.co.kr/products/359142744
음식물처리기,미닉스 음식물처리기,미닉스 음식물처리기 새거,거래중,"400,000원",,2025-08-28,0,3,0,36.5℃,번개장터판매자,생활가전,,[출처] 번개장터 | [분석모델] THE_PLENDER | [모델근거] text_variant | [원문링크] https://m.bunjang.co.kr/products/352931179
음식물처리기,미닉스 음식물처리기,미닉스 음식물 처리기,거래완료,"215,000원",입장면,2026-08-26,0,0,0,36.5℃,번개장터판매자,생활가전,충청남도 천안시 서북구 입장면,[출처] 번개장터 | [분석모델] THE_PLENDER | [모델근거] text_variant | [원문링크] https://m.bunjang.co.kr/products/425612678
음식물처리기,미닉스 음식물처리기,[음식물처리기] 미닉스 더플렌더 Max 건조분쇄  그레이지 MNFD-200G 가정용-115,거래완료,"280,000원",,2026-08-20,0,0,0,36.5℃,번개장터판매자,생활가전,,[출처] 번개장터 | [분석모델] MNFD-200G | [모델근거] text_code | [원문링크] https://m.bunjang.co.kr/products/424921702
음식물처리기,미닉스 음식물처리기,[음식물처리기] 미닉스 더플렌더 Max 건조분쇄 그레이지 MNFD-200G,거래완료,"280,000원",,2026-08-19,0,0,0,36.5℃,번개장터판매자,생활가전,,[출처] 번개장터 | [분석모델] MNFD-200G | [모델근거] text_code | [원문링크] https://m.bunjang.co.kr/products/424821991
음식물처리기,미닉스 음식물처리기,미닉스 더플렌더 Max 건조분쇄 음식물처리기 그레이지 MNFD-200G,거래완료,"230,000원",,2026-08-14,0,8,0,36.5℃,번개장터판매자,생활가전,,[출처] 번개장터 | [분석모델] MNFD-200G | [모델근거] text_code | [원문링크] https://m.bunjang.co.kr/products/424210663
음식물처리기,미닉스 음식물처리기,"[DDB하남,S급] 미닉스 더플렌더 Max 건조분쇄 음식물처리기 그레이지 MNFD-200G",거래완료,"290,000원",,2026-08-13,0,0,0,36.5℃,번개장터판매자,생활가전,,[출처] 번개장터 | [분석모델] MNFD-200G | [모델근거] text_code | [원문링크] https://m.bunjang.co.kr/products/424084897
음식물처리기,미닉스 음식물처리기,미닉스 음식물 처리기,거래완료,"220,000원",,2026-08-13,0,4,0,36.5℃,번개장터판매자,생활가전,,[출처] 번개장터 | [분석모델] THE_PLENDER | [모델근거] text_variant | [원문링크] https://m.bunjang.co.kr/products/423853450
음식물처리기,미닉스 음식물처리기,미닉스 더플렌더 Max 건조분쇄 음식물처리기 그레이지 MNFD-200G,거래완료,"300,000원",,2026-08-05,0,2,0,36.5℃,번개장터판매자,생활가전,,[출처] 번개장터 | [분석모델] MNFD-200G | [모델근거] text_code | [원문링크] https://m.bunjang.co.kr/products/422833841
음식물처리기,미닉스 음식물처리기,미닉스 더플렌더 Max 건조분쇄 음식물처리기 가정용,거래완료,"300,000원",,2026-08-03,0,1,0,36.5℃,번개장터판매자,생활가전,,[출처] 번개장터 | [분석모델] THE_PLENDER_MAX | [모델근거] text_variant | [원문링크] https://m.bunjang.co.kr/products/422152995
음식물처리기,미닉스 음식물처리기,미닉스 더 플렌더 맥스 음식물처리기 그레이지,거래완료,"250,000원",,2026-07-29,0,1,0,36.5℃,번개장터판매자,생활가전,,[출처] 번개장터 | [분석모델] THE_PLENDER_MAX | [모델근거] text_variant | [원문링크] https://m.bunjang.co.kr/products/422287375
음식물처리기,미닉스 음식물처리기,미닉스 더 플렌더 PRO 음식물 처리기 가정용,거래완료,"250,000원",,2026-07-28,0,1,0,36.5℃,번개장터판매자,생활가전,,[출처] 번개장터 | [분석모델] THE_PLENDER_PRO | [모델근거] text_variant | [원문링크] https://m.bunjang.co.kr/products/422152890
음식물처리기,미닉스 음식물처리기,미닉스 음식물 처리기,거래완료,"90,000원",반포1동,2026-07-24,0,0,0,36.5℃,번개장터판매자,생활가전,서울특별시 서초구 반포1동,[출처] 번개장터 | [분석모델] THE_PLENDER | [모델근거] text_variant | [원문링크] https://m.bunjang.co.kr/products/421741288
음식물처리기,미닉스 음식물처리기,[음식물처리기] 미닉스 더 플렌더 PRO MNFD-120G 그레이지 판매합니다.,거래완료,"250,000원",등촌제1동,2026-07-23,0,0,0,36.5℃,번개장터판매자,생활가전,서울특별시 강서구 등촌제1동,[출처] 번개장터 | [분석모델] MNFD-120G | [모델근거] text_code | [원문링크] https://m.bunjang.co.kr/products/421584821
음식물처리기,미닉스 음식물처리기,음식물처리기 미닉스 더플렌더 max 3L 미개봉 새상품,거래완료,"400,000원",석수2동,2026-07-23,0,3,0,36.5℃,번개장터판매자,생활가전,경기도 안양시 만안구 석수2동,[출처] 번개장터 | [분석모델] THE_PLENDER_MAX | [모델근거] text_variant | [원문링크] https://m.bunjang.co.kr/products/419226357
음식물처리기,미닉스 음식물처리기,미닉스 더플렌더 PRO 음식물처리기 MNFD-120G,거래완료,"300,000원",,2026-07-22,0,4,0,36.5℃,번개장터판매자,생활가전,,[출처] 번개장터 | [분석모델] MNFD-120G | [모델근거] text_code | [원문링크] https://m.bunjang.co.kr/products/413450511
음식물처리기,미닉스 음식물처리기,미닉스 더 플렌더 PRO 음식물 처리기 가정용 MNFD-120G,거래완료,"240,000원",,2026-07-20,0,6,0,36.5℃,번개장터판매자,생활가전,,[출처] 번개장터 | [분석모델] MNFD-120G | [모델근거] text_code | [원문링크] https://m.bunjang.co.kr/products/421124405
음식물처리기,미닉스 음식물처리기,미닉스 더플렌더 Max 건조분쇄 음식물처리기 그레이지 MNFD-200G,거래완료,"240,000원",,2026-07-12,0,0,0,36.5℃,번개장터판매자,생활가전,,[출처] 번개장터 | [분석모델] MNFD-200G | [모델근거] text_code | [원문링크] https://m.bunjang.co.kr/products/419397548
음식물처리기,미닉스 음식물처리기,[음식물처리기] 미닉스 더플렌더 Max 건조분쇄 MNFD-200G,거래완료,"330,000원",,2026-07-10,0,2,0,36.5℃,번개장터판매자,생활가전,,[출처] 번개장터 | [분석모델] MNFD-200G | [모델근거] text_code | [원문링크] https://m.bunjang.co.kr/products/419029199
음식물처리기,미닉스 음식물처리기,"[DDB하남,A급] 미닉스 더 플렌더 맥스 MAX MNFD-200G",거래완료,"280,000원",,2026-07-10,0,1,0,36.5℃,번개장터판매자,생활가전,,[출처] 번개장터 | [분석모델] MNFD-200G | [모델근거] text_code | [원문링크] https://m.bunjang.co.kr/products/418979151
음식물처리기,미닉스 음식물처리기,"[DDB하남,S급] 미닉스 더 플렌더 맥스 MAX MNFD-200G",거래완료,"310,000원",,2026-07-05,0,1,0,36.5℃,번개장터판매자,생활가전,,[출처] 번개장터 | [분석모델] MNFD-200G | [모델근거] text_code | [원문링크] https://m.bunjang.co.kr/products/418153284
음식물처리기,미닉스 음식물처리기,"[DDB하남,A급] 미닉스 더 플렌더 맥스 MAX MNFD-200G",거래완료,"280,000원",,2026-07-05,0,2,0,36.5℃,번개장터판매자,생활가전,,[출처] 번개장터 | [분석모델] MNFD-200G | [모델근거] text_code | [원문링크] https://m.bunjang.co.kr/products/418152501
음식물처리기,미닉스 음식물처리기,미닉스 더플랜더 프로 MNFD-120G 음식물처리기,거래완료,"280,000원",,2026-07-03,0,2,0,36.5℃,번개장터판매자,생활가전,,[출처] 번개장터 | [분석모델] MNFD-120G | [모델근거] text_code | [원문링크] https://m.bunjang.co.kr/products/417636465
음식물처리기,미닉스 음식물처리기,미닉스 음식물처리기,거래완료,"90,000원",,2026-07-02,0,3,0,36.5℃,번개장터판매자,생활가전,,[출처] 번개장터 | [분석모델] THE_PLENDER | [모델근거] text_variant | [원문링크] https://m.bunjang.co.kr/products/417198274
음식물처리기,미닉스 음식물처리기,미닉스 음식물처리기 더플랜더 맥스 MNFD-200G,거래완료,"300,000원",,2026-07-01,0,3,0,36.5℃,번개장터판매자,생활가전,,[출처] 번개장터 | [분석모델] MNFD-200G | [모델근거] text_code | [원문링크] https://m.bunjang.co.kr/products/414883605
음식물처리기,미닉스 음식물처리기,미닉스 음식물처리기 더플랜더 맥스 MNFD-200G,거래완료,"330,000원",,2026-06-27,0,2,0,36.5℃,번개장터판매자,생활가전,,[출처] 번개장터 | [분석모델] MNFD-200G | [모델근거] text_code | [원문링크] https://m.bunjang.co.kr/products/414279947
음식물처리기,미닉스 음식물처리기,미닉스 더플렌더 MAX 건조분쇄 음식물처리기 3L,거래완료,"320,000원",,2026-06-26,0,0,0,36.5℃,번개장터판매자,생활가전,,[출처] 번개장터 | [분석모델] THE_PLENDER_MAX | [모델근거] text_variant | [원문링크] https://m.bunjang.co.kr/products/416294300
음식물처리기,미닉스 음식물처리기,미닉스 플랜더 맥스 MNFD-200G  음식물처리기,거래완료,"280,000원",봉담읍,2026-06-25,0,5,0,36.5℃,번개장터판매자,생활가전,경기도 화성시 효행구 봉담읍,[출처] 번개장터 | [분석모델] MNFD-200G | [모델근거] text_code | [원문링크] https://m.bunjang.co.kr/products/415573601
음식물처리기,미닉스 음식물처리기,"[DDB하남,A급] 미닉스 더플렌더MAX 음식물 처리기 MNFD-200G",거래완료,"280,000원",,2026-06-23,0,3,0,36.5℃,번개장터판매자,생활가전,,[출처] 번개장터 | [분석모델] MNFD-200G | [모델근거] text_code | [원문링크] https://m.bunjang.co.kr/products/415599288
음식물처리기,미닉스 음식물처리기,"[DDB하남,B급] 미닉스 더플렌더MAX 음식물 처리기 MNFD-200G",거래완료,"220,000원",,2026-06-22,0,0,0,36.5℃,번개장터판매자,생활가전,,[출처] 번개장터 | [분석모델] MNFD-200G | [모델근거] text_code | [원문링크] https://m.bunjang.co.kr/products/415606129
음식물처리기,미닉스 음식물처리기,미닉스 더플랜더 맥스 MNFD-200G 음식물처리기,거래완료,"320,000원",,2026-06-21,0,1,0,36.5℃,번개장터판매자,생활가전,,[출처] 번개장터 | [분석모델] MNFD-200G | [모델근거] text_code | [원문링크] https://m.bunjang.co.kr/products/414907843
음식물처리기,미닉스 음식물처리기,미닉스 프로 음식물 처리기 보관통 증정,거래완료,"210,000원",성건동,2026-06-18,0,5,0,36.5℃,번개장터판매자,생활가전,경상북도 경주시 성건동,[출처] 번개장터 | [분석모델] THE_PLENDER | [모델근거] text_variant | [원문링크] https://m.bunjang.co.kr/products/414653610
음식물처리기,미닉스 음식물처리기,미닉스 더 플렌더 맥스 음식물처리기,거래완료,"250,000원",,2026-06-15,0,5,0,36.5℃,번개장터판매자,생활가전,,[출처] 번개장터 | [분석모델] THE_PLENDER_MAX | [모델근거] text_variant | [원문링크] https://m.bunjang.co.kr/products/413731569
음식물처리기,미닉스 음식물처리기,새 상품급 미닉스 더플렌더 Max 건조분쇄 음식물처리기 가정용,거래완료,"340,000원",비전1동,2026-06-14,0,0,0,36.5℃,번개장터판매자,생활가전,경기도 평택시 비전1동,[출처] 번개장터 | [분석모델] THE_PLENDER_MAX | [모델근거] text_variant | [원문링크] https://m.bunjang.co.kr/products/414093551
음식물처리기,미닉스 음식물처리기,(미개봉 상품) 미닉스 더 플렌더 맥스 3L 음식물 처리기 판매,거래완료,"389,800원",,2026-06-11,0,2,0,36.5℃,번개장터판매자,생활가전,,[출처] 번개장터 | [분석모델] THE_PLENDER_MAX | [모델근거] text_variant | [원문링크] https://m.bunjang.co.kr/products/412804817
음식물처리기,미닉스 음식물처리기,(새상품)미닉스 minix 음식물처리기 더 플렌더 미니 mini,거래완료,"250,000원",,2026-06-10,0,0,0,36.5℃,번개장터판매자,생활가전,,[출처] 번개장터 | [분석모델] THE_PLENDER | [모델근거] text_variant | [원문링크] https://m.bunjang.co.kr/products/413480400
음식물처리기,미닉스 음식물처리기,미닉스 음식물처리기 MNFD-200G 그레이지 3리터,거래완료,"200,000원",안중읍,2026-06-07,0,0,0,36.5℃,번개장터판매자,생활가전,경기도 평택시 안중읍,[출처] 번개장터 | [분석모델] MNFD-200G | [모델근거] text_code | [원문링크] https://m.bunjang.co.kr/products/413070920
음식물처리기,미닉스 음식물처리기,"[DDB하남,S급] 미닉스 더플렌더 PRO 음식물처리기 MNFD-120G",거래완료,"270,000원",,2026-06-07,0,4,0,36.5℃,번개장터판매자,생활가전,,[출처] 번개장터 | [분석모델] MNFD-120G | [모델근거] text_code | [원문링크] https://m.bunjang.co.kr/products/410864678
음식물처리기,미닉스 음식물처리기,미닉스 더플렌더 Max 건조분쇄 음식물처리기 (최상),거래완료,"300,000원",봉명2.송정동,2026-05-31,0,1,0,36.5℃,번개장터판매자,생활가전,충청북도 청주시 흥덕구 봉명2.송정동,[출처] 번개장터 | [분석모델] THE_PLENDER_MAX | [모델근거] text_variant | [원문링크] https://m.bunjang.co.kr/products/411495253
음식물처리기,미닉스 음식물처리기,미닉스 더플렌더 Max 음식물처리기(최상),거래완료,"300,000원",봉명2.송정동,2026-05-31,0,0,0,36.5℃,번개장터판매자,생활가전,충청북도 청주시 흥덕구 봉명2.송정동,[출처] 번개장터 | [분석모델] THE_PLENDER_MAX | [모델근거] text_variant | [원문링크] https://m.bunjang.co.kr/products/411480962
음식물처리기,미닉스 음식물처리기,[미닉스] 더 플렌더 PRO 조용한 자동 음식물처리기 그레이지,거래완료,"270,000원",가산동,2026-05-29,0,3,0,36.5℃,번개장터판매자,생활가전,서울특별시 금천구 가산동,[출처] 번개장터 | [분석모델] THE_PLENDER_PRO | [모델근거] text_variant | [원문링크] https://m.bunjang.co.kr/products/410904104
음식물처리기,미닉스 음식물처리기,미닉스 더플렌더 PRO 음식물처리기 MNFD-120G,거래완료,"270,000원",비전2동,2026-05-28,0,6,0,36.5℃,번개장터판매자,생활가전,경기도 평택시 비전2동,[출처] 번개장터 | [분석모델] MNFD-120G | [모델근거] text_code | [원문링크] https://m.bunjang.co.kr/products/410792783
음식물처리기,미닉스 음식물처리기,미닉스 더 플랜더 프로 음식물처리기(2L),거래완료,"320,000원",,2026-05-22,0,2,0,36.5℃,번개장터판매자,생활가전,,[출처] 번개장터 | [분석모델] THE_PLENDER_PRO | [모델근거] text_variant | [원문링크] https://m.bunjang.co.kr/products/408678380
음식물처리기,미닉스 음식물처리기,미닉스 더 플렌더 음식물처리기,거래완료,"170,000원",봉평면,2026-05-18,0,15,0,36.5℃,번개장터판매자,생활가전,강원특별자치도 평창군 봉평면,[출처] 번개장터 | [분석모델] THE_PLENDER | [모델근거] text_variant | [원문링크] https://m.bunjang.co.kr/products/376565833
음식물처리기,미닉스 음식물처리기,미닉스 더플랜더 맥스 MNFD-200G 음식물처리기,거래완료,"340,000원",,2026-05-07,0,0,0,36.5℃,번개장터판매자,생활가전,,[출처] 번개장터 | [분석모델] MNFD-200G | [모델근거] text_code | [원문링크] https://m.bunjang.co.kr/products/406499041
음식물처리기,미닉스 음식물처리기,미닉스 더 플렌더 맥스 건조 분쇄 음식물 처리기 그레이지 MNFD 200,거래완료,"330,000원",비전1동,2026-04-19,0,8,0,36.5℃,번개장터판매자,생활가전,경기도 평택시 비전1동,[출처] 번개장터 | [분석모델] MNFD200 | [모델근거] text_code | [원문링크] https://m.bunjang.co.kr/products/400841288
마사지기,풀리오 마사지 기기,풀리오 종아리 마사지기 V2,거래중,"80,000원",웅천동,2026-08-27,0,1,0,36.5℃,번개장터판매자,생활가전,경상남도 창원시 진해구 웅천동,[출처] 번개장터 | [분석모델] CALF_V2 | [모델근거] text_variant | [원문링크] https://m.bunjang.co.kr/products/425482217
마사지기,풀리오 마사지 기기,풀리오 허벅지마사지기,거래중,"130,000원",덕천제1동,2026-08-27,0,0,0,36.5℃,번개장터판매자,생활가전,부산광역시 북구 덕천제1동,[출처] 번개장터 | [분석모델] THIGH_FULLIGE | [모델근거] text_variant | [원문링크] https://m.bunjang.co.kr/products/426152412
마사지기,풀리오 마사지 기기,풀리오 V2 목어깨마사지기 풀박스,거래중,"40,000원",,2026-08-27,0,0,0,36.5℃,번개장터판매자,생활가전,,[출처] 번개장터 | [분석모델] NECK_SHOULDER_V2 | [모델근거] text_variant | [원문링크] https://m.bunjang.co.kr/products/425393187
마사지기,풀리오 마사지 기기,풀리오 스킨핏 손목 EMS 밴드,거래중,"50,000원",,2026-08-27,0,0,0,36.5℃,번개장터판매자,생활가전,,[출처] 번개장터 | [분석모델] HAND_WRIST | [모델근거] text_variant | [원문링크] https://m.bunjang.co.kr/products/425567718
마사지기,풀리오 마사지 기기,풀리오 (pulio) 마사지기 판매합니다,거래중,"140,000원",,2026-08-26,0,0,0,36.5℃,번개장터판매자,생활가전,,[출처] 번개장터 | [분석모델] 제품군 공통 | [모델근거] product_group | [원문링크] https://m.bunjang.co.kr/products/425831012
마사지기,풀리오 마사지 기기,풀리오 목어깨 마사지기 N001,거래중,"90,000원",목4동,2026-08-26,0,1,0,36.5℃,번개장터판매자,생활가전,서울특별시 양천구 목4동,[출처] 번개장터 | [분석모델] N001 | [모델근거] text_code | [원문링크] https://m.bunjang.co.kr/products/351752723
마사지기,풀리오 마사지 기기,Pulio 풀리오 목어깨 마사지기 V2 퍼플,거래중,"95,000원",화정3동,2026-08-26,0,2,0,36.5℃,번개장터판매자,생활가전,광주광역시 서구 화정3동,[출처] 번개장터 | [분석모델] NECK_SHOULDER_V2 | [모델근거] text_variant | [원문링크] https://m.bunjang.co.kr/products/399720983
마사지기,풀리오 마사지 기기,풀리오 종아리 마사지기 퍼플 득템 고고,거래중,"45,000원",야탑1동,2026-08-25,0,3,0,36.5℃,번개장터판매자,생활가전,경기도 성남시 분당구 야탑1동,[출처] 번개장터 | [분석모델] CALF | [모델근거] text_variant | [원문링크] https://m.bunjang.co.kr/products/425578575
마사지기,풀리오 마사지 기기,풀리오 백풀러 V3 허리 마사지기,거래중,"70,000원",,2026-08-25,0,5,0,36.5℃,번개장터판매자,생활가전,,[출처] 번개장터 | [분석모델] BACK_PULLER | [모델근거] text_variant | [원문링크] https://m.bunjang.co.kr/products/418339960
마사지기,풀리오 마사지 기기,풀리오 허벅지마사지기,거래중,"155,000원",,2026-08-25,0,1,0,36.5℃,번개장터판매자,생활가전,,[출처] 번개장터 | [분석모델] THIGH_FULLIGE | [모델근거] text_variant | [원문링크] https://m.bunjang.co.kr/products/425570933
마사지기,풀리오 마사지 기기,풀리오 목어깨마사지기v3,거래중,"99,000원",송정동,2026-08-25,0,1,0,36.5℃,번개장터판매자,생활가전,경상북도 구미시 송정동,[출처] 번개장터 | [분석모델] NECK_SHOULDER_V3 | [모델근거] text_variant | [원문링크] https://m.bunjang.co.kr/products/423634850
마사지기,풀리오 마사지 기기,[새상품]풀리오 목 어깨 마사지기 N003 무선 탭탭 온열마시지기,거래중,"68,000원",,2026-08-25,0,5,0,36.5℃,번개장터판매자,생활가전,,[출처] 번개장터 | [분석모델] N003 | [모델근거] text_code | [원문링크] https://m.bunjang.co.kr/products/422181114
마사지기,풀리오 마사지 기기,풀리오 목 어깨 마사지기 V2,거래중,"65,000원",,2026-08-25,0,0,0,36.5℃,번개장터판매자,생활가전,,[출처] 번개장터 | [분석모델] NECK_SHOULDER_V2 | [모델근거] text_variant | [원문링크] https://m.bunjang.co.kr/products/424635894
마사지기,풀리오 마사지 기기,풀리오 머리 마사지기,거래중,"40,000원",,2026-08-24,0,5,0,36.5℃,번개장터판매자,생활가전,,[출처] 번개장터 | [분석모델] 제품군 공통 | [모델근거] product_group | [원문설명] 풀리오 머리 마사지기 판매합니다. 충전식이라 간편하게 사용 가능합니다. 머리 전체를 감싸주어 시원하게 마사지 받을 수 있습니다. 별도 문의 없으시면 바로 안전결제 부탁드려요! | [원문링크] https://m.bunjang.co.kr/products/381418970
마사지기,풀리오 마사지 기기,풀리오 목어깨 마사지기 풀박스,거래중,"42,000원",운정6동,2026-08-24,0,5,0,36.5℃,번개장터판매자,생활가전,경기도 파주시 운정6동,[출처] 번개장터 | [분석모델] NECK_SHOULDER | [모델근거] text_variant | [원문링크] https://m.bunjang.co.kr/products/421961038
마사지기,풀리오 마사지 기기,풀리오 목어깨 마사지기 V2 새상품,거래중,"90,000원",,2026-08-23,0,1,0,36.5℃,번개장터판매자,생활가전,,[출처] 번개장터 | [분석모델] NECK_SHOULDER_V2 | [모델근거] text_variant | [원문링크] https://m.bunjang.co.kr/products/408551324
마사지기,풀리오 마사지 기기,풀리오 허벅지 마사지기 L사이즈,거래중,"45,000원",,2026-08-23,0,10,0,36.5℃,번개장터판매자,생활가전,,[출처] 번개장터 | [분석모델] THIGH_FULLIGE | [모델근거] text_variant | [원문링크] https://m.bunjang.co.kr/products/407005290
마사지기,풀리오 마사지 기기,풀리오 손 손목 마사지기,거래중,"63,000원",,2026-08-23,0,9,0,36.5℃,번개장터판매자,생활가전,,[출처] 번개장터 | [분석모델] NECK_SHOULDER | [모델근거] text_variant | [원문링크] https://m.bunjang.co.kr/products/420430511
마사지기,풀리오 마사지 기기,풀리오 목어깨마사지기 V2,거래중,"90,000원",,2026-08-23,0,4,0,36.5℃,번개장터판매자,생활가전,,[출처] 번개장터 | [분석모델] NECK_SHOULDER_V2 | [모델근거] text_variant | [원문링크] https://m.bunjang.co.kr/products/347647663
마사지기,풀리오 마사지 기기,풀리오 풀리오 풀리션 오픈토 부츠  종아리 발마사지기,거래중,"126,000원",송파1동,2026-08-22,0,1,0,36.5℃,번개장터판매자,생활가전,서울특별시 송파구 송파1동,[출처] 번개장터 | [분석모델] CALF | [모델근거] text_variant | [원문링크] https://m.bunjang.co.kr/products/424758582
마사지기,풀리오 마사지 기기,미개봉)풀리오 넥풀러 목 어깨 마사지기,거래중,"355,000원",,2026-08-22,0,0,0,36.5℃,번개장터판매자,생활가전,,[출처] 번개장터 | [분석모델] NECK_PULLER | [모델근거] text_variant | [원문링크] https://m.bunjang.co.kr/products/412794511
마사지기,풀리오 마사지 기기,풀리오 V1 목어깨 마사지기 퍼플,거래중,"32,000원",,2026-08-22,0,0,0,36.5℃,번개장터판매자,생활가전,,[출처] 번개장터 | [분석모델] NECK_SHOULDER_V1 | [모델근거] text_variant | [원문링크] https://m.bunjang.co.kr/products/425125720
마사지기,풀리오 마사지 기기,풀리오 목어깨 마사지기 미개봉 새상품,거래중,"75,000원",,2026-08-22,0,6,0,36.5℃,번개장터판매자,생활가전,,[출처] 번개장터 | [분석모델] NECK_SHOULDER | [모델근거] text_variant | [원문링크] https://m.bunjang.co.kr/products/418683268
마사지기,풀리오 마사지 기기,풀리오 다리 마사지기,거래중,"72,000원",,2026-08-21,0,0,0,36.5℃,번개장터판매자,생활가전,,[출처] 번개장터 | [분석모델] CALF | [모델근거] text_variant | [원문링크] https://m.bunjang.co.kr/products/425076684
마사지기,풀리오 마사지 기기,Pulio 에어괄사 마사지기 풀세트,거래중,"95,000원",,2026-08-21,0,0,0,36.5℃,번개장터판매자,생활가전,,[출처] 번개장터 | [분석모델] AIR_GUASHA | [모델근거] text_variant | [원문링크] https://m.bunjang.co.kr/products/352531560
마사지기,풀리오 마사지 기기,풀리오 마사지기 판매,거래중,"60,000원",응암제1동,2026-08-20,0,2,0,36.5℃,번개장터판매자,생활가전,서울특별시 은평구 응암제1동,[출처] 번개장터 | [분석모델] 제품군 공통 | [모델근거] product_group | [원문링크] https://m.bunjang.co.kr/products/424972161
마사지기,풀리오 마사지 기기,풀리오 목 마사지기,거래중,"65,000원",,2026-08-20,0,0,0,36.5℃,번개장터판매자,생활가전,,[출처] 번개장터 | [분석모델] NECK_SHOULDER | [모델근거] text_variant | [원문링크] https://m.bunjang.co.kr/products/337944442
마사지기,풀리오 마사지 기기,풀리오 종아리 마사지기,거래중,"60,000원",가정1동,2026-08-18,0,8,0,36.5℃,번개장터판매자,생활가전,인천광역시 서해구 가정1동,[출처] 번개장터 | [분석모델] CALF | [모델근거] text_variant | [원문링크] https://m.bunjang.co.kr/products/424731256
마사지기,풀리오 마사지 기기,휴대용 목 어깨 마사지기 화이트 퍼플 풀리오 v2,거래중,"61,560원",,2026-08-18,0,0,0,36.5℃,번개장터판매자,생활가전,,[출처] 번개장터 | [분석모델] NECK_SHOULDER_V2 | [모델근거] text_variant | [원문링크] https://m.bunjang.co.kr/products/422211260
마사지기,풀리오 마사지 기기,풀리오 마사지기 블랙 v3버전 판매,거래중,"120,000원",나성동,2026-08-18,0,0,0,36.5℃,번개장터판매자,생활가전,세종특별자치시  나성동,[출처] 번개장터 | [분석모델] 제품군 공통 | [모델근거] product_group | [원문설명] 풀리오 마사지기 블랙 V3 버전 판매합니다 박스는 없고 사용횟수 5회미만 너무 아파서 판매합니다 ..! | [원문링크] https://m.bunjang.co.kr/products/424723584
마사지기,풀리오 마사지 기기,풀리오 목 어깨 마사지기,거래중,"75,000원",,2026-08-18,0,6,0,36.5℃,번개장터판매자,생활가전,,[출처] 번개장터 | [분석모델] NECK_SHOULDER | [모델근거] text_variant | [원문링크] https://m.bunjang.co.kr/products/411876470
마사지기,풀리오 마사지 기기,풀리오 두피마사지기 +충전선+설명서,거래중,"53,000원",효목1동,2026-08-17,0,1,0,36.5℃,번개장터판매자,생활가전,대구광역시 동구 효목1동,"[출처] 번개장터 | [분석모델] 제품군 공통 | [모델근거] product_group | [원문설명] 풀리오 두피 마사지기 풀 구성품 입니다. 거의 새 상품처럼 깨끗하게 보관했습니다. 두피 건강과 힐링을 위해 사용하기 좋아요. 구매 원하시면 바로 안전결제 해주시면 됩니다! 풀리오 두피마사지기 보라색상이에요.올해4월구매제품입니다. 구성품은 (본체, 충전 케이블, 설명서, 보관 파우치)모두 포함되어 있어요 두피시원하게 풀어주고 싶으신 분들께 추천드려요 교환환불안되니 신중구매부탁드립니다.사용횟수는 10회도 안되요. | [원문링크] https://m.bunjang.co.kr/products/424630432"
마사지기,풀리오 마사지 기기,풀리오 종아리 마사지기 V3 P005 풀박스 5회 미만 사용,거래중,"120,000원",,2026-08-17,0,1,0,36.5℃,번개장터판매자,생활가전,,[출처] 번개장터 | [분석모델] CALF_V3 | [모델근거] text_variant | [원문링크] https://m.bunjang.co.kr/products/423852649
마사지기,풀리오 마사지 기기,풀리오 목어깨 마사지기 V1 퍼플 판매합니다.,거래중,"29,000원",,2026-08-17,0,1,0,36.5℃,번개장터판매자,생활가전,,[출처] 번개장터 | [분석모델] NECK_SHOULDER_V1 | [모델근거] text_variant | [원문링크] https://m.bunjang.co.kr/products/424575175
마사지기,풀리오 마사지 기기,풀리오 종아리 마사지기 판매합니다.,거래중,"73,000원",,2026-08-17,0,1,0,36.5℃,번개장터판매자,생활가전,,[출처] 번개장터 | [분석모델] CALF | [모델근거] text_variant | [원문링크] https://m.bunjang.co.kr/products/424557937
마사지기,풀리오 마사지 기기,풀리오 종아리 마사지기 블랙 한정판,거래중,"72,000원",,2026-08-17,0,5,0,36.5℃,번개장터판매자,생활가전,,[출처] 번개장터 | [분석모델] CALF | [모델근거] text_variant | [원문링크] https://m.bunjang.co.kr/products/421262604
마사지기,풀리오 마사지 기기,풀리오 허리 마사지기 백풀러,거래중,"83,000원",상계1동,2026-08-16,0,2,0,36.5℃,번개장터판매자,생활가전,서울특별시 노원구 상계1동,[출처] 번개장터 | [분석모델] BACK_PULLER | [모델근거] text_variant | [원문링크] https://m.bunjang.co.kr/products/424132009
마사지기,풀리오 마사지 기기,풀리오 다리 마사지기,거래중,"75,000원",,2026-08-15,0,1,0,36.5℃,번개장터판매자,생활가전,,[출처] 번개장터 | [분석모델] CALF | [모델근거] text_variant | [원문링크] https://m.bunjang.co.kr/products/424328578
마사지기,풀리오 마사지 기기,[가격내림]풀리오 목어깨 마사지기 풀박스,거래중,"45,000원",,2026-08-15,0,13,0,36.5℃,번개장터판매자,생활가전,,[출처] 번개장터 | [분석모델] NECK_SHOULDER | [모델근거] text_variant | [원문링크] https://m.bunjang.co.kr/products/358150203
마사지기,풀리오 마사지 기기,거의새것) 풀리오 V2 목 어깨 마사지기 퍼플,거래중,"79,000원",,2026-08-14,0,0,0,36.5℃,번개장터판매자,생활가전,,[출처] 번개장터 | [분석모델] NECK_SHOULDER_V2 | [모델근거] text_variant | [원문링크] https://m.bunjang.co.kr/products/424228344
마사지기,풀리오 마사지 기기,풀리오(Pulio) 목 어깨 마사지기,거래중,"30,000원",장항2동,2026-08-14,0,6,0,36.5℃,번개장터판매자,생활가전,경기도 고양시 일산동구 장항2동,[출처] 번개장터 | [분석모델] NECK_SHOULDER | [모델근거] text_variant | [원문링크] https://m.bunjang.co.kr/products/423471281
마사지기,풀리오 마사지 기기,거의새것) 풀리오 V2 목 어깨 마사지기 퍼플,거래중,"79,000원",,2026-08-14,0,0,0,36.5℃,번개장터판매자,생활가전,,[출처] 번개장터 | [분석모델] NECK_SHOULDER_V2 | [모델근거] text_variant | [원문링크] https://m.bunjang.co.kr/products/424227243
마사지기,풀리오 마사지 기기,풀리오 종아리 마사지기,거래중,"65,000원",,2026-08-12,0,15,0,36.5℃,번개장터판매자,생활가전,,[출처] 번개장터 | [분석모델] CALF | [모델근거] text_variant | [원문링크] https://m.bunjang.co.kr/products/310369659
마사지기,풀리오 마사지 기기,풀리오 목 마사지기 퍼플 + 박스 포함,거래중,"50,000원",,2026-08-11,0,6,0,36.5℃,번개장터판매자,생활가전,,[출처] 번개장터 | [분석모델] NECK_SHOULDER | [모델근거] text_variant | [원문링크] https://m.bunjang.co.kr/products/423004644
마사지기,풀리오 마사지 기기,풀리오 종아리 마사지기,예약중,"48,000원",,2026-08-10,0,0,0,36.5℃,번개장터판매자,생활가전,,[출처] 번개장터 | [분석모델] CALF | [모델근거] text_variant | [원문링크] https://m.bunjang.co.kr/products/423725078
마사지기,풀리오 마사지 기기,풀리오 백풀러 허리 마사지기 HL001 상태좋음 / 보호씰,거래중,"79,577원",,2026-08-10,0,0,0,36.5℃,번개장터판매자,생활가전,,[출처] 번개장터 | [분석모델] HL001 | [모델근거] text_code | [원문링크] https://m.bunjang.co.kr/products/423713808
마사지기,풀리오 마사지 기기,풀리오 허리마사지기,예약중,"50,000원",,2026-08-09,0,0,0,36.5℃,번개장터판매자,생활가전,,[출처] 번개장터 | [분석모델] WAIST_BACK | [모델근거] text_variant | [원문링크] https://m.bunjang.co.kr/products/423676405
마사지기,풀리오 마사지 기기,풀리오 종아리 마사지기,거래중,"139,000원",,2026-08-06,0,16,0,36.5℃,번개장터판매자,생활가전,,[출처] 번개장터 | [분석모델] CALF | [모델근거] text_variant | [원문설명] 2.6리터 에어펌프 정품 o 미개봉o 새상품o 무료배송o | [원문링크] https://m.bunjang.co.kr/products/233476318
마사지기,풀리오 마사지 기기,풀리오 목어깨마사지기,예약중,"50,000원",대청동,2026-08-05,0,0,0,36.5℃,번개장터판매자,생활가전,부산광역시 중구 대청동,[출처] 번개장터 | [분석모델] NECK_SHOULDER | [모델근거] text_variant | [원문링크] https://m.bunjang.co.kr/products/423036790
마사지기,풀리오 마사지 기기,풀리오 목 어깨 마사지기 N002,거래중,"68,000원",아주동,2026-08-04,0,1,0,36.5℃,번개장터판매자,생활가전,경상남도 거제시 아주동,[출처] 번개장터 | [분석모델] N002 | [모델근거] text_code | [원문링크] https://m.bunjang.co.kr/products/422498349
마사지기,풀리오 마사지 기기,풀리오 목 어깨 마사지기  V2,거래중,"45,000원",,2026-08-03,0,1,0,36.5℃,번개장터판매자,생활가전,,[출처] 번개장터 | [분석모델] NECK_SHOULDER_V2 | [모델근거] text_variant | [원문링크] https://m.bunjang.co.kr/products/361087530
마사지기,풀리오 마사지 기기,풀리오 목어깨 라이트 마사지기,거래중,"90,000원",,2026-08-03,0,0,0,36.5℃,번개장터판매자,생활가전,,[출처] 번개장터 | [분석모델] NECK_SHOULDER | [모델근거] text_variant | [원문링크] https://m.bunjang.co.kr/products/422123125
마사지기,풀리오 마사지 기기,풀리오 넥풀러 목 어깨 마사지기,거래중,"290,000원",매탄1동,2026-08-02,0,0,0,36.5℃,번개장터판매자,생활가전,경기도 수원시 영통구 매탄1동,[출처] 번개장터 | [분석모델] NECK_PULLER | [모델근거] text_variant | [원문링크] https://m.bunjang.co.kr/products/422679058
마사지기,풀리오 마사지 기기,풀리오 종아리 마사지기 V2,거래중,"65,000원",,2026-08-02,0,1,0,36.5℃,번개장터판매자,생활가전,,[출처] 번개장터 | [분석모델] CALF_V2 | [모델근거] text_variant | [원문링크] https://m.bunjang.co.kr/products/422713387
마사지기,풀리오 마사지 기기,풀리오 신작 풀리오 허벅지 종아리 마사지기 앤모드 프로 교환,거래중,"150,000원",,2026-08-01,0,7,0,36.5℃,번개장터판매자,생활가전,,[출처] 번개장터 | [분석모델] THIGH_FULLIGE | [모델근거] text_variant | [원문링크] https://m.bunjang.co.kr/products/422692219
마사지기,풀리오 마사지 기기,풀리오 백풀러 마사지기,거래중,"60,000원",,2026-08-01,0,0,0,36.5℃,번개장터판매자,생활가전,,[출처] 번개장터 | [분석모델] BACK_PULLER | [모델근거] text_variant | [원문링크] https://m.bunjang.co.kr/products/422669527
마사지기,풀리오 마사지 기기,풀리오 V2 목 어깨 마사지기,거래중,"65,000원",,2026-07-27,0,1,0,36.5℃,번개장터판매자,생활가전,,[출처] 번개장터 | [분석모델] NECK_SHOULDER_V2 | [모델근거] text_variant | [원문링크] https://m.bunjang.co.kr/products/422044425
마사지기,풀리오 마사지 기기,풀리오 종아리부츠 마사지기,거래중,"150,000원",,2026-07-25,0,2,0,36.5℃,번개장터판매자,생활가전,,[출처] 번개장터 | [분석모델] CALF | [모델근거] text_variant | [원문설명] 풀리오 종아리 부츠 마사지기 처음살때 충전기케이블 2개만 들어 있었는데 지금은 한개만 있어요 ^^ 구매 원하시면 바로 안전결제 해주시면 됩니다 | [원문링크] https://m.bunjang.co.kr/products/421790769
마사지기,풀리오 마사지 기기,풀리오 종아리 마사지기 V2 블랙 PLO-CB227 / 1개 단일상품,거래중,"58,000원",,2026-07-25,0,8,0,36.5℃,번개장터판매자,생활가전,,[출처] 번개장터 | [분석모델] PLO-CB227 | [모델근거] text_code | [원문링크] https://m.bunjang.co.kr/products/421777346
마사지기,풀리오 마사지 기기,풀리오 목어깨 마사지기,거래중,"55,000원",봉림동,2026-07-24,0,1,0,36.5℃,번개장터판매자,생활가전,경상남도 창원시 의창구 봉림동,[출처] 번개장터 | [분석모델] NECK_SHOULDER | [모델근거] text_variant | [원문링크] https://m.bunjang.co.kr/products/421682001
마사지기,풀리오 마사지 기기,풀리오 목 마사지기,예약중,"65,000원",안덕면,2026-07-23,0,0,0,36.5℃,번개장터판매자,생활가전,제주특별자치도 서귀포시 안덕면,[출처] 번개장터 | [분석모델] NECK_SHOULDER | [모델근거] text_variant | [원문링크] https://m.bunjang.co.kr/products/421559780
마사지기,풀리오 마사지 기기,풀리오 풀리지 에어 마사지기,거래중,"165,000원",문화동,2026-07-22,0,5,0,36.5℃,번개장터판매자,생활가전,충청북도 충주시 문화동,[출처] 번개장터 | [분석모델] THIGH_FULLIGE | [모델근거] text_variant | [원문링크] https://m.bunjang.co.kr/products/420503743
마사지기,풀리오 마사지 기기,풀리오 다리 허벅지 마사지기,거래중,"190,000원",,2026-07-19,0,10,0,36.5℃,번개장터판매자,생활가전,,[출처] 번개장터 | [분석모델] THIGH_FULLIGE | [모델근거] text_variant | [원문링크] https://m.bunjang.co.kr/products/370525078
마사지기,풀리오 마사지 기기,풀리오 넥풀러 목 어깨 마사지기,거래중,"310,000원",동탄6동,2026-07-18,0,0,0,36.5℃,번개장터판매자,생활가전,경기도 화성시 동탄6동,[출처] 번개장터 | [분석모델] NECK_PULLER | [모델근거] text_variant | [원문링크] https://m.bunjang.co.kr/products/401074788
마사지기,풀리오 마사지 기기,풀리오 목어깨 마사지기,거래중,"45,000원",광안제3동,2026-07-16,0,3,0,36.5℃,번개장터판매자,생활가전,부산광역시 수영구 광안제3동,[출처] 번개장터 | [분석모델] NECK_SHOULDER | [모델근거] text_variant | [원문링크] https://m.bunjang.co.kr/products/385021498
마사지기,풀리오 마사지 기기,[미개봉 새상품] 풀리오 백풀러 허리 마사지기,거래중,"80,000원",,2026-07-16,0,6,0,36.5℃,번개장터판매자,생활가전,,[출처] 번개장터 | [분석모델] BACK_PULLER | [모델근거] text_variant | [원문링크] https://m.bunjang.co.kr/products/420148205
마사지기,풀리오 마사지 기기,풀리오 목 어깨 마사지기 V2,거래중,"65,000원",상대원1동,2026-07-14,0,2,0,36.5℃,번개장터판매자,생활가전,경기도 성남시 중원구 상대원1동,[출처] 번개장터 | [분석모델] NECK_SHOULDER_V2 | [모델근거] text_variant | [원문링크] https://m.bunjang.co.kr/products/419896821
마사지기,풀리오 마사지 기기,풀리오 마사지기 퍼플 풀 구성 (2가지제품),거래중,"300,000원",,2026-07-14,0,0,0,36.5℃,번개장터판매자,생활가전,,"[출처] 번개장터 | [분석모델] 제품군 공통 | [모델근거] product_group | [원문설명] 풀리오 마사지기 퍼플 색상이며, 본체와 리모컨, 충전기, 파우치, 그리고 추가 구성품까지 모두 포함되어 있습니다. 목과 어깨를 시원하게 풀어주는 마사지기로, 집에서 편안하게 사용하기 좋습니다. 사용감 거의 없이 깨끗하게 보관했습니다. 네고 가능합니다 | [원문링크] https://m.bunjang.co.kr/products/419527651"
마사지기,풀리오 마사지 기기,풀리오 종아리 마사지기 V3,거래중,"119,000원",,2026-07-13,0,9,0,36.5℃,번개장터판매자,생활가전,,[출처] 번개장터 | [분석모델] CALF_V3 | [모델근거] text_variant | [원문링크] https://m.bunjang.co.kr/products/313603062
마사지기,풀리오 마사지 기기,풀리오 종아리 마사지기 V3,예약중,"100,000원",,2026-07-13,0,2,0,36.5℃,번개장터판매자,생활가전,,[출처] 번개장터 | [분석모델] CALF_V3 | [모델근거] text_variant | [원문링크] https://m.bunjang.co.kr/products/419598504
마사지기,풀리오 마사지 기기,풀리오 목 어깨 마사지기 V2,거래중,"65,000원",,2026-07-12,0,2,0,36.5℃,번개장터판매자,생활가전,,[출처] 번개장터 | [분석모델] NECK_SHOULDER_V2 | [모델근거] text_variant | [원문링크] https://m.bunjang.co.kr/products/419407102
마사지기,풀리오 마사지 기기,[풀리오] 목 어깨 마사지기 V2,예약중,"39,900원",,2026-07-10,0,1,0,36.5℃,번개장터판매자,생활가전,,[출처] 번개장터 | [분석모델] NECK_SHOULDER_V2 | [모델근거] text_variant | [원문링크] https://m.bunjang.co.kr/products/418882638
마사지기,풀리오 마사지 기기,풀리오 머리마사지기,거래중,"70,000원",,2026-07-10,0,0,0,36.5℃,번개장터판매자,생활가전,,[출처] 번개장터 | [분석모델] 제품군 공통 | [모델근거] product_group | [원문설명] 풀리오 머리 마사지기 판매합니다. 2-3번 사용하고 보관만 했습니다. 머리 두통있으신분 추천드려요 효과좋은데 저는 사용을 잘안하게되서 팔아요 구매 원하시면 바로 안전결제 해주시면 됩니다! | [원문링크] https://m.bunjang.co.kr/products/419035846
마사지기,풀리오 마사지 기기,풀리오 풀리지 허벅지 마사지기 퍼플,거래중,"160,000원",불로대곡동,2026-07-10,0,7,0,36.5℃,번개장터판매자,생활가전,인천광역시 서구 불로대곡동,[출처] 번개장터 | [분석모델] THIGH_FULLIGE | [모델근거] text_variant | [원문링크] https://m.bunjang.co.kr/products/418999078
마사지기,풀리오 마사지 기기,풀리오 넥풀러 목어깨 마사지기,거래중,"250,000원",,2026-07-07,0,1,0,36.5℃,번개장터판매자,생활가전,,[출처] 번개장터 | [분석모델] NECK_PULLER | [모델근거] text_variant | [원문링크] https://m.bunjang.co.kr/products/415636601
마사지기,풀리오 마사지 기기,풀리오 목 마사지기 v2,거래중,"50,000원",,2026-07-06,0,0,0,36.5℃,번개장터판매자,생활가전,,[출처] 번개장터 | [분석모델] NECK_SHOULDER_V2 | [모델근거] text_variant | [원문링크] https://m.bunjang.co.kr/products/418331005
마사지기,풀리오 마사지 기기,풀리오 에어 괄사 마사지기,예약중,"45,000원",면목본동,2026-07-04,0,0,0,36.5℃,번개장터판매자,생활가전,서울특별시 중랑구 면목본동,[출처] 번개장터 | [분석모델] AIR_GUASHA | [모델근거] text_variant | [원문링크] https://m.bunjang.co.kr/products/417856285
마사지기,풀리오 마사지 기기,풀리오 목어깨 마사지기,거래중,"40,000원",,2026-07-04,0,1,0,36.5℃,번개장터판매자,생활가전,,[출처] 번개장터 | [분석모델] NECK_SHOULDER | [모델근거] text_variant | [원문링크] https://m.bunjang.co.kr/products/417855006
마사지기,풀리오 마사지 기기,풀리오 어깨안마기 V2,거래중,"45,000원",,2026-07-03,0,1,0,36.5℃,번개장터판매자,생활가전,,[출처] 번개장터 | [분석모델] 제품군 공통 | [모델근거] product_group | [원문설명] 어깨 뭉침에 딱 좋은 풀리오 어깨 안마기입니다. 은은한 라벤더 색상으로 예뻐요. 어깨에 걸치고 손잡이로 강도 조절 가능합니다. 문의 없으시면 바로 안전결제해주시면 됩니다! 박스는 없어요 | [원문링크] https://m.bunjang.co.kr/products/400303954
마사지기,풀리오 마사지 기기,[새상품] 풀리오랑 동일한 모델 무선 목어깨 마사지기,거래중,"25,000원",다산1동,2026-07-03,0,7,0,36.5℃,번개장터판매자,생활가전,경기도 남양주시 다산1동,[출처] 번개장터 | [분석모델] NECK_SHOULDER | [모델근거] text_variant | [원문링크] https://m.bunjang.co.kr/products/413286027
마사지기,풀리오 마사지 기기,풀리오 목어깨 베개 마사지기,거래중,"65,000원",,2026-07-02,0,11,0,36.5℃,번개장터판매자,생활가전,,[출처] 번개장터 | [분석모델] NECK_SHOULDER | [모델근거] text_variant | [원문링크] https://m.bunjang.co.kr/products/407302051
마사지기,풀리오 마사지 기기,Pulio 에어괄사 마사지기 풀세트,거래중,"96,000원",,2026-07-01,0,0,0,36.5℃,번개장터판매자,생활가전,,[출처] 번개장터 | [분석모델] AIR_GUASHA | [모델근거] text_variant | [원문링크] https://m.bunjang.co.kr/products/353639775
마사지기,풀리오 마사지 기기,풀리오 넥풀러 목어깨 마사지기,예약중,"190,000원",,2026-07-01,0,2,0,36.5℃,번개장터판매자,생활가전,,[출처] 번개장터 | [분석모델] NECK_PULLER | [모델근거] text_variant | [원문링크] https://m.bunjang.co.kr/products/417218204
마사지기,풀리오 마사지 기기,풀리오V3 목 어깨 마사지기,거래중,"100,000원",,2026-06-29,0,9,0,36.5℃,번개장터판매자,생활가전,,[출처] 번개장터 | [분석모델] NECK_SHOULDER_V3 | [모델근거] text_variant | [원문링크] https://m.bunjang.co.kr/products/408392785
마사지기,풀리오 마사지 기기,풀리오 목어깨 마사지기,거래중,"50,000원",,2026-06-29,0,5,0,36.5℃,번개장터판매자,생활가전,,[출처] 번개장터 | [분석모델] NECK_SHOULDER | [모델근거] text_variant | [원문링크] https://m.bunjang.co.kr/products/346814826
마사지기,풀리오 마사지 기기,풀리오 본사 N001 풀리오 목어깨 마사지기,거래중,"100,000원",서부1동,2026-06-28,0,1,0,36.5℃,번개장터판매자,생활가전,경상북도 경산시 서부1동,[출처] 번개장터 | [분석모델] N001 | [모델근거] text_code | [원문링크] https://m.bunjang.co.kr/products/416617467
마사지기,풀리오 마사지 기기,(실사용 5회 미만)풀리오 V2 마사지기 퍼플 박스포함,거래중,"60,000원",목2동,2026-06-27,0,1,0,36.5℃,번개장터판매자,생활가전,서울특별시 양천구 목2동,[출처] 번개장터 | [분석모델] 제품군 공통 | [모델근거] product_group | [원문설명] 두번 정도 썼습니다 모든 구성품 드립니다 | [원문링크] https://m.bunjang.co.kr/products/416538137
마사지기,풀리오 마사지 기기,풀리오 목 어깨 마사지기 V1,거래중,"60,000원",,2026-06-25,0,0,0,36.5℃,번개장터판매자,생활가전,,[출처] 번개장터 | [분석모델] NECK_SHOULDER_V1 | [모델근거] text_variant | [원문링크] https://m.bunjang.co.kr/products/367027385
마사지기,풀리오 마사지 기기,풀리오 목어깨 마사지기,예약중,"40,000원",역촌동,2026-06-24,0,2,0,36.5℃,번개장터판매자,생활가전,서울특별시 은평구 역촌동,[출처] 번개장터 | [분석모델] NECK_SHOULDER | [모델근거] text_variant | [원문링크] https://m.bunjang.co.kr/products/414066187
마사지기,풀리오 마사지 기기,풀리오 목어깨 마사지기 풀세트,거래중,"70,000원",화명제1동,2026-06-17,0,1,0,36.5℃,번개장터판매자,생활가전,부산광역시 북구 화명제1동,[출처] 번개장터 | [분석모델] NECK_SHOULDER | [모델근거] text_variant | [원문링크] https://m.bunjang.co.kr/products/368788522
마사지기,풀리오 마사지 기기,풀리오 탭탭 목 어깨 마사지기,거래중,"58,000원",,2026-06-16,0,0,0,36.5℃,번개장터판매자,생활가전,,[출처] 번개장터 | [분석모델] NECK_SHOULDER | [모델근거] text_variant | [원문링크] https://m.bunjang.co.kr/products/414418071
마사지기,풀리오 마사지 기기,풀리오 V2 종아리 공기압 마사지기 퍼플,거래중,"100,000원",개포2동,2026-06-15,0,3,0,36.5℃,번개장터판매자,생활가전,서울특별시 강남구 개포2동,[출처] 번개장터 | [분석모델] CALF_V2 | [모델근거] text_variant | [원문링크] https://m.bunjang.co.kr/products/414362582
마사지기,풀리오 마사지 기기,풀리오 백풀러 허리 마사지기,예약중,"50,000원",,2026-06-09,0,1,0,36.5℃,번개장터판매자,생활가전,,[출처] 번개장터 | [분석모델] BACK_PULLER | [모델근거] text_variant | [원문링크] https://m.bunjang.co.kr/products/413333839
마사지기,풀리오 마사지 기기,풀리오 목 어깨 마사지기,거래중,"65,000원",,2026-06-08,0,0,0,36.5℃,번개장터판매자,생활가전,,[출처] 번개장터 | [분석모델] NECK_SHOULDER | [모델근거] text_variant | [원문링크] https://m.bunjang.co.kr/products/413129470
마사지기,풀리오 마사지 기기,풀리오 목 어깨 마사지기 V2,거래중,"60,000원",면목제4동,2026-06-08,0,3,0,36.5℃,번개장터판매자,생활가전,서울특별시 중랑구 면목제4동,[출처] 번개장터 | [분석모델] NECK_SHOULDER_V2 | [모델근거] text_variant | [원문링크] https://m.bunjang.co.kr/products/374705611
마사지기,풀리오 마사지 기기,풀리오 종아리 마사지기 V2,거래중,"80,000원",,2026-06-06,0,8,0,36.5℃,번개장터판매자,생활가전,,[출처] 번개장터 | [분석모델] CALF_V2 | [모델근거] text_variant | [원문링크] https://m.bunjang.co.kr/products/356392166
마사지기,풀리오 마사지 기기,풀리오v2 마사지기,거래중,"38,000원",,2026-06-05,0,1,0,36.5℃,번개장터판매자,생활가전,,[출처] 번개장터 | [분석모델] 제품군 공통 | [모델근거] product_group | [원문설명] 목과 어깨 피로를 풀어주는 마사지기입니다 누워서 쓰는 마사지기 구입해서 판매합니다. 문의 없으시면 바로 안전결제 해주세요! | [원문링크] https://m.bunjang.co.kr/products/412580901
마사지기,풀리오 마사지 기기,풀리오 목 어깨 마사지기 N002 V2,거래중,"40,000원",,2026-06-04,0,5,0,36.5℃,번개장터판매자,생활가전,,[출처] 번개장터 | [분석모델] N002 | [모델근거] text_code | [원문링크] https://m.bunjang.co.kr/products/412377656
마사지기,풀리오 마사지 기기,풀리오 에어 괄사 마사지기,거래중,"75,000원",,2026-06-04,0,0,0,36.5℃,번개장터판매자,생활가전,,[출처] 번개장터 | [분석모델] AIR_GUASHA | [모델근거] text_variant | [원문링크] https://m.bunjang.co.kr/products/356518873
마사지기,풀리오 마사지 기기,풀리오 목 어깨 마사지기,거래중,"60,000원",,2026-06-04,0,0,0,36.5℃,번개장터판매자,생활가전,,[출처] 번개장터 | [분석모델] NECK_SHOULDER | [모델근거] text_variant | [원문링크] https://m.bunjang.co.kr/products/412292616
마사지기,풀리오 마사지 기기,풀리오 목 어깨 마사지기,거래중,"60,000원",,2026-06-03,0,3,0,36.5℃,번개장터판매자,생활가전,,[출처] 번개장터 | [분석모델] NECK_SHOULDER | [모델근거] text_variant | [원문링크] https://m.bunjang.co.kr/products/412017101
마사지기,풀리오 마사지 기기,[미개봉새상품] 풀리오 종아리마사지기 V2,예약중,"80,000원",,2026-06-01,0,12,0,36.5℃,번개장터판매자,생활가전,,[출처] 번개장터 | [분석모델] CALF_V2 | [모델근거] text_variant | [원문링크] https://m.bunjang.co.kr/products/411548293
마사지기,풀리오 마사지 기기,풀리오 풀리션 마사지 부츠,예약중,"106,000원",,2026-05-30,0,0,0,36.5℃,번개장터판매자,생활가전,,[출처] 번개장터 | [분석모델] PULLITION | [모델근거] text_variant | [원문링크] https://m.bunjang.co.kr/products/411074681
마사지기,풀리오 마사지 기기,풀리오 종아리 마사지기 V3(거래 완료),거래중,"60,000원",,2026-05-23,0,3,0,36.5℃,번개장터판매자,생활가전,,[출처] 번개장터 | [분석모델] CALF_V3 | [모델근거] text_variant | [원문링크] https://m.bunjang.co.kr/products/409743723
마사지기,풀리오 마사지 기기,풀리오 목 어깨 마사지기 V2 판매합니다.,거래중,"55,000원",,2026-05-23,0,2,0,36.5℃,번개장터판매자,생활가전,,[출처] 번개장터 | [분석모델] NECK_SHOULDER_V2 | [모델근거] text_variant | [원문링크] https://m.bunjang.co.kr/products/409272134
마사지기,풀리오 마사지 기기,풀리오 무선 종아리 마사지기 V3,예약중,"95,000원",,2026-05-22,0,4,0,36.5℃,번개장터판매자,생활가전,,[출처] 번개장터 | [분석모델] CALF_V3 | [모델근거] text_variant | [원문링크] https://m.bunjang.co.kr/products/409611161
마사지기,풀리오 마사지 기기,풀리오 마사지기,예약중,"60,000원",덕산읍,2026-05-16,0,3,0,36.5℃,번개장터판매자,생활가전,충청북도 진천군 덕산읍,"[출처] 번개장터 | [분석모델] CALF | [모델근거] detail_text_variant | [원문설명] 집에서 편하게 다리 마사지할 수 있는 풀리오 마사지기입니다. 충전 어댑터와 본체 모두 드립니다. 종아리 압박 꼼꼼하게 잘 돼서, 매일 붓는 다리 시원하게 풀어줘요. 별도 문의 없으시면 바로 안전결제 부탁드려요! | [원문링크] https://m.bunjang.co.kr/products/408349618"
마사지기,풀리오 마사지 기기,풀리오 풀리 허벅지 종아리 마사지기,거래중,"190,000원",,2026-05-14,0,2,0,36.5℃,번개장터판매자,생활가전,,[출처] 번개장터 | [분석모델] THIGH_FULLIGE | [모델근거] text_variant | [원문링크] https://m.bunjang.co.kr/products/408069906
마사지기,풀리오 마사지 기기,풀리오 목어깨 마사지기,예약중,"63,000원",,2026-05-13,0,0,0,36.5℃,번개장터판매자,생활가전,,[출처] 번개장터 | [분석모델] NECK_SHOULDER | [모델근거] text_variant | [원문링크] https://m.bunjang.co.kr/products/407816633
마사지기,풀리오 마사지 기기,풀리오 목 어깨 마사지기,거래중,"29,000원",화곡제1동,2026-05-09,0,5,0,36.5℃,번개장터판매자,생활가전,서울특별시 강서구 화곡제1동,[출처] 번개장터 | [분석모델] NECK_SHOULDER | [모델근거] text_variant | [원문링크] https://m.bunjang.co.kr/products/407066017
마사지기,풀리오 마사지 기기,풀리오 종아리 마사지기,거래중,"49,000원",화곡제1동,2026-05-09,0,23,0,36.5℃,번개장터판매자,생활가전,서울특별시 강서구 화곡제1동,[출처] 번개장터 | [분석모델] CALF | [모델근거] text_variant | [원문링크] https://m.bunjang.co.kr/products/407055743
마사지기,풀리오 마사지 기기,풀리오 목 어깨. 마사지기,거래중,"200,000원",,2026-05-07,0,1,0,36.5℃,번개장터판매자,생활가전,,[출처] 번개장터 | [분석모델] NECK_PULLER | [모델근거] detail_text_variant | [원문설명] [풀리오 넥풀러 목·어깨 마사지기 판매합니다] 본체 전용 패브릭 커버 (보라색) 리모컨 어댑터 어태치먼트 액세서리 사진처럼 외관 깨끗하고 작동 이상 없어요! 구성품 모두 있습니다~ | [원문링크] https://m.bunjang.co.kr/products/406649856
마사지기,풀리오 마사지 기기,풀리오 목어깨 마사지기 무선형 풀박스,거래중,"44,000원",,2026-05-07,0,6,0,36.5℃,번개장터판매자,생활가전,,[출처] 번개장터 | [분석모델] NECK_SHOULDER | [모델근거] text_variant | [원문링크] https://m.bunjang.co.kr/products/399928607
마사지기,풀리오 마사지 기기,풀리오 에어 괄사 마사지기,거래중,"60,000원",대저2동,2026-05-06,0,2,0,36.5℃,번개장터판매자,생활가전,부산광역시 강서구 대저2동,[출처] 번개장터 | [분석모델] AIR_GUASHA | [모델근거] text_variant | [원문링크] https://m.bunjang.co.kr/products/406421056
마사지기,풀리오 마사지 기기,풀리오 목어깨 마사지기 V2,예약중,"75,000원",,2026-05-05,0,3,0,36.5℃,번개장터판매자,생활가전,,[출처] 번개장터 | [분석모델] NECK_SHOULDER_V2 | [모델근거] text_variant | [원문링크] https://m.bunjang.co.kr/products/398082671
마사지기,풀리오 마사지 기기,풀리오 목어깨 마사지기 V2 (새상품),거래중,"100,000원",송도3동,2026-05-04,0,0,0,36.5℃,번개장터판매자,생활가전,인천광역시 연수구 송도3동,[출처] 번개장터 | [분석모델] NECK_SHOULDER_V2 | [모델근거] text_variant | [원문링크] https://m.bunjang.co.kr/products/405833544
마사지기,풀리오 마사지 기기,풀리오 탭탭 목 어깨 마사지기 25.11월 제조,거래중,"60,000원",,2026-05-01,0,3,0,36.5℃,번개장터판매자,생활가전,,[출처] 번개장터 | [분석모델] NECK_SHOULDER | [모델근거] text_variant | [원문링크] https://m.bunjang.co.kr/products/397295656
마사지기,풀리오 마사지 기기,풀리오 목어깨 마사지기 V2,거래중,"80,000원",,2026-04-29,0,0,0,36.5℃,번개장터판매자,생활가전,,[출처] 번개장터 | [분석모델] NECK_SHOULDER_V2 | [모델근거] text_variant | [원문링크] https://m.bunjang.co.kr/products/404840453
마사지기,풀리오 마사지 기기,풀리오 어깨마사지기,거래중,"70,000원",,2026-04-26,0,0,0,36.5℃,번개장터판매자,생활가전,,[출처] 번개장터 | [분석모델] 제품군 공통 | [모델근거] product_group | [원문설명] 뭉친 어깨 풀 때 좋은 풀리오 어깨 마사지기입니다. 흰색 가죽과 보라색 천 재질로 되어 있습니다. 어깨에 딱 맞게 조절해서 시원하게 마사지 받으세요! 문의 없으시면 바로 안전결제해주시면 됩니다! | [원문링크] https://m.bunjang.co.kr/products/403995196
마사지기,풀리오 마사지 기기,Pulio 넥풀러 경추 마사지기 풀세트,거래중,"190,000원",사직제2동,2026-04-20,0,0,0,36.5℃,번개장터판매자,생활가전,부산광역시 동래구 사직제2동,[출처] 번개장터 | [분석모델] NECK_PULLER | [모델근거] text_variant | [원문링크] https://m.bunjang.co.kr/products/398748986
마사지기,풀리오 마사지 기기,(박스 안뜯은 새제품)카카오 단독 구성 풀리오 어깨 마사지기,거래중,"110,000원",,2026-04-20,0,0,0,36.5℃,번개장터판매자,생활가전,,[출처] 번개장터 | [분석모델] 제품군 공통 | [모델근거] product_group | [원문설명] 작년에 받았는데 택배 상자도 뜯지 않은 새상품입니다 새상품이라 선물용으로도 좋아요! V2 모델에 카카오 파우치랑 쇼핑백까지 같이 드립니다. 어깨 뭉침 자주 있으신 분들에게 딱이에요. 문의 없으시면 바로 안전결제해주시면 됩니다! 원하는 가격 있으시면 최대한 맞춰드리겠습니다 편안하게 메시지 남겨주세요! 하나가 이미 있는상태에서 선물받은거라 급처합니다ㅠ | [원문링크] https://m.bunjang.co.kr/products/394171095
마사지기,풀리오 마사지 기기,풀리오 손 마사지기 V2,거래중,"108,000원",회원1동,2026-04-19,0,17,0,36.5℃,번개장터판매자,생활가전,경상남도 창원시 마산회원구 회원1동,[출처] 번개장터 | [분석모델] HAND_WRIST | [모델근거] text_variant | [원문링크] https://m.bunjang.co.kr/products/402735710
마사지기,풀리오 마사지 기기,풀리오 어깨 등 목 마사지기 v2,거래중,"65,000원",불광제1동,2026-04-18,0,2,0,36.5℃,번개장터판매자,생활가전,서울특별시 은평구 불광제1동,[출처] 번개장터 | [분석모델] NECK_SHOULDER_V2 | [모델근거] text_variant | [원문링크] https://m.bunjang.co.kr/products/402453330
마사지기,풀리오 마사지 기기,풀리오 백풀러 허리 마사지기,거래중,"80,000원",,2026-04-16,0,4,0,36.5℃,번개장터판매자,생활가전,,[출처] 번개장터 | [분석모델] BACK_PULLER | [모델근거] text_variant | [원문링크] https://m.bunjang.co.kr/products/396810102
마사지기,풀리오 마사지 기기,풀리오 탭탭 목 어깨 마사지기 N003-CO,거래중,"65,000원",,2026-04-09,0,1,0,36.5℃,번개장터판매자,생활가전,,[출처] 번개장터 | [분석모델] N003 | [모델근거] text_code | [원문링크] https://m.bunjang.co.kr/products/400421108
마사지기,풀리오 마사지 기기,풀리오 부츠 마사지기,거래중,"150,000원",신안동,2026-04-04,0,3,0,36.5℃,번개장터판매자,생활가전,경상남도 진주시 신안동,[출처] 번개장터 | [분석모델] 제품군 공통 | [모델근거] product_group | [원문설명] 20만원주고 올영에서 구매했는데 1번쓰고 안쓰게되서 정리합니다 기기만입니다 | [원문링크] https://m.bunjang.co.kr/products/356674740
마사지기,풀리오 마사지 기기,풀리오 목어깨 마사지기,거래중,"50,000원",,2026-03-31,0,0,0,36.5℃,번개장터판매자,생활가전,,[출처] 번개장터 | [분석모델] NECK_SHOULDER | [모델근거] text_variant | [원문링크] https://m.bunjang.co.kr/products/382429639
마사지기,풀리오 마사지 기기,Pulio V2 목 어깨 마사지기 퍼플/화이트,거래중,"60,000원",,2026-03-30,0,1,0,36.5℃,번개장터판매자,생활가전,,[출처] 번개장터 | [분석모델] NECK_SHOULDER_V2 | [모델근거] text_variant | [원문링크] https://m.bunjang.co.kr/products/398334917
마사지기,풀리오 마사지 기기,풀리오 에어 괄사 마사지기,거래중,"70,000원",고등동,2026-03-30,0,0,0,36.5℃,번개장터판매자,생활가전,경기도 성남시 수정구 고등동,[출처] 번개장터 | [분석모델] AIR_GUASHA | [모델근거] text_variant | [원문링크] https://m.bunjang.co.kr/products/397703873
마사지기,풀리오 마사지 기기,풀리오 목어깨 마사지기 V2 보라색 판매,거래중,"60,000원",다산1동,2026-03-28,0,3,0,36.5℃,번개장터판매자,생활가전,경기도 남양주시 다산1동,[출처] 번개장터 | [분석모델] NECK_SHOULDER_V2 | [모델근거] text_variant | [원문링크] https://m.bunjang.co.kr/products/397832294
마사지기,풀리오 마사지 기기,풀리오 목어깨마사지기,거래중,"79,000원",,2026-03-17,0,0,0,36.5℃,번개장터판매자,생활가전,,[출처] 번개장터 | [분석모델] NECK_SHOULDER | [모델근거] text_variant | [원문링크] https://m.bunjang.co.kr/products/395687390
마사지기,풀리오 마사지 기기,풀리오 넥풀러 목 어깨 마사지기 판매합니다,거래중,"319,140원",,2026-03-16,0,0,0,36.5℃,번개장터판매자,생활가전,,[출처] 번개장터 | [분석모델] NECK_PULLER | [모델근거] text_variant | [원문링크] https://m.bunjang.co.kr/products/349944066
마사지기,풀리오 마사지 기기,풀리오 목어깨 마사지기 퍼플 색상,예약중,"55,000원",월영동,2026-03-15,0,0,0,36.5℃,번개장터판매자,생활가전,경상남도 창원시 마산합포구 월영동,[출처] 번개장터 | [분석모델] NECK_SHOULDER | [모델근거] text_variant | [원문링크] https://m.bunjang.co.kr/products/395094961
마사지기,풀리오 마사지 기기,풀리오 풀리지 허벅지 마사지기,거래중,"150,000원",오류제1동,2026-03-11,0,17,0,36.5℃,번개장터판매자,생활가전,서울특별시 구로구 오류제1동,[출처] 번개장터 | [분석모델] THIGH_FULLIGE | [모델근거] text_variant | [원문링크] https://m.bunjang.co.kr/products/394477459
마사지기,풀리오 마사지 기기,풀리오 V3 종아리 마사지기,예약중,"90,000원",신천1.2동,2026-03-08,0,2,0,36.5℃,번개장터판매자,생활가전,대구광역시 동구 신천1.2동,[출처] 번개장터 | [분석모델] CALF_V3 | [모델근거] text_variant | [원문링크] https://m.bunjang.co.kr/products/393871100
마사지기,풀리오 마사지 기기,풀리오 허리마사지기,거래중,"70,000원",,2026-03-05,0,1,0,36.5℃,번개장터판매자,생활가전,,[출처] 번개장터 | [분석모델] WAIST_BACK | [모델근거] text_variant | [원문링크] https://m.bunjang.co.kr/products/393245757
마사지기,풀리오 마사지 기기,풀리오 목어깨마사지기 v1 싸게팔아요,거래중,"35,000원",신림동,2026-03-01,0,0,0,36.5℃,번개장터판매자,생활가전,서울특별시 관악구 신림동,[출처] 번개장터 | [분석모델] NECK_SHOULDER_V1 | [모델근거] text_variant | [원문링크] https://m.bunjang.co.kr/products/390480031
마사지기,풀리오 마사지 기기,풀리오 마사지기 v3 판매,예약중,"85,000원",,2026-02-24,0,0,0,36.5℃,번개장터판매자,생활가전,,[출처] 번개장터 | [분석모델] CALF_V3 | [모델근거] detail_text_variant | [원문설명] 종아리 마사지기 풀리오 V3 판매합니다. 선물받은후 10회미만 사용 계속 보관만 했습니다 | [원문링크] https://m.bunjang.co.kr/products/391325172
마사지기,풀리오 마사지 기기,풀리오 목어깨마사지기,거래중,"52,500원",,2026-02-21,0,1,0,36.5℃,번개장터판매자,생활가전,,[출처] 번개장터 | [분석모델] NECK_SHOULDER | [모델근거] text_variant | [원문링크] https://m.bunjang.co.kr/products/377571042
마사지기,풀리오 마사지 기기,풀리오 종아리 마사지기 V2,거래중,"90,000원",연수1동,2026-02-20,0,5,0,36.5℃,번개장터판매자,생활가전,인천광역시 연수구 연수1동,[출처] 번개장터 | [분석모델] CALF_V2 | [모델근거] text_variant | [원문링크] https://m.bunjang.co.kr/products/296378428
마사지기,풀리오 마사지 기기,풀리오 목 어깨 마사지기 +파우치 쇼핑백,거래중,"93,500원",,2026-02-18,0,2,0,36.5℃,번개장터판매자,생활가전,,[출처] 번개장터 | [분석모델] NECK_SHOULDER | [모델근거] text_variant | [원문링크] https://m.bunjang.co.kr/products/287248871
마사지기,풀리오 마사지 기기,풀리오 V2 어깨 마사지기 퍼플,거래중,"63,000원",청평면,2026-02-13,0,0,0,36.5℃,번개장터판매자,생활가전,경기도 가평군 청평면,[출처] 번개장터 | [분석모델] 제품군 공통 | [모델근거] product_group | [원문링크] https://m.bunjang.co.kr/products/386442597
마사지기,풀리오 마사지 기기,풀리오 손 마사지기,거래중,"80,000원",명지1동,2026-02-12,0,5,0,36.5℃,번개장터판매자,생활가전,부산광역시 강서구 명지1동,[출처] 번개장터 | [분석모델] HAND_WRIST | [모델근거] text_variant | [원문링크] https://m.bunjang.co.kr/products/388772021
마사지기,풀리오 마사지 기기,풀리오 목 어깨 마사지기 V2 퍼플 새상품,거래중,"70,000원",인동동,2026-02-03,0,0,0,36.5℃,번개장터판매자,생활가전,경상북도 구미시 인동동,[출처] 번개장터 | [분석모델] NECK_SHOULDER_V2 | [모델근거] text_variant | [원문링크] https://m.bunjang.co.kr/products/386830688
마사지기,풀리오 마사지 기기,풀리오 넥풀러 목 어깨 마사지기,거래중,"350,000원",범계동,2026-02-02,0,1,0,36.5℃,번개장터판매자,생활가전,경기도 안양시 동안구 범계동,[출처] 번개장터 | [분석모델] NECK_PULLER | [모델근거] text_variant | [원문링크] https://m.bunjang.co.kr/products/386491137
마사지기,풀리오 마사지 기기,풀리오 목 어깨 마사지기 V3,예약중,"90,000원",,2026-01-30,0,1,0,36.5℃,번개장터판매자,생활가전,,[출처] 번개장터 | [분석모델] NECK_SHOULDER_V3 | [모델근거] text_variant | [원문링크] https://m.bunjang.co.kr/products/385782767
마사지기,풀리오 마사지 기기,풀리오 경추마사지기,거래중,"270,000원",충현동,2026-01-30,0,2,0,36.5℃,번개장터판매자,생활가전,서울특별시 서대문구 충현동,"[출처] 번개장터 | [분석모델] NLUFHS9BSHS5523GDOVWB | [모델근거] detail_text_code | [원문설명] 풀리오 넥풀러로 집에서 간편하게 목 승모근 어깨 경추 한번에 마사지하는 기계에요. 구체적으로는 경추지압 경추마사지 승모지압 승모마사지 이렇게 4개 기능 나눠져있고, 짧은 목 긴목용 있고, 몇번 경추 원하는지도 자기가 고를 수 있어요. -풀리오 택배박스없음 다른박스에 드림 - 풀리오 전용 가방에 넣어드림 - 여분의 새거 패드 있음 (원래 2장이고 한장은 새거라는 말.나머지한장도 일주일도 안씀 1도 더러워질 일이없음 민감하면 세탁도 해드림) - 테토녀라 사용법 가이드 책 버림. 근데 그거 다 인터넷에 있고 필요하시면 사용법 어떻게든 오프라인으로 구해드림 https://m.puliodays.com/product/%ED%92%80%EB%A6%AC%EC%98%A4-%EB%84%A5%ED%92%80%EB%9F%AC-%EB%AA%A9-%EC%96%B4%EA%B9%A8-%ED%99%88%EC%BC%80%EC%96%B4/126/?srsltid=AfmBOorm8G1NLUfHs9bSHS5523GdoVWB-nvNeDaD6wxe735RN4P0QLn1 | [원문링크] https://m.bunjang.co.kr/products/381561586"
마사지기,풀리오 마사지 기기,풀리오 등허리 쿠션 마사지기,거래중,"98,000원",,2026-01-29,0,2,0,36.5℃,번개장터판매자,생활가전,,[출처] 번개장터 | [분석모델] WAIST_BACK | [모델근거] text_variant | [원문링크] https://m.bunjang.co.kr/products/385608970
마사지기,풀리오 마사지 기기,풀리오 넥풀러 목 어깨 마사지기,거래중,"250,000원",,2026-01-28,0,3,0,36.5℃,번개장터판매자,생활가전,,[출처] 번개장터 | [분석모델] NECK_PULLER | [모델근거] text_variant | [원문링크] https://m.bunjang.co.kr/products/378306388
마사지기,풀리오 마사지 기기,풀리오 종아리 마사지기 블랙,거래중,"75,000원",,2026-01-26,0,11,0,36.5℃,번개장터판매자,생활가전,,[출처] 번개장터 | [분석모델] CALF | [모델근거] text_variant | [원문링크] https://m.bunjang.co.kr/products/385025637
마사지기,풀리오 마사지 기기,풀리오 어깨 마사지기,거래중,"50,000원",,2026-01-26,0,2,0,36.5℃,번개장터판매자,생활가전,,[출처] 번개장터 | [분석모델] 제품군 공통 | [모델근거] product_group | [원문설명] 두 번 정도 사용한 것 같습니다 손 안가고 방치해놔서 올립니다 | [원문링크] https://m.bunjang.co.kr/products/384884714
마사지기,풀리오 마사지 기기,풀리오 목 어깨 마사지기 v1,거래중,"65,500원",,2026-01-24,0,0,0,36.5℃,번개장터판매자,생활가전,,[출처] 번개장터 | [분석모델] NECK_SHOULDER_V1 | [모델근거] text_variant | [원문링크] https://m.bunjang.co.kr/products/359198072
마사지기,풀리오 마사지 기기,풀리오 목어깨 마사지기 V2(박스풀구성),예약중,"55,000원",주안2동,2026-01-13,0,2,0,36.5℃,번개장터판매자,생활가전,인천광역시 미추홀구 주안2동,[출처] 번개장터 | [분석모델] NECK_SHOULDER_V2 | [모델근거] text_variant | [원문링크] https://m.bunjang.co.kr/products/377773953
마사지기,풀리오 마사지 기기,풀리오 목어깨마사지기 판매합니다,거래중,"60,000원",,2026-01-11,0,3,0,36.5℃,번개장터판매자,생활가전,,[출처] 번개장터 | [분석모델] NECK_SHOULDER | [모델근거] text_variant | [원문링크] https://m.bunjang.co.kr/products/368643375
마사지기,풀리오 마사지 기기,풀리오 목 마사지기,거래중,"90,000원",종로5.6가동,2026-01-11,0,1,0,36.5℃,번개장터판매자,생활가전,서울특별시 종로구 종로5.6가동,[출처] 번개장터 | [분석모델] NECK_SHOULDER | [모델근거] text_variant | [원문링크] https://m.bunjang.co.kr/products/350727290
마사지기,풀리오 마사지 기기,풀리오 등허리마사지기,예약중,"70,000원",,2026-01-05,0,0,0,36.5℃,번개장터판매자,생활가전,,[출처] 번개장터 | [분석모델] WAIST_BACK | [모델근거] text_variant | [원문링크] https://m.bunjang.co.kr/products/379029642
마사지기,풀리오 마사지 기기,풀리오 에어 괄사 마사지기,거래중,"100,000원",,2026-01-04,0,2,0,36.5℃,번개장터판매자,생활가전,,[출처] 번개장터 | [분석모델] AIR_GUASHA | [모델근거] text_variant | [원문링크] https://m.bunjang.co.kr/products/380133768
마사지기,풀리오 마사지 기기,풀리오 목어깨 마사지기,거래중,"68,000원",달천동,2025-12-30,0,0,0,36.5℃,번개장터판매자,생활가전,충청북도 충주시 달천동,[출처] 번개장터 | [분석모델] NECK_SHOULDER | [모델근거] text_variant | [원문링크] https://m.bunjang.co.kr/products/364622685
마사지기,풀리오 마사지 기기,풀리오 마사지기 블랙 2개 + 케이블,거래중,"75,000원",,2025-12-30,0,4,0,36.5℃,번개장터판매자,생활가전,,[출처] 번개장터 | [분석모델] 제품군 공통 | [모델근거] product_group | [원문설명] 블랙 색상 풀리오 마사지기 2개와 충전 케이블 함께 드립니다. 휴대하기 좋은 파우치도 같이 있어서 보관하기도 용이합니다. 충전 단자는 C타입입니다. 문의 없으시면 바로 안전결제해주시면 됩니다! | [원문링크] https://m.bunjang.co.kr/products/373580575
마사지기,풀리오 마사지 기기,풀리오 목 어깨 베게 마사지기,거래중,"78,000원",진관동,2025-12-28,0,6,0,36.5℃,번개장터판매자,생활가전,서울특별시 은평구 진관동,[출처] 번개장터 | [분석모델] NECK_SHOULDER | [모델근거] text_variant | [원문링크] https://m.bunjang.co.kr/products/378747085
마사지기,풀리오 마사지 기기,풀리오 허벅지 마사지기,거래중,"150,000원",고산3동,2025-12-24,0,19,0,36.5℃,번개장터판매자,생활가전,대구광역시 수성구 고산3동,[출처] 번개장터 | [분석모델] THIGH_FULLIGE | [모델근거] text_variant | [원문링크] https://m.bunjang.co.kr/products/378077006
마사지기,풀리오 마사지 기기,풀리오 넥풀러 목어깨마사지기,예약중,"250,000원",상계5동,2025-12-24,0,1,0,36.5℃,번개장터판매자,생활가전,서울특별시 노원구 상계5동,[출처] 번개장터 | [분석모델] NECK_PULLER | [모델근거] text_variant | [원문링크] https://m.bunjang.co.kr/products/351195488
마사지기,풀리오 마사지 기기,Pulio 풀리오 목&어깨 마사지기,거래중,"60,000원",,2025-12-22,0,1,0,36.5℃,번개장터판매자,생활가전,,"[출처] 번개장터 | [분석모델] 제품군 공통 | [모델근거] product_group | [원문설명] 풀리오 마사지기 판매합니다. 산지 반년 됐지만 실사용 두 번이고 흠집과 얼룩 없이 깨끗합니다. 충전기 케이블, 사용 설명서, 보관 가방 있습니다. | [원문링크] https://m.bunjang.co.kr/products/377657658"
마사지기,풀리오 마사지 기기,풀리오 어깨 마사지기,거래중,"60,000원",,2025-12-21,0,1,0,36.5℃,번개장터판매자,생활가전,,[출처] 번개장터 | [분석모델] 제품군 공통 | [모델근거] product_group | [원문설명] 풀리오 어깨 마사지기입니다 연락주세요 | [원문링크] https://m.bunjang.co.kr/products/377434104
마사지기,풀리오 마사지 기기,풀리오 등 어깨 마사지기,거래중,"43,000원",,2025-12-18,0,1,0,36.5℃,번개장터판매자,생활가전,,[출처] 번개장터 | [분석모델] 제품군 공통 | [모델근거] product_group | [원문설명] 풀리오 등 어깨 마사지기입니다. 시원하게 마사지 잘 되는 제품입니다. 어깨에 걸치고 사용하기 편리하게 디자인되어 있습니다. 문의 없으시면 바로 안전결제해주시면 됩니다! 박스는 없고 올해 구매한 제품입니다 특별한 이염이나 하자 없고 사용 잘 됨 | [원문링크] https://m.bunjang.co.kr/products/376868451
마사지기,풀리오 마사지 기기,풀리오 목 어깨 마사지기,거래중,"60,000원",항동,2025-12-18,0,0,0,36.5℃,번개장터판매자,생활가전,서울특별시 구로구 항동,[출처] 번개장터 | [분석모델] NECK_SHOULDER | [모델근거] text_variant | [원문링크] https://m.bunjang.co.kr/products/376814405
마사지기,풀리오 마사지 기기,풀리오 마사지기 본품 박스,거래중,"100,000원",잠실본동,2025-12-16,0,3,0,36.5℃,번개장터판매자,생활가전,서울특별시 송파구 잠실본동,"[출처] 번개장터 | [분석모델] 제품군 공통 | [모델근거] product_group | [원문설명] 미개봉 풀리오 마사지기 본품 박스 판매합니다. 선물받았는데, 이미 마사지기가 있어서 판매합니다. 박스에 붙어있는 스티커로 미개봉인 것 확인하실 수 있습니다. 문의 없으시면 바로 안전결제해주시면 됩니다! | [원문링크] https://m.bunjang.co.kr/products/376376277"
마사지기,풀리오 마사지 기기,풀리오 무선 종아리 마사지기 V3,예약중,"80,000원",작전1동,2025-12-15,0,3,0,36.5℃,번개장터판매자,생활가전,인천광역시 계양구 작전1동,[출처] 번개장터 | [분석모델] CALF_V3 | [모델근거] text_variant | [원문링크] https://m.bunjang.co.kr/products/376198893
마사지기,풀리오 마사지 기기,풀리오 목어깨 마사지기 V2 새상품,거래중,"70,000원",관저1동,2025-12-15,0,3,0,36.5℃,번개장터판매자,생활가전,대전광역시 서구 관저1동,[출처] 번개장터 | [분석모델] NECK_SHOULDER_V2 | [모델근거] text_variant | [원문링크] https://m.bunjang.co.kr/products/376165040
마사지기,풀리오 마사지 기기,풀리오 손마사지기,거래중,"75,000원",,2025-12-10,0,1,0,36.5℃,번개장터판매자,생활가전,,[출처] 번개장터 | [분석모델] HAND_WRIST | [모델근거] text_variant | [원문링크] https://m.bunjang.co.kr/products/375121301
마사지기,풀리오 마사지 기기,풀리오 백풀러 허리마사지기 (거의 새것) 마지막 가격내립니다,거래중,"88,000원",용운동,2025-12-04,0,1,0,36.5℃,번개장터판매자,생활가전,대전광역시 동구 용운동,[출처] 번개장터 | [분석모델] BACK_PULLER | [모델근거] text_variant | [원문링크] https://m.bunjang.co.kr/products/373557031
마사지기,풀리오 마사지 기기,풀리오 손마사지기,예약중,"55,000원",중4동,2025-12-03,0,3,0,36.5℃,번개장터판매자,생활가전,경기도 부천시 원미구 중4동,[출처] 번개장터 | [분석모델] HAND_WRIST | [모델근거] text_variant | [원문링크] https://m.bunjang.co.kr/products/371561316
마사지기,풀리오 마사지 기기,풀리오 넥풀러 목 어깨 마사지기,예약중,"150,000원",송죽동,2025-11-27,0,0,0,36.5℃,번개장터판매자,생활가전,경기도 수원시 장안구 송죽동,[출처] 번개장터 | [분석모델] NECK_PULLER | [모델근거] text_variant | [원문링크] https://m.bunjang.co.kr/products/372070753
마사지기,풀리오 마사지 기기,풀리오 넥풀러 목 마사지기,예약중,"180,000원",,2025-11-26,0,2,0,36.5℃,번개장터판매자,생활가전,,[출처] 번개장터 | [분석모델] NECK_PULLER | [모델근거] text_variant | [원문링크] https://m.bunjang.co.kr/products/370475780
마사지기,풀리오 마사지 기기,풀리오 어깨 마사지기,거래중,"68,000원",,2025-11-25,0,0,0,36.5℃,번개장터판매자,생활가전,,"[출처] 번개장터 | [분석모델] 제품군 공통 | [모델근거] product_group | [원문설명] 어깨 마사지기 풀리오 제품 판매합니다. 라벤더 색상으로 은은하고 예뻐요. 충전식이라서 편리하게 사용 가능합니다. 별도 문의 없으시면 바로 안전결제 부탁드려요! 구성품 충전 usb, 풀리오어깨마사지기계 입니다. | [원문링크] https://m.bunjang.co.kr/products/371489106"
마사지기,풀리오 마사지 기기,풀리오 마사지부츠 마사지기,거래중,"150,000원",휘경제2동,2025-11-19,0,2,0,36.5℃,번개장터판매자,생활가전,서울특별시 동대문구 휘경제2동,[출처] 번개장터 | [분석모델] 제품군 공통 | [모델근거] product_group | [원문설명] 실사용 5회 미만 고양아가 조금 물어서 겉에 빵구 남.. ㅠ | [원문링크] https://m.bunjang.co.kr/products/370276629
마사지기,풀리오 마사지 기기,풀리오 다리마사지기 v3 판매,예약중,"90,000원",내외동,2025-11-14,0,0,0,36.5℃,번개장터판매자,생활가전,경상남도 김해시 내외동,[출처] 번개장터 | [분석모델] CALF_V3 | [모델근거] text_variant | [원문링크] https://m.bunjang.co.kr/products/367697616
마사지기,풀리오 마사지 기기,풀리오에어괄사마사지기,거래중,"100,000원",상도제4동,2025-11-13,0,0,0,36.5℃,번개장터판매자,생활가전,서울특별시 동작구 상도제4동,[출처] 번개장터 | [분석모델] AIR_GUASHA | [모델근거] text_variant | [원문링크] https://m.bunjang.co.kr/products/368913163
마사지기,풀리오 마사지 기기,풀리오 넥풀러 목어깨 마사지기,거래중,"290,000원",진관동,2025-11-10,0,2,0,36.5℃,번개장터판매자,생활가전,서울특별시 은평구 진관동,[출처] 번개장터 | [분석모델] NECK_PULLER | [모델근거] text_variant | [원문링크] https://m.bunjang.co.kr/products/368458667
마사지기,풀리오 마사지 기기,풀리오 에어 괄사 마사지기,거래중,"80,000원",진관동,2025-11-10,0,0,0,36.5℃,번개장터판매자,생활가전,서울특별시 은평구 진관동,[출처] 번개장터 | [분석모델] AIR_GUASHA | [모델근거] text_variant | [원문링크] https://m.bunjang.co.kr/products/368456337
마사지기,풀리오 마사지 기기,풀리오 목 어깨 마사지기 V2 퍼플 풀박 새상품,거래중,"100,000원",삼성1동,2025-11-06,0,1,0,36.5℃,번개장터판매자,생활가전,서울특별시 강남구 삼성1동,[출처] 번개장터 | [분석모델] NECK_SHOULDER_V2 | [모델근거] text_variant | [원문링크] https://m.bunjang.co.kr/products/367461689
마사지기,풀리오 마사지 기기,미개봉+파우치증정)풀리오 손 마사지기,거래중,"90,000원",,2025-11-05,0,9,0,36.5℃,번개장터판매자,생활가전,,[출처] 번개장터 | [분석모델] HAND_WRIST | [모델근거] text_variant | [원문링크] https://m.bunjang.co.kr/products/283456265
마사지기,풀리오 마사지 기기,(새상품) 풀리오 종아리 마사지기 V2,예약중,"100,000원",도림동,2025-10-31,0,3,0,36.5℃,번개장터판매자,생활가전,서울특별시 영등포구 도림동,[출처] 번개장터 | [분석모델] CALF_V2 | [모델근거] text_variant | [원문링크] https://m.bunjang.co.kr/products/353284240
마사지기,풀리오 마사지 기기,풀리오 목어깨 마사지기,거래중,"70,000원",정자2동,2025-10-24,0,3,0,36.5℃,번개장터판매자,생활가전,경기도 수원시 장안구 정자2동,[출처] 번개장터 | [분석모델] NECK_SHOULDER | [모델근거] text_variant | [원문링크] https://m.bunjang.co.kr/products/364726324
마사지기,풀리오 마사지 기기,풀리오 손마사지기,거래중,"55,000원",,2025-10-18,0,7,0,36.5℃,번개장터판매자,생활가전,,[출처] 번개장터 | [분석모델] HAND_WRIST | [모델근거] text_variant | [원문링크] https://m.bunjang.co.kr/products/363497003
마사지기,풀리오 마사지 기기,풀리오 목 어깨 마사지기 V2 (새상품),예약중,"70,000원",,2025-10-18,0,1,0,36.5℃,번개장터판매자,생활가전,,[출처] 번개장터 | [분석모델] NECK_SHOULDER_V2 | [모델근거] text_variant | [원문링크] https://m.bunjang.co.kr/products/363477138
마사지기,풀리오 마사지 기기,풀리오 목 어깨 마사지기 V2 (미개봉),거래중,"85,000원",가정1동,2025-10-15,0,1,0,36.5℃,번개장터판매자,생활가전,인천광역시 서구 가정1동,[출처] 번개장터 | [분석모델] NECK_SHOULDER_V2 | [모델근거] text_variant | [원문링크] https://m.bunjang.co.kr/products/362912587
마사지기,풀리오 마사지 기기,풀리오 목 어깨 마사지기,거래중,"80,000원",,2025-10-13,0,1,0,36.5℃,번개장터판매자,생활가전,,[출처] 번개장터 | [분석모델] NECK_SHOULDER | [모델근거] text_variant | [원문링크] https://m.bunjang.co.kr/products/322322428
마사지기,풀리오 마사지 기기,풀리오 종아리 마사지기 + 설명서 + 케이블,거래중,"85,000원",,2025-10-12,0,5,0,36.5℃,번개장터판매자,생활가전,,[출처] 번개장터 | [분석모델] CALF | [모델근거] text_variant | [원문링크] https://m.bunjang.co.kr/products/362092877
마사지기,풀리오 마사지 기기,풀리오 풀리션 마사지 부츠,거래중,"135,000원",,2025-10-10,0,9,0,36.5℃,번개장터판매자,생활가전,,[출처] 번개장터 | [분석모델] PULLITION | [모델근거] text_variant | [원문링크] https://m.bunjang.co.kr/products/355819019
마사지기,풀리오 마사지 기기,풀리오 허리마사지기,예약중,"70,000원",,2025-10-06,0,2,0,36.5℃,번개장터판매자,생활가전,,[출처] 번개장터 | [분석모델] WAIST_BACK | [모델근거] text_variant | [원문링크] https://m.bunjang.co.kr/products/360873660
마사지기,풀리오 마사지 기기,풀리오 풀리오 종아리 마사지기 V2 지퍼형,예약중,"70,000원",,2025-10-06,0,0,0,36.5℃,번개장터판매자,생활가전,,[출처] 번개장터 | [분석모델] CALF_V2 | [모델근거] text_variant | [원문링크] https://m.bunjang.co.kr/products/360856835
마사지기,풀리오 마사지 기기,풀리오 어깨 마사지기 새상품,거래중,"85,000원",고촌읍,2025-09-29,0,1,0,36.5℃,번개장터판매자,생활가전,경기도 김포시 고촌읍,"[출처] 번개장터 | [분석모델] NECK_SHOULDER_V2 | [모델근거] detail_text_variant | [원문설명] 풀리오 목어깨 마사지기 v2 새상품입니다 85,000원 (택배비포함) | [원문링크] https://m.bunjang.co.kr/products/359434004"
마사지기,풀리오 마사지 기기,(직거래  할인해드려요) 풀리오 백풀러 허리 마사지기,예약중,"85,000원",옥정2동,2025-09-27,0,5,0,36.5℃,번개장터판매자,생활가전,경기도 양주시 옥정2동,[출처] 번개장터 | [분석모델] BACK_PULLER | [모델근거] text_variant | [원문링크] https://m.bunjang.co.kr/products/356936814
마사지기,풀리오 마사지 기기,풀리오 종아리마사지기 V3(미개봉),거래중,"150,000원",독산제1동,2025-09-26,0,4,0,36.5℃,번개장터판매자,생활가전,서울특별시 금천구 독산제1동,[출처] 번개장터 | [분석모델] CALF_V3 | [모델근거] text_variant | [원문링크] https://m.bunjang.co.kr/products/358928633
마사지기,풀리오 마사지 기기,풀리오 종아리 마사지기 (지퍼 벨크로형)_2.6L,거래중,"114,010원",,2025-09-26,0,0,0,36.5℃,번개장터판매자,생활가전,,[출처] 번개장터 | [분석모델] CALF | [모델근거] text_variant | [원문링크] https://m.bunjang.co.kr/products/287248371
마사지기,풀리오 마사지 기기,풀리오 목어깨 마사지기,거래중,"85,000원",,2025-09-23,0,0,0,36.5℃,번개장터판매자,생활가전,,[출처] 번개장터 | [분석모델] NECK_SHOULDER | [모델근거] text_variant | [원문링크] https://m.bunjang.co.kr/products/358146411
마사지기,풀리오 마사지 기기,풀리오 어깨 목 마사지기,거래중,"70,000원",구로제2동,2025-09-23,0,0,0,36.5℃,번개장터판매자,생활가전,서울특별시 구로구 구로제2동,[출처] 번개장터 | [분석모델] NECK_SHOULDER | [모델근거] text_variant | [원문링크] https://m.bunjang.co.kr/products/358049172
마사지기,풀리오 마사지 기기,풀리오 넥풀러 목 어깨 마사지기 홈케어,거래중,"330,000원",,2025-09-22,0,3,0,36.5℃,번개장터판매자,생활가전,,[출처] 번개장터 | [분석모델] NECK_PULLER | [모델근거] text_variant | [원문링크] https://m.bunjang.co.kr/products/357998297
마사지기,풀리오 마사지 기기,풀리오 종아리마사지기,예약중,"50,000원",청라1동,2025-09-11,0,1,0,36.5℃,번개장터판매자,생활가전,인천광역시 서구 청라1동,[출처] 번개장터 | [분석모델] CALF | [모델근거] text_variant | [원문링크] https://m.bunjang.co.kr/products/355540774
마사지기,풀리오 마사지 기기,(새상품) 풀리오 종아리 마사지기 V3,예약중,"130,000원",,2025-09-01,0,3,0,36.5℃,번개장터판매자,생활가전,,[출처] 번개장터 | [분석모델] CALF_V3 | [모델근거] text_variant | [원문링크] https://m.bunjang.co.kr/products/351553773
마사지기,풀리오 마사지 기기,풀리오 허벅지 마사지기(새제품/풀박스),예약중,"180,000원",,2025-08-29,0,6,0,36.5℃,번개장터판매자,생활가전,,[출처] 번개장터 | [분석모델] THIGH_FULLIGE | [모델근거] text_variant | [원문링크] https://m.bunjang.co.kr/products/350591228
마사지기,풀리오 마사지 기기,풀리오 무선 종아리 마사지기,거래완료,"48,000원",,2026-08-27,0,0,0,36.5℃,번개장터판매자,생활가전,,[출처] 번개장터 | [분석모델] CALF | [모델근거] text_variant | [원문링크] https://m.bunjang.co.kr/products/425990354
마사지기,풀리오 마사지 기기,풀리오 목어깨 안마마사지기 단순개봉상품 판매합니다,거래완료,"30,000원",,2026-08-24,0,0,0,36.5℃,번개장터판매자,생활가전,,[출처] 번개장터 | [분석모델] NECK_SHOULDER | [모델근거] text_variant | [원문링크] https://m.bunjang.co.kr/products/425172763
마사지기,풀리오 마사지 기기,풀리오 종아리 마사지기 PLO-CB227,거래완료,"65,000원",,2026-08-23,0,9,0,36.5℃,번개장터판매자,생활가전,,[출처] 번개장터 | [분석모델] PLO-CB227 | [모델근거] text_code | [원문링크] https://m.bunjang.co.kr/products/424087591
마사지기,풀리오 마사지 기기,풀리오 종아리 마사지기 V3,거래완료,"70,000원",,2026-08-23,0,1,0,36.5℃,번개장터판매자,생활가전,,[출처] 번개장터 | [분석모델] CALF_V3 | [모델근거] text_variant | [원문링크] https://m.bunjang.co.kr/products/425024336
마사지기,풀리오 마사지 기기,풀리오 목/어깨 마사지기 v2 퍼플/화이트,거래완료,"35,000원",,2026-08-21,0,0,0,36.5℃,번개장터판매자,생활가전,,"[출처] 번개장터 | [분석모델] 제품군 공통 | [모델근거] product_group | [원문설명] 거의 사용하지 않았습니다. 5회 미만 사용입니다. 상세사진 첨부합니다. (미세한 얼룩 조금 존재) 충전 케이블 까지 보내드리겠습니다. (C to C도 집에 하나 남아서 필요하시면 보내드릴게요) 꼭 읽고 연락하시길 바랍니다 :) ✔️ 찔러보기, 교신, 네고, 사이즈 문의, 상세사진 등 답하지 않습니다. ✔ 특히! 네고는 바로 차단합니다. (네고를 받기 위해 트집을 잡아 세탁비 명목으로 네고 강요하실 분들 계시다면 정중히 거래 거절하겠습니다.) ✔️ 결정 후에 구매하겠다는 연락만 해주세요. 기본 택포로, 정성스러운 포장으로 보내드립니다. 감사합니다. 거래가 마음에 드셨다면 시간 나실 때 후기도 부탁드려요:) 교환, 환불x | [원문링크] https://m.bunjang.co.kr/products/424889163"
마사지기,풀리오 마사지 기기,미개봉 새상품] 풀리오 폴더백 프리미엄 마사지 매트 팝니다 (추석선물 강추),거래완료,"280,000원",,2026-08-21,0,0,0,36.5℃,번개장터판매자,생활가전,,[출처] 번개장터 | [분석모델] 제품군 공통 | [모델근거] product_group | [원문링크] https://m.bunjang.co.kr/products/422555996
마사지기,풀리오 마사지 기기,풀리오 종아리 마사지기 v3,거래완료,"77,000원",개봉제2동,2026-08-20,0,2,0,36.5℃,번개장터판매자,생활가전,서울특별시 구로구 개봉제2동,[출처] 번개장터 | [분석모델] CALF_V3 | [모델근거] text_variant | [원문링크] https://m.bunjang.co.kr/products/424966387
마사지기,풀리오 마사지 기기,풀리오 무선 종아리 마사지기 v2,거래완료,"50,000원",순흥면,2026-08-20,0,5,0,36.5℃,번개장터판매자,생활가전,경상북도 영주시 순흥면,[출처] 번개장터 | [분석모델] CALF_V2 | [모델근거] text_variant | [원문링크] https://m.bunjang.co.kr/products/424956975
마사지기,풀리오 마사지 기기,풀리오 에어 괄사 마사지기 ML001 박스풀셋 - 2만원,거래완료,"20,000원",,2026-08-17,0,1,0,36.5℃,번개장터판매자,생활가전,,[출처] 번개장터 | [분석모델] ML001 | [모델근거] text_code | [원문링크] https://m.bunjang.co.kr/products/424463248
마사지기,풀리오 마사지 기기,풀리오 목 어깨 마사지기 v2,거래완료,"43,000원",,2026-08-13,0,0,0,36.5℃,번개장터판매자,생활가전,,[출처] 번개장터 | [분석모델] NECK_SHOULDER_V2 | [모델근거] text_variant | [원문링크] https://m.bunjang.co.kr/products/423402022
마사지기,풀리오 마사지 기기,풀리오 무선 종아리 마사지기 V3,거래완료,"105,000원",,2026-08-12,0,22,0,36.5℃,번개장터판매자,생활가전,,[출처] 번개장터 | [분석모델] CALF_V3 | [모델근거] text_variant | [원문링크] https://m.bunjang.co.kr/products/416915956
마사지기,풀리오 마사지 기기,"풀리오 무선 손, 손목 마사지기 상태 좋고 작동잘됩니다",거래완료,"45,000원",선부3동,2026-08-11,0,0,0,36.5℃,번개장터판매자,생활가전,경기도 안산시 단원구 선부3동,[출처] 번개장터 | [분석모델] NECK_SHOULDER | [모델근거] text_variant | [원문링크] https://m.bunjang.co.kr/products/423879168
마사지기,풀리오 마사지 기기,"[DDB강동,S급] 풀리오 손 손목 마사지기 HD002 공기압마사지기",거래완료,"50,000원",,2026-08-11,0,0,0,36.5℃,번개장터판매자,생활가전,,[출처] 번개장터 | [분석모델] HD002 | [모델근거] text_code | [원문링크] https://m.bunjang.co.kr/products/423844392
마사지기,풀리오 마사지 기기,풀리오 에어괄사 마사지기,거래완료,"64,000원",다산1동,2026-08-09,0,1,0,36.5℃,번개장터판매자,생활가전,경기도 남양주시 다산1동,[출처] 번개장터 | [분석모델] AIR_GUASHA | [모델근거] text_variant | [원문링크] https://m.bunjang.co.kr/products/422766560
마사지기,풀리오 마사지 기기,풀리오 폴리오 손 마사지기 V2 판매합니다.,거래완료,"128,000원",,2026-08-02,0,4,0,36.5℃,번개장터판매자,생활가전,,[출처] 번개장터 | [분석모델] HAND_WRIST | [모델근거] text_variant | [원문링크] https://m.bunjang.co.kr/products/422696971
마사지기,풀리오 마사지 기기,풀리오 종아리 마사지기 V3,거래완료,"92,000원",,2026-08-02,0,2,0,36.5℃,번개장터판매자,생활가전,,[출처] 번개장터 | [분석모델] CALF_V3 | [모델근거] text_variant | [원문링크] https://m.bunjang.co.kr/products/422633714
마사지기,풀리오 마사지 기기,풀리오 등허리 쿠션 마사지기,거래완료,"60,000원",,2026-08-01,0,3,0,36.5℃,번개장터판매자,생활가전,,[출처] 번개장터 | [분석모델] WAIST_BACK | [모델근거] text_variant | [원문링크] https://m.bunjang.co.kr/products/422669100
마사지기,풀리오 마사지 기기,풀리오 프리미엄 마사지기(허벅지 종아리),거래완료,"150,000원",,2026-07-31,0,9,0,36.5℃,번개장터판매자,생활가전,,[출처] 번개장터 | [분석모델] THIGH_FULLIGE | [모델근거] text_variant | [원문링크] https://m.bunjang.co.kr/products/422561334
마사지기,풀리오 마사지 기기,풀리오 종아리 마사지기 V3,거래완료,"90,250원",,2026-07-28,0,2,0,36.5℃,번개장터판매자,생활가전,,[출처] 번개장터 | [분석모델] CALF_V3 | [모델근거] text_variant | [원문링크] https://m.bunjang.co.kr/products/421968923
마사지기,풀리오 마사지 기기,풀리오 목어깨 마사지기 V2 라벤더,거래완료,"30,000원",,2026-07-28,0,2,0,36.5℃,번개장터판매자,생활가전,,[출처] 번개장터 | [분석모델] NECK_SHOULDER_V2 | [모델근거] text_variant | [원문링크] https://m.bunjang.co.kr/products/422183345
마사지기,풀리오 마사지 기기,풀리오 pulio 종아리 마사지기,거래완료,"65,000원",,2026-07-25,0,14,0,36.5℃,번개장터판매자,생활가전,,[출처] 번개장터 | [분석모델] CALF | [모델근거] text_variant | [원문링크] https://m.bunjang.co.kr/products/417060073
마사지기,풀리오 마사지 기기,풀리오 v3 마사지기 팝니다,거래완료,"50,000원",화곡본동,2026-07-25,0,0,0,36.5℃,번개장터판매자,생활가전,서울특별시 강서구 화곡본동,[출처] 번개장터 | [분석모델] 제품군 공통 | [모델근거] product_group | [원문설명] 풀리오 v3 팝니다 한두번 써보고 파는거라 새상품이랑 다를게 없습니다 박스는 따로 없고 본품만 있습니다 직거래는 화곡동에서 가능합니다 5만원 | [원문링크] https://m.bunjang.co.kr/products/420265320
마사지기,풀리오 마사지 기기,풀리오 목 어깨 두드림 마사지기 V3,거래완료,"90,000원",,2026-07-24,0,3,0,36.5℃,번개장터판매자,생활가전,,[출처] 번개장터 | [분석모델] NECK_SHOULDER_V3 | [모델근거] text_variant | [원문링크] https://m.bunjang.co.kr/products/418339817
마사지기,풀리오 마사지 기기,풀리오 풀리지 허벅지 마사지기,거래완료,"119,400원",,2026-07-24,0,18,0,36.5℃,번개장터판매자,생활가전,,[출처] 번개장터 | [분석모델] THIGH_FULLIGE | [모델근거] text_variant | [원문링크] https://m.bunjang.co.kr/products/421690820
마사지기,풀리오 마사지 기기,풀리오 종아리 마사지기 V3 퍼플,거래완료,"80,000원",회덕동,2026-07-24,0,0,0,36.5℃,번개장터판매자,생활가전,대전광역시 대덕구 회덕동,[출처] 번개장터 | [분석모델] CALF_V3 | [모델근거] text_variant | [원문링크] https://m.bunjang.co.kr/products/421676272
마사지기,풀리오 마사지 기기,풀리오 종아리 마사지기,거래완료,"70,000원",,2026-07-23,0,4,0,36.5℃,번개장터판매자,생활가전,,[출처] 번개장터 | [분석모델] CALF | [모델근거] text_variant | [원문링크] https://m.bunjang.co.kr/products/420037270
마사지기,풀리오 마사지 기기,미개봉)새상품 풀리오 목어깨 마사지기 V2 네고가능,거래완료,"89,000원",,2026-07-20,0,3,0,36.5℃,번개장터판매자,생활가전,,[출처] 번개장터 | [분석모델] NECK_SHOULDER_V2 | [모델근거] text_variant | [원문링크] https://m.bunjang.co.kr/products/413943061
마사지기,풀리오 마사지 기기,풀리오 허리 마사지기(5회미만사용),거래완료,"60,000원",,2026-07-20,0,0,0,36.5℃,번개장터판매자,생활가전,,[출처] 번개장터 | [분석모델] WAIST_BACK | [모델근거] text_variant | [원문링크] https://m.bunjang.co.kr/products/418068141
마사지기,풀리오 마사지 기기,풀리오 풀리지 허벅지 마사지기,거래완료,"110,000원",,2026-07-19,0,0,0,36.5℃,번개장터판매자,생활가전,,[출처] 번개장터 | [분석모델] THIGH_FULLIGE | [모델근거] text_variant | [원문링크] https://m.bunjang.co.kr/products/420890295
마사지기,풀리오 마사지 기기,풀리오 허벅지 종아리 마사지기,거래완료,"145,000원",고성동,2026-07-19,0,4,0,36.5℃,번개장터판매자,생활가전,대구광역시 북구 고성동,[출처] 번개장터 | [분석모델] THIGH_FULLIGE | [모델근거] text_variant | [원문링크] https://m.bunjang.co.kr/products/418878720
마사지기,풀리오 마사지 기기,풀리오 종아리 마사지기 V2 블랙 PLO-CB227 / 1개 단일상품,거래완료,"56,000원",,2026-07-18,0,0,0,36.5℃,번개장터판매자,생활가전,,[출처] 번개장터 | [분석모델] PLO-CB227 | [모델근거] text_code | [원문링크] https://m.bunjang.co.kr/products/420647619
마사지기,풀리오 마사지 기기,풀리오 무선 종아리 마사지기V2,거래완료,"70,000원",,2026-07-16,0,7,0,36.5℃,번개장터판매자,생활가전,,[출처] 번개장터 | [분석모델] CALF_V2 | [모델근거] text_variant | [원문링크] https://m.bunjang.co.kr/products/419023700
마사지기,풀리오 마사지 기기,[마사지기] 풀리오 목어깨 마사지기 풀박스 신품 동급,거래완료,"50,000원",화전동,2026-07-16,0,4,0,36.5℃,번개장터판매자,생활가전,경기도 고양시 덕양구 화전동,[출처] 번개장터 | [분석모델] NECK_SHOULDER | [모델근거] text_variant | [원문링크] https://m.bunjang.co.kr/products/417072303
마사지기,풀리오 마사지 기기,풀리오 목 어깨 마사지기 v3,거래완료,"80,000원",풍무동,2026-07-16,0,1,0,36.5℃,번개장터판매자,생활가전,경기도 김포시 풍무동,[출처] 번개장터 | [분석모델] NECK_SHOULDER_V3 | [모델근거] text_variant | [원문링크] https://m.bunjang.co.kr/products/420082881
마사지기,풀리오 마사지 기기,풀리오 목어깨 두드림 마사지기 V3,거래완료,"100,000원",,2026-07-15,0,2,0,36.5℃,번개장터판매자,생활가전,,[출처] 번개장터 | [분석모델] NECK_SHOULDER_V3 | [모델근거] text_variant | [원문링크] https://m.bunjang.co.kr/products/420027944
마사지기,풀리오 마사지 기기,풀리오 종아리 마사지기 V2  새것미개봉박스채,거래완료,"83,990원",,2026-07-15,0,3,0,36.5℃,번개장터판매자,생활가전,,[출처] 번개장터 | [분석모델] CALF_V2 | [모델근거] text_variant | [원문링크] https://m.bunjang.co.kr/products/417390460
마사지기,풀리오 마사지 기기,풀리오 무선 종아리 마사지기 v3 판매합니다,거래완료,"69,000원",,2026-07-13,0,0,0,36.5℃,번개장터판매자,생활가전,,[출처] 번개장터 | [분석모델] CALF_V3 | [모델근거] text_variant | [원문링크] https://m.bunjang.co.kr/products/419694599
마사지기,풀리오 마사지 기기,풀리오 허리마사지기 리모컨 포함 풀박스,거래완료,"69,000원",,2026-07-13,0,0,0,36.5℃,번개장터판매자,생활가전,,[출처] 번개장터 | [분석모델] WAIST_BACK | [모델근거] text_variant | [원문링크] https://m.bunjang.co.kr/products/419683559
마사지기,풀리오 마사지 기기,풀리오 미니맥스 마사지건 단순개봉 새상품,거래완료,"34,000원",,2026-07-11,0,0,0,36.5℃,번개장터판매자,생활가전,,[출처] 번개장터 | [분석모델] MASSAGE_GUN | [모델근거] text_variant | [원문링크] https://m.bunjang.co.kr/products/419332479
마사지기,풀리오 마사지 기기,풀리오 허벅지 마사지기,거래완료,"140,000원",신길제1동,2026-07-09,0,1,0,36.5℃,번개장터판매자,생활가전,서울특별시 영등포구 신길제1동,[출처] 번개장터 | [분석모델] THIGH_FULLIGE | [모델근거] text_variant | [원문링크] https://m.bunjang.co.kr/products/418948579
마사지기,풀리오 마사지 기기,새상품) 풀리오 종아리 마사지기 V2,거래완료,"78,000원",,2026-07-08,0,1,0,36.5℃,번개장터판매자,생활가전,,[출처] 번개장터 | [분석모델] CALF_V2 | [모델근거] text_variant | [원문링크] https://m.bunjang.co.kr/products/418444673
마사지기,풀리오 마사지 기기,풀리오다리마사지기,거래완료,"65,000원",,2026-07-08,0,5,0,36.5℃,번개장터판매자,생활가전,,[출처] 번개장터 | [분석모델] CALF | [모델근거] text_variant | [원문링크] https://m.bunjang.co.kr/products/403261223
마사지기,풀리오 마사지 기기,풀리오 무선 종아리 마사지기 V3,거래완료,"110,000원",,2026-07-08,0,0,0,36.5℃,번개장터판매자,생활가전,,[출처] 번개장터 | [분석모델] CALF_V3 | [모델근거] text_variant | [원문링크] https://m.bunjang.co.kr/products/418668975
마사지기,풀리오 마사지 기기,풀리오 플리오 허벅지종아리마사지기 새상품,거래완료,"139,000원",,2026-07-08,0,0,0,36.5℃,번개장터판매자,생활가전,,[출처] 번개장터 | [분석모델] THIGH_FULLIGE | [모델근거] text_variant | [원문링크] https://m.bunjang.co.kr/products/418625234
마사지기,풀리오 마사지 기기,풀리오 풀리지 허벅지 마사지기,거래완료,"135,000원",,2026-07-06,0,4,0,36.5℃,번개장터판매자,생활가전,,[출처] 번개장터 | [분석모델] THIGH_FULLIGE | [모델근거] text_variant | [원문링크] https://m.bunjang.co.kr/products/418330351
마사지기,풀리오 마사지 기기,풀리오 무선 종아리 마사지기,거래완료,"50,000원",계양1동,2026-07-05,0,0,0,36.5℃,번개장터판매자,생활가전,인천광역시 계양구 계양1동,[출처] 번개장터 | [분석모델] CALF | [모델근거] text_variant | [원문링크] https://m.bunjang.co.kr/products/418134048
마사지기,풀리오 마사지 기기,풀리오 퍼플 손마사지기 (2회 사용),거래완료,"50,000원",,2026-07-05,0,0,0,36.5℃,번개장터판매자,생활가전,,[출처] 번개장터 | [분석모델] HAND_WRIST | [모델근거] text_variant | [원문링크] https://m.bunjang.co.kr/products/418067879
마사지기,풀리오 마사지 기기,미개봉) 풀리오 풀리지 허벅지 마사지기,거래완료,"180,000원",,2026-07-05,0,2,0,36.5℃,번개장터판매자,생활가전,,[출처] 번개장터 | [분석모델] THIGH_FULLIGE | [모델근거] text_variant | [원문링크] https://m.bunjang.co.kr/products/418053777
마사지기,풀리오 마사지 기기,풀리오 목 어깨 두드림 마사지기 V3,거래완료,"70,000원",,2026-07-05,0,0,0,36.5℃,번개장터판매자,생활가전,,[출처] 번개장터 | [분석모델] NECK_SHOULDER_V3 | [모델근거] text_variant | [원문링크] https://m.bunjang.co.kr/products/418039688
마사지기,풀리오 마사지 기기,풀리오 무선 종아리 마사지기 V3,거래완료,"85,000원",운양동,2026-07-05,0,0,0,36.5℃,번개장터판매자,생활가전,경기도 김포시 운양동,[출처] 번개장터 | [분석모델] CALF_V3 | [모델근거] text_variant | [원문링크] https://m.bunjang.co.kr/products/418000815
마사지기,풀리오 마사지 기기,풀리오 손목마사지기 라벤더,거래완료,"50,000원",,2026-07-03,0,2,0,36.5℃,번개장터판매자,생활가전,,[출처] 번개장터 | [분석모델] NECK_SHOULDER | [모델근거] text_variant | [원문링크] https://m.bunjang.co.kr/products/417579185
마사지기,풀리오 마사지 기기,풀리오 손 마사지기,거래완료,"55,000원",관음동,2026-07-01,0,0,0,36.5℃,번개장터판매자,생활가전,대구광역시 북구 관음동,[출처] 번개장터 | [분석모델] HAND_WRIST | [모델근거] text_variant | [원문링크] https://m.bunjang.co.kr/products/417330068
마사지기,풀리오 마사지 기기,풀리오 넥풀러 목 어깨 마사지기 상태 s급 최저가 판매,거래완료,"99,000원",,2026-07-01,0,1,0,36.5℃,번개장터판매자,생활가전,,[출처] 번개장터 | [분석모델] NECK_PULLER | [모델근거] text_variant | [원문링크] https://m.bunjang.co.kr/products/417177606
마사지기,풀리오 마사지 기기,풀리오 백플러 허리 마사지기,거래완료,"150,000원",당진3동,2026-06-29,0,0,0,36.5℃,번개장터판매자,생활가전,충청남도 당진시 당진3동,[출처] 번개장터 | [분석모델] BACK_PULLER | [모델근거] text_variant | [원문링크] https://m.bunjang.co.kr/products/416826015
마사지기,풀리오 마사지 기기,풀리오 종아리 마사지기,거래완료,"59,000원",,2026-06-28,0,1,0,36.5℃,번개장터판매자,생활가전,,[출처] 번개장터 | [분석모델] CALF | [모델근거] text_variant | [원문링크] https://m.bunjang.co.kr/products/416684053
마사지기,풀리오 마사지 기기,풀리오 미니맥스 마사지기 구성품 풀셋,거래완료,"40,000원",,2026-06-28,0,1,0,36.5℃,번개장터판매자,생활가전,,"[출처] 번개장터 | [분석모델] MASSAGE_GUN | [모델근거] detail_text_variant | [원문설명] 풀리오 미니맥스 마사지건 풀박스 구성이에요 다양한 헤드와 충전 케이블, 파우치까지 모두 포함되어 있어요 사진에서 보시는 것처럼 깔끔한 상태랍니다 풀충전1회하고 두세번 써봤어요. 뭉친 근육을 시원하게 풀어줄 마사지건을 찾으시는 분들께 추천드려요. 구매 원하시면 바로 안전결제 해주시면 됩니다! | [원문링크] https://m.bunjang.co.kr/products/416595700"
마사지기,풀리오 마사지 기기,풀리오 종아리 마사지기 V3 미개봉 새제품,거래완료,"110,000원",,2026-06-27,0,0,0,36.5℃,번개장터판매자,생활가전,,[출처] 번개장터 | [분석모델] CALF_V3 | [모델근거] text_variant | [원문링크] https://m.bunjang.co.kr/products/416527934
마사지기,풀리오 마사지 기기,(미개봉 새상품) 풀리오 풀리지 허벅지 마사지기,거래완료,"185,000원",해밀동,2026-06-27,0,4,0,36.5℃,번개장터판매자,생활가전,세종특별자치시  해밀동,[출처] 번개장터 | [분석모델] THIGH_FULLIGE | [모델근거] text_variant | [원문링크] https://m.bunjang.co.kr/products/416475644
마사지기,풀리오 마사지 기기,풀리오 어깨 마사지기 V3,거래완료,"90,000원",,2026-06-26,0,5,0,36.5℃,번개장터판매자,생활가전,,[출처] 번개장터 | [분석모델] 제품군 공통 | [모델근거] product_group | [원문설명] 한 번 사용하고 넣어두었습니다 우체국 택배로 보내드립니다 | [원문링크] https://m.bunjang.co.kr/products/416334103
마사지기,풀리오 마사지 기기,[마사지] 풀리오 등허리 쿠션 마사지기,거래완료,"70,000원",,2026-06-26,0,1,0,36.5℃,번개장터판매자,생활가전,,[출처] 번개장터 | [분석모델] WAIST_BACK | [모델근거] text_variant | [원문링크] https://m.bunjang.co.kr/products/416242104
마사지기,풀리오 마사지 기기,V3 풀리오 다리 마사지기,거래완료,"60,000원",,2026-06-24,0,2,0,36.5℃,번개장터판매자,생활가전,,[출처] 번개장터 | [분석모델] CALF_V3 | [모델근거] text_variant | [원문링크] https://m.bunjang.co.kr/products/415889185
마사지기,풀리오 마사지 기기,풀리오 허벅지 마사지기,거래완료,"118,000원",,2026-06-23,0,0,0,36.5℃,번개장터판매자,생활가전,,[출처] 번개장터 | [분석모델] THIGH_FULLIGE | [모델근거] text_variant | [원문링크] https://m.bunjang.co.kr/products/415722166
마사지기,풀리오 마사지 기기,풀리오 종아리 마사지기 v2,거래완료,"80,000원",강일동,2026-06-21,0,0,0,36.5℃,번개장터판매자,생활가전,서울특별시 강동구 강일동,[출처] 번개장터 | [분석모델] CALF_V2 | [모델근거] text_variant | [원문링크] https://m.bunjang.co.kr/products/415381974
마사지기,풀리오 마사지 기기,[새상품] 혼바디 DBL샷 EMS 고주파 마사지기,거래완료,"45,000원",,2026-06-21,0,3,0,36.5℃,번개장터판매자,생활가전,,[출처] 번개장터 | [분석모델] NHEB1D11FOMWAI | [모델근거] detail_text_code | [원문설명] 혼바디 DBL샷 EMS 고주파 마사지기입니다. 다양한 모드와 강도 조절이 가능하여 맞춤형 관리가 가능합니다. 피부 탄력 개선과 슬리밍 효과를 기대할 수 있습니다. 구매 원하시면 바로 안전결제 해주시면 됩니다! https://oy.run/nHEB1d11fOmWAi 올리브영에서 정가 15만원짜리를 10만 9천원에 판매 중이네요 | [원문링크] https://m.bunjang.co.kr/products/413812266
마사지기,풀리오 마사지 기기,"[DDB하남,A급] 풀리오 손 손목 마사지기 HD002",거래완료,"70,000원",,2026-06-21,0,0,0,36.5℃,번개장터판매자,생활가전,,[출처] 번개장터 | [분석모델] HD002 | [모델근거] text_code | [원문링크] https://m.bunjang.co.kr/products/415352708
마사지기,풀리오 마사지 기기,풀리오 넥풀러 목 어깨 마사지기 미사용 풀박스,거래완료,"150,000원",노형동,2026-06-20,0,0,0,36.5℃,번개장터판매자,생활가전,제주특별자치도 제주시 노형동,[출처] 번개장터 | [분석모델] NECK_PULLER | [모델근거] text_variant | [원문링크] https://m.bunjang.co.kr/products/415091182
마사지기,풀리오 마사지 기기,풀리오 종아리 마사지기 V3,거래완료,"60,000원",,2026-06-20,0,0,0,36.5℃,번개장터판매자,생활가전,,[출처] 번개장터 | [분석모델] CALF_V3 | [모델근거] text_variant | [원문링크] https://m.bunjang.co.kr/products/415022099
마사지기,풀리오 마사지 기기,풀리오 목어깨 마사지기 V2,거래완료,"52,000원",영등1동,2026-06-19,0,1,0,36.5℃,번개장터판매자,생활가전,전북특별자치도 익산시 영등1동,[출처] 번개장터 | [분석모델] NECK_SHOULDER_V2 | [모델근거] text_variant | [원문링크] https://m.bunjang.co.kr/products/387486183
마사지기,풀리오 마사지 기기,[마사지기] 풀리오 어깨 마사지기,거래완료,"45,000원",,2026-06-19,0,0,0,36.5℃,번개장터판매자,생활가전,,"[출처] 번개장터 | [분석모델] 제품군 공통 | [모델근거] product_group | [원문설명] 아름다운가게는 나에게는 더이상 필요없지만 누군가에게는 필요한 물건을 기부받아 판매하고 얻어진 수익금으로 어려운 이웃을 돕고, 환경을 위해 활동하는 비영리단체이자 사회적기업입니다. ☘️상품정보 풀리오 어깨 마사지기 V2 입니다 목과 어깨 뭉친 근육을 시원하게 풀어줍니다. 충전 케이블과 설명서 모두 포함되어 있습니다. 구매 원하시면 바로 안전결제 해주시면 됩니다! ☘️상품 컨디션 10/8 ☘️배송비 포함 ☘️빈티지특성상 확인하지 못한 하자나 오염이 있을 수 있습니다. 결제한 금액은 어려운 이웃과 환경을 위해 기부되니 신중한 구매 부탁드립니다. ☘️최대한 상품에 대한 많은 정보를 드리기 위해 많은 사진을 촬영하여 업로드합니다. 사진 꼼꼼히 확인 후 구매 부탁드립니다. | [원문링크] https://m.bunjang.co.kr/products/414877013"
마사지기,풀리오 마사지 기기,"[DDB하남,B급] 풀리오 풀리션 마사지부츠 팬텀 블랙",거래완료,"55,000원",,2026-06-18,0,0,0,36.5℃,번개장터판매자,생활가전,,[출처] 번개장터 | [분석모델] PULLITION | [모델근거] text_variant | [원문링크] https://m.bunjang.co.kr/products/414784538
마사지기,풀리오 마사지 기기,풀리오 무선 종아리 마사지기 v2 cb227,거래완료,"75,000원",,2026-06-16,0,0,0,36.5℃,번개장터판매자,생활가전,,[출처] 번개장터 | [분석모델] CALF_V2 | [모델근거] text_variant | [원문링크] https://m.bunjang.co.kr/products/414500504
마사지기,풀리오 마사지 기기,풀리오 종아리 마사지기 V2 (퍼플 색상),거래완료,"77,000원",,2026-06-16,0,2,0,36.5℃,번개장터판매자,생활가전,,[출처] 번개장터 | [분석모델] CALF_V2 | [모델근거] text_variant | [원문링크] https://m.bunjang.co.kr/products/410961536
마사지기,풀리오 마사지 기기,풀리오 손마사지기,거래완료,"80,000원",목3동,2026-06-16,0,0,0,36.5℃,번개장터판매자,생활가전,서울특별시 양천구 목3동,[출처] 번개장터 | [분석모델] HAND_WRIST | [모델근거] text_variant | [원문링크] https://m.bunjang.co.kr/products/414377716
마사지기,풀리오 마사지 기기,[마사지기]  풀리오 종아리 마사지기 일반형 무선 공기압 강도조절,거래완료,"70,000원",,2026-06-15,0,2,0,36.5℃,번개장터판매자,생활가전,,[출처] 번개장터 | [분석모델] CALF | [모델근거] text_variant | [원문링크] https://m.bunjang.co.kr/products/414307276
마사지기,풀리오 마사지 기기,풀리오 목 마사지기,거래완료,"50,000원",,2026-06-15,0,0,0,36.5℃,번개장터판매자,생활가전,,[출처] 번개장터 | [분석모델] NECK_SHOULDER | [모델근거] text_variant | [원문링크] https://m.bunjang.co.kr/products/413931802
마사지기,풀리오 마사지 기기,풀리오 풀리지 허벅지 마사지기,거래완료,"150,000원",화명제3동,2026-06-14,0,0,0,36.5℃,번개장터판매자,생활가전,부산광역시 북구 화명제3동,[출처] 번개장터 | [분석모델] THIGH_FULLIGE | [모델근거] text_variant | [원문링크] https://m.bunjang.co.kr/products/414054836
마사지기,풀리오 마사지 기기,풀리오 무선 마사지기 25년 2월 제조,거래완료,"110,000원",용산2가동,2026-06-14,0,1,0,36.5℃,번개장터판매자,생활가전,서울특별시 용산구 용산2가동,[출처] 번개장터 | [분석모델] 제품군 공통 | [모델근거] product_group | [원문설명] 얼마 사용 안해서 깨끗해요 | [원문링크] https://m.bunjang.co.kr/products/413661786
마사지기,풀리오 마사지 기기,[무료배송] 풀리오 V3 종아리 마사지기 풀세트,거래완료,"95,000원",,2026-06-12,0,2,0,36.5℃,번개장터판매자,생활가전,,[출처] 번개장터 | [분석모델] CALF_V3 | [모델근거] text_variant | [원문링크] https://m.bunjang.co.kr/products/413631771
마사지기,풀리오 마사지 기기,풀리오 v3 종아리 마사지기 25년 9월 제조,거래완료,"65,000원",도곡1동,2026-06-12,0,9,0,36.5℃,번개장터판매자,생활가전,서울특별시 강남구 도곡1동,[출처] 번개장터 | [분석모델] CALF_V3 | [모델근거] text_variant | [원문링크] https://m.bunjang.co.kr/products/413180932
마사지기,풀리오 마사지 기기,풀리오 풀리지 허벅지 마사지기 블랙,거래완료,"100,000원",,2026-06-11,0,2,0,36.5℃,번개장터판매자,생활가전,,[출처] 번개장터 | [분석모델] THIGH_FULLIGE | [모델근거] text_variant | [원문링크] https://m.bunjang.co.kr/products/413543332
마사지기,풀리오 마사지 기기,풀리오 손목 마사지기,거래완료,"53,000원",혜화동,2026-06-10,0,3,0,36.5℃,번개장터판매자,생활가전,서울특별시 종로구 혜화동,[출처] 번개장터 | [분석모델] NECK_SHOULDER | [모델근거] text_variant | [원문링크] https://m.bunjang.co.kr/products/412176693
마사지기,풀리오 마사지 기기,"풀리오 목 어깨 마사지기, 눈 마사지기",거래완료,"50,000원",내수읍,2026-06-10,0,5,0,36.5℃,번개장터판매자,생활가전,충청북도 청주시 청원구 내수읍,[출처] 번개장터 | [분석모델] NECK_SHOULDER | [모델근거] text_variant | [원문링크] https://m.bunjang.co.kr/products/408908571
마사지기,풀리오 마사지 기기,풀리오 백풀러 허리마사지기,거래완료,"60,000원",,2026-06-08,0,3,0,36.5℃,번개장터판매자,생활가전,,[출처] 번개장터 | [분석모델] BACK_PULLER | [모델근거] text_variant | [원문링크] https://m.bunjang.co.kr/products/412714787
마사지기,풀리오 마사지 기기,풀리오 목 어깨 마사지기,거래완료,"40,000원",군자동,2026-06-06,0,3,0,36.5℃,번개장터판매자,생활가전,서울특별시 광진구 군자동,[출처] 번개장터 | [분석모델] NECK_SHOULDER | [모델근거] text_variant | [원문링크] https://m.bunjang.co.kr/products/411313943
마사지기,풀리오 마사지 기기,풀리오 에어 괄사 마사지기,거래완료,"40,000원",,2026-06-04,0,0,0,36.5℃,번개장터판매자,생활가전,,[출처] 번개장터 | [분석모델] AIR_GUASHA | [모델근거] text_variant | [원문링크] https://m.bunjang.co.kr/products/412183399
마사지기,풀리오 마사지 기기,풀리오 등허리 쿠션 마사지기,거래완료,"59,000원",,2026-06-03,0,1,0,36.5℃,번개장터판매자,생활가전,,[출처] 번개장터 | [분석모델] WAIST_BACK | [모델근거] text_variant | [원문링크] https://m.bunjang.co.kr/products/412128356
마사지기,풀리오 마사지 기기,풀리오 종아리 마사지기 v3,거래완료,"70,000원",,2026-06-01,0,5,0,36.5℃,번개장터판매자,생활가전,,[출처] 번개장터 | [분석모델] CALF_V3 | [모델근거] text_variant | [원문링크] https://m.bunjang.co.kr/products/410827414
마사지기,풀리오 마사지 기기,풀리오 v3 박스 없음,거래완료,"86,000원",,2026-05-31,0,5,0,36.5℃,번개장터판매자,생활가전,,[출처] 번개장터 | [분석모델] 제품군 공통 | [모델근거] product_group | [원문설명] 박스 없고 전용 충전기만 있어요 그거빼곤 작동잘 되고 새거입니당 마지막 가격내림 | [원문링크] https://m.bunjang.co.kr/products/408467618
마사지기,풀리오 마사지 기기,풀리오 목 어깨 마사지기 V3,거래완료,"94,100원",,2026-05-31,0,1,0,36.5℃,번개장터판매자,생활가전,,[출처] 번개장터 | [분석모델] NECK_SHOULDER_V3 | [모델근거] text_variant | [원문링크] https://m.bunjang.co.kr/products/411495222
마사지기,풀리오 마사지 기기,풀리오 목 어깨 마사지기 V2,거래완료,"40,000원",,2026-05-31,0,1,0,36.5℃,번개장터판매자,생활가전,,[출처] 번개장터 | [분석모델] NECK_SHOULDER_V2 | [모델근거] text_variant | [원문링크] https://m.bunjang.co.kr/products/411356295
마사지기,풀리오 마사지 기기,풀리오 종아리 마사지기 V3,거래완료,"70,000원",군자동,2026-05-30,0,1,0,36.5℃,번개장터판매자,생활가전,서울특별시 광진구 군자동,[출처] 번개장터 | [분석모델] CALF_V3 | [모델근거] text_variant | [원문링크] https://m.bunjang.co.kr/products/411314438
마사지기,풀리오 마사지 기기,풀리오 목 어깨 마사지기 V3,거래완료,"80,000원",,2026-05-30,0,0,0,36.5℃,번개장터판매자,생활가전,,[출처] 번개장터 | [분석모델] NECK_SHOULDER_V3 | [모델근거] text_variant | [원문링크] https://m.bunjang.co.kr/products/411295579
마사지기,풀리오 마사지 기기,풀리오풀리오 종아리 마사지기 V3,거래완료,"70,000원",,2026-05-29,0,5,0,36.5℃,번개장터판매자,생활가전,,[출처] 번개장터 | [분석모델] CALF_V3 | [모델근거] text_variant | [원문링크] https://m.bunjang.co.kr/products/411008932
마사지기,풀리오 마사지 기기,풀리오 목어깨 마사지기,거래완료,"48,000원",,2026-05-28,0,13,0,36.5℃,번개장터판매자,생활가전,,[출처] 번개장터 | [분석모델] NECK_SHOULDER | [모델근거] text_variant | [원문링크] https://m.bunjang.co.kr/products/405434674
마사지기,풀리오 마사지 기기,Pulio 풀리오 등허리쿠션 마사지기,거래완료,"68,000원",삼평동,2026-05-25,0,3,0,36.5℃,번개장터판매자,생활가전,경기도 성남시 분당구 삼평동,[출처] 번개장터 | [분석모델] WAIST_BACK | [모델근거] text_variant | [원문링크] https://m.bunjang.co.kr/products/410125749
마사지기,풀리오 마사지 기기,Pulio 다리 종아리 마사지기 퍼플,거래완료,"66,000원",,2026-03-01,0,10,0,36.5℃,번개장터판매자,생활가전,,[출처] 번개장터 | [분석모델] CALF | [모델근거] text_variant | [원문링크] https://m.bunjang.co.kr/products/392429974
