카테고리,검색어,제목,상태,가격,지역,등록시각,채팅수,관심수,조회수,매너온도,판매자닉네임,상세카테고리,거래희망장소,상세설명
분유포트,브레짜 분유포트,26년 구입) 브레짜 분유제조기 #분유제조기 #금토일만 16만원,거래중,"170,000원",,2026-08-26,0,0,0,36.5℃,중고나라판매자,유아동,,[출처] 중고나라 | [분석모델] FORMULA_PRO | [모델근거] text_variant | [원문링크] https://web.joongna.com/product/231672145
분유포트,브레짜 분유포트,베이비브레짜 분유제조기+깔때기3개 <미개봉새제품>,거래중,"250,000원",,2026-08-10,0,0,0,36.5℃,중고나라판매자,유아동,,[출처] 중고나라 | [분석모델] FORMULA_PRO | [모델근거] text_variant | [원문링크] https://web.joongna.com/product/231226455
분유포트,브레짜 분유포트,베이비브레짜 분유제조기 새상품 미개봉 택포,거래완료,"180,000원",동탄7동,2026-08-07,0,0,0,36.5℃,중고나라판매자,유아동,동탄7동,[출처] 중고나라 | [분석모델] FORMULA_PRO | [모델근거] text_variant | [원문링크] https://web.joongna.com/product/231107910
분유포트,브레짜 분유포트,베이비브레짜 분유제조기 화이트,거래중,"99,000원",화순읍,2026-07-21,0,0,0,36.5℃,중고나라판매자,유아동,화순읍,[출처] 중고나라 | [분석모델] FORMULA_PRO | [모델근거] text_variant | [원문링크] https://web.joongna.com/product/214321101
분유포트,브레짜 분유포트,베이비브레짜 분유제조기,거래중,"220,000원",,2026-07-21,0,0,0,36.5℃,중고나라판매자,유아동,,[출처] 중고나라 | [분석모델] FORMULA_PRO | [모델근거] text_variant | [원문링크] https://web.joongna.com/product/230490991
분유포트,브레짜 분유포트,베이비브레짜 분유제조기 화이트,거래중,"150,000원",운정1동,2026-07-15,0,0,0,36.5℃,중고나라판매자,유아동,운정1동,[출처] 중고나라 | [분석모델] FORMULA_PRO | [모델근거] text_variant | [원문링크] https://web.joongna.com/product/230642442
분유포트,브레짜 분유포트,브레짜 자동 분유제조기,거래중,"180,000원",수송동,2026-07-15,0,0,0,36.5℃,중고나라판매자,유아동,수송동,[출처] 중고나라 | [분석모델] FORMULA_PRO | [모델근거] text_variant | [원문링크] https://web.joongna.com/product/229635363
분유포트,브레짜 분유포트,베이비브레짜 분유제조기 2026년 6월 신상품,거래완료,"150,000원",상현1동,2026-07-11,0,0,0,36.5℃,중고나라판매자,유아동,상현1동,[출처] 중고나라 | [분석모델] FORMULA_PRO | [모델근거] text_variant | [원문링크] https://web.joongna.com/product/230506706
분유포트,브레짜 분유포트,베이비브레짜 분유제조기 팝니다,거래완료,"69,000원",황학동,2026-07-07,0,0,0,36.5℃,중고나라판매자,유아동,황학동,[출처] 중고나라 | [분석모델] FORMULA_PRO | [모델근거] text_variant | [원문링크] https://web.joongna.com/product/229530683
분유포트,브레짜 분유포트,분유제조기 베이비 브레짜 미개봉,거래완료,"200,000원",반월동,2026-07-06,0,0,0,36.5℃,중고나라판매자,유아동,반월동,[출처] 중고나라 | [분석모델] FORMULA_PRO | [모델근거] text_variant | [원문링크] https://web.joongna.com/product/230349691
분유포트,브레짜 분유포트,베이비 브레짜 분유제조기 판매합니다!,거래중,"120,000원",,2026-07-05,0,0,0,36.5℃,중고나라판매자,유아동,,[출처] 중고나라 | [분석모델] FORMULA_PRO | [모델근거] text_variant | [원문링크] https://web.joongna.com/product/230221027
분유포트,브레짜 분유포트,브레짜 분유제조기,거래완료,"160,000원",배곧1동,2026-06-06,0,0,0,36.5℃,중고나라판매자,유아동,배곧1동,[출처] 중고나라 | [분석모델] FORMULA_PRO | [모델근거] text_variant | [원문링크] https://web.joongna.com/product/229242299
분유포트,브레짜 분유포트,베이비브레짜 신형 자동 분유제조기,거래중,"150,000원",,2026-05-27,0,0,0,36.5℃,중고나라판매자,유아동,,[출처] 중고나라 | [분석모델] FORMULA_PRO | [모델근거] text_variant | [원문링크] https://web.joongna.com/product/229043261
분유포트,브레짜 분유포트,브레짜 분유제조기,거래완료,"19,000원",오남읍,2026-05-22,0,0,0,36.5℃,중고나라판매자,유아동,오남읍,[출처] 중고나라 | [분석모델] FORMULA_PRO | [모델근거] text_variant | [원문링크] https://web.joongna.com/product/228834130
분유포트,브레짜 분유포트,브레짜 분유제조기 새상품,거래중,"270,000원",도화1동,2026-05-22,0,0,0,36.5℃,중고나라판매자,유아동,도화1동,[출처] 중고나라 | [분석모델] FORMULA_PRO | [모델근거] text_variant | [원문링크] https://web.joongna.com/product/228853343
분유포트,브레짜 분유포트,브레짜 분유제조기 미개봉 새상품,거래완료,"204,000원",,2026-05-18,0,0,0,36.5℃,중고나라판매자,유아동,,[출처] 중고나라 | [분석모델] FORMULA_PRO | [모델근거] text_variant | [원문링크] https://web.joongna.com/product/228726928
분유포트,브레짜 분유포트,베이비브레짜 분유제조기,거래완료,"230,000원",,2026-05-16,0,0,0,36.5℃,중고나라판매자,유아동,,[출처] 중고나라 | [분석모델] FORMULA_PRO | [모델근거] text_variant | [원문링크] https://web.joongna.com/product/228649194
분유포트,브레짜 분유포트,브레짜 분유제조기 새싱품,거래중,"219,000원",,2026-05-06,0,0,0,36.5℃,중고나라판매자,유아동,,[출처] 중고나라 | [분석모델] FORMULA_PRO | [모델근거] text_variant | [원문링크] https://web.joongna.com/product/228054453
분유포트,브레짜 분유포트,베이비브레짜 분유제조기,거래중,"240,000원",권선2동,2026-04-26,0,0,0,36.5℃,중고나라판매자,유아동,권선2동,[출처] 중고나라 | [분석모델] FORMULA_PRO | [모델근거] text_variant | [원문링크] https://web.joongna.com/product/227892578
분유포트,브레짜 분유포트,(새상품급)브레짜 분유제조기,거래완료,"160,000원",효문동,2026-04-26,0,0,0,36.5℃,중고나라판매자,유아동,효문동,[출처] 중고나라 | [분석모델] FORMULA_PRO | [모델근거] text_variant | [원문링크] https://web.joongna.com/product/227934695
분유포트,브레짜 분유포트,베이비브레짜 분유제조기 화이트+깔때기2개,거래완료,"200,000원",탄벌동,2026-04-22,0,0,0,36.5℃,중고나라판매자,유아동,탄벌동,[출처] 중고나라 | [분석모델] FORMULA_PRO | [모델근거] text_variant | [원문링크] https://web.joongna.com/product/227728921
분유포트,브레짜 분유포트,베이비브레짜 분유제조기 미개봉 새제품,거래완료,"200,000원",남포동,2026-04-17,0,0,0,36.5℃,중고나라판매자,유아동,남포동,[출처] 중고나라 | [분석모델] FORMULA_PRO | [모델근거] text_variant | [원문링크] https://web.joongna.com/product/227595207
분유포트,브레짜 분유포트,분유제조기 베이비브레짜,거래중,"68,000원",,2026-04-15,0,0,0,36.5℃,중고나라판매자,유아동,,[출처] 중고나라 | [분석모델] FORMULA_PRO | [모델근거] text_variant | [원문링크] https://web.joongna.com/product/227526560
분유포트,브레짜 분유포트,베이비브레짜 분유제조기 새상품,거래완료,"200,000원",,2026-04-10,0,0,0,36.5℃,중고나라판매자,유아동,,[출처] 중고나라 | [분석모델] FORMULA_PRO | [모델근거] text_variant | [원문링크] https://web.joongna.com/product/227347612
분유포트,브레짜 분유포트,베이비브레짜 분유제조기,거래중,"15,000원",내동,2026-04-05,0,0,0,36.5℃,중고나라판매자,유아동,내동,[출처] 중고나라 | [분석모델] FORMULA_PRO | [모델근거] text_variant | [원문링크] https://web.joongna.com/product/227139292
분유포트,브레짜 분유포트,브레짜분유제조기(블랙)&브레짜분유세척기 미개봉 새상품,거래완료,"500,000원",다대제1동,2026-04-05,0,0,0,36.5℃,중고나라판매자,유아동,다대제1동,[출처] 중고나라 | [분석모델] FORMULA_PRO | [모델근거] text_variant | [원문링크] https://web.joongna.com/product/227020598
분유포트,브레짜 분유포트,베이비 브레짜 ( Baby Brezza ) 분유제조기,거래완료,"23,000원",은행2동,2026-04-02,0,0,0,36.5℃,중고나라판매자,유아동,은행2동,[출처] 중고나라 | [분석모델] FORMULA_PRO | [모델근거] text_variant | [원문링크] https://web.joongna.com/product/226197300
분유포트,브레짜 분유포트,베이비브레짜 분유제조기,거래완료,"90,000원",연수1동,2026-03-31,0,0,0,36.5℃,중고나라판매자,유아동,연수1동,[출처] 중고나라 | [분석모델] FORMULA_PRO | [모델근거] text_variant | [원문링크] https://web.joongna.com/product/223634989
분유포트,브레짜 분유포트,신형 베이비브레짜 분유제조기,거래중,"100,000원",,2026-03-27,0,0,0,36.5℃,중고나라판매자,유아동,,[출처] 중고나라 | [분석모델] FORMULA_PRO | [모델근거] text_variant | [원문링크] https://web.joongna.com/product/226813054
분유포트,브레짜 분유포트,브레짜 분유제조기 올화이트 사용기간 4개월,거래완료,"105,000원",하계2동,2026-03-18,0,0,0,36.5℃,중고나라판매자,유아동,하계2동,[출처] 중고나라 | [분석모델] FORMULA_PRO | [모델근거] text_variant | [원문링크] https://web.joongna.com/product/225366985
분유포트,브레짜 분유포트,브레짜 분유제조기,거래중,"150,000원",상봉제1동,2026-03-10,0,0,0,36.5℃,중고나라판매자,유아동,상봉제1동,[출처] 중고나라 | [분석모델] FORMULA_PRO | [모델근거] text_variant | [원문링크] https://web.joongna.com/product/225606199
분유포트,브레짜 분유포트,베이비브레짜 분유제조기 화이트 (새상품)/공식등록증,거래완료,"200,000원",방이1동,2026-03-07,0,0,0,36.5℃,중고나라판매자,유아동,방이1동,[출처] 중고나라 | [분석모델] FORMULA_PRO | [모델근거] text_variant | [원문링크] https://web.joongna.com/product/226030812
분유포트,브레짜 분유포트,화이트 베이비 브레짜 분유제조기 (분해세척 완료) 출산준비,거래중,"170,000원",,2026-03-04,0,0,0,36.5℃,중고나라판매자,유아동,,[출처] 중고나라 | [분석모델] FORMULA_PRO | [모델근거] text_variant | [원문링크] https://web.joongna.com/product/220129468
분유포트,브레짜 분유포트,베이비브레짜 포뮬라 프로 어드밴스드 자동 분유제조기,거래완료,"55,000원",,2026-03-03,0,0,0,36.5℃,중고나라판매자,유아동,,[출처] 중고나라 | [분석모델] FORMULA_PRO_ADVANCED | [모델근거] text_variant | [원문링크] https://web.joongna.com/product/224877749
분유포트,브레짜 분유포트,신형)베이비브레짜 분유제조기 미개봉 새상품,거래완료,"240,000원",비전1동,2026-02-19,0,0,0,36.5℃,중고나라판매자,유아동,비전1동,[출처] 중고나라 | [분석모델] FORMULA_PRO | [모델근거] text_variant | [원문링크] https://web.joongna.com/product/225431096
분유포트,브레짜 분유포트,베이비브레짜 분유제조기 (업체세척완료),거래완료,"80,000원",,2026-02-19,0,0,0,36.5℃,중고나라판매자,유아동,,[출처] 중고나라 | [분석모델] FORMULA_PRO | [모델근거] text_variant | [원문링크] https://web.joongna.com/product/225429154
분유포트,브레짜 분유포트,베이비브레짜 분유제조기 화이트 미개봉 새상품 (깔때기 2개 추가 증정),거래완료,"260,000원",답십리제1동,2026-02-07,0,0,0,36.5℃,중고나라판매자,유아동,답십리제1동,[출처] 중고나라 | [분석모델] FORMULA_PRO | [모델근거] text_variant | [원문링크] https://web.joongna.com/product/225017769
분유포트,브레짜 분유포트,베이비 브레짜 분유 제조기,거래완료,"250,000원",청담동,2026-02-07,0,0,0,36.5℃,중고나라판매자,유아동,청담동,[출처] 중고나라 | [분석모델] FORMULA_PRO | [모델근거] text_variant | [원문링크] https://web.joongna.com/product/223974605
분유포트,브레짜 분유포트,베이비브레짜 분유제조기,거래완료,"45,000원",범안동,2026-02-05,0,0,0,36.5℃,중고나라판매자,유아동,범안동,[출처] 중고나라 | [분석모델] FORMULA_PRO | [모델근거] text_variant | [원문링크] https://web.joongna.com/product/224245632
분유포트,브레짜 분유포트,"베이비브레짜 분유제조기(새상품,깔대기두세트포함)",거래완료,"160,000원",용상동,2026-02-02,0,0,0,36.5℃,중고나라판매자,유아동,용상동,[출처] 중고나라 | [분석모델] FORMULA_PRO | [모델근거] text_variant | [원문링크] https://web.joongna.com/product/224832046
분유포트,브레짜 분유포트,베이비브레짜 분유제조기,거래중,"250,000원",문정2동,2026-01-30,0,0,0,36.5℃,중고나라판매자,유아동,문정2동,[출처] 중고나라 | [분석모델] FORMULA_PRO | [모델근거] text_variant | [원문링크] https://web.joongna.com/product/224700499
분유포트,브레짜 분유포트,베이비브레짜 분유제조기,거래완료,"64,000원",구의제2동,2026-01-21,0,0,0,36.5℃,중고나라판매자,유아동,구의제2동,[출처] 중고나라 | [분석모델] FORMULA_PRO | [모델근거] text_variant | [원문링크] https://web.joongna.com/product/224385247
분유포트,브레짜 분유포트,베이비 브레짜 분유제조기,거래완료,"30,000원",구갈동,2026-01-20,0,0,0,36.5℃,중고나라판매자,유아동,구갈동,[출처] 중고나라 | [분석모델] FORMULA_PRO | [모델근거] text_variant | [원문링크] https://web.joongna.com/product/224346101
분유포트,브레짜 분유포트,베이비브레짜 분유 제조기 (2달 사용),거래완료,"50,000원",서초4동,2026-01-20,0,0,0,36.5℃,중고나라판매자,유아동,서초4동,[출처] 중고나라 | [분석모델] FORMULA_PRO | [모델근거] text_variant | [원문링크] https://web.joongna.com/product/222765750
분유포트,브레짜 분유포트,베이비브레짜 분유제조기,거래중,"210,000원",은행동,2026-01-19,0,0,0,36.5℃,중고나라판매자,유아동,은행동,[출처] 중고나라 | [분석모델] FORMULA_PRO | [모델근거] text_variant | [원문링크] https://web.joongna.com/product/224282846
분유포트,브레짜 분유포트,베이비브레짜 분유제조기,거래완료,"39,000원",팔복동,2026-01-10,0,0,0,36.5℃,중고나라판매자,유아동,팔복동,[출처] 중고나라 | [분석모델] FORMULA_PRO | [모델근거] text_variant | [원문링크] https://web.joongna.com/product/223507131
분유포트,브레짜 분유포트,베이비브레짜 분유제조기(미개봉 새상품),거래완료,"230,000원",삼산동,2026-01-10,0,0,0,36.5℃,중고나라판매자,유아동,삼산동,[출처] 중고나라 | [분석모델] FORMULA_PRO | [모델근거] text_variant | [원문링크] https://web.joongna.com/product/223932428
분유포트,브레짜 분유포트,베이비 브레짜 분유제조기 BRZFRP-1A,거래완료,"20,000원",청라2동,2026-01-08,0,0,0,36.5℃,중고나라판매자,유아동,청라2동,[출처] 중고나라 | [분석모델] BRZFRP-1A | [모델근거] text_code | [원문링크] https://web.joongna.com/product/223862980
분유포트,브레짜 분유포트,베이비브레짜 분유제조기,거래중,"65,000원",안양1동,2026-01-07,0,0,0,36.5℃,중고나라판매자,유아동,안양1동,[출처] 중고나라 | [분석모델] FORMULA_PRO | [모델근거] text_variant | [원문링크] https://web.joongna.com/product/223404536
분유포트,브레짜 분유포트,(새상품)베이비브레짜 분유제조기 새상품 + 추가깔때기 1개,거래완료,"250,000원",성산제1동,2026-01-05,0,0,0,36.5℃,중고나라판매자,유아동,성산제1동,[출처] 중고나라 | [분석모델] FORMULA_PRO | [모델근거] text_variant | [원문링크] https://web.joongna.com/product/223780796
분유포트,브레짜 분유포트,베이비브레짜 분유제조기,거래완료,"95,000원",,2026-01-04,0,0,0,36.5℃,중고나라판매자,유아동,,[출처] 중고나라 | [분석모델] FORMULA_PRO | [모델근거] text_variant | [원문링크] https://web.joongna.com/product/223229086
분유포트,브레짜 분유포트,베이비브레짜 자동 분유제조기 1.5L,거래중,"200,000원",,2026-01-03,0,0,0,36.5℃,중고나라판매자,유아동,,[출처] 중고나라 | [분석모델] FORMULA_PRO | [모델근거] text_variant | [원문링크] https://web.joongna.com/product/223424198
분유포트,브레짜 분유포트,베이비브레짜 분유제조기,거래중,"80,000원",성내1동,2025-12-31,0,0,0,36.5℃,중고나라판매자,유아동,성내1동,[출처] 중고나라 | [분석모델] FORMULA_PRO | [모델근거] text_variant | [원문링크] https://web.joongna.com/product/152521845
분유포트,브레짜 분유포트,베이비브레짜 포뮬라 프로 어드밴스드 분유제조기,거래중,"170,000원",과천동,2025-12-27,0,0,0,36.5℃,중고나라판매자,유아동,과천동,[출처] 중고나라 | [분석모델] FORMULA_PRO_ADVANCED | [모델근거] text_variant | [원문링크] https://web.joongna.com/product/223430315
분유포트,브레짜 분유포트,브레짜 분유제조기,거래중,"35,000원",남사읍,2025-12-24,0,0,0,36.5℃,중고나라판매자,유아동,남사읍,[출처] 중고나라 | [분석모델] FORMULA_PRO | [모델근거] text_variant | [원문링크] https://web.joongna.com/product/163884791
분유포트,브레짜 분유포트,베이비브레짜 포뮬라프로 어드밴스드 분유제조기,거래중,"100,000원",동춘1동,2025-12-20,0,0,0,36.5℃,중고나라판매자,유아동,동춘1동,[출처] 중고나라 | [분석모델] FORMULA_PRO_ADVANCED | [모델근거] text_variant | [원문링크] https://web.joongna.com/product/223181569
분유포트,브레짜 분유포트,베이비브레짜 분유제조기(새제품),거래완료,"180,000원",반포1동,2025-12-19,0,0,0,36.5℃,중고나라판매자,유아동,반포1동,[출처] 중고나라 | [분석모델] FORMULA_PRO | [모델근거] text_variant | [원문링크] https://web.joongna.com/product/222636420
분유포트,브레짜 분유포트,[택포3만원] 베이비브레짜 분유제조기,거래완료,"30,000원",,2025-12-19,0,0,0,36.5℃,중고나라판매자,유아동,,[출처] 중고나라 | [분석모델] FORMULA_PRO | [모델근거] text_variant | [원문링크] https://web.joongna.com/product/223160698
분유포트,브레짜 분유포트,베이비브레짜 분유제조기,거래완료,"30,000원",왕십리제2동,2025-12-15,0,0,0,36.5℃,중고나라판매자,유아동,왕십리제2동,[출처] 중고나라 | [분석모델] FORMULA_PRO | [모델근거] text_variant | [원문링크] https://web.joongna.com/product/222994739
분유포트,브레짜 분유포트,베이비브레짜 분유제조기 차콜,거래완료,"180,000원",송월동,2025-12-15,0,0,0,36.5℃,중고나라판매자,유아동,송월동,[출처] 중고나라 | [분석모델] FORMULA_PRO | [모델근거] text_variant | [원문링크] https://web.joongna.com/product/222526017
분유포트,브레짜 분유포트,베이비브레짜 포뮬러 프로 어드밴스드 분유제조기,거래완료,"200,000원",구로제1동,2025-12-11,0,0,0,36.5℃,중고나라판매자,유아동,구로제1동,[출처] 중고나라 | [분석모델] FORMULA_PRO_ADVANCED | [모델근거] text_variant | [원문링크] https://web.joongna.com/product/222699255
분유포트,브레짜 분유포트,베이비 브레짜 분유제조기,거래완료,"32,000원",회천4동,2025-12-08,0,0,0,36.5℃,중고나라판매자,유아동,회천4동,[출처] 중고나라 | [분석모델] FORMULA_PRO | [모델근거] text_variant | [원문링크] https://web.joongna.com/product/222715827
분유포트,브레짜 분유포트,베이비브레짜 포뮬라 프로 어드밴스드 분유제조기,거래중,"100,000원",동춘1동,2025-12-07,0,0,0,36.5℃,중고나라판매자,유아동,동춘1동,[출처] 중고나라 | [분석모델] FORMULA_PRO_ADVANCED | [모델근거] text_variant | [원문링크] https://web.joongna.com/product/222704370
분유포트,브레짜 분유포트,베이비 브레짜 분유제조기,거래완료,"100,000원",한남동,2025-12-07,0,0,0,36.5℃,중고나라판매자,유아동,한남동,[출처] 중고나라 | [분석모델] FORMULA_PRO | [모델근거] text_variant | [원문링크] https://web.joongna.com/product/222690777
분유포트,브레짜 분유포트,베이비브레짜 분유제조기+깔대기2개추가 (새상품),거래중,"190,000원",일광읍,2025-12-03,0,0,0,36.5℃,중고나라판매자,유아동,일광읍,[출처] 중고나라 | [분석모델] FORMULA_PRO | [모델근거] text_variant | [원문링크] https://web.joongna.com/product/222549450
분유포트,브레짜 분유포트,[미개봉] 베이비브레짜 포뮬라 프로 어드밴스드 분유제조기,거래완료,"200,000원",삼송1동,2025-12-01,0,0,0,36.5℃,중고나라판매자,유아동,삼송1동,[출처] 중고나라 | [분석모델] FORMULA_PRO_ADVANCED | [모델근거] text_variant | [원문링크] https://web.joongna.com/product/221833637
분유포트,브레짜 분유포트,(미개봉새상품) 브레짜 분유 제조기 + 깔대기2,거래중,"250,000원",배곧1동,2025-11-30,0,0,0,36.5℃,중고나라판매자,유아동,배곧1동,[출처] 중고나라 | [분석모델] FORMULA_PRO | [모델근거] text_variant | [원문링크] https://web.joongna.com/product/222095417
분유포트,브레짜 분유포트,베이비브레짜 포뮬라 프로 어드밴스드 분유제조기,거래중,"200,000원",,2025-11-26,0,0,0,36.5℃,중고나라판매자,유아동,,[출처] 중고나라 | [분석모델] FORMULA_PRO_ADVANCED | [모델근거] text_variant | [원문링크] https://web.joongna.com/product/222293601
분유포트,브레짜 분유포트,베이비브레짜 분유제조기 팝니다!!!,거래중,"130,000원",,2025-11-25,0,0,0,36.5℃,중고나라판매자,유아동,,[출처] 중고나라 | [분석모델] FORMULA_PRO | [모델근거] text_variant | [원문링크] https://web.joongna.com/product/143353346
분유포트,브레짜 분유포트,베이비브레짜 분유제조기 소독기,거래완료,"150,000원",덕이동,2025-11-23,0,0,0,36.5℃,중고나라판매자,유아동,덕이동,[출처] 중고나라 | [분석모델] FORMULA_PRO | [모델근거] text_variant | [원문링크] https://web.joongna.com/product/222158607
분유포트,브레짜 분유포트,베이비브레짜 포뮬라 프로 어드밴스드 분유제조기,거래중,"200,000원",매교동,2025-11-22,0,0,0,36.5℃,중고나라판매자,유아동,매교동,[출처] 중고나라 | [분석모델] FORMULA_PRO_ADVANCED | [모델근거] text_variant | [원문링크] https://web.joongna.com/product/222146733
분유포트,브레짜 분유포트,(새상품급) 베이비브레짜 포뮬라 프로 어드밴스드 분유제조기 판매합니다!!,거래완료,"150,000원",,2025-11-22,0,0,0,36.5℃,중고나라판매자,유아동,,[출처] 중고나라 | [분석모델] FORMULA_PRO_ADVANCED | [모델근거] text_variant | [원문링크] https://web.joongna.com/product/222136623
분유포트,브레짜 분유포트,베이비브레짜 분유제조기,거래중,"230,000원",장수서창동,2025-11-14,0,0,0,36.5℃,중고나라판매자,유아동,장수서창동,[출처] 중고나라 | [분석모델] FORMULA_PRO | [모델근거] text_variant | [원문링크] https://web.joongna.com/product/221844014
분유포트,브레짜 분유포트,베이비브레짜 포뮬라 프로 어드밴스드 분유제조기,거래완료,"220,000원",노은3동,2025-11-12,0,0,0,36.5℃,중고나라판매자,유아동,노은3동,[출처] 중고나라 | [분석모델] FORMULA_PRO_ADVANCED | [모델근거] text_variant | [원문링크] https://web.joongna.com/product/221769270
분유포트,브레짜 분유포트,브레짜 분유제조기 팝니다,거래완료,"230,000원",연수1동,2025-11-07,0,0,0,36.5℃,중고나라판매자,유아동,연수1동,[출처] 중고나라 | [분석모델] FORMULA_PRO | [모델근거] text_variant | [원문링크] https://web.joongna.com/product/221089121
분유포트,브레짜 분유포트,베이비브레짜 분유제조기,거래완료,"100,000원",상현1동,2025-11-06,0,0,0,36.5℃,중고나라판매자,유아동,상현1동,[출처] 중고나라 | [분석모델] FORMULA_PRO | [모델근거] text_variant | [원문링크] https://web.joongna.com/product/221236962
분유포트,브레짜 분유포트,베이비브레짜 자동분유제조기 BRZFRP-1A,거래완료,"240,000원",평동,2025-11-05,0,0,0,36.5℃,중고나라판매자,유아동,평동,[출처] 중고나라 | [분석모델] BRZFRP-1A | [모델근거] text_code | [원문링크] https://web.joongna.com/product/220734799
분유포트,브레짜 분유포트,베이비브레짜 분유제조기 신형,거래완료,"200,000원",,2025-10-30,0,0,0,36.5℃,중고나라판매자,유아동,,[출처] 중고나라 | [분석모델] FORMULA_PRO | [모델근거] text_variant | [원문링크] https://web.joongna.com/product/221292572
분유포트,브레짜 분유포트,베이비브레짜분유제조기,거래완료,"20,000원",,2025-10-24,0,0,0,36.5℃,중고나라판매자,유아동,,[출처] 중고나라 | [분석모델] FORMULA_PRO | [모델근거] text_variant | [원문링크] https://web.joongna.com/product/220914214
분유포트,브레짜 분유포트,베이비브레짜 분유제조기 새상품,거래완료,"200,000원",화곡제1동,2025-10-24,0,0,0,36.5℃,중고나라판매자,유아동,화곡제1동,[출처] 중고나라 | [분석모델] FORMULA_PRO | [모델근거] text_variant | [원문링크] https://web.joongna.com/product/221060908
분유포트,브레짜 분유포트,베이비브레짜 분유제조기 새상품 판매합니다(가격내림),거래완료,"230,000원",,2025-10-17,0,0,0,36.5℃,중고나라판매자,유아동,,[출처] 중고나라 | [분석모델] FORMULA_PRO | [모델근거] text_variant | [원문링크] https://web.joongna.com/product/220259835
분유포트,브레짜 분유포트,베이비 브레짜 자동분유제조기,거래완료,"69,000원",지동,2025-10-15,0,0,0,36.5℃,중고나라판매자,유아동,지동,[출처] 중고나라 | [분석모델] FORMULA_PRO | [모델근거] text_variant | [원문링크] https://web.joongna.com/product/220729890
분유포트,브레짜 분유포트,브레짜분유제조기,거래완료,"35,000원",,2025-10-14,0,0,0,36.5℃,중고나라판매자,유아동,,[출처] 중고나라 | [분석모델] FORMULA_PRO | [모델근거] text_variant | [원문링크] https://web.joongna.com/product/220694312
분유포트,브레짜 분유포트,베이비브레짜 분유제조기 미개봉,거래완료,"150,000원",동문동,2025-10-14,0,0,0,36.5℃,중고나라판매자,유아동,동문동,[출처] 중고나라 | [분석모델] FORMULA_PRO | [모델근거] text_variant | [원문링크] https://web.joongna.com/product/220682088
분유포트,브레짜 분유포트,베이비브레짜 분유메이커,거래완료,"35,000원",,2025-10-10,0,0,0,36.5℃,중고나라판매자,유아동,,[출처] 중고나라 | [분석모델] FORMULA_PRO | [모델근거] text_variant | [원문링크] https://web.joongna.com/product/220547623
분유포트,브레짜 분유포트,분유제조기 베이비브레짜,거래완료,"90,000원",금곡동,2025-10-09,0,0,0,36.5℃,중고나라판매자,유아동,금곡동,[출처] 중고나라 | [분석모델] FORMULA_PRO | [모델근거] text_variant | [원문링크] https://web.joongna.com/product/220518399
분유포트,브레짜 분유포트,브레짜 분유제조기 신형,거래완료,"120,000원",,2025-10-08,0,0,0,36.5℃,중고나라판매자,유아동,,[출처] 중고나라 | [분석모델] FORMULA_PRO | [모델근거] text_variant | [원문링크] https://web.joongna.com/product/220493871
분유포트,브레짜 분유포트,베이비브레짜 화이트 분유제조기,거래완료,"100,000원",창릉동,2025-09-27,0,0,0,36.5℃,중고나라판매자,유아동,창릉동,[출처] 중고나라 | [분석모델] FORMULA_PRO | [모델근거] text_variant | [원문링크] https://web.joongna.com/product/220157535
분유포트,브레짜 분유포트,브레짜 분유제조기,거래완료,"70,000원",휘경제1동,2025-09-26,0,0,0,36.5℃,중고나라판매자,유아동,휘경제1동,[출처] 중고나라 | [분석모델] FORMULA_PRO | [모델근거] text_variant | [원문링크] https://web.joongna.com/product/220128080
분유포트,브레짜 분유포트,베이비브레짜 자동분유제조기 개봉 새상품,거래완료,"140,000원",여의동,2025-09-20,0,0,0,36.5℃,중고나라판매자,유아동,여의동,[출처] 중고나라 | [분석모델] FORMULA_PRO | [모델근거] text_variant | [원문링크] https://web.joongna.com/product/218470063
분유포트,브레짜 분유포트,브레짜 분유제조기 신형 프로어드밴스(25.09),거래중,"250,000원",잠실본동,2025-09-20,0,0,0,36.5℃,중고나라판매자,유아동,잠실본동,[출처] 중고나라 | [분석모델] FORMULA_PRO | [모델근거] text_variant | [원문링크] https://web.joongna.com/product/219810509
분유포트,브레짜 분유포트,브레짜 분유제조기 포뮬라 프로 어드밴스드 (정품 & 설명서 포함),거래중,"60,000원",,2025-09-13,0,0,0,36.5℃,중고나라판매자,유아동,,[출처] 중고나라 | [분석모델] FORMULA_PRO_ADVANCED | [모델근거] text_variant | [원문링크] https://web.joongna.com/product/219373373
분유포트,브레짜 분유포트,25년 5월 구매 미사용 브레짜 분유제조기,거래완료,"190,000원",,2025-09-09,0,0,0,36.5℃,중고나라판매자,유아동,,[출처] 중고나라 | [분석모델] FORMULA_PRO | [모델근거] text_variant | [원문링크] https://web.joongna.com/product/219154113
분유포트,브레짜 분유포트,베이비브레짜 분유제조기 미개봉 새상품,거래완료,"210,000원",,2025-09-08,0,0,0,36.5℃,중고나라판매자,유아동,,[출처] 중고나라 | [분석모델] FORMULA_PRO | [모델근거] text_variant | [원문링크] https://web.joongna.com/product/219068689
분유포트,브레짜 분유포트,브레짜 분유제조기,거래완료,"40,000원",,2025-09-08,0,0,0,36.5℃,중고나라판매자,유아동,,[출처] 중고나라 | [분석모델] FORMULA_PRO | [모델근거] text_variant | [원문링크] https://web.joongna.com/product/219040254
분유포트,브레짜 분유포트,새상품 분유제조기 베이비 브레짜 분유제조기 포뮬라 프로 어드밴스드 미개봉,거래완료,"190,000원",구의제1동,2025-09-06,0,0,0,36.5℃,중고나라판매자,유아동,구의제1동,[출처] 중고나라 | [분석모델] FORMULA_PRO_ADVANCED | [모델근거] text_variant | [원문링크] https://web.joongna.com/product/218920942
분유포트,브레짜 분유포트,브레짜 분유제조기,거래중,"50,000원",,2025-09-05,0,0,0,36.5℃,중고나라판매자,유아동,,[출처] 중고나라 | [분석모델] FORMULA_PRO | [모델근거] text_variant | [원문링크] https://web.joongna.com/product/218885290
분유포트,브레짜 분유포트,베이비브레짜 신형 자동 분유제조기,거래완료,"250,000원",,2025-09-02,0,0,0,36.5℃,중고나라판매자,유아동,,[출처] 중고나라 | [분석모델] FORMULA_PRO | [모델근거] text_variant | [원문링크] https://web.joongna.com/product/218711500
밥솥,쿠쿠 밥솥,쿠쿠 트윈프레셔 6인용 IH 밥솥 LHTR0610FGWM,거래중,"90,000원",신암1동,2026-08-27,0,0,0,36.5℃,중고나라판매자,생활가전,신암1동,[출처] 중고나라 | [분석모델] LHTR0610FGWM | [모델근거] text_code | [원문링크] https://web.joongna.com/product/231852820
밥솥,쿠쿠 밥솥,10인용 전기압력밥솥 쿠쿠CRP-R1015FBB,거래중,"160,000원",,2026-08-27,0,0,0,36.5℃,중고나라판매자,생활가전,,[출처] 중고나라 | [분석모델] CRP-R1015FBB | [모델근거] text_code | [원문링크] https://web.joongna.com/product/231622438
밥솥,쿠쿠 밥솥,쿠쿠 미니 에그밥솥 (상태좋음),거래중,"50,000원",용호제1동,2026-08-27,0,0,0,36.5℃,중고나라판매자,생활가전,용호제1동,[출처] 중고나라 | [분석모델] 미니에그밥솥 | [모델근거] text_variant | [원문링크] https://web.joongna.com/product/231902968
밥솥,쿠쿠 밥솥,쿠쿠 스마트 IH 전기압력밥솥 CRP-CHS108FD,거래중,"85,000원",달안동,2026-08-27,0,0,0,36.5℃,중고나라판매자,생활가전,달안동,[출처] 중고나라 | [분석모델] CRP-CHS108FD | [모델근거] text_code | [원문링크] https://web.joongna.com/product/231683476
밥솥,쿠쿠 밥솥,<새 상품> 쿠쿠 정품 밥솥,거래중,"275,000원",남산면,2026-08-27,0,0,0,36.5℃,중고나라판매자,생활가전,남산면,[출처] 중고나라 | [분석모델] 제품군 공통 | [모델근거] product_group | [원문링크] https://web.joongna.com/product/230865560
밥솥,쿠쿠 밥솥,쿠쿠 전기밥솥 6인용,거래중,"125,000원",송도1동,2026-08-27,0,0,0,36.5℃,중고나라판매자,생활가전,송도1동,[출처] 중고나라 | [분석모델] 전기보온밥솥_6인용 | [모델근거] text_variant | [원문링크] https://web.joongna.com/product/230568207
밥솥,쿠쿠 밥솥,쿠쿠 10인용 압력밥솥,거래중,"70,000원",상계1동,2026-08-27,0,0,0,36.5℃,중고나라판매자,생활가전,상계1동,[출처] 중고나라 | [분석모델] 전기압력밥솥_10인용 | [모델근거] text_variant | [원문링크] https://web.joongna.com/product/231896918
밥솥,쿠쿠 밥솥,쿠쿠 미니 에그밥솥(상태좋음),거래중,"50,000원",용호제1동,2026-08-27,0,0,0,36.5℃,중고나라판매자,생활가전,용호제1동,[출처] 중고나라 | [분석모델] 미니에그밥솥 | [모델근거] text_variant | [원문링크] https://web.joongna.com/product/231561014
밥솥,쿠쿠 밥솥,르젠멀티압력쿠커LZMPC-6300+사은품 스톤웨어내열냄비2개/주방가구가전소품인테리어 밥솥 쿠쿠 리첸 아이폰 삼성엘지,거래중,"79,900원",상암동,2026-08-27,0,0,0,36.5℃,중고나라판매자,생활가전,상암동,[출처] 중고나라 | [분석모델] 제품군 공통 | [모델근거] product_group | [원문설명] *르젠멀티쿠커새제품 유명제품이니 설명필요없을듯합니다 제품확인차개봉만한제품 미사용새제품 사은품 독일 스톤웨어냄비2개 a급중고제품 2개드립니다 사진참고요 택배불가 서울6호선 새절역근처입니다 르젠멀티쿠커제품만 별도판매도하니 제가파는 판매게시글참고바랍니다 **제품특성상 반품불가합니다*** | [원문링크] https://web.joongna.com/product/231808054
밥솥,쿠쿠 밥솥,쿠쿠 10인용 압력밥솥 트윈프레셔 CRP-ST1010FW,거래중,"30,000원",안성3동,2026-08-27,0,0,0,36.5℃,중고나라판매자,생활가전,안성3동,[출처] 중고나라 | [분석모델] CRP-ST1010FW | [모델근거] text_code | [원문링크] https://web.joongna.com/product/231895670
밥솥,쿠쿠 밥솥,쿠쿠 6인용 압력밥솥 CRP-N068FR,거래중,"20,000원",안성3동,2026-08-27,0,0,0,36.5℃,중고나라판매자,생활가전,안성3동,[출처] 중고나라 | [분석모델] CRP-N068FR | [모델근거] text_code | [원문링크] https://web.joongna.com/product/231895405
밥솥,쿠쿠 밥솥,쿠쿠10인용 압력밥솥,거래중,"39,900원",호평동,2026-08-27,0,0,0,36.5℃,중고나라판매자,생활가전,호평동,[출처] 중고나라 | [분석모델] 전기압력밥솥_10인용 | [모델근거] text_variant | [원문링크] https://web.joongna.com/product/231398478
밥솥,쿠쿠 밥솥,쿠쿠 6인용 압력밥솥,거래중,"90,000원",,2026-08-27,0,0,0,36.5℃,중고나라판매자,생활가전,,[출처] 중고나라 | [분석모델] 전기압력밥솥_6인용 | [모델근거] text_variant | [원문링크] https://web.joongna.com/product/231740565
밥솥,쿠쿠 밥솥,쿠쿠10인용 압력밥솥,거래중,"49,900원",호평동,2026-08-27,0,0,0,36.5℃,중고나라판매자,생활가전,호평동,[출처] 중고나라 | [분석모델] 전기압력밥솥_10인용 | [모델근거] text_variant | [원문링크] https://web.joongna.com/product/231881436
밥솥,쿠쿠 밥솥,쿠쿠 압력밥솥 6인용,거래중,"4,321원",역삼1동,2026-08-27,0,0,0,36.5℃,중고나라판매자,생활가전,역삼1동,[출처] 중고나라 | [분석모델] 전기압력밥솥_6인용 | [모델근거] text_variant | [원문링크] https://web.joongna.com/product/231894420
밥솥,쿠쿠 밥솥,쿠쿠 트윈프레셔 마스타쉐프 6인밥솥 LHTR0610FW,거래중,"140,000원",,2026-08-27,0,0,0,36.5℃,중고나라판매자,생활가전,,[출처] 중고나라 | [분석모델] LHTR0610FW | [모델근거] text_code | [원문링크] https://web.joongna.com/product/231632764
밥솥,쿠쿠 밥솥,쿠쿠 10인용 2기압 압력밥솥 FHR1010FG,거래중,"90,000원",,2026-08-27,0,0,0,36.5℃,중고나라판매자,생활가전,,[출처] 중고나라 | [분석모델] 전기압력밥솥_10인용 | [모델근거] text_variant | [원문링크] https://web.joongna.com/product/231548352
밥솥,쿠쿠 밥솥,쿠쿠 10인용 IH압력밥솥 트윈프레셔 CRP-JHT1010FS,예약중,"40,000원",안성3동,2026-08-26,0,0,0,36.5℃,중고나라판매자,생활가전,안성3동,[출처] 중고나라 | [분석모델] CRP-JHT1010FS | [모델근거] text_code | [원문링크] https://web.joongna.com/product/231883261
밥솥,쿠쿠 밥솥,쿠쿠 10인용 IH압력밥솥 CRP-HWXB108FR,거래중,"25,000원",안성3동,2026-08-26,0,0,0,36.5℃,중고나라판매자,생활가전,안성3동,[출처] 중고나라 | [분석모델] CRP-HWXB108FR | [모델근거] text_code | [원문링크] https://web.joongna.com/product/231883038
밥솥,쿠쿠 밥솥,쿠쿠 10인용 압력밥솥 트윈프레셔 CRP-ST1010FW,거래중,"30,000원",안성3동,2026-08-26,0,0,0,36.5℃,중고나라판매자,생활가전,안성3동,[출처] 중고나라 | [분석모델] CRP-ST1010FW | [모델근거] text_code | [원문링크] https://web.joongna.com/product/231882535
밥솥,쿠쿠 밥솥,[전기압력밥솥] 쿠쿠 6인용 IH압력밥솥 CRP-DHB0660FDM 판매합니다.,거래중,"150,000원",등촌제1동,2026-08-26,0,0,0,36.5℃,중고나라판매자,생활가전,등촌제1동,[출처] 중고나라 | [분석모델] CRP-DHB0660FDM | [모델근거] text_code | [원문링크] https://web.joongna.com/product/231880795
밥솥,쿠쿠 밥솥,쿠쿠 2인용 마시멜로 밥솥 퓨어 핑크 CR-0215MP,거래중,"35,000원",,2026-08-26,0,0,0,36.5℃,중고나라판매자,생활가전,,[출처] 중고나라 | [분석모델] CR-0215MP | [모델근거] text_code | [원문링크] https://web.joongna.com/product/231880064
밥솥,쿠쿠 밥솥,쿠쿠전기압력밥솥 10인용,거래중,"80,000원",서초1동,2026-08-26,0,0,0,36.5℃,중고나라판매자,생활가전,서초1동,[출처] 중고나라 | [분석모델] 전기압력밥솥_10인용 | [모델근거] text_variant | [원문링크] https://web.joongna.com/product/231879529
밥솥,쿠쿠 밥솥,쿠쿠10인용 압력밥솥,거래중,"59,000원",호평동,2026-08-26,0,0,0,36.5℃,중고나라판매자,생활가전,호평동,[출처] 중고나라 | [분석모델] 전기압력밥솥_10인용 | [모델근거] text_variant | [원문링크] https://web.joongna.com/product/231529045
밥솥,쿠쿠 밥솥,쿠쿠 전기밥솥 6인용,예약중,"50,000원",부평5동,2026-08-26,0,0,0,36.5℃,중고나라판매자,생활가전,부평5동,[출처] 중고나라 | [분석모델] 전기보온밥솥_6인용 | [모델근거] text_variant | [원문링크] https://web.joongna.com/product/231877148
밥솥,쿠쿠 밥솥,쿠쿠 6인용 압력밥솥 CRP-N0680SSM,거래완료,"25,000원",방화제1동,2026-08-26,0,0,0,36.5℃,중고나라판매자,생활가전,방화제1동,[출처] 중고나라 | [분석모델] CRP-N0680SSM | [모델근거] text_code | [원문링크] https://web.joongna.com/product/231875136
밥솥,쿠쿠 밥솥,쿠쿠 핑크 미니밥솥 1~2인용,거래중,"42,000원",용호제1동,2026-08-26,0,0,0,36.5℃,중고나라판매자,생활가전,용호제1동,[출처] 중고나라 | [분석모델] 제품군 공통 | [모델근거] product_group | [원문설명] 작고 예쁜 핑크색 쿠쿠 미니 밥솥이에요 !! 💜 1~2인 가구에 딱 맞는 사이즈로 혼밥족에게 추천드려요 강추 내솥과 전원선 포함 구성입니다 (내솥 밑바닥 가장자리 부분에 아주 작은 찌그러짐이 있어요 사진 참고 부탁드려요~‼️) 크기가 작습니다 매직펜으로 비교 해놓았습니다 4회정도 사용했습니다!! 상태 좋으니 얼른 구입하세요~^^ 혼족인 분들!!! | [원문링크] https://web.joongna.com/product/231026107
밥솥,쿠쿠 밥솥,쿠쿠 CRP-FA0661SP 6인용 전기압력밥솥,거래중,"35,000원",,2026-08-26,0,0,0,36.5℃,중고나라판매자,생활가전,,[출처] 중고나라 | [분석모델] CRP-FA0661SP | [모델근거] text_code | [원문링크] https://web.joongna.com/product/225511159
밥솥,쿠쿠 밥솥,쿠쿠10인용 압력밥솥,거래중,"39,900원",호평동,2026-08-26,0,0,0,36.5℃,중고나라판매자,생활가전,호평동,[출처] 중고나라 | [분석모델] 전기압력밥솥_10인용 | [모델근거] text_variant | [원문링크] https://web.joongna.com/product/231281883
밥솥,쿠쿠 밥솥,쿠쿠6인용 전기밥솥,거래중,"19,000원",호평동,2026-08-26,0,0,0,36.5℃,중고나라판매자,생활가전,호평동,[출처] 중고나라 | [분석모델] 전기보온밥솥_6인용 | [모델근거] text_variant | [원문링크] https://web.joongna.com/product/231823591
밥솥,쿠쿠 밥솥,쿠쿠 IH 6인용 압력밥솥,거래중,"99,000원",호평동,2026-08-26,0,0,0,36.5℃,중고나라판매자,생활가전,호평동,[출처] 중고나라 | [분석모델] 전기압력밥솥_6인용 | [모델근거] text_variant | [원문링크] https://web.joongna.com/product/231785366
밥솥,쿠쿠 밥솥,쿠쿠 6인용 압력밥솥 CRP-N068FR,거래중,"20,000원",안성3동,2026-08-26,0,0,0,36.5℃,중고나라판매자,생활가전,안성3동,[출처] 중고나라 | [분석모델] CRP-N068FR | [모델근거] text_code | [원문링크] https://web.joongna.com/product/231711226
밥솥,쿠쿠 밥솥,쿠쿠 10인용 압력밥솥,거래중,"70,000원",상계1동,2026-08-26,0,0,0,36.5℃,중고나라판매자,생활가전,상계1동,[출처] 중고나라 | [분석모델] 전기압력밥솥_10인용 | [모델근거] text_variant | [원문링크] https://web.joongna.com/product/231865464
밥솥,쿠쿠 밥솥,쿠쿠 IH압력밥솥 3~4인용,거래중,"55,000원",용호제1동,2026-08-26,0,0,0,36.5℃,중고나라판매자,생활가전,용호제1동,[출처] 중고나라 | [분석모델] IH압력밥솥 | [모델근거] text_variant | [원문링크] https://web.joongna.com/product/231845456
밥솥,쿠쿠 밥솥,쿠쿠 에코미니 3인용 IH밥솥 EHS0320FS,거래중,"130,000원",,2026-08-25,0,0,0,36.5℃,중고나라판매자,생활가전,,[출처] 중고나라 | [분석모델] EHS0320FS | [모델근거] text_code | [원문링크] https://web.joongna.com/product/230410942
밥솥,쿠쿠 밥솥,쿠쿠 에코미니 3인용 밥솥 EHS0320FS,거래중,"150,000원",,2026-08-25,0,0,0,36.5℃,중고나라판매자,생활가전,,[출처] 중고나라 | [분석모델] EHS0320FS | [모델근거] text_code | [원문링크] https://web.joongna.com/product/231496272
밥솥,쿠쿠 밥솥,쿠쿠 6인용 풀메탈 에코 밥솥 BHXB0660FB,거래중,"130,000원",,2026-08-25,0,0,0,36.5℃,중고나라판매자,생활가전,,[출처] 중고나라 | [분석모델] BHXB0660FB | [모델근거] text_code | [원문링크] https://web.joongna.com/product/231716420
밥솥,쿠쿠 밥솥,쿠쿠 트윈프레셔 10인용밥솥 KHTS1060FD,거래중,"150,000원",,2026-08-25,0,0,0,36.5℃,중고나라판매자,생활가전,,[출처] 중고나라 | [분석모델] 트윈프레셔_10인용 | [모델근거] text_variant | [원문링크] https://web.joongna.com/product/231602626
밥솥,쿠쿠 밥솥,쿠쿠 10인용 IH 압력밥솥 CRP-PW1085FD 판매합니다,거래중,"70,000원",상도제1동,2026-08-25,0,0,0,36.5℃,중고나라판매자,생활가전,상도제1동,[출처] 중고나라 | [분석모델] CRP-PW1085FD | [모델근거] text_code | [원문링크] https://web.joongna.com/product/231858123
밥솥,쿠쿠 밥솥,(미사용) 쿠쿠 마스터셰프 사일런스 10인용 밥솥 화이트,거래중,"350,000원",장호원읍,2026-08-25,0,0,0,36.5℃,중고나라판매자,생활가전,장호원읍,[출처] 중고나라 | [분석모델] 마스터셰프_10인용 | [모델근거] text_variant | [원문링크] https://web.joongna.com/product/231458341
밥솥,쿠쿠 밥솥,(미사용) 쿠쿠 10인용 전기압력밥솥,거래중,"250,000원",장호원읍,2026-08-25,0,0,0,36.5℃,중고나라판매자,생활가전,장호원읍,[출처] 중고나라 | [분석모델] 전기압력밥솥_10인용 | [모델근거] text_variant | [원문링크] https://web.joongna.com/product/229857311
밥솥,쿠쿠 밥솥,쿠쿠 6인용 IH 압력밥솥 DHB0660FDM,거래중,"88,000원",,2026-08-25,0,0,0,36.5℃,중고나라판매자,생활가전,,[출처] 중고나라 | [분석모델] DHB0660FDM | [모델근거] text_code | [원문링크] https://web.joongna.com/product/230807868
밥솥,쿠쿠 밥솥,쿠쿠 10인용 IH압력밥솥 CRP-HWXB108FR,거래중,"25,000원",안성3동,2026-08-25,0,0,0,36.5℃,중고나라판매자,생활가전,안성3동,[출처] 중고나라 | [분석모델] CRP-HWXB108FR | [모델근거] text_code | [원문링크] https://web.joongna.com/product/231846034
밥솥,쿠쿠 밥솥,쿠쿠 스마트 IH 압력밥솥 6인용 CRP-FHS0610FD,예약중,"60,000원",마산동,2026-08-25,0,0,0,36.5℃,중고나라판매자,생활가전,마산동,[출처] 중고나라 | [분석모델] CRP-FHS0610FD | [모델근거] text_code | [원문링크] https://web.joongna.com/product/231845723
밥솥,쿠쿠 밥솥,쿠쿠 스마트 IH 압력밥솥 6인용 CRP-FHS0610FD,예약중,"60,000원",마산동,2026-08-25,0,0,0,36.5℃,중고나라판매자,생활가전,마산동,[출처] 중고나라 | [분석모델] CRP-FHS0610FD | [모델근거] text_code | [원문링크] https://web.joongna.com/product/231845627
밥솥,쿠쿠 밥솥,"미니 밥솥 루베크 RU-RC101W, 쿠쿠 CR-0255MW, 대웅모닝컴 DWM-C01M, 에브리빙 전기 그릴",거래중,"70,000원",,2026-08-25,0,0,0,36.5℃,중고나라판매자,생활가전,,[출처] 중고나라 | [분석모델] CR-0255MW | [모델근거] text_code | [원문링크] https://web.joongna.com/product/229925219
밥솥,쿠쿠 밥솥,쿠쿠 IH압력밥솥 3~4인용,거래중,"57,000원",,2026-08-25,0,0,0,36.5℃,중고나라판매자,생활가전,,[출처] 중고나라 | [분석모델] IH압력밥솥 | [모델근거] text_variant | [원문링크] https://web.joongna.com/product/231725294
밥솥,쿠쿠 밥솥,쿠쿠 IH6인용압력밥솥,거래중,"65,000원",도봉제2동,2026-08-25,0,0,0,36.5℃,중고나라판매자,생활가전,도봉제2동,[출처] 중고나라 | [분석모델] 전기압력밥솥_6인용 | [모델근거] text_variant | [원문링크] https://web.joongna.com/product/218424502
밥솥,쿠쿠 밥솥,쿠쿠 IH6인용압력밥솥,거래중,"150,000원",도봉제2동,2026-08-25,0,0,0,36.5℃,중고나라판매자,생활가전,도봉제2동,[출처] 중고나라 | [분석모델] 전기압력밥솥_6인용 | [모델근거] text_variant | [원문링크] https://web.joongna.com/product/227129073
밥솥,쿠쿠 밥솥,쿠쿠6인용압력밥솥 트윈프레셔 (22년1월제품),거래중,"98,000원",도봉제2동,2026-08-25,0,0,0,36.5℃,중고나라판매자,생활가전,도봉제2동,[출처] 중고나라 | [분석모델] 트윈프레셔_6인용 | [모델근거] text_variant | [원문링크] https://web.joongna.com/product/227232317
밥솥,쿠쿠 밥솥,쿠쿠6인용압력밥솥,거래중,"35,000원",도봉제2동,2026-08-25,0,0,0,36.5℃,중고나라판매자,생활가전,도봉제2동,[출처] 중고나라 | [분석모델] 전기압력밥솥_6인용 | [모델근거] text_variant | [원문링크] https://web.joongna.com/product/228505454
밥솥,쿠쿠 밥솥,쿠쿠6인용 압력밥솥,거래중,"63,000원",도봉제2동,2026-08-25,0,0,0,36.5℃,중고나라판매자,생활가전,도봉제2동,[출처] 중고나라 | [분석모델] 전기압력밥솥_6인용 | [모델근거] text_variant | [원문링크] https://web.joongna.com/product/228564895
밥솥,쿠쿠 밥솥,"쿠쿠10인용압력밥솥 (트윈프레셔,20년제품)",거래중,"85,000원",도봉제2동,2026-08-25,0,0,0,36.5℃,중고나라판매자,생활가전,도봉제2동,[출처] 중고나라 | [분석모델] 트윈프레셔_10인용 | [모델근거] text_variant | [원문링크] https://web.joongna.com/product/217643595
밥솥,쿠쿠 밥솥,쿠쿠 6인용 압력밥솥,거래중,"48,000원",도봉제2동,2026-08-25,0,0,0,36.5℃,중고나라판매자,생활가전,도봉제2동,[출처] 중고나라 | [분석모델] 전기압력밥솥_6인용 | [모델근거] text_variant | [원문링크] https://web.joongna.com/product/228054571
밥솥,쿠쿠 밥솥,쿠쿠 IH6인용압력밥솥,거래중,"89,000원",도봉제2동,2026-08-25,0,0,0,36.5℃,중고나라판매자,생활가전,도봉제2동,[출처] 중고나라 | [분석모델] 전기압력밥솥_6인용 | [모델근거] text_variant | [원문링크] https://web.joongna.com/product/226616385
밥솥,쿠쿠 밥솥,쿠쿠6인용압력밥솥,거래중,"130,000원",도봉제2동,2026-08-25,0,0,0,36.5℃,중고나라판매자,생활가전,도봉제2동,[출처] 중고나라 | [분석모델] 전기압력밥솥_6인용 | [모델근거] text_variant | [원문링크] https://web.joongna.com/product/231130819
밥솥,쿠쿠 밥솥,쿠쿠 IH6인용압력밥솥,거래중,"105,000원",도봉제2동,2026-08-25,0,0,0,36.5℃,중고나라판매자,생활가전,도봉제2동,[출처] 중고나라 | [분석모델] 전기압력밥솥_6인용 | [모델근거] text_variant | [원문링크] https://web.joongna.com/product/230952249
밥솥,쿠쿠 밥솥,쿠쿠6인용압력밥솥,거래중,"55,000원",도봉제2동,2026-08-25,0,0,0,36.5℃,중고나라판매자,생활가전,도봉제2동,[출처] 중고나라 | [분석모델] 전기압력밥솥_6인용 | [모델근거] text_variant | [원문링크] https://web.joongna.com/product/225764246
밥솥,쿠쿠 밥솥,쿠쿠6인용압력밥솥(22년3월제품),거래중,"53,000원",도봉제2동,2026-08-25,0,0,0,36.5℃,중고나라판매자,생활가전,도봉제2동,[출처] 중고나라 | [분석모델] 전기압력밥솥_6인용 | [모델근거] text_variant | [원문링크] https://web.joongna.com/product/218425190
밥솥,쿠쿠 밥솥,쿠쿠 6인용 미니 에그밥솥,거래중,"52,000원",용호제1동,2026-08-25,0,0,0,36.5℃,중고나라판매자,생활가전,용호제1동,[출처] 중고나라 | [분석모델] 미니에그밥솥_6인용 | [모델근거] text_variant | [원문링크] https://web.joongna.com/product/229574854
밥솥,쿠쿠 밥솥,전기압력밥솥 12인용 쿠쿠전자 IH전기압력밥솥 CRP-DHP0610FD 6인용 판매합니다~~,거래완료,"47,000원",철산3동,2026-08-24,0,0,0,36.5℃,중고나라판매자,생활가전,철산3동,[출처] 중고나라 | [분석모델] CRP-DHP0610FD | [모델근거] text_code | [원문링크] https://web.joongna.com/product/231821742
밥솥,쿠쿠 밥솥,쿠쿠 압력밥솥 10인용 밥맛 좋기로 유명한,거래중,"150,000원",서초1동,2026-08-24,0,0,0,36.5℃,중고나라판매자,생활가전,서초1동,[출처] 중고나라 | [분석모델] 전기압력밥솥_10인용 | [모델근거] text_variant | [원문링크] https://web.joongna.com/product/230347352
밥솥,쿠쿠 밥솥,쿠쿠 대용량 전기밥솥 35인용 업소용 CR-3555B 새제품,거래중,"115,000원",신사제1동,2026-08-24,0,0,0,36.5℃,중고나라판매자,생활가전,신사제1동,[출처] 중고나라 | [분석모델] CR-3555B | [모델근거] text_code | [원문링크] https://web.joongna.com/product/229349217
밥솥,쿠쿠 밥솥,쿠쿠 10인용 밥솥 (우체국운포),거래중,"56,000원",,2026-08-24,0,0,0,36.5℃,중고나라판매자,생활가전,,"[출처] 중고나라 | [분석모델] 제품군 공통 | [모델근거] product_group | [원문설명] 사진의 쿠쿠 10인용 밥솥입니다 외관 깨끗하 고 작동 잘됩니다 부품유실 없으며 파손또한 없습니다 음성안내 잘나오고 밥 잘됩니다 내 솥내부에 자잘한 긁힘들 있으나 밥하는데 별 지장은 없습니다 다른내솥 있는분이면 더욱 좋겠네요 내외부 깨끗한 쿠쿠밥솥 저렴히 쓰 실분 구매하세요 포장잘해 드리며 우체국운 임 포함입니다. ※밥솥의 패킹은 소모품 입니다 밥솥의 기능은 작동에 이상이 없으나 압이 샐경우 패킹 교체 해서 쓰시길 바랍니다. ﻿°안전거래 로만 판매하며, 결제하시면 포장잘해서 우체국택배로 보내드립니다 직거래 원하시면 다른 것을 구매하시고 직거래문의시 답변하지 않습니다. °결제 하셨다가 취소요청 하실경우 판매자에게 상당한 피해가 될수있고, 부득이 취소수락이 늦어질수 있으므로 신중한구매 부탁 드립니다. °문의없이 그냥 결제하셔도 수시로 확인하니 알아 서 발송해 드립니다 오전 7시전 주문은 당일 발송 해 드리고, 이후는 익일 발송됩니다 사정상 예약을 통해 방문택배를 이용해서 그렇습니다 휴일이나 주 말 안끼면, 결제후 늦어도 이틀안에는 받으십니다. 《수령후 확인해보시고 가급적 신속한 '구매확정' 부탁 드립니다~》 | [원문링크] https://web.joongna.com/product/228001454"
밥솥,쿠쿠 밥솥,쿠쿠 압력밥솥 전기밥솥 6인용 올블랙스톤 전기압력밥솥 어제받았어요 반품안되서 팔아요,거래중,"150,000원",,2026-08-23,0,0,0,36.5℃,중고나라판매자,생활가전,,[출처] 중고나라 | [분석모델] 전기압력밥솥_6인용 | [모델근거] text_variant | [원문링크] https://web.joongna.com/product/216843622
밥솥,쿠쿠 밥솥,3인용 밥솥쿠쿠(CR-0365FR),예약중,"30,000원",,2026-08-23,0,0,0,36.5℃,중고나라판매자,생활가전,,[출처] 중고나라 | [분석모델] CR-0365FR | [모델근거] text_code | [원문링크] https://web.joongna.com/product/231786631
밥솥,쿠쿠 밥솥,쿠쿠 CR-3055B 전기보온밥솥 30인용,거래중,"85,000원",,2026-08-23,0,0,0,36.5℃,중고나라판매자,생활가전,,[출처] 중고나라 | [분석모델] CR-3055B | [모델근거] text_code | [원문링크] https://web.joongna.com/product/231785371
밥솥,쿠쿠 밥솥,쿠쿠 IH 압력밥솥 10인용 JHR1020FD,거래중,"57,000원",지동,2026-08-23,0,0,0,36.5℃,중고나라판매자,생활가전,지동,[출처] 중고나라 | [분석모델] JHR1020FD | [모델근거] text_code | [원문링크] https://web.joongna.com/product/228331519
밥솥,쿠쿠 밥솥,쿠쿠 전기밥솥 6인용 레드,거래중,"35,000원",지동,2026-08-23,0,0,0,36.5℃,중고나라판매자,생활가전,지동,[출처] 중고나라 | [분석모델] 전기보온밥솥_6인용 | [모델근거] text_variant | [원문링크] https://web.joongna.com/product/230318383
밥솥,쿠쿠 밥솥,쿠쿠 IH압력밥솥 3인용 EHS0320FW,거래중,"85,000원",성현동,2026-08-23,0,0,0,36.5℃,중고나라판매자,생활가전,성현동,[출처] 중고나라 | [분석모델] EHS0320FW | [모델근거] text_code | [원문링크] https://web.joongna.com/product/230122885
밥솥,쿠쿠 밥솥,쿠쿠 전기밥솥압력밥솥주방인덕션잔자렌지앰비프라이팬쿠첸,거래중,"15,000원",방배2동,2026-08-23,0,0,0,36.5℃,중고나라판매자,생활가전,방배2동,[출처] 중고나라 | [분석모델] 전기압력밥솥 | [모델근거] text_variant | [원문링크] https://web.joongna.com/product/231781148
밥솥,쿠쿠 밥솥,쿠쿠 IH압력밥솥 3~4인용,거래중,"57,000원",용호제1동,2026-08-23,0,0,0,36.5℃,중고나라판매자,생활가전,용호제1동,[출처] 중고나라 | [분석모델] IH압력밥솥 | [모델근거] text_variant | [원문링크] https://web.joongna.com/product/231522344
밥솥,쿠쿠 밥솥,쿠쿠 전기밥솥,거래중,"8,000원",동삼제1동,2026-08-23,0,0,0,36.5℃,중고나라판매자,생활가전,동삼제1동,[출처] 중고나라 | [분석모델] 전기보온밥솥 | [모델근거] text_variant | [원문링크] https://web.joongna.com/product/231508485
밥솥,쿠쿠 밥솥,쿠쿠 IH 압력밥솥 3인용 레드,거래중,"57,000원",용호제1동,2026-08-23,0,0,0,36.5℃,중고나라판매자,생활가전,용호제1동,[출처] 중고나라 | [분석모델] IH압력밥솥_3인용 | [모델근거] text_variant | [원문링크] https://web.joongna.com/product/231508135
밥솥,쿠쿠 밥솥,쿠쿠밥솥 2인분 CUCKOO CR-0215MW 팝니다 (1회사용),거래중,"32,000원",수유1동,2026-08-22,0,0,0,36.5℃,중고나라판매자,생활가전,수유1동,[출처] 중고나라 | [분석모델] CR-0215MW | [모델근거] text_code | [원문링크] https://web.joongna.com/product/228283381
밥솥,쿠쿠 밥솥,쿠쿠 압력밥솥 전기밥솥 6인용 올블랙스톤 전기압력밥솥 어제받았어요 반품안되서 팔아요,거래중,"150,000원",,2026-08-22,0,0,0,36.5℃,중고나라판매자,생활가전,,[출처] 중고나라 | [분석모델] 전기압력밥솥_6인용 | [모델근거] text_variant | [원문링크] https://web.joongna.com/product/216677214
밥솥,쿠쿠 밥솥,쿠쿠 ih 3인용 압력밥솥,거래중,"79,000원",,2026-08-22,0,0,0,36.5℃,중고나라판매자,생활가전,,[출처] 중고나라 | [분석모델] 전기압력밥솥_3인용 | [모델근거] text_variant | [원문링크] https://web.joongna.com/product/227966352
밥솥,쿠쿠 밥솥,쿠쿠 IH 압력밥솥 HQXT0310FP,거래중,"45,000원",동탄4동,2026-08-22,0,0,0,36.5℃,중고나라판매자,생활가전,동탄4동,[출처] 중고나라 | [분석모델] IH압력밥솥 | [모델근거] text_variant | [원문링크] https://web.joongna.com/product/231770542
밥솥,쿠쿠 밥솥,쿠쿠 밥솥 crp-rk0615fws 새상품,거래완료,"155,000원",,2026-08-22,0,0,0,36.5℃,중고나라판매자,생활가전,,[출처] 중고나라 | [분석모델] CRP-RK0615FWS | [모델근거] text_code | [원문링크] https://web.joongna.com/product/231512845
밥솥,쿠쿠 밥솥,(고장)쿠쿠밥솥 IH전기압력밥솥 트윈프레셔 마스터셰프 CRP-LHTR1010 10인용,거래완료,"30,000원",도담동,2026-08-22,0,0,0,36.5℃,중고나라판매자,생활가전,도담동,[출처] 중고나라 | [분석모델] CRP-LHTR1010 | [모델근거] text_code | [원문링크] https://web.joongna.com/product/231758399
밥솥,쿠쿠 밥솥,쿠쿠 트윈프레셔 마스터 셰프 6인용 ih 밥솥 상태 좋고 밥 잘됩니다,거래완료,"100,000원",선부3동,2026-08-22,0,0,0,36.5℃,중고나라판매자,생활가전,선부3동,[출처] 중고나라 | [분석모델] 트윈프레셔_6인용 | [모델근거] text_variant | [원문링크] https://web.joongna.com/product/231755948
밥솥,쿠쿠 밥솥,쿠쿠IH압력밥솥 6인용,거래완료,"210,000원",,2026-08-22,0,0,0,36.5℃,중고나라판매자,생활가전,,[출처] 중고나라 | [분석모델] IH압력밥솥_6인용 | [모델근거] text_variant | [원문링크] https://web.joongna.com/product/231752605
밥솥,쿠쿠 밥솥,쿠쿠 마스터셰프 사일런스 6인용 압력밥솥 CRP-NHTR0610FGW,거래중,"240,000원",송도1동,2026-08-21,0,0,0,36.5℃,중고나라판매자,생활가전,송도1동,[출처] 중고나라 | [분석모델] CRP-NHTR0610FGW | [모델근거] text_code | [원문링크] https://web.joongna.com/product/231542095
밥솥,쿠쿠 밥솥,쿠쿠 스마트 IH 압력밥솥 3~4인용,거래중,"57,000원",,2026-08-21,0,0,0,36.5℃,중고나라판매자,생활가전,,[출처] 중고나라 | [분석모델] IH압력밥솥 | [모델근거] text_variant | [원문링크] https://web.joongna.com/product/231734661
밥솥,쿠쿠 밥솥,쿠쿠 ih 6인용 전기 밥솥 hzxb0670fc,거래중,"50,000원",성현동,2026-08-21,0,0,0,36.5℃,중고나라판매자,생활가전,성현동,[출처] 중고나라 | [분석모델] 전기보온밥솥_6인용 | [모델근거] text_variant | [원문링크] https://web.joongna.com/product/227970810
밥솥,쿠쿠 밥솥,쿠쿠 미니 에그밥솥(상태좋음),거래중,"50,000원",용호제1동,2026-08-21,0,0,0,36.5℃,중고나라판매자,생활가전,용호제1동,[출처] 중고나라 | [분석모델] 미니에그밥솥 | [모델근거] text_variant | [원문링크] https://web.joongna.com/product/231710427
밥솥,쿠쿠 밥솥,쿠쿠 CRP-R1010FC 전기압력밥솥,거래중,"130,000원",구월3동,2026-08-20,0,0,0,36.5℃,중고나라판매자,생활가전,구월3동,[출처] 중고나라 | [분석모델] CRP-R1010FC | [모델근거] text_code | [원문링크] https://web.joongna.com/product/231219110
밥솥,쿠쿠 밥솥,쿠쿠 스마트 IH 전기압력밥솥 CRP-CHS108FD 10인용,거래완료,"55,000원",,2026-08-20,0,0,0,36.5℃,중고나라판매자,생활가전,,[출처] 중고나라 | [분석모델] CRP-CHS108FD | [모델근거] text_code | [원문링크] https://web.joongna.com/product/231713365
밥솥,쿠쿠 밥솥,쿠쿠 6인용 2기압 밥솥 FHR067FD,거래완료,"75,000원",,2026-08-20,0,0,0,36.5℃,중고나라판매자,생활가전,,"[출처] 중고나라 | [분석모델] CRP-FHR067FD | [모델근거] detail_text_code | [원문설명] 쿠쿠 6인용 2기압 밥솥 FHR067FD 판매합니다. 풀스테인리스 커버와 스테인리스 내솥,에너지 절약기능이 탑재된 모델입니다. 내솥과 패킹 상태 양호합니다. 내솥에 작은 흠이 있습니다. 사진 봐 주세요. . 쿠쿠전자 CRP-FHR067FD /IH압력밥솥/6인용/ 스테인리스내솥/블랙코팅/커브드/에어버블/ 풀스테인리스커버/ 패킹워시/분리형커버/ 2기압취사/음성안내/ 자동세척/에너지:1등급/ 소비전력:1090W/ 무게:6.4kg/ 크기(가로x세로x깊이): 379x258x265mm | [원문링크] https://web.joongna.com/product/231266163"
밥솥,쿠쿠 밥솥,쿠쿠압력밥솥 6인용 새상품,거래완료,"210,000원",명지1동,2026-08-12,0,0,0,36.5℃,중고나라판매자,생활가전,명지1동,[출처] 중고나라 | [분석모델] 전기압력밥솥_6인용 | [모델근거] text_variant | [원문링크] https://web.joongna.com/product/231470269
밥솥,쿠쿠 밥솥,쿠쿠 CR-0671V 밥솥 (화이트/퍼플),거래중,"50,000원",봉덕1동,2026-08-12,0,0,0,36.5℃,중고나라판매자,생활가전,봉덕1동,[출처] 중고나라 | [분석모델] CR-0671V | [모델근거] text_code | [원문링크] https://web.joongna.com/product/229631902
밥솥,쿠쿠 밥솥,쿠쿠 2인용 보온 밥솥 CR-0215MW,거래중,"65,000원",별내동,2026-08-11,0,0,0,36.5℃,중고나라판매자,생활가전,별내동,[출처] 중고나라 | [분석모델] CR-0215MW | [모델근거] text_code | [원문링크] https://web.joongna.com/product/231446566
밥솥,쿠쿠 밥솥,쿠쿠 6인용 전기압력밥솥 CRP-R069FS 팝니다,거래중,"45,000원",용문동,2026-08-11,0,0,0,36.5℃,중고나라판매자,생활가전,용문동,[출처] 중고나라 | [분석모델] CRP-R069FS | [모델근거] text_code | [원문링크] https://web.joongna.com/product/230743949
밥솥,쿠쿠 밥솥,쿠쿠 트윈프레셔 쁘띠 3인용 IH 압력밥솥 / 깔끔한 상태,거래완료,"180,000원",고척제2동,2026-08-10,0,0,0,36.5℃,중고나라판매자,생활가전,고척제2동,[출처] 중고나라 | [분석모델] 트윈프레셔_3인용 | [모델근거] text_variant | [원문링크] https://web.joongna.com/product/231414388
밥솥,쿠쿠 밥솥,쿠쿠 IH압력밥솥 10인용(새상품급),예약중,"80,000원",용호제1동,2026-08-10,0,0,0,36.5℃,중고나라판매자,생활가전,용호제1동,[출처] 중고나라 | [분석모델] IH압력밥솥_10인용 | [모델근거] text_variant | [원문링크] https://web.joongna.com/product/231239191
밥솥,쿠쿠 밥솥,쿠쿠 10인용 압력밥솥,거래완료,"62,000원",장안제1동,2026-08-09,0,0,0,36.5℃,중고나라판매자,생활가전,장안제1동,[출처] 중고나라 | [분석모델] 전기압력밥솥_10인용 | [모델근거] text_variant | [원문링크] https://web.joongna.com/product/226329142
밥솥,쿠쿠 밥솥,쿠쿠 3인용 IH 밥솥 HQXT0311FG,거래완료,"55,000원",,2026-08-09,0,0,0,36.5℃,중고나라판매자,생활가전,,"[출처] 중고나라 | [분석모델] CRP-HQXT0311FG | [모델근거] detail_text_code | [원문설명] 쿠쿠 3인용 IH 밥솥 HQXT0311FG 판매합니다. 내솥에 약간의 사용감 있습니다. 사진 봐주세요. 기능 이상 없고,밥 잘됩니다. 쿠쿠전자 CRP-HQXT0311FG /IH압력밥솥/3인용/블랙코팅/ 분리형커버/음성안내/자동세척/ 소비전력:824W/무게:4.1kg/ 크기:33.7cm x 23.8cm x 21.6cm | [원문링크] https://web.joongna.com/product/230535822"
밥솥,쿠쿠 밥솥,쿠쿠 8인용 압력밥솥 FAX085FR,거래완료,"25,000원",,2026-08-09,0,0,0,36.5℃,중고나라판매자,생활가전,,[출처] 중고나라 | [분석모델] 전기압력밥솥 | [모델근거] text_variant | [원문링크] https://web.joongna.com/product/231325196
밥솥,쿠쿠 밥솥,쿠쿠 6인용 미니 에그밥솥,거래중,"55,000원",용호제1동,2026-08-08,0,0,0,36.5℃,중고나라판매자,생활가전,용호제1동,[출처] 중고나라 | [분석모델] 미니에그밥솥_6인용 | [모델근거] text_variant | [원문링크] https://web.joongna.com/product/230880464
밥솥,쿠쿠 밥솥,쿠쿠 전기밥솥 퓨어 핑크 미개봉 팝니다,거래완료,"43,000원",신현동,2026-08-08,0,0,0,36.5℃,중고나라판매자,생활가전,신현동,[출처] 중고나라 | [분석모델] 전기보온밥솥 | [모델근거] text_variant | [원문링크] https://web.joongna.com/product/231359568
밥솥,쿠쿠 밥솥,IH 쿠쿠 10인용 압력밥솥,거래완료,"49,900원",호평동,2026-08-08,0,0,0,36.5℃,중고나라판매자,생활가전,호평동,[출처] 중고나라 | [분석모델] 전기압력밥솥_10인용 | [모델근거] text_variant | [원문링크] https://web.joongna.com/product/231343520
밥솥,쿠쿠 밥솥,(미사용) 쿠쿠 마스터셰프 사일런스 10인용 밥솥 화이트,거래완료,"300,000원",장호원읍,2026-08-07,0,0,0,36.5℃,중고나라판매자,생활가전,장호원읍,[출처] 중고나라 | [분석모델] 마스터셰프_10인용 | [모델근거] text_variant | [원문링크] https://web.joongna.com/product/231344149
밥솥,쿠쿠 밥솥,쿠쿠밥솥 6인용 crp-hvb0680sr팝니다.,거래중,"40,000원",신사동,2026-08-07,0,0,0,36.5℃,중고나라판매자,생활가전,신사동,[출처] 중고나라 | [분석모델] CRP-HVB0680SR | [모델근거] text_code | [원문링크] https://web.joongna.com/product/230615589
밥솥,쿠쿠 밥솥,쿠쿠 트윈프레셔 더라이트 6인용 전기압력밥솥,거래중,"145,000원",,2026-08-07,0,0,0,36.5℃,중고나라판매자,생활가전,,[출처] 중고나라 | [분석모델] 트윈프레셔_6인용 | [모델근거] text_variant | [원문링크] https://web.joongna.com/product/231336162
밥솥,쿠쿠 밥솥,쿠쿠 10인용 IH 압력밥솥 HD1010FI,거래완료,"25,000원",,2026-08-07,0,0,0,36.5℃,중고나라판매자,생활가전,,[출처] 중고나라 | [분석모델] IH압력밥솥_10인용 | [모델근거] text_variant | [원문링크] https://web.joongna.com/product/231325389
밥솥,쿠쿠 밥솥,쿠쿠 3인용 ih 압력밥솥,거래중,"75,000원",,2026-08-06,0,0,0,36.5℃,중고나라판매자,생활가전,,[출처] 중고나라 | [분석모델] IH압력밥솥_3인용 | [모델근거] text_variant | [원문링크] https://web.joongna.com/product/230838800
밥솥,쿠쿠 밥솥,쿠쿠 밥솥 물받이 (10인용) + 증기배출구 청소핀 (일괄판매),거래중,"7,000원",상도제1동,2026-08-06,0,0,0,36.5℃,중고나라판매자,생활가전,상도제1동,"[출처] 중고나라 | [분석모델] CRP-HWB109FD | [모델근거] detail_text_code | [원문설명] 🧚‍♀️ 쿠쿠 10인용 압력밥솥의 물받이 + 증기배출구 청소핀 = (2종 일괄판매) 🍋 ALL세척 건조후 알콜 소독 🍇 사용하던 것 🍇 PVC 물받이 371-071 🍇 스테인리스 청소핀 🍇 깔끔하게 비닐포장 인도 🫐 쿠쿠 적용모델은 CRP - HWB109FD HWXB107FR HWF1060FS 🍋 1세트 있습니다 🍋 물받이 부품번호 371-071 가 일치하는 제품은 모두 적용가능 💥 1세트 직거래 ₩7,000원 💥 일반택배 4천원 추가 💥 반값택배 2천원 추가 🎉 반값택배 = CU, GS물류시스템을 이용한 택배로 수취인이 지정한 CU, GS편의점으로 발송, 평균4일소요, 물품도착시 수취인에게 QR코드, 문자로 도착알림, QR코드 제시후 물품수령. 끝! 💥 직거래는 평일오후4시 이후 도로명 주소 '상도로320' 중앙하이츠빌APT 정문옆 '사리원 음식점' 앞에서 합니다. (휴일협의) ‐--ㆍ---ㆍ---ㆍ---ㆍ---ㆍ---ㆍ---ㆍ 🚔📢 이미지, 본문 게시글의 무단 복사, 전재, 재배포를 엄격 금지 | [원문링크] https://web.joongna.com/product/231294515"
밥솥,쿠쿠 밥솥,쿠쿠 IH전기압력밥솥 10인용 CRP-HWF1060FB,거래중,"130,000원",가산동,2026-08-05,0,0,0,36.5℃,중고나라판매자,생활가전,가산동,[출처] 중고나라 | [분석모델] CRP-HWF1060FB | [모델근거] text_code | [원문링크] https://web.joongna.com/product/231284069
밥솥,쿠쿠 밥솥,[밥솥] 쿠쿠 10인용 전기압력밥솥 CRP-QK1010BUG 어반그레이-002,거래중,"80,000원",,2026-08-05,0,0,0,36.5℃,중고나라판매자,생활가전,,[출처] 중고나라 | [분석모델] CRP-QK1010BUG | [모델근거] text_code | [원문링크] https://web.joongna.com/product/231275701
밥솥,쿠쿠 밥솥,쿠쿠 IH압력밥솥 6인용,거래중,"109,000원",소하2동,2026-08-05,0,0,0,36.5℃,중고나라판매자,생활가전,소하2동,[출처] 중고나라 | [분석모델] IH압력밥솥_6인용 | [모델근거] text_variant | [원문링크] https://web.joongna.com/product/231264171
밥솥,쿠쿠 밥솥,쿠쿠 6인용 밥솥입니다,거래완료,"33,000원",미사1동,2026-08-03,0,0,0,36.5℃,중고나라판매자,생활가전,미사1동,[출처] 중고나라 | [분석모델] 제품군 공통 | [모델근거] product_group | [원문설명] 💞전체적인 컨디션 좋은 편입니다 부피 작은건 반값택배 그외 일반택배가능합니다💞 010 6294 2724 | [원문링크] https://web.joongna.com/product/228840210
밥솥,쿠쿠 밥솥,쿠쿠 30인용 업소용 밥솥 CR-3021V,거래중,"79,000원",,2026-08-03,0,0,0,36.5℃,중고나라판매자,생활가전,,[출처] 중고나라 | [분석모델] CR-3021V | [모델근거] text_code | [원문링크] https://web.joongna.com/product/231211192
밥솥,쿠쿠 밥솥,쿠쿠압력밥솥10인용(트윈프레셔),거래완료,"42,000원",,2026-08-03,0,0,0,36.5℃,중고나라판매자,생활가전,,[출처] 중고나라 | [분석모델] 트윈프레셔_10인용 | [모델근거] text_variant | [원문링크] https://web.joongna.com/product/231210797
밥솥,쿠쿠 밥솥,쿠쿠 IH압력밥솥 HRP-0660SR,거래중,"80,000원",,2026-08-02,0,0,0,36.5℃,중고나라판매자,생활가전,,[출처] 중고나라 | [분석모델] IH압력밥솥 | [모델근거] text_variant | [원문링크] https://web.joongna.com/product/213452900
밥솥,쿠쿠 밥솥,쿠쿠 업소용 밥솥,거래완료,"80,000원",우제1동,2026-08-01,0,0,0,36.5℃,중고나라판매자,생활가전,우제1동,[출처] 중고나라 | [분석모델] 제품군 공통 | [모델근거] product_group | [원문설명] 쿠쿠 업소용 밥솥입니다 ! 몇인용인지 정확하게 몰라요ㅠ 딱 1번 사용후 보관중입니다 | [원문링크] https://web.joongna.com/product/231179751
밥솥,쿠쿠 밥솥,쿠쿠 에그 6인용 전기밥솥,거래완료,"20,000원",,2026-08-01,0,0,0,36.5℃,중고나라판매자,생활가전,,[출처] 중고나라 | [분석모델] 전기보온밥솥_6인용 | [모델근거] text_variant | [원문링크] https://web.joongna.com/product/231084785
밥솥,쿠쿠 밥솥,미개봉 쿠쿠 CR-0655FR 6인용 밥솥,거래중,"70,000원",서정동,2026-08-01,0,0,0,36.5℃,중고나라판매자,생활가전,서정동,[출처] 중고나라 | [분석모델] CR-0655FR | [모델근거] text_code | [원문링크] https://web.joongna.com/product/229419274
밥솥,쿠쿠 밥솥,IH 쿠쿠전기밥솥 hdt1063sr,거래중,"10,000원",관저1동,2026-07-31,0,0,0,36.5℃,중고나라판매자,생활가전,관저1동,[출처] 중고나라 | [분석모델] 전기보온밥솥 | [모델근거] text_variant | [원문링크] https://web.joongna.com/product/230498095
밥솥,쿠쿠 밥솥,쿠쿠 10인용 IH밥솥,거래완료,"120,000원",통진읍,2026-07-31,0,0,0,36.5℃,중고나라판매자,생활가전,통진읍,[출처] 중고나라 | [분석모델] STAINLESS | [모델근거] detail_text_code | [원문설명] 쿠쿠 SMART IH 압력밥솥 10인용이에요 내솥은 Eco Stainless Curved 블랙샤인 플러스 코팅으로 되어있어요 맛있는 밥을 지을 수 있는 밥솥이랍니다 매일 따뜻하고 맛있는 밥을 드시고 싶은 분들께 추천드려요. 공일공 7226 143일 | [원문링크] https://web.joongna.com/product/231089424
밥솥,쿠쿠 밥솥,쿠쿠 전기압력밥솥 3인용,거래중,"180,000원",조원2동,2026-07-31,0,0,0,36.5℃,중고나라판매자,생활가전,조원2동,[출처] 중고나라 | [분석모델] 전기압력밥솥_3인용 | [모델근거] text_variant | [원문링크] https://web.joongna.com/product/230107248
밥솥,쿠쿠 밥솥,쿠쿠 IH 압력밥솥 10인용,거래완료,"47,000원",,2026-07-30,0,0,0,36.5℃,중고나라판매자,생활가전,,[출처] 중고나라 | [분석모델] IH압력밥솥_10인용 | [모델근거] text_variant | [원문링크] https://web.joongna.com/product/230146682
밥솥,쿠쿠 밥솥,쿠쿠 IH 전기 압력 밥솥 10인용 CRP-CHP1060FSM,거래중,"200,000원",가산동,2026-07-30,0,0,0,36.5℃,중고나라판매자,생활가전,가산동,[출처] 중고나라 | [분석모델] CRP-CHP1060FSM | [모델근거] text_code | [원문링크] https://web.joongna.com/product/231110756
밥솥,쿠쿠 밥솥,완전 신제품급 쿠쿠 6인용 밥솥 CR-0685GWM 화이트,거래중,"55,000원",비전2동,2026-07-30,0,0,0,36.5℃,중고나라판매자,생활가전,비전2동,[출처] 중고나라 | [분석모델] CR-0685GWM | [모델근거] text_code | [원문링크] https://web.joongna.com/product/231104470
밥솥,쿠쿠 밥솥,[26년 4월 제품] 쿠쿠 전기 압력밥솥 10인용 CRP-QK1010BUG 어반그레이,거래중,"110,000원",가산동,2026-07-28,0,0,0,36.5℃,중고나라판매자,생활가전,가산동,[출처] 중고나라 | [분석모델] CRP-QK1010BUG | [모델근거] text_code | [원문링크] https://web.joongna.com/product/231048055
밥솥,쿠쿠 밥솥,쿠쿠 6인용 압력밥솥,거래완료,"53,000원",용호제1동,2026-07-27,0,0,0,36.5℃,중고나라판매자,생활가전,용호제1동,[출처] 중고나라 | [분석모델] 전기압력밥솥_6인용 | [모델근거] text_variant | [원문링크] https://web.joongna.com/product/231025036
밥솥,쿠쿠 밥솥,쿠쿠 6인용 IH압력밥솥 CRP-BHS0610FB,거래완료,"40,000원",,2026-07-27,0,0,0,36.5℃,중고나라판매자,생활가전,,[출처] 중고나라 | [분석모델] CRP-BHS0610FB | [모델근거] text_code | [원문링크] https://web.joongna.com/product/229431420
밥솥,쿠쿠 밥솥,쿠쿠 IH 밥솥 6인용 (택포),거래완료,"65,000원",,2026-07-27,0,0,0,36.5℃,중고나라판매자,생활가전,,[출처] 중고나라 | [분석모델] 제품군 공통 | [모델근거] product_group | [원문설명] 쿠쿠 IH 밥솥 6인용입니다. 작동잘되고 말도잘하고 깨끗합니다. 유일한 하자는 내솥 코팅이 살짝 벗겨졌습니다(사진참조) 내솥만 따로 구매 가능합니다. 택배거래 가능합니다. (스티로폼 준비해놓음) | [원문링크] https://web.joongna.com/product/230368716
밥솥,쿠쿠 밥솥,쿠쿠6인용 ih 전기밥솥,거래완료,"75,000원",,2026-07-27,0,0,0,36.5℃,중고나라판매자,생활가전,,[출처] 중고나라 | [분석모델] 전기보온밥솥_6인용 | [모델근거] text_variant | [원문링크] https://web.joongna.com/product/230470046
밥솥,쿠쿠 밥솥,쿠쿠 대용량 업소용 전기보온 밥솥 35인용,거래중,"100,000원",주안1동,2026-07-26,0,0,0,36.5℃,중고나라판매자,생활가전,주안1동,[출처] 중고나라 | [분석모델] 전기보온밥솥_35인용 | [모델근거] text_variant | [원문링크] https://web.joongna.com/product/231005508
밥솥,쿠쿠 밥솥,쿠쿠IH 10인용 압력밥솥 팝니다.(CHS1010FS),거래완료,"90,000원",식사동,2026-07-26,0,0,0,36.5℃,중고나라판매자,생활가전,식사동,[출처] 중고나라 | [분석모델] 전기압력밥솥_10인용 | [모델근거] text_variant | [원문링크] https://web.joongna.com/product/230746024
밥솥,쿠쿠 밥솥,쿠쿠10인용스마트IH압력밥솥HUXB109SB,거래완료,"37,000원",,2026-08-05,0,0,0,36.5℃,중고나라판매자,생활가전,,[출처] 중고나라 | [분석모델] IH압력밥솥_10인용 | [모델근거] text_variant | [원문링크] https://web.joongna.com/product/231142631
밥솥,쿠쿠 밥솥,쿠쿠전기압력밥솥,거래중,"65,000원",,2026-08-04,0,0,0,36.5℃,중고나라판매자,생활가전,,[출처] 중고나라 | [분석모델] 전기압력밥솥 | [모델근거] text_variant | [원문링크] https://web.joongna.com/product/231069231
밥솥,쿠쿠 밥솥,완전 신제품급 쿠쿠 35인용 업소용 밥솥 CR-3515UG,거래중,"110,000원",비전2동,2026-08-04,0,0,0,36.5℃,중고나라판매자,생활가전,비전2동,[출처] 중고나라 | [분석모델] CR-3515UG | [모델근거] text_code | [원문링크] https://web.joongna.com/product/231242858
밥솥,쿠쿠 밥솥,(미사용) 쿠쿠 마스터셰프 사일런스 10인용 밥솥 화이트,거래완료,"350,000원",장호원읍,2026-08-02,0,0,0,36.5℃,중고나라판매자,생활가전,장호원읍,[출처] 중고나라 | [분석모델] 마스터셰프_10인용 | [모델근거] text_variant | [원문링크] https://web.joongna.com/product/230981529
밥솥,쿠쿠 밥솥,쿠쿠 3인용 IH 압력밥솥 팝니다,거래완료,"35,000원",화곡본동,2026-08-01,0,0,0,36.5℃,중고나라판매자,생활가전,화곡본동,[출처] 중고나라 | [분석모델] IH압력밥솥_3인용 | [모델근거] text_variant | [원문링크] https://web.joongna.com/product/231177926
밥솥,쿠쿠 밥솥,쿠쿠 3인용 전기밥솥 : CR-0351FG,거래중,"30,000원",노은1동,2026-08-01,0,0,0,36.5℃,중고나라판매자,생활가전,노은1동,[출처] 중고나라 | [분석모델] CR-0351FG | [모델근거] text_code | [원문링크] https://web.joongna.com/product/231158078
밥솥,쿠쿠 밥솥,쿠쿠 IH압력밥솥 6인용,거래완료,"70,000원",용호제1동,2026-08-01,0,0,0,36.5℃,중고나라판매자,생활가전,용호제1동,[출처] 중고나라 | [분석모델] IH압력밥솥_6인용 | [모델근거] text_variant | [원문링크] https://web.joongna.com/product/231030307
밥솥,쿠쿠 밥솥,쿠쿠 6인용 IH압력밥솥 CRP-DHB0660FDM,거래완료,"30,000원",동천동,2026-07-27,0,0,0,36.5℃,중고나라판매자,생활가전,동천동,[출처] 중고나라 | [분석모델] CRP-DHB0660FDM | [모델근거] text_code | [원문링크] https://web.joongna.com/product/226828894
밥솥,쿠쿠 밥솥,쿠쿠 압력밥솥 전기압력밥솥 10인용,거래중,"170,000원",하계2동,2026-07-26,0,0,0,36.5℃,중고나라판매자,생활가전,하계2동,[출처] 중고나라 | [분석모델] 전기압력밥솥_10인용 | [모델근거] text_variant | [원문링크] https://web.joongna.com/product/158992968
밥솥,쿠쿠 밥솥,쿠쿠 IH압력밥솥 CRP-CHP1010FD 10인용 판매합니다~~,거래완료,"79,000원",철산3동,2026-07-25,0,0,0,36.5℃,중고나라판매자,생활가전,철산3동,[출처] 중고나라 | [분석모델] CRP-CHP1010FD | [모델근거] text_code | [원문링크] https://web.joongna.com/product/230968351
밥솥,쿠쿠 밥솥,쿠쿠 IH 10인 압력밥솥 트윈프레셔,거래중,"200,000원",간석1동,2026-07-25,0,0,0,36.5℃,중고나라판매자,생활가전,간석1동,[출처] 중고나라 | [분석모델] 트윈프레셔 | [모델근거] text_variant | [원문링크] https://web.joongna.com/product/230965746
밥솥,쿠쿠 밥솥,쿠쿠 IH 압력밥솥 6인용 / 상태좋음,거래완료,"90,000원",청담동,2026-07-24,0,0,0,36.5℃,중고나라판매자,생활가전,청담동,[출처] 중고나라 | [분석모델] IH압력밥솥_6인용 | [모델근거] text_variant | [원문링크] https://web.joongna.com/product/229371568
밥솥,쿠쿠 밥솥,새상품)*최저가 쿠쿠 순위상위권 마스터셰프 사일런스 밥솥,거래완료,"350,000원",유림동,2026-07-24,0,0,0,36.5℃,중고나라판매자,생활가전,유림동,[출처] 중고나라 | [분석모델] 마스터셰프 | [모델근거] text_variant | [원문링크] https://web.joongna.com/product/230695091
밥솥,쿠쿠 밥솥,쿠쿠 IH압력밥솥 6인용(택배포함),거래중,"120,000원",,2026-07-24,0,0,0,36.5℃,중고나라판매자,생활가전,,[출처] 중고나라 | [분석모델] IH압력밥솥_6인용 | [모델근거] text_variant | [원문링크] https://web.joongna.com/product/215074928
밥솥,쿠쿠 밥솥,쿠쿠 10인용 마스터셰프 트윈프레셔 전기압력밥솥 lhtr1010fgbm,거래완료,"120,000원",,2026-07-24,0,0,0,36.5℃,중고나라판매자,생활가전,,[출처] 중고나라 | [분석모델] LHTR1010FGBM | [모델근거] text_code | [원문링크] https://web.joongna.com/product/230879418
밥솥,쿠쿠 밥솥,쿠쿠 IH 압력밥솥 3인용,거래완료,"60,000원",용호제1동,2026-07-24,0,0,0,36.5℃,중고나라판매자,생활가전,용호제1동,[출처] 중고나라 | [분석모델] IH압력밥솥_3인용 | [모델근거] text_variant | [원문링크] https://web.joongna.com/product/230919012
밥솥,쿠쿠 밥솥,중고 쿠쿠압력밥솥 10인용 음성지원 작동잘됩 무료배송,거래완료,"30,000원",,2026-07-23,0,0,0,36.5℃,중고나라판매자,생활가전,,[출처] 중고나라 | [분석모델] 전기압력밥솥_10인용 | [모델근거] text_variant | [원문링크] https://web.joongna.com/product/230817420
밥솥,쿠쿠 밥솥,쿠쿠 밥솥 물받이 (10인용) + 증기배출구 청소핀 (일괄판매),거래완료,"7,000원",상도제1동,2026-07-23,0,0,0,36.5℃,중고나라판매자,생활가전,상도제1동,"[출처] 중고나라 | [분석모델] CRP-P104FB | [모델근거] detail_text_code | [원문설명] 🧚‍♀️ 쿠쿠 10인용 압력밥솥의 물받이 + 증기배출구 청소핀 (일괄판매) 🍋 ALL세척 건조후 알콜 소독 🍇 사용하던 것 🍇 PVC 물받이 371-087 🍇 사용감 있음 🍇 깔끔하게 비닐포장 인도 🍋 쿠쿠 적용모델은 CRP - P104FB PW107FB P1010FD P107FD PWE106FR PWE106FB 💥 직거래 ₩7,000원 💥 일반택배 2,700원 추가 💥 반값택배 1,900원 추가 🎉 반값택배 = CU, GS물류시스템을 이용한 택배로 수취인이 지정한 CU, GS편의점으로 발송, 평균4일소요, 물품도착시 수취인에게 QR코드, 문자로 도착알림, QR코드 제시후 물품수령. 끝! 💥 직거래는 평일오후4시 이후 도로명 주소 '상도로320' 중앙하이츠빌APT 정문옆 '사리원 음식점' 앞에서 합니다. (휴일협의) ‐--ㆍ---ㆍ---ㆍ---ㆍ---ㆍ---ㆍ---ㆍ 🚔📢 이미지, 본문 게시글의 무단 복사, 전재, 재배포를 엄격 금지 | [원문링크] https://web.joongna.com/product/230884679"
밥솥,쿠쿠 밥솥,쿠쿠 10인용 2기압 압력밥솥 FHR1010FG,거래완료,"90,000원",,2026-07-22,0,0,0,36.5℃,중고나라판매자,생활가전,,[출처] 중고나라 | [분석모델] 전기압력밥솥_10인용 | [모델근거] text_variant | [원문링크] https://web.joongna.com/product/230864514
밥솥,쿠쿠 밥솥,쿠쿠 전기 보온 밥솥 -새상품,거래중,"20,000원",판암1동,2026-07-22,0,0,0,36.5℃,중고나라판매자,생활가전,판암1동,[출처] 중고나라 | [분석모델] 전기보온밥솥 | [모델근거] text_variant | [원문링크] https://web.joongna.com/product/228977468
밥솥,쿠쿠 밥솥,미개봉 새상품) 쿠쿠 트윈프레셔 IH압력밥솥 10인용(CRP-LHTAR1010FGI),거래완료,"320,000원",산동읍,2026-07-22,0,0,0,36.5℃,중고나라판매자,생활가전,산동읍,[출처] 중고나라 | [분석모델] CRP-LHTAR1010FGI | [모델근거] text_code | [원문링크] https://web.joongna.com/product/230383195
밥솥,쿠쿠 밥솥,쿠쿠 6인용 압력밥솥 입니다,거래중,"50,000원",,2026-07-22,0,0,0,36.5℃,중고나라판매자,생활가전,,[출처] 중고나라 | [분석모델] 전기압력밥솥_6인용 | [모델근거] text_variant | [원문링크] https://web.joongna.com/product/230541848
밥솥,쿠쿠 밥솥,쿠쿠 전기밥솥 마스터셰프 사일런스 프로 화이트(미개봉) CRP-PHNLTR0610FGW,거래완료,"350,000원",부성2동,2026-07-20,0,0,0,36.5℃,중고나라판매자,생활가전,부성2동,[출처] 중고나라 | [분석모델] CRP-PHNLTR0610FGW | [모델근거] text_code | [원문링크] https://web.joongna.com/product/230361613
밥솥,쿠쿠 밥솥,쿠쿠 IH 압력밥솥 10인용 HNXG1011FB,거래완료,"10,000원",방화제1동,2026-07-20,0,0,0,36.5℃,중고나라판매자,생활가전,방화제1동,[출처] 중고나라 | [분석모델] IH압력밥솥_10인용 | [모델근거] text_variant | [원문링크] https://web.joongna.com/product/230800234
밥솥,쿠쿠 밥솥,쿠쿠밥솥 3인용 CR-0365FR,거래완료,"35,000원",자양제4동,2026-07-20,0,0,0,36.5℃,중고나라판매자,생활가전,자양제4동,[출처] 중고나라 | [분석모델] CR-0365FR | [모델근거] text_code | [원문링크] https://web.joongna.com/product/230798916
밥솥,쿠쿠 밥솥,쿠쿠IH스마트 압력밥솥10인용 CHS107FS,거래완료,"70,000원",신암1동,2026-07-20,0,0,0,36.5℃,중고나라판매자,생활가전,신암1동,[출처] 중고나라 | [분석모델] 전기압력밥솥_10인용 | [모델근거] text_variant | [원문링크] https://web.joongna.com/product/229090622
밥솥,쿠쿠 밥솥,(새제품) 쿠쿠 마스터셰프 10인용 IH압력밥솥 CRP-LHTR1020FGW,거래완료,"340,000원",상암동,2026-07-20,0,0,0,36.5℃,중고나라판매자,생활가전,상암동,[출처] 중고나라 | [분석모델] CRP-LHTR1020FGW | [모델근거] text_code | [원문링크] https://web.joongna.com/product/230289845
밥솥,쿠쿠 밥솥,쿠쿠 SMART IH 압력밥솥 HZXB0660FR 6인용,예약중,"35,000원",,2026-07-19,0,0,0,36.5℃,중고나라판매자,생활가전,,[출처] 중고나라 | [분석모델] IH압력밥솥_6인용 | [모델근거] text_variant | [원문링크] https://web.joongna.com/product/230776263
밥솥,쿠쿠 밥솥,<새제품>쿠쿠 마스터셰프 사일런스 밥솥10인용,거래완료,"350,000원",유림동,2026-07-19,0,0,0,36.5℃,중고나라판매자,생활가전,유림동,[출처] 중고나라 | [분석모델] 마스터셰프_10인용 | [모델근거] text_variant | [원문링크] https://web.joongna.com/product/229997791
밥솥,쿠쿠 밥솥,쿠쿠 트윈프레셔 6인용 밥솥 CRP-OHTR0610FWM,거래완료,"330,000원",고촌읍,2026-07-19,0,0,0,36.5℃,중고나라판매자,생활가전,고촌읍,[출처] 중고나라 | [분석모델] CRP-OHTR0610FWM | [모델근거] text_code | [원문링크] https://web.joongna.com/product/230765858
밥솥,쿠쿠 밥솥,쿠쿠 10인용 밥솥,거래완료,"40,000원",,2026-07-19,0,0,0,36.5℃,중고나라판매자,생활가전,,[출처] 중고나라 | [분석모델] IH압력밥솥_10인용 | [모델근거] detail_text_variant | [원문설명] 쿠쿠 스마트 IH 압력밥솥 10인용이에요 사진에서 보이는 것처럼 깔끔한 디자인의 밥솥입니다 기스나 사용감 많고 뒷편에 물받이 없어 따로 구매하실분만 구매하시기 바랍니다 물받이는 인터넷에서 9900원에 팝니다 반품불가 | [원문링크] https://web.joongna.com/product/230619192
밥솥,쿠쿠 밥솥,쿠쿠 10인용 압력밥솥 P107FR,거래완료,"40,000원",,2026-07-19,0,0,0,36.5℃,중고나라판매자,생활가전,,[출처] 중고나라 | [분석모델] 전기압력밥솥_10인용 | [모델근거] text_variant | [원문링크] https://web.joongna.com/product/230762472
밥솥,쿠쿠 밥솥,[1회 사용] 쿠쿠 밥솥 10인용,거래중,"339,000원",의정부1동,2026-07-19,0,0,0,36.5℃,중고나라판매자,생활가전,의정부1동,"[출처] 중고나라 | [분석모델] 제품군 공통 | [모델근거] product_group | [원문설명] 아기 이유식한다고 급하게 샀다가 시판이유식하려고 판매합니다ㅠㅠ 정말 딱 한번 죽 만드는데 사용했어요 ! 상태 매우 좋아요 :) 의정부,강남 서초동에서 직거래 가능하구요 그외 서울 지역도 멀지 않다면 가능합니다 ! (대신 펑 방지금 3만원 선입금) 많은 문의 주세요~~! | [원문링크] https://web.joongna.com/product/230759000"
밥솥,쿠쿠 밥솥,쿠쿠 IH 압력밥솥 6인용 IH 압력 상태 좋고 밥 잘됩니다,거래완료,"50,000원",선부3동,2026-07-18,0,0,0,36.5℃,중고나라판매자,생활가전,선부3동,[출처] 중고나라 | [분석모델] IH압력밥솥_6인용 | [모델근거] text_variant | [원문링크] https://web.joongna.com/product/230738191
밥솥,쿠쿠 밥솥,쿠쿠 10인용 IH 압력밥솥,거래완료,"19,000원",동삼제1동,2026-07-18,0,0,0,36.5℃,중고나라판매자,생활가전,동삼제1동,[출처] 중고나라 | [분석모델] IH압력밥솥_10인용 | [모델근거] text_variant | [원문링크] https://web.joongna.com/product/228980773
밥솥,쿠쿠 밥솥,쿠쿠 10인용 분리형 풀스텐커버 음성지원 열판방식 압력밥솥 판매합니다,거래완료,"55,000원",가음정동,2026-07-18,0,0,0,36.5℃,중고나라판매자,생활가전,가음정동,[출처] 중고나라 | [분석모델] 전기압력밥솥_10인용 | [모델근거] text_variant | [원문링크] https://web.joongna.com/product/230732302
밥솥,쿠쿠 밥솥,쿠쿠 10인용 압력밥솥 P107FR,거래완료,"40,000원",,2026-07-18,0,0,0,36.5℃,중고나라판매자,생활가전,,[출처] 중고나라 | [분석모델] 전기압력밥솥_10인용 | [모델근거] text_variant | [원문링크] https://web.joongna.com/product/230731062
밥솥,쿠쿠 밥솥,쿠쿠 에코미니 2기압 밥솥 EHS0320FG,거래완료,"130,000원",,2026-07-18,0,0,0,36.5℃,중고나라판매자,생활가전,,[출처] 중고나라 | [분석모델] EHS0320FG | [모델근거] text_code | [원문링크] https://web.joongna.com/product/229339160
밥솥,쿠쿠 밥솥,쿠쿠 6인용 압력밥솥 N0680SR,거래완료,"55,000원",,2026-07-18,0,0,0,36.5℃,중고나라판매자,생활가전,,[출처] 중고나라 | [분석모델] 전기압력밥솥_6인용 | [모델근거] text_variant | [원문링크] https://web.joongna.com/product/230536252
밥솥,쿠쿠 밥솥,쿠쿠10인용풀스텐스마트IH압력밥솥CHP1010FD,거래완료,"57,000원",,2026-07-17,0,0,0,36.5℃,중고나라판매자,생활가전,,[출처] 중고나라 | [분석모델] IH압력밥솥_10인용 | [모델근거] text_variant | [원문링크] https://web.joongna.com/product/230703384
밥솥,쿠쿠 밥솥,쿠쿠압력밥솥 전기밥솥 10인용,예약중,"30,000원",화정1동,2026-07-17,0,0,0,36.5℃,중고나라판매자,생활가전,화정1동,[출처] 중고나라 | [분석모델] 전기압력밥솥_10인용 | [모델근거] text_variant | [원문링크] https://web.joongna.com/product/229985940
밥솥,쿠쿠 밥솥,쿠쿠 CR-0375FW 3인용 밥솥,거래완료,"30,000원",,2026-07-16,0,0,0,36.5℃,중고나라판매자,생활가전,,[출처] 중고나라 | [분석모델] CR-0375FW | [모델근거] text_code | [원문링크] https://web.joongna.com/product/230685089
밥솥,쿠쿠 밥솥,쿠쿠 6인용 밥솥 DHP0610FD 판매합니다.,거래중,"60,000원",덕풍1동,2026-07-16,0,0,0,36.5℃,중고나라판매자,생활가전,덕풍1동,[출처] 중고나라 | [분석모델] 제품군 공통 | [모델근거] product_group | [원문설명] 쿠쿠 6인용 DHP0610FD 판매 합니다. 사용하던 제품이고 패킹상태 이상없고 작동잘 됩니다. 직거래나 택배거래 가능합니다. 010-6357-1426 #쿠쿠#쿠쿠6인용#쿠쿠6인용밥솥#쿠쿠DHP0610FD#DHP0610FD | [원문링크] https://web.joongna.com/product/230234659
밥솥,쿠쿠 밥솥,쿠쿠 트윈프레셔 3인용 밥솥,거래완료,"50,000원",,2026-07-16,0,0,0,36.5℃,중고나라판매자,생활가전,,[출처] 중고나라 | [분석모델] 트윈프레셔_3인용 | [모델근거] text_variant | [원문링크] https://web.joongna.com/product/230669140
밥솥,쿠쿠 밥솥,쿠쿠 IH압력밥솥 10인용(택배포함),거래중,"180,000원",,2026-07-16,0,0,0,36.5℃,중고나라판매자,생활가전,,[출처] 중고나라 | [분석모델] IH압력밥솥_10인용 | [모델근거] text_variant | [원문링크] https://web.joongna.com/product/220491769
밥솥,쿠쿠 밥솥,쿠쿠 밥솥(10인용) 1번 사용한 거 싸게 팝니다.,거래중,"310,000원",탕정면,2026-07-15,0,0,0,36.5℃,중고나라판매자,생활가전,탕정면,[출처] 중고나라 | [분석모델] 제품군 공통 | [모델근거] product_group | [원문설명] 쿠쿠 10인용 미식 컬렉션 밥솥입니다. 구매하고 한 번 사용했는데 식구가 많지 않아서 싸게 팝니다. 한 번밖에 사용 안해서 완전 깨끗합니다. 저렴하게 내놓으니 필요하신 분은 연락주세요. | [원문링크] https://web.joongna.com/product/230136669
밥솥,쿠쿠 밥솥,쿠쿠 6인용 압력밥솥,거래완료,"40,000원",,2026-07-15,0,0,0,36.5℃,중고나라판매자,생활가전,,[출처] 중고나라 | [분석모델] 전기압력밥솥_6인용 | [모델근거] text_variant | [원문링크] https://web.joongna.com/product/230639579
밥솥,쿠쿠 밥솥,쿠쿠6인용 압력밥솥,거래완료,"109,000원",호평동,2026-07-15,0,0,0,36.5℃,중고나라판매자,생활가전,호평동,[출처] 중고나라 | [분석모델] 전기압력밥솥_6인용 | [모델근거] text_variant | [원문링크] https://web.joongna.com/product/230413042
밥솥,쿠쿠 밥솥,쿠쿠밥솥(10인용),거래완료,"50,000원",,2026-07-15,0,0,0,36.5℃,중고나라판매자,생활가전,,[출처] 중고나라 | [분석모델] CR-1010FB | [모델근거] detail_text_code | [원문설명] 쿠쿠 10인용 밥솥 CR-1010FB 판매해요 사진에서 보시는 것처럼 구성품 모두 있어요 깔끔한 디자인으로 어떤 주방에도 잘 어울려요 맛있는 밥 지어 드시고 싶은 분들께 추천드려요 원룸에서 2번사용 보관중 거의새거 010 8683 9026 | [원문링크] https://web.joongna.com/product/230632783
밥솥,쿠쿠 밥솥,쿠쿠 10인용 압력밥솥 P107FR,거래완료,"40,000원",,2026-07-15,0,0,0,36.5℃,중고나라판매자,생활가전,,[출처] 중고나라 | [분석모델] 전기압력밥솥_10인용 | [모델근거] text_variant | [원문링크] https://web.joongna.com/product/230632243
밥솥,쿠쿠 밥솥,쿠쿠 전기압력밥솥 6인용_DHB0660FDM,거래완료,"170,000원",쌍용2동,2026-07-13,0,0,0,36.5℃,중고나라판매자,생활가전,쌍용2동,[출처] 중고나라 | [분석모델] DHB0660FDM | [모델근거] text_code | [원문링크] https://web.joongna.com/product/230483461
밥솥,쿠쿠 밥솥,쿠쿠 6인용 전기밥솥 26년 3월생산제품.,거래완료,"40,000원",신천동,2026-07-13,0,0,0,36.5℃,중고나라판매자,생활가전,신천동,[출처] 중고나라 | [분석모델] 전기보온밥솥_6인용 | [모델근거] text_variant | [원문링크] https://web.joongna.com/product/230495149
밥솥,쿠쿠 밥솥,쿠쿠 35인용 밥솥,거래완료,"100,000원",부량면,2026-07-13,0,0,0,36.5℃,중고나라판매자,생활가전,부량면,[출처] 중고나라 | [분석모델] CR-3031N | [모델근거] detail_text_code | [원문설명] 쿠쿠 CR-3031N 35인용 대용량 밥솥이에요 사진에서 보시는 것처럼 스테인리스 외관으로 깔끔하게 사용할 수 있어요 대용량이라 많은 양의 밥을 지을 수 있어 업소나 단체에서 사용하기 좋아요 옆에 찌그러져 있는데 사용 하는 데에는 아무 지장 없습니다. 그리고 사진에 있는것처럼 그 부분만 이상하게 녹이 조금 있고 벗겨졌더라구요 보관을 잘 못 했나봐요. 이외 다른 것은 아무 하자 없습니다. 솥도 5번 내외 사용을 안해서 완전 깨끗합니다. 네고 흥정 안하고 중고상 반품도 안받습키다. 신중히 보시고 결정하세요. | [원문링크] https://web.joongna.com/product/229947842
밥솥,쿠쿠 밥솥,쿠쿠 CRP-G1030MP 10인용 압력밥솥 판매합니다~~,거래완료,"29,000원",철산3동,2026-07-12,0,0,0,36.5℃,중고나라판매자,생활가전,철산3동,[출처] 중고나라 | [분석모델] CRP-G1030MP | [모델근거] text_code | [원문링크] https://web.joongna.com/product/230024953
밥솥,쿠쿠 밥솥,쿠쿠 스마트IH압력밥솥 6인용,거래완료,"55,000원",송천2동,2026-07-12,0,0,0,36.5℃,중고나라판매자,생활가전,송천2동,[출처] 중고나라 | [분석모델] IH압력밥솥_6인용 | [모델근거] text_variant | [원문링크] https://web.joongna.com/product/230536250
밥솥,쿠쿠 밥솥,쿠쿠 3인용 IH밥솥 HQXT0311FG,거래완료,"75,000원",,2026-07-11,0,0,0,36.5℃,중고나라판매자,생활가전,,"[출처] 중고나라 | [분석모델] CRP-HQXT0311FG | [모델근거] detail_text_code | [원문설명] 쿠쿠 3인용 IH 밥솥 HQXT0311FG 모델입니다. 밥맛은 물론이고 디자인까지 예쁜 밥솥입니다. IH 방식이라 밥이 더 맛있게 되는 장점이 있습니다. 내솥상태 좋습니다. 패킹은 새로 교체한 상태입니다. 전제적으로 잘 관리되고,컨디션 좋습니다. 사진 봐 주세요. 쿠쿠전자 CRP-HQXT0311FG /IH압력밥솥/3인용/ 블랙코팅/분리형커버/ 음성안내/자동세척/ 소비전력:824W/무게:4.1kg/ 크기:33.7cm x 23.8cm x 21.6cm | [원문링크] https://web.joongna.com/product/229665829"
밥솥,쿠쿠 밥솥,쿠쿠 6인용 V라인 IH밥솥 HPXG0611FV,거래완료,"25,000원",,2026-07-11,0,0,0,36.5℃,중고나라판매자,생활가전,,"[출처] 중고나라 | [분석모델] 제품군 공통 | [모델근거] product_group | [원문설명] 쿠쿠 6인용 V라인 IH밥솥 HPXG0611FV입니다. 깨끗하게 관리 잘된 상태입니다. 내솥은 사용감 조금 있지만, 큰 흠집 없습니다. 패킹은 새로 교체했습니다. 압력과 김빠짐,확실합니다. | [원문링크] https://web.joongna.com/product/229520401"
밥솥,쿠쿠 밥솥,쿠쿠 트윈프레셔 IH 밥솥,거래완료,"80,000원",대부동,2026-07-11,0,0,0,36.5℃,중고나라판매자,생활가전,대부동,[출처] 중고나라 | [분석모델] 트윈프레셔 | [모델근거] text_variant | [원문링크] https://web.joongna.com/product/230519512
밥솥,쿠쿠 밥솥,(미개봉)쿠쿠마스터셰프 사일런스 밥솥,거래완료,"350,000원",유림동,2026-07-09,0,0,0,36.5℃,중고나라판매자,생활가전,유림동,[출처] 중고나라 | [분석모델] 마스터셰프 | [모델근거] text_variant | [원문링크] https://web.joongna.com/product/230458402
밥솥,쿠쿠 밥솥,쿠쿠 10인용 풀스텐커버 열판방식 말하는 압력밥솥 CRP-QS1010FG 판매합니다,거래완료,"55,000원",가음정동,2026-07-09,0,0,0,36.5℃,중고나라판매자,생활가전,가음정동,[출처] 중고나라 | [분석모델] CRP-QS1010FG | [모델근거] text_code | [원문링크] https://web.joongna.com/product/230446423
밥솥,쿠쿠 밥솥,쿠쿠 IH압력밥솥 6인용 LHTR0610FWM,거래완료,"100,000원",도봉제2동,2026-07-09,0,0,0,36.5℃,중고나라판매자,생활가전,도봉제2동,[출처] 중고나라 | [분석모델] LHTR0610FWM | [모델근거] text_code | [원문링크] https://web.joongna.com/product/230443417
밥솥,쿠쿠 밥솥,쿠쿠 6인용 압력밥솥 CRP-B067,거래완료,"23,000원",,2026-07-08,0,0,0,36.5℃,중고나라판매자,생활가전,,[출처] 중고나라 | [분석모델] CRP-B067 | [모델근거] text_code | [원문링크] https://web.joongna.com/product/229516024
밥솥,쿠쿠 밥솥,쿠쿠 6인용 메탈릭 IH밥솥/DHB0660FE,거래완료,"65,000원",,2026-07-08,0,0,0,36.5℃,중고나라판매자,생활가전,,[출처] 중고나라 | [분석모델] DHB0660FE | [모델근거] text_code | [원문링크] https://web.joongna.com/product/229575649
밥솥,쿠쿠 밥솥,쿠쿠 6인용 IH밥솥 블랙페블 HZXB0660FR,거래완료,"75,000원",,2026-07-08,0,0,0,36.5℃,중고나라판매자,생활가전,,"[출처] 중고나라 | [분석모델] CRP-HZXB0660FR | [모델근거] detail_text_code | [원문설명] 쿠쿠 6인용 IH 밥솥 HZXB0660FR 블랙페블 색상입니다. IH 압력 기능으로 밥맛을 살리고, 다양한 메뉴와 자동세척 기능까지 갖추고 있습니다. 내솥은 최근에 교체한 상태입니다. 사용감 거의 없이 깨끗합니다. 쿠쿠전자 CRP-HZXB0660FR /IH압력밥솥/6인용/ 다이아쉴드내솥/ Xwall블랙샤인코팅/ 와이드&플랫/풀스테인리스커버/ 패킹워시/분리형커버/ 맞춤보온/음성안내/자동세척/ 소비전력:1090W/ 무게:5.8kg/ 크기: 270 x 257 x 375(WxHxDmm) | [원문링크] https://web.joongna.com/product/230282354"
밥솥,쿠쿠 밥솥,쿠쿠 큐티망고 6인용 전기밥솥 CR-0732FV,거래완료,"12,000원",,2026-07-08,0,0,0,36.5℃,중고나라판매자,생활가전,,[출처] 중고나라 | [분석모델] CR-0732FV | [모델근거] text_code | [원문링크] https://web.joongna.com/product/230163689
밥솥,쿠쿠 밥솥,쿠쿠 3인용 에코미니 밥솥,거래완료,"140,000원",,2026-07-08,0,0,0,36.5℃,중고나라판매자,생활가전,,"[출처] 중고나라 | [분석모델] CRP-EHS0310FW | [모델근거] detail_text_code | [원문설명] 쿠쿠 3인용 에코미니 밥솥 판매합니다. 미니멀 라이프를 위한 프리미엄 디자인이 돋보이는 제품입니다. 내솥과 패킹 상태 양호합니다. 미사용 계량컵과 밥주걱, 같이 드립니다. 포장 박스 있습니다. 쿠쿠전자 에코미니 CRP-EHS0310FW/IH압력밥솥/3인용/스테인리스내솥/스테인리스코팅/에어버블/풀스테인리스커버/분리형커버/2기압취사/맞춤보온/백미쾌속/음성안내/자동세척/에너지: 1등급/소비전력: 850W/무게: 4.7kg/크기(가로x세로x깊이): 231x218x321mm | [원문링크] https://web.joongna.com/product/230022405"
밥솥,쿠쿠 밥솥,6인용 IH압력밥솥쿠쿠전자 블랙스톤 CRP-R108FB 압력밭솥 10인용 판매합니다~~,거래완료,"37,000원",철산3동,2026-07-07,0,0,0,36.5℃,중고나라판매자,생활가전,철산3동,[출처] 중고나라 | [분석모델] CRP-R108FB | [모델근거] text_code | [원문링크] https://web.joongna.com/product/230397452
밥솥,쿠쿠 밥솥,쿠쿠10인용스마트IH압력밥솥HWF1060FB,거래완료,"36,000원",,2026-07-07,0,0,0,36.5℃,중고나라판매자,생활가전,,[출처] 중고나라 | [분석모델] IH압력밥솥_10인용 | [모델근거] text_variant | [원문링크] https://web.joongna.com/product/230188182
밥솥,쿠쿠 밥솥,쿠쿠 IH 압력밥솥 DHB0660FD 6인용,거래중,"120,000원",흑석동,2026-07-07,0,0,0,36.5℃,중고나라판매자,생활가전,흑석동,[출처] 중고나라 | [분석모델] DHB0660FD | [모델근거] text_code | [원문링크] https://web.joongna.com/product/230376047
밥솥,쿠쿠 밥솥,쿠쿠IH압력밥솥 10인용 FHTS107FG,거래중,"120,000원",,2026-07-06,0,0,0,36.5℃,중고나라판매자,생활가전,,[출처] 중고나라 | [분석모델] IH압력밥솥_10인용 | [모델근거] text_variant | [원문링크] https://web.joongna.com/product/229841336
밥솥,쿠쿠 밥솥,쿠쿠 스마트 6인용 밥솥,거래완료,"130,000원",통진읍,2026-07-06,0,0,0,36.5℃,중고나라판매자,생활가전,통진읍,[출처] 중고나라 | [분석모델] 제품군 공통 | [모델근거] product_group | [원문설명] 쿠쿠 스마트 iH 6인용 밥솥 입니다 상태좋고 밥 아주 잘 됩니다 패킹 교체하면서 서비스헨타 점검 했습니다 2023년 구매해 자취할때 가끔 밥해먹었습니다 모든기능 작동 잘됩니다 | [원문링크] https://web.joongna.com/product/230346902
밥솥,쿠쿠 밥솥,쿠쿠 10인용 밥솥 미사용 @용인@,거래완료,"160,000원",중앙동,2026-07-04,0,0,0,36.5℃,중고나라판매자,생활가전,중앙동,[출처] 중고나라 | [분석모델] 제품군 공통 | [모델근거] product_group | [원문설명] 26년1월제품 미사용 구성품다있습니다. | [원문링크] https://web.joongna.com/product/229776695
밥솥,쿠쿠 밥솥,쿠쿠 10인용 압력밥솥 팝니다. CRP-QS1010FG,거래완료,"50,000원",식사동,2026-07-03,0,0,0,36.5℃,중고나라판매자,생활가전,식사동,[출처] 중고나라 | [분석모델] CRP-QS1010FG | [모델근거] text_code | [원문링크] https://web.joongna.com/product/230086974
밥솥,쿠쿠 밥솥,쿠쿠 IH 압력밥솥 블랙페블 HZXB0610FB 6인용,예약중,"50,000원",성현동,2026-07-03,0,0,0,36.5℃,중고나라판매자,생활가전,성현동,[출처] 중고나라 | [분석모델] IH압력밥솥_6인용 | [모델근거] text_variant | [원문링크] https://web.joongna.com/product/228622460
밥솥,쿠쿠 밥솥,쿠쿠 전기밥솥6인용,거래중,"30,000원",발산제1동,2026-07-02,0,0,0,36.5℃,중고나라판매자,생활가전,발산제1동,[출처] 중고나라 | [분석모델] 전기보온밥솥_6인용 | [모델근거] text_variant | [원문링크] https://web.joongna.com/product/230233537
밥솥,쿠쿠 밥솥,쿠쿠밥솥,거래완료,"10,000원",신도림동,2026-07-02,0,0,0,36.5℃,중고나라판매자,생활가전,신도림동,"[출처] 중고나라 | [분석모델] 제품군 공통 | [모델근거] product_group | [원문설명] 쿠쿠밥솥입니다. 밥솥 코팅이 좀 벗겨져서, 밥솥을 바꾸려다, 신형으로 새거 구매하고, 이것을 판매합니다. 밥솥 코팅과 외관이 사진과 같이 좀 이상이 있는 것 외에, 기능상 이상없고 밥 잘 됩니다. 관심 있으신분 연락바랍니다. | [원문링크] https://web.joongna.com/product/229563092"
밥솥,쿠쿠 밥솥,쿠쿠 6인용 IH압력밥솥,거래완료,"50,000원",상계1동,2026-07-01,0,0,0,36.5℃,중고나라판매자,생활가전,상계1동,[출처] 중고나라 | [분석모델] IH압력밥솥_6인용 | [모델근거] text_variant | [원문링크] https://web.joongna.com/product/230184295
밥솥,쿠쿠 밥솥,쿠쿠 3인용 IH압력밥솥 HQXT0313FO,거래완료,"45,000원",,2026-06-30,0,0,0,36.5℃,중고나라판매자,생활가전,,[출처] 중고나라 | [분석모델] IH압력밥솥_3인용 | [모델근거] text_variant | [원문링크] https://web.joongna.com/product/229664735
밥솥,쿠쿠 밥솥,쿠쿠 트윈프레셔 더라이트 6인용밥솥 CRP-ST0610FG,거래완료,"69,000원",,2026-06-30,0,0,0,36.5℃,중고나라판매자,생활가전,,[출처] 중고나라 | [분석모델] CRP-ST0610FG | [모델근거] text_code | [원문링크] https://web.joongna.com/product/228796163
밥솥,쿠쿠 밥솥,IH압력밥솥 6인용 쿠쿠 IH압력밥솥 CRP-JHR1060 10인용 판매합니다~~,거래완료,"63,000원",철산3동,2026-06-30,0,0,0,36.5℃,중고나라판매자,생활가전,철산3동,[출처] 중고나라 | [분석모델] CRP-JHR1060 | [모델근거] text_code | [원문링크] https://web.joongna.com/product/230170036
밥솥,쿠쿠 밥솥,쿠쿠 30인용 업소용 전기밥솥 CR-NS6AB,거래중,"90,000원",주교동,2026-06-30,0,0,0,36.5℃,중고나라판매자,생활가전,주교동,[출처] 중고나라 | [분석모델] CR-NS6AB | [모델근거] text_code | [원문링크] https://web.joongna.com/product/223898289
밥솥,쿠쿠 밥솥,쿠쿠전기압력밥솥 3인용 CRP-TT0310FGW,거래완료,"87,000원",병점2동,2026-06-30,0,0,0,36.5℃,중고나라판매자,생활가전,병점2동,[출처] 중고나라 | [분석모델] CRP-TT0310FGW | [모델근거] text_code | [원문링크] https://web.joongna.com/product/230048649
밥솥,쿠쿠 밥솥,쿠쿠 CR-2235R 밥솥 업소용 22인용,예약중,"50,000원",,2026-06-29,0,0,0,36.5℃,중고나라판매자,생활가전,,[출처] 중고나라 | [분석모델] CR-2235R | [모델근거] text_code | [원문링크] https://web.joongna.com/product/230142318
밥솥,쿠쿠 밥솥,[S급/거의새것] 쿠쿠 트윈프레셔 10인용 압력밥솥 (CRP-ST1015FWSM),거래완료,"150,000원",법1동,2026-06-29,0,0,0,36.5℃,중고나라판매자,생활가전,법1동,[출처] 중고나라 | [분석모델] CRP-ST1015FWSM | [모델근거] text_code | [원문링크] https://web.joongna.com/product/229629417
밥솥,쿠쿠 밥솥,쿠쿠 트윈프레셔 6인용 밥솥입니다!,거래중,"220,000원",,2026-06-29,0,0,0,36.5℃,중고나라판매자,생활가전,,[출처] 중고나라 | [분석모델] 트윈프레셔_6인용 | [모델근거] text_variant | [원문링크] https://web.joongna.com/product/230128130
밥솥,쿠쿠 밥솥,쿠쿠 IH압력밥솥 10인용 미개봉 새제품,거래완료,"250,000원",포곡읍,2026-06-29,0,0,0,36.5℃,중고나라판매자,생활가전,포곡읍,[출처] 중고나라 | [분석모델] IH압력밥솥_10인용 | [모델근거] text_variant | [원문링크] https://web.joongna.com/product/230113569
밥솥,쿠쿠 밥솥,쿠쿠 전기압력밥솥 CRP-QS1020FSM 싸게 정리합니다,거래완료,"150,000원",호암.직동,2026-06-27,0,0,0,36.5℃,중고나라판매자,생활가전,호암.직동,[출처] 중고나라 | [분석모델] CRP-QS1020FSM | [모델근거] text_code | [원문링크] https://web.joongna.com/product/230051782
밥솥,쿠쿠 밥솥,쿠쿠 에그밥솥 6인용 화이트 상태최상 (사용 1개월),거래완료,"30,000원",면목3동8동,2026-06-27,0,0,0,36.5℃,중고나라판매자,생활가전,면목3동8동,"[출처] 중고나라 | [분석모델] CR-0675FW | [모델근거] detail_text_code | [원문설명] 쿠쿠 에그밥솥 6인용 화이트 색상이에요 CR-0675FW 모델로 구성품은 본품, 계량컵, 주걱, 전원코드, 사용설명서, 요리안내가 포함되어 있어요 2019년 11월에 출시된 제품으로 에너지효율 1등급이에요 깔끔한 디자인으로 어떤 주방에도 잘 어울리는 밥솥이에요 밥잘안해서 판매해요 상태좋고 고장 하나도없습니다. | [원문링크] https://web.joongna.com/product/230062831"
밥솥,쿠쿠 밥솥,쿠쿠 10인용 메탈릭 2기압 IH밥솥 CHP1010FD,거래완료,"110,000원",,2026-06-26,0,0,0,36.5℃,중고나라판매자,생활가전,,[출처] 중고나라 | [분석모델] CRP-CHP1010FD | [모델근거] detail_text_code | [원문설명] 쿠쿠 10인용 메탈릭 IH 밥솥 CHP1010FD입니다. 고급스러운 메탈 디자인으로 주방의 품격을 높여줍니다. 다양한 IH 기능으로 맛있는 밥을 지을 수 있습니다. 내솥상태 좋습니다. 패킹은 새것으로 교체하고 테스트 해 본 상태입니다. 2023년 12월 생산품입니다. 새것 같은 제품 찾으시는 분께 권합니다 쿠쿠전자 CRP-CHP1010FD /IH압력밥솥/10인용스테인리스내솥/ Xwall블랙샤인코팅/ 풀스테인리스커버/ 패킹워시/분리형커버/ 2기압취사/맞춤보온/백미쾌속/ 잡곡쾌속/음성안내/ 다이렉트터치/자동세척/ 에너지:1등급/ 소비전력:1455W/ 무게:8.4kg/ 크기(가로x세로x깊이): 303x290x419mm | [원문링크] https://web.joongna.com/product/229804288
밥솥,쿠쿠 밥솥,쿠쿠 트윈프레셔 6인용 밥솥 DHXB0610FS,거래완료,"80,000원",,2026-06-26,0,0,0,36.5℃,중고나라판매자,생활가전,,[출처] 중고나라 | [분석모델] 트윈프레셔_6인용 | [모델근거] text_variant | [원문링크] https://web.joongna.com/product/229850012
밥솥,쿠쿠 밥솥,쿠쿠 IH 압력밥솥 CRP-BCHF107FW 10인용,거래중,"270,000원",,2026-06-25,0,0,0,36.5℃,중고나라판매자,생활가전,,[출처] 중고나라 | [분석모델] CRP-BCHF107FW | [모델근거] text_code | [원문링크] https://web.joongna.com/product/229739964
밥솥,쿠쿠 밥솥,쿠쿠밥솥 10인용,거래중,"150,000원",,2026-06-25,0,0,0,36.5℃,중고나라판매자,생활가전,,"[출처] 중고나라 | [분석모델] 제품군 공통 | [모델근거] product_group | [원문설명] ※ 카페 상품 게시글은 자동으로 중고나라 앱/사이트에 노출합니다. 노출을 원하지 않으실 경우 고객센터로 문의 바랍니다. ※ 등록한 게시글이 회원의 신고를 받거나 이상거래로 모니터링 될 경우 중고나라 사기통합조회 DB로 수집/활용될 수 있습니다. ─────────────────── 📢 제목에 ""제조사/ 브랜드 명""과 ""상품명”를 넣어 작성하면, 보다 빠른 판매가 가능합니다! 📢 게시글 작성 시 배송 방법에 “직거래”와 “내 위치” 설정할 경우, 보다 빠른 판매가 가능합니다! 앞에 보드까지 2개 교환 (5월초) 패킹교체 작동 확인 택배가능 | [원문링크] https://web.joongna.com/product/199089735"
밥솥,쿠쿠 밥솥,쿠쿠 6인용스마트IH밥솥 35000원,거래완료,"35,000원",,2026-06-25,0,0,0,36.5℃,중고나라판매자,생활가전,,[출처] 중고나라 | [분석모델] IH압력밥솥_6인용 | [모델근거] detail_text_variant | [원문설명] 쿠쿠 6인용스마트IH압력밥솥 입니다 실사예요 새것구매후 대학생딸아이가 사용했습니다 내솥스크래치있으나 험하지는않습니다 예민하신분은 사양합니다 고무패킹상태좋아요 모든기능잘됩니다 35000원 문자나전화주세요 010 2928 1900입니다 | [원문링크] https://web.joongna.com/product/229952525
밥솥,쿠쿠 밥솥,쿠쿠 스마트 IH 압력밥솥 6인용(택배포함),거래중,"100,000원",,2026-06-22,0,0,0,36.5℃,중고나라판매자,생활가전,,[출처] 중고나라 | [분석모델] IH압력밥솥_6인용 | [모델근거] text_variant | [원문링크] https://web.joongna.com/product/229052624
밥솥,쿠쿠 밥솥,쿠쿠 압력밥솥 10인용 밥맛 좋기로 유명한,거래중,"150,000원",서초1동,2026-06-22,0,0,0,36.5℃,중고나라판매자,생활가전,서초1동,[출처] 중고나라 | [분석모델] 전기압력밥솥_10인용 | [모델근거] text_variant | [원문링크] https://web.joongna.com/product/228819591
밥솥,쿠쿠 밥솥,쿠쿠 트윈프레셔 마스터셰프 6인용 전기밥솥,거래완료,"270,000원",,2026-06-22,0,0,0,36.5℃,중고나라판매자,생활가전,,[출처] 중고나라 | [분석모델] 트윈프레셔_6인용 | [모델근거] text_variant | [원문링크] https://web.joongna.com/product/229750671
밥솥,쿠쿠 밥솥,쿠쿠 전기밥솥,거래중,"70,000원",,2026-06-20,0,0,0,36.5℃,중고나라판매자,생활가전,,[출처] 중고나라 | [분석모델] 전기보온밥솥 | [모델근거] text_variant | [원문링크] https://web.joongna.com/product/229697691
밥솥,쿠쿠 밥솥,"미니 밥솥 루베크 RU-RC101W, 쿠쿠 CR-0255MW, 대웅모닝컴 DWM-C01M, 에브리빙 전기 그릴",거래중,"70,000원",,2026-06-19,0,0,0,36.5℃,중고나라판매자,생활가전,,[출처] 중고나라 | [분석모델] CR-0255MW | [모델근거] text_code | [원문링크] https://web.joongna.com/product/228410493
밥솥,쿠쿠 밥솥,쿠쿠 트윈프레셔 IH 압력밥솥 6인용,거래완료,"185,000원",교문1동,2026-06-19,0,0,0,36.5℃,중고나라판매자,생활가전,교문1동,[출처] 중고나라 | [분석모델] 트윈프레셔_6인용 | [모델근거] text_variant | [원문링크] https://web.joongna.com/product/229652765
밥솥,쿠쿠 밥솥,쿠쿠6인용 밥솥,거래완료,"80,000원",통진읍,2026-06-18,0,0,0,36.5℃,중고나라판매자,생활가전,통진읍,[출처] 중고나라 | [분석모델] 제품군 공통 | [모델근거] product_group | [원문설명] 쿠쿠 스마트 Hi 밥솥 입니다 내솥 커브드 내솥이구요 상태 모두 좋습니다 고급 밥솥입니다 패킹 고환한지 얼마 안됬구요 쿠쿠 점겅 완료 했습니다 밥 찰지게 잘됩니다 공일공 7226. 1431 | [원문링크] https://web.joongna.com/product/229775073
밥솥,쿠쿠 밥솥,쿠쿠 IH압력밥솥 10인용,거래중,"70,000원",신북면,2026-06-18,0,0,0,36.5℃,중고나라판매자,생활가전,신북면,[출처] 중고나라 | [분석모델] IH압력밥솥_10인용 | [모델근거] text_variant | [원문링크] https://web.joongna.com/product/229763535
밥솥,쿠쿠 밥솥,쿠쿠 3인용 스마트 IH 압력밥솥,거래완료,"55,000원",용호제1동,2026-06-18,0,0,0,36.5℃,중고나라판매자,생활가전,용호제1동,[출처] 중고나라 | [분석모델] IH압력밥솥_3인용 | [모델근거] text_variant | [원문링크] https://web.joongna.com/product/229700329
밥솥,쿠쿠 밥솥,쿠쿠 밥솥 물받이 (6인용) + Over Flow Tube (일괄판매),거래완료,"7,000원",상도제1동,2026-06-18,0,0,0,36.5℃,중고나라판매자,생활가전,상도제1동,"[출처] 중고나라 | [분석모델] CRP-FHB0610FD | [모델근거] detail_text_code | [원문설명] 🧚‍♀️ 쿠쿠 6인용 압력밥솥의 물받이 + Over Flow Tube (일괄판매) 🍋 ALL세척 건조후 알콜 소독 🍇 사용하던 것, 세척흠집 존재 🍇 PVC 물받이 371-096 🍇 깔끔하게 비닐포장 인도 🍋 쿠쿠 적용모델은 CRP - FHB0610FD FHR0610FD FHR0610FS FHR067FD FHR067FG FHRL0610FG FHRL0675FG FHS0610FG FHTR0610FS FHTS067FS JHI0610FC JHI0630FG JHR0620FD JHR0660FBM JHR0660FD JHR0675FG JHT0605FS JHT0610FS JHTR0685FG JHTS0660FS P0610FD P0610FH P0620FDM P0660FD P067FD R0610FC R067FB R067FS R069FP R069FS RT0610FD RT067FC RT067FP 💥 직거래 ₩7,000원 💥 일반택배 7+2= 9,000원 💥 반값택배 7+1= 8,000원 (택배비 부족분은 제가 부담) 🎉 반값택배 = CU, GS물류시스템을 이용한 택배로 수취인이 지정한 CU, GS편의점으로 발송, 평균4일소요, 물품도착시 수취인에게 QR코드, 문자로 도착알림, QR코드 제시후 물품수령. 끝! 💥 직거래는 평일오후4시 이후 도로명 주소 '상도로320' 중앙하이츠빌APT 정문옆 '사리원 음식점' 앞에서 합니다. (휴일협의) ‐--ㆍ---ㆍ---ㆍ---ㆍ---ㆍ---ㆍ---ㆍ 🚔📢 이미지, 본문 게시글의 무단 복사, 전재, 재배포를 엄격 금지 | [원문링크] https://web.joongna.com/product/229752813"
밥솥,쿠쿠 밥솥,쿠쿠 마스터셰프 사일런스 6인용 밥솥 화이트,거래완료,"390,000원",음봉면,2026-06-17,0,0,0,36.5℃,중고나라판매자,생활가전,음봉면,[출처] 중고나라 | [분석모델] CRP-NHTR0610FW | [모델근거] detail_text_code | [원문설명] 쿠쿠 마스터셰프 사일런스 6인용 압력밥솥이에요 CRP-NHTR0610FW 모델이며 화이트 색상이에요 박스 미개봉 그대로 보관되어 있어요 깔끔하고 조용한 취사가 가능한 제품으로 밥맛은 물론 디자인까지 만족스러우실 거예요 ✔️박스자체도 완전 미개봉 새상품입니다 오늘 택배로 받았습니다! | [원문링크] https://web.joongna.com/product/229483144
밥솥,쿠쿠 밥솥,쿠쿠 6인용 에그 밥솥,거래완료,"19,900원",공덕동,2026-06-16,0,0,0,36.5℃,중고나라판매자,생활가전,공덕동,[출처] 중고나라 | [분석모델] 제품군 공통 | [모델근거] product_group | [원문설명] 포장꼼꼼이 해서 보내드립니다! | [원문링크] https://web.joongna.com/product/229711715
밥솥,쿠쿠 밥솥,관리 최상급 쿠쿠 6인용 IH 밥솥,거래완료,"150,000원",영등포동,2026-06-15,0,0,0,36.5℃,중고나라판매자,생활가전,영등포동,"[출처] 중고나라 | [분석모델] LHTR0610FWM | [모델근거] detail_text_code | [원문설명] 신혼가전으로 구매 후 2년 간 잘 사용한 쿠쿠 6인용 IH 밥솥입니다. - 모델명: LHTR0610FWM 찰진백미, 찰진잡곡, 누룽지, 나물밥 등 다양한 밥 기능 있고 2년 동안 많이 사용하지않아 관리 최상급인 상태입니다. 사용 후에는 항상 깨끗하게 씻으면서 썼구요 :) 최소 5년은 매일 맛있는 밥을 드실 수 있을거라고 생각합니다! 쿠쿠 홈페이지에서 35만원으로 구매했던 제품입니다. | [원문링크] https://web.joongna.com/product/229678852"
밥솥,쿠쿠 밥솥,cuckoo 쿠쿠 업소용 밥솥 CR-3031V,거래중,"50,000원",방배2동,2026-06-15,0,0,0,36.5℃,중고나라판매자,생활가전,방배2동,[출처] 중고나라 | [분석모델] CR-3031V | [모델근거] text_code | [원문링크] https://web.joongna.com/product/229674497
밥솥,쿠쿠 밥솥,르젠멀티압력쿠커LZMPC-6300+사은품 스톤웨어내열냄비2개/주방가구가전소품인테리어 밥솥 쿠쿠 리첸 아이폰 삼성엘지,거래중,"75,900원",상암동,2026-06-14,0,0,0,36.5℃,중고나라판매자,생활가전,상암동,[출처] 중고나라 | [분석모델] 제품군 공통 | [모델근거] product_group | [원문설명] *르젠멀티압력쿠커제품 제품확인차 개봉만한제품 미사용새제품 박스체보관중제품 사진참고요 사은품 독일 스톤웨어 내열냄비2개드립니다 사진참고요(a급제품입니다)+행주새제품드립니다 무겁고 파손우려로 직거래만가능합니다 서울6호선 새절역근처입니다 **제품특성상 반품불가합니다****** | [원문링크] https://web.joongna.com/product/229189331
밥솥,쿠쿠 밥솥,[새상품] 쿠쿠 마스터셰프 사일런스 프로 6인용 밥솥,거래중,"310,000원",풍산동,2026-06-13,0,0,0,36.5℃,중고나라판매자,생활가전,풍산동,[출처] 중고나라 | [분석모델] 마스터셰프_6인용 | [모델근거] text_variant | [원문링크] https://web.joongna.com/product/229414404
밥솥,쿠쿠 밥솥,쿠쿠 트윈프레셔 IH 압력밥솥 10인용,거래완료,"135,000원",지동,2026-06-12,0,0,0,36.5℃,중고나라판매자,생활가전,지동,[출처] 중고나라 | [분석모델] 트윈프레셔_10인용 | [모델근거] text_variant | [원문링크] https://web.joongna.com/product/229129524
밥솥,쿠쿠 밥솥,쿠쿠 트윈프레셔IH 전기압력밥솥,거래완료,"170,000원",,2026-06-11,0,0,0,36.5℃,중고나라판매자,생활가전,,[출처] 중고나라 | [분석모델] 트윈프레셔 | [모델근거] text_variant | [원문링크] https://web.joongna.com/product/228929793
밥솥,쿠쿠 밥솥,쿠쿠 3인용 트윈프레셔 쁘띠 최상급 압력밥솥 10회 미만 사용,거래완료,"120,000원",신내1동,2026-06-11,0,0,0,36.5℃,중고나라판매자,생활가전,신내1동,[출처] 중고나라 | [분석모델] 트윈프레셔_3인용 | [모델근거] text_variant | [원문링크] https://web.joongna.com/product/229525993
밥솥,쿠쿠 밥솥,쿠쿠 6인용 IH 압력밥솥 (HSXB0630FB) 저렴하게 판매합니다[본문]쿠쿠 6인용 IH 압력밥솥 판매합니다.기,거래중,"60,000원",상계9동,2026-06-11,0,0,0,36.5℃,중고나라판매자,생활가전,상계9동,[출처] 중고나라 | [분석모델] IH압력밥솥_6인용 | [모델근거] text_variant | [원문링크] https://web.joongna.com/product/229525580
밥솥,쿠쿠 밥솥,쿠쿠 3인용 IH 압력밥솥,거래완료,"60,000원",용호제1동,2026-06-11,0,0,0,36.5℃,중고나라판매자,생활가전,용호제1동,[출처] 중고나라 | [분석모델] IH압력밥솥_3인용 | [모델근거] text_variant | [원문링크] https://web.joongna.com/product/229514081
밥솥,쿠쿠 밥솥,쿠쿠 전기보온밥솥 30인용 CR-3055B 1460W,거래완료,"65,000원",,2026-06-10,0,0,0,36.5℃,중고나라판매자,생활가전,,[출처] 중고나라 | [분석모델] CR-3055B | [모델근거] text_code | [원문링크] https://web.joongna.com/product/229487155
밥솥,쿠쿠 밥솥,쿠쿠 전기밥솥 6인용 CR-0685GWM,거래중,"30,000원",송산1동,2026-06-09,0,0,0,36.5℃,중고나라판매자,생활가전,송산1동,[출처] 중고나라 | [분석모델] CR-0685GWM | [모델근거] text_code | [원문링크] https://web.joongna.com/product/226337452
밥솥,쿠쿠 밥솥,쿠쿠 6인용 전기압력밥솥 새상품,거래완료,"150,000원",서부2동,2026-06-08,0,0,0,36.5℃,중고나라판매자,생활가전,서부2동,[출처] 중고나라 | [분석모델] 전기압력밥솥_6인용 | [모델근거] text_variant | [원문링크] https://web.joongna.com/product/229447062
밥솥,쿠쿠 밥솥,쿠쿠 10인용 전기압력밥솥 JHTS1060FS,거래완료,"70,000원",,2026-06-08,0,0,0,36.5℃,중고나라판매자,생활가전,,[출처] 중고나라 | [분석모델] 전기압력밥솥_10인용 | [모델근거] text_variant | [원문링크] https://web.joongna.com/product/228723627
밥솥,쿠쿠 밥솥,[밥솥]쿠쿠 35인용 대용량 전기보온밥솥 CR-3515UG,거래완료,"90,000원",등촌제1동,2026-06-05,0,0,0,36.5℃,중고나라판매자,생활가전,등촌제1동,[출처] 중고나라 | [분석모델] CR-3515UG | [모델근거] text_code | [원문링크] https://web.joongna.com/product/229340335
밥솥,쿠쿠 밥솥,쿠쿠 6인용 밥솥,거래완료,"70,000원",통진읍,2026-06-04,0,0,0,36.5℃,중고나라판매자,생활가전,통진읍,[출처] 중고나라 | [분석모델] 전기압력밥솥_6인용 | [모델근거] detail_text_variant | [원문설명] 쿠쿠. 6인용 압력밥솥 입니다 전력 1등급으로 자취할때 좋습니다 상태 좋고 깨끗 합니다 패킹 교환한지 일주일됐구요 밥 찰지게 잘됩니다 공일공 7226. 143일 | [원문링크] https://web.joongna.com/product/229256487
밥솥,쿠쿠 밥솥,쿠쿠 6인용 ih전기압력밥솥,거래완료,"40,000원",세곡동,2026-06-04,0,0,0,36.5℃,중고나라판매자,생활가전,세곡동,[출처] 중고나라 | [분석모델] IH압력밥솥_6인용 | [모델근거] text_variant | [원문링크] https://web.joongna.com/product/229291576
밥솥,쿠쿠 밥솥,전기압력밥솥 6인용 쿠쿠,거래중,"60,000원",,2026-06-04,0,0,0,36.5℃,중고나라판매자,생활가전,,[출처] 중고나라 | [분석모델] 전기압력밥솥_6인용 | [모델근거] text_variant | [원문링크] https://web.joongna.com/product/229289474
밥솥,쿠쿠 밥솥,(미개봉 새제품) 쿠쿠 IH압력밥솥 CRP-BCHF107FW 화이트 10인용,거래완료,"250,000원",잠원동,2026-06-04,0,0,0,36.5℃,중고나라판매자,생활가전,잠원동,[출처] 중고나라 | [분석모델] CRP-BCHF107FW | [모델근거] text_code | [원문링크] https://web.joongna.com/product/229286600
밥솥,쿠쿠 밥솥,쿠쿠 6인용 ih전기압력밥솥,거래완료,"40,000원",세곡동,2026-06-03,0,0,0,36.5℃,중고나라판매자,생활가전,세곡동,[출처] 중고나라 | [분석모델] IH압력밥솥_6인용 | [모델근거] text_variant | [원문링크] https://web.joongna.com/product/229281395
밥솥,쿠쿠 밥솥,쿠쿠 10인용 고급 IH 압력밥솥 판매합니다. (모델명: HNXT109FR)출시 당시 비쌋어요 좋은 제품입니다.고급,거래중,"50,000원",상계9동,2026-06-03,0,0,0,36.5℃,중고나라판매자,생활가전,상계9동,[출처] 중고나라 | [분석모델] IH압력밥솥_10인용 | [모델근거] text_variant | [원문링크] https://web.joongna.com/product/229258431
밥솥,쿠쿠 밥솥,쿠쿠 IH압력밥솥 FHS0610FD 6인용(급처분),거래중,"105,000원",,2026-06-01,0,0,0,36.5℃,중고나라판매자,생활가전,,[출처] 중고나라 | [분석모델] IH압력밥솥_6인용 | [모델근거] text_variant | [원문링크] https://web.joongna.com/product/227998524
밥솥,쿠쿠 밥솥,쿠쿠 트원 프레셔 마스터셰프 전기압력밥솥 10인용,거래완료,"180,000원",,2026-06-01,0,0,0,36.5℃,중고나라판매자,생활가전,,[출처] 중고나라 | [분석모델] 마스터셰프_10인용 | [모델근거] text_variant | [원문링크] https://web.joongna.com/product/229205514
밥솥,쿠쿠 밥솥,쿠쿠 일렉트로맨 IH 압력밥솥 10인용 HUF1080SE,거래중,"100,000원",오산면,2026-06-01,0,0,0,36.5℃,중고나라판매자,생활가전,오산면,[출처] 중고나라 | [분석모델] IH압력밥솥_10인용 | [모델근거] text_variant | [원문링크] https://web.joongna.com/product/229202756
밥솥,쿠쿠 밥솥,쿠쿠 6인용 초고압 2기압 풀스텐4.0 밥솥 JHR0660FD,거래완료,"130,000원",,2026-06-01,0,0,0,36.5℃,중고나라판매자,생활가전,,[출처] 중고나라 | [분석모델] JHR0660FD | [모델근거] text_code | [원문링크] https://web.joongna.com/product/229066963
밥솥,쿠쿠 밥솥,전기밥솥 쿠쿠 NHTR1010FGW,거래중,"410,000원",송악읍,2026-05-31,0,0,0,36.5℃,중고나라판매자,생활가전,송악읍,[출처] 중고나라 | [분석모델] NHTR1010FGW | [모델근거] text_code | [원문설명] 전기밥솥 새제품이에요. 박스 포장 그대로 미개봉 상태로 깨끗합니다. 조용한 전기밥솥으로 음식을 드실 때 소음 걱정 없어요! | [원문링크] https://web.joongna.com/product/229176672
밥솥,쿠쿠 밥솥,쿠쿠 스마트 IH 압력밥솥 6인용,거래완료,"70,000원",당진1동,2026-05-31,0,0,0,36.5℃,중고나라판매자,생활가전,당진1동,[출처] 중고나라 | [분석모델] IH압력밥솥_6인용 | [모델근거] text_variant | [원문링크] https://web.joongna.com/product/229166925
밥솥,쿠쿠 밥솥,"쿠쿠 트윈프레셔 마스터셰프 IH 전기압력밥솥 10인용, CRP-LHTR1010FGBM",거래완료,"310,000원",남영동,2026-05-31,0,0,0,36.5℃,중고나라판매자,생활가전,남영동,[출처] 중고나라 | [분석모델] CRP-LHTR1010FGBM | [모델근거] text_code | [원문링크] https://web.joongna.com/product/224883351
밥솥,쿠쿠 밥솥,쿠쿠 IH 압력밥솥 6인용 CRP-HFG0615FI,거래완료,"15,000원",방화제1동,2026-05-29,0,0,0,36.5℃,중고나라판매자,생활가전,방화제1동,[출처] 중고나라 | [분석모델] CRP-HFG0615FI | [모델근거] text_code | [원문링크] https://web.joongna.com/product/229079484
밥솥,쿠쿠 밥솥,쿠쿠 전기밥솥 압력밥솥 IH 밥솥 CRP-FHXB0610FD,거래중,"80,000원",대덕동,2026-05-28,0,0,0,36.5℃,중고나라판매자,생활가전,대덕동,[출처] 중고나라 | [분석모델] CRP-FHXB0610FD | [모델근거] text_code | [원문링크] https://web.joongna.com/product/229072120
밥솥,쿠쿠 밥솥,쿠쿠 전기밥솥,거래중,"350,000원",화곡제3동,2026-05-28,0,0,0,36.5℃,중고나라판매자,생활가전,화곡제3동,[출처] 중고나라 | [분석모델] CRP-OHNLLR0610FGW | [모델근거] detail_text_code | [원문설명] CRP-OHNLLR0610FGW 선물받고 3번사용한 제품입니다 기존거 그냥 쓰려고 판매합니다 사진과 같이 거의 새거라 보심 됩니다 직거래만 합니다 우장산역 근처 입니다 공일공 삼이사육 팔일오오 문자나 톡주세요 | [원문링크] https://web.joongna.com/product/224147330
밥솥,쿠쿠 밥솥,쿠쿠 35인용 밥솥,거래완료,"110,000원",,2026-05-28,0,0,0,36.5℃,중고나라판매자,생활가전,,[출처] 중고나라 | [분석모델] 제품군 공통 | [모델근거] product_group | [원문설명] 개봉만 한 새제품입니다. 택배비포함 가겨입니다. | [원문링크] https://web.joongna.com/product/227855031
밥솥,쿠쿠 밥솥,쿠쿠 ih 전기 압력밥솥,거래완료,"28,000원",,2026-05-27,0,0,0,36.5℃,중고나라판매자,생활가전,,[출처] 중고나라 | [분석모델] 전기압력밥솥 | [모델근거] text_variant | [원문링크] https://web.joongna.com/product/229032665
밥솥,쿠쿠 밥솥,쿠쿠 전기밥솥 crp-ohtr0610fwm,거래중,"400,000원",건천읍,2026-05-27,0,0,0,36.5℃,중고나라판매자,생활가전,건천읍,[출처] 중고나라 | [분석모델] CRP-OHTR0610FWM | [모델근거] text_code | [원문설명] crp-ohtr0610fwm 사일런스 2 최신형(사일런스1이랑 다름) 새상품. 미개봉 공1공-이팔21-이사31 경주(평일 주말)포항(주말) 직거래 타지역 택배거래 | [원문링크] https://web.joongna.com/product/228717388
밥솥,쿠쿠 밥솥,쿠쿠 전기압력밥솥,거래중,"169,000원",삼송2동,2026-05-26,0,0,0,36.5℃,중고나라판매자,생활가전,삼송2동,[출처] 중고나라 | [분석모델] 전기압력밥솥 | [모델근거] text_variant | [원문링크] https://web.joongna.com/product/228765398
밥솥,쿠쿠 밥솥,쿠쿠전자 압력밥솥 CRP-UT0610FGW 모델,거래완료,"230,000원",금촌1동,2026-05-26,0,0,0,36.5℃,중고나라판매자,생활가전,금촌1동,[출처] 중고나라 | [분석모델] CRP-UT0610FGW | [모델근거] text_code | [원문링크] https://web.joongna.com/product/228988808
밥솥,쿠쿠 밥솥,쿠쿠 10인용 전기압력밥솥 브라운 CRP-P1015FBB,거래완료,"150,000원",,2026-05-25,0,0,0,36.5℃,중고나라판매자,생활가전,,[출처] 중고나라 | [분석모델] CRP-P1015FBB | [모델근거] text_code | [원문링크] https://web.joongna.com/product/228960838
밥솥,쿠쿠 밥솥,쿠쿠 6인용 전기보온 에그밥솥 CR-0675FW,거래중,"45,000원",,2026-05-25,0,0,0,36.5℃,중고나라판매자,생활가전,,[출처] 중고나라 | [분석모델] CR-0675FW | [모델근거] text_code | [원문링크] https://web.joongna.com/product/228959530
밥솥,쿠쿠 밥솥,쿠쿠6인용 압력밥솥 crp-p0610fd. 택포3만원에. 판매,거래완료,"30,000원",,2026-05-25,0,0,0,36.5℃,중고나라판매자,생활가전,,[출처] 중고나라 | [분석모델] CRP-P0610FD | [모델근거] text_code | [원문링크] https://web.joongna.com/product/228958288
밥솥,쿠쿠 밥솥,쿠쿠 IH 전기압력밥솥 10인용,거래완료,"40,000원",상대원1동,2026-05-25,0,0,0,36.5℃,중고나라판매자,생활가전,상대원1동,[출처] 중고나라 | [분석모델] IH압력밥솥_10인용 | [모델근거] text_variant | [원문링크] https://web.joongna.com/product/228925410
밥솥,쿠쿠 밥솥,쿠쿠 6인용 음성압력밥솥 2019년식,거래완료,"50,000원",,2026-05-25,0,0,0,36.5℃,중고나라판매자,생활가전,,[출처] 중고나라 | [분석모델] 전기압력밥솥_6인용 | [모델근거] text_variant | [원문링크] https://web.joongna.com/product/227527761
밥솥,쿠쿠 밥솥,쿠쿠 압력밥솥,거래중,"41,000원",내손1동,2026-05-24,0,0,0,36.5℃,중고나라판매자,생활가전,내손1동,[출처] 중고나라 | [분석모델] 전기압력밥솥 | [모델근거] text_variant | [원문링크] https://web.joongna.com/product/228943682
밥솥,쿠쿠 밥솥,[밥솥]쿠쿠 에그밥솥 6인용 CR-0675FW 판매합니다.,거래완료,"35,000원",등촌제1동,2026-05-24,0,0,0,36.5℃,중고나라판매자,생활가전,등촌제1동,[출처] 중고나라 | [분석모델] CR-0675FW | [모델근거] text_code | [원문링크] https://web.joongna.com/product/228934162
밥솥,쿠쿠 밥솥,쿠쿠 전기압력밥솥 10인용 새상품,거래완료,"150,000원",중앙동,2026-05-24,0,0,0,36.5℃,중고나라판매자,생활가전,중앙동,[출처] 중고나라 | [분석모델] 전기압력밥솥_10인용 | [모델근거] text_variant | [원문링크] https://web.joongna.com/product/228287349
밥솥,쿠쿠 밥솥,쿠쿠IH 올스텐전기압력밥솥 6인용새생품,거래완료,"255,000원",상도제1동,2026-05-23,0,0,0,36.5℃,중고나라판매자,생활가전,상도제1동,[출처] 중고나라 | [분석모델] IH압력밥솥_6인용 | [모델근거] detail_text_variant | [원문설명] IH 전기압력밥솥 6인용이에요. 밥맛 유지 기능과 다양한 요리 기능이 있어서 정말 편리해요. 직거래수도권내협의가능합니다 네고사절 | [원문링크] https://web.joongna.com/product/223099099
밥솥,쿠쿠 밥솥,쿠쿠 10인용 밥솥 CR-1075S,거래완료,"50,000원",자양제4동,2026-05-23,0,0,0,36.5℃,중고나라판매자,생활가전,자양제4동,[출처] 중고나라 | [분석모델] CR-1075S | [모델근거] text_code | [원문링크] https://web.joongna.com/product/228903388
밥솥,쿠쿠 밥솥,쿠쿠 음성인식 10인용 압력밥솥,예약중,"45,000원",망원제2동,2026-05-23,0,0,0,36.5℃,중고나라판매자,생활가전,망원제2동,[출처] 중고나라 | [분석모델] 전기압력밥솥_10인용 | [모델근거] text_variant | [원문링크] https://web.joongna.com/product/228787527
밥솥,쿠쿠 밥솥,쿠쿠 10인용 IH압력밥솥,거래완료,"100,000원",상계1동,2026-05-22,0,0,0,36.5℃,중고나라판매자,생활가전,상계1동,[출처] 중고나라 | [분석모델] IH압력밥솥_10인용 | [모델근거] text_variant | [원문링크] https://web.joongna.com/product/228856365
밥솥,쿠쿠 밥솥,쿠쿠 IH 압력밥솥 3인용 음성안내,거래완료,"30,000원",정관읍,2026-05-22,0,0,0,36.5℃,중고나라판매자,생활가전,정관읍,[출처] 중고나라 | [분석모델] IH압력밥솥_3인용 | [모델근거] text_variant | [원문링크] https://web.joongna.com/product/228590762
밥솥,쿠쿠 밥솥,쿠쿠6인용 압력밥솥,예약중,"29,900원",호평동,2026-05-21,0,0,0,36.5℃,중고나라판매자,생활가전,호평동,[출처] 중고나라 | [분석모델] 전기압력밥솥_6인용 | [모델근거] text_variant | [원문링크] https://web.joongna.com/product/228469069
밥솥,쿠쿠 밥솥,쿠쿠 밥솥(CR-0255MW) 팝니다,거래중,"30,000원",,2026-05-21,0,0,0,36.5℃,중고나라판매자,생활가전,,[출처] 중고나라 | [분석모델] CR-0255MW | [모델근거] text_code | [원문링크] https://web.joongna.com/product/217177741
밥솥,쿠쿠 밥솥,쿠쿠 10인용 IH방식 풀스텐커버 말하는 압력밥솥 HUF105SS 판매 합니다,거래완료,"70,000원",가음정동,2026-05-21,0,0,0,36.5℃,중고나라판매자,생활가전,가음정동,[출처] 중고나라 | [분석모델] 전기압력밥솥_10인용 | [모델근거] text_variant | [원문링크] https://web.joongna.com/product/228287725
밥솥,쿠쿠 밥솥,쿠쿠 6인용 열판방식 분리형 스텐커버 압력밥솥 CRP-N0680SSM 판매합니다,거래완료,"45,000원",가음정동,2026-05-21,0,0,0,36.5℃,중고나라판매자,생활가전,가음정동,[출처] 중고나라 | [분석모델] CRP-N0680SSM | [모델근거] text_code | [원문링크] https://web.joongna.com/product/228670331
밥솥,쿠쿠 밥솥,쿠쿠 압력밥솥 6인용,거래중,"120,000원",,2026-05-21,0,0,0,36.5℃,중고나라판매자,생활가전,,[출처] 중고나라 | [분석모델] 전기압력밥솥_6인용 | [모델근거] text_variant | [원문링크] https://web.joongna.com/product/228818142
밥솥,쿠쿠 밥솥,쿠쿠 10인용 전기압력밥솥 CHP1010FW,거래완료,"90,000원",,2026-05-20,0,0,0,36.5℃,중고나라판매자,생활가전,,[출처] 중고나라 | [분석모델] 전기압력밥솥_10인용 | [모델근거] text_variant | [원문링크] https://web.joongna.com/product/228392557
밥솥,쿠쿠 밥솥,"[밥솥] 쿠쿠 6인용 전기압력밥솥 화이트+웜실버, 깔끔한 상태",거래중,"120,000원",,2026-05-20,0,0,0,36.5℃,중고나라판매자,생활가전,,[출처] 중고나라 | [분석모델] 전기압력밥솥_6인용 | [모델근거] text_variant | [원문링크] https://web.joongna.com/product/228802521
밥솥,쿠쿠 밥솥,쿠쿠10인용IH스마트풀스텐압력밥솥AHXB1060FD,거래완료,"51,000원",,2026-05-20,0,0,0,36.5℃,중고나라판매자,생활가전,,[출처] 중고나라 | [분석모델] 전기압력밥솥_10인용 | [모델근거] text_variant | [원문링크] https://web.joongna.com/product/228023906
밥솥,쿠쿠 밥솥,쿠쿠 CR-3055B 전기보온밥솥 30인용 대용량 제품,거래완료,"80,000원",,2026-05-20,0,0,0,36.5℃,중고나라판매자,생활가전,,[출처] 중고나라 | [분석모델] CR-3055B | [모델근거] text_code | [원문링크] https://web.joongna.com/product/228782592
밥솥,쿠쿠 밥솥,"쿠쿠 CRP-R1025FBS 10인용 압력밥솥,무료배송",거래중,"120,000원",,2026-05-19,0,0,0,36.5℃,중고나라판매자,생활가전,,[출처] 중고나라 | [분석모델] CRP-R1025FBS | [모델근거] text_code | [원문링크] https://web.joongna.com/product/228778291
밥솥,쿠쿠 밥솥,"쿠쿠 3인용 트윈프레셔 미니 전기압력밥솥,무료배송",거래완료,"140,000원",,2026-05-19,0,0,0,36.5℃,중고나라판매자,생활가전,,[출처] 중고나라 | [분석모델] 트윈프레셔_3인용 | [모델근거] text_variant | [원문링크] https://web.joongna.com/product/228776957
밥솥,쿠쿠 밥솥,쿠쿠 6인용 IH압력밥솥 / CRP-DHR0610FS,거래완료,"40,000원",,2026-05-19,0,0,0,36.5℃,중고나라판매자,생활가전,,[출처] 중고나라 | [분석모델] CRP-DHR0610FS | [모델근거] text_code | [원문링크] https://web.joongna.com/product/228777688
밥솥,쿠쿠 밥솥,"쿠쿠 트윈프레셔 더 라이트 10인용 전기압력밥솥 그레이스 아이보리, 무료배송",거래중,"150,000원",,2026-05-19,0,0,0,36.5℃,중고나라판매자,생활가전,,[출처] 중고나라 | [분석모델] 트윈프레셔_10인용 | [모델근거] text_variant | [원문링크] https://web.joongna.com/product/228776260
밥솥,쿠쿠 밥솥,"쿠쿠 6인용 전기압력밥솥 CRP-R0615FWS 화이트 웜실버,무료배송",거래중,"120,000원",,2026-05-19,0,0,0,36.5℃,중고나라판매자,생활가전,,[출처] 중고나라 | [분석모델] CRP-R0615FWS | [모델근거] text_code | [원문링크] https://web.joongna.com/product/228775102
밥솥,쿠쿠 밥솥,쿠쿠 10인용 전기밥솥 미개봉,거래중,"150,000원",,2026-05-19,0,0,0,36.5℃,중고나라판매자,생활가전,,[출처] 중고나라 | [분석모델] 전기보온밥솥_10인용 | [모델근거] text_variant | [원문링크] https://web.joongna.com/product/228769622
밥솥,쿠쿠 밥솥,쿠쿠 IH압력밥솥 10인용(택배포함),거래중,"100,000원",,2026-05-19,0,0,0,36.5℃,중고나라판매자,생활가전,,[출처] 중고나라 | [분석모델] IH압력밥솥_10인용 | [모델근거] text_variant | [원문링크] https://web.joongna.com/product/228466369
밥솥,쿠쿠 밥솥,쿠쿠 미니 전기 밥솥 1~2인용 판매합니다,거래완료,"17,000원",상계2동,2026-05-18,0,0,0,36.5℃,중고나라판매자,생활가전,상계2동,[출처] 중고나라 | [분석모델] 전기보온밥솥 | [모델근거] text_variant | [원문링크] https://web.joongna.com/product/228743145
밥솥,쿠쿠 밥솥,쿠쿠 트윈프레셔 IH 6인용 압력밥솥,예약중,"100,000원",신중동,2026-05-17,0,0,0,36.5℃,중고나라판매자,생활가전,신중동,[출처] 중고나라 | [분석모델] 트윈프레셔_6인용 | [모델근거] text_variant | [원문링크] https://web.joongna.com/product/228702309
밥솥,쿠쿠 밥솥,쿠쿠 10인용 압력밥솥 PWE106FR,거래완료,"35,000원",,2026-05-17,0,0,0,36.5℃,중고나라판매자,생활가전,,[출처] 중고나라 | [분석모델] 전기압력밥솥_10인용 | [모델근거] text_variant | [원문링크] https://web.joongna.com/product/227878027
밥솥,쿠쿠 밥솥,쿠쿠 미식 컬렉션 2기압밥솥 EHS0310FW,거래완료,"100,000원",,2026-05-17,0,0,0,36.5℃,중고나라판매자,생활가전,,[출처] 중고나라 | [분석모델] EHS0310FW | [모델근거] text_code | [원문링크] https://web.joongna.com/product/227911195
밥솥,쿠쿠 밥솥,쿠쿠 CRP-ST0615FW 6인용 트 윈프레셔 전기압력밥솥,거래중,"200,000원",,2026-05-16,0,0,0,36.5℃,중고나라판매자,생활가전,,[출처] 중고나라 | [분석모델] CRP-ST0615FW | [모델근거] text_code | [원문링크] https://web.joongna.com/product/225987213
밥솥,쿠쿠 밥솥,[밥솥] 쿠쿠 CRP-P0620FDM 6인용 압력밥솥 / 다이아몬드 코팅 미식컬렉션,예약중,"65,000원",가산동,2026-05-16,0,0,0,36.5℃,중고나라판매자,생활가전,가산동,[출처] 중고나라 | [분석모델] CRP-P0620FDM | [모델근거] text_code | [원문링크] https://web.joongna.com/product/228168523
밥솥,쿠쿠 밥솥,쿠쿠 스마트 IH 압력밥솥 FSH1010FD,거래완료,"45,000원",동삼제1동,2026-05-15,0,0,0,36.5℃,중고나라판매자,생활가전,동삼제1동,[출처] 중고나라 | [분석모델] IH압력밥솥 | [모델근거] text_variant | [원문링크] https://web.joongna.com/product/228239143
밥솥,쿠쿠 밥솥,쿠쿠 밥솥 트윈프레셔 CRP-LHTR1010FGWM,거래중,"330,000원",,2026-05-14,0,0,0,36.5℃,중고나라판매자,생활가전,,[출처] 중고나라 | [분석모델] CRP-LHTR1010FGWM | [모델근거] text_code | [원문링크] https://web.joongna.com/product/228160172
밥솥,쿠쿠 밥솥,<새제품>쿠쿠 트윈프레셔 마스터셰프 사일런스 프로 저당밥솥,거래중,"480,000원",원효로제2동,2026-05-14,0,0,0,36.5℃,중고나라판매자,생활가전,원효로제2동,"[출처] 중고나라 | [분석모델] CRP-PHFFLR0610FGW | [모델근거] detail_text_code | [원문설명] 선물받아 뜯지않은 새상품입니다. 쿠쿠 IH 저당밥솥 CRP-PHFFLR0610FGW 화이트 색상이에요 4세대 저당 기술로 밥맛과 건강을 동시에 잡았어요 저소화밥 모드와 사일런트 압력 시스템으로 조용하고 맛있는 밥을 지을 수 있답니다 건강하고 맛있는 밥을 원하시는분들께 추천드려요 엘지베스트샵에서 628,000원에 구입했다고합니다. #저당밥솥#압력밭솥 #쿠쿠 | [원문링크] https://web.joongna.com/product/228578427"
밥솥,쿠쿠 밥솥,전기압력밥솥 6인용 쿠쿠 트윈프레셔 전기압력밥솥 6인용 CRP-ST0610FC 판매합니다~~,거래완료,"81,000원",철산3동,2026-05-12,0,0,0,36.5℃,중고나라판매자,생활가전,철산3동,[출처] 중고나라 | [분석모델] CRP-ST0610FC | [모델근거] text_code | [원문링크] https://web.joongna.com/product/228523875
밥솥,쿠쿠 밥솥,쿠쿠 풀스테인레스 6인용 압력밥솥 음성안내,거래완료,"40,000원",정관읍,2026-05-12,0,0,0,36.5℃,중고나라판매자,생활가전,정관읍,[출처] 중고나라 | [분석모델] 전기압력밥솥_6인용 | [모델근거] text_variant | [원문링크] https://web.joongna.com/product/228172202
밥솥,쿠쿠 밥솥,쿠쿠 전기압력밥솥 10인분 UT1010FGW,거래중,"275,000원",,2026-05-11,0,0,0,36.5℃,중고나라판매자,생활가전,,[출처] 중고나라 | [분석모델] 전기압력밥솥 | [모델근거] text_variant | [원문링크] https://web.joongna.com/product/228490511
밥솥,쿠쿠 밥솥,쿠쿠 IH 압력밥솥 10인용 CRP-HMXF108SB 감사합니다~~,거래완료,"49,000원",철산3동,2026-05-11,0,0,0,36.5℃,중고나라판매자,생활가전,철산3동,[출처] 중고나라 | [분석모델] CRP-HMXF108SB | [모델근거] text_code | [원문링크] https://web.joongna.com/product/228483675
밥솥,쿠쿠 밥솥,쿠쿠 6인용 압력밥솥,거래완료,"50,000원",,2026-05-11,0,0,0,36.5℃,중고나라판매자,생활가전,,[출처] 중고나라 | [분석모델] 전기압력밥솥_6인용 | [모델근거] text_variant | [원문링크] https://web.joongna.com/product/227589305
밥솥,쿠쿠 밥솥,쿠쿠 밥솥 트윈프레셔 마스터세프 저당밥솥 6인용,거래중,"430,000원",포곡읍,2026-05-10,0,0,0,36.5℃,중고나라판매자,생활가전,포곡읍,[출처] 중고나라 | [분석모델] 트윈프레셔_6인용 | [모델근거] text_variant | [원문링크] https://web.joongna.com/product/228456365
밥솥,쿠쿠 밥솥,쿠쿠 에그밥솥 3-4인용 CR-0375FW,거래완료,"23,000원",,2026-05-10,0,0,0,36.5℃,중고나라판매자,생활가전,,[출처] 중고나라 | [분석모델] CR-0375FW | [모델근거] text_code | [원문링크] https://web.joongna.com/product/228272642
밥솥,쿠쿠 밥솥,쿠쿠 전기압력밥솥 6인용,거래중,"40,000원",고덕제2동,2026-05-09,0,0,0,36.5℃,중고나라판매자,생활가전,고덕제2동,[출처] 중고나라 | [분석모델] 전기압력밥솥_6인용 | [모델근거] text_variant | [원문링크] https://web.joongna.com/product/225712143
밥솥,쿠쿠 밥솥,쿠쿠Crp-hnxg1010fb 압력밥솥,거래완료,"30,000원",,2026-05-09,0,0,0,36.5℃,중고나라판매자,생활가전,,[출처] 중고나라 | [분석모델] CRP-HNXG1010FB | [모델근거] text_code | [원문링크] https://web.joongna.com/product/228404525
밥솥,쿠쿠 밥솥,쿠쿠밥솥10인용,거래완료,"39,000원",,2026-05-08,0,0,0,36.5℃,중고나라판매자,생활가전,,[출처] 중고나라 | [분석모델] 제품군 공통 | [모델근거] product_group | [원문설명] 쿠쿠밥솥 10인용 빕솥 입니다~ 취사 보온 다 문제없습니다~ 고무패킹도 몇일전 새걸로 교체했습니다~ 밥솥내부바닥이 약간 벗겨진정도?인데 밥되는거에는 전혀 지장이 없었습니다~ 작은걸로 바꾸게 되어 올려놉니다~~ 택포 39000원 문자주세요~~~ | [원문링크] https://web.joongna.com/product/228239732
밥솥,쿠쿠 밥솥,쿠쿠밥솥 작동잘됩니다,거래중,"28,000원",신월1동,2026-05-08,0,0,0,36.5℃,중고나라판매자,생활가전,신월1동,"[출처] 중고나라 | [분석모델] 제품군 공통 | [모델근거] product_group | [원문설명] 쿠쿠 밥솥 작동잘됩니다 청소 되었습니다 근처는 가져다 드려요 택배 이용시 택배비 들어갑니다, | [원문링크] https://web.joongna.com/product/227570302"
밥솥,쿠쿠 밥솥,쿠쿠 IH 압력밥솥 EHS0320FW 3인용,거래중,"80,000원",신당동,2026-05-07,0,0,0,36.5℃,중고나라판매자,생활가전,신당동,[출처] 중고나라 | [분석모델] EHS0320FW | [모델근거] text_code | [원문링크] https://web.joongna.com/product/228330444
밥솥,쿠쿠 밥솥,쿠쿠 IH 압력밥솥 FHS0610FD 6인용,거래완료,"60,000원",신당동,2026-05-07,0,0,0,36.5℃,중고나라판매자,생활가전,신당동,[출처] 중고나라 | [분석모델] IH압력밥솥_6인용 | [모델근거] text_variant | [원문링크] https://web.joongna.com/product/228330411
밥솥,쿠쿠 밥솥,쿠쿠 IH 6인용 압력 밥솥 CRP-DHS0610FW,거래완료,"200,000원",,2026-05-07,0,0,0,36.5℃,중고나라판매자,생활가전,,[출처] 중고나라 | [분석모델] CRP-DHS0610FW | [모델근거] text_code | [원문링크] https://web.joongna.com/product/227748579
밥솥,쿠쿠 밥솥,[밥솥] 쿠쿠 CRP-Q1010FGI 10인용 전기압력밥솥 / Xwall 코팅 우수한 상태,거래중,"130,000원",가산동,2026-05-06,0,0,0,36.5℃,중고나라판매자,생활가전,가산동,[출처] 중고나라 | [분석모델] CRP-Q1010FGI | [모델근거] text_code | [원문링크] https://web.joongna.com/product/228306130
밥솥,쿠쿠 밥솥,쿠쿠. 6인용 ih밥솥,거래완료,"70,000원",통진읍,2026-05-06,0,0,0,36.5℃,중고나라판매자,생활가전,통진읍,[출처] 중고나라 | [분석모델] 제품군 공통 | [모델근거] product_group | [원문설명] 쿠쿠 6인용 밥솥입니다 상태 깨끗하고 작동 잘됩니다 스테인리스 내솥이구요 자취생 이나 소식구 사용하기 좋아요 밥 찰지게 잘됩니다 공일공 7226. 14삼일 | [원문링크] https://web.joongna.com/product/228164985
밥솥,쿠쿠 밥솥,쿠쿠 IH 압력밥솥 6인용 CRP-FHR0610FD 판매합니다~~,거래완료,"39,000원",철산3동,2026-05-05,0,0,0,36.5℃,중고나라판매자,생활가전,철산3동,[출처] 중고나라 | [분석모델] CRP-FHR0610FD | [모델근거] text_code | [원문링크] https://web.joongna.com/product/228275067
밥솥,쿠쿠 밥솥,쿠쿠 10인용 IH 밥솥 HMT1061SP,거래완료,"80,000원",,2026-05-05,0,0,0,36.5℃,중고나라판매자,생활가전,,"[출처] 중고나라 | [분석모델] CRP-HMT1061SP | [모델근거] detail_text_code | [원문설명] 쿠쿠 10인용 IH압력밥솥 HMT1061SP 모델입니다. 실사용보다 보관한 기간이 많습니다. 사용감 거의 없고,새것 같은 상태입니다. 사진 봐 주세요. 내솥과 패킹 상태 좋습니다. 쿠쿠전자 CRP-HMT1061SP /IH압력밥솥/10인용/분리형커버/ 자동세척/소비전력:1,400W/ 무게:7.2kg/마블코팅 / 크기:39.4cm x 29.2cm x 28.4cm | [원문링크] https://web.joongna.com/product/228255523"
밥솥,쿠쿠 밥솥,쿠쿠 IH압력밥솥 6인용,거래중,"29,000원",,2026-05-04,0,0,0,36.5℃,중고나라판매자,생활가전,,[출처] 중고나라 | [분석모델] IH압력밥솥_6인용 | [모델근거] text_variant | [원문링크] https://web.joongna.com/product/228242092
밥솥,쿠쿠 밥솥,쿠쿠압력밥솥,거래중,"35,000원",,2026-05-04,0,0,0,36.5℃,중고나라판매자,생활가전,,[출처] 중고나라 | [분석모델] 전기압력밥솥 | [모델근거] text_variant | [원문링크] https://web.joongna.com/product/227966724
밥솥,쿠쿠 밥솥,[밥솥] 쿠쿠 QS1020FGM 10인용 열판압력밥솥 / 다이아몬드코팅 새것같은 상태,거래중,"160,000원",가산동,2026-05-04,0,0,0,36.5℃,중고나라판매자,생활가전,가산동,[출처] 중고나라 | [분석모델] QS1020FGM | [모델근거] text_code | [원문링크] https://web.joongna.com/product/228239843
밥솥,쿠쿠 밥솥,쿠쿠 압력밥솥 전기밥솥 3인용 CRP-TT0310FGW,거래중,"120,000원",대덕동,2026-05-03,0,0,0,36.5℃,중고나라판매자,생활가전,대덕동,[출처] 중고나라 | [분석모델] CRP-TT0310FGW | [모델근거] text_code | [원문링크] https://web.joongna.com/product/227454901
밥솥,쿠쿠 밥솥,쿠쿠 IH 압력밥솥 (10인용),거래중,"80,000원",,2026-05-02,0,0,0,36.5℃,중고나라판매자,생활가전,,[출처] 중고나라 | [분석모델] IH압력밥솥_10인용 | [모델근거] text_variant | [원문링크] https://web.joongna.com/product/228153510
밥솥,쿠쿠 밥솥,쿠쿠 I압력밥솥(6인용),거래중,"50,000원",,2026-05-02,0,0,0,36.5℃,중고나라판매자,생활가전,,[출처] 중고나라 | [분석모델] 전기압력밥솥_6인용 | [모델근거] text_variant | [원문링크] https://web.joongna.com/product/228153422
밥솥,쿠쿠 밥솥,쿠쿠 트윈프레셔 IH 밥솥 LHTR0620FGW,거래완료,"400,000원",영통1동,2026-05-01,0,0,0,36.5℃,중고나라판매자,생활가전,영통1동,"[출처] 중고나라 | [분석모델] LHTR0620FGW | [모델근거] text_code | [원문설명] 6인용 전기압력밥솥 새제품이에요. 박스 포장 그대로 미개봉 상태로 깨끗합니다. 대가족이나 많은 양의 밥을 지어야 할 때 유용해요! 쿠쿠 트윈프레셔 IH 밥솥 LHTR0620FGW 미개봉 새상품입니다 - 6인용입니다 - 고화력 IH 무압 기능이 있습니다 - 트윈프레셔로 밥맛이 좋습니다 - 가격제안 받습니다 직거래는 수원 영통1동, 수원시청 인계동, 용인 기흥구 공세동, 보라동 등 가능합니다 | [원문링크] https://web.joongna.com/product/226927563"
밥솥,쿠쿠 밥솥,쿠쿠 IH올스텐 밥솥 박스테이프만 제거 새제품,거래중,"250,000원",내손1동,2026-04-30,0,0,0,36.5℃,중고나라판매자,생활가전,내손1동,[출처] 중고나라 | [분석모델] 제품군 공통 | [모델근거] product_group | [원문설명] 박스에 테이프만 뜯어놧는데 선물들어와서 팝니다 | [원문링크] https://web.joongna.com/product/228094216
밥솥,쿠쿠 밥솥,쿠쿠6인용압력밥솥 (21년1월제품),거래완료,"78,000원",도봉제2동,2026-04-29,0,0,0,36.5℃,중고나라판매자,생활가전,도봉제2동,[출처] 중고나라 | [분석모델] 전기압력밥솥_6인용 | [모델근거] text_variant | [원문링크] https://web.joongna.com/product/227738808
밥솥,쿠쿠 밥솥,쿠쿠IH 압력밥솥 10인용 음성안내,거래완료,"40,000원",정관읍,2026-04-29,0,0,0,36.5℃,중고나라판매자,생활가전,정관읍,[출처] 중고나라 | [분석모델] IH압력밥솥_10인용 | [모델근거] text_variant | [원문링크] https://web.joongna.com/product/228051089
밥솥,쿠쿠 밥솥,10인용 IH압력밥솥 쿠쿠,거래완료,"32,000원",구의제2동,2026-04-29,0,0,0,36.5℃,중고나라판매자,생활가전,구의제2동,[출처] 중고나라 | [분석모델] IH압력밥솥_10인용 | [모델근거] text_variant | [원문링크] https://web.joongna.com/product/228043989
밥솥,쿠쿠 밥솥,새제품 쿠쿠 전기압력밥솥,거래완료,"130,000원",,2026-04-28,0,0,0,36.5℃,중고나라판매자,생활가전,,[출처] 중고나라 | [분석모델] 전기압력밥솥 | [모델근거] text_variant | [원문링크] https://web.joongna.com/product/227927491
밥솥,쿠쿠 밥솥,쿠쿠 6인용 압력밥솥 (FHR0610FD),거래완료,"70,000원",화서2동,2026-04-28,0,0,0,36.5℃,중고나라판매자,생활가전,화서2동,[출처] 중고나라 | [분석모델] 전기압력밥솥_6인용 | [모델근거] text_variant | [원문링크] https://web.joongna.com/product/228024444
밥솥,쿠쿠 밥솥,쿠쿠 트윈프레셔 IH전기압력밥솥/3인용,거래완료,"120,000원",반포2동,2026-04-28,0,0,0,36.5℃,중고나라판매자,생활가전,반포2동,[출처] 중고나라 | [분석모델] 트윈프레셔_3인용 | [모델근거] text_variant | [원문링크] https://web.joongna.com/product/227996526
밥솥,쿠쿠 밥솥,[새제품]쿠쿠 전기 압력 밥솥,거래완료,"130,000원",용현1.4동,2026-04-28,0,0,0,36.5℃,중고나라판매자,생활가전,용현1.4동,[출처] 중고나라 | [분석모델] 전기압력밥솥 | [모델근거] text_variant | [원문링크] https://web.joongna.com/product/227545520
밥솥,쿠쿠 밥솥,쿠쿠 IH압력밥솥 JHP1010FGPS 10인용,거래완료,"270,000원",금촌1동,2026-04-27,0,0,0,36.5℃,중고나라판매자,생활가전,금촌1동,[출처] 중고나라 | [분석모델] IH압력밥솥_10인용 | [모델근거] text_variant | [원문링크] https://web.joongna.com/product/227981029
밥솥,쿠쿠 밥솥,쿠쿠 IH압력밥솥 DHS0610FW,거래완료,"300,000원",금촌1동,2026-04-27,0,0,0,36.5℃,중고나라판매자,생활가전,금촌1동,[출처] 중고나라 | [분석모델] IH압력밥솥_6인용 | [모델근거] detail_text_variant | [원문설명] 쿠쿠 IH압력밥솥 DHS0610FW 메탈릭 색상 6인용이에요 풀 스테인리스 2.0 디자인으로 깔끔하고 고급스러워요 박스 구성품 그대로 보관되어 있어요 매일 맛있는 밥을 지어줄 든든한 밥솥을 찾으시는 분들께 추천드려요 제조 26년 1월 개봉만했어요 | [원문링크] https://web.joongna.com/product/227982262
밥솥,쿠쿠 밥솥,쿠쿠 6인용 밥솥 CR-0655FR,거래완료,"20,000원",방화제1동,2026-04-27,0,0,0,36.5℃,중고나라판매자,생활가전,방화제1동,[출처] 중고나라 | [분석모델] CR-0655FR | [모델근거] text_code | [원문링크] https://web.joongna.com/product/227981423
밥솥,쿠쿠 밥솥,쿠쿠 10인용 열판방식 분리형 스텐커버 말하는 압력밥솥 판매합니다,거래완료,"50,000원",가음정동,2026-04-27,0,0,0,36.5℃,중고나라판매자,생활가전,가음정동,[출처] 중고나라 | [분석모델] 전기압력밥솥_10인용 | [모델근거] text_variant | [원문링크] https://web.joongna.com/product/226896529
밥솥,쿠쿠 밥솥,쿠쿠 IH 10인용 전기 압력 밥솥 CRP-JHP1010FGPS 그레이스 핑크 실버,거래완료,"230,000원",,2026-04-27,0,0,0,36.5℃,중고나라판매자,생활가전,,[출처] 중고나라 | [분석모델] CRP-JHP1010FGPS | [모델근거] text_code | [원문링크] https://web.joongna.com/product/227730630
밥솥,쿠쿠 밥솥,쿠쿠 압력밥솥 전기밥솥 6인용 CRP-P0610FD,거래중,"40,000원",대덕동,2026-04-27,0,0,0,36.5℃,중고나라판매자,생활가전,대덕동,[출처] 중고나라 | [분석모델] CRP-P0610FD | [모델근거] text_code | [원문링크] https://web.joongna.com/product/227967896
밥솥,쿠쿠 밥솥,쿠쿠 10 인용 IH압력밥솥/CRP-HWB109FD 팝니다,거래완료,"30,000원",포곡읍,2026-04-26,0,0,0,36.5℃,중고나라판매자,생활가전,포곡읍,[출처] 중고나라 | [분석모델] CRP-HWB109FD | [모델근거] text_code | [원문링크] https://web.joongna.com/product/227935907
밥솥,쿠쿠 밥솥,쿠쿠 전기밥솥,거래중,"60,000원",,2026-04-26,0,0,0,36.5℃,중고나라판매자,생활가전,,[출처] 중고나라 | [분석모델] 전기보온밥솥 | [모델근거] text_variant | [원문링크] https://web.joongna.com/product/227934286
밥솥,쿠쿠 밥솥,쿠쿠 3인용 전기밥솥 CR-0365FR 레드,거래완료,"25,000원",,2026-04-26,0,0,0,36.5℃,중고나라판매자,생활가전,,[출처] 중고나라 | [분석모델] CR-0365FR | [모델근거] text_code | [원문링크] https://web.joongna.com/product/227425460
밥솥,쿠쿠 밥솥,쿠쿠 스마트 IH 밥솥 6인용,거래완료,"120,000원",,2026-04-26,0,0,0,36.5℃,중고나라판매자,생활가전,,[출처] 중고나라 | [분석모델] 제품군 공통 | [모델근거] product_group | [원문설명] 제조 23년 10월입니다 쿠쿠 스마트 IH 밥솥 6인용입니다 사진에서 보시는 것처럼 깔끔한 상태를 유지하고 있어요 I 압력 방식으로 맛있는 밥을 지을 수 있답니다 매일 따뜻하고 맛있는 밥을 드시고 싶은 분들께 추천드려요 안심결제만 합니다 쿨거시 배송비 무료 | [원문링크] https://web.joongna.com/product/227782945
밥솥,쿠쿠 밥솥,쿠쿠 IH압력 밥솥 CRP-JHR1060FD 10인용 판매합니다~~,거래완료,"70,000원",철산3동,2026-04-25,0,0,0,36.5℃,중고나라판매자,생활가전,철산3동,[출처] 중고나라 | [분석모델] CRP-JHR1060FD | [모델근거] text_code | [원문링크] https://web.joongna.com/product/227915126
밥솥,쿠쿠 밥솥,쿠쿠 전기 보온 밥솥 3인용,거래완료,"35,000원",,2026-04-24,0,0,0,36.5℃,중고나라판매자,생활가전,,[출처] 중고나라 | [분석모델] 전기보온밥솥_3인용 | [모델근거] text_variant | [원문링크] https://web.joongna.com/product/227882132
밥솥,쿠쿠 밥솥,(미개봉 새상품)쿠쿠 트윈프레셔 더라이트 6인용 밥솥 판매,거래완료,"200,000원",,2026-04-24,0,0,0,36.5℃,중고나라판매자,생활가전,,[출처] 중고나라 | [분석모델] 트윈프레셔_6인용 | [모델근거] text_variant | [원문링크] https://web.joongna.com/product/227864657
밥솥,쿠쿠 밥솥,쿠쿠6인용 IH압력밥솥,거래중,"70,000원",,2026-04-24,0,0,0,36.5℃,중고나라판매자,생활가전,,[출처] 중고나라 | [분석모델] IH압력밥솥_6인용 | [모델근거] text_variant | [원문링크] https://web.joongna.com/product/227862989
밥솥,쿠쿠 밥솥,쿠쿠 6인용 전기 밥솥,거래완료,"80,000원",부성1동,2026-04-23,0,0,0,36.5℃,중고나라판매자,생활가전,부성1동,[출처] 중고나라 | [분석모델] 전기보온밥솥_6인용 | [모델근거] text_variant | [원문링크] https://web.joongna.com/product/227849802
밥솥,쿠쿠 밥솥,쿠쿠 6인용 압력밥솥 2021년식,거래완료,"70,000원",,2026-04-23,0,0,0,36.5℃,중고나라판매자,생활가전,,[출처] 중고나라 | [분석모델] 전기압력밥솥_6인용 | [모델근거] text_variant | [원문링크] https://web.joongna.com/product/227562245
밥솥,쿠쿠 밥솥,쿠쿠 압력밥솥 6인용,거래완료,"9,000원",광명5동,2026-04-23,0,0,0,36.5℃,중고나라판매자,생활가전,광명5동,[출처] 중고나라 | [분석모델] 전기압력밥솥_6인용 | [모델근거] text_variant | [원문링크] https://web.joongna.com/product/227214376
밥솥,쿠쿠 밥솥,미개봉)쿠쿠 사일런스 오브제 밥솥 OHTR1010FWM,거래중,"220,000원",,2026-04-23,0,0,0,36.5℃,중고나라판매자,생활가전,,[출처] 중고나라 | [분석모델] OHTR1010FWM | [모델근거] text_code | [원문링크] https://web.joongna.com/product/227820844
밥솥,쿠쿠 밥솥,쿠쿠 10인용 마스터셰프 사일런스 밥솥 화이트,거래완료,"400,000원",,2026-04-22,0,0,0,36.5℃,중고나라판매자,생활가전,,[출처] 중고나라 | [분석모델] 마스터셰프_10인용 | [모델근거] text_variant | [원문설명] 선물용으로도 너무 깔끔하고 예뻐요!😍 화이트라 인테리어에 너무 좋구요! 집에서 사용중인데 완전 만족중입니다! 똑같은 밥솥이 선물로 들어와서 ㅠㅠ 다른곳보다 더 저렴하게 판매합니다! 10인용이구요 밥이 아주 맛있게되용~🥹✌️👍 미개봉 새상품입니다~ 만나서 직거래도 가능합니다!! | [원문링크] https://web.joongna.com/product/227322854
밥솥,쿠쿠 밥솥,쿠쿠 미니 전기보온밥솥 6인용 핑크,거래완료,"25,000원",지동,2026-04-22,0,0,0,36.5℃,중고나라판매자,생활가전,지동,[출처] 중고나라 | [분석모델] 전기보온밥솥_6인용 | [모델근거] text_variant | [원문링크] https://web.joongna.com/product/227793929
밥솥,쿠쿠 밥솥,쿠쿠 6인용 풀스텐 IH밥솥/BHXB0660FD,거래완료,"90,000원",,2026-04-21,0,0,0,36.5℃,중고나라판매자,생활가전,,[출처] 중고나라 | [분석모델] BHXB0660FD | [모델근거] text_code | [원문링크] https://web.joongna.com/product/226625114
밥솥,쿠쿠 밥솥,쿠쿠 전기압력밥솥 6인용,거래완료,"20,000원",용현5동,2026-04-21,0,0,0,36.5℃,중고나라판매자,생활가전,용현5동,[출처] 중고나라 | [분석모델] 전기압력밥솥_6인용 | [모델근거] text_variant | [원문링크] https://web.joongna.com/product/227749638
밥솥,쿠쿠 밥솥,쿠쿠 10인용 밥솥 (우체국운포),거래완료,"56,000원",,2026-04-19,0,0,0,36.5℃,중고나라판매자,생활가전,,"[출처] 중고나라 | [분석모델] 제품군 공통 | [모델근거] product_group | [원문설명] 사진의 쿠쿠 10인용 밥솥입니다 외관 깨끗하 고 작동 잘됩니다 부품유실 없으며 파손또한 없습니다 음성안내 잘나오고 밥 잘됩니다 내 솥내부에 자잘한 긁힘들 있으나 밥하는데 별 지장은 없습니다 다른내솥 있는분이면 더욱 좋겠네요 내외부 깨끗한 쿠쿠밥솥 저렴히 쓰 실분 구매하세요 포장잘해 드리며 우체국운 임 포함입니다. ※밥솥의 패킹은 소모품 입니다 밥솥의 기능은 작동에 이상이 없으나 압이 샐경우 패킹 교체 해서 쓰시길 바랍니다. ﻿°안전거래 로만 판매하며, 결제하시면 포장잘해서 우체국택배로 보내드립니다 직거래 원하시면 다른 것을 구매하시고 직거래문의시 답변하지 않습니다. °결제 하셨다가 취소요청 하실경우 판매자에게 상당한 피해가 될수있고, 부득이 취소수락이 늦어질수 있으므로 신중한구매 부탁 드립니다. °문의없이 그냥 결제하셔도 수시로 확인하니 알아 서 발송해 드립니다 오전 7시전 주문은 당일 발송 해 드리고, 이후는 익일 발송됩니다 사정상 예약을 통해 방문택배를 이용해서 그렇습니다 휴일이나 주 말 안끼면, 결제후 늦어도 이틀안에는 받으십니다. 《수령후 확인해보시고 가급적 신속한 '구매확정' 부탁 드립니다~》 | [원문링크] https://web.joongna.com/product/224191221"
밥솥,쿠쿠 밥솥,쿠쿠 6인용 밥솥 그레이스 화이트 CRP-R0695FGW,거래완료,"150,000원",화도읍,2026-04-18,0,0,0,36.5℃,중고나라판매자,생활가전,화도읍,[출처] 중고나라 | [분석모델] CRP-R0695FGW | [모델근거] text_code | [원문링크] https://web.joongna.com/product/227665303
밥솥,쿠쿠 밥솥,쿠쿠 6인용 2기압 밥솥/JHR0610FB,거래완료,"120,000원",,2026-04-18,0,0,0,36.5℃,중고나라판매자,생활가전,,[출처] 중고나라 | [분석모델] JHR0610FB | [모델근거] text_code | [원문링크] https://web.joongna.com/product/227435555
밥솥,쿠쿠 밥솥,쿠쿠 10인용 압력밥솥,거래중,"240,000원",정관읍,2026-04-18,0,0,0,36.5℃,중고나라판매자,생활가전,정관읍,[출처] 중고나라 | [분석모델] 전기압력밥솥_10인용 | [모델근거] text_variant | [원문링크] https://web.joongna.com/product/225479424
밥솥,쿠쿠 밥솥,쿠쿠 전기압력밥솥 6인용 모델명CRP-P0660FD,거래완료,"10,000원",,2026-04-18,0,0,0,36.5℃,중고나라판매자,생활가전,,[출처] 중고나라 | [분석모델] CRP-P0660FD | [모델근거] text_code | [원문링크] https://web.joongna.com/product/227405015
밥솥,쿠쿠 밥솥,쿠쿠 스마트 IH 압력밥솥 CHP1060FSM,거래완료,"174,000원",청라1동,2026-04-16,0,0,0,36.5℃,중고나라판매자,생활가전,청라1동,"[출처] 중고나라 | [분석모델] CRP-CHP1060FSM | [모델근거] detail_text_code | [원문설명] 쿠쿠 스마트 IH 압력밥솥 CHP1060FSM 판매해요 CHB 랑 차이는 'Xwall 블랙샤인 코팅'이 적용된 스테인리스 내솥으로, 고열과 고압에 강한 내구성을 강화한 상위 라인업 CHP 입니다. 10인용이고 풀 스테인리스 내솥으로 되어 있어요 에너지 소비효율 등급 1등급 제품이에요 2025년 3월 제조된 제품이에요 현재 인터넷 최저가 260000원 이에요 혼자 자취하고 작년 어머니 집에서 생활하면서 실사용 기간도 6개월 미만이에요. 너무 깨끗하고 내솥 포함 모든 부분이 거의 새 것입니다. 새제품 포장된 상태로 드립니다. 쿠쿠 10인용 IH 압력밥솥인 CRP-CHP1060FSM과 CRP-CHB1060FSM은 핵심 기능(2기압, 스테인리스 내솥)이 동일한 쌍둥이 모델입니다. 주요 차이는 내솥 코팅(P: 블랙샤인 vs B: 다이아쉴드), 색상 및 출시 시기이며, 성능과 가격은 거의 비슷하여 취향에 따라 선택하는 것이 좋습니다. 세부 특징 1. 내솥 코팅 및 디자인 (가장 큰 차이) CRP-CHP1060FSM: 'Xwall 블랙샤인 코팅'이 적용된 스테인리스 내솥으로, 고열과 고압에 강한 내구성을 강화한 상위 라인업입니다. CRP-CHB1060FSM: '다이아쉴드' 내솥으로, 블랙샤인 코팅보다는 하위 단계이나 일반적인 밥솥 성능에서는 큰 차이가 없습니다. 다나와 공식 사양에 따르면 안과 밖 모두 스테인리스를 사용하여 위생적입니다. 2. 공통 성능 (2기압 IH) 두 제품 모두 2기압 IH 압력 방식을 채택하여 잡곡밥이나 현미밥도 부드럽게 취사 가능합니다. 풀스테인리스 분리형 커버, 패킹워시, 자동세척 기능 등이 동일하게 적용되어 위생 관리 편의성도 동일합니다. '다이아쉴드' 내솥으로, 블랙샤인 코팅보다는 하위 단계이나 일반적인 밥솥 성능에서는 큰 차이가 없습니다. 다나와 공식 사양에 따르면 안과 밖 모두 스테인리스를 사용하여 위생적입니다. 좋은 물건 좋은 조건이니만큼 네고 사양하고 구매하실 분만 연락부탁드립니다. | [원문링크] https://web.joongna.com/product/227009115"
밥솥,쿠쿠 밥솥,쿠쿠 IH압력밥솥 CRP-CHP1010FD 10인용 판매합니다~~,거래완료,"75,000원",철산3동,2026-04-15,0,0,0,36.5℃,중고나라판매자,생활가전,철산3동,[출처] 중고나라 | [분석모델] CRP-CHP1010FD | [모델근거] text_code | [원문링크] https://web.joongna.com/product/227542205
밥솥,쿠쿠 밥솥,쿠쿠 전기보온 에그밥솥,거래중,"50,000원",,2026-04-15,0,0,0,36.5℃,중고나라판매자,생활가전,,"[출처] 중고나라 | [분석모델] 제품군 공통 | [모델근거] product_group | [원문설명] 20살에 대학교 자취할때 사가지고 갔었는데 .. 밥 절대 안해먹더라구요........ 왜산건지... 밥주걱은 또 어디에 버린건지... 밥 정말 딱 한번 해먹었어요 보관상태 보시면 아시다시피 정말 깨끗합니당,,! 주걱 제외한 코드, 밥솥 본체 택포5만원입니다! 선결제 후거래할게요! | [원문링크] https://web.joongna.com/product/227537329"
밥솥,쿠쿠 밥솥,쿠쿠 6인용 압력밥솥,거래중,"35,000원",,2026-04-14,0,0,0,36.5℃,중고나라판매자,생활가전,,[출처] 중고나라 | [분석모델] 전기압력밥솥_6인용 | [모델근거] text_variant | [원문링크] https://web.joongna.com/product/227504075
밥솥,쿠쿠 밥솥,쿠쿠 SMAT IH10인용 압력밥솥,거래중,"80,000원",,2026-04-14,0,0,0,36.5℃,중고나라판매자,생활가전,,[출처] 중고나라 | [분석모델] 전기압력밥솥_10인용 | [모델근거] text_variant | [원문링크] https://web.joongna.com/product/227504286
밥솥,쿠쿠 밥솥,쿠쿠 압럭밥솥 증기배출 솔레노이드 밸브,거래중,"28,500원",,2026-04-14,0,0,0,36.5℃,중고나라판매자,생활가전,,[출처] 중고나라 | [분석모델] 전기압력밥솥 | [모델근거] detail_text_variant | [원문설명] 쿠쿠 전기 압력밥솥용 증기배출 솔레노이드 밸브 입니다 정상동적 중고S급 상품 환불 곤란 상품 입니다 | [원문링크] https://web.joongna.com/product/227492589
밥솥,쿠쿠 밥솥,쿠쿠 3인용 IH 전기압력밥솥 CRP-EHS0310FW,거래완료,"90,000원",,2026-04-13,0,0,0,36.5℃,중고나라판매자,생활가전,,[출처] 중고나라 | [분석모델] CRP-EHS0310FW | [모델근거] text_code | [원문링크] https://web.joongna.com/product/227471995
밥솥,쿠쿠 밥솥,쿠쿠 스마트 압력밥솥 10인용 CHS1010FW 실사용 1개월,거래완료,"190,000원",동천동,2026-04-13,0,0,0,36.5℃,중고나라판매자,생활가전,동천동,[출처] 중고나라 | [분석모델] 전기압력밥솥_10인용 | [모델근거] text_variant | [원문링크] https://web.joongna.com/product/227459693
밥솥,쿠쿠 밥솥,10인용쿠쿠밥솥,거래중,"32,000원",평창동,2026-04-13,0,0,0,36.5℃,중고나라판매자,생활가전,평창동,[출처] 중고나라 | [분석모델] 전기압력밥솥_10인용 | [모델근거] detail_text_variant | [원문설명] 10인용 쿠쿠압력밥솥이에요. 내솥과 부속품 모두 포함되어 있고 상태 양호합니다. 깨끗하게 관리해서 바로 사용 가능해요. | [원문링크] https://web.joongna.com/product/226815755
밥솥,쿠쿠 밥솥,쿠쿠전자 CRP-DHP0660FSM 6인용 최고급형 전기밥솥,거래완료,"195,000원",철마면,2026-04-13,0,0,0,36.5℃,중고나라판매자,생활가전,철마면,[출처] 중고나라 | [분석모델] CRP-DHP0660FSM | [모델근거] text_code | [원문링크] https://web.joongna.com/product/227135012
밥솥,쿠쿠 밥솥,쿠쿠 트윈프레셔 마스터쉐프 IH 압력밥솥 10인용,거래완료,"200,000원",양포동,2026-04-13,0,0,0,36.5℃,중고나라판매자,생활가전,양포동,[출처] 중고나라 | [분석모델] 트윈프레셔_10인용 | [모델근거] text_variant | [원문링크] https://web.joongna.com/product/226596117
밥솥,쿠쿠 밥솥,쿠쿠 고급형 프리미엄 10인용 압력밥솥 팔아요,거래완료,"50,000원",화곡본동,2026-04-13,0,0,0,36.5℃,중고나라판매자,생활가전,화곡본동,[출처] 중고나라 | [분석모델] 전기압력밥솥_10인용 | [모델근거] text_variant | [원문링크] https://web.joongna.com/product/227417238
밥솥,쿠쿠 밥솥,쿠쿠 3인용 압력밥솥,거래완료,"120,000원",비산1동,2026-04-12,0,0,0,36.5℃,중고나라판매자,생활가전,비산1동,[출처] 중고나라 | [분석모델] 전기압력밥솥_3인용 | [모델근거] text_variant | [원문링크] https://web.joongna.com/product/227425989
밥솥,쿠쿠 밥솥,6인용 쿠쿠압력밥솥,거래중,"50,000원",정발산동,2026-04-12,0,0,0,36.5℃,중고나라판매자,생활가전,정발산동,[출처] 중고나라 | [분석모델] 전기압력밥솥_6인용 | [모델근거] text_variant | [원문링크] https://web.joongna.com/product/227420868
밥솥,쿠쿠 밥솥,오래된 쿠쿠10인용밥솥(취소버튼 안됨),거래중,"20,000원",,2026-04-12,0,0,0,36.5℃,중고나라판매자,생활가전,,[출처] 중고나라 | [분석모델] 제품군 공통 | [모델근거] product_group | [원문설명] 오래된 밥솥 .밥하다가 중간 취소버튼 안됩니다. 밥지을때 김도새고 사용감 아주 많아서. 구운계란이나 보온용도같은 간단한거 사용하시거나 손봐서 사용하실분 택포함입니다. | [원문링크] https://web.joongna.com/product/227409117
밥솥,쿠쿠 밥솥,6인용 쿠쿠 스마트 IH 밥솥 DHS067FB 브라운,거래완료,"60,000원",구월4동,2026-04-12,0,0,0,36.5℃,중고나라판매자,생활가전,구월4동,[출처] 중고나라 | [분석모델] IH압력밥솥_6인용 | [모델근거] detail_text_variant | [원문설명] 6인용 쿠쿠 스마트 IH 밥솥 DHS067FB 브라운 색상이에요 IH 압력 방식으로 맛있는 밥을 지을 수 있어요 다양한 메뉴와 스마트한 기능으로 편리하게 사용 가능해요 깔끔한 디자인으로 주방 어디에나 잘 어울려요 매일 맛있는 밥을 짓고 싶은 분들께 추천드려요. 내솥에 코팅이 동전만하게 들떠있어요. | [원문링크] https://web.joongna.com/product/227405469
밥솥,쿠쿠 밥솥,쿠쿠 미니 밥솥 CR-0375FW,거래완료,"28,000원",서생면,2026-04-11,0,0,0,36.5℃,중고나라판매자,생활가전,서생면,[출처] 중고나라 | [분석모델] CR-0375FW | [모델근거] text_code | [원문링크] https://web.joongna.com/product/226608203
밥솥,쿠쿠 밥솥,쿠쿠 6인용음성 압력밥솥,거래완료,"70,000원",,2026-04-11,0,0,0,36.5℃,중고나라판매자,생활가전,,[출처] 중고나라 | [분석모델] 전기압력밥솥_6인용 | [모델근거] text_variant | [원문링크] https://web.joongna.com/product/226255531
밥솥,쿠쿠 밥솥,쿠쿠 트윈프레셔 마스터셰프 10인용 저당밥솥 CRP-LHLR1010FW,거래중,"220,000원",금정동,2026-04-10,0,0,0,36.5℃,중고나라판매자,생활가전,금정동,[출처] 중고나라 | [분석모델] CRP-LHLR1010FW | [모델근거] text_code | [원문링크] https://web.joongna.com/product/227351622
밥솥,쿠쿠 밥솥,쿠쿠 IH 압력 밥솥 HSXT0610FB 6인용 판매합니다~~,거래완료,"27,000원",철산3동,2026-04-10,0,0,0,36.5℃,중고나라판매자,생활가전,철산3동,[출처] 중고나라 | [분석모델] IH압력밥솥_6인용 | [모델근거] text_variant | [원문링크] https://web.joongna.com/product/227351709
밥솥,쿠쿠 밥솥,쿠쿠 10인용 트윈프레셔 밥솥,예약중,"360,000원",,2026-04-10,0,0,0,36.5℃,중고나라판매자,생활가전,,[출처] 중고나라 | [분석모델] 트윈프레셔_10인용 | [모델근거] text_variant | [원문링크] https://web.joongna.com/product/227056156
밥솥,쿠쿠 밥솥,쿠쿠 트윈프레셔 마스터셰프 6인용 밥솥 CRP-LHTR0610FGWM 그레이스 화이트,거래완료,"180,000원",청라3동,2026-04-10,0,0,0,36.5℃,중고나라판매자,생활가전,청라3동,[출처] 중고나라 | [분석모델] CRP-LHTR0610FGWM | [모델근거] text_code | [원문링크] https://web.joongna.com/product/227348711
밥솥,쿠쿠 밥솥,쿠쿠 IH압력밥솥 10인용 JHP1010FGPS 새상품,거래완료,"240,000원",,2026-04-09,0,0,0,36.5℃,중고나라판매자,생활가전,,[출처] 중고나라 | [분석모델] IH압력밥솥_10인용 | [모델근거] text_variant | [원문링크] https://web.joongna.com/product/226946476
밥솥,쿠쿠 밥솥,쿠쿠 에코미니 2기압 3인용밥솥 EHS0320FW,거래완료,"65,000원",,2026-04-09,0,0,0,36.5℃,중고나라판매자,생활가전,,[출처] 중고나라 | [분석모델] EHS0320FW | [모델근거] text_code | [원문링크] https://web.joongna.com/product/227192974
밥솥,쿠쿠 밥솥,쿠쿠 밥솥 물받이 (6인용) + 증기배출구 청소핀 (일괄판매),거래완료,"7,000원",상도제1동,2026-04-09,0,0,0,36.5℃,중고나라판매자,생활가전,상도제1동,"[출처] 중고나라 | [분석모델] CRP-FHB0610FD | [모델근거] detail_text_code | [원문설명] 🧚‍♀️ 쿠쿠 6인용 압력밥솥의 물받이 + 증기배출구 청소핀 (일괄판매) 🍋 ALL세척 건조후 알콜 소독 🍇 사용하던 것 🍇 PVC 물받이 371-096 🍇 깔끔하게 비닐포장 인도 🍋 쿠쿠 적용모델은 CRP - FHB0610FD FHR0610FD FHR0610FS FHR067FD FHR067FG FHRL0610FG FHRL0675FG FHS0610FG FHTR0610FS FHTS067FS JHI0610FC JHI0630FG JHR0620FD JHR0660FBM JHR0660FD JHR0675FG JHT0605FS JHT0610FS JHTR0685FG JHTS0660FS P0610FD P0610FH P0620FDM P0660FD P067FD R0610FC R067FB R067FS R069FP R069FS RT0610FD RT067FC RT067FP 💥 직거래 ₩7,000원 💥 일반택배 7+2= 9,000원 💥 반값택배 7+1= 8,000원 (택배비 부족분은 제가 부담) 🎉 반값택배 = GS물류시스템을 이용한 택배로 수취인이 지정한 GS편의점으로 발송, 평균4일소요, 물품도착시 수취인에게 QR코드, 문자로 도착알림, QR코드 제시후 물품수령. 끝! 💥 직거래는 평일오후4시 이후 도로명 주소 '상도로320' 중앙하이츠빌APT 정문옆 '사리원 음식점' 앞에서 합니다. (휴일협의) ‐--ㆍ---ㆍ---ㆍ---ㆍ---ㆍ---ㆍ--- 🚔📢 이미지, 본문 게시글의 무단 복사, 전재, 재배포를 엄격 금지 | [원문링크] https://web.joongna.com/product/227288687"
밥솥,쿠쿠 밥솥,쿠쿠3인용IH압력밥솥,거래완료,"60,000원",중앙동,2026-04-09,0,0,0,36.5℃,중고나라판매자,생활가전,중앙동,[출처] 중고나라 | [분석모델] IH압력밥솥_3인용 | [모델근거] text_variant | [원문링크] https://web.joongna.com/product/227279969
밥솥,쿠쿠 밥솥,쿠쿠 IH 전기압력밥솥 10인용 CRP-CHB1060FSM,거래중,"265,000원",면목제2동,2026-04-08,0,0,0,36.5℃,중고나라판매자,생활가전,면목제2동,[출처] 중고나라 | [분석모델] CRP-CHB1060FSM | [모델근거] text_code | [원문링크] https://web.joongna.com/product/227280539
밥솥,쿠쿠 밥솥,쿠쿠 10인용 HI 압력밥솥,거래중,"20,000원",와부읍,2026-04-08,0,0,0,36.5℃,중고나라판매자,생활가전,와부읍,[출처] 중고나라 | [분석모델] 전기압력밥솥_10인용 | [모델근거] text_variant | [원문링크] https://web.joongna.com/product/227274626
밥솥,쿠쿠 밥솥,쿠쿠 HVB0680SS 6인용 압력밥솥,거래중,"80,000원",오산면,2026-04-08,0,0,0,36.5℃,중고나라판매자,생활가전,오산면,[출처] 중고나라 | [분석모델] 전기압력밥솥_6인용 | [모델근거] text_variant | [원문링크] https://web.joongna.com/product/227267547
밥솥,쿠쿠 밥솥,쿠쿠 압력밥솥 (6인용),거래중,"35,000원",,2026-04-06,0,0,0,36.5℃,중고나라판매자,생활가전,,[출처] 중고나라 | [분석모델] 전기압력밥솥_6인용 | [모델근거] text_variant | [원문링크] https://web.joongna.com/product/227200724
밥솥,쿠쿠 밥솥,쿠쿠 br065fb 6인용밥솥,거래중,"140,000원",독산제1동,2026-04-05,0,0,0,36.5℃,중고나라판매자,생활가전,독산제1동,[출처] 중고나라 | [분석모델] 전기보온밥솥_6인용 | [모델근거] detail_text_variant | [원문설명] 6인용 전기밥솥 새제품이에요. 박스 포장 그대로 미개봉 상태로 깨끗합니다. 가족용으로 딱 좋은 사이즈예요! 겉 비닐도 안뜯었습니다. 기분좋게 언박싱하세요~ | [원문링크] https://web.joongna.com/product/227164517
밥솥,쿠쿠 밥솥,쿠쿠 IH 압력밥솥 HWXF1070RR 레드 10인용,거래중,"70,000원",오산면,2026-04-05,0,0,0,36.5℃,중고나라판매자,생활가전,오산면,[출처] 중고나라 | [분석모델] IH압력밥솥_10인용 | [모델근거] text_variant | [원문링크] https://web.joongna.com/product/227152275
밥솥,쿠쿠 밥솥,쿠쿠 IH압력밥솥 6인용,거래완료,"27,000원",,2026-04-04,0,0,0,36.5℃,중고나라판매자,생활가전,,[출처] 중고나라 | [분석모델] IH압력밥솥_6인용 | [모델근거] text_variant | [원문링크] https://web.joongna.com/product/227114183
밥솥,쿠쿠 밥솥,새제품) 쿠쿠 전기밥솥 CRP-BR065FB,예약중,"150,000원",,2026-04-02,0,0,0,36.5℃,중고나라판매자,생활가전,,[출처] 중고나라 | [분석모델] CRP-BR065FB | [모델근거] text_code | [원문링크] https://web.joongna.com/product/227050455
밥솥,쿠쿠 밥솥,쿠쿠 압력밥솥 10인용 음성안내,거래완료,"40,000원",정관읍,2026-04-02,0,0,0,36.5℃,중고나라판매자,생활가전,정관읍,[출처] 중고나라 | [분석모델] 전기압력밥솥_10인용 | [모델근거] text_variant | [원문링크] https://web.joongna.com/product/226660728
밥솥,쿠쿠 밥솥,쿠쿠 3인용압력 밥솥,거래완료,"200,000원",노량진제1동,2026-04-02,0,0,0,36.5℃,중고나라판매자,생활가전,노량진제1동,[출처] 중고나라 | [분석모델] 전기압력밥솥_3인용 | [모델근거] text_variant | [원문링크] https://web.joongna.com/product/226891750
밥솥,쿠쿠 밥솥,(최종가격인하)최고급밥솥. 쿠쿠 마스터셰프 사일런스 6인용 CRP-NHTR0610FT,거래완료,"230,000원",매송면,2026-04-01,0,0,0,36.5℃,중고나라판매자,생활가전,매송면,[출처] 중고나라 | [분석모델] CRP-NHTR0610FT | [모델근거] text_code | [원문링크] https://web.joongna.com/product/227009602
밥솥,쿠쿠 밥솥,쿠쿠밥솥 CHS108fd,거래완료,"100,000원",망원제1동,2026-04-01,0,0,0,36.5℃,중고나라판매자,생활가전,망원제1동,[출처] 중고나라 | [분석모델] 제품군 공통 | [모델근거] product_group | [원문설명] 어머니가 쓰시다가 맘에 안드시다 시갈래 팝니다 상태 좋아요 한 6개월 된거 같네요 | [원문링크] https://web.joongna.com/product/226989545
밥솥,쿠쿠 밥솥,[ 새상품 할인 ] 쿠쿠 베스트셀러 IH압력밥솥 10인용 CRP-HWF1060FB,거래완료,"170,000원",계산4동,2026-04-01,0,0,0,36.5℃,중고나라판매자,생활가전,계산4동,[출처] 중고나라 | [분석모델] CRP-HWF1060FB | [모델근거] text_code | [원문링크] https://web.joongna.com/product/226985706
밥솥,쿠쿠 밥솥,쿠쿠 트윈프레셔 마스터셰프 사일런스 오브제 6인용 밥솥,거래완료,"250,000원",종로5.6가동,2026-04-01,0,0,0,36.5℃,중고나라판매자,생활가전,종로5.6가동,[출처] 중고나라 | [분석모델] 트윈프레셔_6인용 | [모델근거] text_variant | [원문링크] https://web.joongna.com/product/226656583
밥솥,쿠쿠 밥솥,쿠쿠압력밥솥 (6인용),거래완료,"65,000원",,2026-03-31,0,0,0,36.5℃,중고나라판매자,생활가전,,[출처] 중고나라 | [분석모델] 전기압력밥솥_6인용 | [모델근거] text_variant | [원문링크] https://web.joongna.com/product/226970053
밥솥,쿠쿠 밥솥,쿠쿠압력밥솥 6인용,거래완료,"40,000원",,2026-03-31,0,0,0,36.5℃,중고나라판매자,생활가전,,[출처] 중고나라 | [분석모델] 전기압력밥솥_6인용 | [모델근거] text_variant | [원문링크] https://web.joongna.com/product/226322166
밥솥,쿠쿠 밥솥,쿠쿠10인용 밥솥,거래완료,"90,000원",통진읍,2026-03-31,0,0,0,36.5℃,중고나라판매자,생활가전,통진읍,[출처] 중고나라 | [분석모델] 제품군 공통 | [모델근거] product_group | [원문설명] 쿠쿠 10인용 HI. 밦솥 입니다 상태괜찮고 밥 잘됩니다 2022년 후반에 구입했어요 공일공7226. 일사삼일 | [원문링크] https://web.joongna.com/product/226941809
밥솥,쿠쿠 밥솥,쿠쿠전기압력밥솥 10인용,거래중,"150,000원",,2026-03-30,0,0,0,36.5℃,중고나라판매자,생활가전,,[출처] 중고나라 | [분석모델] 전기압력밥솥_10인용 | [모델근거] text_variant | [원문링크] https://web.joongna.com/product/226923213
밥솥,쿠쿠 밥솥,쿠쿠 IH압력밥솥 10인용 HUF1060SD,거래완료,"17,000원",방화제1동,2026-03-30,0,0,0,36.5℃,중고나라판매자,생활가전,방화제1동,[출처] 중고나라 | [분석모델] IH압력밥솥_10인용 | [모델근거] text_variant | [원문링크] https://web.joongna.com/product/226809129
밥솥,쿠쿠 밥솥,쿠쿠 압력밥솥 6인용 전기밥솥 IH압력밥솥 CRP-FHS0610FD,거래완료,"70,000원",대덕동,2026-03-30,0,0,0,36.5℃,중고나라판매자,생활가전,대덕동,[출처] 중고나라 | [분석모델] CRP-FHS0610FD | [모델근거] text_code | [원문링크] https://web.joongna.com/product/226706670
밥솥,쿠쿠 밥솥,쿠쿠 10인용 IH전기밥솥,거래완료,"30,000원",세곡동,2026-03-29,0,0,0,36.5℃,중고나라판매자,생활가전,세곡동,[출처] 중고나라 | [분석모델] 전기보온밥솥_10인용 | [모델근거] text_variant | [원문링크] https://web.joongna.com/product/226810986
밥솥,쿠쿠 밥솥,쿠쿠 6인용 IH전기압력밥솥 CRP-FHXB0610FD,거래중,"100,000원",별내동,2026-03-29,0,0,0,36.5℃,중고나라판매자,생활가전,별내동,[출처] 중고나라 | [분석모델] CRP-FHXB0610FD | [모델근거] text_code | [원문링크] https://web.joongna.com/product/226865260
밥솥,쿠쿠 밥솥,쿠쿠 IH 압력밥솥 10인용,예약중,"40,000원",운중동,2026-03-29,0,0,0,36.5℃,중고나라판매자,생활가전,운중동,[출처] 중고나라 | [분석모델] IH압력밥솥_10인용 | [모델근거] text_variant | [원문링크] https://web.joongna.com/product/226862100
밥솥,쿠쿠 밥솥,쿠쿠 3인용 전기밥솥,거래중,"140,000원",고척제1동,2026-03-28,0,0,0,36.5℃,중고나라판매자,생활가전,고척제1동,"[출처] 중고나라 | [분석모델] CRP-MHTR0310FW | [모델근거] detail_text_code | [원문설명] 브랜드: 쿠쿠 (CUCKOO) 제품명: 3인용 마스터셰프 쁘띠 IH압력밥솥 모델명: CRP-MHTR0310FW 정가(원가): 458,000원 | [원문링크] https://web.joongna.com/product/224270479"
밥솥,쿠쿠 밥솥,쿠쿠 CRP-PHFFLR0610FGW 사일런스 프로 밥솥,거래완료,"500,000원",대야동,2026-03-28,0,0,0,36.5℃,중고나라판매자,생활가전,대야동,"[출처] 중고나라 | [분석모델] CRP-PHFFLR0610FGW | [모델근거] text_code | [원문설명] 쿠쿠 Master Chef Silence PRO 밥솥 새 제품입니다 모델명은 CRP-PHFFLR0610FGW, 색상은 Grace White입니다 - 풀 스테인리스로 위생적인 사용이 가능합니다 - 3중 스마트 IH 기술로 밥맛이 좋습니다 - 121 °C 초고온 스팀으로 밥맛이 더욱 좋습니다 | [원문링크] https://web.joongna.com/product/226574886"
밥솥,쿠쿠 밥솥,쿠쿠압력밥솥 10인용,거래완료,"65,000원",,2026-03-28,0,0,0,36.5℃,중고나라판매자,생활가전,,[출처] 중고나라 | [분석모델] 전기압력밥솥_10인용 | [모델근거] text_variant | [원문링크] https://web.joongna.com/product/226840031
밥솥,쿠쿠 밥솥,쿠쿠 밥솥 10인용 트윈프레셔,거래완료,"150,000원",사당제1동,2026-03-28,0,0,0,36.5℃,중고나라판매자,생활가전,사당제1동,[출처] 중고나라 | [분석모델] 트윈프레셔_10인용 | [모델근거] text_variant | [원문링크] https://web.joongna.com/product/226659599
밥솥,쿠쿠 밥솥,쿠쿠 스마트 IH 압력밥솥 6인용,거래완료,"25,000원",삼송2동,2026-03-27,0,0,0,36.5℃,중고나라판매자,생활가전,삼송2동,[출처] 중고나라 | [분석모델] IH압력밥솥_6인용 | [모델근거] text_variant | [원문링크] https://web.joongna.com/product/226820126
밥솥,쿠쿠 밥솥,30인용 전기압력밥솥 쿠쿠,거래완료,"60,000원",화도읍,2026-03-27,0,0,0,36.5℃,중고나라판매자,생활가전,화도읍,[출처] 중고나라 | [분석모델] 전기압력밥솥_30인용 | [모델근거] text_variant | [원문링크] https://web.joongna.com/product/226793045
밥솥,쿠쿠 밥솥,쿠쿠 6인용 트윈 압력 밥솥 ST0615FW 모델,거래완료,"190,000원",금촌1동,2026-03-26,0,0,0,36.5℃,중고나라판매자,생활가전,금촌1동,[출처] 중고나라 | [분석모델] ST0615FW | [모델근거] text_code | [원문링크] https://web.joongna.com/product/226755410
밥솥,쿠쿠 밥솥,쿠쿠전자 6인용 밥솥 CRP-OHTR0610FWM,거래중,"330,000원",초월읍,2026-03-25,0,0,0,36.5℃,중고나라판매자,생활가전,초월읍,[출처] 중고나라 | [분석모델] CRP-OHTR0610FWM | [모델근거] text_code | [원문링크] https://web.joongna.com/product/225596550
밥솥,쿠쿠 밥솥,쿠쿠IH 전기압력밥솥 10인용,거래완료,"100,000원",,2026-03-24,0,0,0,36.5℃,중고나라판매자,생활가전,,[출처] 중고나라 | [분석모델] IH압력밥솥_10인용 | [모델근거] text_variant | [원문링크] https://web.joongna.com/product/226691158
밥솥,쿠쿠 밥솥,"IH압력밥솥 10인용,쿠쿠",거래중,"65,000원",,2026-03-24,0,0,0,36.5℃,중고나라판매자,생활가전,,[출처] 중고나라 | [분석모델] IH압력밥솥_10인용 | [모델근거] text_variant | [원문링크] https://web.joongna.com/product/226673425
밥솥,쿠쿠 밥솥,쿠쿠 사일런스 오브제 저당밥솥 10인용 새상품 판매합니다. (CRP-OHFFLR1010FGW),거래완료,"420,000원",,2026-03-23,0,0,0,36.5℃,중고나라판매자,생활가전,,"[출처] 중고나라 | [분석모델] CRP-OHFFLR1010FGW | [모델근거] text_code | [원문설명] 올해 1월말에 현대백화점에서 구입했구요, 총 2개 구입했었는데 1개는 현재 사용중이고 나머지 새상품 1개는 보관만 해두다가 쓸일이 없을거 같아서 판매하려고 합니다. 사진 찍느라 박스만 잠깐 개봉한게 전부구요, 구매하시면 풀박스 그대로 안전하게 포장해서 보내드리겠습니다. 거래는 택배거래만 가능하구요, 가격은 택배비 포함해서 42만원 입니다. (우체국택배 이용 예정) 결제방법은 안전을 위해 개인간 계좌이체 대신 중고나라 안전결제로만 진행하려고 합니다. 구입후 환불은 불가하니 신중한 구매 부탁드리며, 구매 원하시는 분은 중고나라 안전결제로 결제하시면 확인후 1~2일내로 택배접수 해드리겠습니다🙂 + 제품에 대한 자세한 설명은 아래 쿠쿠 공식사이트 참고 부탁드립니다. https://www.cuckoo.co.kr/mall/productView?productNo=9937 | [원문링크] https://web.joongna.com/product/226642640"
밥솥,쿠쿠 밥솥,쿠쿠(cuckoo) 밥솥 판매합니다,거래중,"70,000원",문래동,2026-03-22,0,0,0,36.5℃,중고나라판매자,생활가전,문래동,[출처] 중고나라 | [분석모델] CRP-ST0610FW | [모델근거] detail_text_code | [원문설명] 쿠쿠전자 CUCKOO CRP-ST0610FW 매트 화이트&샴페인 골드 판매합니다. 사용감 문제 없습니다! 직거래는 영등포 양평역 부근입니다. 택배 거래시 택배비는 별도 입니다! | [원문링크] https://web.joongna.com/product/226602548
밥솥,쿠쿠 밥솥,쿠쿠 압력밥솥 CRP-HJG0611FP 6인용,거래완료,"20,000원",하안2동,2026-03-21,0,0,0,36.5℃,중고나라판매자,생활가전,하안2동,[출처] 중고나라 | [분석모델] CRP-HJG0611FP | [모델근거] text_code | [원문링크] https://web.joongna.com/product/226579163
밥솥,쿠쿠 밥솥,쿠쿠 3인용 IH 음성안내 전기압력밥솥 정상작동,거래완료,"40,000원",,2026-03-21,0,0,0,36.5℃,중고나라판매자,생활가전,,[출처] 중고나라 | [분석모델] 전기압력밥솥_3인용 | [모델근거] text_variant | [원문링크] https://web.joongna.com/product/226549733
밥솥,쿠쿠 밥솥,쿠쿠 17인용 전기보온밥솥 CR-1755B,거래완료,"35,000원",,2026-03-20,0,0,0,36.5℃,중고나라판매자,생활가전,,[출처] 중고나라 | [분석모델] CR-1755B | [모델근거] text_code | [원문링크] https://web.joongna.com/product/226533884
밥솥,쿠쿠 밥솥,쿠쿠 풀스텐리스밥솥6인용DHR0610FS,거래완료,"60,000원",위례동,2026-03-20,0,0,0,36.5℃,중고나라판매자,생활가전,위례동,[출처] 중고나라 | [분석모델] 제품군 공통 | [모델근거] product_group | [원문설명] 50만원 후반쯤할인받아서 구매했습니다 분리형 내솥 껑까지 올스테인리스라 위생적으로 사용할수있어 좋아요 분리형 커버와 손잡 커버까지 100%올스텐리스라 관리도편하고 만족스럽습니다 집에서 밥을 잘 먹지않아 사용감적어요 깨끗하게 사용했어요 밥 맛있게 잘됩니다~ | [원문링크] https://web.joongna.com/product/226510104
밥솥,쿠쿠 밥솥,쿠쿠 IH압력밥솥 10인용 JHR1020FD,거래완료,"70,000원",운정2동,2026-03-19,0,0,0,36.5℃,중고나라판매자,생활가전,운정2동,[출처] 중고나라 | [분석모델] JHR1020FD | [모델근거] text_code | [원문링크] https://web.joongna.com/product/226481431
밥솥,쿠쿠 밥솥,쿠쿠 블랙스톤 압력밥솥 6인용,거래완료,"65,000원",지동,2026-03-19,0,0,0,36.5℃,중고나라판매자,생활가전,지동,[출처] 중고나라 | [분석모델] 전기압력밥솥_6인용 | [모델근거] text_variant | [원문링크] https://web.joongna.com/product/226171160
밥솥,쿠쿠 밥솥,쿠쿠압력밥솥 10인용30000,거래중,"30,000원",,2026-03-19,0,0,0,36.5℃,중고나라판매자,생활가전,,[출처] 중고나라 | [분석모델] 전기압력밥솥_10인용 | [모델근거] text_variant | [원문링크] https://web.joongna.com/product/226471471
밥솥,쿠쿠 밥솥,쿠쿠 6인용 트윈프레셔 IH압력밥솥(인천 송도),거래완료,"140,000원",송도4동,2026-03-18,0,0,0,36.5℃,중고나라판매자,생활가전,송도4동,[출처] 중고나라 | [분석모델] 트윈프레셔_6인용 | [모델근거] text_variant | [원문링크] https://web.joongna.com/product/226468146
밥솥,쿠쿠 밥솥,쿠쿠 IH압력밥솥 10인용,거래중,"90,000원",,2026-03-17,0,0,0,36.5℃,중고나라판매자,생활가전,,[출처] 중고나라 | [분석모델] IH압력밥솥_10인용 | [모델근거] text_variant | [원문링크] https://web.joongna.com/product/226425693
밥솥,쿠쿠 밥솥,쿠쿠 SMART IH압력밥솥 10인용,거래완료,"120,000원",,2026-03-17,0,0,0,36.5℃,중고나라판매자,생활가전,,[출처] 중고나라 | [분석모델] IH압력밥솥_10인용 | [모델근거] text_variant | [원문링크] https://web.joongna.com/product/226425514
밥솥,쿠쿠 밥솥,쿠쿠 IH압력밥솥 10인용 CRP-HMXT1071SB,거래완료,"15,000원",방화제1동,2026-03-17,0,0,0,36.5℃,중고나라판매자,생활가전,방화제1동,[출처] 중고나라 | [분석모델] CRP-HMXT1071SB | [모델근거] text_code | [원문링크] https://web.joongna.com/product/226421847
밥솥,쿠쿠 밥솥,쿠쿠 6인용 풀스텐 밥솥/DHS068FD,거래완료,"100,000원",,2026-03-17,0,0,0,36.5℃,중고나라판매자,생활가전,,[출처] 중고나라 | [분석모델] CRP-DHS068FD | [모델근거] detail_text_code | [원문설명] 쿠쿠 6인용 풀스텐 밥솥 DHS068FD 모델입니다. 풀 스테인리스로 위생적인 밥솥입니다. 최근에 패킹과 내솥 교체한 상태입니다. 컨디션 좋습니다. 내외부 깨끗합니다. 사용감 적습니다. 밥 잘 됩니다. 쿠쿠전자 CRP-DHS068FD /IH압력밥솥/6인용/ 스테인리스내솥/ Xwall블랙샤인코팅/ 에어버블/풀스테인리스커버/ 패킹워시/분리형커버/ 맞춤보온/백미쾌속/잡곡쾌속/ 음성안내/다이렉트터치/ 자동세척/ 소비전력:1090W/ 무게:6.3kg/ 크기(가로x세로x깊이): 266x256x378mm | [원문링크] https://web.joongna.com/product/225457197
밥솥,쿠쿠 밥솥,쿠쿠 10인용 음성 압력밥솥,거래완료,"90,000원",,2026-03-16,0,0,0,36.5℃,중고나라판매자,생활가전,,[출처] 중고나라 | [분석모델] 전기압력밥솥_10인용 | [모델근거] text_variant | [원문링크] https://web.joongna.com/product/226255647
밥솥,쿠쿠 밥솥,쿠쿠 HI 전기압력밥솥,거래완료,"150,000원",구월1동,2026-03-16,0,0,0,36.5℃,중고나라판매자,생활가전,구월1동,[출처] 중고나라 | [분석모델] 전기압력밥솥 | [모델근거] text_variant | [원문링크] https://web.joongna.com/product/226370563
밥솥,쿠쿠 밥솥,쿠쿠 전기밥솥 30인용 CR-3031V,거래중,"50,000원",동탄6동,2026-03-16,0,0,0,36.5℃,중고나라판매자,생활가전,동탄6동,[출처] 중고나라 | [분석모델] CR-3031V | [모델근거] text_code | [원문링크] https://web.joongna.com/product/226369639
밥솥,쿠쿠 밥솥,쿠쿠 6인용 에그 밥솥 CR-0675FW,거래중,"40,000원",,2026-03-15,0,0,0,36.5℃,중고나라판매자,생활가전,,[출처] 중고나라 | [분석모델] CR-0675FW | [모델근거] text_code | [원문링크] https://web.joongna.com/product/226331887
밥솥,쿠쿠 밥솥,쿠쿠 10인용 IH압력밥솥 CHS108FD,거래완료,"125,000원",,2026-03-15,0,0,0,36.5℃,중고나라판매자,생활가전,,[출처] 중고나라 | [분석모델] IH압력밥솥_10인용 | [모델근거] text_variant | [원문링크] https://web.joongna.com/product/225943395
밥솥,쿠쿠 밥솥,정가60만원대 쿠쿠 IH압력밥솥 10인용 KHTS1060FD,거래완료,"100,000원",산격4동,2026-03-14,0,0,0,36.5℃,중고나라판매자,생활가전,산격4동,[출처] 중고나라 | [분석모델] IH압력밥솥_10인용 | [모델근거] text_variant | [원문링크] https://web.joongna.com/product/226304302
밥솥,쿠쿠 밥솥,쿠쿠 10인용 IH 전기압력밥솥 CRP-CHS108FD 풀스텐인리스 판매합니다~~,거래완료,"71,000원",철산3동,2026-03-14,0,0,0,36.5℃,중고나라판매자,생활가전,철산3동,[출처] 중고나라 | [분석모델] CRP-CHS108FD | [모델근거] text_code | [원문링크] https://web.joongna.com/product/226304443
밥솥,쿠쿠 밥솥,쿠쿠 전기압력밥솥,거래중,"40,000원",조치원읍,2026-03-14,0,0,0,36.5℃,중고나라판매자,생활가전,조치원읍,[출처] 중고나라 | [분석모델] 전기압력밥솥 | [모델근거] text_variant | [원문링크] https://web.joongna.com/product/226019155
밥솥,쿠쿠 밥솥,쿠쿠 IH압력밥솥 10인용(BCHF107FW),거래중,"300,000원",중계4동,2026-03-14,0,0,0,36.5℃,중고나라판매자,생활가전,중계4동,[출처] 중고나라 | [분석모델] IH압력밥솥_10인용 | [모델근거] text_variant | [원문링크] https://web.joongna.com/product/222248408
밥솥,쿠쿠 밥솥,쿠쿠 10인용 열판방식 분리형 스텐커버 말하는 압력밥솥 판매합니다,거래완료,"60,000원",가음정동,2026-03-13,0,0,0,36.5℃,중고나라판매자,생활가전,가음정동,[출처] 중고나라 | [분석모델] 전기압력밥솥_10인용 | [모델근거] text_variant | [원문링크] https://web.joongna.com/product/226267841
밥솥,쿠쿠 밥솥,쿠쿠 ih 10인용 전기 밥솥 kht1010fb,거래중,"80,000원",성현동,2026-03-13,0,0,0,36.5℃,중고나라판매자,생활가전,성현동,[출처] 중고나라 | [분석모델] 전기보온밥솥_10인용 | [모델근거] text_variant | [원문링크] https://web.joongna.com/product/225138646
밥솥,쿠쿠 밥솥,쿠쿠6인용압력밥솥,거래완료,"40,000원",광명5동,2026-03-12,0,0,0,36.5℃,중고나라판매자,생활가전,광명5동,[출처] 중고나라 | [분석모델] 전기압력밥솥_6인용 | [모델근거] text_variant | [원문링크] https://web.joongna.com/product/222933884
밥솥,쿠쿠 밥솥,쿠쿠 압력밥솥 10인용 CRP-QS1010FG,거래완료,"45,000원",성곡동,2026-03-12,0,0,0,36.5℃,중고나라판매자,생활가전,성곡동,[출처] 중고나라 | [분석모델] CRP-QS1010FG | [모델근거] text_code | [원문링크] https://web.joongna.com/product/226215923
밥솥,쿠쿠 밥솥,쿠쿠압력밥솥,거래중,"430,000원",성북동,2026-03-12,0,0,0,36.5℃,중고나라판매자,생활가전,성북동,[출처] 중고나라 | [분석모델] CRP-NHTR0620 | [모델근거] detail_text_code | [원문설명] 쿠쿠 마스터쉐프사일런스 제품명 CRP-NHTR0620 미개봉 새상품입니다. | [원문링크] https://web.joongna.com/product/220248349
밥솥,쿠쿠 밥솥,쿠쿠압력밥솥CRP-LHTAR0610FGI,거래중,"330,000원",성북동,2026-03-12,0,0,0,36.5℃,중고나라판매자,생활가전,성북동,[출처] 중고나라 | [분석모델] CRP-LHTAR0610FGI | [모델근거] text_code | [원문링크] https://web.joongna.com/product/220242104
밥솥,쿠쿠 밥솥,쿠쿠 10인용 전기압력밥솥,거래완료,"60,000원",상계1동,2026-03-12,0,0,0,36.5℃,중고나라판매자,생활가전,상계1동,[출처] 중고나라 | [분석모델] 전기압력밥솥_10인용 | [모델근거] text_variant | [원문링크] https://web.joongna.com/product/226201303
밥솥,쿠쿠 밥솥,쿠쿠 전기밥솥 압력밥솥 3인용,거래완료,"100,000원",,2026-03-11,0,0,0,36.5℃,중고나라판매자,생활가전,,[출처] 중고나라 | [분석모델] 전기압력밥솥_3인용 | [모델근거] text_variant | [원문링크] https://web.joongna.com/product/226180914
밥솥,쿠쿠 밥솥,쿠쿠 6인용 압력밥솥/FA0660SI,거래완료,"27,000원",,2026-03-11,0,0,0,36.5℃,중고나라판매자,생활가전,,[출처] 중고나라 | [분석모델] 전기압력밥솥_6인용 | [모델근거] text_variant | [원문링크] https://web.joongna.com/product/225250131
밥솥,쿠쿠 밥솥,쿠쿠 압력밥솥 6인용 CRP-P0610FD,거래완료,"50,000원",사당제1동,2026-03-11,0,0,0,36.5℃,중고나라판매자,생활가전,사당제1동,[출처] 중고나라 | [분석모델] CRP-P0610FD | [모델근거] text_code | [원문링크] https://web.joongna.com/product/226106203
밥솥,쿠쿠 밥솥,10인용 IH압력밥솥 쿠쿠(CHP1010FD),거래완료,"37,000원",,2026-03-10,0,0,0,36.5℃,중고나라판매자,생활가전,,[출처] 중고나라 | [분석모델] IH압력밥솥_10인용 | [모델근거] text_variant | [원문링크] https://web.joongna.com/product/225529693
밥솥,쿠쿠 밥솥,(오늘만/덤 증정) 쿠쿠 10인용 IH 압력밥솥 (지난달 구입 정품/인증첨부),거래완료,"178,000원",서초1동,2026-03-10,0,0,0,36.5℃,중고나라판매자,생활가전,서초1동,[출처] 중고나라 | [분석모델] IH압력밥솥_10인용 | [모델근거] text_variant | [원문링크] https://web.joongna.com/product/226134744
밥솥,쿠쿠 밥솥,"(미개봉, 새상품)쿠쿠 10인용 전기밥솥 P1015FBB (택포 12.5만)",거래완료,"125,000원",능곡동,2026-03-09,0,0,0,36.5℃,중고나라판매자,생활가전,능곡동,[출처] 중고나라 | [분석모델] 전기보온밥솥_10인용 | [모델근거] text_variant | [원문링크] https://web.joongna.com/product/225973098
밥솥,쿠쿠 밥솥,쿠쿠 2인용 미니 밥솥 화이트 CR-0215MW 팝니다.,거래완료,"38,000원",장전제1동,2026-03-09,0,0,0,36.5℃,중고나라판매자,생활가전,장전제1동,[출처] 중고나라 | [분석모델] CR-0215MW | [모델근거] text_code | [원문링크] https://web.joongna.com/product/225792909
밥솥,쿠쿠 밥솥,쿠쿠 6인용 전기밥솥 CR-3512,거래중,"25,000원",고천동,2026-03-09,0,0,0,36.5℃,중고나라판매자,생활가전,고천동,[출처] 중고나라 | [분석모델] CR-3512 | [모델근거] text_code | [원문링크] https://web.joongna.com/product/224274973
밥솥,쿠쿠 밥솥,쿠쿠 전기보온밥솥 3인용,거래완료,"30,000원",,2026-03-08,0,0,0,36.5℃,중고나라판매자,생활가전,,[출처] 중고나라 | [분석모델] 전기보온밥솥_3인용 | [모델근거] text_variant | [원문링크] https://web.joongna.com/product/226068524
밥솥,쿠쿠 밥솥,쿠쿠 SMART IH압력밥솥 (6인용),거래완료,"90,000원",,2026-03-08,0,0,0,36.5℃,중고나라판매자,생활가전,,[출처] 중고나라 | [분석모델] IH압력밥솥_6인용 | [모델근거] text_variant | [원문링크] https://web.joongna.com/product/226065832
밥솥,쿠쿠 밥솥,쿠쿠 6인용 전기밥솥 BHXB0660FD 판매합니다,거래완료,"8,000원",,2026-03-08,0,0,0,36.5℃,중고나라판매자,생활가전,,[출처] 중고나라 | [분석모델] BHXB0660FD | [모델근거] text_code | [원문링크] https://web.joongna.com/product/226046403
밥솥,쿠쿠 밥솥,CR-0375FW 쿠쿠 에그밥솥 전기보온밥솥 3인용,예약중,"45,000원",구의제3동,2026-03-07,0,0,0,36.5℃,중고나라판매자,생활가전,구의제3동,[출처] 중고나라 | [분석모델] CR-0375FW | [모델근거] text_code | [원문링크] https://web.joongna.com/product/226025856
밥솥,쿠쿠 밥솥,쿠쿠 전기밥솥 6인용,거래중,"40,000원",문학동,2026-03-07,0,0,0,36.5℃,중고나라판매자,생활가전,문학동,[출처] 중고나라 | [분석모델] 전기보온밥솥_6인용 | [모델근거] text_variant | [원문링크] https://web.joongna.com/product/225403246
밥솥,쿠쿠 밥솥,쿠쿠 트윈프레셔 IH압력밥솥 10인용 LHTR1010FGB,거래중,"300,000원",방이1동,2026-03-07,0,0,0,36.5℃,중고나라판매자,생활가전,방이1동,[출처] 중고나라 | [분석모델] LHTR1010FGB | [모델근거] text_code | [원문링크] https://web.joongna.com/product/225715399
밥솥,쿠쿠 밥솥,쿠쿠 IH 전기압력밥솥 10인용 미개봉 새상품 오늘만 이가격 배송지변경,거래완료,"235,000원",,2026-03-07,0,0,0,36.5℃,중고나라판매자,생활가전,,[출처] 중고나라 | [분석모델] IH압력밥솥_10인용 | [모델근거] text_variant | [원문링크] https://web.joongna.com/product/225796392
밥솥,쿠쿠 밥솥,쿠쿠 SMART IH 압력밥솥 (10이뇽),거래완료,"80,000원",,2026-03-06,0,0,0,36.5℃,중고나라판매자,생활가전,,[출처] 중고나라 | [분석모델] IH압력밥솥 | [모델근거] text_variant | [원문링크] https://web.joongna.com/product/225992675
밥솥,쿠쿠 밥솥,쿠쿠 전기압력밥솥 10인용,거래중,"100,000원",등촌제1동,2026-03-06,0,0,0,36.5℃,중고나라판매자,생활가전,등촌제1동,[출처] 중고나라 | [분석모델] 전기압력밥솥_10인용 | [모델근거] text_variant | [원문링크] https://web.joongna.com/product/225968239
밥솥,쿠쿠 밥솥,쿠쿠 2~3인용 전기압력밥솥,거래완료,"10,000원",등촌제1동,2026-03-06,0,0,0,36.5℃,중고나라판매자,생활가전,등촌제1동,[출처] 중고나라 | [분석모델] 전기압력밥솥_3인용 | [모델근거] text_variant | [원문링크] https://web.joongna.com/product/225968413
밥솥,쿠쿠 밥솥,쿠쿠전자 10인용 IH 트윈프레셔 마스터셰프 전기 압력 밥솥(CRP-LHTR1010FWM),거래중,"280,000원",교하동,2026-03-05,0,0,0,36.5℃,중고나라판매자,생활가전,교하동,[출처] 중고나라 | [분석모델] CRP-LHTR1010FWM | [모델근거] text_code | [원문링크] https://web.joongna.com/product/225956793
밥솥,쿠쿠 밥솥,쿠쿠10인용 압력밥솥,거래중,"50,000원",,2026-03-05,0,0,0,36.5℃,중고나라판매자,생활가전,,[출처] 중고나라 | [분석모델] 전기압력밥솥_10인용 | [모델근거] text_variant | [원문링크] https://web.joongna.com/product/225956077
밥솥,쿠쿠 밥솥,쿠쿠6인용 FullStainless압력밥솥,거래완료,"65,000원",,2026-03-05,0,0,0,36.5℃,중고나라판매자,생활가전,,[출처] 중고나라 | [분석모델] STAINLESS | [모델근거] text_code | [원문링크] https://web.joongna.com/product/225955960
밥솥,쿠쿠 밥솥,플럭스(쿠쿠)6인용 IH압력밥솥 새제품,거래완료,"200,000원",,2026-03-05,0,0,0,36.5℃,중고나라판매자,생활가전,,[출처] 중고나라 | [분석모델] IH압력밥솥_6인용 | [모델근거] text_variant | [원문링크] https://web.joongna.com/product/224796293
밥솥,쿠쿠 밥솥,쿠쿠 전기보온밥솥 CR-3031N,거래중,"70,000원",인창동,2026-03-05,0,0,0,36.5℃,중고나라판매자,생활가전,인창동,[출처] 중고나라 | [분석모델] CR-3031N | [모델근거] text_code | [원문링크] https://web.joongna.com/product/225947786
밥솥,쿠쿠 밥솥,쿠쿠 10인용 압력밥솥 미개봉 새상품 CRP-LHTR1020FGW,거래완료,"450,000원",,2026-03-05,0,0,0,36.5℃,중고나라판매자,생활가전,,[출처] 중고나라 | [분석모델] CRP-LHTR1020FGW | [모델근거] text_code | [원문설명] - 쿠쿠전자 CRP-LHTR1020FGW 10인용 1등급 전기 압력밥솥 - 2월 초 경품으로 받은 새상품이라 박스째 보관중입니다. - 미개봉 상태입니다. - 고양시 부근에서 직거래도 가능합니다 | [원문링크] https://web.joongna.com/product/225342047
밥솥,쿠쿠 밥솥,쿠쿠 10인용 전기압력밥솥 KHTS1060FD,거래완료,"85,000원",,2026-03-05,0,0,0,36.5℃,중고나라판매자,생활가전,,[출처] 중고나라 | [분석모델] 전기압력밥솥_10인용 | [모델근거] text_variant | [원문링크] https://web.joongna.com/product/225766414
밥솥,쿠쿠 밥솥,쿠쿠 풀스테인리스 압력밥솥 10인용,거래완료,"50,000원",,2026-03-04,0,0,0,36.5℃,중고나라판매자,생활가전,,[출처] 중고나라 | [분석모델] 전기압력밥솥_10인용 | [모델근거] text_variant | [원문링크] https://web.joongna.com/product/225745726
밥솥,쿠쿠 밥솥,쿠쿠 10인용 밥솥 CRP-CHP1010FD,거래중,"150,000원",망우본동,2026-03-04,0,0,0,36.5℃,중고나라판매자,생활가전,망우본동,[출처] 중고나라 | [분석모델] CRP-CHP1010FD | [모델근거] text_code | [원문링크] https://web.joongna.com/product/225895181
밥솥,쿠쿠 밥솥,쿠쿠 6인용 밥솥 crp-jhts0660fb,거래완료,"80,000원",반포2동,2026-03-03,0,0,0,36.5℃,중고나라판매자,생활가전,반포2동,[출처] 중고나라 | [분석모델] CRP-JHTS0660FB | [모델근거] text_code | [원문링크] https://web.joongna.com/product/225872134
밥솥,쿠쿠 밥솥,쿠쿠 DHR0610FS 전기밥솥,거래완료,"80,000원",운정1동,2026-03-03,0,0,0,36.5℃,중고나라판매자,생활가전,운정1동,[출처] 중고나라 | [분석모델] 전기보온밥솥 | [모델근거] text_variant | [원문링크] https://web.joongna.com/product/225863982
밥솥,쿠쿠 밥솥,쿠쿠 6인용 스마트IH방식 분리형 풀스텐커버 압력밥솥 판매합니다,거래완료,"65,000원",가음정동,2026-03-02,0,0,0,36.5℃,중고나라판매자,생활가전,가음정동,[출처] 중고나라 | [분석모델] 전기압력밥솥_6인용 | [모델근거] text_variant | [원문링크] https://web.joongna.com/product/225842816
밥솥,쿠쿠 밥솥,쿠쿠 CR-1010FB 밥솥 10인용,거래완료,"50,000원",,2026-03-02,0,0,0,36.5℃,중고나라판매자,생활가전,,[출처] 중고나라 | [분석모델] CR-1010FB | [모델근거] text_code | [원문링크] https://web.joongna.com/product/225374550
밥솥,쿠쿠 밥솥,쿠쿠 트윈프레셔 마스터셰프 밥솥 6인용,거래완료,"120,000원",광교1동,2026-03-01,0,0,0,36.5℃,중고나라판매자,생활가전,광교1동,[출처] 중고나라 | [분석모델] 트윈프레셔_6인용 | [모델근거] text_variant | [원문링크] https://web.joongna.com/product/225801262
밥솥,쿠쿠 밥솥,쿠쿠 10인용 IH 밥솥/ HMF1011FR,거래완료,"34,000원",,2026-03-01,0,0,0,36.5℃,중고나라판매자,생활가전,,"[출처] 중고나라 | [분석모델] CRP-HMF1011FR | [모델근거] detail_text_code | [원문설명] 쿠쿠 10인용 IH압력밥솥 HMF1011FR 모델입니다. 최근에 패킹을 교체한 상태입니다 내솥에 큰흠집 없고,깨끗한 편입니다. 생활기스는 있습니다. 사진 봐 주세요. 쿠쿠전자 CRP-HMF1011FR /IH압력밥솥/10인용/무쇠내솥/ 다이아몬드코팅/타철명장/ 분리형커버/밥맛조절/ 백미쾌속/음성안내/자동세척/ 소비전력:1400W/ 무게:7.2kg/ 크기:39.4cm x 29.2cm x 28.4cm | [원문링크] https://web.joongna.com/product/224825214"
밥솥,쿠쿠 밥솥,쿠쿠 3인용 IH밥솥 HQXT0313FO,거래완료,"60,000원",,2026-03-01,0,0,0,36.5℃,중고나라판매자,생활가전,,[출처] 중고나라 | [분석모델] CRP-HQXT0313FO | [모델근거] detail_text_code | [원문설명] 쿠쿠 3인용 IH압력 밥솥 HQXT0313FO 모델입니다. 내외부 전체적으로 사용감 적고 깨끗합니다. 내솥과 패킹상태 양호합니다. 밥 잘 됩니다. 쿠쿠전자 CRP-HQXT0313FO/IH압력밥솥/3인용/블랙코팅/분리형커버/음성안내/자동세척/무게: 4.1kg/ 크기:33.7cm x 23.8cm x 21.6cm | [원문링크] https://web.joongna.com/product/225736817
밥솥,쿠쿠 밥솥,새상품 정품 쿠쿠블랙스톤 10인용전기밥솥 CRP-BR105FB,예약중,"159,990원",,2026-03-01,0,0,0,36.5℃,중고나라판매자,생활가전,,[출처] 중고나라 | [분석모델] CRP-BR105FB | [모델근거] text_code | [원문링크] https://web.joongna.com/product/221122145
밥솥,쿠쿠 밥솥,쿠쿠IH 압력밥솥 6인용,거래완료,"120,000원",선부3동,2026-03-01,0,0,0,36.5℃,중고나라판매자,생활가전,선부3동,[출처] 중고나라 | [분석모델] IH압력밥솥_6인용 | [모델근거] text_variant | [원문링크] https://web.joongna.com/product/225786112
밥솥,쿠쿠 밥솥,쿠쿠 10인용 밥솥 CR-1010FB 모델입니다,거래완료,"45,000원",중동,2026-03-01,0,0,0,36.5℃,중고나라판매자,생활가전,중동,[출처] 중고나라 | [분석모델] CR-1010FB | [모델근거] text_code | [원문링크] https://web.joongna.com/product/225779458
밥솥,쿠쿠 밥솥,쿠쿠 IH10인용압력밥솥,거래완료,"73,000원",도봉제2동,2026-03-01,0,0,0,36.5℃,중고나라판매자,생활가전,도봉제2동,[출처] 중고나라 | [분석모델] 전기압력밥솥_10인용 | [모델근거] text_variant | [원문링크] https://web.joongna.com/product/225766527
밥솥,쿠쿠 밥솥,쿠쿠 10인용 스마트 IH 전기압력밥솥,거래완료,"130,000원",송정동,2026-02-28,0,0,0,36.5℃,중고나라판매자,생활가전,송정동,[출처] 중고나라 | [분석모델] IH압력밥솥_10인용 | [모델근거] text_variant | [원문링크] https://web.joongna.com/product/225203179
밥솥,쿠쿠 밥솥,쿠쿠 사일런스오브제 저당밥솥 6인용 새상품,거래완료,"380,000원",,2026-02-28,0,0,0,36.5℃,중고나라판매자,생활가전,,"[출처] 중고나라 | [분석모델] CRP-OHNLLR0610FGW | [모델근거] detail_text_code | [원문설명] 쿠쿠 트윈프레셔 마스터셰프 사일런스오브제 저당밥솥 화이트 6인용 새상품 판매합니다. 12월에 구매한 상품이고, 박스 미개봉 새상품입니다. 찔러보기 사양합니다. 신중하게 생각해보시고 꼭 구매하실분만 연락주세요. ※ 모델명 : CRP-OHNLLR0610FGW ● 안심결제 시 : 택포 ₩380,000원 (구매하기 눌러 결제) - 판매자, 구매자 모두 거래 수수료 지불 ● 일반거래 시 : 택포 ₩376,000원 (채팅 주세요) ● 직거래 시 : ₩370,000원 (용인 수지) 직거래는 용인 수지(수지고등학교 근처)에서만 가능 합니다. 에누리 문의는 사양합니다. 공일공 이구삼팔 삼오삼오 중고나라 앱으로 접속하시면 더 많은 사진 보실 수 있고, 구매 원하시는분은 위 번호로 문자 주시거나 중고나라 앱 채팅으로 연락주세요~ | [원문링크] https://web.joongna.com/product/225761011"
밥솥,쿠쿠 밥솥,쿠쿠 CRP-R067FP 6인용 압력밥솥,거래완료,"38,000원",,2026-02-28,0,0,0,36.5℃,중고나라판매자,생활가전,,[출처] 중고나라 | [분석모델] CRP-R067FP | [모델근거] text_code | [원문링크] https://web.joongna.com/product/225525224
밥솥,쿠쿠 밥솥,물샘현상]쿠쿠 10인용 압력밥솥 CRP-QS107FG,거래완료,"15,000원",방화제1동,2026-02-27,0,0,0,36.5℃,중고나라판매자,생활가전,방화제1동,[출처] 중고나라 | [분석모델] CRP-QS107FG | [모델근거] text_code | [원문링크] https://web.joongna.com/product/225732474
밥솥,쿠쿠 밥솥,쿠쿠 6인용 압력밥솥,거래완료,"49,000원",,2026-02-27,0,0,0,36.5℃,중고나라판매자,생활가전,,[출처] 중고나라 | [분석모델] 전기압력밥솥_6인용 | [모델근거] text_variant | [원문링크] https://web.joongna.com/product/225711347
밥솥,쿠쿠 밥솥,쿠쿠밥솥 6인용,거래완료,"85,000원",,2026-02-27,0,0,0,36.5℃,중고나라판매자,생활가전,,[출처] 중고나라 | [분석모델] 제품군 공통 | [모델근거] product_group | [원문링크] https://web.joongna.com/product/225708517
밥솥,쿠쿠 밥솥,쿠쿠 6인용 2기압 밥솥/DHP0610FD,거래완료,"90,000원",,2026-02-27,0,0,0,36.5℃,중고나라판매자,생활가전,,[출처] 중고나라 | [분석모델] CRP-DHP0610FD | [모델근거] detail_text_code | [원문설명] 쿠쿠 6인용 전기압력밥솥 DHP0610FD 모델입니다. 메탈 디자인으로 고급스러운 프리미엄 밥솥입니다. 내솥 상태 좋습니다. 사진 봐주세요. 패킹상태도 좋습니다. 내외부 깨끗합니다. 사용감 적습니다. 에너지효율 1등급 입니다. 쿠쿠전자 CRP-DHP0610FD /IH압력밥솥/6인용/스테인리스내솥/ Xwall블랙샤인코팅/ 풀스테인리스커버/ 패킹워시/분리형커버/2기압취사/맞춤보온/백미쾌속/ 잡곡쾌속/음성안내/다이렉트터치/자동세척/ 에너지:1등급/소비전력:1090W/ 무게:6.3kg/ 크기(가로x세로x깊이): 266x256x378mm | [원문링크] https://web.joongna.com/product/225702202
밥솥,쿠쿠 밥솥,쿠쿠 밥솥 6인,거래완료,"85,000원",현동,2026-02-26,0,0,0,36.5℃,중고나라판매자,생활가전,현동,[출처] 중고나라 | [분석모델] 제품군 공통 | [모델근거] product_group | [원문설명] 쿠쿠밥손 6인용 입니다 참고링크 https://link.coupang.com/a/dPpxq7 사용감 있지만 아직 반짝반짝 합니다 | [원문링크] https://web.joongna.com/product/225444217
밥솥,쿠쿠 밥솥,쿠쿠 IH 압력밥솥 (10인용),거래완료,"80,000원",,2026-02-26,0,0,0,36.5℃,중고나라판매자,생활가전,,[출처] 중고나라 | [분석모델] IH압력밥솥_10인용 | [모델근거] text_variant | [원문링크] https://web.joongna.com/product/225684214
밥솥,쿠쿠 밥솥,쿠쿠10인 압력밥솥,거래완료,"30,000원",,2026-02-26,0,0,0,36.5℃,중고나라판매자,생활가전,,[출처] 중고나라 | [분석모델] 전기압력밥솥 | [모델근거] text_variant | [원문링크] https://web.joongna.com/product/225682515
밥솥,쿠쿠 밥솥,쿠쿠IH압력밥솥 10인용,거래완료,"30,000원",정관읍,2026-02-25,0,0,0,36.5℃,중고나라판매자,생활가전,정관읍,[출처] 중고나라 | [분석모델] IH압력밥솥_10인용 | [모델근거] text_variant | [원문링크] https://web.joongna.com/product/225651550
밥솥,쿠쿠 밥솥,새상품 정품 쿠쿠블랙스톤 6인용전기밥솥 CRP-BR065FB,거래완료,"137,900원",,2026-02-25,0,0,0,36.5℃,중고나라판매자,생활가전,,[출처] 중고나라 | [분석모델] CRP-BR065FB | [모델근거] text_code | [원문링크] https://web.joongna.com/product/223421007
밥솥,쿠쿠 밥솥,쿠쿠 2인용 전기밥솥,거래완료,"25,000원",,2026-02-24,0,0,0,36.5℃,중고나라판매자,생활가전,,[출처] 중고나라 | [분석모델] 전기보온밥솥 | [모델근거] text_variant | [원문링크] https://web.joongna.com/product/225599227
밥솥,쿠쿠 밥솥,쿠쿠 35인용 업소용 전기밥솥,거래완료,"50,000원",,2026-02-24,0,0,0,36.5℃,중고나라판매자,생활가전,,[출처] 중고나라 | [분석모델] 전기보온밥솥_35인용 | [모델근거] text_variant | [원문링크] https://web.joongna.com/product/225596110
밥솥,쿠쿠 밥솥,쿠쿠스마트 IH압력밥솥 10인용 KHTS1060FDㅡ,거래완료,"70,000원",신암1동,2026-02-23,0,0,0,36.5℃,중고나라판매자,생활가전,신암1동,[출처] 중고나라 | [분석모델] IH압력밥솥_10인용 | [모델근거] text_variant | [원문링크] https://web.joongna.com/product/225581150
밥솥,쿠쿠 밥솥,미개봉 새상품 밥솥 쿠쿠 마스터셰프 10인용 CRP-NHTR1020FGH 10인용,거래완료,"430,000원",치평동,2026-02-23,0,0,0,36.5℃,중고나라판매자,생활가전,치평동,[출처] 중고나라 | [분석모델] CRP-NHTR1020FGH | [모델근거] text_code | [원문설명] 쿠쿠 마스터셰프 CRP-NHTR1020FGH 미개봉 새상품입니다 10인용 Grace White 색상입니다 70만원 상당의 제품이고 현재는 구할수도없는 모델입니다 위치 및 시간 맞으면 가져다드려요 사진참조 하시고 궁금한 점 있으시면 연락주세요 네고는 정중히 사절합니다 | [원문링크] https://web.joongna.com/product/225371185
밥솥,쿠쿠 밥솥,쿠쿠 6인용 스마트IH 압력 밥솥 DHP0610F,거래완료,"70,000원",성복동,2026-02-23,0,0,0,36.5℃,중고나라판매자,생활가전,성복동,[출처] 중고나라 | [분석모델] IH압력밥솥_6인용 | [모델근거] text_variant | [원문링크] https://web.joongna.com/product/225168258
밥솥,쿠쿠 밥솥,쿠쿠 미니 전기보온 밥솥 3인용,거래완료,"23,000원",지동,2026-02-22,0,0,0,36.5℃,중고나라판매자,생활가전,지동,[출처] 중고나라 | [분석모델] 전기보온밥솥_3인용 | [모델근거] text_variant | [원문링크] https://web.joongna.com/product/225536961
밥솥,쿠쿠 밥솥,전기압력밥솥 6인용쿠쿠 풀스테인리스 6인용 전기압력밥솥*거의새거,거래완료,"110,000원",동대신제1동,2026-02-20,0,0,0,36.5℃,중고나라판매자,생활가전,동대신제1동,[출처] 중고나라 | [분석모델] 전기압력밥솥_6인용 | [모델근거] text_variant | [원문링크] https://web.joongna.com/product/225465383
밥솥,쿠쿠 밥솥,쿠쿠 IH압력밥솥 6인용 DHXB0610FS,거래완료,"61,000원",,2026-02-20,0,0,0,36.5℃,중고나라판매자,생활가전,,[출처] 중고나라 | [분석모델] IH압력밥솥_6인용 | [모델근거] text_variant | [원문링크] https://web.joongna.com/product/225393544
밥솥,쿠쿠 밥솥,쿠쿠 전기 압력밥솥(6인용) CRP-P0660FD,거래완료,"45,000원",개봉제3동,2026-02-20,0,0,0,36.5℃,중고나라판매자,생활가전,개봉제3동,[출처] 중고나라 | [분석모델] CRP-P0660FD | [모델근거] text_code | [원문링크] https://web.joongna.com/product/225434724
밥솥,쿠쿠 밥솥,쿠쿠 6인용 압력밥솥 N0680SR,거래완료,"30,000원",,2026-02-20,0,0,0,36.5℃,중고나라판매자,생활가전,,[출처] 중고나라 | [분석모델] 전기압력밥솥_6인용 | [모델근거] text_variant | [원문링크] https://web.joongna.com/product/225434708
밥솥,쿠쿠 밥솥,쿠쿠 3인용 IH밥솥/HQXT0313FR,거래완료,"60,000원",,2026-02-19,0,0,0,36.5℃,중고나라판매자,생활가전,,[출처] 중고나라 | [분석모델] CRP-HQXT0310FR | [모델근거] detail_text_code | [원문설명] 쿠쿠 3인용 IH압력 밥솥 HQXT0313FR 모델입니다. 패킹교체한지 얼마 안된 상태입니다. 내솥도 사용감 적습니다. 사진 봐 주세요. 모든 기능 이상 없고.밥 잘 됩니다. 내외부 깨끗합니다. 쿠쿠전자 CRP-HQXT0310FR /IH압력밥솥/3인용/분리형커버/ 음성안내/자동세척/ 소비전력:824W/ 무게:4.1kg/ 크기:33.7cm x 23.8cm x 21.6cm | [원문링크] https://web.joongna.com/product/225308688
밥솥,쿠쿠 밥솥,쿠쿠 IH 3인용 밥솥 CRP-EHS0320FS,거래완료,"70,000원",가장동,2026-02-18,0,0,0,36.5℃,중고나라판매자,생활가전,가장동,[출처] 중고나라 | [분석모델] CRP-EHS0320FS | [모델근거] text_code | [원문링크] https://web.joongna.com/product/224982333
밥솥,쿠쿠 밥솥,쿠쿠압력밥솥6인용30000,거래중,"30,000원",,2026-02-18,0,0,0,36.5℃,중고나라판매자,생활가전,,[출처] 중고나라 | [분석모델] 전기압력밥솥_6인용 | [모델근거] text_variant | [원문링크] https://web.joongna.com/product/224911578
밥솥,쿠쿠 밥솥,쿠쿠 마스터셰프 6인용 밥솥 CRP-NHTR0610FW,거래완료,"150,000원",운서동,2026-02-18,0,0,0,36.5℃,중고나라판매자,생활가전,운서동,[출처] 중고나라 | [분석모델] CRP-NHTR0610FW | [모델근거] text_code | [원문링크] https://web.joongna.com/product/225378256
밥솥,쿠쿠 밥솥,쿠쿠 10인용 스텐 전기밥솥 ih.,거래중,"205,000원",정왕본동,2026-02-18,0,0,0,36.5℃,중고나라판매자,생활가전,정왕본동,[출처] 중고나라 | [분석모델] 전기보온밥솥_10인용 | [모델근거] text_variant | [원문링크] https://web.joongna.com/product/225370302
밥솥,쿠쿠 밥솥,쿠쿠 밥솥 물받이 (6인용) + 증기배출구 청소핀 (일괄판매),거래완료,"7,000원",상도제1동,2026-02-18,0,0,0,36.5℃,중고나라판매자,생활가전,상도제1동,"[출처] 중고나라 | [분석모델] CRP-FHB0610FD | [모델근거] detail_text_code | [원문설명] 🧚‍♀️ 쿠쿠 6인용 압력밥솥의 물받이 + 증기배출구 청소핀 (일괄판매) 🍋 ALL세척 건조후 알콜 소독 🍇 사용하던 것 🍇 PVC 물받이 371-096 🍇 깔끔하게 비닐포장 인도 🍋 쿠쿠 적용모델은 CRP - FHB0610FD FHR0610FD FHR0610FS FHR067FD FHR067FG FHRL0610FG FHRL0675FG FHS0610FG FHTR0610FS FHTS067FS JHI0610FC JHI0630FG JHR0620FD JHR0660FBM JHR0660FD JHR0675FG JHT0605FS JHT0610FS JHTR0685FG JHTS0660FS P0610FD P0610FH P0620FDM P0660FD P067FD R0610FC R067FB R067FS R069FP R069FS RT0610FD RT067FC RT067FP 💥 직거래 ₩7,000원 💥 일반택배 7+3= 10,000원 💥 반값택배 7+2= 9,000원 (택배비 부족분은 제가 부담) 🎉 반값택배 = GS물류시스템을 이용한 택배로 수취인이 지정한 GS편의점으로 발송, 평균4일소요, 물품도착시 수취인에게 QR코드, 문자로 도착알림, QR코드 제시후 물품수령. 끝! 💥 직거래는 평일오후4시 이후 도로명 주소 '상도로320' 중앙하이츠빌APT 정문옆 '사리원 음식점' 앞에서 합니다. (휴일협의) ‐--ㆍ---ㆍ---ㆍ---ㆍ---ㆍ---ㆍ---ㆍ 🚔📢 이미지, 본문 게시글의 무단 복사, 전재, 재배포를 엄격 금지 | [원문링크] https://web.joongna.com/product/225364020"
밥솥,쿠쿠 밥솥,쿠쿠 트윈프레셔 3인용 전기압력밥솥,거래완료,"89,000원",,2026-02-17,0,0,0,36.5℃,중고나라판매자,생활가전,,[출처] 중고나라 | [분석모델] 트윈프레셔_3인용 | [모델근거] text_variant | [원문링크] https://web.joongna.com/product/225344535
밥솥,쿠쿠 밥솥,쿠쿠 10인용 2기압 메탈릭 압력밥솥 CHP1010FD,거래완료,"130,000원",,2026-02-17,0,0,0,36.5℃,중고나라판매자,생활가전,,[출처] 중고나라 | [분석모델] 전기압력밥솥_10인용 | [모델근거] text_variant | [원문링크] https://web.joongna.com/product/224633287
밥솥,쿠쿠 밥솥,쿠쿠전자 검증된 가성비 CRP-HWF1060FB 전기밥솥(새상품/미개봉),거래완료,"155,000원",철마면,2026-02-16,0,0,0,36.5℃,중고나라판매자,생활가전,철마면,[출처] 중고나라 | [분석모델] CRP-HWF1060FB | [모델근거] text_code | [원문링크] https://web.joongna.com/product/225010478
밥솥,쿠쿠 밥솥,쿠쿠전기압력밥솥,거래완료,"52,000원",,2026-02-16,0,0,0,36.5℃,중고나라판매자,생활가전,,[출처] 중고나라 | [분석모델] 전기압력밥솥 | [모델근거] text_variant | [원문링크] https://web.joongna.com/product/225148215
밥솥,쿠쿠 밥솥,쿠쿠 전기밥솥,거래완료,"100,000원",청라3동,2026-02-15,0,0,0,36.5℃,중고나라판매자,생활가전,청라3동,[출처] 중고나라 | [분석모델] 전기보온밥솥 | [모델근거] text_variant | [원문링크] https://web.joongna.com/product/225291711
밥솥,쿠쿠 밥솥,쿠쿠 10인용 IH압력밥솥 HDT108SG,거래완료,"35,000원",,2026-02-15,0,0,0,36.5℃,중고나라판매자,생활가전,,[출처] 중고나라 | [분석모델] IH압력밥솥_10인용 | [모델근거] text_variant | [원문링크] https://web.joongna.com/product/224822699
밥솥,쿠쿠 밥솥,쿠쿠 전기밥솥,거래완료,"18,000원",,2026-02-14,0,0,0,36.5℃,중고나라판매자,생활가전,,[출처] 중고나라 | [분석모델] 전기보온밥솥 | [모델근거] text_variant | [원문링크] https://web.joongna.com/product/225276865
밥솥,쿠쿠 밥솥,쿠쿠 6인용 전기밥솥 큐티망고 CR-0632FV,거래완료,"17,000원",,2026-02-12,0,0,0,36.5℃,중고나라판매자,생활가전,,[출처] 중고나라 | [분석모델] CR-0632FV | [모델근거] text_code | [원문링크] https://web.joongna.com/product/224822367
밥솥,쿠쿠 밥솥,쿠쿠 대형 전기밥솥 SR-2212S,거래완료,"20,000원",광장동,2026-02-12,0,0,0,36.5℃,중고나라판매자,생활가전,광장동,[출처] 중고나라 | [분석모델] 전기보온밥솥 | [모델근거] text_variant | [원문링크] https://web.joongna.com/product/225194749
밥솥,쿠쿠 밥솥,쿠쿠 23년식 6인용 전기압력밥솥,거래중,"100,000원",진접읍,2026-02-11,0,0,0,36.5℃,중고나라판매자,생활가전,진접읍,[출처] 중고나라 | [분석모델] 전기압력밥솥_6인용 | [모델근거] text_variant | [원문링크] https://web.joongna.com/product/225178152
밥솥,쿠쿠 밥솥,쿠쿠전기압력밥솥 24인용,거래완료,"28,000원",별양동,2026-02-11,0,0,0,36.5℃,중고나라판매자,생활가전,별양동,[출처] 중고나라 | [분석모델] 전기압력밥솥 | [모델근거] text_variant | [원문링크] https://web.joongna.com/product/225176720
밥솥,쿠쿠 밥솥,쿠쿠 6인용 스마트IH 압력 밥솥 DHP0610FD,거래완료,"70,000원",성복동,2026-02-11,0,0,0,36.5℃,중고나라판매자,생활가전,성복동,[출처] 중고나라 | [분석모델] IH압력밥솥_6인용 | [모델근거] text_variant | [원문링크] https://web.joongna.com/product/224905631
밥솥,쿠쿠 밥솥,쿠쿠6인용 IH압력밥솥,거래완료,"55,000원",,2026-02-11,0,0,0,36.5℃,중고나라판매자,생활가전,,[출처] 중고나라 | [분석모델] IH압력밥솥_6인용 | [모델근거] text_variant | [원문링크] https://web.joongna.com/product/224889190
밥솥,쿠쿠 밥솥,쿠쿠 IH압력밥솥 CHS1010FS,거래완료,"80,000원",신암1동,2026-02-11,0,0,0,36.5℃,중고나라판매자,생활가전,신암1동,[출처] 중고나라 | [분석모델] IH압력밥솥 | [모델근거] text_variant | [원문링크] https://web.joongna.com/product/225147701
밥솥,쿠쿠 밥솥,쿠쿠10인용 스마트IH압력밥솥 35000원,거래완료,"35,000원",,2026-02-11,0,0,0,36.5℃,중고나라판매자,생활가전,,[출처] 중고나라 | [분석모델] IH압력밥솥_10인용 | [모델근거] text_variant | [원문링크] https://web.joongna.com/product/225116662
밥솥,쿠쿠 밥솥,쿠쿠 IH 3인용 전기압력밥솥 EHS0320 FSM,거래완료,"170,000원",은행동,2026-02-10,0,0,0,36.5℃,중고나라판매자,생활가전,은행동,[출처] 중고나라 | [분석모델] EHS0320 | [모델근거] text_code | [원문링크] https://web.joongna.com/product/225136633
밥솥,쿠쿠 밥솥,쿠쿠 3인용 IH 밥솥/HQXT0310FP,거래완료,"40,000원",,2026-02-10,0,0,0,36.5℃,중고나라판매자,생활가전,,"[출처] 중고나라 | [분석모델] CRP-HQXB0310FP | [모델근거] detail_text_code | [원문설명] 쿠쿠 3인용 IH 전기밥솥 HQXT0310FP 모델입니다. 내솥에 사용감 있습니다. 사진 봐 주세요. 밥, 죽, 찜 등 다양한 요리가 가능합니다. 성능 이상 없고,내외부 깨끗합니다. 쿠쿠전자 CRP-HQXB0310FP /IH압력밥솥/3인용/ Xwall블랙샤인코팅/ 분리형커버/음성안내/ 자동세척/ 소비전력:850W/ 무게:4.1kg/ 크기(가로x세로x깊이): 238x216x337mm | [원문링크] https://web.joongna.com/product/224537680"
밥솥,쿠쿠 밥솥,(실사용 적음)쿠쿠 6인용 IH 압력밥솥 CRP-DHP0610FD,거래완료,"50,000원",일직동,2026-02-10,0,0,0,36.5℃,중고나라판매자,생활가전,일직동,[출처] 중고나라 | [분석모델] CRP-DHP0610FD | [모델근거] text_code | [원문링크] https://web.joongna.com/product/225045798
밥솥,쿠쿠 밥솥,쿠쿠6인용 밥솥 팝니다쿠쿠6인용 밥솥은 대구수성동아백화점에서 저거 나올당시에 비싸게 주고 샀습니다. 작동은 잘 됩니,거래완료,"30,000원",지산1동,2026-02-10,0,0,0,36.5℃,중고나라판매자,생활가전,지산1동,"[출처] 중고나라 | [분석모델] 제품군 공통 | [모델근거] product_group | [원문설명] 쿠쿠6인용 밥솥 팝니다 쿠쿠6인용 밥솥은 대구수성동아백화점에서 저거 나올당시에 비싸게 주고 샀습니다. 작동은 잘 됩니다. 옆에 쿠첸은 잘 사용하다가 취사버튼만 안눌러져서 고칠 수 있으신분은 고쳐 쓰십시오. 여튼, 둘 다 가져 가시면 되오며 총 3만원입니다. 구매 하시면 교환 및 환불 안되오니 신중히 고민하시고 사십시오. 서울, 대구 직거래 가능합니다 | [원문링크] https://web.joongna.com/product/225124124"
밥솥,쿠쿠 밥솥,쿠쿠 6인용 압력밥솥,거래완료,"35,000원",반포1동,2026-02-09,0,0,0,36.5℃,중고나라판매자,생활가전,반포1동,[출처] 중고나라 | [분석모델] 전기압력밥솥_6인용 | [모델근거] text_variant | [원문링크] https://web.joongna.com/product/225099858
밥솥,쿠쿠 밥솥,쿠쿠 10인용 열판방식 분리형 풀스텐커버 말하는 압력밥솥 판매합니다,거래완료,"50,000원",가음정동,2026-02-09,0,0,0,36.5℃,중고나라판매자,생활가전,가음정동,[출처] 중고나라 | [분석모델] 전기압력밥솥_10인용 | [모델근거] text_variant | [원문링크] https://web.joongna.com/product/225096254
밥솥,쿠쿠 밥솥,쿠쿠 3인용 IH 밥솥,거래중,"140,000원",,2026-02-09,0,0,0,36.5℃,중고나라판매자,생활가전,,[출처] 중고나라 | [분석모델] 제품군 공통 | [모델근거] product_group | [원문링크] https://web.joongna.com/product/225078003
밥솥,쿠쿠 밥솥,쿠쿠 6인용 압력밥솥 판매합니다. (IH압력밥솥 BHXB0660FD 모델),거래완료,"100,000원",,2026-02-08,0,0,0,36.5℃,중고나라판매자,생활가전,,[출처] 중고나라 | [분석모델] BHXB0660FD | [모델근거] text_code | [원문링크] https://web.joongna.com/product/223586784
밥솥,쿠쿠 밥솥,쿠쿠 SMART IH압력밥솥 10인용,거래완료,"70,000원",신암1동,2026-02-07,0,0,0,36.5℃,중고나라판매자,생활가전,신암1동,[출처] 중고나라 | [분석모델] IH압력밥솥_10인용 | [모델근거] text_variant | [원문링크] https://web.joongna.com/product/224278160
밥솥,쿠쿠 밥솥,쿠쿠6인용 밥솥 팝니다,거래완료,"30,000원",지산1동,2026-02-07,0,0,0,36.5℃,중고나라판매자,생활가전,지산1동,"[출처] 중고나라 | [분석모델] 제품군 공통 | [모델근거] product_group | [원문설명] 쿠쿠6인용 밥솥 팝니다 쿠쿠6인용 밥솥은 대구수성동아백화점에서 저거 나올당시에 비싸게 주고 샀습니다. 작동은 잘 됩니다. 옆에 쿠첸은 잘 사용하다가 취사버튼만 안눌러져서 고칠 수 있으신분은 고쳐 쓰십시오. 여튼, 둘 다 가져 가시면 되오며 총 3만원입니다. 구매 하시면 교환 및 환불 안되오니 신중히 고민하시고 사십시오. | [원문링크] https://web.joongna.com/product/225012120"
밥솥,쿠쿠 밥솥,쿠쿠 6인용 전기밥솥 CR-0655FR,거래완료,"20,000원",,2026-02-06,0,0,0,36.5℃,중고나라판매자,생활가전,,[출처] 중고나라 | [분석모델] CR-0655FR | [모델근거] text_code | [원문링크] https://web.joongna.com/product/224821657
밥솥,쿠쿠 밥솥,쿠쿠 6인용 IH 전기압력밥솥 JHR0660FBM (2021년 형),거래완료,"110,000원",,2026-02-06,0,0,0,36.5℃,중고나라판매자,생활가전,,[출처] 중고나라 | [분석모델] JHR0660FBM | [모델근거] text_code | [원문링크] https://web.joongna.com/product/224829781
밥솥,쿠쿠 밥솥,쿠쿠1 0인용 압력밥솥,거래완료,"90,000원",통진읍,2026-02-05,0,0,0,36.5℃,중고나라판매자,생활가전,통진읍,[출처] 중고나라 | [분석모델] 전기압력밥솥 | [모델근거] text_variant | [원문링크] https://web.joongna.com/product/224828930
밥솥,쿠쿠 밥솥,쿠쿠 6인용 압력밥솥/N0610FP,거래완료,"38,000원",,2026-02-05,0,0,0,36.5℃,중고나라판매자,생활가전,,[출처] 중고나라 | [분석모델] 전기압력밥솥_6인용 | [모델근거] text_variant | [원문링크] https://web.joongna.com/product/224537603
밥솥,쿠쿠 밥솥,쿠쿠 10인용 IH압력밥솥(CHXB1010FS),거래완료,"60,000원",여의동,2026-02-04,0,0,0,36.5℃,중고나라판매자,생활가전,여의동,[출처] 중고나라 | [분석모델] IH압력밥솥_10인용 | [모델근거] text_variant | [원문링크] https://web.joongna.com/product/224499877
밥솥,쿠쿠 밥솥,쿠쿠 6인용 압력밥솥,거래완료,"180,000원",,2026-02-04,0,0,0,36.5℃,중고나라판매자,생활가전,,[출처] 중고나라 | [분석모델] 전기압력밥솥_6인용 | [모델근거] text_variant | [원문링크] https://web.joongna.com/product/224906390
밥솥,쿠쿠 밥솥,무배 쿠쿠전자 CRP-ST1010FGI 10인용 전기압력밥솥,거래완료,"210,000원",,2026-02-04,0,0,0,36.5℃,중고나라판매자,생활가전,,[출처] 중고나라 | [분석모델] CRP-ST1010FGI | [모델근거] text_code | [원문링크] https://web.joongna.com/product/224301923
밥솥,쿠쿠 밥솥,쿠쿠 6인용 전기밥솥,거래중,"280,000원",가야읍,2026-02-03,0,0,0,36.5℃,중고나라판매자,생활가전,가야읍,[출처] 중고나라 | [분석모델] 전기보온밥솥_6인용 | [모델근거] text_variant | [원문설명] 쿠쿠 6인용 전기밥솥 미개봉 새제품이에요. 박스 상태도 깨끗하고 완전 새거라서 바로 사용하시면 됩니다! 착불 35만원에 팝니다 쿨거래 시 택배비 부담합니다 직거래는 경남 함안 가야입니다 | [원문링크] https://web.joongna.com/product/223255375
밥솥,쿠쿠 밥솥,쿠쿠6인용압력밥솥,거래완료,"48,000원",도봉제2동,2026-02-03,0,0,0,36.5℃,중고나라판매자,생활가전,도봉제2동,[출처] 중고나라 | [분석모델] 전기압력밥솥_6인용 | [모델근거] text_variant | [원문링크] https://web.joongna.com/product/221959697
밥솥,쿠쿠 밥솥,(수원) 쿠쿠 6인용 압력밥솥 (JHR0660FBM),거래완료,"140,000원",화서2동,2026-02-03,0,0,0,36.5℃,중고나라판매자,생활가전,화서2동,[출처] 중고나라 | [분석모델] JHR0660FBM | [모델근거] text_code | [원문링크] https://web.joongna.com/product/224547357
밥솥,쿠쿠 밥솥,쿠쿠전자 CRT-TT0310FGW 최고급형 전기밥솥,거래완료,"145,000원",철마면,2026-02-03,0,0,0,36.5℃,중고나라판매자,생활가전,철마면,[출처] 중고나라 | [분석모델] RT-TT0310FGW | [모델근거] text_code | [원문링크] https://web.joongna.com/product/224662463
밥솥,쿠쿠 밥솥,택포 미개봉새제품 쿠쿠 10인용 트윈프레셔 열판압력밥솥 오픈쿠킹,거래완료,"200,000원",대학동,2026-02-03,0,0,0,36.5℃,중고나라판매자,생활가전,대학동,[출처] 중고나라 | [분석모델] 트윈프레셔_10인용 | [모델근거] text_variant | [원문링크] https://web.joongna.com/product/224568828
밥솥,쿠쿠 밥솥,쿠쿠 6인용 스마트IH 압력 밥솥 DHP0610FD,거래중,"70,000원",성복동,2026-02-02,0,0,0,36.5℃,중고나라판매자,생활가전,성복동,[출처] 중고나라 | [분석모델] IH압력밥솥_6인용 | [모델근거] text_variant | [원문링크] https://web.joongna.com/product/224443777
밥솥,쿠쿠 밥솥,쿠쿠압력밥솥 6인용,거래완료,"20,000원",,2026-02-02,0,0,0,36.5℃,중고나라판매자,생활가전,,[출처] 중고나라 | [분석모델] 전기압력밥솥_6인용 | [모델근거] text_variant | [원문링크] https://web.joongna.com/product/224812717
밥솥,쿠쿠 밥솥,쿠쿠 IH 압력밥솥 10인용 미개봉 새제품 오늘만 이가격,거래완료,"250,000원",,2026-02-01,0,0,0,36.5℃,중고나라판매자,생활가전,,[출처] 중고나라 | [분석모델] IH압력밥솥_10인용 | [모델근거] text_variant | [원문링크] https://web.joongna.com/product/224772208
밥솥,쿠쿠 밥솥,쿠쿠 10인용 압력밥솥 (미개봉 새상품),거래완료,"99,000원",,2026-01-31,0,0,0,36.5℃,중고나라판매자,생활가전,,[출처] 중고나라 | [분석모델] 전기압력밥솥_10인용 | [모델근거] text_variant | [원문링크] https://web.joongna.com/product/224742074
밥솥,쿠쿠 밥솥,쿠쿠 CR-2155B 21인용 대용량 전기보온밥솥,거래중,"70,000원",개봉제1동,2026-01-30,0,0,0,36.5℃,중고나라판매자,생활가전,개봉제1동,[출처] 중고나라 | [분석모델] CR-2155B | [모델근거] text_code | [원문링크] https://web.joongna.com/product/204206000
밥솥,쿠쿠 밥솥,쿠쿠 트윈 프레셔 6인용 압력 밥솥,거래완료,"90,000원",,2026-01-30,0,0,0,36.5℃,중고나라판매자,생활가전,,[출처] 중고나라 | [분석모델] 트윈프레셔_6인용 | [모델근거] text_variant | [원문링크] https://web.joongna.com/product/224726936
밥솥,쿠쿠 밥솥,쿠쿠 IH압력밥솥 10인용 판매합니다,거래완료,"230,000원",능평동,2026-01-30,0,0,0,36.5℃,중고나라판매자,생활가전,능평동,[출처] 중고나라 | [분석모델] IH압력밥솥_10인용 | [모델근거] text_variant | [원문링크] https://web.joongna.com/product/224556945
밥솥,쿠쿠 밥솥,쿠쿠 1인용 전기밥솥,거래완료,"25,000원",,2026-01-29,0,0,0,36.5℃,중고나라판매자,생활가전,,[출처] 중고나라 | [분석모델] 전기보온밥솥 | [모델근거] text_variant | [원문링크] https://web.joongna.com/product/223908019
밥솥,쿠쿠 밥솥,쿠쿠전자 CRP-R0615FBS 6인용고급형 전기밥솥,거래완료,"140,000원",철마면,2026-01-29,0,0,0,36.5℃,중고나라판매자,생활가전,철마면,[출처] 중고나라 | [분석모델] CRP-R0615FBS | [모델근거] text_code | [원문링크] https://web.joongna.com/product/224510313
밥솥,쿠쿠 밥솥,쿠쿠 6인용 트윈프레셔 분리형 풀스텐커버 고압 압력밥솥 판매합니다,거래완료,"40,000원",가음정동,2026-01-28,0,0,0,36.5℃,중고나라판매자,생활가전,가음정동,[출처] 중고나라 | [분석모델] 트윈프레셔_6인용 | [모델근거] text_variant | [원문링크] https://web.joongna.com/product/224497468
밥솥,쿠쿠 밥솥,제목] (새거급) 신상 쿠쿠 트윈프레셔 6인용 IH압력밥솥 판매합니다제품은 쿠쿠(CUCKOO)의 프리미엄 라인인 트,거래중,"200,000원",상계9동,2026-01-28,0,0,0,36.5℃,중고나라판매자,생활가전,상계9동,[출처] 중고나라 | [분석모델] 트윈프레셔_6인용 | [모델근거] text_variant | [원문링크] https://web.joongna.com/product/224620405
밥솥,쿠쿠 밥솥,쿠쿠 트윈프레셔 6인용 밥솥 CRP-ST0610FGI,거래완료,"100,000원",용해동,2026-01-28,0,0,0,36.5℃,중고나라판매자,생활가전,용해동,[출처] 중고나라 | [분석모델] CRP-ST0610FGI | [모델근거] text_code | [원문링크] https://web.joongna.com/product/224614645
밥솥,쿠쿠 밥솥,쿠쿠 6인용 압력밥솥,거래완료,"25,000원",운정2동,2026-01-27,0,0,0,36.5℃,중고나라판매자,생활가전,운정2동,[출처] 중고나라 | [분석모델] 전기압력밥솥_6인용 | [모델근거] text_variant | [원문링크] https://web.joongna.com/product/224264886
밥솥,쿠쿠 밥솥,[전기밥솥] 쿠쿠 전기보온밥솥 CR-3055B,거래완료,"90,000원",등촌제1동,2026-01-27,0,0,0,36.5℃,중고나라판매자,생활가전,등촌제1동,[출처] 중고나라 | [분석모델] CR-3055B | [모델근거] text_code | [원문링크] https://web.joongna.com/product/224585024
밥솥,쿠쿠 밥솥,쿠쿠 3인용 IH 전기 압력 밥솥,거래완료,"50,000원",성수1가제1동,2026-01-27,0,0,0,36.5℃,중고나라판매자,생활가전,성수1가제1동,[출처] 중고나라 | [분석모델] 전기압력밥솥_3인용 | [모델근거] text_variant | [원문링크] https://web.joongna.com/product/224581990
밥솥,쿠쿠 밥솥,쿠쿠 6인용 열판 압력밥솥,거래완료,"60,000원",,2026-01-26,0,0,0,36.5℃,중고나라판매자,생활가전,,[출처] 중고나라 | [분석모델] 전기압력밥솥_6인용 | [모델근거] text_variant | [원문링크] https://web.joongna.com/product/224571629
밥솥,쿠쿠 밥솥,쿠쿠 3인용 전기밥솥 CR-0352FR,거래완료,"24,000원",쌍문제1동,2026-01-26,0,0,0,36.5℃,중고나라판매자,생활가전,쌍문제1동,[출처] 중고나라 | [분석모델] CR-0352FR | [모델근거] text_code | [원문링크] https://web.joongna.com/product/223702460
밥솥,쿠쿠 밥솥,쿠쿠 10인용 IH 압력밥솥/HEG1070FP,거래완료,"45,000원",,2026-01-26,0,0,0,36.5℃,중고나라판매자,생활가전,,[출처] 중고나라 | [분석모델] IH압력밥솥_10인용 | [모델근거] text_variant | [원문링크] https://web.joongna.com/product/224537933
밥솥,쿠쿠 밥솥,<<판매완료>>쿠쿠 압력밥솥 CRP-HMXT1070SB .... 5만,거래중,"50,000원",주안5동,2026-01-23,0,0,0,36.5℃,중고나라판매자,생활가전,주안5동,[출처] 중고나라 | [분석모델] CRP-HMXT1070SB | [모델근거] text_code | [원문링크] https://web.joongna.com/product/224453900
밥솥,쿠쿠 밥솥,쿠쿠 10인용 압력밥솥 P107FR,거래완료,"60,000원",,2026-01-22,0,0,0,36.5℃,중고나라판매자,생활가전,,[출처] 중고나라 | [분석모델] 전기압력밥솥_10인용 | [모델근거] text_variant | [원문링크] https://web.joongna.com/product/224163808
밥솥,쿠쿠 밥솥,쿠쿠 IH 압력밥솥 CHXB1010FS 10인용,거래완료,"33,000원",,2026-01-22,0,0,0,36.5℃,중고나라판매자,생활가전,,[출처] 중고나라 | [분석모델] IH압력밥솥_10인용 | [모델근거] text_variant | [원문링크] https://web.joongna.com/product/224412547
밥솥,쿠쿠 밥솥,쿠쿠전기밥솥 CRP-G1030MP 10인용,거래완료,"55,000원",,2026-01-21,0,0,0,36.5℃,중고나라판매자,생활가전,,[출처] 중고나라 | [분석모델] CRP-G1030MP | [모델근거] text_code | [원문링크] https://web.joongna.com/product/224361380
밥솥,쿠쿠 밥솥,쿠쿠 10인용 압력밥솥 CRP-CHAS109FW,거래완료,"100,000원",정자2동,2026-01-21,0,0,0,36.5℃,중고나라판매자,생활가전,정자2동,[출처] 중고나라 | [분석모델] CRP-CHAS109FW | [모델근거] text_code | [원문링크] https://web.joongna.com/product/224351404
밥솥,쿠쿠 밥솥,쿠쿠 10인용 2기압 압력밥솥/CHP1010FD,거래완료,"140,000원",,2026-01-20,0,0,0,36.5℃,중고나라판매자,생활가전,,[출처] 중고나라 | [분석모델] 전기압력밥솥_10인용 | [모델근거] text_variant | [원문링크] https://web.joongna.com/product/224312230
밥솥,쿠쿠 밥솥,쿠쿠 6인용 2기압 풀스텐 압력밥솥/FHS0610FD,거래완료,"90,000원",,2026-01-19,0,0,0,36.5℃,중고나라판매자,생활가전,,[출처] 중고나라 | [분석모델] 전기압력밥솥_6인용 | [모델근거] text_variant | [원문링크] https://web.joongna.com/product/223969092
밥솥,쿠쿠 밥솥,쿠쿠 6인용 전기밥솥,거래중,"80,000원",,2026-01-19,0,0,0,36.5℃,중고나라판매자,생활가전,,[출처] 중고나라 | [분석모델] 전기보온밥솥_6인용 | [모델근거] text_variant | [원문링크] https://web.joongna.com/product/224305338
밥솥,쿠쿠 밥솥,쿠쿠 트윈프레셔 10인용 압력밥솥 CRP-KHT1010FB,거래완료,"40,000원",퇴계동,2026-01-19,0,0,0,36.5℃,중고나라판매자,생활가전,퇴계동,[출처] 중고나라 | [분석모델] CRP-KHT1010FB | [모델근거] text_code | [원문링크] https://web.joongna.com/product/222989495
밥솥,쿠쿠 밥솥,쿠쿠 10인용 스마트 IH 전기압력밥솥,거래완료,"100,000원",송정동,2026-01-19,0,0,0,36.5℃,중고나라판매자,생활가전,송정동,[출처] 중고나라 | [분석모델] IH압력밥솥_10인용 | [모델근거] text_variant | [원문링크] https://web.joongna.com/product/223924776
밥솥,쿠쿠 밥솥,쿠쿠 10인용 IH압력밥솥(회색) CRP-BCHF107FW,거래중,"300,000원",운서동,2026-01-18,0,0,0,36.5℃,중고나라판매자,생활가전,운서동,[출처] 중고나라 | [분석모델] CRP-BCHF107FW | [모델근거] text_code | [원문링크] https://web.joongna.com/product/223740036
밥솥,쿠쿠 밥솥,쿠쿠 6인용 2기압 밥솥/FHR0610FD,거래완료,"120,000원",,2026-01-18,0,0,0,36.5℃,중고나라판매자,생활가전,,[출처] 중고나라 | [분석모델] CRP-FHR0610FD | [모델근거] detail_text_code | [원문설명] 쿠쿠의 고급사양 모델 입니다. 2기압이 되고 스텐코팅에 에코스텐커브드내솥을 사용합니다. 패킹과 내솥 상태 아주 좋습니다. 사진 봐주세요. 밥 잘 되고 맛 있습니다. 쿠쿠전자 CRP-FHR0610FD /IH압력밥솥/6인용/ 에코스테인리스내솥/ 스테인리스코팅/커브드/ 에어버블/풀스테인리스커버/ 분리형커버/2기압취사/ 맞춤보온/백미쾌속/잡곡쾌속/ 음성안내/자동세척/ 에너지:1등급/소비전력:1090W/ 무게:6.4kg/ 크기(가로x세로x깊이): 265x258x379mm/ | [원문링크] https://web.joongna.com/product/224258318
밥솥,쿠쿠 밥솥,쿠쿠 IH 전기밥솥 10인용 HNXG1010FB 판매합니다~~,거래완료,"22,000원",철산3동,2026-01-18,0,0,0,36.5℃,중고나라판매자,생활가전,철산3동,[출처] 중고나라 | [분석모델] 전기보온밥솥_10인용 | [모델근거] text_variant | [원문링크] https://web.joongna.com/product/224252688
밥솥,쿠쿠 밥솥,쿠쿠 CRP-HUF1080BE 전기보온밥솥 10인용 21년9월산,거래중,"75,000원",복현2동,2026-01-17,0,0,0,36.5℃,중고나라판매자,생활가전,복현2동,[출처] 중고나라 | [분석모델] CRP-HUF1080BE | [모델근거] text_code | [원문링크] https://web.joongna.com/product/224221451
밥솥,쿠쿠 밥솥,쿠쿠 풀스테인레스 스마트 IH 6인용 압력밥솥 음성안내,거래완료,"40,000원",정관읍,2026-01-17,0,0,0,36.5℃,중고나라판매자,생활가전,정관읍,[출처] 중고나라 | [분석모델] 전기압력밥솥_6인용 | [모델근거] text_variant | [원문링크] https://web.joongna.com/product/223813127
밥솥,쿠쿠 밥솥,쿠쿠 CRP-LHTR0610FW 트윈프레셔 IH 전기압력밥솥 6인용,거래완료,"150,000원",양지면,2026-01-17,0,0,0,36.5℃,중고나라판매자,생활가전,양지면,[출처] 중고나라 | [분석모델] CRP-LHTR0610FW | [모델근거] text_code | [원문링크] https://web.joongna.com/product/224202622
밥솥,쿠쿠 밥솥,쿠쿠 6인용 IH 전기밥솥,거래중,"70,000원",,2026-01-16,0,0,0,36.5℃,중고나라판매자,생활가전,,[출처] 중고나라 | [분석모델] 전기보온밥솥_6인용 | [모델근거] text_variant | [원문링크] https://web.joongna.com/product/224179076
밥솥,쿠쿠 밥솥,쿠쿠압력밥솥부품,거래완료,"20,000원",,2026-01-16,0,0,0,36.5℃,중고나라판매자,생활가전,,[출처] 중고나라 | [분석모델] 전기압력밥솥 | [모델근거] text_variant | [원문링크] https://web.joongna.com/product/223647699
밥솥,쿠쿠 밥솥,"[새상품]쿠쿠 트윈프레셔 쁘띠 밥솥(3인용, 어반그레이)",거래완료,"200,000원",흑석동,2026-01-16,0,0,0,36.5℃,중고나라판매자,생활가전,흑석동,[출처] 중고나라 | [분석모델] 트윈프레셔_3인용 | [모델근거] text_variant | [원문링크] https://web.joongna.com/product/224175790
밥솥,쿠쿠 밥솥,쿠쿠 14인용 전기밥솥,거래완료,"50,000원",문래동,2026-01-16,0,0,0,36.5℃,중고나라판매자,생활가전,문래동,[출처] 중고나라 | [분석모델] 전기보온밥솥 | [모델근거] text_variant | [원문링크] https://web.joongna.com/product/222925172
밥솥,쿠쿠 밥솥,IH 쿠쿠 전기 압력밥솥 6인용,거래완료,"130,000원",청담동,2026-01-14,0,0,0,36.5℃,중고나라판매자,생활가전,청담동,[출처] 중고나라 | [분석모델] 전기압력밥솥_6인용 | [모델근거] text_variant | [원문링크] https://web.joongna.com/product/224109900
밥솥,쿠쿠 밥솥,쿠쿠 6인용 압력밥솥 CRP-OHLLR0610FGW,거래완료,"360,000원",중앙동,2026-01-14,0,0,0,36.5℃,중고나라판매자,생활가전,중앙동,[출처] 중고나라 | [분석모델] CRP-OHLLR0610FGW | [모델근거] text_code | [원문링크] https://web.joongna.com/product/224026639
밥솥,쿠쿠 밥솥,쿠쿠전자 CRP-HWF1060FB 고급형 전기밥솥 미개봉,거래완료,"160,000원",철마면,2026-01-14,0,0,0,36.5℃,중고나라판매자,생활가전,철마면,[출처] 중고나라 | [분석모델] CRP-HWF1060FB | [모델근거] text_code | [원문링크] https://web.joongna.com/product/223995082
밥솥,쿠쿠 밥솥,쿠쿠 30인용 전기밥솥 (CR-3055B) 식당용 업소용 전기밥솥,거래완료,"80,000원",정자2동,2026-01-14,0,0,0,36.5℃,중고나라판매자,생활가전,정자2동,[출처] 중고나라 | [분석모델] CR-3055B | [모델근거] text_code | [원문링크] https://web.joongna.com/product/224088767
밥솥,쿠쿠 밥솥,쿠쿠 6인용 전기밥솥 crp_P067FD,거래중,"40,000원",주안5동,2026-01-14,0,0,0,36.5℃,중고나라판매자,생활가전,주안5동,[출처] 중고나라 | [분석모델] 전기보온밥솥_6인용 | [모델근거] text_variant | [원문링크] https://web.joongna.com/product/224086173
밥솥,쿠쿠 밥솥,쿠쿠 10인용 전기밥솥 HNXF1020FB,거래완료,"20,000원",위례동,2026-01-13,0,0,0,36.5℃,중고나라판매자,생활가전,위례동,[출처] 중고나라 | [분석모델] 전기보온밥솥_10인용 | [모델근거] text_variant | [원문링크] https://web.joongna.com/product/223469929
밥솥,쿠쿠 밥솥,쿠쿠 3인용 압력밥솥 CRP-T0310FGW(미사용),거래완료,"170,000원",,2026-01-13,0,0,0,36.5℃,중고나라판매자,생활가전,,[출처] 중고나라 | [분석모델] CRP-T0310FGW | [모델근거] text_code | [원문링크] https://web.joongna.com/product/223286068
밥솥,쿠쿠 밥솥,쿠쿠 3인용 전기밥솥 팝니다.,거래완료,"35,000원",,2026-01-13,0,0,0,36.5℃,중고나라판매자,생활가전,,[출처] 중고나라 | [분석모델] 전기보온밥솥_3인용 | [모델근거] text_variant | [원문링크] https://web.joongna.com/product/224054704
밥솥,쿠쿠 밥솥,쿠쿠 3인용 압력밥솥 CRP-T0310FGW,거래완료,"170,000원",,2026-01-13,0,0,0,36.5℃,중고나라판매자,생활가전,,[출처] 중고나라 | [분석모델] CRP-T0310FGW | [모델근거] text_code | [원문링크] https://web.joongna.com/product/224044471
밥솥,쿠쿠 밥솥,쿠쿠 6인용 전기압력밥솥,거래완료,"100,000원",원문동,2026-01-12,0,0,0,36.5℃,중고나라판매자,생활가전,원문동,[출처] 중고나라 | [분석모델] 전기압력밥솥_6인용 | [모델근거] text_variant | [원문링크] https://web.joongna.com/product/224012969
밥솥,쿠쿠 밥솥,쿠쿠 6인용 압력밥솥,거래중,"60,000원",,2026-01-11,0,0,0,36.5℃,중고나라판매자,생활가전,,[출처] 중고나라 | [분석모델] 전기압력밥솥_6인용 | [모델근거] text_variant | [원문링크] https://web.joongna.com/product/224004085
밥솥,쿠쿠 밥솥,쿠쿠 10인용 압력밥솥,거래중,"55,000원",,2026-01-11,0,0,0,36.5℃,중고나라판매자,생활가전,,[출처] 중고나라 | [분석모델] 전기압력밥솥_10인용 | [모델근거] text_variant | [원문링크] https://web.joongna.com/product/224003913
밥솥,쿠쿠 밥솥,쿠쿠 IH압력밥솥 6인용,거래완료,"50,000원",지동,2026-01-11,0,0,0,36.5℃,중고나라판매자,생활가전,지동,[출처] 중고나라 | [분석모델] IH압력밥솥_6인용 | [모델근거] text_variant | [원문링크] https://web.joongna.com/product/224003113
밥솥,쿠쿠 밥솥,쿠쿠 2인용 마시멜로 밥솥,거래완료,"60,000원",잠실본동,2026-01-11,0,0,0,36.5℃,중고나라판매자,생활가전,잠실본동,"[출처] 중고나라 | [분석모델] 제품군 공통 | [모델근거] product_group | [원문설명] 쿠쿠 2인용 마시멜로 밥솥 박스만 뜯고 확인만 한 새제품이에요. 포장 비닐과 케이블, 밥주걱 등 구성품 모두 들어있습니다. 따뜻한 핑크색으로 인테리어용으로도 좋습니다. | [원문링크] https://web.joongna.com/product/223733488"
밥솥,쿠쿠 밥솥,쿠쿠 10인용 2기압밥솥/FHS1010FD,거래완료,"90,000원",,2026-01-11,0,0,0,36.5℃,중고나라판매자,생활가전,,"[출처] 중고나라 | [분석모델] CRP-FHS1010FD | [모델근거] detail_text_code | [원문설명] 쿠쿠 10인용 2기압 전기밥솥 FHS1010FD 모델입니다. 윤기, 찰기, 보온, 모든 면에서 뛰어난 밥맛을 자랑합니다. 최근에 내솥과 패킹 교체한 상태입니다. 내솥 옆면과 외부 측면에 사용감 있습니다. 사진 봐주세요. 전체적으로 깨끗하고,밥 잘됩니다. 쿠쿠전자 CRP-FHS1010FD /IH압력밥솥/10인용/ 스테인리스내솥/Xwall블랙샤인코팅/에어버블/ 풀스테인리스커버/패킹워시/ 분리형커버/2기압취사/ 맞춤보온/백미쾌속/잡곡쾌속/ 음성안내/다이렉트터치/ 자동세척/에너지아이/ 대기전력차단스위치/ 소비전력:1455W/ 무게:9.5kg/LED디스플레이 / 크기(가로x세로x깊이): 310x291x422mm/ | [원문링크] https://web.joongna.com/product/223582213"
밥솥,쿠쿠 밥솥,쿠쿠 10인용 압력밥솥/P107FR,거래완료,"58,000원",,2026-01-11,0,0,0,36.5℃,중고나라판매자,생활가전,,[출처] 중고나라 | [분석모델] 전기압력밥솥_10인용 | [모델근거] text_variant | [원문링크] https://web.joongna.com/product/223523381
밥솥,쿠쿠 밥솥,쿠쿠 6인용 일반전기밥솥 CR-0632P 판매합니다,거래완료,"25,000원",가음정동,2026-01-11,0,0,0,36.5℃,중고나라판매자,생활가전,가음정동,[출처] 중고나라 | [분석모델] CR-0632P | [모델근거] text_code | [원문링크] https://web.joongna.com/product/223934152
밥솥,쿠쿠 밥솥,쿠쿠 10인용 열판방식 압력밥솥 CRP-G1031MP 판매합니다,거래완료,"40,000원",가음정동,2026-01-11,0,0,0,36.5℃,중고나라판매자,생활가전,가음정동,[출처] 중고나라 | [분석모델] CRP-G1031MP | [모델근거] text_code | [원문링크] https://web.joongna.com/product/223926599
밥솥,쿠쿠 밥솥,쿠쿠압력밥솥 6인용 판매합니다.,거래완료,"80,000원",범어4동,2026-01-10,0,0,0,36.5℃,중고나라판매자,생활가전,범어4동,[출처] 중고나라 | [분석모델] 전기압력밥솥_6인용 | [모델근거] text_variant | [원문링크] https://web.joongna.com/product/223965486
밥솥,쿠쿠 밥솥,쿠쿠 전기밥솥,거래완료,"20,000원",오남읍,2026-01-10,0,0,0,36.5℃,중고나라판매자,생활가전,오남읍,[출처] 중고나라 | [분석모델] 전기보온밥솥 | [모델근거] text_variant | [원문링크] https://web.joongna.com/product/223719236
밥솥,쿠쿠 밥솥,쿠쿠 SMART IIH 6인용 압력밥솥,거래완료,"100,000원",,2026-01-10,0,0,0,36.5℃,중고나라판매자,생활가전,,[출처] 중고나라 | [분석모델] 전기압력밥솥_6인용 | [모델근거] text_variant | [원문링크] https://web.joongna.com/product/223671358
밥솥,쿠쿠 밥솥,쿠쿠 6인용 압력밥솥,거래중,"190,000원",청라2동,2026-01-10,0,0,0,36.5℃,중고나라판매자,생활가전,청라2동,[출처] 중고나라 | [분석모델] 전기압력밥솥_6인용 | [모델근거] text_variant | [원문링크] https://web.joongna.com/product/223183528
밥솥,쿠쿠 밥솥,"쿠쿠 IH압력밥솥 6인용,쿠쿠6인용밥통,쿠쿠6인용밥솥,쿠쿠6인용전기밥솥,DHR0680FD",거래완료,"22,000원",신봉동,2026-01-09,0,0,0,36.5℃,중고나라판매자,생활가전,신봉동,[출처] 중고나라 | [분석모델] IH압력밥솥_6인용 | [모델근거] text_variant | [원문링크] https://web.joongna.com/product/223899107
밥솥,쿠쿠 밥솥,쿠쿠 6인용 전기밥솥 CRP-N0680SR 팝니다.,거래완료,"40,000원",양재1동,2026-01-09,0,0,0,36.5℃,중고나라판매자,생활가전,양재1동,[출처] 중고나라 | [분석모델] CRP-N0680SR | [모델근거] text_code | [원문링크] https://web.joongna.com/product/223917554
밥솥,쿠쿠 밥솥,쿠쿠 3인용 밥솥,거래완료,"30,000원",,2026-01-09,0,0,0,36.5℃,중고나라판매자,생활가전,,[출처] 중고나라 | [분석모델] CRPEHS0320FSM | [모델근거] detail_text_code | [원문설명] 한달전까지도 밥해먹었습니다 밥솥선물받게되어 보냅니다 내솥은 사용감 있어요. 택배가능하며. 박스가 없기에 뽁뽁이로 보냅니다. 공덕역 근처 직거래 가능하며. 택비는 8천 추가입니다. 모델명은 crp ehs0320fsm입니다. 18년도 구입했어요. 신중히 생각하시고 꼭사실분만 입금가능시 연락주세요 | [원문링크] https://web.joongna.com/product/223697910
밥솥,쿠쿠 밥솥,쿠쿠 3인용 IH압력밥솥 HQB0310FS,거래완료,"75,000원",풍무동,2026-01-08,0,0,0,36.5℃,중고나라판매자,생활가전,풍무동,[출처] 중고나라 | [분석모델] IH압력밥솥_3인용 | [모델근거] text_variant | [원문링크] https://web.joongna.com/product/223867128
밥솥,쿠쿠 밥솥,쿠쿠 트윈프레셔 IH압력밥솥 (저당)10인용,거래완료,"195,000원",장기본동,2026-01-07,0,0,0,36.5℃,중고나라판매자,생활가전,장기본동,[출처] 중고나라 | [분석모델] 트윈프레셔_10인용 | [모델근거] text_variant | [원문링크] https://web.joongna.com/product/222543134
밥솥,쿠쿠 밥솥,쿠쿠 SMART IH 압력밥솥 (10인용),거래완료,"70,000원",,2026-01-06,0,0,0,36.5℃,중고나라판매자,생활가전,,[출처] 중고나라 | [분석모델] IH압력밥솥_10인용 | [모델근거] text_variant | [원문링크] https://web.joongna.com/product/223813673
밥솥,쿠쿠 밥솥,쿠쿠 6인용 풀스텐 밥솥/DHS068FS,거래완료,"80,000원",,2026-01-06,0,0,0,36.5℃,중고나라판매자,생활가전,,"[출처] 중고나라 | [분석모델] CRP-DHS068FS | [모델근거] detail_text_code | [원문설명] 쿠쿠 6인용 풀스텐 밥솥 모델 DHS068FS입니다. 풀스테인이라 위생적으로 사용 가능합니다. 패킹상태 양호합니다. 내솥에 큰흠 없습니다. 사진 봐 주세요. 밥 잘되고,맛있습니다. 쿠쿠전자 CRP-DHS068FS /IH압력밥솥/6인용/ 스테인리스내솥/ Xwall블랙샤인코팅/ 에어버블/풀스테인리스커버/ 패킹워시/분리형커버/맞춤보온/ 백미쾌속/잡곡쾌속/음성안내/ 다이렉트터치/자동세척/ 소비전력:1090W/ 무게:6.3kg/ 크기(가로x세로x깊이): 266x256x378mm | [원문링크] https://web.joongna.com/product/223221029"
밥솥,쿠쿠 밥솥,쿠쿠 10인용 압력밥솥,거래완료,"400,000원",,2026-01-05,0,0,0,36.5℃,중고나라판매자,생활가전,,"[출처] 중고나라 | [분석모델] CRP-LHTAR1010FGI | [모델근거] detail_text_code | [원문설명] 쿠쿠 10인용 압력밥솥이에요. 깔끔한 화이트 컬러로 어떤 주방에도 잘 어울리고, 디지털 디스플레이와 다양한 기능이 있어서 사용하기 편리해요. 쿠쿠 트윈프레셔 IH압력밥솥 10인용 새상품입니다 쿠쿠 10인용 트윈프레셔 IH전기압력밥솥 CRP-LHTAR1010FGI 가격비교 인터넷 검색 시 모델명 잘 확인해주세요! 인터넷 최저가보다 저렴하게 판매합니다 편하게 채팅주세요 | [원문링크] https://web.joongna.com/product/223779617"
밥솥,쿠쿠 밥솥,쿠쿠 10인용 전기압력밥솥 CRP-BR105FB 모델,거래완료,"170,000원",,2026-01-05,0,0,0,36.5℃,중고나라판매자,생활가전,,[출처] 중고나라 | [분석모델] CRP-BR105FB | [모델근거] text_code | [원문링크] https://web.joongna.com/product/218776682
밥솥,쿠쿠 밥솥,쿠쿠 3인용 압력밥솥,거래완료,"105,000원",,2026-01-05,0,0,0,36.5℃,중고나라판매자,생활가전,,[출처] 중고나라 | [분석모델] 전기압력밥솥_3인용 | [모델근거] text_variant | [원문링크] https://web.joongna.com/product/223359120
밥솥,쿠쿠 밥솥,쿠쿠 10인용 IH 전기밥솥,거래완료,"255,000원",잠실본동,2026-01-05,0,0,0,36.5℃,중고나라판매자,생활가전,잠실본동,[출처] 중고나라 | [분석모델] CRP-JHR1060FD | [모델근거] detail_text_code | [원문설명] 쿠쿠 10인용 압력밥솥이에요. 명칭은 crp-jhr1060fd 10인용일겁니다. 1010이나 다른 모델은 더쌀테니 거기에 비교해서 네고주지마세요 이사하면서 집좀꾸리고 배치하려했는데 공간이 부족해서 뜯기도 전애 팝니다. 개봉안한 새상품 그대로 입니다. 영수증도 필요하시면 드립니다. 직거래만합니다. 파손우려가있어서 직거래 압구정역 선릉역 잠실역에서 시간 맞춰서 하겠습니다. 이미 최저가이기에 가격조정안합니다. | [원문링크] https://web.joongna.com/product/223684684
밥솥,쿠쿠 밥솥,쿠쿠 IH 10인용 전기압력밥솥,거래완료,"255,000원",삼성2동,2026-01-05,0,0,0,36.5℃,중고나라판매자,생활가전,삼성2동,[출처] 중고나라 | [분석모델] 전기압력밥솥_10인용 | [모델근거] text_variant | [원문링크] https://web.joongna.com/product/223678032
밥솥,쿠쿠 밥솥,쿠쿠 6인용 전기밥솥,거래완료,"70,000원",,2026-01-05,0,0,0,36.5℃,중고나라판매자,생활가전,,[출처] 중고나라 | [분석모델] 전기보온밥솥_6인용 | [모델근거] text_variant | [원문링크] https://web.joongna.com/product/223742576
밥솥,쿠쿠 밥솥,쿠쿠 6인용 IH 전기밥솥,거래완료,"300,000원",반월동,2026-01-04,0,0,0,36.5℃,중고나라판매자,생활가전,반월동,"[출처] 중고나라 | [분석모델] 전기보온밥솥_6인용 | [모델근거] text_variant | [원문설명] 쿠쿠 6인용 IH 전기밥솥이에요. 깔끔한 화이트 컬러로 주방에 잘 어울리고, 사용감은 있지만 상태 양호합니다. | [원문링크] https://web.joongna.com/product/223729730"
밥솥,쿠쿠 밥솥,쿠쿠 10인용 압력밥솥,거래중,"170,000원",다산1동,2026-01-04,0,0,0,36.5℃,중고나라판매자,생활가전,다산1동,[출처] 중고나라 | [분석모델] 전기압력밥솥_10인용 | [모델근거] text_variant | [원문링크] https://web.joongna.com/product/223719328
밥솥,쿠쿠 밥솥,쿠쿠 10인용 IH압력밥솥 CRP-AHF1010FD,거래완료,"55,000원",,2026-01-03,0,0,0,36.5℃,중고나라판매자,생활가전,,[출처] 중고나라 | [분석모델] CRP-AHF1010FD | [모델근거] text_code | [원문링크] https://web.joongna.com/product/223701411
밥솥,쿠쿠 밥솥,쿠쿠 6인용 IH압력밥솥,거래완료,"60,000원",세곡동,2026-01-03,0,0,0,36.5℃,중고나라판매자,생활가전,세곡동,[출처] 중고나라 | [분석모델] IH압력밥솥_6인용 | [모델근거] text_variant | [원문링크] https://web.joongna.com/product/223674698
밥솥,쿠쿠 밥솥,쿠쿠 10인용 트윈프레셔 압력밥솥 CRP-RIT10TPF,거래중,"80,000원",,2026-01-03,0,0,0,36.5℃,중고나라판매자,생활가전,,[출처] 중고나라 | [분석모델] CRP-RIT10TPF | [모델근거] text_code | [원문링크] https://web.joongna.com/product/223671518
밥솥,쿠쿠 밥솥,쿠쿠 SMART IH전기압력밥솥 10인용,거래완료,"100,000원",,2026-01-03,0,0,0,36.5℃,중고나라판매자,생활가전,,[출처] 중고나라 | [분석모델] IH압력밥솥_10인용 | [모델근거] text_variant | [원문링크] https://web.joongna.com/product/223671460
밥솥,쿠쿠 밥솥,쿠쿠 업소용 대용량(17인용) 전기밥솥,거래완료,"80,000원",노은1동,2026-01-02,0,0,0,36.5℃,중고나라판매자,생활가전,노은1동,[출처] 중고나라 | [분석모델] 전기보온밥솥 | [모델근거] text_variant | [원문링크] https://web.joongna.com/product/223662197
밥솥,쿠쿠 밥솥,쿠쿠 밥솥 CR-0671V 6인용 새제품,거래완료,"22,000원",중계1동,2026-01-02,0,0,0,36.5℃,중고나라판매자,생활가전,중계1동,[출처] 중고나라 | [분석모델] CR-0671V | [모델근거] text_code | [원문링크] https://web.joongna.com/product/223640348
밥솥,쿠쿠 밥솥,쿠쿠 6인용 IH 전기밥솥 FHR0610FD,거래완료,"30,000원",,2026-01-01,0,0,0,36.5℃,중고나라판매자,생활가전,,[출처] 중고나라 | [분석모델] 전기보온밥솥_6인용 | [모델근거] text_variant | [원문링크] https://web.joongna.com/product/223291254
밥솥,쿠쿠 밥솥,쿠쿠6인용 IH전기압력밥솥 DHP0610FD,거래완료,"20,000원",여의동,2026-01-01,0,0,0,36.5℃,중고나라판매자,생활가전,여의동,[출처] 중고나라 | [분석모델] IH압력밥솥_6인용 | [모델근거] text_variant | [원문링크] https://web.joongna.com/product/223604409
밥솥,쿠쿠 밥솥,쿠쿠 전기압력밥솥 6인용,거래완료,"18,000원",,2025-12-31,0,0,0,36.5℃,중고나라판매자,생활가전,,[출처] 중고나라 | [분석모델] 전기압력밥솥_6인용 | [모델근거] text_variant | [원문링크] https://web.joongna.com/product/222490181
밥솥,쿠쿠 밥솥,쿠쿠 3인용 IH 압력밥솥/HQXT0310FR,거래완료,"52,000원",,2025-12-31,0,0,0,36.5℃,중고나라판매자,생활가전,,[출처] 중고나라 | [분석모델] IH압력밥솥_3인용 | [모델근거] text_variant | [원문링크] https://web.joongna.com/product/223303103
밥솥,쿠쿠 밥솥,쿠쿠 6인용 압력밥솥 CRP-R686FS,거래완료,"85,000원",하안1동,2025-12-31,0,0,0,36.5℃,중고나라판매자,생활가전,하안1동,[출처] 중고나라 | [분석모델] CRP-R686FS | [모델근거] text_code | [원문링크] https://web.joongna.com/product/223577876
밥솥,쿠쿠 밥솥,쿠쿠 6인용 압력밥솥 (미개봉),거래완료,"220,000원",통진읍,2025-12-31,0,0,0,36.5℃,중고나라판매자,생활가전,통진읍,[출처] 중고나라 | [분석모델] 전기압력밥솥_6인용 | [모델근거] text_variant | [원문링크] https://web.joongna.com/product/223566097
밥솥,쿠쿠 밥솥,쿠쿠 IH압력밥솥 6인용,거래완료,"60,000원",지동,2025-12-30,0,0,0,36.5℃,중고나라판매자,생활가전,지동,[출처] 중고나라 | [분석모델] IH압력밥솥_6인용 | [모델근거] text_variant | [원문링크] https://web.joongna.com/product/223557535
밥솥,쿠쿠 밥솥,쿠쿠 3인용 IH 전기밥솥,거래완료,"50,000원",계산4동,2025-12-30,0,0,0,36.5℃,중고나라판매자,생활가전,계산4동,[출처] 중고나라 | [분석모델] 전기보온밥솥_3인용 | [모델근거] text_variant | [원문링크] https://web.joongna.com/product/223557355
밥솥,쿠쿠 밥솥,쿠쿠 CRP-FHB0610EL 압력밥솥,거래완료,"240,000원",석동,2025-12-29,0,0,0,36.5℃,중고나라판매자,생활가전,석동,[출처] 중고나라 | [분석모델] CRP-FHB0610EL | [모델근거] text_code | [원문링크] https://web.joongna.com/product/223054505
밥솥,쿠쿠 밥솥,쿠쿠 IH압력밥솥 10인용,거래완료,"69,000원",지동,2025-12-28,0,0,0,36.5℃,중고나라판매자,생활가전,지동,[출처] 중고나라 | [분석모델] IH압력밥솥_10인용 | [모델근거] text_variant | [원문링크] https://web.joongna.com/product/223477918
밥솥,쿠쿠 밥솥,쿠쿠 6인용 압력밥솥,거래완료,"80,000원",통진읍,2025-12-28,0,0,0,36.5℃,중고나라판매자,생활가전,통진읍,[출처] 중고나라 | [분석모델] 전기압력밥솥_6인용 | [모델근거] text_variant | [원문링크] https://web.joongna.com/product/223472694
밥솥,쿠쿠 밥솥,쿠쿠 3인용 전기밥솥,거래완료,"43,500원",중화제2동,2025-12-28,0,0,0,36.5℃,중고나라판매자,생활가전,중화제2동,[출처] 중고나라 | [분석모델] 전기보온밥솥_3인용 | [모델근거] text_variant | [원문링크] https://web.joongna.com/product/223468987
밥솥,쿠쿠 밥솥,쿠쿠 10인용 IH압력밥솥 HMF1070EL,거래완료,"200,000원",,2025-12-28,0,0,0,36.5℃,중고나라판매자,생활가전,,[출처] 중고나라 | [분석모델] IH압력밥솥_10인용 | [모델근거] text_variant | [원문링크] https://web.joongna.com/product/223454160
밥솥,쿠쿠 밥솥,쿠쿠 트윈프레셔 마스터셰프 CRP-LHTR0610FW 6인용 IH압력밥솥,거래완료,"213,000원",구로제5동,2025-12-27,0,0,0,36.5℃,중고나라판매자,생활가전,구로제5동,[출처] 중고나라 | [분석모델] CRP-LHTR0610FW | [모델근거] text_code | [원문링크] https://web.joongna.com/product/223113156
밥솥,쿠쿠 밥솥,쿠쿠 30인용 전기밥솥 업소용,거래완료,"50,000원",,2025-12-27,0,0,0,36.5℃,중고나라판매자,생활가전,,[출처] 중고나라 | [분석모델] 전기보온밥솥_30인용 | [모델근거] text_variant | [원문링크] https://web.joongna.com/product/223419536
밥솥,쿠쿠 밥솥,쿠쿠 6인용 IH 압력밥솥,거래완료,"75,000원",범서읍,2025-12-25,0,0,0,36.5℃,중고나라판매자,생활가전,범서읍,[출처] 중고나라 | [분석모델] IH압력밥솥_6인용 | [모델근거] text_variant | [원문링크] https://web.joongna.com/product/223354293
밥솥,쿠쿠 밥솥,쿠쿠 IH 전기 압력밥솥 10인용 팝니다,거래완료,"90,000원",,2025-12-24,0,0,0,36.5℃,중고나라판매자,생활가전,,[출처] 중고나라 | [분석모델] 전기압력밥솥_10인용 | [모델근거] text_variant | [원문링크] https://web.joongna.com/product/222955443
밥솥,쿠쿠 밥솥,쿠쿠 3인용 IH 압력밥솥/HQXT0310FR,거래완료,"60,000원",,2025-12-24,0,0,0,36.5℃,중고나라판매자,생활가전,,[출처] 중고나라 | [분석모델] IH압력밥솥_3인용 | [모델근거] text_variant | [원문링크] https://web.joongna.com/product/223336446
밥솥,쿠쿠 밥솥,쿠쿠 IH압력밥솥 HTXT1010FS,거래완료,"5,000원",,2025-12-24,0,0,0,36.5℃,중고나라판매자,생활가전,,[출처] 중고나라 | [분석모델] IH압력밥솥 | [모델근거] text_variant | [원문링크] https://web.joongna.com/product/223322269
밥솥,쿠쿠 밥솥,쿠쿠 10인용IH 압력밥솥,거래중,"35,000원",,2025-12-23,0,0,0,36.5℃,중고나라판매자,생활가전,,[출처] 중고나라 | [분석모델] IH압력밥솥_10인용 | [모델근거] text_variant | [원문링크] https://web.joongna.com/product/223305586
밥솥,쿠쿠 밥솥,쿠쿠 10인용 압력밥솥 CRP-G1000M,거래중,"45,000원",,2025-12-23,0,0,0,36.5℃,중고나라판매자,생활가전,,[출처] 중고나라 | [분석모델] CRP-G1000M | [모델근거] text_code | [원문링크] https://web.joongna.com/product/223305437
밥솥,쿠쿠 밥솥,쿠쿠 3인용 IH 압력밥솥/HQXT0310FR,거래완료,"60,000원",,2025-12-23,0,0,0,36.5℃,중고나라판매자,생활가전,,[출처] 중고나라 | [분석모델] IH압력밥솥_3인용 | [모델근거] text_variant | [원문링크] https://web.joongna.com/product/223303311
밥솥,쿠쿠 밥솥,쿠쿠 35인분 전기밥솥,거래완료,"50,000원",마산동,2025-12-23,0,0,0,36.5℃,중고나라판매자,생활가전,마산동,[출처] 중고나라 | [분석모델] 전기보온밥솥 | [모델근거] text_variant | [원문링크] https://web.joongna.com/product/223298739
밥솥,쿠쿠 밥솥,쿠쿠 트윈프레셔 6인용 밥솥,거래완료,"100,000원",통진읍,2025-12-23,0,0,0,36.5℃,중고나라판매자,생활가전,통진읍,[출처] 중고나라 | [분석모델] 트윈프레셔_6인용 | [모델근거] text_variant | [원문링크] https://web.joongna.com/product/223285869
밥솥,쿠쿠 밥솥,쿠쿠 6인용 전기압력밥솥 새제품 판매합니다,거래완료,"150,000원",상암동,2025-12-23,0,0,0,36.5℃,중고나라판매자,생활가전,상암동,[출처] 중고나라 | [분석모델] 전기압력밥솥_6인용 | [모델근거] text_variant | [원문링크] https://web.joongna.com/product/223279299
밥솥,쿠쿠 밥솥,"쿠쿠 압력밥솥, 15만원",거래완료,"150,000원",평안동,2025-12-22,0,0,0,36.5℃,중고나라판매자,생활가전,평안동,[출처] 중고나라 | [분석모델] 전기압력밥솥 | [모델근거] text_variant | [원문링크] https://web.joongna.com/product/223261469
밥솥,쿠쿠 밥솥,쿠쿠홈피스6인용 lH압력밥솥 HPFO66SR,거래중,"50,000원",문학동,2025-12-22,0,0,0,36.5℃,중고나라판매자,생활가전,문학동,[출처] 중고나라 | [분석모델] 전기압력밥솥_6인용 | [모델근거] text_variant | [원문링크] https://web.joongna.com/product/223260888
밥솥,쿠쿠 밥솥,쿠쿠 6인용 트윈프레셔 IH전기압력밥솥,거래완료,"220,000원",죽도동,2025-12-22,0,0,0,36.5℃,중고나라판매자,생활가전,죽도동,[출처] 중고나라 | [분석모델] 트윈프레셔_6인용 | [모델근거] text_variant | [원문링크] https://web.joongna.com/product/222944422
밥솥,쿠쿠 밥솥,쿠쿠 10인용 압력밥솥,거래완료,"160,000원",,2025-12-22,0,0,0,36.5℃,중고나라판매자,생활가전,,[출처] 중고나라 | [분석모델] 전기압력밥솥_10인용 | [모델근거] text_variant | [원문링크] https://web.joongna.com/product/223229532
밥솥,쿠쿠 밥솥,쿠쿠 IH 압력밥솥 6인용,거래완료,"50,000원",잠실본동,2025-12-21,0,0,0,36.5℃,중고나라판매자,생활가전,잠실본동,[출처] 중고나라 | [분석모델] IH압력밥솥_6인용 | [모델근거] text_variant | [원문링크] https://web.joongna.com/product/223197180
밥솥,쿠쿠 밥솥,쿠쿠 IH 전기압력밥솥 6인용 (crp-dhs068fs),거래완료,"40,000원",,2025-12-21,0,0,0,36.5℃,중고나라판매자,생활가전,,[출처] 중고나라 | [분석모델] CRP-DHS068FS | [모델근거] text_code | [원문링크] https://web.joongna.com/product/223171387
밥솥,쿠쿠 밥솥,쿠쿠 6인용 압력밥솥 CRP-R1015FBB/개봉전,거래중,"200,000원",장호원읍,2025-12-21,0,0,0,36.5℃,중고나라판매자,생활가전,장호원읍,[출처] 중고나라 | [분석모델] CRP-R1015FBB | [모델근거] text_code | [원문링크] https://web.joongna.com/product/223201252
밥솥,쿠쿠 밥솥,쿠쿠 밥솥 CR-0675FW 6인용,거래중,"50,000원",영통1동,2025-12-20,0,0,0,36.5℃,중고나라판매자,생활가전,영통1동,[출처] 중고나라 | [분석모델] CR-0675FW | [모델근거] text_code | [원문링크] https://web.joongna.com/product/223168740
밥솥,쿠쿠 밥솥,쿠쿠 3인용 밥솥 미개봉,거래완료,"200,000원",합정동,2025-12-20,0,0,0,36.5℃,중고나라판매자,생활가전,합정동,[출처] 중고나라 | [분석모델] CRP-EHS0320FW | [모델근거] detail_text_code | [원문설명] 쿠쿠 IH압력밥솥 CRP-EHS0320FW - 3인용 - IH압력 - LED디스플레이 - 에너지효율 1등급 - 소비전력 850W - 풀 스테인리스 ECO mini 모델 - 배송 온 상태 그대로 아예 미개봉/미사용 새제품 합정역에서 직거래 가능해요 | [원문링크] https://web.joongna.com/product/223148068
밥솥,쿠쿠 밥솥,쿠쿠 3인용 압력밥솥,거래완료,"50,000원",노량진제1동,2025-12-19,0,0,0,36.5℃,중고나라판매자,생활가전,노량진제1동,[출처] 중고나라 | [분석모델] 전기압력밥솥_3인용 | [모델근거] text_variant | [원문링크] https://web.joongna.com/product/223097724
밥솥,쿠쿠 밥솥,쿠쿠 6인용 IH압력밥솥,거래완료,"150,000원",,2025-12-19,0,0,0,36.5℃,중고나라판매자,생활가전,,[출처] 중고나라 | [분석모델] IH압력밥솥_6인용 | [모델근거] text_variant | [원문링크] https://web.joongna.com/product/223142832
밥솥,쿠쿠 밥솥,쿠쿠 10인용 일반보온전기밥솥 판매합니다,거래완료,"30,000원",가음정동,2025-12-19,0,0,0,36.5℃,중고나라판매자,생활가전,가음정동,[출처] 중고나라 | [분석모델] 전기보온밥솥_10인용 | [모델근거] text_variant | [원문링크] https://web.joongna.com/product/223127564
밥솥,쿠쿠 밥솥,쿠쿠 스텐 2기압 10인용 IH밥솥/CHP1010FD,거래완료,"100,000원",,2025-12-18,0,0,0,36.5℃,중고나라판매자,생활가전,,[출처] 중고나라 | [분석모델] CRP-CHP1010FD | [모델근거] detail_text_code | [원문설명] 쿠쿠 미식컬렉션 10인용 IH압력밥솥입니다. 견고한 메탈 디자인으로 고급스러운 프리미엄 밥솥입니다. 밥 잘되고 내외부 깨끗합니다. 쿠쿠전자 CRP-CHP1010FD /IH압력밥솥/10인용/ 스테인리스내솥/Xwall블랙샤인코팅/ 풀스테인리스커버/패킹워시/ 분리형커버/2기압취사/ 맞춤보온/백미쾌속/잡곡쾌속/ 음성안내/다이렉트터치/자동세척/에너지:1등급/ 소비전력:1455W/ 무게:8.4kg/ 크기(가로x세로x깊이): 303x290x419mm/ | [원문링크] https://web.joongna.com/product/222525690
밥솥,쿠쿠 밥솥,쿠쿠 6인용 에어버블밥솥/DHS068FD,거래완료,"90,000원",,2025-12-18,0,0,0,36.5℃,중고나라판매자,생활가전,,[출처] 중고나라 | [분석모델] CRP-DHS068FD | [모델근거] detail_text_code | [원문설명] 쿠쿠 6인용 에어버블 밥솥 DHS068FD 모델입니다. IH 압력 밥솥이라 밥맛이 아주 좋아요. 패킹상태 좋습니다. 특히 내솥이 깨끗합니다. 슷자 나오는 계기판에 램프가 부분적으로 안나옵니다. 사진 봐 주세요. 불편 없이 사용했습니디. 쿠쿠전자 CRP-DHS068FD /IH압력밥솥/6인용/스테인리스내솥/Xwall블랙샤인코팅/ 에어버블/풀스테인리스커버/ 패킹워시/분리형커버/맞춤보온/ 백미쾌속/잡곡쾌속/음성안내/ 다이렉트터치/자동세척/ 소비전력:1090W/ 무게:6.3kg/ 크기(가로x세로x깊이): 266x256x378mm/ | [원문링크] https://web.joongna.com/product/221841653
밥솥,쿠쿠 밥솥,쿠쿠 6인용 압력밥솥/P067FR,거래완료,"45,000원",,2025-12-18,0,0,0,36.5℃,중고나라판매자,생활가전,,[출처] 중고나라 | [분석모델] 전기압력밥솥_6인용 | [모델근거] text_variant | [원문링크] https://web.joongna.com/product/222325883
밥솥,쿠쿠 밥솥,쿠쿠 6인용 풀스텐 밥솥/DHS068FS,거래완료,"120,000원",,2025-12-18,0,0,0,36.5℃,중고나라판매자,생활가전,,"[출처] 중고나라 | [분석모델] CRP-DHS068FS | [모델근거] detail_text_code | [원문설명] 쿠쿠 6인용 풀스텐 밥솥 모델 DHS068FS입니다. 풀스테인이라 위생적으로 사용 가능합니다. 패킹상태 양호합니다. 특히 내솥상태가 좋습니다. 최근에 교체한 상태입니다. 사진 봐 주세요. 밥 잘되고,맛있습니다. 쿠쿠전자 CRP-DHS068FS /IH압력밥솥/6인용/ 스테인리스내솥/ Xwall블랙샤인코팅/ 에어버블/풀스테인리스커버/ 패킹워시/분리형커버/맞춤보온/ 백미쾌속/잡곡쾌속/음성안내/ 다이렉트터치/자동세척/ 소비전력:1090W/ 무게:6.3kg/ 크기(가로x세로x깊이): 266x256x378mm | [원문링크] https://web.joongna.com/product/222862811"
밥솥,쿠쿠 밥솥,쿠쿠 IH압력밥솥 10인용 AHXB1060FD,거래완료,"30,000원",동탄5동,2025-12-17,0,0,0,36.5℃,중고나라판매자,생활가전,동탄5동,[출처] 중고나라 | [분석모델] IH압력밥솥_10인용 | [모델근거] text_variant | [원문링크] https://web.joongna.com/product/223085401
밥솥,쿠쿠 밥솥,쿠쿠 트윈프레셔 마스터셰프 ih 6인용 압력밥솥(새거),거래완료,"275,000원",성복동,2025-12-17,0,0,0,36.5℃,중고나라판매자,생활가전,성복동,[출처] 중고나라 | [분석모델] 트윈프레셔_6인용 | [모델근거] text_variant | [원문링크] https://web.joongna.com/product/222127436
밥솥,쿠쿠 밥솥,쿠쿠 10인용 IH 전기압력밥솥,거래중,"300,000원",검암경서동,2025-12-17,0,0,0,36.5℃,중고나라판매자,생활가전,검암경서동,[출처] 중고나라 | [분석모델] IH압력밥솥_10인용 | [모델근거] text_variant | [원문링크] https://web.joongna.com/product/223074895
밥솥,쿠쿠 밥솥,쿠쿠밥솥 6인,거래완료,"245,000원",,2025-12-17,0,0,0,36.5℃,중고나라판매자,생활가전,,[출처] 중고나라 | [분석모델] 제품군 공통 | [모델근거] product_group | [원문설명] 쿠쿠6인 밥솥 모델명 사진 참조 단순개봉 미사용품 택배비 포함 안전결재 | [원문링크] https://web.joongna.com/product/223073441
밥솥,쿠쿠 밥솥,쿠쿠미니밥솥 CRP-EHB0310FW,거래완료,"130,000원",복대1동,2025-12-17,0,0,0,36.5℃,중고나라판매자,생활가전,복대1동,[출처] 중고나라 | [분석모델] CRP-EHB0310FW | [모델근거] text_code | [원문링크] https://web.joongna.com/product/223067604
밥솥,쿠쿠 밥솥,쿠쿠 6인용 압력 밥솥 (CRP-R067FS),거래완료,"55,000원",,2025-12-17,0,0,0,36.5℃,중고나라판매자,생활가전,,[출처] 중고나라 | [분석모델] CRP-R067FS | [모델근거] text_code | [원문링크] https://web.joongna.com/product/220973368
밥솥,쿠쿠 밥솥,쿠쿠 전기밥솥 6인용,거래중,"49,000원",조원동,2025-12-17,0,0,0,36.5℃,중고나라판매자,생활가전,조원동,[출처] 중고나라 | [분석모델] 전기보온밥솥_6인용 | [모델근거] text_variant | [원문링크] https://web.joongna.com/product/223053951
밥솥,쿠쿠 밥솥,쿠쿠 10인용 압력밥솥,거래완료,"30,000원",정관읍,2025-12-17,0,0,0,36.5℃,중고나라판매자,생활가전,정관읍,[출처] 중고나라 | [분석모델] 전기압력밥솥_10인용 | [모델근거] text_variant | [원문링크] https://web.joongna.com/product/222996620
밥솥,쿠쿠 밥솥,새상품 쿠쿠 6인용 전기밥솥 CRP-BRO65FB,거래완료,"135,000원",팔룡동,2025-12-17,0,0,0,36.5℃,중고나라판매자,생활가전,팔룡동,[출처] 중고나라 | [분석모델] CRP-BRO65FB | [모델근거] text_code | [원문링크] https://web.joongna.com/product/222819657
밥솥,쿠쿠 밥솥,쿠쿠 10인용 밥솥 (우체국운포),거래완료,"56,000원",,2025-12-16,0,0,0,36.5℃,중고나라판매자,생활가전,,"[출처] 중고나라 | [분석모델] 제품군 공통 | [모델근거] product_group | [원문설명] 사진의 쿠쿠 10인용 밥솥입니다 외관 깨끗하 고 작동 잘됩니다 부품유실 없으며 파손또한 없습니다 음성안내 잘나오고 밥 잘됩니다 내 솥내부에 자잘한 긁힘들 있으나 밥하는데 별 지장은 없습니다 다른내솥 있는분이면 더욱 좋겠네요 내외부 깨끗한 쿠쿠밥솥 저렴히 쓰 실분 구매하세요 포장잘해 드리며 우체국운 임 포함입니다. ※밥솥의 패킹은 소모품 입니다 밥솥의 기능은 작동에 이상이 없으나 압이 샐경우 패킹 교체 해서 쓰시길 바랍니다. ﻿°안전거래 로만 판매하며, 결제하시면 포장잘해서 우체국택배로 보내드립니다 직거래 원하시면 다른 것을 구매하시고 직거래문의시 답변하지 않습니다. °결제 하셨다가 취소요청 하실경우 판매자에게 상당한 피해가 될수있고, 부득이 취소수락이 늦어질수 있으므로 신중한구매 부탁 드립니다. °문의없이 그냥 결제하셔도 수시로 확인하니 알아 서 발송해 드립니다 오전 7시전 주문은 당일 발송 해 드리고, 이후는 익일 발송됩니다 사정상 예약을 통해 방문택배를 이용해서 그렇습니다 휴일이나 주 말 안끼면, 결제후 늦어도 이틀안에는 받으십니다. 《수령후 확인해보시고 가급적 신속한 '구매확정' 부탁 드립니다~》 | [원문링크] https://web.joongna.com/product/219231739"
밥솥,쿠쿠 밥솥,쿠쿠 6인용 전기밥솥 ST0615FWSM,거래중,"170,000원",호평동,2025-12-16,0,0,0,36.5℃,중고나라판매자,생활가전,호평동,[출처] 중고나라 | [분석모델] ST0615FWSM | [모델근거] text_code | [원문링크] https://web.joongna.com/product/223024002
밥솥,쿠쿠 밥솥,쿠쿠 10인용 열판방식 말하는 압력밥솥 CRP-107FR 판매합니다,거래완료,"45,000원",가음정동,2025-12-15,0,0,0,36.5℃,중고나라판매자,생활가전,가음정동,[출처] 중고나라 | [분석모델] CRP-107FR | [모델근거] text_code | [원문링크] https://web.joongna.com/product/223005572
밥솥,쿠쿠 밥솥,쿠쿠 10인용 열판방식 말하는 압력밥솥 CRP-M101FR 판매합니다,거래완료,"35,000원",가음정동,2025-12-15,0,0,0,36.5℃,중고나라판매자,생활가전,가음정동,[출처] 중고나라 | [분석모델] CRP-M101FR | [모델근거] text_code | [원문링크] https://web.joongna.com/product/223005765
밥솥,쿠쿠 밥솥,쿠쿠 3인용 압력밥솥,거래완료,"100,000원",사창동,2025-12-15,0,0,0,36.5℃,중고나라판매자,생활가전,사창동,[출처] 중고나라 | [분석모델] 전기압력밥솥_3인용 | [모델근거] text_variant | [원문링크] https://web.joongna.com/product/223000202
밥솥,쿠쿠 밥솥,쿠쿠 10인용 압력밥솥,거래완료,"30,000원",정관읍,2025-12-15,0,0,0,36.5℃,중고나라판매자,생활가전,정관읍,[출처] 중고나라 | [분석모델] 전기압력밥솥_10인용 | [모델근거] text_variant | [원문링크] https://web.joongna.com/product/222988017
밥솥,쿠쿠 밥솥,쿠쿠 6인용 IH압력밥솥/HVB068SE,거래완료,"35,000원",,2025-12-15,0,0,0,36.5℃,중고나라판매자,생활가전,,[출처] 중고나라 | [분석모델] IH압력밥솥_6인용 | [모델근거] text_variant | [원문링크] https://web.joongna.com/product/222020750
밥솥,쿠쿠 밥솥,쿠쿠 6인용 마스터쉐프 트윈프레셔밥솥/LHTR0610FWM,거래완료,"170,000원",,2025-12-15,0,0,0,36.5℃,중고나라판매자,생활가전,,[출처] 중고나라 | [분석모델] LHTR0610FWM | [모델근거] text_code | [원문링크] https://web.joongna.com/product/222847847
밥솥,쿠쿠 밥솥,쿠쿠 3인용 IH밥솥/HQXB0310FP,거래완료,"50,000원",,2025-12-15,0,0,0,36.5℃,중고나라판매자,생활가전,,"[출처] 중고나라 | [분석모델] CRP-HQXB0310FP | [모델근거] detail_text_code | [원문설명] 쿠쿠 3인용 IH압력밥솥 HQXB0310FP 모델입니다. 1~2인 가구에서 쓰기 딱 좋은 사이즈입니다. 패킹상태 양호합니다. 내솥도 큰 흠집 없습니다. 밥 잘되고,맛있습니다. 쿠쿠전자 CRP-HQXB0310FP /IH압력밥솥/3인용/Xwall블랙샤인코팅/ 분리형커버/음성안내/자동세척/ 에너지:1등급/소비전력:850W/ 무게:4.1kg/ 크기(가로x세로x깊이): 238x216x337mm | [원문링크] https://web.joongna.com/product/222935996"
밥솥,쿠쿠 밥솥,쿠쿠 6인용 IH압력밥솥,거래완료,"60,000원",상계1동,2025-12-15,0,0,0,36.5℃,중고나라판매자,생활가전,상계1동,[출처] 중고나라 | [분석모델] IH압력밥솥_6인용 | [모델근거] text_variant | [원문링크] https://web.joongna.com/product/222975282
밥솥,쿠쿠 밥솥,새상품정품쿠쿠블랙스톤6인용전기밥솥CRP-BR065FB,거래완료,"142,900원",,2025-12-14,0,0,0,36.5℃,중고나라판매자,생활가전,,[출처] 중고나라 | [분석모델] CRP-BR065FB | [모델근거] text_code | [원문링크] https://web.joongna.com/product/220968121
밥솥,쿠쿠 밥솥,[무료배송] 쿠쿠 6인용 압력밥솥 HPF0665SE,거래완료,"40,000원",,2025-12-14,0,0,0,36.5℃,중고나라판매자,생활가전,,[출처] 중고나라 | [분석모델] 전기압력밥솥_6인용 | [모델근거] text_variant | [원문링크] https://web.joongna.com/product/222459237
밥솥,쿠쿠 밥솥,쿠쿠 밥솥 트윈프레셔 마스터셰프 10인용 전기밥솥 새상품,거래완료,"315,000원",,2025-12-14,0,0,0,36.5℃,중고나라판매자,생활가전,,[출처] 중고나라 | [분석모델] 트윈프레셔_10인용 | [모델근거] text_variant | [원문링크] https://web.joongna.com/product/222680403
밥솥,쿠쿠 밥솥,쿠쿠 IH 압력밥솥 10인용 전기압력밥솥 FHIS1010FD,거래완료,"100,000원",송정동,2025-12-14,0,0,0,36.5℃,중고나라판매자,생활가전,송정동,[출처] 중고나라 | [분석모델] IH압력밥솥_10인용 | [모델근거] text_variant | [원문링크] https://web.joongna.com/product/222031505
밥솥,쿠쿠 밥솥,쿠쿠 CRP-RT069FW 6인용 밥솥 (보온기능은 고장),거래완료,"15,000원",비산3동,2025-12-13,0,0,0,36.5℃,중고나라판매자,생활가전,비산3동,[출처] 중고나라 | [분석모델] CRP-RT069FW | [모델근거] text_code | [원문링크] https://web.joongna.com/product/222921136
밥솥,쿠쿠 밥솥,쿠쿠 10인용 열판방식 말하는 압력밥솥 CRP-M101FR 판매합니다,거래완료,"35,000원",가음정동,2025-12-13,0,0,0,36.5℃,중고나라판매자,생활가전,가음정동,[출처] 중고나라 | [분석모델] CRP-M101FR | [모델근거] text_code | [원문링크] https://web.joongna.com/product/222702299
밥솥,쿠쿠 밥솥,쿠쿠 6인용 밥솥,거래완료,"95,000원",통진읍,2025-12-13,0,0,0,36.5℃,중고나라판매자,생활가전,통진읍,[출처] 중고나라 | [분석모델] 제품군 공통 | [모델근거] product_group | [원문설명] 쿠쿠 6인용 ih스마트밥솥입니다 상태좋고 깨끗합니다 2023년 구입해서 자취할때 4개월정도 사용해 상태괜챦아요 밥 찰지게 잘됩니다 공일공7226 14삼일 | [원문링크] https://web.joongna.com/product/222738138
밥솥,쿠쿠 밥솥,쿠쿠압력밥솥,거래완료,"35,000원",중계2.3동,2025-12-13,0,0,0,36.5℃,중고나라판매자,생활가전,중계2.3동,[출처] 중고나라 | [분석모델] 전기압력밥솥 | [모델근거] text_variant | [원문링크] https://web.joongna.com/product/222903670
밥솥,쿠쿠 밥솥,쿠쿠6인용 압력밥솥,거래완료,"90,000원",,2025-12-11,0,0,0,36.5℃,중고나라판매자,생활가전,,[출처] 중고나라 | [분석모델] 전기압력밥솥_6인용 | [모델근거] text_variant | [원문링크] https://web.joongna.com/product/222859993
밥솥,쿠쿠 밥솥,쿠쿠 10인용 IH 압력밥솥,거래완료,"100,000원",,2025-12-11,0,0,0,36.5℃,중고나라판매자,생활가전,,[출처] 중고나라 | [분석모델] IH압력밥솥_10인용 | [모델근거] text_variant | [원문링크] https://web.joongna.com/product/222858077
밥솥,쿠쿠 밥솥,쿠쿠 IH 전기밥솥 판매합니다,거래완료,"80,000원",초지동,2025-12-10,0,0,0,36.5℃,중고나라판매자,생활가전,초지동,[출처] 중고나라 | [분석모델] 전기보온밥솥 | [모델근거] text_variant | [원문링크] https://web.joongna.com/product/222781550
밥솥,쿠쿠 밥솥,쿠쿠 6인용 풀스텐 밥솥/DHS068FS,거래완료,"13,000원",,2025-12-09,0,0,0,36.5℃,중고나라판매자,생활가전,,"[출처] 중고나라 | [분석모델] CRP-DHS068FS | [모델근거] detail_text_code | [원문설명] 쿠쿠 6인용 풀스텐 밥솥 모델 DHS068FS입니다. 풀스테인이라 위생적으로 사용 가능합니다. 패킹상태 양호합니다. 특히 내솥상태가 좋습니다. 최근에 교체한 상태입니다. 사진 봐 주세요. 밥 잘되고,맛있습니다. 쿠쿠전자 CRP-DHS068FS /IH압력밥솥/6인용/ 스테인리스내솥/ Xwall블랙샤인코팅/ 에어버블/풀스테인리스커버/ 패킹워시/분리형커버/맞춤보온/ 백미쾌속/잡곡쾌속/음성안내/ 다이렉트터치/자동세척/ 소비전력:1090W/ 무게:6.3kg/ 크기(가로x세로x깊이): 266x256x378mm | [원문링크] https://web.joongna.com/product/222779536"
밥솥,쿠쿠 밥솥,쿠쿠 lhlr1010fw 저당밥솥 트원프레셔 10인용,거래완료,"100,000원",향남읍,2025-12-09,0,0,0,36.5℃,중고나라판매자,생활가전,향남읍,[출처] 중고나라 | [분석모델] CRP-LHLR1010FW | [모델근거] detail_text_code | [원문설명] 쿠쿠 트윈프레셔 전기압력밥솥 CRP-lhlr1010fw 모델입니다 - 10인용 밥솥입니다 - 2중 모션 패킹으로 압력 손실을 막아줍니다 - 밥 뿐만 아니라 다양한 요리도 가능합니다 밥솥 내부에 스크래치가 좀 있습니다(사진 참고) 구성품은 사진에 보이는 대로 모두 드립니다 21000원짜리 새 압력패킹 교체하여 판매합니다. 이중압력패킹 가지고 계셔서 새로 교체한 압력패킹 필요 없으면 2만원 빼드립니다. 다만 내솥 코팅이 벗겨지기 시작하여 새로 구입하시길 권고합니다. 아님 hac2010n이란 스텐내솥구입 하셔도 호환됩니다. 저당트레이는 미사용으로 그대로 드립니다. 구입가 50만원대에 구입하였고 제조년월일은 2021년10월입니다. 화성 향남2지구입니다 | [원문링크] https://web.joongna.com/product/222656506
밥솥,쿠쿠 밥솥,쿠쿠 10인용 IH 밥솥/HMF1070SB,거래완료,"45,000원",,2025-12-07,0,0,0,36.5℃,중고나라판매자,생활가전,,"[출처] 중고나라 | [분석모델] CRP-HMF1070SB | [모델근거] detail_text_code | [원문설명] 쿠쿠 10인용 IH압력밥솥 HMF1070SB 모델입니다. 타철명장 무쇠솥을 사용합니다. 내솥에 큰흠은 없습니다. 사용감은 있습니다. 사진 봐 주세요. 패킹상태 양호합니다. 밥 잘 됩니다. 맛있게 됩니다. 성능 이상 없고,내외부 두루 깨끗합니다. 쿠쿠전자 CRP-HMF1070SB /IH압력밥솥/10인용/무쇠내솥/ 다이아몬드코팅/타철명장/ 분리형커버/백미쾌속/잡곡쾌속/ 자동세척/소비전력:1400W/ 무게:7.2kg/ 크기(가로x세로x깊이): 292x284x394mm | [원문링크] https://web.joongna.com/product/222704411"
밥솥,쿠쿠 밥솥,쿠쿠 IH 6인용 압력 밥솥 CRP-DHS0610FW,거래중,"250,000원",문산읍,2025-12-07,0,0,0,36.5℃,중고나라판매자,생활가전,문산읍,[출처] 중고나라 | [분석모델] CRP-DHS0610FW | [모델근거] text_code | [원문링크] https://web.joongna.com/product/222687732
밥솥,쿠쿠 밥솥,쿠쿠 IH 6인용 압력 밥솥 CRP-DHS0610FW,거래중,"250,000원",문산읍,2025-12-07,0,0,0,36.5℃,중고나라판매자,생활가전,문산읍,[출처] 중고나라 | [분석모델] CRP-DHS0610FW | [모델근거] text_code | [원문링크] https://web.joongna.com/product/222686059
밥솥,쿠쿠 밥솥,쿠쿠 올스텐 압력밥솥 (10인용),거래완료,"203,000원",중앙동,2025-12-07,0,0,0,36.5℃,중고나라판매자,생활가전,중앙동,[출처] 중고나라 | [분석모델] 전기압력밥솥_10인용 | [모델근거] text_variant | [원문링크] https://web.joongna.com/product/222676979
밥솥,쿠쿠 밥솥,쿠쿠 10인용 IH압력밥솥/HEG160SV,거래완료,"30,000원",,2025-12-07,0,0,0,36.5℃,중고나라판매자,생활가전,,[출처] 중고나라 | [분석모델] IH압력밥솥_10인용 | [모델근거] text_variant | [원문링크] https://web.joongna.com/product/222528410
밥솥,쿠쿠 밥솥,쿠쿠 IH 압력밥솥,거래완료,"70,000원",율량.사천동,2025-12-06,0,0,0,36.5℃,중고나라판매자,생활가전,율량.사천동,[출처] 중고나라 | [분석모델] IH압력밥솥 | [모델근거] text_variant | [원문링크] https://web.joongna.com/product/222656714
밥솥,쿠쿠 밥솥,쿠쿠 전기밥솥 6인용,거래중,"50,000원",조원동,2025-12-06,0,0,0,36.5℃,중고나라판매자,생활가전,조원동,[출처] 중고나라 | [분석모델] 전기보온밥솥_6인용 | [모델근거] text_variant | [원문링크] https://web.joongna.com/product/222642430
밥솥,쿠쿠 밥솥,쿠쿠 6인용 압력밥솥 상세설명 참조 2024년식,거래완료,"40,000원",,2025-12-06,0,0,0,36.5℃,중고나라판매자,생활가전,,[출처] 중고나라 | [분석모델] 전기압력밥솥_6인용 | [모델근거] text_variant | [원문링크] https://web.joongna.com/product/222090170
밥솥,쿠쿠 밥솥,쿠쿠 트윈압력 밥솥 ST0615FW 6인용,거래완료,"160,000원",,2025-12-05,0,0,0,36.5℃,중고나라판매자,생활가전,,[출처] 중고나라 | [분석모델] ST0615FW | [모델근거] text_code | [원문링크] https://web.joongna.com/product/222633233
밥솥,쿠쿠 밥솥,쿠쿠 10 인용 IH밥솥/HMXG1010FP,거래완료,"35,000원",,2025-12-05,0,0,0,36.5℃,중고나라판매자,생활가전,,[출처] 중고나라 | [분석모델] IH압력밥솥_10인용 | [모델근거] detail_text_variant | [원문설명] 쿠쿠 10인용 IH압력밥솥 HMXG1010FP 모델입니다. 내구성이 좋은 모델입니다. 내솥 흠없이 깨끗합니다. 패킹상태 양호합니다. 밥 잘됩니다. 내외부 깨끗합니다. 1만원 추가하시면 새 패킹 같이 드립니다 | [원문링크] https://web.joongna.com/product/222521713
밥솥,쿠쿠 밥솥,쿠쿠 6인용 트윈 프레셔 밥솥,거래완료,"110,000원",,2025-12-04,0,0,0,36.5℃,중고나라판매자,생활가전,,[출처] 중고나라 | [분석모델] 트윈프레셔_6인용 | [모델근거] text_variant | [원문링크] https://web.joongna.com/product/222281281
밥솥,쿠쿠 밥솥,쿠쿠 에코미니 3인용 압력밥솥 CRP-EHB0320FW,거래중,"95,000원",공항동,2025-12-02,0,0,0,36.5℃,중고나라판매자,생활가전,공항동,[출처] 중고나라 | [분석모델] CRP-EHB0320FW | [모델근거] text_code | [원문링크] https://web.joongna.com/product/222500053
밥솥,쿠쿠 밥솥,쿠쿠 3인용 전기밥솥,거래중,"40,000원",,2025-12-01,0,0,0,36.5℃,중고나라판매자,생활가전,,[출처] 중고나라 | [분석모델] 전기보온밥솥_3인용 | [모델근거] text_variant | [원문링크] https://web.joongna.com/product/222473607
밥솥,쿠쿠 밥솥,쿠쿠 6인용 압력밥솥,거래완료,"15,000원",,2025-12-01,0,0,0,36.5℃,중고나라판매자,생활가전,,[출처] 중고나라 | [분석모델] 전기압력밥솥_6인용 | [모델근거] text_variant | [원문링크] https://web.joongna.com/product/221815408
밥솥,쿠쿠 밥솥,쿠쿠 10인용 저당압력밥솥,거래완료,"300,000원",,2025-11-30,0,0,0,36.5℃,중고나라판매자,생활가전,,[출처] 중고나라 | [분석모델] 전기압력밥솥_10인용 | [모델근거] text_variant | [원문링크] https://web.joongna.com/product/222438730
밥솥,쿠쿠 밥솥,쿠쿠 6인용 압력밥솥/P067FD,거래완료,"35,000원",,2025-11-29,0,0,0,36.5℃,중고나라판매자,생활가전,,[출처] 중고나라 | [분석모델] 전기압력밥솥_6인용 | [모델근거] text_variant | [원문링크] https://web.joongna.com/product/222210876
밥솥,쿠쿠 밥솥,0045. 쿠쿠전자 3인용 전기압력밥솥(CRP-MHTR0310FW) | Rice Cooker | 电饭煲 | 炊飯器,거래완료,"166,600원",금왕읍,2025-11-27,0,0,0,36.5℃,중고나라판매자,생활가전,금왕읍,[출처] 중고나라 | [분석모델] CRP-MHTR0310FW | [모델근거] text_code | [원문링크] https://web.joongna.com/product/222337531
밥솥,쿠쿠 밥솥,쿠쿠 lhlr1010fw 10인용 저당 압력밥솥,거래완료,"90,000원",향남읍,2025-11-27,0,0,0,36.5℃,중고나라판매자,생활가전,향남읍,[출처] 중고나라 | [분석모델] 전기압력밥솥_10인용 | [모델근거] text_variant | [원문링크] https://web.joongna.com/product/222330594
밥솥,쿠쿠 밥솥,쿠쿠 10인용 IH 전기밥솥,거래완료,"149,000원",,2025-11-27,0,0,0,36.5℃,중고나라판매자,생활가전,,[출처] 중고나라 | [분석모델] 전기보온밥솥_10인용 | [모델근거] text_variant | [원문링크] https://web.joongna.com/product/222149956
밥솥,쿠쿠 밥솥,"쿠쿠 3,4인용 일반전기밥솥 CR-0322P 판매합니다",거래완료,"20,000원",가음정동,2025-11-27,0,0,0,36.5℃,중고나라판매자,생활가전,가음정동,[출처] 중고나라 | [분석모델] CR-0322P | [모델근거] text_code | [원문링크] https://web.joongna.com/product/221926062
밥솥,쿠쿠 밥솥,쿠쿠 10인용 전기밥솥 CRP-Q103MK,거래중,"55,000원",,2025-11-24,0,0,0,36.5℃,중고나라판매자,생활가전,,[출처] 중고나라 | [분석모델] CRP-Q103MK | [모델근거] text_code | [원문링크] https://web.joongna.com/product/222225393
밥솥,쿠쿠 밥솥,쿠쿠 6인용 압력밥솥 커버팩 ccp-06,거래중,"9,000원",학익1동,2025-11-24,0,0,0,36.5℃,중고나라판매자,생활가전,학익1동,[출처] 중고나라 | [분석모델] 전기압력밥솥_6인용 | [모델근거] text_variant | [원문링크] https://web.joongna.com/product/222210930
밥솥,쿠쿠 밥솥,쿠쿠 스마트 IH 압력밥솥 10인용,거래완료,"40,000원",지동,2025-11-24,0,0,0,36.5℃,중고나라판매자,생활가전,지동,[출처] 중고나라 | [분석모델] IH압력밥솥_10인용 | [모델근거] text_variant | [원문링크] https://web.joongna.com/product/222113983
밥솥,쿠쿠 밥솥,쿠쿠 트윈프레셔 마스터셰프 6인용 압력밥솥,거래완료,"119,000원",,2025-11-24,0,0,0,36.5℃,중고나라판매자,생활가전,,[출처] 중고나라 | [분석모델] 트윈프레셔_6인용 | [모델근거] text_variant | [원문링크] https://web.joongna.com/product/222199046
밥솥,쿠쿠 밥솥,쿠쿠 IH압력밥솥 8인용 CRP-HRXT0810FP 판매합니다~~,거래완료,"31,000원",철산3동,2025-11-23,0,0,0,36.5℃,중고나라판매자,생활가전,철산3동,[출처] 중고나라 | [분석모델] CRP-HRXT0810FP | [모델근거] text_code | [원문링크] https://web.joongna.com/product/222177816
밥솥,쿠쿠 밥솥,쿠쿠 6인용 압력밥솥,거래중,"60,000원",,2025-11-23,0,0,0,36.5℃,중고나라판매자,생활가전,,[출처] 중고나라 | [분석모델] 전기압력밥솥_6인용 | [모델근거] text_variant | [원문링크] https://web.joongna.com/product/222175623
밥솥,쿠쿠 밥솥,쿠쿠6인용 음성압력밥솥 2022년식,거래완료,"80,000원",,2025-11-23,0,0,0,36.5℃,중고나라판매자,생활가전,,[출처] 중고나라 | [분석모델] 전기압력밥솥_6인용 | [모델근거] text_variant | [원문링크] https://web.joongna.com/product/222173599
밥솥,쿠쿠 밥솥,쿠쿠 ih 10인 압력밥솥 CHS108FD,거래완료,"70,000원",가음정동,2025-11-23,0,0,0,36.5℃,중고나라판매자,생활가전,가음정동,[출처] 중고나라 | [분석모델] 전기압력밥솥 | [모델근거] text_variant | [원문링크] https://web.joongna.com/product/221064544
밥솥,쿠쿠 밥솥,쿠쿠6인용ih압력밥솥,거래완료,"30,000원",,2025-11-23,0,0,0,36.5℃,중고나라판매자,생활가전,,[출처] 중고나라 | [분석모델] IH압력밥솥_6인용 | [모델근거] text_variant | [원문링크] https://web.joongna.com/product/222106421
밥솥,쿠쿠 밥솥,쿠쿠 10인용 압력밥솥 FHTS107FG,거래중,"290,000원",정왕본동,2025-11-23,0,0,0,36.5℃,중고나라판매자,생활가전,정왕본동,[출처] 중고나라 | [분석모델] 전기압력밥솥_10인용 | [모델근거] text_variant | [원문링크] https://web.joongna.com/product/222164207
밥솥,쿠쿠 밥솥,쿠쿠 IH방식 6인용 초고압력 프리미엄 풀스텐 ECO 말하는 압력밥솥 판매합니다,거래완료,"60,000원",가음정동,2025-11-23,0,0,0,36.5℃,중고나라판매자,생활가전,가음정동,[출처] 중고나라 | [분석모델] 전기압력밥솥_6인용 | [모델근거] text_variant | [원문링크] https://web.joongna.com/product/221824750
밥솥,쿠쿠 밥솥,쿠쿠 트윈프레셔 6인용 전기밥솥 새상품팔아요 st0615fwsm,거래완료,"170,000원",당산제2동,2025-11-23,0,0,0,36.5℃,중고나라판매자,생활가전,당산제2동,[출처] 중고나라 | [분석모델] ST0615FWSM | [모델근거] text_code | [원문링크] https://web.joongna.com/product/221574200
밥솥,쿠쿠 밥솥,쿠쿠 10 인용 IH밥솥/HMXG1010FP,거래완료,"35,000원",,2025-11-22,0,0,0,36.5℃,중고나라판매자,생활가전,,[출처] 중고나라 | [분석모델] IH압력밥솥_10인용 | [모델근거] detail_text_variant | [원문설명] 쿠쿠 10인용 IH압력밥솥 HMXG1010FP 모델입니다. 내구성이 좋은 모델입니다. 내솥 흠없이 깨끗합니다. 패킹상태 양호합니다. 밥 잘됩니다. 내외부 깨끗합니다. 1만원 추가하시면 새 패킹 같이 드립니다 | [원문링크] https://web.joongna.com/product/222101973
밥솥,쿠쿠 밥솥,쿠쿠 IH압력밥솥 10인용 CHS1010FW 새상품,거래완료,"260,000원",,2025-11-22,0,0,0,36.5℃,중고나라판매자,생활가전,,[출처] 중고나라 | [분석모델] IH압력밥솥_10인용 | [모델근거] text_variant | [원문링크] https://web.joongna.com/product/222138231
밥솥,쿠쿠 밥솥,쿠쿠 트윈프레셔 IH 전기밥솥 10인용 압력솥 밥솥 초고압 솥 - 모델명은 LHTR1010FW입니다- IH압력으로,거래완료,"155,000원",청담동,2025-11-22,0,0,0,36.5℃,중고나라판매자,생활가전,청담동,[출처] 중고나라 | [분석모델] LHTR1010FW | [모델근거] text_code | [원문링크] https://web.joongna.com/product/221746506
밥솥,쿠쿠 밥솥,쿠쿠 6인용 전기밥솥,거래완료,"35,000원",와부읍,2025-11-21,0,0,0,36.5℃,중고나라판매자,생활가전,와부읍,[출처] 중고나라 | [분석모델] 전기보온밥솥_6인용 | [모델근거] text_variant | [원문링크] https://web.joongna.com/product/222103154
밥솥,쿠쿠 밥솥,쿠쿠6인용 음성압력밥솥 2022년식,거래완료,"80,000원",,2025-11-21,0,0,0,36.5℃,중고나라판매자,생활가전,,[출처] 중고나라 | [분석모델] 전기압력밥솥_6인용 | [모델근거] text_variant | [원문링크] https://web.joongna.com/product/222089996
밥솥,쿠쿠 밥솥,[새상품] 쿠쿠 10인용 밥솥 CPR-QS1020FGM,거래완료,"130,000원",홍천읍,2025-11-20,0,0,0,36.5℃,중고나라판매자,생활가전,홍천읍,[출처] 중고나라 | [분석모델] QS1020FGM | [모델근거] text_code | [원문링크] https://web.joongna.com/product/221621550
밥솥,쿠쿠 밥솥,쿠쿠 풀스테인레스 밥솥,거래중,"29,000원",광명7동,2025-11-20,0,0,0,36.5℃,중고나라판매자,생활가전,광명7동,[출처] 중고나라 | [분석모델] 제품군 공통 | [모델근거] product_group | [원문설명] 광명시입니다어서오세요 | [원문링크] https://web.joongna.com/product/215595364
밥솥,쿠쿠 밥솥,쿠쿠 6인용 2 기압 쾌속밥솥/FHR0610FD,거래완료,"100,000원",,2025-11-19,0,0,0,36.5℃,중고나라판매자,생활가전,,"[출처] 중고나라 | [분석모델] CRP-FHR0610FD | [모델근거] detail_text_code | [원문설명] 쿠쿠 6인용 IH압력밥솥 FHR0610FD 모델입니다. 풀 스테인리스 3.0으로 더욱 위생적인 제품입니다. 에너지 효율 1등급 제품입니다. 대기전력 차단스위치 있습니다. 패킹과 내솥 상태 좋습니다. 성능 이상 없고,내외부 깨끗합니다. 쿠쿠전자 CRP-FHR0610FD /IH압력밥솥/6인용/ 에코스테인리스내솥/ 스테인리스코팅/커브드/ 에어버블/풀스테인리스커버/ 분리형커버/2기압취사/ 맞춤보온/백미쾌속/잡곡쾌속/ 음성안내/자동세척/ 에너지:1등급/ 소비전력:1090W/ 무게:6.4kg/ 크기(가로x세로x깊이): 265x258x379mm/ | [원문링크] https://web.joongna.com/product/221478715"
밥솥,쿠쿠 밥솥,쿠쿠 IH 압력밥솥 10인용,거래완료,"45,000원",당진1동,2025-11-19,0,0,0,36.5℃,중고나라판매자,생활가전,당진1동,[출처] 중고나라 | [분석모델] IH압력밥솥_10인용 | [모델근거] text_variant | [원문링크] https://web.joongna.com/product/221895645
밥솥,쿠쿠 밥솥,쿠쿠 IH압력밥솥 6인용 DHR0610FD,거래완료,"85,000원",,2025-11-18,0,0,0,36.5℃,중고나라판매자,생활가전,,[출처] 중고나라 | [분석모델] IH압력밥솥_6인용 | [모델근거] text_variant | [원문링크] https://web.joongna.com/product/221682118
밥솥,쿠쿠 밥솥,쿠쿠 6인용 트윈프레셔 전기밥솥,거래완료,"180,000원",,2025-11-18,0,0,0,36.5℃,중고나라판매자,생활가전,,[출처] 중고나라 | [분석모델] 트윈프레셔_6인용 | [모델근거] text_variant | [원문링크] https://web.joongna.com/product/221881754
밥솥,쿠쿠 밥솥,쿠쿠 10인용 전기압력밥솥 CRP-QS102FGM,거래완료,"160,000원",양산동,2025-11-17,0,0,0,36.5℃,중고나라판매자,생활가전,양산동,[출처] 중고나라 | [분석모델] CRP-QS102FGM | [모델근거] text_code | [원문링크] https://web.joongna.com/product/221926522
밥솥,쿠쿠 밥솥,쿠쿠 6인용 전기밥솥,거래완료,"18,000원",,2025-11-17,0,0,0,36.5℃,중고나라판매자,생활가전,,[출처] 중고나라 | [분석모델] 전기보온밥솥_6인용 | [모델근거] text_variant | [원문링크] https://web.joongna.com/product/221478078
밥솥,쿠쿠 밥솥,쿠쿠 10인용 IH밥솥/HWXB107FR,거래완료,"70,000원",,2025-11-17,0,0,0,36.5℃,중고나라판매자,생활가전,,"[출처] 중고나라 | [분석모델] CRP-HWXB107FR | [모델근거] detail_text_code | [원문설명] 쿠쿠 10인용 IH압력 밥솥 HWXB107FR 모델입니다. 내솥 상태 아주 좋습니다. 코팅이 그대로 살아 있습니다. 최근에 서비스 센터 점검 받고, 패킹 3종(압력,클린커버,손잡이) 교체한 상태입니다. 모든 성능 이상 없고,내외부 깨끗합니다. 쿠쿠전자 CRP-HWXB107FR /IH압력밥솥/10인용/ 풀스테인리스커버/분리형커버/ 소비전력:1,455W/ | [원문링크] https://web.joongna.com/product/221553474"
밥솥,쿠쿠 밥솥,쿠쿠 멀티압력밥솥 6.0,거래중,"60,000원",풍산읍,2025-11-16,0,0,0,36.5℃,중고나라판매자,생활가전,풍산읍,[출처] 중고나라 | [분석모델] 전기압력밥솥 | [모델근거] text_variant | [원문링크] https://web.joongna.com/product/221916203
밥솥,쿠쿠 밥솥,쿠쿠 트윈프레셔 더라이트 전기밥솥,거래중,"200,000원",정자3동,2025-11-16,0,0,0,36.5℃,중고나라판매자,생활가전,정자3동,[출처] 중고나라 | [분석모델] 트윈프레셔 | [모델근거] text_variant | [원문링크] https://web.joongna.com/product/221897338
밥솥,쿠쿠 밥솥,쿠쿠 6인용 압력밥솥 CRP HJB0660SE,거래완료,"60,000원",송현1.2동,2025-11-14,0,0,0,36.5℃,중고나라판매자,생활가전,송현1.2동,[출처] 중고나라 | [분석모델] CRPHJB0660SE | [모델근거] text_code | [원문링크] https://web.joongna.com/product/221823786
밥솥,쿠쿠 밥솥,쿠쿠 밥솥 물받이 (10인용) + 증기배출구 청소핀 (일괄판매),거래완료,"7,000원",상도제1동,2025-11-14,0,0,0,36.5℃,중고나라판매자,생활가전,상도제1동,"[출처] 중고나라 | [분석모델] 전기압력밥솥_10인용 | [모델근거] detail_text_variant | [원문설명] 🧚‍♀️ 쿠쿠 10인용 압력밥솥의 물받이 + 증기배출구 청소핀 = (2종 일괄판매) 🍋 ALL세척 건조후 알콜 소독 🍇 사용하던 것 🍇 PVC 물받이 371-057 🍇 스테인리스 청소핀 🍇 깔끔하게 비닐포장 인도 🍋 쿠쿠 적용모델은 HNXF1010FB HNXF1020FB 외 🍋 물받이 부품번호 371-057 가 일치하는 제품은 모두 호환가능 💥 1세트 직거래 ₩7,000원 💥 일반택배 7+2= 9,000원 💥 반값택배 7+1= 8,000원 (택배비 부족분은 제가 부담) 🎉 반값택배 = GS물류시스템을 이용한 택배로 수취인이 지정한 GS편의점으로 발송, 평균4일소요, 물품도착시 수취인에게 QR코드, 문자로 도착알림, QR코드 제시후 물품수령. 끝! 💥 직거래는 평일오후4시 이후 도로명 주소 '상도로320' 중앙하이츠빌APT 정문옆 '사리원 음식점' 앞에서 합니다. (휴일협의) ‐--ㆍ---ㆍ---ㆍ---ㆍ---ㆍ---ㆍ---ㆍ 🚔📢 이미지, 본문 게시글의 무단 복사, 전재, 재배포를 엄격 금지 | [원문링크] https://web.joongna.com/product/221817382"
밥솥,쿠쿠 밥솥,쿠쿠 10인용 전기밥솥,거래완료,"28,000원",효창동,2025-11-13,0,0,0,36.5℃,중고나라판매자,생활가전,효창동,[출처] 중고나라 | [분석모델] 전기보온밥솥_10인용 | [모델근거] text_variant | [원문링크] https://web.joongna.com/product/221811663
밥솥,쿠쿠 밥솥,쿠쿠 IH 압력밥솥 10인용 CRP-HDT1063R 판매해요,거래완료,"20,000원",광명7동,2025-11-13,0,0,0,36.5℃,중고나라판매자,생활가전,광명7동,[출처] 중고나라 | [분석모델] CRP-HDT1063R | [모델근거] text_code | [원문링크] https://web.joongna.com/product/221810942
밥솥,쿠쿠 밥솥,쿠쿠 IH압력밥솥 6인용 모델 HSXB0620FB입니다- Xwall Black Shine 코팅으로 밥맛이 좋아요-,거래중,"90,000원",상계9동,2025-11-13,0,0,0,36.5℃,중고나라판매자,생활가전,상계9동,[출처] 중고나라 | [분석모델] IH압력밥솥_6인용 | [모델근거] text_variant | [원문링크] https://web.joongna.com/product/221789093
밥솥,쿠쿠 밥솥,쿠쿠 6인용 압력밥솥,거래완료,"30,000원",,2025-11-13,0,0,0,36.5℃,중고나라판매자,생활가전,,[출처] 중고나라 | [분석모델] 전기압력밥솥_6인용 | [모델근거] text_variant | [원문링크] https://web.joongna.com/product/221783103
밥솥,쿠쿠 밥솥,쿠쿠 6인용IH 압력밥솥,거래완료,"30,000원",,2025-11-13,0,0,0,36.5℃,중고나라판매자,생활가전,,[출처] 중고나라 | [분석모델] IH압력밥솥_6인용 | [모델근거] text_variant | [원문링크] https://web.joongna.com/product/221783033
밥솥,쿠쿠 밥솥,쿠쿠 6인용 전기밥솥,거래완료,"50,000원",중앙탑면,2025-11-12,0,0,0,36.5℃,중고나라판매자,생활가전,중앙탑면,[출처] 중고나라 | [분석모델] 전기보온밥솥_6인용 | [모델근거] text_variant | [원문링크] https://web.joongna.com/product/221761512
밥솥,쿠쿠 밥솥,IH압력밥솥 10인용 쿠쿠전자 CUCKOO CRP-LHTR1010FW 화이트,거래완료,"270,000원",,2025-11-12,0,0,0,36.5℃,중고나라판매자,생활가전,,[출처] 중고나라 | [분석모델] CRP-LHTR1010FW | [모델근거] text_code | [원문링크] https://web.joongna.com/product/221745555
밥솥,쿠쿠 밥솥,쿠쿠 6인용 전기 밥솥,거래완료,"25,000원",공릉1동,2025-11-11,0,0,0,36.5℃,중고나라판매자,생활가전,공릉1동,[출처] 중고나라 | [분석모델] 전기보온밥솥_6인용 | [모델근거] text_variant | [원문링크] https://web.joongna.com/product/221473773
밥솥,쿠쿠 밥솥,쿠쿠 10인용 IH밥솥/CRP-HMXT1070SB,거래완료,"40,000원",,2025-11-10,0,0,0,36.5℃,중고나라판매자,생활가전,,[출처] 중고나라 | [분석모델] CRP-HMXT1070SB | [모델근거] text_code | [원문링크] https://web.joongna.com/product/221702277
밥솥,쿠쿠 밥솥,쿠쿠 압력밥솥 CHS1010FW 10인용 (1회사용),거래완료,"200,000원",논현1동,2025-11-10,0,0,0,36.5℃,중고나라판매자,생활가전,논현1동,[출처] 중고나라 | [분석모델] 전기압력밥솥_10인용 | [모델근거] text_variant | [원문링크] https://web.joongna.com/product/221698392
밥솥,쿠쿠 밥솥,쿠쿠 6인용 압력밥솥,거래완료,"35,000원",창제2동,2025-11-10,0,0,0,36.5℃,중고나라판매자,생활가전,창제2동,[출처] 중고나라 | [분석모델] 전기압력밥솥_6인용 | [모델근거] text_variant | [원문링크] https://web.joongna.com/product/221684491
밥솥,쿠쿠 밥솥,쿠쿠 6인용 IH 전기밥솥,거래완료,"70,000원",남포면,2025-11-10,0,0,0,36.5℃,중고나라판매자,생활가전,남포면,[출처] 중고나라 | [분석모델] 전기보온밥솥_6인용 | [모델근거] text_variant | [원문링크] https://web.joongna.com/product/221683090
밥솥,쿠쿠 밥솥,쿠쿠 6인용 전기밥솥(마스터셰프 사일런스),거래완료,"360,000원",,2025-11-10,0,0,0,36.5℃,중고나라판매자,생활가전,,[출처] 중고나라 | [분석모델] 마스터셰프_6인용 | [모델근거] text_variant | [원문링크] https://web.joongna.com/product/221645564
밥솥,쿠쿠 밥솥,쿠쿠 10인용 전기압력밥솥,거래중,"40,000원",장림제2동,2025-11-09,0,0,0,36.5℃,중고나라판매자,생활가전,장림제2동,[출처] 중고나라 | [분석모델] 전기압력밥솥_10인용 | [모델근거] text_variant | [원문링크] https://web.joongna.com/product/221381939
밥솥,쿠쿠 밥솥,쿠쿠 10인용 전기밥솥,거래완료,"34,300원",,2025-11-09,0,0,0,36.5℃,중고나라판매자,생활가전,,[출처] 중고나라 | [분석모델] 전기보온밥솥_10인용 | [모델근거] text_variant | [원문링크] https://web.joongna.com/product/221409212
밥솥,쿠쿠 밥솥,쿠첸 6인용 IH 압력밥솥 CJH-PM0600IP 최고급 압력 솥 초고압 다이아코팅 밥솥 압력솥 쿠쿠상태최상최고급라,거래완료,"150,000원",청담동,2025-11-09,0,0,0,36.5℃,중고나라판매자,생활가전,청담동,[출처] 중고나라 | [분석모델] IH압력밥솥_6인용 | [모델근거] text_variant | [원문링크] https://web.joongna.com/product/221633356
밥솥,쿠쿠 밥솥,쿠쿠 전기압력밥솥 10인용(가격인하),거래완료,"100,000원",정자2동,2025-11-09,0,0,0,36.5℃,중고나라판매자,생활가전,정자2동,[출처] 중고나라 | [분석모델] 전기압력밥솥_10인용 | [모델근거] text_variant | [원문링크] https://web.joongna.com/product/221615407
밥솥,쿠쿠 밥솥,쿠쿠 6인용 압력밥솥 CRP-P0610FD,거래완료,"50,000원",하단제1동,2025-11-08,0,0,0,36.5℃,중고나라판매자,생활가전,하단제1동,[출처] 중고나라 | [분석모델] CRP-P0610FD | [모델근거] text_code | [원문링크] https://web.joongna.com/product/221621706
밥솥,쿠쿠 밥솥,쿠쿠 6인용 IH압력밥솥 CRP-JHR0660FD,거래완료,"200,000원",철산1동,2025-11-07,0,0,0,36.5℃,중고나라판매자,생활가전,철산1동,[출처] 중고나라 | [분석모델] CRP-JHR0660FD | [모델근거] text_code | [원문링크] https://web.joongna.com/product/221577662
밥솥,쿠쿠 밥솥,쿠쿠 전기 압력 밥솥 10인용(새제품),거래완료,"155,000원",,2025-11-07,0,0,0,36.5℃,중고나라판매자,생활가전,,[출처] 중고나라 | [분석모델] 전기압력밥솥_10인용 | [모델근거] text_variant | [원문링크] https://web.joongna.com/product/221578650
밥솥,쿠쿠 밥솥,쿠쿠 전기 압력 밥솥 10인용(새제품),거래완료,"92,000원",,2025-11-07,0,0,0,36.5℃,중고나라판매자,생활가전,,[출처] 중고나라 | [분석모델] 전기압력밥솥_10인용 | [모델근거] text_variant | [원문링크] https://web.joongna.com/product/221578520
밥솥,쿠쿠 밥솥,쿠쿠트윈프레셔6인용/쿠쿠압력밥솥/고압무압/쿠쿠6인용,예약중,"85,000원",,2025-11-07,0,0,0,36.5℃,중고나라판매자,생활가전,,[출처] 중고나라 | [분석모델] 트윈프레셔_6인용 | [모델근거] text_variant | [원문링크] https://web.joongna.com/product/221210488
밥솥,쿠쿠 밥솥,쿠쿠 10인용 압력밥솥/CRP-AHS109FB,거래완료,"65,000원",,2025-11-06,0,0,0,36.5℃,중고나라판매자,생활가전,,[출처] 중고나라 | [분석모델] CRP-AHS109FB | [모델근거] text_code | [원문링크] https://web.joongna.com/product/220976308
밥솥,쿠쿠 밥솥,쿠쿠 10 인용 압력밥솥/CRP-PW107FB,거래완료,"35,000원",,2025-11-06,0,0,0,36.5℃,중고나라판매자,생활가전,,[출처] 중고나라 | [분석모델] CRP-PW107FB | [모델근거] text_code | [원문링크] https://web.joongna.com/product/220976153
밥솥,쿠쿠 밥솥,쿠쿠 트윈프레셔 CRP-ST1010FW 10인용 압력밥솥,거래중,"100,000원",조원1동,2025-11-06,0,0,0,36.5℃,중고나라판매자,생활가전,조원1동,[출처] 중고나라 | [분석모델] CRP-ST1010FW | [모델근거] text_code | [원문링크] https://web.joongna.com/product/221551022
밥솥,쿠쿠 밥솥,쿠쿠 10인용 전기압력밥솥 crp-jhp1010fg,거래완료,"130,000원",가락본동,2025-11-06,0,0,0,36.5℃,중고나라판매자,생활가전,가락본동,[출처] 중고나라 | [분석모델] CRP-JHP1010FG | [모델근거] text_code | [원문링크] https://web.joongna.com/product/221543131
밥솥,쿠쿠 밥솥,쿠쿠 에그 밥솥,거래중,"55,000원",,2025-11-06,0,0,0,36.5℃,중고나라판매자,생활가전,,"[출처] 중고나라 | [분석모델] 제품군 공통 | [모델근거] product_group | [원문설명] 쿠쿠 에그 밥솥 새제품이에요! 다양한 음식까지 만들 수 있어서 정말 편리하고, 깔끔한 화이트 컬러로 어떤 주방에도 잘 어울려요. | [원문링크] https://web.joongna.com/product/221526555"
밥솥,쿠쿠 밥솥,쿠쿠 6인용 IH전기압력 밥솥 CRP-DHP0610FD 판매합니다~~,거래완료,"49,000원",철산3동,2025-11-05,0,0,0,36.5℃,중고나라판매자,생활가전,철산3동,[출처] 중고나라 | [분석모델] CRP-DHP0610FD | [모델근거] text_code | [원문링크] https://web.joongna.com/product/221511663
밥솥,쿠쿠 밥솥,(대전 직거래만)상태좋은 쿠쿠 6인용 IH압력밥솥,거래완료,"130,000원",용문동,2025-11-04,0,0,0,36.5℃,중고나라판매자,생활가전,용문동,[출처] 중고나라 | [분석모델] IH압력밥솥_6인용 | [모델근거] text_variant | [원문링크] https://web.joongna.com/product/221465397
밥솥,쿠쿠 밥솥,쿠쿠 IH압력밥솥 10인용 CRP-QS1020FSM,거래완료,"120,000원",안양3동,2025-11-04,0,0,0,36.5℃,중고나라판매자,생활가전,안양3동,[출처] 중고나라 | [분석모델] CRP-QS1020FSM | [모델근거] text_code | [원문링크] https://web.joongna.com/product/221008420
밥솥,쿠쿠 밥솥,쿠쿠 6인용 압력밥솥 팝니다,거래중,"250,000원",노은1동,2025-11-04,0,0,0,36.5℃,중고나라판매자,생활가전,노은1동,[출처] 중고나라 | [분석모델] 전기압력밥솥_6인용 | [모델근거] text_variant | [원문링크] https://web.joongna.com/product/221456810
밥솥,쿠쿠 밥솥,쿠쿠 6인용 IH 전기밥솥,거래완료,"95,000원",가음정동,2025-11-04,0,0,0,36.5℃,중고나라판매자,생활가전,가음정동,[출처] 중고나라 | [분석모델] 전기보온밥솥_6인용 | [모델근거] text_variant | [원문링크] https://web.joongna.com/product/221447000
밥솥,쿠쿠 밥솥,쿠쿠 6인용 스마트 전기밥솥,거래중,"25,000원",논현1동,2025-11-04,0,0,0,36.5℃,중고나라판매자,생활가전,논현1동,[출처] 중고나라 | [분석모델] 전기보온밥솥_6인용 | [모델근거] text_variant | [원문링크] https://web.joongna.com/product/221445651
밥솥,쿠쿠 밥솥,쿠쿠 전기밥솥 HMF1070EL,거래완료,"175,000원",,2025-11-03,0,0,0,36.5℃,중고나라판매자,생활가전,,[출처] 중고나라 | [분석모델] 전기보온밥솥 | [모델근거] text_variant | [원문링크] https://web.joongna.com/product/221439256
밥솥,쿠쿠 밥솥,쿠쿠 10인용 IH 말하는 압력밥솥 HXXB1020FR 판매합니다,거래완료,"60,000원",가음정동,2025-11-03,0,0,0,36.5℃,중고나라판매자,생활가전,가음정동,[출처] 중고나라 | [분석모델] 전기압력밥솥_10인용 | [모델근거] text_variant | [원문링크] https://web.joongna.com/product/221268995
밥솥,쿠쿠 밥솥,쿠쿠 10인용 전기압력밥솥 CRP-P1055FD,거래완료,"120,000원",청라1동,2025-11-03,0,0,0,36.5℃,중고나라판매자,생활가전,청라1동,[출처] 중고나라 | [분석모델] CRP-P1055FD | [모델근거] text_code | [원문링크] https://web.joongna.com/product/221431531
밥솥,쿠쿠 밥솥,쿠쿠 트윈프리미엄 10인용 IH압력밥솥,거래중,"190,000원",,2025-11-03,0,0,0,36.5℃,중고나라판매자,생활가전,,[출처] 중고나라 | [분석모델] IH압력밥솥_10인용 | [모델근거] text_variant | [원문링크] https://web.joongna.com/product/221427711
밥솥,쿠쿠 밥솥,쿠쿠 6인용 IH 전기압력밥솥 트윈프레셔 FHTS0610FD,거래완료,"100,000원",,2025-11-03,0,0,0,36.5℃,중고나라판매자,생활가전,,[출처] 중고나라 | [분석모델] 트윈프레셔_6인용 | [모델근거] text_variant | [원문링크] https://web.joongna.com/product/221423600
밥솥,쿠쿠 밥솥,쿠쿠 10인용 압력밥솥,거래완료,"75,000원",,2025-11-02,0,0,0,36.5℃,중고나라판매자,생활가전,,[출처] 중고나라 | [분석모델] 전기압력밥솥_10인용 | [모델근거] text_variant | [원문링크] https://web.joongna.com/product/221392197
밥솥,쿠쿠 밥솥,쿠쿠 IH 초고화력 미식 풀스텐 패키지 말하는 압력밥솥 DHR0610FS 판매합니다,거래완료,"65,000원",가음정동,2025-11-02,0,0,0,36.5℃,중고나라판매자,생활가전,가음정동,[출처] 중고나라 | [분석모델] 전기압력밥솥 | [모델근거] text_variant | [원문링크] https://web.joongna.com/product/221386467
밥솥,쿠쿠 밥솥,쿠쿠 3인용 전기밥솥 CR-03SDFA,거래완료,"20,000원",대치4동,2025-11-02,0,0,0,36.5℃,중고나라판매자,생활가전,대치4동,[출처] 중고나라 | [분석모델] CR-03SDFA | [모델근거] text_code | [원문링크] https://web.joongna.com/product/221380237
밥솥,쿠쿠 밥솥,쿠쿠 6인용 ih밥솥 3년 사용,거래완료,"60,000원",,2025-10-30,0,0,0,36.5℃,중고나라판매자,생활가전,,[출처] 중고나라 | [분석모델] 제품군 공통 | [모델근거] product_group | [원문설명] 내솥 코팅이 약간 벗겨졌습니다 밥이 닿는 부분이 아니라 사용에 문제없는 데 어머니 닥달에 내놓습니다 패킹 교환 하고 5회 사용 했어요 택배 비 포함 | [원문링크] https://web.joongna.com/product/221287030
밥솥,쿠쿠 밥솥,쿠쿠10인용 2기압 에어버블 밥솥,거래완료,"80,000원",,2025-10-30,0,0,0,36.5℃,중고나라판매자,생활가전,,[출처] 중고나라 | [분석모델] CRP-CHS107FB | [모델근거] detail_text_code | [원문설명] 쿠쿠 10인용 2기압 에어버블 밥솥 판매합니다. 패킹 새로 교체했습니다. 내솥 테두리와 바닥쪽 생활기스 있습니다. 사진 봐주세요. 밥 잘되고.전반적으로 깨끗합니다. 쿠쿠전자 CRP-CHS107FB /IH압력밥솥/10인용/ 스테인리스내솥/스테인리스코팅/에어버블/ 와이드&플랫/풀스테인리스커버/ 패킹워시/분리형커버/2기압취사/맞춤보온/백미쾌속/ 잡곡쾌속/음성안내/다이렉트터치/자동세척/에너지아이/ 소비전력:1455W/무게:8.4kg/ 크기: 419 x 290 x 303 (WxHxDmm)/ | [원문링크] https://web.joongna.com/product/220748068
밥솥,쿠쿠 밥솥,쿠쿠 트윈프레셔 밥솥 10인용 CRP-ST1010FGI,거래완료,"160,000원",초월읍,2025-10-30,0,0,0,36.5℃,중고나라판매자,생활가전,초월읍,[출처] 중고나라 | [분석모델] CRP-ST1010FGI | [모델근거] text_code | [원문링크] https://web.joongna.com/product/221274248
밥솥,쿠쿠 밥솥,쿠쿠 밥솥 물받이 (6인용) + 증기배출구 청소핀 (일,거래완료,"7,000원",상도제1동,2025-10-30,0,0,0,36.5℃,중고나라판매자,생활가전,상도제1동,"[출처] 중고나라 | [분석모델] CRP-FHB0610FD | [모델근거] detail_text_code | [원문설명] 🧚‍♀️ 쿠쿠 6인용 압력밥솥의 물받이 + 증기배출구 청소핀 (일괄판매) 🍋 ALL세척 건조후 알콜 소독 🍇 사용하던 것 🍇 PVC 물받이 371-096 🍇 깔끔하게 비닐포장 인도 🍋 쿠쿠 적용모델은 CRP - FHB0610FD FHR0610FD FHR0610FS FHR067FD FHR067FG FHRL0610FG FHRL0675FG FHS0610FG FHTR0610FS FHTS067FS JHI0610FC JHI0630FG JHR0620FD JHR0660FBM JHR0660FD JHR0675FG JHT0605FS JHT0610FS JHTR0685FG JHTS0660FS P0610FD P0610FH P0620FDM P0660FD P067FD R0610FC R067FB R067FS R069FP R069FS RT0610FD RT067FC RT067FP 💥 직거래 ₩7,000원 💥 일반택배 7+2= 9,000원 💥 반값택배 7+1= 8,000원 (택배비 부족분은 제가 부담) 🎉 반값택배 = GS물류시스템을 이용한 택배로 수취인이 지정한 GS편의점으로 발송, 평균4일소요, 물품도착시 수취인에게 QR코드, 문자로 도착알림, QR코드 제시후 물품수령. 끝! 💥 직거래는 평일오후4시 이후 도로명 주소 '상도로320' 중앙하이츠빌APT 정문옆 '사리원 음식점' 앞에서 합니다. (휴일협의) ‐--ㆍ---ㆍ---ㆍ---ㆍ---ㆍ---ㆍ---ㆍ--- 🚔📢 이미지, 본문 게시글의 무단 복사, 전재, 재배포를 엄격 금지 | [원문링크] https://web.joongna.com/product/221265629"
밥솥,쿠쿠 밥솥,쿠쿠마스터셰프밥솥팔아요~(새상품),거래완료,"300,000원",안중읍,2025-10-30,0,0,0,36.5℃,중고나라판매자,생활가전,안중읍,[출처] 중고나라 | [분석모델] 마스터셰프 | [모델근거] text_variant | [원문링크] https://web.joongna.com/product/221010484
밥솥,쿠쿠 밥솥,쿠쿠 트윈프레셔 마스터셰프 6인용 밥솥 CRP-LHTR,거래완료,"280,000원",미사2동,2025-10-29,0,0,0,36.5℃,중고나라판매자,생활가전,미사2동,[출처] 중고나라 | [분석모델] CRP-LHTR | [모델근거] text_code | [원문링크] https://web.joongna.com/product/221238059
밥솥,쿠쿠 밥솥,쿠쿠압력밥솥6인용,거래완료,"150,000원",운정2동,2025-10-29,0,0,0,36.5℃,중고나라판매자,생활가전,운정2동,[출처] 중고나라 | [분석모델] 전기압력밥솥_6인용 | [모델근거] text_variant | [원문링크] https://web.joongna.com/product/220807954
밥솥,쿠쿠 밥솥,쿠쿠 6인용 IH압력밥솥 JHP0660FSM,거래완료,"200,000원",화정1동,2025-10-28,0,0,0,36.5℃,중고나라판매자,생활가전,화정1동,[출처] 중고나라 | [분석모델] IH압력밥솥_6인용 | [모델근거] text_variant | [원문링크] https://web.joongna.com/product/221225034
밥솥,쿠쿠 밥솥,쿠쿠6인용압력밥솥,거래중,"70,000원",,2025-10-28,0,0,0,36.5℃,중고나라판매자,생활가전,,[출처] 중고나라 | [분석모델] 전기압력밥솥_6인용 | [모델근거] text_variant | [원문링크] https://web.joongna.com/product/214599217
밥솥,쿠쿠 밥솥,쿠쿠 10인용 IH압력밥솥/HET1062SP,거래완료,"30,000원",,2025-10-27,0,0,0,36.5℃,중고나라판매자,생활가전,,[출처] 중고나라 | [분석모델] IH압력밥솥_10인용 | [모델근거] text_variant | [원문링크] https://web.joongna.com/product/220514740
밥솥,쿠쿠 밥솥,쿠쿠압력밥솥 HPF0665SE,거래중,"100,000원",,2025-10-26,0,0,0,36.5℃,중고나라판매자,생활가전,,[출처] 중고나라 | [분석모델] 전기압력밥솥 | [모델근거] text_variant | [원문링크] https://web.joongna.com/product/221132257
밥솥,쿠쿠 밥솥,쿠쿠밥솥 CRP-NHTR1010FP,거래중,"450,000원",당산제1동,2025-10-24,0,0,0,36.5℃,중고나라판매자,생활가전,당산제1동,[출처] 중고나라 | [분석모델] CRP-NHTR1010FP | [모델근거] text_code | [원문설명] 한번칼라보느라 한번개봉했습니다.새거입니다 010-7433-2365 | [원문링크] https://web.joongna.com/product/220549854
밥솥,쿠쿠 밥솥,쿠쿠 10인용 압력밥솥,거래중,"70,000원",상계1동,2025-10-24,0,0,0,36.5℃,중고나라판매자,생활가전,상계1동,[출처] 중고나라 | [분석모델] 전기압력밥솥_10인용 | [모델근거] text_variant | [원문링크] https://web.joongna.com/product/221056438
밥솥,쿠쿠 밥솥,쿠쿠밥솥,거래완료,"180,000원",가음정동,2025-10-24,0,0,0,36.5℃,중고나라판매자,생활가전,가음정동,"[출처] 중고나라 | [분석모델] 제품군 공통 | [모델근거] product_group | [원문설명] 📢 제목에 ""제조사/ 브랜드 명""과 “상품명(ex. 4단 책장선반)”을 넣어 작성하면, 보다 빠른 판매가 가능합니다! 📢 게시글 작성 시 배송 방법에 “직거래”와 “내 위치” 설정할 경우, 보다 빠른 판매가 가능합니다! 🚨회원님의 거래 게시글을 노린 중고나라 운영진 사칭 피싱 사이트를 주의하세요🚨 창원주변 직거래원합니다 | [원문링크] https://web.joongna.com/product/219793393"
밥솥,쿠쿠 밥솥,쿠쿠 전기밥솥 CR-1021R,거래중,"20,000원",신창동,2025-10-23,0,0,0,36.5℃,중고나라판매자,생활가전,신창동,[출처] 중고나라 | [분석모델] CR-1021R | [모델근거] text_code | [원문링크] https://web.joongna.com/product/221029843
밥솥,쿠쿠 밥솥,쿠쿠 트윈프레셔 마스터셰프 6인용 IH 전기압력밥솥,거래완료,"200,000원",광교1동,2025-10-21,0,0,0,36.5℃,중고나라판매자,생활가전,광교1동,[출처] 중고나라 | [분석모델] 트윈프레셔_6인용 | [모델근거] text_variant | [원문링크] https://web.joongna.com/product/220968285
밥솥,쿠쿠 밥솥,쿠쿠 트윈프레셔 10인용 밥솥 CRP-ST1010FW,거래완료,"100,000원",덕천제1동,2025-10-21,0,0,0,36.5℃,중고나라판매자,생활가전,덕천제1동,[출처] 중고나라 | [분석모델] CRP-ST1010FW | [모델근거] text_code | [원문링크] https://web.joongna.com/product/220944593
밥솥,쿠쿠 밥솥,쿠쿠 6인용 스마트IH 풀스텐커버 말하는 압력밥솥 BH,거래완료,"80,000원",가음정동,2025-10-20,0,0,0,36.5℃,중고나라판매자,생활가전,가음정동,[출처] 중고나라 | [분석모델] 전기압력밥솥_6인용 | [모델근거] text_variant | [원문링크] https://web.joongna.com/product/220889407
밥솥,쿠쿠 밥솥,crp-QS1020FGM 쿠쿠밥솥 팝니다.,거래중,"150,000원",하안4동,2025-10-20,0,0,0,36.5℃,중고나라판매자,생활가전,하안4동,[출처] 중고나라 | [분석모델] CRP-QS1020FGM | [모델근거] text_code | [원문링크] https://web.joongna.com/product/220924687
밥솥,쿠쿠 밥솥,쿠쿠 10인용 압력밥솥,거래완료,"30,000원",,2025-10-20,0,0,0,36.5℃,중고나라판매자,생활가전,,[출처] 중고나라 | [분석모델] 전기압력밥솥_10인용 | [모델근거] text_variant | [원문링크] https://web.joongna.com/product/220717397
밥솥,쿠쿠 밥솥,스텐인레스 10인용 IH 전기 압력 쿠쿠 밥솥,거래완료,"155,000원",월평1동,2025-10-20,0,0,0,36.5℃,중고나라판매자,생활가전,월평1동,[출처] 중고나라 | [분석모델] 전기압력밥솥_10인용 | [모델근거] text_variant | [원문링크] https://web.joongna.com/product/220915856
밥솥,쿠쿠 밥솥,쿠쿠 밥솥 10인용 CR-1075S 미사용,거래완료,"50,000원",인계동,2025-10-19,0,0,0,36.5℃,중고나라판매자,생활가전,인계동,[출처] 중고나라 | [분석모델] CR-1075S | [모델근거] text_code | [원문링크] https://web.joongna.com/product/220881909
밥솥,쿠쿠 밥솥,쿠쿠 3인용 압력 밥솥 (HQB0310FS),거래완료,"49,000원",,2025-10-19,0,0,0,36.5℃,중고나라판매자,생활가전,,[출처] 중고나라 | [분석모델] 전기압력밥솥_3인용 | [모델근거] text_variant | [원문링크] https://web.joongna.com/product/220875206
밥솥,쿠쿠 밥솥,쿠쿠 전기밥솥 BR065FB 미개봉신제품,거래완료,"139,900원",천전동,2025-10-18,0,0,0,36.5℃,중고나라판매자,생활가전,천전동,[출처] 중고나라 | [분석모델] 전기보온밥솥 | [모델근거] text_variant | [원문링크] https://web.joongna.com/product/220559286
밥솥,쿠쿠 밥솥,쿠쿠 3인용ih 밥솥,거래완료,"60,000원",통진읍,2025-10-17,0,0,0,36.5℃,중고나라판매자,생활가전,통진읍,[출처] 중고나라 | [분석모델] 제품군 공통 | [모델근거] product_group | [원문설명] 쿠쿠 3인용 ih밥솥입니다 내솥 상태 관챦습니다 밥 찰지게 잘됩니다 고화력 2기압으로 고급 밥솥입니다 커브드 내솥음성지원 자동세척 잘됩니다 소식구나 자취생 너무 촣습니다. 저렴히 드립니다 이ㅇ 칠둘둘육 일사삼일 | [원문링크] https://web.joongna.com/product/220071961
밥솥,쿠쿠 밥솥,CRP-NHTR1010FP (쿠쿠밥솥),거래중,"450,000원",,2025-10-16,0,0,0,36.5℃,중고나라판매자,생활가전,,"[출처] 중고나라 | [분석모델] CRP-NHTR1010FP | [모델근거] text_code | [원문설명] 📢 제목에 ""제조사/ 브랜드 명""과 ""상품명(ex. 3000시리즈 전동 면도기)”을 넣어 작성하면, 보다 빠른 판매가 가능합니다! 📢 게시글 작성 시 배송 방법에 “직거래”와 “내 위치” 설정할 경우, 보다 빠른 판매가 -박스 개봉후 모델만 확인했습니다- -직거래가능합니다 010-7433-2365 영등포 당산동- | [원문링크] https://web.joongna.com/product/217101902"
밥솥,쿠쿠 밥솥,쿠쿠 압력밥솥 30000,거래중,"30,000원",,2025-10-16,0,0,0,36.5℃,중고나라판매자,생활가전,,[출처] 중고나라 | [분석모델] 전기압력밥솥 | [모델근거] text_variant | [원문링크] https://web.joongna.com/product/220754976
밥솥,쿠쿠 밥솥,쿠쿠 3인용 전기보온밥솥 팝니다,거래완료,"18,000원",오금동,2025-10-16,0,0,0,36.5℃,중고나라판매자,생활가전,오금동,[출처] 중고나라 | [분석모델] 전기보온밥솥_3인용 | [모델근거] text_variant | [원문링크] https://web.joongna.com/product/220624245
밥솥,쿠쿠 밥솥,쿠쿠 10인용 전기압력밥솥 JHR1060FD,거래완료,"100,000원",,2025-10-15,0,0,0,36.5℃,중고나라판매자,생활가전,,[출처] 중고나라 | [분석모델] JHR1060FD | [모델근거] text_code | [원문링크] https://web.joongna.com/product/220745812
밥솥,쿠쿠 밥솥,쿠쿠 CRP-HDG1080SG 황동 IH밥솥 10인용,거래완료,"30,000원",철산3동,2025-10-15,0,0,0,36.5℃,중고나라판매자,생활가전,철산3동,[출처] 중고나라 | [분석모델] CRP-HDG1080SG | [모델근거] text_code | [원문링크] https://web.joongna.com/product/220737953
밥솥,쿠쿠 밥솥,쿠쿠 6인용 압력밥솥,거래완료,"40,000원",,2025-10-15,0,0,0,36.5℃,중고나라판매자,생활가전,,[출처] 중고나라 | [분석모델] 전기압력밥솥_6인용 | [모델근거] text_variant | [원문링크] https://web.joongna.com/product/220542182
밥솥,쿠쿠 밥솥,쿠쿠 6인용 IH방식 풀스텐커버 말하는 압력밥솥 BHX,거래완료,"40,000원",가음정동,2025-10-14,0,0,0,36.5℃,중고나라판매자,생활가전,가음정동,[출처] 중고나라 | [분석모델] 전기압력밥솥_6인용 | [모델근거] text_variant | [원문링크] https://web.joongna.com/product/220180513
밥솥,쿠쿠 밥솥,쿠쿠 트윈프레셔 6인용 IH 전기압력밥솥,거래중,"170,000원",,2025-10-14,0,0,0,36.5℃,중고나라판매자,생활가전,,[출처] 중고나라 | [분석모델] 트윈프레셔_6인용 | [모델근거] text_variant | [원문링크] https://web.joongna.com/product/220704503
밥솥,쿠쿠 밥솥,쿠쿠 10인용 IH밥솥/HE1010FP,거래완료,"30,000원",,2025-10-14,0,0,0,36.5℃,중고나라판매자,생활가전,,"[출처] 중고나라 | [분석모델] IH압력밥솥_10인용 | [모델근거] detail_text_variant | [원문설명] 쿠쿠 10인용 IH압력밥솥 판매합니다. 내솥상태 아주 좋습니다. 코팅이 살아 있습니다. 밥알이 달라 붙지 않습니다. 사진 봐 주세요. 성능 이상 없고,전체적으로 깨끗합니다. | [원문링크] https://web.joongna.com/product/219965666"
밥솥,쿠쿠 밥솥,쿠쿠 밥솥 10인용 (새상품),거래완료,"220,000원",,2025-10-14,0,0,0,36.5℃,중고나라판매자,생활가전,,"[출처] 중고나라 | [분석모델] 전기압력밥솥_10인용 | [모델근거] detail_text_variant | [원문설명] ※ 카페 상품 게시글은 자동으로 중고나라 앱/사이트에 노출합니다. 노출을 원하지 않으실 경우 고객센터로 문의 바랍니다. ※ 등록한 게시글이 회원의 신고를 받거나 이상거래로 모니터링 될 경우 중고나라 사기통합조회 DB로 수집/활용될 수 있습니다. ─────────────────── 📢 제목에 ""제조사/ 브랜드 명""과 ""상품명(ex. BESPOKE 4도어) ”를 넣어 작성하면, 보다 빠른 판매가 가능합니다! 📢 게시글 작성 시 배송 방법에 “직거래”와 “내 위치” 설정할 경우, 보다 빠른 판매가 가능합니다! 👆 오늘 작성가능한 게시글 수가 부족하다면, 상단에 ""중고나라 앱 다운받기""를 통해서 앱에서 작성해 보세요! ■ 쿠쿠압력밥솥 10인용 새상품입니다. 포장만 뜯어 본 상태입니다. ■반품안되니 신중하게 구입해주세요. | [원문링크] https://web.joongna.com/product/196262652"
밥솥,쿠쿠 밥솥,쿠쿠 6인용 전기밥솥 CR-0681Y,거래완료,"30,000원",지동,2025-10-14,0,0,0,36.5℃,중고나라판매자,생활가전,지동,[출처] 중고나라 | [분석모델] CR-0681Y | [모델근거] text_code | [원문링크] https://web.joongna.com/product/218966665
밥솥,쿠쿠 밥솥,35인용 대용량 전기밥솥 쿠쿠,거래완료,"95,000원",백석1동,2025-10-12,0,0,0,36.5℃,중고나라판매자,생활가전,백석1동,[출처] 중고나라 | [분석모델] 전기보온밥솥_35인용 | [모델근거] text_variant | [원문링크] https://web.joongna.com/product/220429827
밥솥,쿠쿠 밥솥,쿠쿠 1인용 전기밥솥,거래중,"20,000원",,2025-10-12,0,0,0,36.5℃,중고나라판매자,생활가전,,[출처] 중고나라 | [분석모델] 전기보온밥솥 | [모델근거] text_variant | [원문링크] https://web.joongna.com/product/220630416
밥솥,쿠쿠 밥솥,쿠쿠 전기 보온 밥솥 CR-0655FR,거래완료,"40,000원",금곡동,2025-10-12,0,0,0,36.5℃,중고나라판매자,생활가전,금곡동,[출처] 중고나라 | [분석모델] CR-0655FR | [모델근거] text_code | [원문링크] https://web.joongna.com/product/220477304
밥솥,쿠쿠 밥솥,쿠쿠밥솥 사용감적음,거래중,"28,000원",신월1동,2025-10-12,0,0,0,36.5℃,중고나라판매자,생활가전,신월1동,[출처] 중고나라 | [분석모델] 제품군 공통 | [모델근거] product_group | [원문설명] 작동잘됩니다 세척 되었습니다 3인용 밥솥 ㅇㅣㅇ 육이구이 둘둘칠사 연락주세요 | [원문링크] https://web.joongna.com/product/219607621
밥솥,쿠쿠 밥솥,쿠쿠6인용 전기보온밥솥.CR-0675FW. 21.06,거래완료,"40,000원",구월2동,2025-10-11,0,0,0,36.5℃,중고나라판매자,생활가전,구월2동,[출처] 중고나라 | [분석모델] CR-0675FW | [모델근거] text_code | [원문링크] https://web.joongna.com/product/220576809
밥솥,쿠쿠 밥솥,쿠쿠 6인용 압력밥솥 CRP-FHS0610FG 로즈골드,거래완료,"110,000원",,2025-10-10,0,0,0,36.5℃,중고나라판매자,생활가전,,[출처] 중고나라 | [분석모델] CRP-FHS0610FG | [모델근거] text_code | [원문링크] https://web.joongna.com/product/219649499
밥솥,쿠쿠 밥솥,쿠쿠전자 전기밥솥 1-2인용 미니밥솥,예약중,"19,900원",자양제2동,2025-10-10,0,0,0,36.5℃,중고나라판매자,생활가전,자양제2동,[출처] 중고나라 | [분석모델] 전기보온밥솥 | [모델근거] text_variant | [원문링크] https://web.joongna.com/product/220550575
밥솥,쿠쿠 밥솥,쿠쿠전자 전기밥솥 1-2인용 미니밥솥,거래중,"29,000원",자양제2동,2025-10-10,0,0,0,36.5℃,중고나라판매자,생활가전,자양제2동,[출처] 중고나라 | [분석모델] 전기보온밥솥 | [모델근거] text_variant | [원문링크] https://web.joongna.com/product/220550321
밥솥,쿠쿠 밥솥,쿠쿠 6인용 마스터쉐프 트윈프레셔밥솥,거래완료,"140,000원",,2025-10-10,0,0,0,36.5℃,중고나라판매자,생활가전,,[출처] 중고나라 | [분석모델] 트윈프레셔_6인용 | [모델근거] text_variant | [원문링크] https://web.joongna.com/product/220338763
밥솥,쿠쿠 밥솥,쿠쿠 10인용 압력밥솥,거래완료,"55,000원",,2025-10-10,0,0,0,36.5℃,중고나라판매자,생활가전,,[출처] 중고나라 | [분석모델] 전기압력밥솥_10인용 | [모델근거] text_variant | [원문링크] https://web.joongna.com/product/218406397
밥솥,쿠쿠 밥솥,쿠쿠 6인용 2기압 밥솥/CRP-DHP0610FD,거래완료,"105,000원",,2025-10-10,0,0,0,36.5℃,중고나라판매자,생활가전,,[출처] 중고나라 | [분석모델] CRP-DHP0610FD | [모델근거] text_code | [원문링크] https://web.joongna.com/product/219670790
밥솥,쿠쿠 밥솥,쿠쿠 IH6인용압력밥솥,거래완료,"90,000원",도봉제2동,2025-10-09,0,0,0,36.5℃,중고나라판매자,생활가전,도봉제2동,[출처] 중고나라 | [분석모델] 전기압력밥솥_6인용 | [모델근거] text_variant | [원문링크] https://web.joongna.com/product/218419620
밥솥,쿠쿠 밥솥,쿠쿠 에그밥솥 팝니다 택포 15000원,거래완료,"15,000원",,2025-10-09,0,0,0,36.5℃,중고나라판매자,생활가전,,[출처] 중고나라 | [분석모델] 제품군 공통 | [모델근거] product_group | [원문설명] 6개월 전 새상품 구매후 많이 사용안했습니다 상태 정상 양호합니다 | [원문링크] https://web.joongna.com/product/220455177
밥솥,쿠쿠 밥솥,쿠쿠 밥솥,거래중,"40,000원",성당동,2025-10-09,0,0,0,36.5℃,중고나라판매자,생활가전,성당동,[출처] 중고나라 | [분석모델] 제품군 공통 | [모델근거] product_group | [원문설명] 구매한지 4개월정도되었고 실사용은 밥 다섯번정도 해먹었습니다 다른밥솥을 선물받아서 사용하지않게되어 팝니다. 성당동 두산위브로 직접와주셔야 거래가능합니다 ㅠㅠ 쿠팡에서 현재 7만원에 판매하고있는 6인용 밥솥입니다 | [원문링크] https://web.joongna.com/product/220505932
밥솥,쿠쿠 밥솥,쿠쿠 6인용 IH전기압력밥솥 CRP-DHP0610FD,거래완료,"149,000원",임동,2025-10-09,0,0,0,36.5℃,중고나라판매자,생활가전,임동,[출처] 중고나라 | [분석모델] CRP-DHP0610FD | [모델근거] text_code | [원문링크] https://web.joongna.com/product/220125984
밥솥,쿠쿠 밥솥,쿠쿠3인용 전기밥솥,거래완료,"40,000원",평리1동,2025-10-09,0,0,0,36.5℃,중고나라판매자,생활가전,평리1동,[출처] 중고나라 | [분석모델] 전기보온밥솥_3인용 | [모델근거] text_variant | [원문링크] https://web.joongna.com/product/220499409
밥솥,쿠쿠 밥솥,쿠쿠 10인용 전기밥솥 상태최상 직거래만,거래완료,"90,000원",신월3동,2025-10-06,0,0,0,36.5℃,중고나라판매자,생활가전,신월3동,[출처] 중고나라 | [분석모델] 전기보온밥솥_10인용 | [모델근거] text_variant | [원문링크] https://web.joongna.com/product/220396142
밥솥,쿠쿠 밥솥,쿠쿠 IH 압력밥솥 10인,거래완료,"50,000원",영등포동,2025-10-05,0,0,0,36.5℃,중고나라판매자,생활가전,영등포동,[출처] 중고나라 | [분석모델] IH압력밥솥 | [모델근거] text_variant | [원문링크] https://web.joongna.com/product/220369024
밥솥,쿠쿠 밥솥,쿠쿠 압력밥솥 CRP-FHB0610EL 미사용 새제품,거래완료,"260,000원",송도4동,2025-10-04,0,0,0,36.5℃,중고나라판매자,생활가전,송도4동,[출처] 중고나라 | [분석모델] CRP-FHB0610EL | [모델근거] text_code | [원문링크] https://web.joongna.com/product/220171085
밥솥,쿠쿠 밥솥,쿠쿠 6인용 2 기압 쾌속밥솥/FHR0610FD,거래완료,"110,000원",,2025-10-04,0,0,0,36.5℃,중고나라판매자,생활가전,,"[출처] 중고나라 | [분석모델] CRP-FHR0610FD | [모델근거] detail_text_code | [원문설명] 쿠쿠 6인용 IH압력밥솥 FHR0610FD 모델입니다. 풀 스테인리스 3.0으로 더욱 위생적인 제품입니다. 에너지 효율을 높여 경제적으로 사용 가능합니다. 패킹 3종(압력패킹,컨트롤패킹) 최근에 교체했습니다. 내솥 깨끗합니다( 미세한 생활기스 있습니다) 성능 이상 없고,내외부 깨끗합니다. 쿠쿠전자 CRP-FHR0610FD /IH압력밥솥/6인용/ 에코스테인리스내솥/ 스테인리스코팅/커브드/ 에어버블/풀스테인리스커버/ 분리형커버/2기압취사/ 맞춤보온/백미쾌속/잡곡쾌속/ 음성안내/자동세척/ 에너지:1등급/ 소비전력:1090W/ 무게:6.4kg/ 크기(가로x세로x깊이): 265x258x379mm/ | [원문링크] https://web.joongna.com/product/220090877"
밥솥,쿠쿠 밥솥,쿠쿠 3인용 IH 압력밥솥/HQXT0310FP,거래완료,"55,000원",,2025-10-04,0,0,0,36.5℃,중고나라판매자,생활가전,,[출처] 중고나라 | [분석모델] IH압력밥솥_3인용 | [모델근거] text_variant | [원문링크] https://web.joongna.com/product/219285563
밥솥,쿠쿠 밥솥,쿠쿠 10인용 압력 전기밥솥 판매합니다,거래완료,"30,000원",귀인동,2025-10-03,0,0,0,36.5℃,중고나라판매자,생활가전,귀인동,[출처] 중고나라 | [분석모델] 전기보온밥솥_10인용 | [모델근거] text_variant | [원문링크] https://web.joongna.com/product/220224791
밥솥,쿠쿠 밥솥,쿠쿠 IH전기압력밥솥(10인용)/다크실버,거래중,"170,000원",,2025-10-02,0,0,0,36.5℃,중고나라판매자,생활가전,,[출처] 중고나라 | [분석모델] IH압력밥솥_10인용 | [모델근거] text_variant | [원문링크] https://web.joongna.com/product/220320631
밥솥,쿠쿠 밥솥,쿠쿠 10인용 밥솥,거래중,"60,000원",서둔동,2025-10-02,0,0,0,36.5℃,중고나라판매자,생활가전,서둔동,[출처] 중고나라 | [분석모델] 제품군 공통 | [모델근거] product_group | [원문설명] 쿠쿠 10인용밥솥 팝니다 1년전 구매하였고 새밥솥을 얻게 되어 팔아요 자취하시는분들이 쓰기에 좋을듯합니다 모든기능 정상작동 하고 택배비 포함입니다 | [원문링크] https://web.joongna.com/product/220076904
밥솥,쿠쿠 밥솥,쿠쿠 트윈프레셔 6인용 IH압력밥솥 JHT0610FS,거래완료,"170,000원",고덕동,2025-10-01,0,0,0,36.5℃,중고나라판매자,생활가전,고덕동,[출처] 중고나라 | [분석모델] 트윈프레셔_6인용 | [모델근거] text_variant | [원문링크] https://web.joongna.com/product/219468595
밥솥,쿠쿠 밥솥,쿠쿠 밥솥 판매합니다,거래중,"190,000원",송도5동,2025-10-01,0,0,0,36.5℃,중고나라판매자,생활가전,송도5동,[출처] 중고나라 | [분석모델] 제품군 공통 | [모델근거] product_group | [원문설명] 쿠쿠 밭솝입니다 구매한지는 6개월정도 된것같구 상태는 s급일듯하네요... | [원문링크] https://web.joongna.com/product/220286564
밥솥,쿠쿠 밥솥,쿠쿠 6인용 밥솥,거래완료,"30,000원",등촌제1동,2025-10-01,0,0,0,36.5℃,중고나라판매자,생활가전,등촌제1동,[출처] 중고나라 | [분석모델] 제품군 공통 | [모델근거] product_group | [원문설명] 쿠쿠 밥솥 팝니다. 사용감 있지만 몇번 사용안해서 사용하는데 전혀 지장 없어요. 이사가서 팝니다. 증미역 직거래 | [원문링크] https://web.joongna.com/product/220284814
밥솥,쿠쿠 밥솥,쿠쿠전기밥솥,거래완료,"20,000원",안성1동,2025-09-30,0,0,0,36.5℃,중고나라판매자,생활가전,안성1동,[출처] 중고나라 | [분석모델] 전기보온밥솥 | [모델근거] text_variant | [원문링크] https://web.joongna.com/product/217535700
밥솥,쿠쿠 밥솥,쿠쿠 CRP-R069FS 6인용 밥솥,거래중,"20,000원",,2025-09-29,0,0,0,36.5℃,중고나라판매자,생활가전,,[출처] 중고나라 | [분석모델] CRP-R069FS | [모델근거] text_code | [원문링크] https://web.joongna.com/product/220228070
밥솥,쿠쿠 밥솥,"쿠쿠압력밥솥 CRP-PW1085FD (10인용,상일동)",거래완료,"85,000원",,2025-09-29,0,0,0,36.5℃,중고나라판매자,생활가전,,[출처] 중고나라 | [분석모델] CRP-PW1085FD | [모델근거] text_code | [원문링크] https://web.joongna.com/product/219582568
밥솥,쿠쿠 밥솥,쿠쿠 대형밥솥,거래중,"200,000원",지산동,2025-09-28,0,0,0,36.5℃,중고나라판매자,생활가전,지산동,[출처] 중고나라 | [분석모델] 제품군 공통 | [모델근거] product_group | [원문설명] 쿠쿠 대형밥솥 상태양호 송탄전철역 부근 내솥없슴 01046859297. 연락바랍니다 | [원문링크] https://web.joongna.com/product/158656336
밥솥,쿠쿠 밥솥,쿠쿠 미니밥솥 CR-0255MW,거래완료,"40,000원",진관동,2025-09-27,0,0,0,36.5℃,중고나라판매자,생활가전,진관동,[출처] 중고나라 | [분석모델] CR-0255MW | [모델근거] text_code | [원문링크] https://web.joongna.com/product/220161152
밥솥,쿠쿠 밥솥,쿠쿠 트윈 압력 밥솥 LHLR1010FW,거래완료,"90,000원",덕천제1동,2025-09-27,0,0,0,36.5℃,중고나라판매자,생활가전,덕천제1동,[출처] 중고나라 | [분석모델] 전기압력밥솥 | [모델근거] text_variant | [원문링크] https://web.joongna.com/product/220136480
밥솥,쿠쿠 밥솥,쿠쿠 6인용 트윈 프레셔 밥솥,거래완료,"115,000원",,2025-09-25,0,0,0,36.5℃,중고나라판매자,생활가전,,[출처] 중고나라 | [분석모델] 트윈프레셔_6인용 | [모델근거] text_variant | [원문링크] https://web.joongna.com/product/218501884
밥솥,쿠쿠 밥솥,쿠쿠 6인용 IH압력밥솥,거래완료,"52,000원",,2025-09-25,0,0,0,36.5℃,중고나라판매자,생활가전,,[출처] 중고나라 | [분석모델] IH압력밥솥_6인용 | [모델근거] text_variant | [원문링크] https://web.joongna.com/product/219287598
밥솥,쿠쿠 밥솥,쿠쿠 6인용 풀스텐커버 고화력 말하는 압력밥솥 CRP-,거래완료,"40,000원",가음정동,2025-09-24,0,0,0,36.5℃,중고나라판매자,생활가전,가음정동,[출처] 중고나라 | [분석모델] 전기압력밥솥_6인용 | [모델근거] text_variant | [원문링크] https://web.joongna.com/product/220030254
밥솥,쿠쿠 밥솥,쿠쿠 6인용 초고압 무압 밥솥/JHT0610FD,거래완료,"120,000원",,2025-09-24,0,0,0,36.5℃,중고나라판매자,생활가전,,"[출처] 중고나라 | [분석모델] CRP-JHTR0610FD | [모델근거] detail_text_code | [원문설명] 쿠쿠 10인용 초고압, 무압 밥솥 JHT0610FD 모델입니다. 풀 스테인리스 4.0으로 만들어졌고, 초고압과 무압 모두 지원합니다. 스마트 IH 기능으로 다양한 요리를 간편하게 즐길 수 있습니다. 내솥상태 아주 좋습니다. 패킹도 새것으로 교체한 상태입니다. 새것 같은 제품 찾는 분께 권합니다. 쿠쿠전자 CRP-JHTR0610FD /IH압력밥솥/6인용/스테인리스내솥/ Xwall블랙샤인코팅/ 커브드에어버블/원터치분리형커버/ 풀스테인리스커버/ 분리형커버/2기압취사/ 무압취사/맞춤보온/ 밥맛조절/백미쾌속/ 잡곡쾌속/음성안내/ 다이렉트터치/자동세척/ 에너지:1등급/ 소비전력:1090W/ 무게:6.8kg/ 원형슬라이드컨트롤 / 2중모션밸브 / 버튼잠금 / 뚜껑결합램프알림 / 크기(가로x세로x깊이): 269x268x392mm/ | [원문링크] https://web.joongna.com/product/220034968"
밥솥,쿠쿠 밥솥,쿠쿠압력밥솥 10인용,거래중,"40,000원",,2025-09-24,0,0,0,36.5℃,중고나라판매자,생활가전,,[출처] 중고나라 | [분석모델] 전기압력밥솥_10인용 | [모델근거] text_variant | [원문링크] https://web.joongna.com/product/220030900
밥솥,쿠쿠 밥솥,새상품정품쿠쿠블랙스톤6인용전기밥솥CRP-BR065FB,거래완료,"150,900원",,2025-09-22,0,0,0,36.5℃,중고나라판매자,생활가전,,[출처] 중고나라 | [분석모델] CRP-BR065FB | [모델근거] text_code | [원문링크] https://web.joongna.com/product/219396242
밥솥,쿠쿠 밥솥,쿠쿠밥솥6인용 압력밥솥,거래완료,"100,000원",,2025-09-22,0,0,0,36.5℃,중고나라판매자,생활가전,,[출처] 중고나라 | [분석모델] 전기압력밥솥_6인용 | [모델근거] text_variant | [원문링크] https://web.joongna.com/product/219972447
밥솥,쿠쿠 밥솥,KT 쿠쿠 10인용 IH 전기밥솥 밥통 쿠첸 엔젤 휴롬 칼,거래중,"50,000원",,2025-09-22,0,0,0,36.5℃,중고나라판매자,생활가전,,[출처] 중고나라 | [분석모델] 전기보온밥솥_10인용 | [모델근거] text_variant | [원문링크] https://web.joongna.com/product/209509096
밥솥,쿠쿠 밥솥,쿠쿠 10인용 전기압력밥솥 crp-jhp1010fg,거래완료,"160,000원",,2025-09-21,0,0,0,36.5℃,중고나라판매자,생활가전,,[출처] 중고나라 | [분석모델] CRP-JHP1010FG | [모델근거] text_code | [원문링크] https://web.joongna.com/product/219928709
밥솥,쿠쿠 밥솥,쿠쿠CRP-EHS0320FS IH압력밥솥 3인용,거래완료,"90,000원",송산3동,2025-09-21,0,0,0,36.5℃,중고나라판매자,생활가전,송산3동,[출처] 중고나라 | [분석모델] CRP-EHS0320FS | [모델근거] text_code | [원문링크] https://web.joongna.com/product/219450345
밥솥,쿠쿠 밥솥,쿠쿠 6인용 압력밥솥팝니다,거래중,"100,000원",홍제제2동,2025-09-21,0,0,0,36.5℃,중고나라판매자,생활가전,홍제제2동,[출처] 중고나라 | [분석모델] 전기압력밥솥_6인용 | [모델근거] text_variant | [원문링크] https://web.joongna.com/product/219895938
밥솥,쿠쿠 밥솥,쿠쿠 IH 압력밥솥 10인,거래완료,"50,000원",영등포동,2025-09-21,0,0,0,36.5℃,중고나라판매자,생활가전,영등포동,[출처] 중고나라 | [분석모델] IH압력밥솥 | [모델근거] text_variant | [원문링크] https://web.joongna.com/product/218764474
밥솥,쿠쿠 밥솥,쿠쿠 전기밥솥,거래완료,"35,000원",영등포동,2025-09-21,0,0,0,36.5℃,중고나라판매자,생활가전,영등포동,[출처] 중고나라 | [분석모델] 전기보온밥솥 | [모델근거] text_variant | [원문링크] https://web.joongna.com/product/218766496
밥솥,쿠쿠 밥솥,쿠쿠 10인용 압력밥솥 팝니다,거래완료,"170,000원",,2025-09-20,0,0,0,36.5℃,중고나라판매자,생활가전,,[출처] 중고나라 | [분석모델] 전기압력밥솥_10인용 | [모델근거] text_variant | [원문링크] https://web.joongna.com/product/219861515
밥솥,쿠쿠 밥솥,쿠쿠 3인용 IH압력밥솥,거래완료,"50,000원",,2025-09-20,0,0,0,36.5℃,중고나라판매자,생활가전,,[출처] 중고나라 | [분석모델] IH압력밥솥_3인용 | [모델근거] text_variant | [원문링크] https://web.joongna.com/product/218245022
밥솥,쿠쿠 밥솥,쿠쿠 10인 풀스텐 에코 압력밥솥,거래완료,"85,000원",,2025-09-20,0,0,0,36.5℃,중고나라판매자,생활가전,,[출처] 중고나라 | [분석모델] 전기압력밥솥 | [모델근거] text_variant | [원문링크] https://web.joongna.com/product/217461277
밥솥,쿠쿠 밥솥,쿠쿠 블랙스톤 6인용 밥솥,거래완료,"55,000원",,2025-09-20,0,0,0,36.5℃,중고나라판매자,생활가전,,[출처] 중고나라 | [분석모델] CRP-R067FB | [모델근거] detail_text_code | [원문설명] 쿠쿠전자 블랙스톤 CRP-R067FB/ 열판압력밥솥/6인용/ 다이아몬드코팅/풀스테인리스커버/ 분리형커버/맞춤보온/백미쾌속/ 음성안내/자동세척/에너지:1등급/ 소비전력:890W/무게:5.7kg/ 크기(가로x세로x깊이): 356x257x266mm/ 내솥과 패킹 상태 양호합니다. 내솥에 생활기스는 있습니다. 밥 잘 되고 내외부 깨끗합니다. | [원문링크] https://web.joongna.com/product/218624753
밥솥,쿠쿠 밥솥,쿠쿠 6인용 IH압력밥솥 세제품 팝니다,거래완료,"220,000원",대야동,2025-09-20,0,0,0,36.5℃,중고나라판매자,생활가전,대야동,[출처] 중고나라 | [분석모델] IH압력밥솥_6인용 | [모델근거] text_variant | [원문링크] https://web.joongna.com/product/219842194
밥솥,쿠쿠 밥솥,쿠쿠 6인용 풀스텐커버 고화력 말하는 압력밥솥 CRP-,거래완료,"45,000원",가음정동,2025-09-20,0,0,0,36.5℃,중고나라판매자,생활가전,가음정동,[출처] 중고나라 | [분석모델] 전기압력밥솥_6인용 | [모델근거] text_variant | [원문링크] https://web.joongna.com/product/219822451
밥솥,쿠쿠 밥솥,쿠쿠 CRP CHP JHP 10인용 내부 밥솥,거래중,"82,000원",,2025-09-20,0,0,0,36.5℃,중고나라판매자,생활가전,,[출처] 중고나라 | [분석모델] CRPCHP | [모델근거] text_code | [원문링크] https://web.joongna.com/product/219816842
밥솥,쿠쿠 밥솥,쿠쿠 IH압력밥솥 CRP-CHB1020 FHW 새상품,거래완료,"450,000원",식사동,2025-09-19,0,0,0,36.5℃,중고나라판매자,생활가전,식사동,"[출처] 중고나라 | [분석모델] CRP-CHB1020 | [모델근거] text_code | [원문설명] 쿠쿠 IH압력밥솥 CRP-CHB1020FHW 새상품이에요. 방금 선물받았는데 지금 사용중인게 있어 박스째 새상품 그대로 판매합니다. (뜯어보지 않았어요.) 신세계 백화점에서 구매하셨다고 하심. - 10인용 - 풀 스테인리스 2.0 에코 - 색상: 화이트 검색하니 인터넷가 586,040원 이네요. 박스째 그대로 있어요~ 45만원에 판매합니다. 식사동 직거래 합니다. | [원문링크] https://web.joongna.com/product/218857565"
밥솥,쿠쿠 밥솥,쿠쿠 6인용 IH압력밥솥 CRP-DHP0610FD,거래완료,"130,000원",답십리제1동,2025-09-19,0,0,0,36.5℃,중고나라판매자,생활가전,답십리제1동,[출처] 중고나라 | [분석모델] CRP-DHP0610FD | [모델근거] text_code | [원문링크] https://web.joongna.com/product/219781282
밥솥,쿠쿠 밥솥,쿠쿠전기밥솥,거래중,"90,000원",,2025-09-19,0,0,0,36.5℃,중고나라판매자,생활가전,,[출처] 중고나라 | [분석모델] 전기보온밥솥 | [모델근거] text_variant | [원문링크] https://web.joongna.com/product/219775112
밥솥,쿠쿠 밥솥,쿠쿠CUCKOO CRP-EHS0310FW 화이트실버 자취밥솥 3인용 밥솥 미니밥솥,거래완료,"155,000원",,2025-09-19,0,0,0,36.5℃,중고나라판매자,생활가전,,[출처] 중고나라 | [분석모델] CRP-EHS0310FW | [모델근거] text_code | [원문링크] https://web.joongna.com/product/219765320
밥솥,쿠쿠 밥솥,쿠쿠 6인용 분리형 스텐커버 말하는 압력밥솥 CRP-P,거래완료,"23,000원",가음정동,2025-09-18,0,0,0,36.5℃,중고나라판매자,생활가전,가음정동,[출처] 중고나라 | [분석모델] 전기압력밥솥_6인용 | [모델근거] text_variant | [원문링크] https://web.joongna.com/product/217251737
밥솥,쿠쿠 밥솥,쿠쿠 IH 풀 스테인리스 에코 2.0 전기밥솥(10인용)CRP-AHSN1010FS,거래완료,"50,000원",,2025-09-18,0,0,0,36.5℃,중고나라판매자,생활가전,,[출처] 중고나라 | [분석모델] CRP-AHSN1010FS | [모델근거] text_code | [원문링크] https://web.joongna.com/product/219727714
밥솥,쿠쿠 밥솥,쿠쿠IH쁘띠3인용압력밥솥(22년10월제품)트윈프레셔,거래완료,"150,000원",도봉제2동,2025-09-17,0,0,0,36.5℃,중고나라판매자,생활가전,도봉제2동,[출처] 중고나라 | [분석모델] 트윈프레셔_3인용 | [모델근거] text_variant | [원문링크] https://web.joongna.com/product/219412064
밥솥,쿠쿠 밥솥,쿠쿠 IH압력밥솥 10인용,거래완료,"70,000원",지동,2025-09-16,0,0,0,36.5℃,중고나라판매자,생활가전,지동,[출처] 중고나라 | [분석모델] IH압력밥솥_10인용 | [모델근거] text_variant | [원문링크] https://web.joongna.com/product/219092279
밥솥,쿠쿠 밥솥,쿠쿠 전기밥솥 CR-3031N입니다,거래완료,"17,000원",양평제1동,2025-09-15,0,0,0,36.5℃,중고나라판매자,생활가전,양평제1동,[출처] 중고나라 | [분석모델] CR-3031N | [모델근거] text_code | [원문링크] https://web.joongna.com/product/219543756
밥솥,쿠쿠 밥솥,쿠쿠 10인용 밥솥,거래중,"65,000원",소하2동,2025-09-15,0,0,0,36.5℃,중고나라판매자,생활가전,소하2동,"[출처] 중고나라 | [분석모델] 제품군 공통 | [모델근거] product_group | [원문설명] 쿠쿠10인용 밥솥이고 1년정도 썼습니다 집에서 밥을 잘 안 해먹어서 상태는 좋으나 생활기스는 있고 상태 좋습니다 택배,직거래 둘 다 가능하니 연락주세요~ | [원문링크] https://web.joongna.com/product/219520313"
밥솥,쿠쿠 밥솥,쿠쿠 6인용 압력밥솥 음성안내,거래완료,"30,000원",정관읍,2025-09-15,0,0,0,36.5℃,중고나라판매자,생활가전,정관읍,[출처] 중고나라 | [분석모델] 전기압력밥솥_6인용 | [모델근거] text_variant | [원문링크] https://web.joongna.com/product/219261773
밥솥,쿠쿠 밥솥,쿠쿠 밥솥 물받이 (10인용) + 증기배출구 청소핀 (,거래완료,"7,000원",상도제1동,2025-09-14,0,0,0,36.5℃,중고나라판매자,생활가전,상도제1동,"[출처] 중고나라 | [분석모델] CRP-QS1010FG | [모델근거] detail_text_code | [원문설명] 🧚‍♀️ 쿠쿠 10인용 압력밥솥의 물받이 + 증기배출구 청소핀 = (2종 일괄판매) 🍋 ALL세척 건조후 알콜 소독 🍇 사용하던 것 🍇 PVC 물받이 371-099 🍇 스테인리스 청소핀 🍇 깔끔하게 비닐포장 인도 🍋 쿠쿠 적용모델은 CRP - QS1010FG CRP - QS107FG 외 🍋 물받이 부품번호 371-099 가 일치하는 제품은 모두 적용가능 🍋 1세트 있습니다. 💥 1세트 직거래 ₩7,000원 💥 일반택배 7+2= 9,000원 💥 반값택배 7+1= 8,000원 (택배비 부족분은 제가 부담) 🎉 반값택배 = GS물류시스템을 이용한 택배로 수취인이 지정한 GS편의점으로 발송, 평균4일소요, 물품도착시 수취인에게 QR코드, 문자로 도착알림, QR코드 제시후 물품수령. 끝! 💥 직거래는 평일오후4시 이후 도로명 주소 '상도로320' 중앙하이츠빌APT 정문옆 '사리원 음식점' 앞에서 합니다. (휴일협의) ‐--ㆍ---ㆍ---ㆍ---ㆍ---ㆍ---ㆍ-- 🚔📢 이미지, 본문 게시글의 무단 복사, 전재, 재배포를 엄격 금지 | [원문링크] https://web.joongna.com/product/219457373"
밥솥,쿠쿠 밥솥,쿠쿠 압력밥솥,거래완료,"65,000원",홍천읍,2025-09-14,0,0,0,36.5℃,중고나라판매자,생활가전,홍천읍,[출처] 중고나라 | [분석모델] 전기압력밥솥 | [모델근거] text_variant | [원문링크] https://web.joongna.com/product/219390516
밥솥,쿠쿠 밥솥,쿠쿠 6인용 밥솥 CRP-R061FC 팝니다.,거래완료,"65,000원",장위제2동,2025-09-13,0,0,0,36.5℃,중고나라판매자,생활가전,장위제2동,[출처] 중고나라 | [분석모델] CRP-R061FC | [모델근거] text_code | [원문링크] https://web.joongna.com/product/219404480
밥솥,쿠쿠 밥솥,쿠쿠 압력밥솥,거래완료,"70,000원",화정2동,2025-09-13,0,0,0,36.5℃,중고나라판매자,생활가전,화정2동,[출처] 중고나라 | [분석모델] 전기압력밥솥 | [모델근거] text_variant | [원문링크] https://web.joongna.com/product/219392540
밥솥,쿠쿠 밥솥,쿠쿠전자 IH 전기밥솥(3인용) CRP-EHS0320FW,거래완료,"80,000원",,2025-09-13,0,0,0,36.5℃,중고나라판매자,생활가전,,[출처] 중고나라 | [분석모델] CRP-EHS0320FW | [모델근거] text_code | [원문링크] https://web.joongna.com/product/219389347
밥솥,쿠쿠 밥솥,쿠쿠 IH 압력밥솥 (AHXB1060FB),거래완료,"70,000원",대연제6동,2025-09-13,0,0,0,36.5℃,중고나라판매자,생활가전,대연제6동,[출처] 중고나라 | [분석모델] IH압력밥솥 | [모델근거] text_variant | [원문링크] https://web.joongna.com/product/219366899
밥솥,쿠쿠 밥솥,쿠쿠6인용압력밥솥 네솥 새거,거래완료,"60,000원",,2025-09-13,0,0,0,36.5℃,중고나라판매자,생활가전,,[출처] 중고나라 | [분석모델] 전기압력밥솥_6인용 | [모델근거] text_variant | [원문링크] https://web.joongna.com/product/219232161
밥솥,쿠쿠 밥솥,쿠쿠 CRP-QW105FS 전기압력밥솥,거래완료,"117,000원",도화2.3동,2025-09-13,0,0,0,36.5℃,중고나라판매자,생활가전,도화2.3동,[출처] 중고나라 | [분석모델] CRP-QW105FS | [모델근거] text_code | [원문링크] https://web.joongna.com/product/219356763
밥솥,쿠쿠 밥솥,쿠쿠 6인용 압력밥솥,거래중,"20,000원",불로대곡동,2025-09-12,0,0,0,36.5℃,중고나라판매자,생활가전,불로대곡동,[출처] 중고나라 | [분석모델] 전기압력밥솥_6인용 | [모델근거] text_variant | [원문링크] https://web.joongna.com/product/219343650
밥솥,쿠쿠 밥솥,쿠쿠 6인용 압력밥솥,거래중,"30,000원",불로대곡동,2025-09-12,0,0,0,36.5℃,중고나라판매자,생활가전,불로대곡동,[출처] 중고나라 | [분석모델] 전기압력밥솥_6인용 | [모델근거] text_variant | [원문링크] https://web.joongna.com/product/219341777
밥솥,쿠쿠 밥솥,쿠쿠 업소용 대용량 30인용 전기밥솥 CR-3031V 팝니다.,거래완료,"100,000원",덕풍1동,2025-09-12,0,0,0,36.5℃,중고나라판매자,생활가전,덕풍1동,[출처] 중고나라 | [분석모델] CR-3031V | [모델근거] text_code | [원문링크] https://web.joongna.com/product/219339844
밥솥,쿠쿠 밥솥,쿠쿠 10 인용 ih 밥솥,거래완료,"110,000원",,2025-09-12,0,0,0,36.5℃,중고나라판매자,생활가전,,[출처] 중고나라 | [분석모델] IH압력밥솥_10인용 | [모델근거] detail_text_variant | [원문설명] 쿠쿠 10인용 ih 압력 밥솥 입니다 내솥은 한달전 스텐레스 내솥으로 교환 했어요 패킹은 오늘 새로 교환 했습니다 외관 상태도 깨큿 합니다 엘이디판 선명하게 아주 잘나오고 음성 짱짱하게 나옵니다 밥 찰지게 아주 잘됩니다 010. 7226. 일사삼일 🚨회원님의 거래 게시글을 노린 중고나라 운영진 사칭 피싱 사이트를 주의하세요🚨 | [원문링크] https://web.joongna.com/product/219292868
밥솥,쿠쿠 밥솥,쿠쿠 IH전기압력밥솥 (25년 9월 생산),거래완료,"165,000원",,2025-09-11,0,0,0,36.5℃,중고나라판매자,생활가전,,[출처] 중고나라 | [분석모델] IH압력밥솥 | [모델근거] text_variant | [원문링크] https://web.joongna.com/product/219283326
밥솥,쿠쿠 밥솥,쿠쿠전기밥솥 CR-0375 FW 2만원에 팝니다,거래완료,"20,000원",,2025-09-11,0,0,0,36.5℃,중고나라판매자,생활가전,,[출처] 중고나라 | [분석모델] CR-0375 | [모델근거] text_code | [원문링크] https://web.joongna.com/product/219274692
밥솥,쿠쿠 밥솥,쿠쿠 IH 풀 스테인리스 에코 2.0 전기밥솥(10인용)CRP-AHSN1010FS,거래완료,"50,000원",,2025-09-11,0,0,0,36.5℃,중고나라판매자,생활가전,,[출처] 중고나라 | [분석모델] CRP-AHSN1010FS | [모델근거] text_code | [원문링크] https://web.joongna.com/product/219273647
밥솥,쿠쿠 밥솥,25년 쿠쿠 마스터쉐프 10인용 밥솥 판매해요,거래완료,"200,000원",,2025-09-11,0,0,0,36.5℃,중고나라판매자,생활가전,,[출처] 중고나라 | [분석모델] 마스터셰프_10인용 | [모델근거] text_variant | [원문링크] https://web.joongna.com/product/219235670
밥솥,쿠쿠 밥솥,쿠쿠 10인용 밥솥 (우체국운포) 내용필독,거래완료,"78,000원",,2025-09-11,0,0,0,36.5℃,중고나라판매자,생활가전,,"[출처] 중고나라 | [분석모델] 제품군 공통 | [모델근거] product_group | [원문설명] 예전에 나왔던 쿠쿠 10인용 상위모델로 기능 성능도 좋습니다 내솥도 풀스테인레스 커브 드 제품이며 외관 깨끗하고 작동 잘됩니다 음 성안내도 잘나오고 내솥상태도 나쁘지 않습니 다 부품유실 없으며 파손도 없는데 뚜껑 여닫 을때 '뚝~뚝~'소리가 납니다 감안하시고 시세 보다 좀저렴히 쓰실분이 구매하시길 바랍니다. 우체국운임 포함입니다. ※뚜껑개폐시 소리는 공지해 드렸으며 숙지 하시고 결제하시길 바랍니다. ﻿°안전거래 로만 판매하며, 결제하시면 포장잘해서 우체국택배로 보내드립니다 직거래 원하시면 다른 것을 구매하시고 직거래문의시 답변하지 않습니다. °결제 하셨다가 취소요청 하실경우 판매자에게 상당한 피해가 될수있고, 부득이 취소수락이 늦어질수 있으므로 신중한구매 부탁 드립니다. °문의없이 그냥 결제하셔도 수시로 확인하니 알아 서 발송해 드립니다 오전 7시전 주문은 당일 발송 해 드리고, 이후는 익일 발송됩니다 사정상 예약을 통해 방문택배를 이용해서 그렇습니다 휴일이나 주 말 안끼면, 결제후 늦어도 이틀안에는 받으십니다. 《수령후 확인해보시고 가급적 신속한 '구매확정' 부탁 드립니다~》 | [원문링크] https://web.joongna.com/product/219231751"
밥솥,쿠쿠 밥솥,(3번사용) 쿠쿠 전기밥솥 CR-3055B,거래완료,"90,000원",상도제1동,2025-09-11,0,0,0,36.5℃,중고나라판매자,생활가전,상도제1동,[출처] 중고나라 | [분석모델] CR-3055B | [모델근거] text_code | [원문링크] https://web.joongna.com/product/219230414
밥솥,쿠쿠 밥솥,쿠쿠 IH밥솥 마스터셰프 트윈프레셔 CRP-LHTR1010FD 10인용 판매 합니다,거래완료,"180,000원",,2025-09-11,0,0,0,36.5℃,중고나라판매자,생활가전,,[출처] 중고나라 | [분석모델] CRP-LHTR1010FD | [모델근거] text_code | [원문링크] https://web.joongna.com/product/219230126
밥솥,쿠쿠 밥솥,쿠쿠 IH압력밥솥 6인용 JHR0620FD,거래완료,"50,000원",,2025-09-10,0,0,0,36.5℃,중고나라판매자,생활가전,,[출처] 중고나라 | [분석모델] JHR0620FD | [모델근거] text_code | [원문링크] https://web.joongna.com/product/219211854
밥솥,쿠쿠 밥솥,쿠쿠 IH압력밥솥 10인용 KHTS1060FLB,거래완료,"350,000원",삼성동,2025-09-10,0,0,0,36.5℃,중고나라판매자,생활가전,삼성동,[출처] 중고나라 | [분석모델] IH압력밥솥_10인용 | [모델근거] text_variant | [원문링크] https://web.joongna.com/product/217711566
밥솥,쿠쿠 밥솥,쿠쿠 10 인용 2기압 IH압력밥솥,거래완료,"120,000원",,2025-09-10,0,0,0,36.5℃,중고나라판매자,생활가전,,[출처] 중고나라 | [분석모델] IH압력밥솥_10인용 | [모델근거] text_variant | [원문링크] https://web.joongna.com/product/218406744
밥솥,쿠쿠 밥솥,쿠쿠 6인용 밥솥/CR-0632P,거래완료,"15,000원",,2025-09-10,0,0,0,36.5℃,중고나라판매자,생활가전,,[출처] 중고나라 | [분석모델] CR-0632P | [모델근거] text_code | [원문링크] https://web.joongna.com/product/219029124
밥솥,쿠쿠 밥솥,쿠쿠 IH밥솥 마스터셰프 트윈프레셔 CRP-LHTR1010FD 10인용 판매 합니다,거래완료,"180,000원",,2025-09-10,0,0,0,36.5℃,중고나라판매자,생활가전,,[출처] 중고나라 | [분석모델] CRP-LHTR1010FD | [모델근거] text_code | [원문링크] https://web.joongna.com/product/219163742
밥솥,쿠쿠 밥솥,오쿠 중탕기 약탕기+신영 마늘 절단기+쿠쿠 10인용 압력밥솥,거래중,"90,000원",,2025-09-09,0,0,0,36.5℃,중고나라판매자,생활가전,,[출처] 중고나라 | [분석모델] 전기압력밥솥_10인용 | [모델근거] text_variant | [원문링크] https://web.joongna.com/product/219144319
밥솥,쿠쿠 밥솥,쿠쿠6인용압력밥솥 네솥 새거,거래완료,"60,000원",,2025-09-09,0,0,0,36.5℃,중고나라판매자,생활가전,,[출처] 중고나라 | [분석모델] 전기압력밥솥_6인용 | [모델근거] text_variant | [원문링크] https://web.joongna.com/product/219145873
밥솥,쿠쿠 밥솥,쿠쿠 3인용 IH압력밥솥,거래중,"60,000원",가산동,2025-09-09,0,0,0,36.5℃,중고나라판매자,생활가전,가산동,[출처] 중고나라 | [분석모델] IH압력밥솥_3인용 | [모델근거] text_variant | [원문링크] https://web.joongna.com/product/219136601
밥솥,쿠쿠 밥솥,쿠쿠 IH 압력밥솥 10인용,거래완료,"33,000원",지동,2025-09-09,0,0,0,36.5℃,중고나라판매자,생활가전,지동,[출처] 중고나라 | [분석모델] IH압력밥솥_10인용 | [모델근거] text_variant | [원문링크] https://web.joongna.com/product/218619604
밥솥,쿠쿠 밥솥,쿠쿠 IH밥솥 마스터셰프 트윈프레셔 CRP-LHTR1010FD 10인용 판매 합니다,거래완료,"180,000원",,2025-09-09,0,0,0,36.5℃,중고나라판매자,생활가전,,[출처] 중고나라 | [분석모델] CRP-LHTR1010FD | [모델근거] text_code | [원문링크] https://web.joongna.com/product/219097991
밥솥,쿠쿠 밥솥,쿠쿠 트윈프레셔 더라이트 CRP-ST0610FW 6인용 IH압력밥솥 판매,거래완료,"80,000원",,2025-09-08,0,0,0,36.5℃,중고나라판매자,생활가전,,[출처] 중고나라 | [분석모델] CRP-ST0610FW | [모델근거] text_code | [원문링크] https://web.joongna.com/product/219087159
밥솥,쿠쿠 밥솥,쿠쿠 IH 10인용 압력밥솥 CRP-CHS1010FW,거래중,"255,000원",문산읍,2025-09-08,0,0,0,36.5℃,중고나라판매자,생활가전,문산읍,[출처] 중고나라 | [분석모델] CRP-CHS1010FW | [모델근거] text_code | [원문링크] https://web.joongna.com/product/218809374
밥솥,쿠쿠 밥솥,쿠쿠 3인용 압력밥솥,거래완료,"110,000원",,2025-09-07,0,0,0,36.5℃,중고나라판매자,생활가전,,[출처] 중고나라 | [분석모델] 전기압력밥솥_3인용 | [모델근거] text_variant | [원문링크] https://web.joongna.com/product/219006973
밥솥,쿠쿠 밥솥,쿠쿠 35인용 전기밥솥 업소용,거래완료,"50,000원",일산동,2025-09-06,0,0,0,36.5℃,중고나라판매자,생활가전,일산동,[출처] 중고나라 | [분석모델] 전기보온밥솥_35인용 | [모델근거] text_variant | [원문링크] https://web.joongna.com/product/218938763
밥솥,쿠쿠 밥솥,쿠쿠 밥솥 DHB0660FDM 미개봉,거래완료,"150,000원",능평동,2025-09-06,0,0,0,36.5℃,중고나라판매자,생활가전,능평동,[출처] 중고나라 | [분석모델] DHB0660FDM | [모델근거] text_code | [원문링크] https://web.joongna.com/product/218931096
밥솥,쿠쿠 밥솥,쿠쿠전자 CRP-DHP0610FD 6인용 IH압력밥솥 판매,거래완료,"70,000원",,2025-09-05,0,0,0,36.5℃,중고나라판매자,생활가전,,[출처] 중고나라 | [분석모델] CRP-DHP0610FD | [모델근거] text_code | [원문링크] https://web.joongna.com/product/218909306
밥솥,쿠쿠 밥솥,쿠쿠 10인용 압력밥솥 CRP-A1050FR (내솥포함,거래완료,"20,000원",왕십리도선동,2025-09-05,0,0,0,36.5℃,중고나라판매자,생활가전,왕십리도선동,[출처] 중고나라 | [분석모델] CRP-A1050FR | [모델근거] text_code | [원문링크] https://web.joongna.com/product/218295399
밥솥,쿠쿠 밥솥,쿠쿠 IH밥솥 마스터셰프 트윈프레셔 CRP-LHTR1010FD 10인용 판매 합니다,거래완료,"170,000원",,2025-09-05,0,0,0,36.5℃,중고나라판매자,생활가전,,[출처] 중고나라 | [분석모델] CRP-LHTR1010FD | [모델근거] text_code | [원문링크] https://web.joongna.com/product/218849742
밥솥,쿠쿠 밥솥,택포) 쿠쿠 IH 6인용 밥솥,거래완료,"53,000원",,2025-09-04,0,0,0,36.5℃,중고나라판매자,생활가전,,"[출처] 중고나라 | [분석모델] 제품군 공통 | [모델근거] product_group | [원문설명] 밥솥은 사용감이 있고 내솥이랑 패킹은 새로 사서 몇번 안썼어요. ㅡ 입금후 택배예약 사진 보내드리고 최대한 빨리 발송해드려요. 빠른거래 위해서 저렴한 금액으로 판매하니 쿨거래 부탁드려요. 교환, 환불은 안되니 예민하신분은 피해주시고 신중하게 구매해주세요.🙏🏻 📢 제목에 ""제조사/ 브랜드 명""과 ""상품명(ex. 3000시리즈 전동 면도기)”을 넣어 작성하면, 보다 빠른 판매가 가능합니다! 📢 게시글 작성 시 배송 방법에 “직거래”와 “내 위치” 설정할 경우, 보다 빠른 판매가 가능합니다! 🚨회원님의 거래 게시글을 노린 중고나라 운영진 사칭 피싱 사이트를 주의하세요🚨 | [원문링크] https://web.joongna.com/product/218817849"
밥솥,쿠쿠 밥솥,쿠쿠밥솥 (CRP-NHTR1010FP),거래중,"450,000원",,2025-09-04,0,0,0,36.5℃,중고나라판매자,생활가전,,"[출처] 중고나라 | [분석모델] CRP-NHTR1010FP | [모델근거] text_code | [원문설명] 📢 제목에 ""제조사/ 브랜드 명""과 “상품명(ex. 4단 책장선반)”을 넣어 작성하면, 보다 빠른 판매가 가능합니다! 📢 게시글 작성 시 배송 방법에 “직거래”와 “내 위치” 설정할 경우, 보다 빠른 판매가 가능합니다! 🚨회원님의 거래 게시글을 노린 중고나라 운영진 사칭 피싱 사이트를 주의하세요🚨 -모델 확인하느라 한번개봉 새거입니다 010-7433-2365- -직거래만가능합니다- | [원문링크] https://web.joongna.com/product/218817910"
밥솥,쿠쿠 밥솥,쿠쿠 밥솥,거래완료,"50,000원",,2025-09-04,0,0,0,36.5℃,중고나라판매자,생활가전,,[출처] 중고나라 | [분석모델] 제품군 공통 | [모델근거] product_group | [원문설명] 쿠쿠 밥솥 진짜 싸게 내놓습니다 관심 있으시면 편하게 말씀해주세요 | [원문링크] https://web.joongna.com/product/218816457
밥솥,쿠쿠 밥솥,쿠쿠 IH밥솥 마스터셰프 트윈프레셔 CRP-LHTR1010FD 10인용 판매 합니다,거래완료,"170,000원",,2025-09-03,0,0,0,36.5℃,중고나라판매자,생활가전,,[출처] 중고나라 | [분석모델] CRP-LHTR1010FD | [모델근거] text_code | [원문링크] https://web.joongna.com/product/218771045
밥솥,쿠쿠 밥솥,쿠쿠 에그밥솥 팝니다. CR - 0775FW,거래완료,"20,000원",장충동,2025-09-03,0,0,0,36.5℃,중고나라판매자,생활가전,장충동,[출처] 중고나라 | [분석모델] CR-0775FW | [모델근거] text_code | [원문링크] https://web.joongna.com/product/218721475
밥솥,쿠쿠 밥솥,쿠쿠10인용 압력밥솥 3인용 2종 인기모델,거래중,"200,000원",,2025-09-02,0,0,0,36.5℃,중고나라판매자,생활가전,,[출처] 중고나라 | [분석모델] 전기압력밥솥_10인용 | [모델근거] text_variant | [원문링크] https://web.joongna.com/product/218685663
밥솥,쿠쿠 밥솥,쿠쿠 트윈프레셔 마스터셰프 CRP-LHTR0610FW 6인용 IH압력밥솥 판매,거래완료,"50,000원",,2025-09-02,0,0,0,36.5℃,중고나라판매자,생활가전,,[출처] 중고나라 | [분석모델] CRP-LHTR0610FW | [모델근거] text_code | [원문링크] https://web.joongna.com/product/218684884
밥솥,쿠쿠 밥솥,쿠쿠 트윈프레셔 더라이트 CRP-ST0610FW 6인용 IH압력밥솥 판매,거래완료,"80,000원",,2025-09-02,0,0,0,36.5℃,중고나라판매자,생활가전,,[출처] 중고나라 | [분석모델] CRP-ST0610FW | [모델근거] text_code | [원문링크] https://web.joongna.com/product/218684238
밥솥,쿠쿠 밥솥,쿠쿠 IH밥솥 마스터셰프 트윈프레셔 CRP-LHTR1010FD 10인용 판매 합니다,거래완료,"170,000원",,2025-09-02,0,0,0,36.5℃,중고나라판매자,생활가전,,[출처] 중고나라 | [분석모델] CRP-LHTR1010FD | [모델근거] text_code | [원문링크] https://web.joongna.com/product/218653522
밥솥,쿠쿠 밥솥,쿠쿠 전기밥솥 (10인용),거래완료,"50,000원",,2025-09-01,0,0,0,36.5℃,중고나라판매자,생활가전,,[출처] 중고나라 | [분석모델] 전기보온밥솥_10인용 | [모델근거] text_variant | [원문링크] https://web.joongna.com/product/218632261
밥솥,쿠쿠 밥솥,쿠쿠 압력밥솥 CRP-P104FB,거래완료,"90,000원",,2025-09-01,0,0,0,36.5℃,중고나라판매자,생활가전,,[출처] 중고나라 | [분석모델] CRP-P104FB | [모델근거] text_code | [원문링크] https://web.joongna.com/product/218612107
밥솥,쿠쿠 밥솥,쿠쿠 35인용 전기밥솥 업소용,거래완료,"100,000원",일산동,2025-09-01,0,0,0,36.5℃,중고나라판매자,생활가전,일산동,[출처] 중고나라 | [분석모델] 전기보온밥솥_35인용 | [모델근거] text_variant | [원문링크] https://web.joongna.com/product/218590546
밥솥,쿠쿠 밥솥,[미개봉] 새상품 쿠쿠 6인용 전기밥솥 판매합니다,거래완료,"80,000원",신안동,2025-09-01,0,0,0,36.5℃,중고나라판매자,생활가전,신안동,[출처] 중고나라 | [분석모델] 전기보온밥솥_6인용 | [모델근거] text_variant | [원문링크] https://web.joongna.com/product/218589736
밥솥,쿠쿠 밥솥,쿠쿠 IH밥솥 마스터셰프 트윈프레셔 CRP-LHTR1010FD 10인용 판매 합니다,거래완료,"180,000원",,2025-09-01,0,0,0,36.5℃,중고나라판매자,생활가전,,[출처] 중고나라 | [분석모델] CRP-LHTR1010FD | [모델근거] text_code | [원문링크] https://web.joongna.com/product/218586112
밥솥,쿠쿠 밥솥,쿠쿠 전기압력밥솥10인용 CRP-QS1020FGM,거래중,"120,000원",,2025-08-31,0,0,0,36.5℃,중고나라판매자,생활가전,,[출처] 중고나라 | [분석모델] CRP-QS1020FGM | [모델근거] text_code | [원문링크] https://web.joongna.com/product/218575677
밥솥,쿠쿠 밥솥,쿠쿠 전기밥솥 6인용 정상작동,거래완료,"45,000원",길동,2025-08-31,0,0,0,36.5℃,중고나라판매자,생활가전,길동,[출처] 중고나라 | [분석모델] 전기보온밥솥_6인용 | [모델근거] text_variant | [원문링크] https://web.joongna.com/product/217770382
밥솥,쿠쿠 밥솥,쿠쿠 6인용 밥솥,거래완료,"20,000원",오전동,2025-08-31,0,0,0,36.5℃,중고나라판매자,생활가전,오전동,"[출처] 중고나라 | [분석모델] CRP-N0680SR | [모델근거] detail_text_code | [원문설명] 쿠쿠 6인용 압력밥솥 CRP-N0680SR 모델입니다 - 6인용 IH압력밥솥 - 다양한 요리 기능 (백미, 잡곡, 현미/발아, 누룽지, 찜, 이유식 등) - 자동세척 기능 밥솥 상태는 사진 참고해주세요~ | [원문링크] https://web.joongna.com/product/218014934"
밥솥,쿠쿠 밥솥,쿠쿠 6인용 압력밥솥,거래완료,"35,000원",,2025-08-30,0,0,0,36.5℃,중고나라판매자,생활가전,,[출처] 중고나라 | [분석모델] 전기압력밥솥_6인용 | [모델근거] text_variant | [원문링크] https://web.joongna.com/product/216722143
밥솥,쿠쿠 밥솥,쿠쿠 2기압 6인용밥솥/CRP-FHS0610FD,거래완료,"90,000원",,2025-08-30,0,0,0,36.5℃,중고나라판매자,생활가전,,[출처] 중고나라 | [분석모델] CRP-FHS0610FD | [모델근거] text_code | [원문링크] https://web.joongna.com/product/216633098
밥솥,쿠쿠 밥솥,쿠쿠 전기밥솥 6인용,거래완료,"82,000원",,2025-08-30,0,0,0,36.5℃,중고나라판매자,생활가전,,[출처] 중고나라 | [분석모델] 전기보온밥솥_6인용 | [모델근거] text_variant | [원문링크] https://web.joongna.com/product/218477379
밥솥,쿠쿠 밥솥,쿠쿠 전기압력밥솥10인용 CRP-QS1020FGM,거래완료,"120,000원",,2025-08-30,0,0,0,36.5℃,중고나라판매자,생활가전,,[출처] 중고나라 | [분석모델] CRP-QS1020FGM | [모델근거] text_code | [원문링크] https://web.joongna.com/product/218469980
밥솥,쿠쿠 밥솥,쿠쿠 업소용 밥솥 CR-3055B,거래완료,"92,000원",자양제1동,2025-08-29,0,0,0,36.5℃,중고나라판매자,생활가전,자양제1동,[출처] 중고나라 | [분석모델] CR-3055B | [모델근거] text_code | [원문링크] https://web.joongna.com/product/218441346
밥솥,쿠쿠 밥솥,쿠쿠 전기밥솥,거래중,"70,000원",신사동,2025-08-29,0,0,0,36.5℃,중고나라판매자,생활가전,신사동,[출처] 중고나라 | [분석모델] 전기보온밥솥 | [모델근거] text_variant | [원문링크] https://web.joongna.com/product/218435364
밥솥,쿠쿠 밥솥,쿠쿠전자 압력밥솥 BHXB061FS (6인용),거래완료,"50,000원",옥수동,2025-08-28,0,0,0,36.5℃,중고나라판매자,생활가전,옥수동,[출처] 중고나라 | [분석모델] BHXB061FS | [모델근거] text_code | [원문링크] https://web.joongna.com/product/218399528
밥솥,쿠쿠 밥솥,쿠쿠 IH압력밥솥 10인용 다크그레이,거래완료,"60,000원",지동,2025-08-28,0,0,0,36.5℃,중고나라판매자,생활가전,지동,[출처] 중고나라 | [분석모델] IH압력밥솥_10인용 | [모델근거] text_variant | [원문링크] https://web.joongna.com/product/218401052
밥솥,쿠쿠 밥솥,쿠쿠전자 마스터쉐프 silence objet 전기밥솥 (CRP-OHTR0610FGW) 팝니다,거래완료,"450,000원",소하1동,2025-08-28,0,0,0,36.5℃,중고나라판매자,생활가전,소하1동,"[출처] 중고나라 | [분석모델] CRP-OHTR0610FGW | [모델근거] text_code | [원문설명] 📢 제목에 ""제조사/ 브랜드 명""과 “상품명(ex. 4단 책장선반)”을 넣어 작성하면, 보다 빠른 판매가 가능합니다! 📢 게시글 작성 시 배송 방법에 “직거래”와 “내 위치” 설정할 경우, 보다 빠른 판매가 가능합니다! 쿠쿠전자 마스터쉐프 silence objet 전기밥솥(CRP-OHTR0610FGW) 팝니다 혼수 장만 하였는데 작은듯 하여 단순개봉 미사용 판매 합니다. 연락주세요 🚨회원님의 거래 게시글을 노린 중고나라 운영진 사칭 피싱 사이트를 주의하세요🚨 | [원문링크] https://web.joongna.com/product/218399266"
밥솥,쿠쿠 밥솥,쿠쿠전자 압력밥솥 BHXB0610FS,거래중,"50,000원",옥수동,2025-08-28,0,0,0,36.5℃,중고나라판매자,생활가전,옥수동,[출처] 중고나라 | [분석모델] BHXB0610FS | [모델근거] text_code | [원문링크] https://web.joongna.com/product/218103647
밥솥,쿠쿠 밥솥,쿠쿠 3인용 IH방식 3인용 프리미엄 압력밥솥,거래완료,"170,000원",,2025-08-28,0,0,0,36.5℃,중고나라판매자,생활가전,,[출처] 중고나라 | [분석모델] 전기압력밥솥_3인용 | [모델근거] text_variant | [원문링크] https://web.joongna.com/product/218398492
밥솥,쿠쿠 밥솥,쿠쿠 10인용 압력밥솥,거래중,"100,000원",오산면,2025-08-28,0,0,0,36.5℃,중고나라판매자,생활가전,오산면,[출처] 중고나라 | [분석모델] 전기압력밥솥_10인용 | [모델근거] text_variant | [원문링크] https://web.joongna.com/product/218380218
밥솥,쿠쿠 밥솥,쿠쿠ih 압력밥솥 6인용,거래완료,"35,000원",,2025-08-28,0,0,0,36.5℃,중고나라판매자,생활가전,,[출처] 중고나라 | [분석모델] IH압력밥솥_6인용 | [모델근거] text_variant | [원문링크] https://web.joongna.com/product/215013068
밥솥,쿠쿠 밥솥,쿠쿠 압력밥솥 CRP-C1060SI 10인용,거래완료,"100,000원",북가좌제1동,2025-08-28,0,0,0,36.5℃,중고나라판매자,생활가전,북가좌제1동,[출처] 중고나라 | [분석모델] CRP-C1060SI | [모델근거] text_code | [원문링크] https://web.joongna.com/product/218362120
밥솥,쿠쿠 밥솥,쿠쿠 3인용 전기밥솥 미사용,거래완료,"40,000원",,2025-08-28,0,0,0,36.5℃,중고나라판매자,생활가전,,[출처] 중고나라 | [분석모델] 전기보온밥솥_3인용 | [모델근거] text_variant | [원문링크] https://web.joongna.com/product/218352759
밥솥,쿠쿠 밥솥,쿠쿠밥솥 6인용 판매합니다,거래중,"250,000원",사당제1동,2025-08-28,0,0,0,36.5℃,중고나라판매자,생활가전,사당제1동,"[출처] 중고나라 | [분석모델] 제품군 공통 | [모델근거] product_group | [원문설명] 📢 제목에 ""제조사/ 브랜드 명""과 ""상품명(ex. 3000시리즈 전동 면도기)”을 넣어 작성하면, 보다 빠른 판매가 가능합니다! 📢 게시글 작성 시 배송 방법에 “직거래”와 “내 위치” 설정할 경우, 보다 빠른 판매가 가능합니다! 🚨회원님의 거래 게시글을 노린 중고나라 운영진 사칭 피싱 사이트를 주의하세요🚨 개봉도 하지않은 쿠쿠밥솥팝니다. 25만원이고 네고문자 답장 못드려요~ 010-74팔팔-6269 입니다 직거래는 사당동 집앞으로 오시면 가능합니다! | [원문링크] https://web.joongna.com/product/218348849"
밥솥,쿠쿠 밥솥,쿠쿠 IH10인용압력밥솥 (트윈프레셔),거래완료,"160,000원",도봉제2동,2025-08-27,0,0,0,36.5℃,중고나라판매자,생활가전,도봉제2동,[출처] 중고나라 | [분석모델] 트윈프레셔_10인용 | [모델근거] text_variant | [원문링크] https://web.joongna.com/product/218338871
밥솥,쿠쿠 밥솥,쿠쿠 6인용 밥솥 CRP-R061FC 팝니다.,거래중,"75,000원",장위제2동,2025-08-27,0,0,0,36.5℃,중고나라판매자,생활가전,장위제2동,[출처] 중고나라 | [분석모델] CRP-R061FC | [모델근거] text_code | [원문링크] https://web.joongna.com/product/211463347
밥솥,쿠쿠 밥솥,쿠쿠 3인용 인기모델 압력밥솥,거래중,"124,000원",,2025-08-27,0,0,0,36.5℃,중고나라판매자,생활가전,,[출처] 중고나라 | [분석모델] 전기압력밥솥_3인용 | [모델근거] text_variant | [원문링크] https://web.joongna.com/product/218321273
밥솥,쿠쿠 밥솥,쿠쿠 6인용 IH압력밥솥 세제품 팝니다,거래완료,"230,000원",대야동,2025-08-27,0,0,0,36.5℃,중고나라판매자,생활가전,대야동,[출처] 중고나라 | [분석모델] IH압력밥솥_6인용 | [모델근거] text_variant | [원문링크] https://web.joongna.com/product/217668370
밥솥,쿠쿠 밥솥,쿠쿠CUCKOO CRP-EHS0310FW 화이트실버 자취밥솥 3인용 밥솥 미니밥솥,거래완료,"200,000원",,2025-08-27,0,0,0,36.5℃,중고나라판매자,생활가전,,[출처] 중고나라 | [분석모델] CRP-EHS0310FW | [모델근거] text_code | [원문링크] https://web.joongna.com/product/218309504
밥솥,쿠쿠 밥솥,쿠쿠밥솥 6인용 판매합니다,거래완료,"250,000원",사당제1동,2025-08-27,0,0,0,36.5℃,중고나라판매자,생활가전,사당제1동,"[출처] 중고나라 | [분석모델] 제품군 공통 | [모델근거] product_group | [원문설명] 📢 제목에 ""제조사/ 브랜드 명""과 ""상품명(ex. 3000시리즈 전동 면도기)”을 넣어 작성하면, 보다 빠른 판매가 가능합니다! 📢 게시글 작성 시 배송 방법에 “직거래”와 “내 위치” 설정할 경우, 보다 빠른 판매가 가능합니다! 🚨회원님의 거래 게시글을 노린 중고나라 운영진 사칭 피싱 사이트를 주의하세요🚨 개봉도 하지않은 쿠쿠밥솥팝니다. 25만원이고 네고문자 답장 못드려요~ 010-74팔팔-6269 입니다 직거래는 사당동 집앞으로 오시면 가능합니다! | [원문링크] https://web.joongna.com/product/218284456"
청소기,다이슨 청소기,깨끗하게 세척한 다이슨 무선 청소기 V10 롱버전 풀세트(90분 연속동작,거래중,"175,000원",흥해읍,2026-08-27,0,0,0,36.5℃,중고나라판매자,생활가전,흥해읍,[출처] 중고나라 | [분석모델] V10 | [모델근거] text_code | [원문링크] https://web.joongna.com/product/231363937
청소기,다이슨 청소기,다이슨 Dyson 청소기 버큠 헤드 흡입툴 흡입 헤드툴흡입 카펫개인입니다가까운곳은 2만원추가시 집 문앞에 놓아드려요,거래중,"40,000원",청담동,2026-08-27,0,0,0,36.5℃,중고나라판매자,생활가전,청담동,[출처] 중고나라 | [분석모델] 제품군 공통 | [모델근거] product_group | [원문링크] https://web.joongna.com/product/231559677
청소기,다이슨 청소기,[dyson] 다이슨 무선청소기 v7 fluffy,거래중,"109,000원",상계5동,2026-08-27,0,0,0,36.5℃,중고나라판매자,생활가전,상계5동,[출처] 중고나라 | [분석모델] V7 | [모델근거] text_code | [원문링크] https://web.joongna.com/product/231769948
청소기,다이슨 청소기,깨끗하게 세척한 다이슨 무선 청소기 V8(33분 연속동작),거래중,"125,000원",흥해읍,2026-08-27,0,0,0,36.5℃,중고나라판매자,생활가전,흥해읍,[출처] 중고나라 | [분석모델] V8 | [모델근거] text_code | [원문링크] https://web.joongna.com/product/231904629
청소기,다이슨 청소기,깨끗하게 세척한 다이슨 무선 청소기 V10 풀세트(51분 연속동작),거래중,"145,000원",흥해읍,2026-08-27,0,0,0,36.5℃,중고나라판매자,생활가전,흥해읍,[출처] 중고나라 | [분석모델] V10 | [모델근거] text_code | [원문링크] https://web.joongna.com/product/231899285
청소기,다이슨 청소기,깨끗하게 세척한 다이슨 무선 청소기 V7(23분 연속동작),거래중,"77,000원",흥해읍,2026-08-27,0,0,0,36.5℃,중고나라판매자,생활가전,흥해읍,[출처] 중고나라 | [분석모델] V7 | [모델근거] text_code | [원문링크] https://web.joongna.com/product/231874690
청소기,다이슨 청소기,깨끗하게 세척한 다이슨 무선 청소기 V11 풀세트(81분 연속동작),거래중,"265,000원",흥해읍,2026-08-27,0,0,0,36.5℃,중고나라판매자,생활가전,흥해읍,[출처] 중고나라 | [분석모델] V11 | [모델근거] text_code | [원문링크] https://web.joongna.com/product/231874602
청소기,다이슨 청소기,깨끗하게 세척한 다이슨 V6[DC62] 무선 청소기(19분 연속동작),거래중,"67,000원",흥해읍,2026-08-27,0,0,0,36.5℃,중고나라판매자,생활가전,흥해읍,[출처] 중고나라 | [분석모델] V6 | [모델근거] text_code | [원문링크] https://web.joongna.com/product/231813845
청소기,다이슨 청소기,깨끗하게 세척한 다이슨 무선 청소기 V8(33분 연속동작),거래중,"125,000원",흥해읍,2026-08-27,0,0,0,36.5℃,중고나라판매자,생활가전,흥해읍,[출처] 중고나라 | [분석모델] V8 | [모델근거] text_code | [원문링크] https://web.joongna.com/product/231775460
청소기,다이슨 청소기,깨끗하게 세척한 다이슨 V6 무선 청소기 본체(방전),거래중,"22,000원",흥해읍,2026-08-27,0,0,0,36.5℃,중고나라판매자,생활가전,흥해읍,[출처] 중고나라 | [분석모델] V6 | [모델근거] text_code | [원문링크] https://web.joongna.com/product/231417216
청소기,다이슨 청소기,깨끗하게 세척한 다이슨 무선 청소기 V11 풀세트(73분 연속동작),거래중,"239,000원",흥해읍,2026-08-27,0,0,0,36.5℃,중고나라판매자,생활가전,흥해읍,[출처] 중고나라 | [분석모델] V11 | [모델근거] text_code | [원문링크] https://web.joongna.com/product/231590504
청소기,다이슨 청소기,다이슨 360 Vis nav 로봇청소기 새상품급,거래중,"410,000원",서초2동,2026-08-27,0,0,0,36.5℃,중고나라판매자,생활가전,서초2동,[출처] 중고나라 | [분석모델] 360_VIS_NAV | [모델근거] text_variant | [원문링크] https://web.joongna.com/product/231901113
청소기,다이슨 청소기,다이슨 청소기 V16 가장 최신형 판매합니다,거래중,"1,100,000원",동탄7동,2026-08-27,0,0,0,36.5℃,중고나라판매자,생활가전,동탄7동,[출처] 중고나라 | [분석모델] V16 | [모델근거] text_code | [원문링크] https://web.joongna.com/product/231901495
청소기,다이슨 청소기,깨끗하게 세척한 다이슨 무선 청소기 V8(33분 연속동작),거래중,"125,000원",흥해읍,2026-08-27,0,0,0,36.5℃,중고나라판매자,생활가전,흥해읍,[출처] 중고나라 | [분석모델] V8 | [모델근거] text_code | [원문링크] https://web.joongna.com/product/231899538
청소기,다이슨 청소기,깨끗하게 세척한 다이슨 V6[DC62] 무선 청소기(21분 연속동작),거래중,"67,000원",흥해읍,2026-08-27,0,0,0,36.5℃,중고나라판매자,생활가전,흥해읍,[출처] 중고나라 | [분석모델] V6 | [모델근거] text_code | [원문링크] https://web.joongna.com/product/231899508
청소기,다이슨 청소기,다이슨 옴니 글라이드 무선청소기,거래중,"90,000원",정관읍,2026-08-27,0,0,0,36.5℃,중고나라판매자,생활가전,정관읍,[출처] 중고나라 | [분석모델] OMNI_GLIDE | [모델근거] text_variant | [원문링크] https://web.joongna.com/product/230757663
청소기,다이슨 청소기,깨끗하게 세척한 다이슨 V6 무선 청소기 본체(방전),거래중,"22,000원",흥해읍,2026-08-27,0,0,0,36.5℃,중고나라판매자,생활가전,흥해읍,[출처] 중고나라 | [분석모델] V6 | [모델근거] text_code | [원문링크] https://web.joongna.com/product/231412025
청소기,다이슨 청소기,깨끗하게 세척한 다이슨 무선 청소기 V11 풀세트(73분 연속동작),거래중,"237,000원",흥해읍,2026-08-27,0,0,0,36.5℃,중고나라판매자,생활가전,흥해읍,[출처] 중고나라 | [분석모델] V11 | [모델근거] text_code | [원문링크] https://web.joongna.com/product/231357645
청소기,다이슨 청소기,깨끗하게 세척한 다이슨 무선 청소기 V10 롱버전 풀세트(90분 연속동작,거래중,"167,000원",흥해읍,2026-08-27,0,0,0,36.5℃,중고나라판매자,생활가전,흥해읍,[출처] 중고나라 | [분석모델] V10 | [모델근거] text_code | [원문링크] https://web.joongna.com/product/231383867
청소기,다이슨 청소기,다이슨v11 컴플리트 무선청소기,거래중,"230,000원",대신동,2026-08-27,0,0,0,36.5℃,중고나라판매자,생활가전,대신동,[출처] 중고나라 | [분석모델] V11 | [모델근거] text_code | [원문링크] https://web.joongna.com/product/231705085
청소기,다이슨 청소기,다이슨 디지털 슬림옵틱 청소기 새상품,거래중,"350,000원",,2026-08-27,0,0,0,36.5℃,중고나라판매자,생활가전,,[출처] 중고나라 | [분석모델] DIGITAL_SLIM | [모델근거] text_variant | [원문링크] https://web.joongna.com/product/231845873
청소기,다이슨 청소기,다이슨 V10무선청소기,거래중,"180,000원",상계1동,2026-08-27,0,0,0,36.5℃,중고나라판매자,생활가전,상계1동,[출처] 중고나라 | [분석모델] V10 | [모델근거] text_code | [원문링크] https://web.joongna.com/product/231896867
청소기,다이슨 청소기,"다이슨 무선청소기 V10(거의 A급,삼성배터리교체>1시간14분작동,전체해체,Cleaning완)",거래중,"208,000원",죽전1동,2026-08-27,0,0,0,36.5℃,중고나라판매자,생활가전,죽전1동,[출처] 중고나라 | [분석모델] V10 | [모델근거] text_code | [원문링크] https://web.joongna.com/product/231409282
청소기,다이슨 청소기,다이슨 무선청소기v10 입니다,거래중,"200,000원",,2026-08-27,0,0,0,36.5℃,중고나라판매자,생활가전,,[출처] 중고나라 | [분석모델] V10 | [모델근거] text_code | [원문링크] https://web.joongna.com/product/231783773
청소기,다이슨 청소기,다이슨 V8 무선청소기 / 디월트 / 보쉬,거래중,"4,321원",역삼1동,2026-08-27,0,0,0,36.5℃,중고나라판매자,생활가전,역삼1동,[출처] 중고나라 | [분석모델] V8 | [모델근거] text_code | [원문링크] https://web.joongna.com/product/231894417
청소기,다이슨 청소기,다이슨 정품 싸이클론 V10 무선청소기 미개봉 팝니다 ( 서울 ),거래중,"290,000원",청담동,2026-08-26,0,0,0,36.5℃,중고나라판매자,생활가전,청담동,[출처] 중고나라 | [분석모델] V10 | [모델근거] text_code | [원문링크] https://web.joongna.com/product/231890095
청소기,다이슨 청소기,다이슨 무선청소기 sv09,거래중,"20,000원",방화제3동,2026-08-26,0,0,0,36.5℃,중고나라판매자,생활가전,방화제3동,[출처] 중고나라 | [분석모델] SV09 | [모델근거] text_code | [원문링크] https://web.joongna.com/product/231887508
청소기,다이슨 청소기,다이슨 DC74 V6 카본 파이버 무선 청소기,거래중,"55,000원",,2026-08-26,0,0,0,36.5℃,중고나라판매자,생활가전,,[출처] 중고나라 | [분석모델] DC74 | [모델근거] text_code | [원문링크] https://web.joongna.com/product/231702845
청소기,다이슨 청소기,다이슨 청소기,거래중,"50,000원",반포3동,2026-08-26,0,0,0,36.5℃,중고나라판매자,생활가전,반포3동,[출처] 중고나라 | [분석모델] 제품군 공통 | [모델근거] product_group | [원문설명] 충전기는 없어서 따로 어댑터만 구매하면 됩니다 | [원문링크] https://web.joongna.com/product/231810972
청소기,다이슨 청소기,다이슨 V6 무선청소기 본체,거래중,"30,000원",덕천제1동,2026-08-26,0,0,0,36.5℃,중고나라판매자,생활가전,덕천제1동,[출처] 중고나라 | [분석모델] V6 | [모델근거] text_code | [원문링크] https://web.joongna.com/product/225228020
청소기,다이슨 청소기,[로봇청소기] 다이슨 스팟앤스크럽 Ai 로봇청소기 판매합니다.,거래중,"700,000원",등촌제1동,2026-08-26,0,0,0,36.5℃,중고나라판매자,생활가전,등촌제1동,"[출처] 중고나라 | [분석모델] SPOT_AND_SCRUB | [모델근거] text_variant | [원문설명] ■ 제품 정보 - 모델명 : 다이슨 스팟앤스크럽 Ai (144385-01 / RB05-A, 블랙+블루) - 무상 AS 기간 : 28년 2월까지 - 종류 : 올인원 로봇청소기 (흡입 + 물걸레) - 흡입력 : 18,000Pa - 물걸레 : 롤러형, 60℃ 온수 세척, 실시간 물걸레 세척, 물걸레확장암 - 스테이션 : 먼지비움, 걸레세척(온수), 걸레건조(온풍), 세제투입, 스테이션 자가청소, 자동급수, 자동충전 - 인식 : LDS+카메라 센서, 2D·3D 맵핑, AI 사물인식, 오염도 감지, 장애물 회피 - 주행 : 문턱넘기 2cm / 통과높이 11cm - 크기 : 청소기 373x110x370mm / 스테이션 440x508x455mm - 무게 : 6.6kg 찌든 때를 감지하면 해당 구간을 최대 15번 반복 청소하는 다이슨만의 방식이 적용된 모델입니다. 60℃ 온수로 물걸레를 세척하고 온풍으로 건조까지 해줘 걸레 냄새 걱정이 적습니다. 스테이션이 먼지비움·세제투입·자동급수까지 처리해 손이 거의 가지 않습니다. 총 청소 기록 약 7분으로 사용량이 매우 적으며, 무상 AS 기간이 28년 2월까지 남아있어 안심하고 사용 가능합니다. 밑판 상부에 스크래치가 있으나 사용에 지장이 없으며, 그 외 전체 상태 양호하고 전체 클리닝 작업 완료했습니다. 진공 청소 각 모드, 물걸레 청소 각 모드, 물걸레 세척 및 건조, 오수 배출, 어플 연결 및 와이파이 연결 모두 정상 작동 확인했습니다. 구성품과 제품 외관 상태는 사진 참고 부탁드립니다. 직거래 / 택배거래 가능합니다. **중고 특성상 단순변심으로 인한 반품 및 환불은 어려운 점 양해 부탁드립니다.** | [원문링크] https://web.joongna.com/product/231879936"
청소기,다이슨 청소기,다이슨 360 vis nav 로봇 청소기 304631-01,거래중,"400,000원",가산동,2026-08-26,0,0,0,36.5℃,중고나라판매자,생활가전,가산동,[출처] 중고나라 | [분석모델] 360_VIS_NAV | [모델근거] text_variant | [원문링크] https://web.joongna.com/product/231877531
청소기,다이슨 청소기,다이슨 무선청소기,거래중,"155,000원",호평동,2026-08-26,0,0,0,36.5℃,중고나라판매자,생활가전,호평동,[출처] 중고나라 | [분석모델] 제품군 공통 | [모델근거] product_group | [원문설명] 다이슨 무선 청소기 배터리 새상품 교체했습니다 먼지 흡입력 좋습니다 틈새 청소기부품 있습니다 먼지통 깨끗이 비우고 전체적으로 깨끗이 닦아놨습니다 안전결제후 선입금이나 예약금 먼저오시는분 위주로 거래합니다 찔러보기 안됩니다 반품환불불가 택배거래시 6900원 추가 택배거래시 가끔 비매너 이신분이 계셔서 방문택배 신청후 절대 취소불가이니 신중한 거래 바랍니다 꼭 하실분만 매너거래 원합니다 | [원문링크] https://web.joongna.com/product/231637811
청소기,다이슨 청소기,다이슨V11컴플리트 무선청소기 미개봉새상품,거래중,"490,000원",서현1동,2026-08-26,0,0,0,36.5℃,중고나라판매자,생활가전,서현1동,[출처] 중고나라 | [분석모델] V11 | [모델근거] text_code | [원문링크] https://web.joongna.com/product/231709082
청소기,다이슨 청소기,다이슨 v11 에어와츠 최상급 청소기,거래중,"300,000원",,2026-08-26,0,0,0,36.5℃,중고나라판매자,생활가전,,[출처] 중고나라 | [분석모델] V11 | [모델근거] text_code | [원문링크] https://web.joongna.com/product/230480714
청소기,다이슨 청소기,다이슨 V7 무선 청소기 본체,거래중,"40,000원",덕천제1동,2026-08-26,0,0,0,36.5℃,중고나라판매자,생활가전,덕천제1동,[출처] 중고나라 | [분석모델] V7 | [모델근거] text_code | [원문링크] https://web.joongna.com/product/231823518
청소기,다이슨 청소기,(청소시간 11분) 다이슨 스팟앤스크럽 Ai 로봇 청소기 144385-01,거래중,"500,000원",가산동,2026-08-26,0,0,0,36.5℃,중고나라판매자,생활가전,가산동,[출처] 중고나라 | [분석모델] SPOT_AND_SCRUB | [모델근거] text_variant | [원문링크] https://web.joongna.com/product/231871204
청소기,다이슨 청소기,다이슨 무선청소기,거래중,"50,000원",죽전1동,2026-08-26,0,0,0,36.5℃,중고나라판매자,생활가전,죽전1동,[출처] 중고나라 | [분석모델] 제품군 공통 | [모델근거] product_group | [원문설명] 다이슨 무선청소기 세트 판매해요. 충전기와 브러시 포함되어 있고 상태 양호합니다. 깔끔하게 사용했어요! 5만원 판매합니다 | [원문링크] https://web.joongna.com/product/231754423
청소기,다이슨 청소기,다이슨 무선청소기,거래중,"99,000원",호평동,2026-08-26,0,0,0,36.5℃,중고나라판매자,생활가전,호평동,[출처] 중고나라 | [분석모델] 제품군 공통 | [모델근거] product_group | [원문설명] 보통기본으로 작동시 한번충전하면 오래씁니다 맥스로 작동시 금방 꺼집니다 보통 기본으로 작동시 먼지 흡입 잘됩니다 그냥 기본으로 사용 하시면 됩니다 작동시 조용합니다 먼지통 깨끗이 비우고 전체적으로 깨끗이 닦아놨습니다 안쓸땐 충전기에 꽂아놓으시면 됩니다 안전결제후 먼저오시는분 위주로 거래합니다 찔러보기 안됩니다 반품환불불가 택배거래시 6900원 추가 택배거래시 가끔 비매너 이신분이 계셔서 방문택배 신청후 절대 취소불가이니 신중한 거래 바랍니다 꼭 하실분만 매너거래 원합니다 | [원문링크] https://web.joongna.com/product/231670491
청소기,다이슨 청소기,다이슨 무선청소기,거래중,"155,000원",호평동,2026-08-26,0,0,0,36.5℃,중고나라판매자,생활가전,호평동,[출처] 중고나라 | [분석모델] 제품군 공통 | [모델근거] product_group | [원문설명] 다이슨 무선 청소기 배터리 새상품 교체했습니다 먼지 흡입력 좋습니다 틈새 청소기부품 있습니다 먼지통 깨끗이 비우고 전체적으로 깨끗이 닦아놨습니다 안전결제후 선입금이나 예약금 먼저오시는분 위주로 거래합니다 찔러보기 안됩니다 반품환불불가 택배거래시 6900원 추가 택배거래시 가끔 비매너 이신분이 계셔서 방문택배 신청후 절대 취소불가이니 신중한 거래 바랍니다 꼭 하실분만 매너거래 원합니다 | [원문링크] https://web.joongna.com/product/231666450
청소기,다이슨 청소기,다이슨 V8 앱솔루트 엑스트라 무선청소기,거래중,"105,000원",세곡동,2026-08-26,0,0,0,36.5℃,중고나라판매자,생활가전,세곡동,[출처] 중고나라 | [분석모델] V8 | [모델근거] text_code | [원문링크] https://web.joongna.com/product/229253670
청소기,다이슨 청소기,다이슨 V8 앱솔루트 무선청소기,거래중,"128,000원",세곡동,2026-08-26,0,0,0,36.5℃,중고나라판매자,생활가전,세곡동,[출처] 중고나라 | [분석모델] V8 | [모델근거] text_code | [원문링크] https://web.joongna.com/product/228292374
청소기,다이슨 청소기,다이슨 V10무선청소기,거래중,"180,000원",상계1동,2026-08-26,0,0,0,36.5℃,중고나라판매자,생활가전,상계1동,[출처] 중고나라 | [분석모델] V10 | [모델근거] text_code | [원문링크] https://web.joongna.com/product/231865497
청소기,다이슨 청소기,다이슨 무선청소기,거래중,"155,000원",호평동,2026-08-26,0,0,0,36.5℃,중고나라판매자,생활가전,호평동,[출처] 중고나라 | [분석모델] 제품군 공통 | [모델근거] product_group | [원문설명] 다이슨 무선 청소기 배터리 새상품 교체했습니다 먼지 흡입력 좋습니다 틈새 청소기부품 있습니다 먼지통 깨끗이 비우고 전체적으로 깨끗이 닦아놨습니다 안전결제후 선입금이나 예약금 먼저오시는분 위주로 거래합니다 찔러보기 안됩니다 반품환불불가 택배거래시 6900원 추가 택배거래시 가끔 비매너 이신분이 계셔서 방문택배 신청후 절대 취소불가이니 신중한 거래 바랍니다 꼭 하실분만 매너거래 원합니다 | [원문링크] https://web.joongna.com/product/231666478
청소기,다이슨 청소기,다이슨SV18디지털슬림무선청소기,거래중,"200,000원",,2026-08-25,0,0,0,36.5℃,중고나라판매자,생활가전,,[출처] 중고나라 | [분석모델] SV18 | [모델근거] text_code | [원문링크] https://web.joongna.com/product/231861277
청소기,다이슨 청소기,다이슨V8 무선청소기,거래중,"68,000원",,2026-08-25,0,0,0,36.5℃,중고나라판매자,생활가전,,[출처] 중고나라 | [분석모델] V8 | [모델근거] text_code | [원문링크] https://web.joongna.com/product/231419616
청소기,다이슨 청소기,다이슨 청소기 v6 본체,거래중,"20,000원",,2026-08-25,0,0,0,36.5℃,중고나라판매자,생활가전,,[출처] 중고나라 | [분석모델] V6 | [모델근거] text_code | [원문링크] https://web.joongna.com/product/231581490
청소기,다이슨 청소기,다이슨 V11 컴플리트 블루 무선청소기,거래중,"240,000원",다산2동,2026-08-25,0,0,0,36.5℃,중고나라판매자,생활가전,다산2동,[출처] 중고나라 | [분석모델] V11 | [모델근거] text_code | [원문링크] https://web.joongna.com/product/231799594
청소기,다이슨 청소기,다이슨 무선청소기 싸이클론 V10 레드,거래중,"200,000원",,2026-08-25,0,0,0,36.5℃,중고나라판매자,생활가전,,[출처] 중고나라 | [분석모델] V10 | [모델근거] text_code | [원문링크] https://web.joongna.com/product/231838986
청소기,다이슨 청소기,미개봉] 다이슨 v16 피스톤 애니멀 서브마린 무선청소기 판매합니다,거래중,"1,000,000원",송부동,2026-08-25,0,0,0,36.5℃,중고나라판매자,생활가전,송부동,[출처] 중고나라 | [분석모델] V16 | [모델근거] text_code | [원문링크] https://web.joongna.com/product/231835371
청소기,다이슨 청소기,다이슨 V8 무선 청소기,거래중,"130,000원",문정2동,2026-08-25,0,0,0,36.5℃,중고나라판매자,생활가전,문정2동,[출처] 중고나라 | [분석모델] V8 | [모델근거] text_code | [원문링크] https://web.joongna.com/product/231834854
청소기,다이슨 청소기,다이슨 유선청소기 dc52 (바퀴파손),거래중,"80,000원",,2026-08-24,0,0,0,36.5℃,중고나라판매자,생활가전,,[출처] 중고나라 | [분석모델] DC52 | [모델근거] text_code | [원문링크] https://web.joongna.com/product/228651985
청소기,다이슨 청소기,다이슨 초경량 무선 청소기 마이크로 1.5 충전거치대 포함,거래중,"310,000원",,2026-08-24,0,0,0,36.5℃,중고나라판매자,생활가전,,[출처] 중고나라 | [분석모델] MICRO_1.5KG | [모델근거] text_variant | [원문링크] https://web.joongna.com/product/231494126
청소기,다이슨 청소기,다이슨v10 무선청소기 본체,거래중,"100,000원",우산동,2026-08-24,0,0,0,36.5℃,중고나라판매자,생활가전,우산동,[출처] 중고나라 | [분석모델] V10 | [모델근거] text_code | [원문링크] https://web.joongna.com/product/231408790
청소기,다이슨 청소기,다이슨 V8 플러피 청소기 (직거래) <북수원>,거래중,"90,000원",정자1동,2026-08-24,0,0,0,36.5℃,중고나라판매자,생활가전,정자1동,[출처] 중고나라 | [분석모델] V8 | [모델근거] text_code | [원문링크] https://web.joongna.com/product/230407461
청소기,다이슨 청소기,다이슨V8무선청소기,거래중,"177,000원",,2026-08-24,0,0,0,36.5℃,중고나라판매자,생활가전,,[출처] 중고나라 | [분석모델] V8 | [모델근거] text_code | [원문링크] https://web.joongna.com/product/230152281
청소기,다이슨 청소기,다이슨V10무선청소기,거래중,"217,000원",,2026-08-24,0,0,0,36.5℃,중고나라판매자,생활가전,,[출처] 중고나라 | [분석모델] V10 | [모델근거] text_code | [원문링크] https://web.joongna.com/product/228654534
청소기,다이슨 청소기,다이슨V11무선청소기,거래중,"259,000원",,2026-08-24,0,0,0,36.5℃,중고나라판매자,생활가전,,[출처] 중고나라 | [분석모델] V11 | [모델근거] text_code | [원문링크] https://web.joongna.com/product/231444681
청소기,다이슨 청소기,[새제품]다이슨 V6 애니멀 무선 청소기,거래중,"165,000원",보라동,2026-08-24,0,0,0,36.5℃,중고나라판매자,생활가전,보라동,[출처] 중고나라 | [분석모델] V6 | [모델근거] text_code | [원문링크] https://web.joongna.com/product/231198421
청소기,다이슨 청소기,다이슨v6무선청소기,거래중,"50,000원",,2026-08-24,0,0,0,36.5℃,중고나라판매자,생활가전,,[출처] 중고나라 | [분석모델] V6 | [모델근거] text_code | [원문링크] https://web.joongna.com/product/231813245
청소기,다이슨 청소기,다이슨 펜슬백 플러피콘 청소기 한국 정발 미개봉,거래중,"480,000원",장유3동,2026-08-24,0,0,0,36.5℃,중고나라판매자,생활가전,장유3동,[출처] 중고나라 | [분석모델] PENCILVAC | [모델근거] text_variant | [원문링크] https://web.joongna.com/product/231811761
청소기,다이슨 청소기,다이슨 청소기 주변도구 팝니다,거래중,"20,000원",,2026-08-24,0,0,0,36.5℃,중고나라판매자,생활가전,,[출처] 중고나라 | [분석모델] 제품군 공통 | [모델근거] product_group | [원문설명] 다이슨 청소기 주변도구 팝니다 상태 양호합니다 구입의사있으신 분은 연락주십시오 | [원문링크] https://web.joongna.com/product/231811318
청소기,다이슨 청소기,다이슨v8무선 청소기. 상태최상소모품 올교환..,거래중,"190,000원",일산2동,2026-08-24,0,0,0,36.5℃,중고나라판매자,생활가전,일산2동,[출처] 중고나라 | [분석모델] V8 | [모델근거] text_code | [원문링크] https://web.joongna.com/product/231646124
청소기,다이슨 청소기,다이슨 V10 무선 청소기 판매합니다.,거래중,"180,000원",,2026-08-24,0,0,0,36.5℃,중고나라판매자,생활가전,,[출처] 중고나라 | [분석모델] V10 | [모델근거] text_code | [원문링크] https://web.joongna.com/product/230438497
청소기,다이슨 청소기,다이슨 디지털 슬림 무선 청소기 V18,거래중,"195,000원",세곡동,2026-08-24,0,0,0,36.5℃,중고나라판매자,생활가전,세곡동,[출처] 중고나라 | [분석모델] V18 | [모델근거] text_code | [원문링크] https://web.joongna.com/product/229089357
청소기,다이슨 청소기,[풀박스] 다이슨 스팟앤스크럽 Ai 로봇청소기 (블랙+블루 / 모델명: RB05-A),거래중,"700,000원",가산동,2026-08-23,0,0,0,36.5℃,중고나라판매자,생활가전,가산동,"[출처] 중고나라 | [분석모델] SPOT_AND_SCRUB | [모델근거] text_variant | [원문설명] 📌 거래 방식: 직거래 [서울 서남권] 또는 택배 거래 가능 (본품 박스 보유) 💡 제품 요약 및 특징 다이슨 최신 프리미엄 로봇청소기 (강력한 18,000Pa 흡입력 + 오염 부위 최대 15회 반복 청소 기능) 실시간 온수 세척 & 온풍 건조 스테이션 (자동 먼지 비움, 자동 급수, 세제 자동 투입) 롤러형 물걸레 & 물걸레 확장암 / 리프팅으로 구석구석 정밀 청소 및 카펫 오염 방지 LDS + AI 카메라 센서 탑재로 정밀한 장애물 인식 및 자율주행 앱 연동 및 소모품 수명 우수 (브러시/필터 잔여 수명 80~100% 최상급 상태) 🛠️ 제품 상태 및 작동 여부 구동 테스트: 전 기능(흡입, 물걸레, 온수 세척, 건조, 먼지 비움 등) 정상 작동 완료했습니다. 내부 클리닉 완료: 내부 세척 및 클리닉을 마친 상태입니다. 외관 및 소모품 상태: 실사용으로 인해 먼지통 및 필터에 약간의 오염/사용감은 존재합니다. 앱 기준 소모품 수명 상태 매우 양호합니다. 브러시바: 92% 사이드 브러시 / 로봇 청소기 필터: 84% 물청소 롤러 브러시: 80% 도킹 스테이션 필터: 100% 구성품: 본체, 올인원 스테이션, 본품 박스 완비 📐 상세 스펙 흡입력: 18,000Pa 주행/센서: LDS + 카메라 (AI 사물 인식), 문턱 넘기 2cm, 카펫 부스트 물걸레: 롤러형 물걸레, 확장암, 물걸레 리프팅, 실시간 물걸레 세척 스테이션: 자동 먼지 비움, 온수 세척, 온풍 건조, 세제 자동 투입, 자동 급수 및 충전 규격: 청소기 본체: 373 x 110 x 370 mm / 6.6kg 스테이션: 440 x 508 x 455 mm 📦 거래 안내 본품 박스가 있어 안전하게 포장하여 택배 거래 가능합니다. 직거래 시 [서울 서남권]에서 거래 가능합니다. 구매 의사 있으신 분은 편하게 채팅 주세요! | [원문링크] https://web.joongna.com/product/231586916"
청소기,다이슨 청소기,"다이슨 진공 청소기, v15 오리진 플러피",예약중,"300,000원",암사제1동,2026-08-23,0,0,0,36.5℃,중고나라판매자,생활가전,암사제1동,[출처] 중고나라 | [분석모델] V15 | [모델근거] text_code | [원문링크] https://web.joongna.com/product/231787572
청소기,다이슨 청소기,다이슨 v10 (sv12) 무선 청소기,거래중,"120,000원",보라매동,2026-08-23,0,0,0,36.5℃,중고나라판매자,생활가전,보라매동,[출처] 중고나라 | [분석모델] V10 | [모델근거] text_code | [원문링크] https://web.joongna.com/product/219057753
청소기,다이슨 청소기,다이슨 cy18 유선 청소기 직구 120v,거래중,"110,000원",성현동,2026-08-23,0,0,0,36.5℃,중고나라판매자,생활가전,성현동,[출처] 중고나라 | [분석모델] 제품군 공통 | [모델근거] product_group | [원문설명] 다이슨 cy18 강력 흡입 유선 청소기 해외 직구 제품으로 120v 변압기 필요합니다. 변압기 추가시 2만원 추가됩니다. 강력해서 청소 깨끗하게 할 수 있어요. 카펫 청소나 애완동물 키우실때 청소하기 좋아요. 일반 청소기보다 큰 사이즈에요. 가정용 업소용 모두 가능해요. 사진 구성이 다에요. 외관 상태 사진처럼 양호해요. 직거래 서울시 관악구 봉천동 구암고등학교 주차장 진입로에서 합니다. 택배시 배송비 7천원 추가 됩니다. 단 파손면책 동의하에만 접수 가능합니다. 채팅 문자나 전화주세요. | [원문링크] https://web.joongna.com/product/223825083
청소기,다이슨 청소기,다이슨 sv09 무선 청소기,거래중,"80,000원",노량진제1동,2026-08-23,0,0,0,36.5℃,중고나라판매자,생활가전,노량진제1동,[출처] 중고나라 | [분석모델] SV09 | [모델근거] text_code | [원문링크] https://web.joongna.com/product/231364104
청소기,다이슨 청소기,다이슨 V8 싸이클론 무선청소기 (SV55-A) 판매합니다,거래중,"300,000원",,2026-08-23,0,0,0,36.5℃,중고나라판매자,생활가전,,[출처] 중고나라 | [분석모델] V8 | [모델근거] text_code | [원문링크] https://web.joongna.com/product/231251032
청소기,다이슨 청소기,다이슨 워시 WASH G1 물청소기 팝니다.,거래중,"290,000원",송도4동,2026-08-23,0,0,0,36.5℃,중고나라판매자,생활가전,송도4동,[출처] 중고나라 | [분석모델] WASH_G1 | [모델근거] text_variant | [원문링크] https://web.joongna.com/product/230804189
청소기,다이슨 청소기,다이슨 청소기 v10 v11 싸이클론 + 먼지통 새상품 팝니다,거래중,"80,000원",,2026-08-22,0,0,0,36.5℃,중고나라판매자,생활가전,,[출처] 중고나라 | [분석모델] V10 | [모델근거] text_code | [원문링크] https://web.joongna.com/product/231594996
청소기,다이슨 청소기,다이슨 사이클론 V10 무선청소기,예약중,"100,000원",마산동,2026-08-22,0,0,0,36.5℃,중고나라판매자,생활가전,마산동,[출처] 중고나라 | [분석모델] V10 | [모델근거] text_code | [원문링크] https://web.joongna.com/product/231654465
청소기,다이슨 청소기,다이슨 사이클론 V10 무선청소기,예약중,"100,000원",마산동,2026-08-22,0,0,0,36.5℃,중고나라판매자,생활가전,마산동,[출처] 중고나라 | [분석모델] V10 | [모델근거] text_code | [원문링크] https://web.joongna.com/product/231654446
청소기,다이슨 청소기,다이슨 360 vis nav 로봇 청소기 미개봉 새제품,거래중,"350,000원",,2026-08-22,0,0,0,36.5℃,중고나라판매자,생활가전,,[출처] 중고나라 | [분석모델] 360_VIS_NAV | [모델근거] text_variant | [원문링크] https://web.joongna.com/product/228469447
청소기,다이슨 청소기,미개봉 다이슨 펜슬백청소기,거래중,"420,000원",,2026-08-22,0,0,0,36.5℃,중고나라판매자,생활가전,,[출처] 중고나라 | [분석모델] PENCILVAC | [모델근거] text_variant | [원문링크] https://web.joongna.com/product/231646903
청소기,다이슨 청소기,다이슨 V8 앱솔루트 무선청소기 + 각종툴 (세척완료),거래중,"138,000원",,2026-08-22,0,0,0,36.5℃,중고나라판매자,생활가전,,[출처] 중고나라 | [분석모델] V8 | [모델근거] text_code | [원문링크] https://web.joongna.com/product/230681094
청소기,다이슨 청소기,다이슨 V8무선청소기,거래중,"35,000원",,2026-08-22,0,0,0,36.5℃,중고나라판매자,생활가전,,[출처] 중고나라 | [분석모델] V8 | [모델근거] text_code | [원문링크] https://web.joongna.com/product/231611143
청소기,다이슨 청소기,다이슨무선청소기 부속품,거래중,"3,000원",,2026-08-22,0,0,0,36.5℃,중고나라판매자,생활가전,,[출처] 중고나라 | [분석모델] 제품군 공통 | [모델근거] product_group | [원문설명] 쓰지않는 부속품입니다 필요하신분 가져가세요 | [원문링크] https://web.joongna.com/product/231755707
청소기,다이슨 청소기,다이슨 슬림 무선청소기 부속품,거래완료,"5,000원",,2026-08-22,0,0,0,36.5℃,중고나라판매자,생활가전,,[출처] 중고나라 | [분석모델] 제품군 공통 | [모델근거] product_group | [원문설명] 부속품이예요 쓰지않아 처분합니다 | [원문링크] https://web.joongna.com/product/231755660
청소기,다이슨 청소기,다이슨무선청소기 정품 도킹스테이션,거래중,"7,000원",동백2동,2026-08-22,0,0,0,36.5℃,중고나라판매자,생활가전,동백2동,[출처] 중고나라 | [분석모델] V7 | [모델근거] detail_text_code | [원문설명] 다이슨무선청소기 정품 도킹스테이션 벽거치대 v7.v8 사용가능합니다 개당가격입니다 택배가능합니다 | [원문링크] https://web.joongna.com/product/231752389
청소기,다이슨 청소기,다이슨무선청소기 v11정품하우징 버튼탈착형,거래중,"25,000원",동백2동,2026-08-22,0,0,0,36.5℃,중고나라판매자,생활가전,동백2동,[출처] 중고나라 | [분석모델] V11 | [모델근거] text_code | [원문링크] https://web.joongna.com/product/231752308
청소기,다이슨 청소기,다이슨 v10 청소기,거래중,"145,000원",,2026-08-21,0,0,0,36.5℃,중고나라판매자,생활가전,,[출처] 중고나라 | [분석모델] V10 | [모델근거] text_code | [원문링크] https://web.joongna.com/product/231348692
청소기,다이슨 청소기,다이슨 V10 싸이클론 무선청소기,거래중,"125,000원",진영읍,2026-08-21,0,0,0,36.5℃,중고나라판매자,생활가전,진영읍,[출처] 중고나라 | [분석모델] V10 | [모델근거] text_code | [원문링크] https://web.joongna.com/product/231736218
청소기,다이슨 청소기,[새상품 미개봉] 다이슨 펜슬백 플러피콘 sv50 청소기,예약중,"400,000원",석관동,2026-08-21,0,0,0,36.5℃,중고나라판매자,생활가전,석관동,[출처] 중고나라 | [분석모델] SV50 | [모델근거] text_code | [원문링크] https://web.joongna.com/product/231704151
청소기,다이슨 청소기,다이슨 애니멀 서브마린 청소기,거래중,"550,000원",장기동,2026-08-21,0,0,0,36.5℃,중고나라판매자,생활가전,장기동,[출처] 중고나라 | [분석모델] 제품군 공통 | [모델근거] product_group | [원문링크] https://web.joongna.com/product/231735973
청소기,다이슨 청소기,다이슨 청소기 봉 완드 교체부품 V7 V8 V10 V11 V15 부속품 흡입기 부품,거래중,"19,800원",,2026-08-21,0,0,0,36.5℃,중고나라판매자,생활가전,,[출처] 중고나라 | [분석모델] V7 | [모델근거] text_code | [원문링크] https://web.joongna.com/product/230965937
청소기,다이슨 청소기,다이슨 V10 무선청소기 풀세트,거래중,"155,000원",세곡동,2026-08-21,0,0,0,36.5℃,중고나라판매자,생활가전,세곡동,[출처] 중고나라 | [분석모델] V10 | [모델근거] text_code | [원문링크] https://web.joongna.com/product/230313793
청소기,다이슨 청소기,다이슨 시네틱빅볼 청소기,거래중,"150,000원",구월3동,2026-08-20,0,0,0,36.5℃,중고나라판매자,생활가전,구월3동,[출처] 중고나라 | [분석모델] BIG_BALL | [모델근거] text_variant | [원문링크] https://web.joongna.com/product/231517557
청소기,다이슨 청소기,다이슨 무선 청소기 소프트롤러 미사용 새제품 판매합니다.,거래중,"65,000원",,2026-08-20,0,0,0,36.5℃,중고나라판매자,생활가전,,[출처] 중고나라 | [분석모델] V7 | [모델근거] detail_text_code | [원문설명] 다이슨 무선 청소기 소프트롤러 미사용 새제품 판매합니다. 구입후 한번 작동테스트가전부 입니다. 다이슨 V7~V15 사용 | [원문링크] https://web.joongna.com/product/231711303
청소기,다이슨 청소기,다이슨 V10 무선 청소기 판매합니다.,거래중,"180,000원",,2026-08-20,0,0,0,36.5℃,중고나라판매자,생활가전,,[출처] 중고나라 | [분석모델] V10 | [모델근거] text_code | [원문링크] https://web.joongna.com/product/230938491
청소기,다이슨 청소기,다이슨 V8 앱솔루트 무선 청소기 본체ㅡ방전,거래중,"38,000원",,2026-08-20,0,0,0,36.5℃,중고나라판매자,생활가전,,[출처] 중고나라 | [분석모델] V8 | [모델근거] text_code | [원문링크] https://web.joongna.com/product/231536965
청소기,다이슨 청소기,다이슨 무선청소기 v10 판매합니다.,거래완료,"150,000원",은행동,2026-08-20,0,0,0,36.5℃,중고나라판매자,생활가전,은행동,[출처] 중고나라 | [분석모델] V10 | [모델근거] text_code | [원문링크] https://web.joongna.com/product/229176817
청소기,다이슨 청소기,다이슨 v11무선청소기 팝니다,거래중,"250,000원",곡선동,2026-08-20,0,0,0,36.5℃,중고나라판매자,생활가전,곡선동,[출처] 중고나라 | [분석모델] V11 | [모델근거] text_code | [원문링크] https://web.joongna.com/product/230434591
청소기,다이슨 청소기,다이슨 v8청소기 파손 본체,거래중,"12,000원",,2026-08-19,0,0,0,36.5℃,중고나라판매자,생활가전,,[출처] 중고나라 | [분석모델] V8 | [모델근거] text_code | [원문링크] https://web.joongna.com/product/230766150
청소기,다이슨 청소기,다이슨 V10 무선청소기,거래중,"145,000원",세곡동,2026-08-19,0,0,0,36.5℃,중고나라판매자,생활가전,세곡동,[출처] 중고나라 | [분석모델] V10 | [모델근거] text_code | [원문링크] https://web.joongna.com/product/229652029
청소기,다이슨 청소기,다이슨V6 + V7 플러피 무선청소기,거래중,"155,000원",세곡동,2026-08-19,0,0,0,36.5℃,중고나라판매자,생활가전,세곡동,[출처] 중고나라 | [분석모델] V6 | [모델근거] text_code | [원문설명] 다이슨 무선청소기 두대입니다. -V7 (9만)배터리 호환 새거 장착 -V6 (6.5만) 소프트 헤드툴 깨끗히 세척한다고 했다가 원래색보다 물이 빠져있습니다. 두개다 아파트 정도는 무리 없이 청소가 가능하고요. 좀 더 쓰시다가 부족하면 호환 배터리 교체하시면 됩니다. 배송협의 다양한 구성품과 함께 편리하게 사용해보세요 사진에서 보이는 모든 구성품 포함되어 있어요 청소 효율을 높여줄 강력한 흡입력을 자랑합니다 | [원문링크] https://web.joongna.com/product/230957663
청소기,다이슨 청소기,다이슨 무선청소기 세트,거래중,"55,000원",죽전1동,2026-08-19,0,0,0,36.5℃,중고나라판매자,생활가전,죽전1동,[출처] 중고나라 | [분석모델] DC45 | [모델근거] detail_text_code | [원문설명] 다이슨 무선청소기세트 DC45 판매해요. 충전기와 브러시 포함되어 있고 상태 양호합니다. 깔끔하게 사용했어요! 5만5천원 판매합니다 | [원문링크] https://web.joongna.com/product/230572646
청소기,다이슨 청소기,다이슨 V10 청소기 액세서리 새것 풀세트,거래중,"40,000원",,2026-08-17,0,0,0,36.5℃,중고나라판매자,생활가전,,[출처] 중고나라 | [분석모델] V10 | [모델근거] text_code | [원문링크] https://web.joongna.com/product/230110261
청소기,다이슨 청소기,다이슨 펜슬백 플러피콘/청소기 (미개봉) / 다이슨코리아정품,거래중,"600,000원",,2026-08-17,0,0,0,36.5℃,중고나라판매자,생활가전,,[출처] 중고나라 | [분석모델] PENCILVAC | [모델근거] text_variant | [원문설명] 다이슨 코리아 정품. 다이슨 펜슬백 플러피콘. 블랙 / 미개봉 새제품입니다. 백화점매장 정품입니다. 다이슨 국내공식수입제품으로 AS 가능. 직거래우선 / 택배시 별도. 교환.환불X | [원문링크] https://web.joongna.com/product/225318224
청소기,다이슨 청소기,다이슨 무선청소기(침구청소기겸 쎄컨용 청소기 덤),거래중,"229,000원",호평동,2026-08-17,0,0,0,36.5℃,중고나라판매자,생활가전,호평동,[출처] 중고나라 | [분석모델] 제품군 공통 | [모델근거] product_group | [원문설명] 다이슨 무선 청소기 셋트 상태깨끗 합니다 먼지 흡입력 좋습니다 한번 충전하면 오래 씁니다 먼지통 깨끗이 비우고 전체적으로 깨끗이 닦아놨습니다 거치대가 있어 충전이나 보관시 편합니다 거치대 튼튼합니다 침구청소기 필요하심 덤으로 드립니다 침대 패브릭쇼파 카페트 초미세먼지청소 탁월합니다 살균기능있습니다 아기나 애완동물 키우는집 면역력 약하신분 있는집 사용하기 좋아요 쎄컨용으로 바닥먼지 청소도 잘 됩니다 애완동물 털 강력흡입 선입금이나 예약금 먼저오시는분 위주로 거래합니다 찔러보기 안됩니다 반품환불불가 택배거래시 7900원추가 택배거래시 가끔 비매너 이신분이 계셔서 방문택배 신청후 절대 취소불가이니 신중한 거래 바랍니다 꼭 하실분만 매너거래 원합니다 | [원문링크] https://web.joongna.com/product/229584980
청소기,다이슨 청소기,다이슨 무선청소기(침구청소기겸 쎄컨용 청소기 덤),거래중,"229,000원",호평동,2026-08-17,0,0,0,36.5℃,중고나라판매자,생활가전,호평동,[출처] 중고나라 | [분석모델] 제품군 공통 | [모델근거] product_group | [원문설명] 다이슨 무선 청소기 셋트 상태깨끗 합니다 먼지 흡입력 좋습니다 한번 충전하면 오래 씁니다 먼지통 깨끗이 비우고 전체적으로 깨끗이 닦아놨습니다 거치대가 있어 충전이나 보관시 편합니다 거치대 튼튼합니다 침구청소기 필요하심 덤으로 드립니다 침대 패브릭쇼파 카페트 초미세먼지청소 탁월합니다 살균기능있습니다 아기나 애완동물 키우는집 면역력 약하신분 있는집 사용하기 좋아요 쎄컨용으로 바닥먼지 청소도 잘 됩니다 애완동물 털 강력흡입 선입금이나 예약금 먼저오시는분 위주로 거래합니다 찔러보기 안됩니다 반품환불불가 택배거래시 7900원추가 택배거래시 가끔 비매너 이신분이 계셔서 방문택배 신청후 절대 취소불가이니 신중한 거래 바랍니다 꼭 하실분만 매너거래 원합니다 | [원문링크] https://web.joongna.com/product/231340906
청소기,다이슨 청소기,다이슨 V8 무선청소기 세트,거래중,"120,000원",죽전1동,2026-08-17,0,0,0,36.5℃,중고나라판매자,생활가전,죽전1동,[출처] 중고나라 | [분석모델] V8 | [모델근거] text_code | [원문링크] https://web.joongna.com/product/230219677
청소기,다이슨 청소기,다이슨 V6 DC62 무선청소기,거래완료,"75,000원",,2026-08-16,0,0,0,36.5℃,중고나라판매자,생활가전,,[출처] 중고나라 | [분석모델] V6 | [모델근거] text_code | [원문링크] https://web.joongna.com/product/231520701
청소기,다이슨 청소기,다이슨청소기 V6전용 정품 더스트빈 먼지통 및 충전기 거치대와 브러시 헤드 세트.,거래중,"15,000원",,2026-08-16,0,0,0,36.5℃,중고나라판매자,생활가전,,[출처] 중고나라 | [분석모델] V6 | [모델근거] text_code | [원문링크] https://web.joongna.com/product/229961284
청소기,다이슨 청소기,다이슨 무선청소기,거래중,"60,000원",죽전1동,2026-08-16,0,0,0,36.5℃,중고나라판매자,생활가전,죽전1동,"[출처] 중고나라 | [분석모델] DC62 | [모델근거] detail_text_code | [원문설명] 다이슨 ,DC62 무선청소기 판매해요. 충전기도 함께 드리고, 사용감은 있지만 작동 잘 됩니다. 깨끗하게 청소해서 상태 양호해요! 6만원 판매합니다 | [원문링크] https://web.joongna.com/product/230479152"
청소기,다이슨 청소기,다이슨 무선청소기(침구청소기겸 쎄컨용 청소기 덤),거래중,"229,000원",호평동,2026-08-16,0,0,0,36.5℃,중고나라판매자,생활가전,호평동,[출처] 중고나라 | [분석모델] 제품군 공통 | [모델근거] product_group | [원문설명] 다이슨 무선 청소기 셋트 상태깨끗 합니다 먼지 흡입력 좋습니다 한번 충전하면 오래 씁니다 먼지통 깨끗이 비우고 전체적으로 깨끗이 닦아놨습니다 거치대가 있어 충전이나 보관시 편합니다 거치대 튼튼합니다 침구청소기 필요하심 덤으로 드립니다 침대 패브릭쇼파 카페트 초미세먼지청소 탁월합니다 살균기능있습니다 아기나 애완동물 키우는집 면역력 약하신분 있는집 사용하기 좋아요 쎄컨용으로 바닥먼지 청소도 잘 됩니다 애완동물 털 강력흡입 선입금이나 예약금 먼저오시는분 위주로 거래합니다 찔러보기 안됩니다 반품환불불가 택배거래시 7900원추가 택배거래시 가끔 비매너 이신분이 계셔서 방문택배 신청후 절대 취소불가이니 신중한 거래 바랍니다 꼭 하실분만 매너거래 원합니다 | [원문링크] https://web.joongna.com/product/231330652
청소기,다이슨 청소기,[새상품/미개봉] 다이슨 스팟앤스크럽 Ai 로봇청소기,거래중,"880,000원",사당제2동,2026-08-15,0,0,0,36.5℃,중고나라판매자,생활가전,사당제2동,"[출처] 중고나라 | [분석모델] SPOT_AND_SCRUB | [모델근거] text_variant | [원문설명] 다이슨 공식몰에서 받은 로봇청소기를 선물로 받았는데 집이 좁아서 팝니다! 박스 무게가 20kg 정도 되어 여자 혼자서 들고가기엔 많이 무거우니 참고 부탁드립니다;; 이수역 14번출구에서 직거래 가능합니다~ *택배거래 불가합니다. *구매 후 환불 어려우니, 직거래 시 꼼꼼히 확인 부탁드립니다. *거래가능 시간: 주말 아무때나 / 평일 오후 5시 이후 *개인 전화번호 공유 어렵습니다. 중고나라 채팅을 통해서만 연락 가능합니다! | [원문링크] https://web.joongna.com/product/230201060"
청소기,다이슨 청소기,다이슨SV18무선청소기,거래중,"100,000원",,2026-08-15,0,0,0,36.5℃,중고나라판매자,생활가전,,[출처] 중고나라 | [분석모델] SV18 | [모델근거] text_code | [원문링크] https://web.joongna.com/product/230753338
청소기,다이슨 청소기,다이슨v10무선청소기,거래중,"60,000원",,2026-08-15,0,0,0,36.5℃,중고나라판매자,생활가전,,[출처] 중고나라 | [분석모델] V10 | [모델근거] text_code | [원문링크] https://web.joongna.com/product/230014168
청소기,다이슨 청소기,다이슨 v11무선청소기 풀세트,거래중,"260,000원",,2026-08-15,0,0,0,36.5℃,중고나라판매자,생활가전,,[출처] 중고나라 | [분석모델] V11 | [모델근거] text_code | [원문링크] https://web.joongna.com/product/230647145
청소기,다이슨 청소기,다이슨 청소기 본체,거래중,"45,000원",,2026-08-15,0,0,0,36.5℃,중고나라판매자,생활가전,,[출처] 중고나라 | [분석모델] V8 | [모델근거] detail_text_code | [원문설명] 다이슨청소기 v8본체.배터리 작동잘되구요 사진그대로 상태는사진참조 택배거래도됩니다 터무니업는 가격네고하지마세요 찔러보기사절 예민하신분 패스해주시고 반품x 환불x 안됩니다 신중히결정하세요 배터리 는교체하셔야합니다 | [원문링크] https://web.joongna.com/product/229314440
청소기,다이슨 청소기,다이슨v11무선청소기 본체,거래중,"160,000원",,2026-08-15,0,0,0,36.5℃,중고나라판매자,생활가전,,[출처] 중고나라 | [분석모델] V11 | [모델근거] text_code | [원문링크] https://web.joongna.com/product/231354459
청소기,다이슨 청소기,다이슨 v6 무선청소기 본체,거래중,"20,000원",,2026-08-14,0,0,0,36.5℃,중고나라판매자,생활가전,,[출처] 중고나라 | [분석모델] V6 | [모델근거] text_code | [원문링크] https://web.joongna.com/product/231302447
청소기,다이슨 청소기,미개봉새상품 ) 다이슨 싸이클론 V10 무선청소기,거래중,"390,000원",,2026-08-13,0,0,0,36.5℃,중고나라판매자,생활가전,,[출처] 중고나라 | [분석모델] V10 | [모델근거] text_code | [원문링크] https://web.joongna.com/product/222718476
청소기,다이슨 청소기,다이슨 V8 (SV10) 무선 청소기 본체,거래완료,"30,000원",신암1동,2026-08-13,0,0,0,36.5℃,중고나라판매자,생활가전,신암1동,[출처] 중고나라 | [분석모델] V8 | [모델근거] text_code | [원문링크] https://web.joongna.com/product/231498776
청소기,다이슨 청소기,다이슨 DC29 알러지 유선청소기,거래완료,"90,000원",,2026-08-12,0,0,0,36.5℃,중고나라판매자,생활가전,,[출처] 중고나라 | [분석모델] DC29 | [모델근거] text_code | [원문링크] https://web.joongna.com/product/231481452
청소기,다이슨 청소기,다이슨 무선 청소기 소프트롤러 미사용 새제품 판매합니다.,거래완료,"60,000원",,2026-08-12,0,0,0,36.5℃,중고나라판매자,생활가전,,[출처] 중고나라 | [분석모델] V7 | [모델근거] detail_text_code | [원문설명] 다이슨 무선 청소기 소프트롤러 미사용 새제품 판매합니다. 구입후 한번 작동테스트가전부 입니다. 다이슨 V7~V15 사용 | [원문링크] https://web.joongna.com/product/230118022
청소기,다이슨 청소기,다이슨 V12 무선청소기 해드모터부 본체,거래완료,"40,000원",법2동,2026-08-12,0,0,0,36.5℃,중고나라판매자,생활가전,법2동,[출처] 중고나라 | [분석모델] V12 | [모델근거] text_code | [원문링크] https://web.joongna.com/product/231466419
청소기,다이슨 청소기,다이슨 360 비즈 나 로봇 청소기 팔아요,거래중,"660,000원",불광제2동,2026-08-11,0,0,0,36.5℃,중고나라판매자,생활가전,불광제2동,[출처] 중고나라 | [분석모델] 360_VIS_NAV | [모델근거] text_variant | [원문설명] 색상 블루/니켈 제품명 모델품번 다이슨 360 비즈 나브 로봇 청소기(블루/니켈) (Dyson 360 vis nav™) 304631-01 정격전압 및 소비전력 220V/60Hz 수입자 다이슨코리아 유한회사 제품 크기 330mm x 320mm x 99mm(길이 X 너비 X 높이) 4.5kg 제품 미개봉 상태이고 박스포장 그대로 보관중입니다. 연락주세요 | [원문링크] https://web.joongna.com/product/230641487
청소기,다이슨 청소기,부산 다이슨 v7 무선청소기,거래완료,"50,000원",화명제3동,2026-08-11,0,0,0,36.5℃,중고나라판매자,생활가전,화명제3동,[출처] 중고나라 | [분석모델] V7 | [모델근거] text_code | [원문링크] https://web.joongna.com/product/231447665
청소기,다이슨 청소기,다이슨 v10무선청소기 팝니다,거래중,"180,000원",곡선동,2026-08-10,0,0,0,36.5℃,중고나라판매자,생활가전,곡선동,[출처] 중고나라 | [분석모델] V10 | [모델근거] text_code | [원문링크] https://web.joongna.com/product/230451107
청소기,다이슨 청소기,다이슨무선청소기롤러 v8.v10.v11호환됩니다,거래중,"30,000원",,2026-08-10,0,0,0,36.5℃,중고나라판매자,생활가전,,[출처] 중고나라 | [분석모델] V8 | [모델근거] text_code | [원문링크] https://web.joongna.com/product/186090971
청소기,다이슨 청소기,다이슨 무선청소기(침구청소기겸 쎄컨용 청소기 덤),거래중,"229,000원",호평동,2026-08-09,0,0,0,36.5℃,중고나라판매자,생활가전,호평동,[출처] 중고나라 | [분석모델] 제품군 공통 | [모델근거] product_group | [원문설명] 다이슨 무선 청소기 셋트 상태깨끗 합니다 먼지 흡입력 좋습니다 한번 충전하면 오래 씁니다 먼지통 깨끗이 비우고 전체적으로 깨끗이 닦아놨습니다 거치대가 있어 충전이나 보관시 편합니다 거치대 튼튼합니다 침구청소기 필요하심 덤으로 드립니다 침대 패브릭쇼파 카페트 초미세먼지청소 탁월합니다 살균기능있습니다 아기나 애완동물 키우는집 면역력 약하신분 있는집 사용하기 좋아요 쎄컨용으로 바닥먼지 청소도 잘 됩니다 애완동물 털 강력흡입 선입금이나 예약금 먼저오시는분 위주로 거래합니다 찔러보기 안됩니다 반품환불불가 택배거래시 7900원추가 택배거래시 가끔 비매너 이신분이 계셔서 방문택배 신청후 절대 취소불가이니 신중한 거래 바랍니다 꼭 하실분만 매너거래 원합니다 | [원문링크] https://web.joongna.com/product/231138282
청소기,다이슨 청소기,다이슨 빅볼 애니멀 청소기(DC65)(택배포함),거래중,"180,000원",,2026-08-09,0,0,0,36.5℃,중고나라판매자,생활가전,,[출처] 중고나라 | [분석모델] DC65 | [모델근거] text_code | [원문링크] https://web.joongna.com/product/229905796
청소기,다이슨 청소기,다이슨 V10 청소기 세트,거래중,"140,000원",신장2동,2026-08-09,0,0,0,36.5℃,중고나라판매자,생활가전,신장2동,[출처] 중고나라 | [분석모델] V10 | [모델근거] text_code | [원문링크] https://web.joongna.com/product/229049520
청소기,다이슨 청소기,[dyson] 다이슨 무선청소기 v6 hepa,거래완료,"80,000원",상계5동,2026-08-08,0,0,0,36.5℃,중고나라판매자,생활가전,상계5동,[출처] 중고나라 | [분석모델] V6 | [모델근거] text_code | [원문링크] https://web.joongna.com/product/231031052
청소기,다이슨 청소기,다이슨V8무선청소기,거래중,"50,000원",,2026-08-06,0,0,0,36.5℃,중고나라판매자,생활가전,,[출처] 중고나라 | [분석모델] V8 | [모델근거] text_code | [원문링크] https://web.joongna.com/product/230111546
청소기,다이슨 청소기,다이슨 v11 컴플리트 무선청소기,거래완료,"270,000원",반포본동,2026-08-06,0,0,0,36.5℃,중고나라판매자,생활가전,반포본동,[출처] 중고나라 | [분석모델] V11 | [모델근거] text_code | [원문링크] https://web.joongna.com/product/231279892
청소기,다이슨 청소기,"다이슨 v6 청소기 본체와 베터리입니다.작동 이상 없고요.15,000원에 택비 포함으로 보내드립니다.",거래완료,"15,000원",,2026-08-05,0,0,0,36.5℃,중고나라판매자,생활가전,,[출처] 중고나라 | [분석모델] V6 | [모델근거] text_code | [원문링크] https://web.joongna.com/product/230951592
청소기,다이슨 청소기,+ 배터리 세트 다이슨청소기 V8용,거래완료,"28,000원",법2동,2026-08-04,0,0,0,36.5℃,중고나라판매자,생활가전,법2동,[출처] 중고나라 | [분석모델] V8 | [모델근거] text_code | [원문링크] https://web.joongna.com/product/231251275
청소기,다이슨 청소기,다이슨 청소기 Gen5 디텍트 새상품,거래중,"790,000원",,2026-08-04,0,0,0,36.5℃,중고나라판매자,생활가전,,"[출처] 중고나라 | [분석모델] 제품군 공통 | [모델근거] product_group | [원문설명] 다이슨 청소기 Gen5 디텍트 컴플리트 새상품 택배 가능 직거래: 대구 01●-4814-8006 📢 제목에 ""제조사/ 브랜드 명""과 ""상품명(ex. 3000시리즈 전동 면도기)”을 넣어 작성하면, 보다 빠른 판매가 가능합니다! 📢 게시글 작성 시 배송 방법에 “직거래”와 “내 위치” 설정할 경우, 보다 빠른 판매가 가능합니다! 🚨회원님의 거래 게시글을 노린 중고나라 운영진 사칭 피싱 사이트를 주의하세요🚨 | [원문링크] https://web.joongna.com/product/225617334"
청소기,다이슨 청소기,다이슨G1 물걸레청소기,거래중,"300,000원",보문동,2026-08-03,0,0,0,36.5℃,중고나라판매자,생활가전,보문동,"[출처] 중고나라 | [분석모델] WASH_G1 | [모델근거] detail_text_variant | [원문설명] 다이슨 WashG1 무선 물청소기입니다 - 분리된 물탱크 시스템으로 깨끗하게 청소할 수 있습니다 - 무선으로 편리하게 사용 가능합니다 - 박스, 충전기, 거치대, 추가 롤러 포함입니다 구매후 3~4회 사용했어요 샹활기스 거의없구요 추가 물거래 세트도있어요 배터리상태 좋아요 부피상 직거래만가능하고요 서울 성북구 보문동입니다 010-9478-8591 로 문자부탁드려요 | [원문링크] https://web.joongna.com/product/224309324"
청소기,다이슨 청소기,[로봇청소기] 다이슨 360 Vis Nav 로봇청소기 강력흡입,거래중,"350,000원",고척제2동,2026-08-03,0,0,0,36.5℃,중고나라판매자,생활가전,고척제2동,[출처] 중고나라 | [분석모델] 360_VIS_NAV | [모델근거] text_variant | [원문링크] https://web.joongna.com/product/231010881
청소기,다이슨 청소기,다이슨 워시 G1 물청소 무선 청소기 미사용품,거래중,"390,000원",,2026-08-03,0,0,0,36.5℃,중고나라판매자,생활가전,,[출처] 중고나라 | [분석모델] WASH_G1 | [모델근거] text_variant | [원문링크] https://web.joongna.com/product/221279674
청소기,다이슨 청소기,다이슨 WashG1 물청소기,거래중,"484,000원",구월3동,2026-08-03,0,0,0,36.5℃,중고나라판매자,생활가전,구월3동,[출처] 중고나라 | [분석모델] WASH_G1 | [모델근거] text_variant | [원문링크] https://web.joongna.com/product/231215777
청소기,다이슨 청소기,무선청소기 다이슨 새상품,거래중,"400,000원",일원1동,2026-08-02,0,0,0,36.5℃,중고나라판매자,생활가전,일원1동,[출처] 중고나라 | [분석모델] 제품군 공통 | [모델근거] product_group | [원문설명] 무선청소기 새상품이에요! 레드 컬러로 깔끔하고 세련된 디자인이 특징입니다. 미개봉 새제품 상태로 판매합니다. | [원문링크] https://web.joongna.com/product/231201602
청소기,다이슨 청소기,다이슨V10무선청소기,거래중,"217,000원",,2026-08-02,0,0,0,36.5℃,중고나라판매자,생활가전,,[출처] 중고나라 | [분석모델] V10 | [모델근거] text_code | [원문링크] https://web.joongna.com/product/230151991
청소기,다이슨 청소기,다이슨v11무선청소기,예약중,"90,000원",선주원남동,2026-08-02,0,0,0,36.5℃,중고나라판매자,생활가전,선주원남동,[출처] 중고나라 | [분석모델] V11 | [모델근거] text_code | [원문링크] https://web.joongna.com/product/231198910
청소기,다이슨 청소기,다이슨 클린앤워시 하이진 물청소기,거래중,"430,000원",범안동,2026-08-02,0,0,0,36.5℃,중고나라판매자,생활가전,범안동,[출처] 중고나라 | [분석모델] 제품군 공통 | [모델근거] product_group | [원문설명] 다이슨 클린앤워시 하이진 물청소기 새상품이에요. 박스째 그대로 보관 중인 미개봉 제품입니다. 먼지와 물청소 기능이 합쳐져 더욱 편리하게 사용 가능해요. 바닥 청소를 편하게 하고 싶으신 분들께 추천드려요. 4만원 넘는 롤러도 하나 더 드려요. 돈 조금 더 주고 미개봉 새제품 사세요. 부천 옥길동 직거래합니다. 채팅주세요. | [원문링크] https://web.joongna.com/product/230771530
청소기,다이슨 청소기,다이슨V8( SV10) 무선 청소기 본체,거래완료,"25,000원",신암1동,2026-08-02,0,0,0,36.5℃,중고나라판매자,생활가전,신암1동,[출처] 중고나라 | [분석모델] V8 | [모델근거] text_code | [원문링크] https://web.joongna.com/product/231194873
청소기,다이슨 청소기,다이슨 무선청소기 V10 모터,거래완료,"40,000원",마산동,2026-08-02,0,0,0,36.5℃,중고나라판매자,생활가전,마산동,[출처] 중고나라 | [분석모델] V10 | [모델근거] text_code | [원문링크] https://web.joongna.com/product/230422254
청소기,다이슨 청소기,다이슨sv18 디지털 슬림 무선청소기,거래중,"100,000원",,2026-08-01,0,0,0,36.5℃,중고나라판매자,생활가전,,[출처] 중고나라 | [분석모델] SV18 | [모델근거] text_code | [원문링크] https://web.joongna.com/product/231151178
청소기,다이슨 청소기,다이슨v6무선청소기 본체,거래중,"30,000원",,2026-08-01,0,0,0,36.5℃,중고나라판매자,생활가전,,[출처] 중고나라 | [분석모델] V6 | [모델근거] text_code | [원문링크] https://web.joongna.com/product/228261177
청소기,다이슨 청소기,다이슨 청소기 슬림 엉킴방지스크류미사용,거래중,"50,000원",,2026-08-01,0,0,0,36.5℃,중고나라판매자,생활가전,,[출처] 중고나라 | [분석모델] 제품군 공통 | [모델근거] product_group | [원문설명] 다이슨청소기 슬림 미사용 엉킴방지스크류터무니업는 가격네고하지마세요 찔러보기사절 예민하신분 패스해주시고 반품x 환불x 안됩니다 신중히결정하세요 | [원문링크] https://web.joongna.com/product/225901491
청소기,다이슨 청소기,다이슨v8무선청소기 풀풀세트,거래중,"150,000원",,2026-08-01,0,0,0,36.5℃,중고나라판매자,생활가전,,[출처] 중고나라 | [분석모델] V8 | [모델근거] text_code | [원문링크] https://web.joongna.com/product/227888088
청소기,다이슨 청소기,다이슨 DC24(볼) 유선청소기,거래중,"80,000원",,2026-07-31,0,0,0,36.5℃,중고나라판매자,생활가전,,[출처] 중고나라 | [분석모델] DC24 | [모델근거] text_code | [원문링크] https://web.joongna.com/product/216342926
청소기,다이슨 청소기,다이슨 마이크로 무선청소기 풀박스 거의새것 판매,거래중,"320,000원",한강로동,2026-07-31,0,0,0,36.5℃,중고나라판매자,생활가전,한강로동,"[출처] 중고나라 | [분석모델] 제품군 공통 | [모델근거] product_group | [원문설명] 다이슨 마이크로 무선청소기 풀박스 구성 그대로 있어요 본체, 연장관, 플러피옵틱 클리너 헤드, 콤비툴, 틈새툴, 충전 거치대, 설명서까지 모두 포함되어 있답니다 가볍고 강력한 흡입력으로 집안 구석구석 깨끗하게 청소할 수 있어요 좁은 공간이나 차량 내부 청소에도 정말 유용하답니다 한두번 써본 거의새것입니다 | [원문링크] https://web.joongna.com/product/231132715"
청소기,다이슨 청소기,[청소기] 다이슨 싸이클론 스틱청소기 V8 226622-01,거래중,"220,000원",,2026-07-30,0,0,0,36.5℃,중고나라판매자,생활가전,,[출처] 중고나라 | [분석모델] V8 | [모델근거] text_code | [원문링크] https://web.joongna.com/product/231113289
청소기,다이슨 청소기,다이슨 DC36 카본파이버 유선청소기 판매해요,거래완료,"80,000원",광명7동,2026-07-29,0,0,0,36.5℃,중고나라판매자,생활가전,광명7동,[출처] 중고나라 | [분석모델] DC36 | [모델근거] text_code | [원문링크] https://web.joongna.com/product/231028812
청소기,다이슨 청소기,다이슨 무선청소기 MICRO1.5+충전거치대 택포,거래완료,"290,000원",신사동,2026-07-29,0,0,0,36.5℃,중고나라판매자,생활가전,신사동,[출처] 중고나라 | [분석모델] MICRO_1.5KG | [모델근거] text_variant | [원문링크] https://web.joongna.com/product/231080299
청소기,다이슨 청소기,다이슨 무선청소기,거래중,"149,000원",호평동,2026-07-29,0,0,0,36.5℃,중고나라판매자,생활가전,호평동,[출처] 중고나라 | [분석모델] 제품군 공통 | [모델근거] product_group | [원문설명] 다이슨 무선 청소기 배터리 새상품 교체했습니다 먼지 흡입력 좋습니다 틈새 청소기부품 있습니다 먼지통 깨끗이 비우고 전체적으로 깨끗이 닦아놨습니다 안전결제후 선입금이나 예약금 먼저오시는분 위주로 거래합니다 찔러보기 안됩니다 반품환불불가 택배거래시 6900원 추가 택배거래시 가끔 비매너 이신분이 계셔서 방문택배 신청후 절대 취소불가이니 신중한 거래 바랍니다 꼭 하실분만 매너거래 원합니다 | [원문링크] https://web.joongna.com/product/231061785
청소기,다이슨 청소기,다이슨 V8/SV10 무선청소기 팔아요,거래완료,"70,000원",화곡본동,2026-07-28,0,0,0,36.5℃,중고나라판매자,생활가전,화곡본동,[출처] 중고나라 | [분석모델] V8 | [모델근거] text_code | [원문링크] https://web.joongna.com/product/231026852
청소기,다이슨 청소기,다이슨 스팟앤스크럽 Ai 로봇 청소기 블랙+블루,거래중,"750,000원",,2026-07-28,0,0,0,36.5℃,중고나라판매자,생활가전,,"[출처] 중고나라 | [분석모델] SPOT_AND_SCRUB | [모델근거] text_variant | [원문설명] 다이슨 스팟앤스크럽 Ai 로봇 청소기 블랙+블루 색상입니다. 생활가전 카테고리에서 인기있는 모델이며, 사진과 같이 구성품 모두 포함되어 있습니다. 깔끔하게 사용한 제품입니다. 구매 원하시면 바로 안전결제 해주시면 됩니다! 안전결제 택배거래 선호합니다. (직거래시는 예약금 필요합니다.) [제품 개요]2607131504 본 제품은 **다이슨 스팟앤스크럽 Ai 로봇 청소기**로, 흡입과 물걸레 청소를 함께 지원하는 로봇 청소기입니다. AI 기반 인식 기능과 자동 세척 및 건조 기능을 갖춘 생활가전입니다. [상세 사양] - 모델명: 스팟앤스크럽 Ai 로봇 청소기 - 색상: 블랙 + 블루 - 품번: 144385-01-005 - 품질보증기간: 2년 [제품 상태 평가] - 외관 상태: 거의 새것 같은 최상급 상태이며, 외관 검수 결과 문제없음입니다. - 작동 상태: 전원 기능, 앱 페어링 기능, 맵핑 기능, 진공청소 기능, 물걸레 기능, 스테이션 인식 기능, 먼지통 비우기 기능, 세척 및 건조 기능이 모두 정상입니다. - 특이사항: 어플상에서 누적 사용시간이 표시되지 않습니다. [포함 구성품] - 본체 - 스테이션 - 기본 구성품 일체 - 누락 없음으로 검수되었습니다. [거래 조건] - 희망가격: 1436400원 - 거래방식: 직거래 및 택배거래 가능, 안전거래 지원 - 문의사항이 있으시면 연락 부탁드립니다. | [원문링크] https://web.joongna.com/product/230947407"
청소기,다이슨 청소기,다이슨 V10 플러피 모델 무선청소기,거래중,"130,000원",갈산1동,2026-07-25,0,0,0,36.5℃,중고나라판매자,생활가전,갈산1동,[출처] 중고나라 | [분석모델] V10 | [모델근거] text_code | [원문링크] https://web.joongna.com/product/230304057
청소기,다이슨 청소기,깨끗하게 세척한 다이슨 무선 청소기 V11 풀세트(73분 연속동작),예약중,"245,000원",흥해읍,2026-07-24,0,0,0,36.5℃,중고나라판매자,생활가전,흥해읍,[출처] 중고나라 | [분석모델] V11 | [모델근거] text_code | [원문링크] https://web.joongna.com/product/230796544
청소기,다이슨 청소기,다이슨 유선 청소기 저렴하게 드립니다~,예약중,"49,000원",오금동,2026-07-23,0,0,0,36.5℃,중고나라판매자,생활가전,오금동,[출처] 중고나라 | [분석모델] 제품군 공통 | [모델근거] product_group | [원문설명] 안녕하세요? 다이슨 유선 청소기 입니다~ 봉도 2개이고 헤드도 2개 입니다 유선이라 파워가 좋습니다 구입후 별로 사용하지 않고 보관하여 이미지와 같이 깨끗합니다^^~ 파손의 우려로 직거래가 좋을것 같습니다~ | [원문링크] https://web.joongna.com/product/230265642
청소기,다이슨 청소기,(미개봉)다이슨 스팟앤스크럽 Ai 로봇 청소기,거래완료,"800,000원",부성1동,2026-07-23,0,0,0,36.5℃,중고나라판매자,생활가전,부성1동,"[출처] 중고나라 | [분석모델] SPOT_AND_SCRUB | [모델근거] text_variant | [원문설명] 다이슨 스팟앤스크럽 Ai 로봇 청소기 미개봉으로 깨끗합니다. 가져가서 개봉하고 작동시키면 됩니다. 실시간 온수세척으로 따뜻한물로 바닥과 걸레를 동시에 세척하고 다이슨의 최신진공기술(싸이클론)으로 추가소모품이 필요없습니다 초록불빛으로 물체감지,회피 얼룩감지후 반복청소 진행 정품등록하면 2년 무상 AS 여분정품걸레 1개 서비스로 드립니다 두정역 앞에 다이슨 공식서비스 센터가 있습니다. 제품문제시 전문기사 방문AS를 받거나 서비스센터로 들고가면 됩니다. 미개봉 가전으로 🚨구매후 교환,환불 안됩니다🚨 | [원문링크] https://web.joongna.com/product/230582164"
청소기,다이슨 청소기,다이슨 V15 디텍트 컴플리트 무선청소기 (거 의새거) + 다이슨 정품 거치대 + 서브마린 물걸레툴포함,거래완료,"450,000원",화수2동,2026-07-22,0,0,0,36.5℃,중고나라판매자,생활가전,화수2동,[출처] 중고나라 | [분석모델] V15 | [모델근거] text_code | [원문링크] https://web.joongna.com/product/230852316
청소기,다이슨 청소기,다이슨 프리미엄 디텍트 서브마린 물걸레+진공 무선청소기 V15S / 엘로니켈프리미엄 디텍트 서브마린 물걸레+진공 무,거래중,"830,000원",묵제1동,2026-07-22,0,0,0,36.5℃,중고나라판매자,생활가전,묵제1동,"[출처] 중고나라 | [분석모델] V15S | [모델근거] text_code | [원문설명] 다이슨 프리미엄 디텍트 서브마린 물걸레+진공 무선청소기 V15S / 엘로니켈 프리미엄 디텍트 서브마린 물걸레+진공 무선청소기 V15S / 엘로니켈 혁신적인 기술력으로 많은 사랑을 받고 있는 다이슨 무선청소기입니다. 물청소 롤러 브러시가 액체, 오염 물질, 찌든 때를 동시에 닦아냅니다. | [원문링크] https://web.joongna.com/product/230404897"
청소기,다이슨 청소기,다이슨 V15 디텍트 컴플리트 무선청소기 (거의새거),거래완료,"450,000원",화수2동,2026-07-22,0,0,0,36.5℃,중고나라판매자,생활가전,화수2동,[출처] 중고나라 | [분석모델] V15 | [모델근거] text_code | [원문링크] https://web.joongna.com/product/230847400
청소기,다이슨 청소기,다이슨 V8 무선 청소기 본체,거래완료,"40,000원",덕천제1동,2026-07-22,0,0,0,36.5℃,중고나라판매자,생활가전,덕천제1동,[출처] 중고나라 | [분석모델] V8 | [모델근거] text_code | [원문링크] https://web.joongna.com/product/230595568
청소기,다이슨 청소기,다이슨 v10 무선청소기 저렴하게 드립니다~,거래완료,"86,000원",오금동,2026-07-20,0,0,0,36.5℃,중고나라판매자,생활가전,오금동,[출처] 중고나라 | [분석모델] V10 | [모델근거] text_code | [원문링크] https://web.joongna.com/product/230674716
청소기,다이슨 청소기,다이슨 V7 무선청소기 판매합니다~~,거래완료,"58,000원",철산3동,2026-07-19,0,0,0,36.5℃,중고나라판매자,생활가전,철산3동,[출처] 중고나라 | [분석모델] V7 | [모델근거] text_code | [원문링크] https://web.joongna.com/product/230713628
청소기,다이슨 청소기,다이슨 V10 무선 청소기,거래중,"130,000원",행신3동,2026-07-19,0,0,0,36.5℃,중고나라판매자,생활가전,행신3동,[출처] 중고나라 | [분석모델] V10 | [모델근거] text_code | [원문링크] https://web.joongna.com/product/227249691
청소기,다이슨 청소기,다이슨 스팟앤스크럽 Ai 로봇청소기 미개봉새제품,거래중,"990,000원",면목제5동,2026-07-18,0,0,0,36.5℃,중고나라판매자,생활가전,면목제5동,[출처] 중고나라 | [분석모델] SPOT_AND_SCRUB | [모델근거] text_variant | [원문설명] 다이슨 스팟앤스크럽 로봇청소기 미개봉새제품입니다. 정품 등록하시고. 사용하시면됩니다. 택포99만원 . 직거래시 만원빼드립니다. | [원문링크] https://web.joongna.com/product/230007755
청소기,다이슨 청소기,다이슨 SV12 무선청소기 풀세트 팝니다.,거래완료,"150,000원",식사동,2026-07-18,0,0,0,36.5℃,중고나라판매자,생활가전,식사동,[출처] 중고나라 | [분석모델] SV12 | [모델근거] text_code | [원문링크] https://web.joongna.com/product/230742767
청소기,다이슨 청소기,다이슨청소기V8 전체구성,거래완료,"50,000원",영덕2동,2026-07-18,0,0,0,36.5℃,중고나라판매자,생활가전,영덕2동,[출처] 중고나라 | [분석모델] V8 | [모델근거] text_code | [원문링크] https://web.joongna.com/product/230597717
청소기,다이슨 청소기,다이슨무선청소기 본체 일괄,거래중,"30,000원",,2026-07-18,0,0,0,36.5℃,중고나라판매자,생활가전,,[출처] 중고나라 | [분석모델] 제품군 공통 | [모델근거] product_group | [원문링크] https://web.joongna.com/product/230287816
청소기,다이슨 청소기,다이슨 펜슬위시 물청소기,거래중,"320,000원",장전제1동,2026-07-17,0,0,0,36.5℃,중고나라판매자,생활가전,장전제1동,[출처] 중고나라 | [분석모델] 제품군 공통 | [모델근거] product_group | [원문링크] https://web.joongna.com/product/230708743
청소기,다이슨 청소기,다이슨 무선 청소기 본체 및 액세서리 세트 (종 2만원),거래완료,"20,000원",당진1동,2026-07-16,0,0,0,36.5℃,중고나라판매자,생활가전,당진1동,"[출처] 중고나라 | [분석모델] 제품군 공통 | [모델근거] product_group | [원문설명] 다이슨 무선 청소기 본체와 다양한 액세서리를 세트로 판매합니다. 사진에 보이는 구성품 모두 포함되어 있으며, 구매 원하시면 바로 안전결제 해주시면 됩니다! 사진그대로 팝니다 다해서 2만원입니다. | [원문링크] https://web.joongna.com/product/230663395"
청소기,다이슨 청소기,다이슨 V10(sv12) 무선청소기 레드 판매합니다~~,거래완료,"113,000원",철산3동,2026-07-15,0,0,0,36.5℃,중고나라판매자,생활가전,철산3동,[출처] 중고나라 | [분석모델] V10 | [모델근거] text_code | [원문링크] https://web.joongna.com/product/230652450
청소기,다이슨 청소기,정품 다이슨 V6 헤파 무선 청소기,거래중,"65,000원",월성1동,2026-07-14,0,0,0,36.5℃,중고나라판매자,생활가전,월성1동,[출처] 중고나라 | [분석모델] V6 | [모델근거] text_code | [원문링크] https://web.joongna.com/product/229724662
청소기,다이슨 청소기,다이슨 무선청소기 DC31 충전기+부품,거래완료,"8,000원",대흥동,2026-07-13,0,0,0,36.5℃,중고나라판매자,생활가전,대흥동,[출처] 중고나라 | [분석모델] DC31 | [모델근거] text_code | [원문링크] https://web.joongna.com/product/228105151
청소기,다이슨 청소기,다이슨 클린앤워시 하이진 물걸레 청소기,거래완료,"300,000원",대조동,2026-07-13,0,0,0,36.5℃,중고나라판매자,생활가전,대조동,[출처] 중고나라 | [분석모델] 제품군 공통 | [모델근거] product_group | [원문설명] 다이슨 클린앤워시 하이진 물걸레 청소기입니다 2026년2월에 GS험쇼핑에서 64만원에 구매하여 5번정도 사용하면 기스도 없고 거의 새제품입니다. 은평구 역촌역에서 직거래만 가능합니다. | [원문링크] https://web.joongna.com/product/230591715
청소기,다이슨 청소기,다이슨 g1 물걸레청소기,거래중,"250,000원",쌍문제1동,2026-07-13,0,0,0,36.5℃,중고나라판매자,생활가전,쌍문제1동,"[출처] 중고나라 | [분석모델] 제품군 공통 | [모델근거] product_group | [원문설명] 다이슨 2025,11월 집들이 선물로 받아서 2-3번 사용했습니다 여분롤러 포함입니다 직거래 수유 미아 길음 쌍문에서 희망해요 | [원문링크] https://web.joongna.com/product/230588386"
청소기,다이슨 청소기,무선청소기다이슨 V6 무선청소기 판매합니다~~,거래완료,"35,000원",철산3동,2026-07-13,0,0,0,36.5℃,중고나라판매자,생활가전,철산3동,[출처] 중고나라 | [분석모델] V6 | [모델근거] text_code | [원문링크] https://web.joongna.com/product/230588224
청소기,다이슨 청소기,다이슨 V8 무선 청소기 본체,거래완료,"40,000원",덕천제1동,2026-07-13,0,0,0,36.5℃,중고나라판매자,생활가전,덕천제1동,[출처] 중고나라 | [분석모델] V8 | [모델근거] text_code | [원문링크] https://web.joongna.com/product/229378746
청소기,다이슨 청소기,다이슨v11 air watts. 무선청소기,거래완료,"260,000원",대신동,2026-07-13,0,0,0,36.5℃,중고나라판매자,생활가전,대신동,[출처] 중고나라 | [분석모델] V11 | [모델근거] text_code | [원문링크] https://web.joongna.com/product/230560850
청소기,다이슨 청소기,다이슨 볼 유선 청소기(dc36)저렴하게 드립니다~,거래완료,"49,000원",오금동,2026-07-13,0,0,0,36.5℃,중고나라판매자,생활가전,오금동,[출처] 중고나라 | [분석모델] DC36 | [모델근거] text_code | [원문링크] https://web.joongna.com/product/230265726
청소기,다이슨 청소기,다이슨v8무선청소기 사진그대로,거래완료,"55,000원",,2026-07-13,0,0,0,36.5℃,중고나라판매자,생활가전,,[출처] 중고나라 | [분석모델] V8 | [모델근거] text_code | [원문링크] https://web.joongna.com/product/230565488
청소기,다이슨 청소기,다이슨워시g1무선 물걸레청소기,거래완료,"2,200원",오류제1동,2026-07-09,0,0,0,36.5℃,중고나라판매자,생활가전,오류제1동,[출처] 중고나라 | [분석모델] WASH_G1 | [모델근거] text_variant | [원문링크] https://web.joongna.com/product/230239156
청소기,다이슨 청소기,다이슨 v11 에어와츠 최상급 청소기,거래완료,"350,000원",,2026-07-07,0,0,0,36.5℃,중고나라판매자,생활가전,,[출처] 중고나라 | [분석모델] V11 | [모델근거] text_code | [원문링크] https://web.joongna.com/product/229493833
청소기,다이슨 청소기,다이슨 로봇청소기 판매 합니다,거래중,"750,000원",교문1동,2026-07-07,0,0,0,36.5℃,중고나라판매자,생활가전,교문1동,[출처] 중고나라 | [분석모델] 제품군 공통 | [모델근거] product_group | [원문설명] 다이슨 로봇청소기 판매 합니다 구매후 5번 정도 사용 했고 박스는 없고 몸판이랑 충전스테이지만 있습니다 거래는 구리에서 가능하고 내고 불가능 입니다 010-2061-9550 문자 먼저 부탁드리겠습니다 | [원문링크] https://web.joongna.com/product/229764332
청소기,다이슨 청소기,다이슨 v11 청소기 본체 ㅡ 모터불량,거래중,"50,000원",,2026-07-05,0,0,0,36.5℃,중고나라판매자,생활가전,,[출처] 중고나라 | [분석모델] V11 | [모델근거] text_code | [원문링크] https://web.joongna.com/product/230322236
청소기,다이슨 청소기,다이슨 v8 무선청소기 본체,거래완료,"45,000원",,2026-07-05,0,0,0,36.5℃,중고나라판매자,생활가전,,[출처] 중고나라 | [분석모델] V8 | [모델근거] text_code | [원문링크] https://web.joongna.com/product/229920128
청소기,다이슨 청소기,미개봉 정품 다이슨 싸이클론 스틱청소기 V8 226622-01 팝니다,거래완료,"330,000원",,2026-07-04,0,0,0,36.5℃,중고나라판매자,생활가전,,[출처] 중고나라 | [분석모델] V8 | [모델근거] text_code | [원문링크] https://web.joongna.com/product/229533712
청소기,다이슨 청소기,다이슨 V10 무선청소기 풀세트 +추가배터리 판매해요,거래완료,"150,000원",부곡동,2026-07-02,0,0,0,36.5℃,중고나라판매자,생활가전,부곡동,[출처] 중고나라 | [분석모델] V10 | [모델근거] text_code | [원문링크] https://web.joongna.com/product/230161723
청소기,다이슨 청소기,다이슨 무선청소기 판매해요,거래중,"70,000원",광명7동,2026-07-02,0,0,0,36.5℃,중고나라판매자,생활가전,광명7동,"[출처] 중고나라 | [분석모델] 제품군 공통 | [모델근거] product_group | [원문설명] 다이슨 무선청소기 판매해요 이사준비하느라 짐줄이려 판매해요 미국 이민간 저희 형님네 가족이 사용하던거 보관하다가 꺼내 올립니다 충전기는 안보입니다 구성은 사진에 있는게 전부입니다 사진 다 확인해주세요 배터리 충전된게 남아있어서 현재 작동됩니다 충전기가 없어서 배터리 지속시간은 모르겠어요 맨끝쪽 사진보시면 동그라미로 표시해논 부분있는데요 본체 파손된 부분 사진입니다 사용하시는데 지장없어요 7만원에 판매해요 택배, 직거래 모두 가능해요 택배이용시 포장 꼼꼼하게 파손없이 해드립니다 직거래 선호지역은 경기도 광명시 광명사거리역 근처입니다 언제든지 문의주세요 | [원문링크] https://web.joongna.com/product/228957636"
청소기,다이슨 청소기,다이슨 v11 무선청소기 ㅡ 거치대 포함,거래중,"240,000원",,2026-07-02,0,0,0,36.5℃,중고나라판매자,생활가전,,[출처] 중고나라 | [분석모델] V11 | [모델근거] text_code | [원문링크] https://web.joongna.com/product/230223331
청소기,다이슨 청소기,다이슨 v12 디텍트 슬림 무선청소기,거래완료,"600,000원",강서제1동,2026-07-01,0,0,0,36.5℃,중고나라판매자,생활가전,강서제1동,"[출처] 중고나라 | [분석모델] V12 | [모델근거] text_code | [원문설명] 다이슨 V12 디텍트 슬림 서브마린 청소기 판매해요 뜯지않은 박스 새상품 입니다. 색상은 옐로,니켈 입니다. 다이슨 공홈에서 119만원 입니다. 상품으로 받았는데 저희는 있어서 싸게 내놔요. 구성품은 사진에 보이는 것처럼 본체, 물청소헤드, 옵틱플러피 헤드, 콤비네이션 툴, 크레비스툴, 헤어 스크류툴, 완드클립, 충전기, 멀티 스탠드형 충전거치대가 포함되어 있어요 강력한 청소 성능으로 물걸레 청소까지 가능한 제품이에요 바닥의 먼지를 놓치지 않고 깔끔하게 청소하고 싶으신 분들께 추천드려요. https://www.dyson.co.kr/products/cord-free/dyson-v12s-detect-submarine/shop-all/dyson-v12s-detect-slim-submarine-yellow-nickel | [원문링크] https://web.joongna.com/product/230158987"
청소기,다이슨 청소기,"다이슨 무선 청소기 V15 오리진(미개봉,새상품)",거래중,"430,000원",반포3동,2026-07-01,0,0,0,36.5℃,중고나라판매자,생활가전,반포3동,[출처] 중고나라 | [분석모델] V15 | [모델근거] text_code | [원문링크] https://web.joongna.com/product/229358529
청소기,다이슨 청소기,다이슨 물걸레 청소기 washG1.,거래중,"300,000원",,2026-07-01,0,0,0,36.5℃,중고나라판매자,생활가전,,[출처] 중고나라 | [분석모델] WASH_G1 | [모델근거] text_variant | [원문링크] https://web.joongna.com/product/196978133
청소기,다이슨 청소기,다이슨 청소기 v8플러피,거래중,"65,000원",,2026-06-28,0,0,0,36.5℃,중고나라판매자,생활가전,,[출처] 중고나라 | [분석모델] V8 | [모델근거] text_code | [원문링크] https://web.joongna.com/product/226062181
청소기,다이슨 청소기,다이슨 스팟앤스크럽 Ai 로봇청소기 RB05,거래완료,"850,000원",상계1동,2026-06-24,0,0,0,36.5℃,중고나라판매자,생활가전,상계1동,[출처] 중고나라 | [분석모델] SPOT_AND_SCRUB | [모델근거] text_variant | [원문설명] 무상기간: 2028년 4월 사용감 적은 깨끗한 상품입니다. 다른 제품이 있어 저렴하게 정리합니다. | [원문링크] https://web.joongna.com/product/229348076
청소기,다이슨 청소기,다이슨청소기 v6본체개당가격,거래중,"20,000원",,2026-06-13,0,0,0,36.5℃,중고나라판매자,생활가전,,[출처] 중고나라 | [분석모델] V6 | [모델근거] text_code | [원문링크] https://web.joongna.com/product/228181190
청소기,다이슨 청소기,다이슨v8무선청소기,거래중,"50,000원",,2026-06-13,0,0,0,36.5℃,중고나라판매자,생활가전,,[출처] 중고나라 | [분석모델] V8 | [모델근거] text_code | [원문링크] https://web.joongna.com/product/229586578
청소기,다이슨 청소기,다이슨 V8 무선청소기 판매합니다~~,거래완료,"59,000원",철산3동,2026-06-12,0,0,0,36.5℃,중고나라판매자,생활가전,철산3동,[출처] 중고나라 | [분석모델] V8 | [모델근거] text_code | [원문링크] https://web.joongna.com/product/229577171
청소기,다이슨 청소기,(정품) (DYSON) 다이슨 V8 무선 청소기,거래완료,"80,000원",,2026-06-12,0,0,0,36.5℃,중고나라판매자,생활가전,,[출처] 중고나라 | [분석모델] V8 | [모델근거] text_code | [원문링크] https://web.joongna.com/product/229563192
청소기,다이슨 청소기,다이슨청소기 v8풀세트,거래중,"140,000원",,2026-06-11,0,0,0,36.5℃,중고나라판매자,생활가전,,[출처] 중고나라 | [분석모델] V8 | [모델근거] text_code | [원문링크] https://web.joongna.com/product/226141593
청소기,다이슨 청소기,다이슨 v11무선청소기 풀세트,거래완료,"260,000원",,2026-06-11,0,0,0,36.5℃,중고나라판매자,생활가전,,[출처] 중고나라 | [분석모델] V11 | [모델근거] text_code | [원문링크] https://web.joongna.com/product/226433739
청소기,다이슨 청소기,다이슨 스팟앤스크럽 Ai 로봇 청소기- 모델번호: 144385-01,거래중,"795,000원",,2026-06-11,0,0,0,36.5℃,중고나라판매자,생활가전,,"[출처] 중고나라 | [분석모델] SPOT_AND_SCRUB | [모델근거] text_variant | [원문설명] [제품 개요] 2605124441 본 제품은 **다이슨** **스팟앤스크럽 Ai 로봇 청소기**로, 바닥의 얼룩과 오염을 감지하여 맞춤 청소를 수행하는 로봇 청소기입니다. 블랙/블루 색상 구성이며, 본체와 스테이션이 함께 제공되는 제품입니다. [상세 사양] - 제품명: 다이슨 스팟앤스크럽 Ai 로봇 청소기 - 모델번호: 144385-01 - 색상: 블랙/블루 - 인증번호: HU073098-25010(docking station, 전기충전기) [제품 상태 평가] - 외관 상태: 사용감은 있으나 크지 않으며, 눈에 띄는 스크래치나 얼룩은 확인되지 않습니다. - 작동 상태: 버튼 및 어플 연결이 정상이며, 본체의 브러쉬 및 물걸레 회전, 흡입, 물걸레 세척 기능이 정상입니다. 스테이션의 급배수, 흡입, 충전 기능도 정상입니다. - 특이사항: 사용감이 일부 있으며, 외관상 경미한 사용 흔적은 있을 수 있습니다. [포함 구성품] - 본체 - 스테이션 - 구성품 일체 [거래 조건] - 희망가격: 1447200원 - 거래방식: 직거래 및 택배거래 가능, 안전거래 지원 - 문의사항이 있으시면 연락 부탁드립니다. | [원문링크] https://web.joongna.com/product/229520335"
청소기,다이슨 청소기,다이슨 스팟앤스크럽 ai로봇청소기,거래중,"1,300,000원",구포제2동,2026-06-10,0,0,0,36.5℃,중고나라판매자,생활가전,구포제2동,[출처] 중고나라 | [분석모델] SPOT_AND_SCRUB | [모델근거] text_variant | [원문설명] AI 기능이 있는 로봇청소기예요. 충전 스테이션과 물통까지 포함된 세트로 새상품입니다. 하나는 저희집에설치했고 부모님집에 드렸는데 안쓰신다고해서 박스그대로있어요ㅜ | [원문링크] https://web.joongna.com/product/226399861
청소기,다이슨 청소기,다이슨 v11 에어와츠 최상급 청소기,거래완료,"400,000원",,2026-06-09,0,0,0,36.5℃,중고나라판매자,생활가전,,[출처] 중고나라 | [분석모델] V11 | [모델근거] text_code | [원문링크] https://web.joongna.com/product/228888187
청소기,다이슨 청소기,다이슨v8 무선청소기,거래완료,"40,000원",,2026-06-08,0,0,0,36.5℃,중고나라판매자,생활가전,,[출처] 중고나라 | [분석모델] V8 | [모델근거] text_code | [원문링크] https://web.joongna.com/product/229443599
청소기,다이슨 청소기,다이슨 v10 무선청소기,거래완료,"110,000원",사동,2026-06-08,0,0,0,36.5℃,중고나라판매자,생활가전,사동,[출처] 중고나라 | [분석모델] V10 | [모델근거] text_code | [원문링크] https://web.joongna.com/product/229438167
청소기,다이슨 청소기,다이슨 v10 무선 청소기,거래완료,"90,000원",,2026-06-08,0,0,0,36.5℃,중고나라판매자,생활가전,,[출처] 중고나라 | [분석모델] V10 | [모델근거] text_code | [원문링크] https://web.joongna.com/product/229394099
청소기,다이슨 청소기,다이슨무선청소기,거래완료,"2,345원",양평읍,2026-06-08,0,0,0,36.5℃,중고나라판매자,생활가전,양평읍,[출처] 중고나라 | [분석모델] 제품군 공통 | [모델근거] product_group | [원문설명] 다이슨 컴플리트 무선 청소기입니다 보이는 청소튤 그리고 거치대까지 사진에서 보이는 모든 구성품을 함께 드립니다 넓은 공간도 여유롭게 청소하고 싶으신 분들께 추천드려요.정품배터리 구입해서 사용해서 30평대 집 청소에도 무리없어요. 정말 중고나라는 사기꾼이 많네요. 하루동안 타사이트 유도하는 연락 많이 오는데 절대 사절입니다. 드라이브하기 딱 좋은 경기양평입니다. 부피가 있어 되도록 직거래 희망합니다. | [원문링크] https://web.joongna.com/product/229426639
청소기,다이슨 청소기,미개봉 다이슨 클린앤워시 하이진 물청소기,거래완료,"420,000원",용호제1동,2026-06-08,0,0,0,36.5℃,중고나라판매자,생활가전,용호제1동,[출처] 중고나라 | [분석모델] 제품군 공통 | [모델근거] product_group | [원문설명] 다이슨 공홈에서 출시하자마자 산 후 AS로 새제품 교환으로 26년 5월 12일날 배송받았습니다. 당연히 미사용 미개봉입니다 택배 됩니다 | [원문링크] https://web.joongna.com/product/228889011
청소기,다이슨 청소기,다이슨 클린앤워시 하이진 물청소기,거래완료,"400,000원",곡선동,2026-06-06,0,0,0,36.5℃,중고나라판매자,생활가전,곡선동,"[출처] 중고나라 | [분석모델] 제품군 공통 | [모델근거] product_group | [원문설명] 다이슨 클린앤워시 하이진 무선 청소기예요. 물걸레와 세탁 기능을 동시에 사용할 수 있어서 정말 편리해요. '미개봉'상품입니다. 미개봉 새제품이라 상태 완벽하고, 집안 청소가 정말 편해질 거예요! | [원문링크] https://web.joongna.com/product/228163505"
청소기,다이슨 청소기,다이슨 SV09 무선청소기,거래완료,"20,000원",,2026-06-06,0,0,0,36.5℃,중고나라판매자,생활가전,,[출처] 중고나라 | [분석모델] SV09 | [모델근거] text_code | [원문링크] https://web.joongna.com/product/228352387
청소기,다이슨 청소기,"[다이슨 청소기] 다이슨 V15s 디텍트 서브마린 컴플리트(미개봉,새상품)",거래중,"900,000원",반포3동,2026-06-06,0,0,0,36.5℃,중고나라판매자,생활가전,반포3동,"[출처] 중고나라 | [분석모델] V15S | [모델근거] text_code | [원문설명] [다이슨 청소기] 다이슨 V15s 디텍트 서브마린 컴플리트(미개봉,새상품) 선물받고 그대로. 보관한 다이슨 무선 청소기랍니다 청소기 라인에서도 인기 많고 고급 비싼 라인이어요 미개봉이라 선물로도 좋은 상태입니다. 직거래(서울) 가능하고 택배도 가능해요 택비 시 착불입니다 새상품이오니~ 교환 반품은 어려워요 (직접 찍은 사진으로 불펌 불가입니다!) 채팅이나 문자 주세요 직거래는 시간 상관없이 가능해요. | [원문링크] https://web.joongna.com/product/229357562"
청소기,다이슨 청소기,다이슨 v10 sv12 무선 청소기,거래중,"170,000원",성현동,2026-06-05,0,0,0,36.5℃,중고나라판매자,생활가전,성현동,[출처] 중고나라 | [분석모델] V10 | [모델근거] text_code | [원문링크] https://web.joongna.com/product/228583909
청소기,다이슨 청소기,다이슨v10 무선 청소기,거래완료,"170,000원",대신동,2026-06-04,0,0,0,36.5℃,중고나라판매자,생활가전,대신동,[출처] 중고나라 | [분석모델] V10 | [모델근거] text_code | [원문링크] https://web.joongna.com/product/229127439
청소기,다이슨 청소기,다이슨 스팟앤스크럽 Ai 로봇청소기 RB05,거래완료,"890,000원",상계1동,2026-06-03,0,0,0,36.5℃,중고나라판매자,생활가전,상계1동,[출처] 중고나라 | [분석모델] SPOT_AND_SCRUB | [모델근거] text_variant | [원문설명] 무상기간: 2028년 4월 사용감 적은 깨끗한 상품입니다. 다른 제품이 있어 저렴하게 정리합니다. | [원문링크] https://web.joongna.com/product/228518839
청소기,다이슨 청소기,다이슨 청소기,거래완료,"200,000원",농소1동,2026-06-03,0,0,0,36.5℃,중고나라판매자,생활가전,농소1동,[출처] 중고나라 | [분석모델] 제품군 공통 | [모델근거] product_group | [원문설명] 다이슨 청소기 로봇청소기 사용으로 몇번안쓴 상태좋아요. | [원문링크] https://web.joongna.com/product/229264726
청소기,다이슨 청소기,다이슨무선청소기 v11 정품 도킹스테이션 미사용품,거래완료,"14,000원",동백2동,2026-06-01,0,0,0,36.5℃,중고나라판매자,생활가전,동백2동,[출처] 중고나라 | [분석모델] V11 | [모델근거] text_code | [원문링크] https://web.joongna.com/product/220811798
청소기,다이슨 청소기,다이슨무선청소기 v10 메인바디,거래완료,"70,000원",동백2동,2026-06-01,0,0,0,36.5℃,중고나라판매자,생활가전,동백2동,[출처] 중고나라 | [분석모델] V10 | [모델근거] text_code | [원문링크] https://web.joongna.com/product/221560218
청소기,다이슨 청소기,다이슨무선청소기 v10 스위치뭉치,거래중,"10,000원",동백2동,2026-06-01,0,0,0,36.5℃,중고나라판매자,생활가전,동백2동,[출처] 중고나라 | [분석모델] V10 | [모델근거] text_code | [원문링크] https://web.joongna.com/product/209523548
청소기,다이슨 청소기,다이슨 무선청소기 v8 판매합니다.,거래완료,"100,000원",은행동,2026-05-31,0,0,0,36.5℃,중고나라판매자,생활가전,은행동,[출처] 중고나라 | [분석모델] V8 | [모델근거] text_code | [원문링크] https://web.joongna.com/product/229177057
청소기,다이슨 청소기,다이슨 무선청소기 v8 판매합니다.,거래완료,"90,000원",은행동,2026-05-31,0,0,0,36.5℃,중고나라판매자,생활가전,은행동,[출처] 중고나라 | [분석모델] V8 | [모델근거] text_code | [원문링크] https://web.joongna.com/product/229177001
청소기,다이슨 청소기,다이슨 V7 Fluffy 무선청소기,거래완료,"90,000원",덕산동,2026-05-31,0,0,0,36.5℃,중고나라판매자,생활가전,덕산동,[출처] 중고나라 | [분석모델] V7 | [모델근거] text_code | [원문링크] https://web.joongna.com/product/229152621
청소기,다이슨 청소기,(정품) (DYSON) 다이슨 V6 무선 청소기,거래완료,"70,000원",금호2.3가동,2026-05-29,0,0,0,36.5℃,중고나라판매자,생활가전,금호2.3가동,[출처] 중고나라 | [분석모델] V6 | [모델근거] text_code | [원문링크] https://web.joongna.com/product/229101353
청소기,다이슨 청소기,(정품) (DYSON) 다이슨 V6 무선 청소기,거래완료,"20,000원",금호2.3가동,2026-05-27,0,0,0,36.5℃,중고나라판매자,생활가전,금호2.3가동,[출처] 중고나라 | [분석모델] V6 | [모델근거] text_code | [원문링크] https://web.joongna.com/product/229028072
청소기,다이슨 청소기,다이슨 V10 컴플리트 무선청소기 (롱바디),거래완료,"210,000원",덕산동,2026-05-26,0,0,0,36.5℃,중고나라판매자,생활가전,덕산동,[출처] 중고나라 | [분석모델] V10 | [모델근거] text_code | [원문링크] https://web.joongna.com/product/228990250
청소기,다이슨 청소기,다이슨 V10 카본파이버 무선청소기 거치대 포함,거래완료,"110,000원",감일동,2026-05-25,0,0,0,36.5℃,중고나라판매자,생활가전,감일동,[출처] 중고나라 | [분석모델] V10 | [모델근거] text_code | [원문링크] https://web.joongna.com/product/228972104
청소기,다이슨 청소기,다이슨 V10 앱솔루트 무선 청소기 풀박스 상태,거래완료,"100,000원",영화동,2026-05-24,0,0,0,36.5℃,중고나라판매자,생활가전,영화동,[출처] 중고나라 | [분석모델] V10 | [모델근거] text_code | [원문링크] https://web.joongna.com/product/228919217
청소기,다이슨 청소기,다이슨 V10 무선청소기 본체,거래완료,"50,000원",광안제2동,2026-05-23,0,0,0,36.5℃,중고나라판매자,생활가전,광안제2동,[출처] 중고나라 | [분석모델] V10 | [모델근거] text_code | [원문링크] https://web.joongna.com/product/228828055
청소기,다이슨 청소기,(미개봉)다이슨v15무선청소기,거래완료,"410,000원",,2026-05-21,0,0,0,36.5℃,중고나라판매자,생활가전,,[출처] 중고나라 | [분석모델] V15 | [모델근거] text_code | [원문링크] https://web.joongna.com/product/228493494
청소기,다이슨 청소기,다이슨 펜슬백 플러피콘 무선청소기,거래완료,"480,000원",서농동,2026-05-19,0,0,0,36.5℃,중고나라판매자,생활가전,서농동,[출처] 중고나라 | [분석모델] PENCILVAC | [모델근거] text_variant | [원문링크] https://web.joongna.com/product/228704666
청소기,다이슨 청소기,다이슨무선청소기 v11. v15 도킹스테이션 미사용품,거래완료,"14,000원",동백2동,2026-05-19,0,0,0,36.5℃,중고나라판매자,생활가전,동백2동,[출처] 중고나라 | [분석모델] V11 | [모델근거] text_code | [원문링크] https://web.joongna.com/product/227856254
청소기,다이슨 청소기,다이슨무선청소기 정품 도킹스테이션 미사용품,거래완료,"14,000원",동백2동,2026-05-19,0,0,0,36.5℃,중고나라판매자,생활가전,동백2동,[출처] 중고나라 | [분석모델] V10 | [모델근거] detail_text_code | [원문설명] 다이슨무선청소기 정품 도킹스테이션 미사용품 입니다 v10 도킹스테이션 미사용품 1만5천원 v11 도킹스테이션 15000원 모두정품이고 미사용품 입니다 직거래 는 용인 동백지구 택배거래시 4천원추가 ㅇ10-519ㅇ-9162 | [원문링크] https://web.joongna.com/product/220995928
청소기,다이슨 청소기,다이슨 v11 청소기 모터ㅡ불량,거래완료,"20,000원",,2026-05-18,0,0,0,36.5℃,중고나라판매자,생활가전,,[출처] 중고나라 | [분석모델] V11 | [모델근거] text_code | [원문링크] https://web.joongna.com/product/228717358
청소기,다이슨 청소기,다이슨 로봇청소기 스팟 앤 스크럽 AI 미개봉 새상품,거래완료,"950,000원",,2026-05-17,0,0,0,36.5℃,중고나라판매자,생활가전,,[출처] 중고나라 | [분석모델] SPOT_AND_SCRUB | [모델근거] text_variant | [원문설명] 다이슨 로봇 청소기 스팟앤스크럽AI 미개봉 상품입니다. 이 가격이 맞나 싶을정도로 저렴하게 내놓으니 연락 주세요. 선물받았는데 로봇청소기는 잘 쓰지 않아서 내놓습니다. 네고는 사양합니다. 1. 모델명: 다이슨 스팟앤스크럽 AI 2. 구성: 박스 풀셋 (미개봉) 3. 가격: 95만 택배 받은상태 그대로 보내드립니다. | [원문링크] https://web.joongna.com/product/228493363
청소기,다이슨 청소기,다이슨 무선청소기,거래중,"60,000원",죽전1동,2026-05-17,0,0,0,36.5℃,중고나라판매자,생활가전,죽전1동,[출처] 중고나라 | [분석모델] DC62 | [모델근거] detail_text_code | [원문설명] 다이슨 무선청소기 DC62 판매해요. 충전기도 함께 드리고 상태 양호합니다. 깨끗하게 관리해서 사용감 적어요! | [원문링크] https://web.joongna.com/product/227900052
청소기,다이슨 청소기,다이슨 무선청소기V8,거래중,"200,000원",고잔동,2026-05-16,0,0,0,36.5℃,중고나라판매자,생활가전,고잔동,[출처] 중고나라 | [분석모델] V8 | [모델근거] text_code | [원문링크] https://web.joongna.com/product/227213110
청소기,다이슨 청소기,다이슨 청소기ᆢSV12G의 밧데리(중고 정품),거래완료,"50,000원",주안5동,2026-05-16,0,0,0,36.5℃,중고나라판매자,생활가전,주안5동,[출처] 중고나라 | [분석모델] SV12G | [모델근거] text_code | [원문링크] https://web.joongna.com/product/228650328
청소기,다이슨 청소기,다이슨청소기 V8 필독,거래완료,"58,000원",,2026-05-15,0,0,0,36.5℃,중고나라판매자,생활가전,,[출처] 중고나라 | [분석모델] V8 | [모델근거] text_code | [원문링크] https://web.joongna.com/product/227632955
청소기,다이슨 청소기,다이슨청소기 정상작동 필독,거래완료,"78,000원",,2026-05-15,0,0,0,36.5℃,중고나라판매자,생활가전,,[출처] 중고나라 | [분석모델] V8 | [모델근거] detail_text_code | [원문설명] 실 사진입니다 다이슨청소기V8판매합니다 택배는 업무상 금.토.일 배송합니다 착불이며 임의대로 올립니다 | [원문링크] https://web.joongna.com/product/228122283
청소기,다이슨 청소기,[다이슨] 360 Vis Nav 로봇청소기 / 강력한 흡입력 + 360도 비전 시스템,거래중,"350,000원",가산동,2026-05-14,0,0,0,36.5℃,중고나라판매자,생활가전,가산동,[출처] 중고나라 | [분석모델] 360_VIS_NAV | [모델근거] text_variant | [원문링크] https://web.joongna.com/product/228307933
청소기,다이슨 청소기,다이슨 v11 무선청소기,예약중,"230,000원",양재1동,2026-05-14,0,0,0,36.5℃,중고나라판매자,생활가전,양재1동,[출처] 중고나라 | [분석모델] V11 | [모델근거] text_code | [원문링크] https://web.joongna.com/product/228577500
청소기,다이슨 청소기,다이슨 V8 무선청소기,거래중,"400,000원",별내동,2026-05-12,0,0,0,36.5℃,중고나라판매자,생활가전,별내동,[출처] 중고나라 | [분석모델] V8 | [모델근거] text_code | [원문링크] https://web.joongna.com/product/228528333
청소기,다이슨 청소기,다이슨청소기 V10(SV12) 본체 판매합니다,예약중,"65,000원",,2026-05-11,0,0,0,36.5℃,중고나라판매자,생활가전,,[출처] 중고나라 | [분석모델] V10 | [모델근거] text_code | [원문링크] https://web.joongna.com/product/228303872
청소기,다이슨 청소기,다이슨 V8 앱솔루트 무선청소기,거래완료,"50,000원",중앙동,2026-05-11,0,0,0,36.5℃,중고나라판매자,생활가전,중앙동,[출처] 중고나라 | [분석모델] V8 | [모델근거] text_code | [원문링크] https://web.joongna.com/product/228486973
청소기,다이슨 청소기,다이슨 무선청소기 팝니다,거래완료,"170,000원",주엽1동,2026-05-11,0,0,0,36.5℃,중고나라판매자,생활가전,주엽1동,"[출처] 중고나라 | [분석모델] 제품군 공통 | [모델근거] product_group | [원문설명] 다이슨 무선청소기 판매합니다. 충전거치대와 함께 드리고, 사용감은 있지만 작동 상태 아주 좋아요 강력한 흡입력으로 청소 효과 좋습니다. 사진에 있는 구성품은 다 드립니다. 채팅주세요 | [원문링크] https://web.joongna.com/product/228120133"
청소기,다이슨 청소기,다이슨 V8 무선청소기 오렌지,거래완료,"100,000원",양성면,2026-05-11,0,0,0,36.5℃,중고나라판매자,생활가전,양성면,[출처] 중고나라 | [분석모델] V8 | [모델근거] text_code | [원문링크] https://web.joongna.com/product/228403500
청소기,다이슨 청소기,다이슨청소기 자동차청소,거래중,"70,000원",대치2동,2026-05-09,0,0,0,36.5℃,중고나라판매자,생활가전,대치2동,[출처] 중고나라 | [분석모델] 제품군 공통 | [모델근거] product_group | [원문설명] 원청소기에서 끝부분(자바라찢어짐)만없음자동차청소하기좋아요 01062754539 대치역 직거래 | [원문링크] https://web.joongna.com/product/211234764
청소기,다이슨 청소기,다이슨 스팟앤스크럽 Ai 로봇 청소기 미개봉 판매,거래완료,"850,000원",구래동,2026-05-08,0,0,0,36.5℃,중고나라판매자,생활가전,구래동,[출처] 중고나라 | [분석모델] SPOT_AND_SCRUB | [모델근거] text_variant | [원문설명] 다이슨 스팟앤스크럽 Ai 로봇 청소기 미개봉 새제품입니다 정품등록 하시면 AS 2년 가능합니다 고가이기에 직거래만 합니다 새제품 150만원에 판매되는 제품입니다 | [원문링크] https://web.joongna.com/product/228346913
청소기,다이슨 청소기,(미개봉) 다이슨 360 vis nav 로봇청소기팝니다,거래완료,"360,000원",사당제1동,2026-05-07,0,0,0,36.5℃,중고나라판매자,생활가전,사당제1동,[출처] 중고나라 | [분석모델] 360_VIS_NAV | [모델근거] text_variant | [원문링크] https://web.joongna.com/product/228036038
청소기,다이슨 청소기,다이슨 스팟앤스크럽 Ai 로봇 청소기,거래완료,"1,250,000원",중마동,2026-05-07,0,0,0,36.5℃,중고나라판매자,생활가전,중마동,[출처] 중고나라 | [분석모델] SPOT_AND_SCRUB | [모델근거] text_variant | [원문설명] 새상품 택배받은 그대로 보내드립니다 | [원문링크] https://web.joongna.com/product/228343099
청소기,다이슨 청소기,다이슨v8무선청소기 풀세트 다드립니다,거래중,"150,000원",,2026-05-06,0,0,0,36.5℃,중고나라판매자,생활가전,,[출처] 중고나라 | [분석모델] V8 | [모델근거] text_code | [원문링크] https://web.joongna.com/product/228295716
청소기,다이슨 청소기,다이슨마이크로무선청소기,거래중,"270,000원",,2026-05-06,0,0,0,36.5℃,중고나라판매자,생활가전,,[출처] 중고나라 | [분석모델] 제품군 공통 | [모델근거] product_group | [원문설명] 다이슨마이크로무선청소기 판매합니다. 레이저브러쉬가있어 청소하기좋아요 사용감은 있지만 정상 작동하며 충전기도 함께 드려요. 깨끗하게 관리해서 상태 양호합니다. | [원문링크] https://web.joongna.com/product/227819718
청소기,다이슨 청소기,다이슨 청소기 본체,거래중,"45,000원",,2026-05-06,0,0,0,36.5℃,중고나라판매자,생활가전,,[출처] 중고나라 | [분석모델] V8 | [모델근거] detail_text_code | [원문설명] 다이슨청소기 v8본체.배터리 작동잘되구요 사진그대로 상태는사진참조 택배거래도됩니다 터무니업는 가격네고하지마세요 찔러보기사절 예민하신분 패스해주시고 반품x 환불x 안됩니다 신중히결정하세요 배터리 는교체하셔야합니다 | [원문링크] https://web.joongna.com/product/228261205
청소기,다이슨 청소기,다이슨 청소기 v11 팝니다,거래완료,"230,000원",,2026-05-03,0,0,0,36.5℃,중고나라판매자,생활가전,,[출처] 중고나라 | [분석모델] V11 | [모델근거] text_code | [원문링크] https://web.joongna.com/product/227430959
청소기,다이슨 청소기,다이슨 옴니 글라이드 청소기 판매해요,거래완료,"80,000원",,2026-05-02,0,0,0,36.5℃,중고나라판매자,생활가전,,[출처] 중고나라 | [분석모델] OMNI_GLIDE | [모델근거] text_variant | [원문링크] https://web.joongna.com/product/228074156
청소기,다이슨 청소기,다이슨 washG1 물걸레 청소기,거래중,"345,000원",좌제4동,2026-05-01,0,0,0,36.5℃,중고나라판매자,생활가전,좌제4동,[출처] 중고나라 | [분석모델] WASH_G1 | [모델근거] text_variant | [원문링크] https://web.joongna.com/product/228059493
청소기,다이슨 청소기,[새상품] 다이슨 청소기 도킹스테이션 v11,거래완료,"6,000원",군포2동,2026-05-01,0,0,0,36.5℃,중고나라판매자,생활가전,군포2동,[출처] 중고나라 | [분석모델] V11 | [모델근거] text_code | [원문링크] https://web.joongna.com/product/221489641
청소기,다이슨 청소기,"무선청소기 MOP헤드 세트 (다이슨 V7, V8, V10, V11, V15 호환)",거래완료,"29,000원",동춘1동,2026-04-29,0,0,0,36.5℃,중고나라판매자,생활가전,동춘1동,[출처] 중고나라 | [분석모델] V7 | [모델근거] text_code | [원문링크] https://web.joongna.com/product/227759708
청소기,다이슨 청소기,다이슨 SV10 무선 청소기,거래완료,"100,000원",좌제4동,2026-04-29,0,0,0,36.5℃,중고나라판매자,생활가전,좌제4동,[출처] 중고나라 | [분석모델] SV10 | [모델근거] text_code | [원문링크] https://web.joongna.com/product/228059560
청소기,다이슨 청소기,다이슨 디지털 슬림 옵틱 청소기 판매합니다,거래완료,"355,000원",일산3동,2026-04-29,0,0,0,36.5℃,중고나라판매자,생활가전,일산3동,[출처] 중고나라 | [분석모델] DIGITAL_SLIM | [모델근거] text_variant | [원문링크] https://web.joongna.com/product/227973767
청소기,다이슨 청소기,다이슨 v7 무선청소기,거래완료,"90,000원",대신동,2026-04-29,0,0,0,36.5℃,중고나라판매자,생활가전,대신동,[출처] 중고나라 | [분석모델] V7 | [모델근거] text_code | [원문링크] https://web.joongna.com/product/227993543
청소기,다이슨 청소기,다이슨 360 Vis Nav 로봇 청소기,거래중,"420,000원",,2026-04-29,0,0,0,36.5℃,중고나라판매자,생활가전,,[출처] 중고나라 | [분석모델] 360_VIS_NAV | [모델근거] text_variant | [원문링크] https://web.joongna.com/product/228047397
청소기,다이슨 청소기,다이슨 청소기 V10,거래완료,"160,000원",반포2동,2026-04-28,0,0,0,36.5℃,중고나라판매자,생활가전,반포2동,[출처] 중고나라 | [분석모델] V10 | [모델근거] text_code | [원문링크] https://web.joongna.com/product/227611033
청소기,다이슨 청소기,다이슨 V10 플러피 플러스 무선청소기,거래완료,"170,000원",,2026-04-27,0,0,0,36.5℃,중고나라판매자,생활가전,,[출처] 중고나라 | [분석모델] V10 | [모델근거] text_code | [원문링크] https://web.joongna.com/product/227977692
청소기,다이슨 청소기,다이슨 v7무선청소기,거래완료,"80,000원",대신동,2026-04-24,0,0,0,36.5℃,중고나라판매자,생활가전,대신동,[출처] 중고나라 | [분석모델] V7 | [모델근거] text_code | [원문링크] https://web.joongna.com/product/227605954
청소기,다이슨 청소기,다이슨 V10 싸이클론 무선청소기(내용필독),거래완료,"100,000원",다사읍,2026-04-23,0,0,0,36.5℃,중고나라판매자,생활가전,다사읍,[출처] 중고나라 | [분석모델] V10 | [모델근거] text_code | [원문링크] https://web.joongna.com/product/227853281
청소기,다이슨 청소기,[다이슨] V8 실버/레드 무선 핸디스틱 청소기 / 강력 흡입력 풀구성,거래완료,"130,000원",등촌제1동,2026-04-23,0,0,0,36.5℃,중고나라판매자,생활가전,등촌제1동,[출처] 중고나라 | [분석모델] V8 | [모델근거] text_code | [원문링크] https://web.joongna.com/product/227838665
청소기,다이슨 청소기,"다이슨 v7, v8, v10, v11 무선청소기 노즐 툴 세트 새상품",거래완료,"25,000원",,2026-04-23,0,0,0,36.5℃,중고나라판매자,생활가전,,[출처] 중고나라 | [분석모델] V7 | [모델근거] text_code | [원문링크] https://web.joongna.com/product/227460379
청소기,다이슨 청소기,다이슨 무선청소기,거래중,"70,000원",죽전1동,2026-04-23,0,0,0,36.5℃,중고나라판매자,생활가전,죽전1동,"[출처] 중고나라 | [분석모델] DC62 | [모델근거] detail_text_code | [원문설명] 다이슨 무선청소기 DC62 판매해요. 충전기도 함께 드리고, 사용감은 있지만 작동 잘 됩니다. 깨끗하게 청소해서 상태 양호해요! V6 호환 7만원 판매합니다 | [원문링크] https://web.joongna.com/product/227379283"
청소기,다이슨 청소기,다이슨 청소기 호환물걸레키트,거래중,"50,000원",운정4동,2026-04-22,0,0,0,36.5℃,중고나라판매자,생활가전,운정4동,"[출처] 중고나라 | [분석모델] V7 | [모델근거] detail_text_code | [원문설명] 다이슨 청소기 호환 물걸레 키트(사토2세대)입니다 물걸레키트는 와디즈에서 23년도에구매하고 집에 계단이 많아서 잘 사용안하게 되어 몇번 사용못했네요 현재 다이슨에서 다른 청소기로 바꿔서 판매합니다. 사토 물걸레키트는 11번가에서 19만원에 판매중입니다 (v7,v8,v10,v11,v15 호환) | [원문링크] https://web.joongna.com/product/227786097"
청소기,다이슨 청소기,다이슨청소기 V10(SV12) 본체 판매합니다,거래완료,"65,000원",,2026-04-21,0,0,0,36.5℃,중고나라판매자,생활가전,,[출처] 중고나라 | [분석모델] V10 | [모델근거] text_code | [원문링크] https://web.joongna.com/product/227752995
청소기,다이슨 청소기,다이슨 무선청소기 V11 천안직거래 택배거래 가능,거래완료,"100,000원",성환읍,2026-04-21,0,0,0,36.5℃,중고나라판매자,생활가전,성환읍,[출처] 중고나라 | [분석모델] V11 | [모델근거] text_code | [원문링크] https://web.joongna.com/product/227745937
청소기,다이슨 청소기,다이슨 V10 청소기 본체+더스트빈+바테리,거래완료,"30,000원",,2026-04-20,0,0,0,36.5℃,중고나라판매자,생활가전,,[출처] 중고나라 | [분석모델] V10 | [모델근거] text_code | [원문링크] https://web.joongna.com/product/227567972
청소기,다이슨 청소기,다이슨 V8 실버/레드 무선청소기 / 강력 흡입력 가벼운 청소,거래중,"190,000원",,2026-04-19,0,0,0,36.5℃,중고나라판매자,생활가전,,[출처] 중고나라 | [분석모델] V8 | [모델근거] text_code | [원문링크] https://web.joongna.com/product/227680334
청소기,다이슨 청소기,"다이슨 V7, V8, V10, V11 청소기 소프트롤러",거래중,"30,000원",중앙동,2026-04-19,0,0,0,36.5℃,중고나라판매자,생활가전,중앙동,[출처] 중고나라 | [분석모델] V7 | [모델근거] text_code | [원문링크] https://web.joongna.com/product/225347400
청소기,다이슨 청소기,다이슨 스몰볼 유선청소기 110 V + 한일 전압기,거래완료,"140,000원",평내동,2026-04-17,0,0,0,36.5℃,중고나라판매자,생활가전,평내동,[출처] 중고나라 | [분석모델] 제품군 공통 | [모델근거] product_group | [원문설명] 다이슨 스몰볼 유선청소기입니다. 110v입니다. 한일 5k 변압기 함께 판매합니다. 청소기만 원할시 10만원 변압기만 원할시 5만원 택배는 구매자부담입니다. | [원문링크] https://web.joongna.com/product/227532717
청소기,다이슨 청소기,다이슨 dyson 무선 청소기(배터리 새로 리필하여 빵빵!!),거래완료,"105,000원",미아동,2026-04-17,0,0,0,36.5℃,중고나라판매자,생활가전,미아동,[출처] 중고나라 | [분석모델] SV11 | [모델근거] detail_text_code | [원문설명] 다이슨 무선 충전식 청소기입니다. SV11/HH11 사용감은 있지만 배터리 리필하여 아주 잘 돌아갑니다. 본체.정품 충전기.거치대.필터 배터리 85.000원 주고 리필하여 쌩쌩 잘 돌아 갑니다. 사진에 보여지는 것 외 다른 구성품은 없습니다. 택배 포장의 어려움으로 택배거래는 안합니다. 안심결제 후 직접 오셔야 합니다. 지역은 서울 미아동입니다. 감사합니다. | [원문링크] https://web.joongna.com/product/225723127
청소기,다이슨 청소기,다이슨청소기 V8 새제품,거래완료,"150,000원",내수읍,2026-04-16,0,0,0,36.5℃,중고나라판매자,생활가전,내수읍,[출처] 중고나라 | [분석모델] V8 | [모델근거] text_code | [원문링크] https://web.joongna.com/product/227256446
청소기,다이슨 청소기,다이슨 DC52 유선청소기,거래완료,"45,000원",단대동,2026-04-16,0,0,0,36.5℃,중고나라판매자,생활가전,단대동,[출처] 중고나라 | [분석모델] DC52 | [모델근거] text_code | [원문링크] https://web.joongna.com/product/227472881
청소기,다이슨 청소기,다이슨청소기 V10(SV12) 본체 판매합니다,예약중,"63,000원",,2026-04-15,0,0,0,36.5℃,중고나라판매자,생활가전,,[출처] 중고나라 | [분석모델] V10 | [모델근거] text_code | [원문링크] https://web.joongna.com/product/227530493
청소기,다이슨 청소기,다이슨 SV11 무선청소기 판매합니다~~,거래완료,"39,000원",철산3동,2026-04-14,0,0,0,36.5℃,중고나라판매자,생활가전,철산3동,[출처] 중고나라 | [분석모델] SV11 | [모델근거] text_code | [원문링크] https://web.joongna.com/product/227498173
청소기,다이슨 청소기,다이슨 V12 싸이클론 무선청소기 본체,거래완료,"120,000원",지동,2026-04-14,0,0,0,36.5℃,중고나라판매자,생활가전,지동,[출처] 중고나라 | [분석모델] V12 | [모델근거] text_code | [원문링크] https://web.joongna.com/product/226836103
청소기,다이슨 청소기,다이슨 스팟앤스크럽 Ai 로봇청소기(새상품),거래완료,"1,150,000원",장안제1동,2026-04-14,0,0,0,36.5℃,중고나라판매자,생활가전,장안제1동,"[출처] 중고나라 | [분석모델] SPOT_AND_SCRUB | [모델근거] text_variant | [원문설명] 다이슨 스팟앤스크럽 Ai 로봇청소기 새상품입니다. 박보검이 광고하는 바로 그 로봇청소기에요. 알아서 척척 청소하는 똑똑한 로봇청소기로, 시간 절약하세요! 내부 박스는 열어보지도 않은 새상품입니다. 강아지가 있어서 쓸 엄두가 안나서 팝니다. 직거래만 가능합니다. | [원문링크] https://web.joongna.com/product/226813393"
청소기,다이슨 청소기,다이슨 v7무선청소기,거래완료,"80,000원",대신동,2026-04-13,0,0,0,36.5℃,중고나라판매자,생활가전,대신동,[출처] 중고나라 | [분석모델] V7 | [모델근거] text_code | [원문링크] https://web.joongna.com/product/227077920
청소기,다이슨 청소기,다이슨 369 Vis Nav 로봇청소기 (새상품),거래완료,"499,000원",,2026-04-11,0,0,0,36.5℃,중고나라판매자,생활가전,,"[출처] 중고나라 | [분석모델] 360_VIS_NAV | [모델근거] detail_text_variant | [원문설명] • 브랜드: Dyson • 제품명: 360 Vis Nav • 모델번호: RB03 • 색상코드: VnBu/Nk (Vinca Blue / Nickel) • 제품 종류: 로봇 청소기 🤖 주요 특징 • 360° 카메라 기반 실내 지도 및 네비게이션 • Dyson Hyperdymium 모터 (약 110,000rpm) • HEPA 수준 밀폐 필터 • 앱(MyDyson)으로 원격 제어 • 배터리 약 최대 65분 사용 박스도 뜯지않은 새상품 입니다. 선물로 받았는데 집에 쓰고있던 로봇청소기가 있어 판매합니다. 배송 무료로 해드립니다 | [원문링크] https://web.joongna.com/product/226188640"
청소기,다이슨 청소기,다이슨 물걸레 청소기 G1 팝니다,거래중,"240,000원",화정1동,2026-04-10,0,0,0,36.5℃,중고나라판매자,생활가전,화정1동,[출처] 중고나라 | [분석모델] WASH_G1 | [모델근거] detail_text_variant | [원문설명] 다이슨 워시 G1 물걸레 청소기 입니다. 주기적으로 깨끗히 잘 관리하면서 사용한 물건입니다! 부피가 있어서 덕양구청 주차장에서 직거래 선호합니다! | [원문링크] https://web.joongna.com/product/226443850
청소기,다이슨 청소기,정품 다이슨 v8 v7 무선청소기 싸이클론 집진기 필터 포함 본체 부품,거래완료,"9,000원",,2026-04-09,0,0,0,36.5℃,중고나라판매자,생활가전,,[출처] 중고나라 | [분석모델] V8 | [모델근거] text_code | [원문링크] https://web.joongna.com/product/227159660
청소기,다이슨 청소기,다이슨 v6 풀세트 미사용 무선청소기,거래완료,"120,000원",광장동,2026-04-09,0,0,0,36.5℃,중고나라판매자,생활가전,광장동,[출처] 중고나라 | [분석모델] V6 | [모델근거] text_code | [원문설명] 다이슨 V6 앱솔루트 무선청소기 풀세트입니다. - 다양한 툴을 제공하여 집안 곳곳을 청소하기 용이합니다 - 21.6v 새 배터리 교체 최대용량 12800 mAh 저용량이랑 비교불가 - 헤드툴 세트(미사용) 사진참조 - 먼지 필터세트(미사용) 박스에 미사용 모든 구성품이 포함되어 있습니다. 장안동 사무실 혹은 워커힐 직거래 | [원문링크] https://web.joongna.com/product/227199656
청소기,다이슨 청소기,다이슨 V6 무선청소기 판매합니다~~,거래완료,"49,000원",철산3동,2026-04-08,0,0,0,36.5℃,중고나라판매자,생활가전,철산3동,[출처] 중고나라 | [분석모델] V6 | [모델근거] text_code | [원문링크] https://web.joongna.com/product/227270477
청소기,다이슨 청소기,다이슨 v10 무선청소기,거래완료,"120,000원",,2026-04-07,0,0,0,36.5℃,중고나라판매자,생활가전,,[출처] 중고나라 | [분석모델] V10 | [모델근거] text_code | [원문링크] https://web.joongna.com/product/227246157
청소기,다이슨 청소기,다이슨v8청소기,거래완료,"40,000원",평화동,2026-04-06,0,0,0,36.5℃,중고나라판매자,생활가전,평화동,[출처] 중고나라 | [분석모델] V8 | [모델근거] text_code | [원문링크] https://web.joongna.com/product/227200236
청소기,다이슨 청소기,다이슨 무선 청소기 팝니다,거래완료,"80,000원",,2026-04-06,0,0,0,36.5℃,중고나라판매자,생활가전,,[출처] 중고나라 | [분석모델] SV12 | [모델근거] detail_text_code | [원문설명] 다이슨 무선 청소기 팝니다 sv12 모델 입니다 물걸레는 안된다하여 청소기 필요하신분이 들고가시면 될고같습다 거치대는 있습니다 | [원문링크] https://web.joongna.com/product/227186673
청소기,다이슨 청소기,다이슨 청소기 V12 Origin Fluffy 새제품,거래완료,"370,000원",광교2동,2026-04-05,0,0,0,36.5℃,중고나라판매자,생활가전,광교2동,[출처] 중고나라 | [분석모델] V12 | [모델근거] text_code | [원문링크] https://web.joongna.com/product/227145724
청소기,다이슨 청소기,다이슨 무선청소기 사이클론 v10 풀세트 (택포 12만원),거래완료,"120,000원",,2026-04-04,0,0,0,36.5℃,중고나라판매자,생활가전,,[출처] 중고나라 | [분석모델] V10 | [모델근거] text_code | [원문링크] https://web.joongna.com/product/227055364
청소기,다이슨 청소기,다이슨 청소기 마이크로 1.5,거래완료,"320,000원",정관읍,2026-04-04,0,0,0,36.5℃,중고나라판매자,생활가전,정관읍,[출처] 중고나라 | [분석모델] MICRO_1.5KG | [모델근거] text_variant | [원문링크] https://web.joongna.com/product/225838738
청소기,다이슨 청소기,다이슨 피스톤 V16 DS60 애니멀 무선 청소기,거래완료,"750,000원",석남동,2026-04-02,0,0,0,36.5℃,중고나라판매자,생활가전,석남동,"[출처] 중고나라 | [분석모델] V16 | [모델근거] text_code | [원문설명] - 구매 일자 : 2025년 10월 1일 - 구매처 : M포인트 몰(다이슨 코리아 공식 판매처) - 구매가 : 1,290,000 - 사용일 : 3주 - 판매 사유 : 타 브랜드 사용 - 사용감 : 생활 기스 존재(컨디션 : 상) - 반려견/묘 유무 : 미입양(동일 애니멀 중고제품 대비 애완털 없음) - 제품 사양 : 사진 참조 - 구성품 : 박스, 본체, 올 플로어런 센스 클리너 헤드, 헤어 스크류 툴 2.0, 크레비스 툴, 콤비네이션 툴, 충전기, 멀티 스탠드형 충전 거치대 - 거래 방식 :직거래 서산, 택배 가능 | [원문링크] https://web.joongna.com/product/226852716"
청소기,다이슨 청소기,다이슨V8 무선청소기 판매합니다~~,예약중,"58,000원",철산3동,2026-04-02,0,0,0,36.5℃,중고나라판매자,생활가전,철산3동,[출처] 중고나라 | [분석모델] V8 | [모델근거] text_code | [원문링크] https://web.joongna.com/product/227048344
청소기,다이슨 청소기,다이슨 청소기 V10 카본 파이버 판매합니다,거래완료,"190,000원",일산3동,2026-04-02,0,0,0,36.5℃,중고나라판매자,생활가전,일산3동,[출처] 중고나라 | [분석모델] V10 | [모델근거] text_code | [원문링크] https://web.joongna.com/product/226922284
청소기,다이슨 청소기,다이슨 펜슬백 플러피콘 청소기(새상품) + 배터리 1개 추가구성 판매합니다.,거래완료,"560,000원",월성1동,2026-04-01,0,0,0,36.5℃,중고나라판매자,생활가전,월성1동,[출처] 중고나라 | [분석모델] PENCILVAC | [모델근거] text_variant | [원문링크] https://web.joongna.com/product/226909942
청소기,다이슨 청소기,[미개봉]다이슨 청소기 마이크로 1.5 팝니다.,거래중,"330,000원",산격1동,2026-04-01,0,0,0,36.5℃,중고나라판매자,생활가전,산격1동,[출처] 중고나라 | [분석모델] MICRO_1.5KG | [모델근거] text_variant | [원문링크] https://web.joongna.com/product/226994507
청소기,다이슨 청소기,다이슨 Wash G1 물걸레 청소기,거래완료,"280,000원",위례동,2026-03-31,0,0,0,36.5℃,중고나라판매자,생활가전,위례동,[출처] 중고나라 | [분석모델] WASH_G1 | [모델근거] text_variant | [원문링크] https://web.joongna.com/product/221313000
청소기,다이슨 청소기,다이슨 청소기 부품 세트,거래중,"30,000원",후암동,2026-03-31,0,0,0,36.5℃,중고나라판매자,생활가전,후암동,"[출처] 중고나라 | [분석모델] 제품군 공통 | [모델근거] product_group | [원문설명] 다이슨 청소기 부품 세트 판매해요 사진에 보이는 틈새 툴, 브러쉬 툴, 흡입 툴 포함이에요 각 부품에 이름이 적혀 있어요 정품 다이슨 제품이에요 | [원문링크] https://web.joongna.com/product/226966328"
청소기,다이슨 청소기,다이슨 무선청소기,거래중,"100,000원",잠원동,2026-03-31,0,0,0,36.5℃,중고나라판매자,생활가전,잠원동,[출처] 중고나라 | [분석모델] 제품군 공통 | [모델근거] product_group | [원문설명] 다이슨 무선청소기 입니다. 2018년쯤 구매했고 정식은 아니구 영국서 직접 구매해온 상품입니다. 배터리는 몇년전에 한번 갈았습니다. 잘 작동하고 부속 다 있습니다. 10만원 | [원문링크] https://web.joongna.com/product/226940370
청소기,다이슨 청소기,다이슨 유선 진공청소기 dc23 dyson,거래완료,"50,000원",부암동,2026-03-30,0,0,0,36.5℃,중고나라판매자,생활가전,부암동,[출처] 중고나라 | [분석모델] DC23 | [모델근거] text_code | [원문링크] https://web.joongna.com/product/225084571
청소기,다이슨 청소기,다이슨 SV10(V8) 무선청소기 판매합니다~~,거래완료,"52,000원",철산3동,2026-03-30,0,0,0,36.5℃,중고나라판매자,생활가전,철산3동,[출처] 중고나라 | [분석모델] SV10 | [모델근거] text_code | [원문링크] https://web.joongna.com/product/226920839
청소기,다이슨 청소기,다이슨 V8 무선 청소기,거래완료,"30,000원",중앙동,2026-03-30,0,0,0,36.5℃,중고나라판매자,생활가전,중앙동,[출처] 중고나라 | [분석모델] V8 | [모델근거] text_code | [원문링크] https://web.joongna.com/product/226901790
청소기,다이슨 청소기,다이슨 진공청소기 청소 도구 보관가방,거래완료,"7,000원",장기동,2026-03-30,0,0,0,36.5℃,중고나라판매자,생활가전,장기동,[출처] 중고나라 | [분석모델] 제품군 공통 | [모델근거] product_group | [원문설명] 다이슨 진공청소기 및 헤어드라이기 악세사리 수납하기 좋아요. 가볍고 튼튼한 소재로 제작되었습니다 | [원문링크] https://web.joongna.com/product/226896067
청소기,다이슨 청소기,다이슨 청소기 v10 3대 팝니다,거래완료,"75,000원",당진1동,2026-03-29,0,0,0,36.5℃,중고나라판매자,생활가전,당진1동,[출처] 중고나라 | [분석모델] V10 | [모델근거] text_code | [원문링크] https://web.joongna.com/product/226888550
청소기,다이슨 청소기,다이슨청소기v7.v8싸이클론개당가격,거래중,"10,000원",,2026-03-29,0,0,0,36.5℃,중고나라판매자,생활가전,,[출처] 중고나라 | [분석모델] V7 | [모델근거] text_code | [원문링크] https://web.joongna.com/product/226196166
청소기,다이슨 청소기,다이슨 v16 피스톤 애니멀 무선청소기,거래중,"950,000원",부평1동,2026-03-26,0,0,0,36.5℃,중고나라판매자,생활가전,부평1동,"[출처] 중고나라 | [분석모델] V16 | [모델근거] text_code | [원문설명] 쿠팡이나 네이버 등에서 조금 저렴하나 짝퉁 제품이 많다고 하여 공식홈페이지에서 구매한 것이고 청소기가 두대인데 먼지도 안 생기고 다이슨은 잘 안 써서 판매합니다. 사용횟수는 많지 않고 컨디션은 사진과 같이 매우 좋습니다. 스티커도 안 떼었고 다른 부품들도 창고에 그냥 두었던 거라서 아주 좋습니다. 2025년 하반기에, 구매했습니다. (E편한세상 그랑힐스 직거래만 가능) 네고는 적당히만 가능합니다. 010558314일이 문자 부탁드려요~! | [원문링크] https://web.joongna.com/product/226216953"
청소기,다이슨 청소기,다이슨 피스톤 애니멀 DS60 무선청소기 미개봉,거래완료,"850,000원",일동,2026-03-26,0,0,0,36.5℃,중고나라판매자,생활가전,일동,[출처] 중고나라 | [분석모델] 제품군 공통 | [모델근거] product_group | [원문설명] 다이슨 피스톤 애니멀 DS60 무선청소기 미개봉 새상품입니다! 이벤트 당첨되서 받았는데 집에 청소기 있어서 판매합니다! 판매가격보다 싸게 올려요! 가격이 있는거다보니 직거래 선호 합니다. | [원문링크] https://web.joongna.com/product/225916119
청소기,다이슨 청소기,다이슨 SV10 무선청소기 판매합니다~~,거래완료,"60,000원",철산3동,2026-03-22,0,0,0,36.5℃,중고나라판매자,생활가전,철산3동,[출처] 중고나라 | [분석모델] SV10 | [모델근거] text_code | [원문링크] https://web.joongna.com/product/226606789
청소기,다이슨 청소기,다이슨v11무선청소기,거래중,"260,000원",,2026-03-22,0,0,0,36.5℃,중고나라판매자,생활가전,,[출처] 중고나라 | [분석모델] V11 | [모델근거] text_code | [원문링크] https://web.joongna.com/product/226079311
청소기,다이슨 청소기,다이슨 V8 싸이클론 226622-01(SV55-A) 무선청소기,거래완료,"235,000원",,2026-03-22,0,0,0,36.5℃,중고나라판매자,생활가전,,[출처] 중고나라 | [분석모델] V8 | [모델근거] text_code | [원문링크] https://web.joongna.com/product/225966467
청소기,다이슨 청소기,다이슨 V8 무선청소기 세트,거래중,"130,000원",죽전1동,2026-03-21,0,0,0,36.5℃,중고나라판매자,생활가전,죽전1동,[출처] 중고나라 | [분석모델] V8 | [모델근거] text_code | [원문링크] https://web.joongna.com/product/225888906
청소기,다이슨 청소기,"다이슨 마이크로 1.5kg 무선청소기 니켈 +고급 다이슨 정품 거치대 포함,",거래완료,"250,000원",화수2동,2026-03-20,0,0,0,36.5℃,중고나라판매자,생활가전,화수2동,[출처] 중고나라 | [분석모델] MICRO_1.5KG | [모델근거] text_variant | [원문링크] https://web.joongna.com/product/226314083
청소기,다이슨 청소기,다이슨 청소기,거래완료,"60,000원",,2026-03-19,0,0,0,36.5℃,중고나라판매자,생활가전,,"[출처] 중고나라 | [분석모델] 제품군 공통 | [모델근거] product_group | [원문설명] 실 사진입니다 기계 청소완료하며 정상작동합니다 충전기도 작동합니다 배터리는 없어요 반품없이 구매하실분 요청합니다 택배는 착불이며 늦어질수 있습니다 (개인직업으로 금,토,일)배송 | [원문링크] https://web.joongna.com/product/226495978"
청소기,다이슨 청소기,다이슨 유선청소기 DC52(2대 일괄),거래완료,"60,000원",청담동,2026-03-18,0,0,0,36.5℃,중고나라판매자,생활가전,청담동,[출처] 중고나라 | [분석모델] DC52 | [모델근거] text_code | [원문링크] https://web.joongna.com/product/226463761
청소기,다이슨 청소기,다이슨 V10 무선청소기 판매합니다,거래완료,"150,000원",중동,2026-03-18,0,0,0,36.5℃,중고나라판매자,생활가전,중동,[출처] 중고나라 | [분석모델] V10 | [모델근거] text_code | [원문링크] https://web.joongna.com/product/226459813
청소기,다이슨 청소기,다이슨 클린앤워시 하이진 물청소기,거래완료,"410,000원",가산동,2026-03-17,0,0,0,36.5℃,중고나라판매자,생활가전,가산동,[출처] 중고나라 | [분석모델] 제품군 공통 | [모델근거] product_group | [원문설명] 26년 1월 22일 구매해서 한번 써보고 창고에 보관중인 제품 처분합니다. 사진처럼 제품 비닐도 안뜯은 상태이고 AS는 28년 1월 23일까지 입니다. 택배 거래 및 직거래 가능합니다. | [원문링크] https://web.joongna.com/product/226040657
청소기,다이슨 청소기,다이슨 워시 G1 물청소기 풀박스,거래완료,"290,000원",동천동,2026-03-15,0,0,0,36.5℃,중고나라판매자,생활가전,동천동,[출처] 중고나라 | [분석모델] WASH_G1 | [모델근거] text_variant | [원문링크] https://web.joongna.com/product/226345164
청소기,다이슨 청소기,다이슨 무선청소기(V8?),거래완료,"30,000원",호계3동,2026-03-15,0,0,0,36.5℃,중고나라판매자,생활가전,호계3동,[출처] 중고나라 | [분석모델] V8 | [모델근거] text_code | [원문링크] https://web.joongna.com/product/226316246
청소기,다이슨 청소기,다이슨 옴니-글라이드(Dyson Omni-Glide) 무선 청소기,거래중,"200,000원",안심4동,2026-03-14,0,0,0,36.5℃,중고나라판매자,생활가전,안심4동,"[출처] 중고나라 | [분석모델] 제품군 공통 | [모델근거] product_group | [원문설명] 다이슨 옴니-글라이드(Dyson Omni-Glide) 무선 청소기입니다. 방향 전환: 360도 회전하는 전방향 플러피 클리너 헤드가 장착되어 있어 좁은 공간이나 가구 사이를 자유롭게 청소할 수 있습니다. 구조: 일반적인 건 타입이 아닌 일직선 형태의 구조로 설계되어 평평하게 눕혀서 가구 아래를 청소하기 용이합니다. 무게: 다이슨의 무선 청소기 중 가벼운 편에 속하여 손목 부담이 적은 것이 특징입니다. 배터리: 클릭인 방식의 배터리를 사용하여 교체가 간편하며, 사용 시간은 일반 모드 기준 약 20분입니다. | [원문링크] https://web.joongna.com/product/226294151"
청소기,다이슨 청소기,다이슨 워시G1 물청소 무선 청소기,거래중,"300,000원",안심4동,2026-03-14,0,0,0,36.5℃,중고나라판매자,생활가전,안심4동,[출처] 중고나라 | [분석모델] WASH_G1 | [모델근거] text_variant | [원문링크] https://web.joongna.com/product/226293544
청소기,다이슨 청소기,다이슨 v7/v8용 청소기 전용 흡입스테이션,거래중,"300,000원",용신동,2026-03-14,0,0,0,36.5℃,중고나라판매자,생활가전,용신동,"[출처] 중고나라 | [분석모델] V7 | [모델근거] text_code | [원문설명] 📢 제목에 ""제조사/ 브랜드 명""과 ""상품명(ex. 3000시리즈 전동 면도기)”을 넣어 작성하면, 보다 빠른 판매가 가능합니다! 📢 게시글 작성 시 배송 방법에 “직거래”와 “내 위치” 설정할 경우, 보다 빠른 판매가 가능합니다! 큰 맘먹고 구매했는데 알고보니 모델이 달라서 설치 당시 한번만 가동해보고(설치 후 알게 되었어요 ㅠㅠ) 박스채 놔뒀습니다. 다이슨 청소기 v7/v8 모델에 사용가능하고 설치된 먼지봉투외에 새 봉투 하나 더 들어가있습니다. 청소기 먼지통 비울때 흡입기 설치해 끼우기만 하면 먼지 싹 흡입됩니다. 이사 정리로 싸게 내놓습니다. 벽설치 실리콘 스티커도 손자국이 났지만 뒤 아래 모두 들어있어서 드라이기로 녹여서 붙이면 정상화 됩니다. 구매 결정 이후 반품 불가이고 직거래시 신설동 9번출구 가능합니다. 🚨회원님의 거래 게시글을 노린 중고나라 운영진 사칭 피싱 사이트를 주의하세요🚨 | [원문링크] https://web.joongna.com/product/216926436"
청소기,다이슨 청소기,(판매완료) 다이슨 옴니 글라이드 (세척완료) 진공 청소기,예약중,"1,111원",서교동,2026-03-13,0,0,0,36.5℃,중고나라판매자,생활가전,서교동,[출처] 중고나라 | [분석모델] OMNI_GLIDE | [모델근거] text_variant | [원문링크] https://web.joongna.com/product/226269793
청소기,다이슨 청소기,다이슨 청소기 Gen5 멀티충전거치대포함 새상품,거래중,"790,000원",,2026-03-13,0,0,0,36.5℃,중고나라판매자,생활가전,,"[출처] 중고나라 | [분석모델] 제품군 공통 | [모델근거] product_group | [원문설명] 다이슨 Gen5 디텍트 컴플리트 멀티충전거치대포함 새상품 택배시 착불 01●-4814-8006 📢 제목에 ""제조사/ 브랜드 명""과 ""상품명(ex. 3000시리즈 전동 면도기)”을 넣어 작성하면, 보다 빠른 판매가 가능합니다! 📢 게시글 작성 시 배송 방법에 “직거래”와 “내 위치” 설정할 경우, 보다 빠른 판매가 가능합니다! 🚨회원님의 거래 게시글을 노린 중고나라 운영진 사칭 피싱 사이트를 주의하세요🚨 | [원문링크] https://web.joongna.com/product/217963265"
청소기,다이슨 청소기,다이슨 싸이클론 스틱청소기 V8 새상품(운포) 팝니다,거래완료,"290,000원",가평읍,2026-03-12,0,0,0,36.5℃,중고나라판매자,생활가전,가평읍,[출처] 중고나라 | [분석모델] V8 | [모델근거] text_code | [원문링크] https://web.joongna.com/product/225628490
청소기,다이슨 청소기,다이슨 V8 무선청소기,예약중,"120,000원",진영읍,2026-03-12,0,0,0,36.5℃,중고나라판매자,생활가전,진영읍,[출처] 중고나라 | [분석모델] V8 | [모델근거] text_code | [원문링크] https://web.joongna.com/product/226211259
청소기,다이슨 청소기,"다이슨 청소기 틀, 악세사리 모음",거래완료,"20,000원",미사1동,2026-03-12,0,0,0,36.5℃,중고나라판매자,생활가전,미사1동,"[출처] 중고나라 | [분석모델] 제품군 공통 | [모델근거] product_group | [원문설명] 다이슨 무선청소기 툴, 악세들입니다. 상태도 깨끗하고 잘 보관되어 있습니다. 일괄 판매합니다. 010-5656-2412 | [원문링크] https://web.joongna.com/product/226206737"
청소기,다이슨 청소기,다이슨 시네틱 빅볼 유선 청소기(dyson cinetic big ball),거래완료,"180,000원",잠원동,2026-03-11,0,0,0,36.5℃,중고나라판매자,생활가전,잠원동,[출처] 중고나라 | [분석모델] BIG_BALL | [모델근거] text_variant | [원문링크] https://web.joongna.com/product/225289108
청소기,다이슨 청소기,다이슨ㅈ v8 무선 청소기,거래완료,"80,000원",강서제1동,2026-03-11,0,0,0,36.5℃,중고나라판매자,생활가전,강서제1동,[출처] 중고나라 | [분석모델] V8 | [모델근거] text_code | [원문링크] https://web.joongna.com/product/226169436
청소기,다이슨 청소기,다이슨 DC58 핸디형 무선청소기,거래완료,"30,000원",강서제1동,2026-03-11,0,0,0,36.5℃,중고나라판매자,생활가전,강서제1동,[출처] 중고나라 | [분석모델] DC58 | [모델근거] text_code | [원문링크] https://web.joongna.com/product/226160686
청소기,다이슨 청소기,다이슨 디지털 슬림 청소기,거래완료,"170,000원",,2026-03-10,0,0,0,36.5℃,중고나라판매자,생활가전,,[출처] 중고나라 | [분석모델] DIGITAL_SLIM | [모델근거] text_variant | [원문링크] https://web.joongna.com/product/225716021
청소기,다이슨 청소기,다이슨 Micro 무선 청소기,거래완료,"270,000원",금촌1동,2026-03-10,0,0,0,36.5℃,중고나라판매자,생활가전,금촌1동,"[출처] 중고나라 | [분석모델] 제품군 공통 | [모델근거] product_group | [원문설명] 다이슨 Micro 무선 청소기입니다 가볍고 강력한 흡입력을 자랑하며, 좁은 공간 청소에 매우 유용합니다 - 무게가 1.5kg으로 매우 가벼워서 손목에 부담이 덜합니다 - 좁은 공간에서도 편리하게 사용할 수 있도록 설계되었습니다 - 강력한 흡입력으로 미세먼지까지 깔끔하게 제거해줍니다 사용감 적고 상태 깨끗해요. | [원문링크] https://web.joongna.com/product/226132365"
청소기,다이슨 청소기,다이슨디지털슬림서브마린청소기,거래완료,"350,000원",문화2동,2026-03-09,0,0,0,36.5℃,중고나라판매자,생활가전,문화2동,[출처] 중고나라 | [분석모델] DIGITAL_SLIM | [모델근거] text_variant | [원문링크] https://web.joongna.com/product/226112817
청소기,다이슨 청소기,다이슨 V8 Absolute Extra 무선청소기 + 거치대 + 브러쉬 다수,거래완료,"140,000원",창릉동,2026-03-08,0,0,0,36.5℃,중고나라판매자,생활가전,창릉동,[출처] 중고나라 | [분석모델] V8 | [모델근거] text_code | [원문링크] https://web.joongna.com/product/226015689
청소기,다이슨 청소기,다이슨 V8 무선청소기,예약중,"69,000원",진영읍,2026-03-07,0,0,0,36.5℃,중고나라판매자,생활가전,진영읍,[출처] 중고나라 | [분석모델] V8 | [모델근거] text_code | [원문링크] https://web.joongna.com/product/226009434
청소기,다이슨 청소기,다이슨 v12s 물걸레 청소기 새상품,거래완료,"600,000원",강서제1동,2026-03-06,0,0,0,36.5℃,중고나라판매자,생활가전,강서제1동,[출처] 중고나라 | [분석모델] V12S | [모델근거] text_code | [원문설명] 다이슨 v12s 디텍트슬림 서브마린 물걸레 청소기 새상품 입니다. 다이슨코리아에서 129만원에 판매되는 상품입니다. 색상은 사진에 있습니다. 박스포장 미개봉 새상품 입니다. 여러가지 헤드 있습니다. 저희는 쓰던 청소기가 있어서 싸게 내놓습니다. 필요하신분 싸게 갖고가세여! | [원문링크] https://web.joongna.com/product/225865523
청소기,다이슨 청소기,다이슨V8청소기 미개봉새상품,거래완료,"273,000원",상도제1동,2026-03-05,0,0,0,36.5℃,중고나라판매자,생활가전,상도제1동,[출처] 중고나라 | [분석모델] V8 | [모델근거] text_code | [원문링크] https://web.joongna.com/product/225446190
청소기,다이슨 청소기,다이슨 v8 앱솔루트 플러스 무선청소기,거래완료,"45,000원",방화제3동,2026-03-04,0,0,0,36.5℃,중고나라판매자,생활가전,방화제3동,[출처] 중고나라 | [분석모델] V8 | [모델근거] text_code | [원문링크] https://web.joongna.com/product/225841571
청소기,다이슨 청소기,다이슨 스팟앤스크럽 Ai 로봇청소기,거래완료,"1,300,000원",회천4동,2026-03-03,0,0,0,36.5℃,중고나라판매자,생활가전,회천4동,"[출처] 중고나라 | [분석모델] SPOT_AND_SCRUB | [모델근거] text_variant | [원문설명] 다이슨 스팟앤스크럽 Ai 로봇청소기 새제품입니다 박스에 담겨 있으며, 무게는 21.3kg입니다 - AI 얼룩 감지 기능으로 꼼꼼하게 맞춤 청소가 가능합니다 - 실시간 셀프 클린 롤러로 깔끔한 마무리까지 가능합니다 박보검이 현재 광고하는 신제품 모델입니다. 부피도 크고 무게가 나가는 제품입니다. 회원가입후 정품등록 가능 무상보증 2년 혜택 받으실 수 있습니다..! 평일 경기 양주에서 거래가능 주말 가까운 근거리까지 가능! | [원문링크] https://web.joongna.com/product/225666497"
청소기,다이슨 청소기,다이슨 vis nav 로봇청소기,거래완료,"600,000원",정자동,2026-03-03,0,0,0,36.5℃,중고나라판매자,생활가전,정자동,[출처] 중고나라 | [분석모델] 360_VIS_NAV | [모델근거] detail_text_variant | [원문설명] 정식명칭: 다이슨 360 비즈 나브 로봇 청소기 (dyson 360 vis nav) 다이슨(dyson) 로봇청소기 미개봉 팝니다. 선물 받고 박스인 상태로 보관중입니다. 참고글: https://blog.naver.com/bbori_321/223900659414 | [원문링크] https://web.joongna.com/product/223292627
청소기,다이슨 청소기,다이슨 코리아 정품 v10 앱솔루트 무선청소기,거래완료,"200,000원",백석동,2026-03-01,0,0,0,36.5℃,중고나라판매자,생활가전,백석동,[출처] 중고나라 | [분석모델] V10 | [모델근거] text_code | [원문링크] https://web.joongna.com/product/225775798
청소기,다이슨 청소기,다이슨 DC35 무선 청소기.,거래완료,"30,000원",월영동,2026-02-28,0,0,0,36.5℃,중고나라판매자,생활가전,월영동,[출처] 중고나라 | [분석모델] DC35 | [모델근거] text_code | [원문링크] https://web.joongna.com/product/225754946
청소기,다이슨 청소기,다이슨 sv09 무선청소기,거래완료,"20,000원",방화제3동,2026-02-28,0,0,0,36.5℃,중고나라판매자,생활가전,방화제3동,[출처] 중고나라 | [분석모델] SV09 | [모델근거] text_code | [원문링크] https://web.joongna.com/product/225736816
청소기,다이슨 청소기,다이슨 dyson V8 무선청소기 플러피 청소기 오리진,거래완료,"330,000원",용암1동,2026-02-27,0,0,0,36.5℃,중고나라판매자,생활가전,용암1동,[출처] 중고나라 | [분석모델] V8 | [모델근거] text_code | [원문링크] https://web.joongna.com/product/219292728
청소기,다이슨 청소기,다이슨 싸이클론 V8 무선청소기 / 실버_레드(국내정품 미개봉),거래완료,"290,000원",면목제4동,2026-02-26,0,0,0,36.5℃,중고나라판매자,생활가전,면목제4동,[출처] 중고나라 | [분석모델] V8 | [모델근거] text_code | [원문링크] https://web.joongna.com/product/224822611
청소기,다이슨 청소기,다이슨 스팟앤스크럽 Ai 로봇 청소기 팝니다. 미개봉,거래완료,"1,250,000원",현덕면,2026-02-24,0,0,0,36.5℃,중고나라판매자,생활가전,현덕면,[출처] 중고나라 | [분석모델] SPOT_AND_SCRUB | [모델근거] text_variant | [원문설명] 미개봉 새상품 입니다. 집들이 선물 받았는데 저희는 사용하는게 있어서 판매합니다. 부피가 커서 직거래 우선 입니다. 평택 | [원문링크] https://web.joongna.com/product/225595535
청소기,다이슨 청소기,다이슨 무선청소기 2개 세트,거래완료,"70,000원",정관읍,2026-02-23,0,0,0,36.5℃,중고나라판매자,생활가전,정관읍,"[출처] 중고나라 | [분석모델] 제품군 공통 | [모델근거] product_group | [원문설명] 무선청소기 블루/레드와 오렌지/레드 2개 세트로 판매해요. 충전거치대와 전원케이블 포함되어 있고, 사용감은 있지만 작동 잘 됩니다! 한대는 손잡이가 약간 금이가서 테이프를 붙여놨고 한대는 밧데리 교체가 필요합니다 | [원문링크] https://web.joongna.com/product/225483394"
청소기,다이슨 청소기,다이슨 무선청소기,거래완료,"50,000원",정관읍,2026-02-23,0,0,0,36.5℃,중고나라판매자,생활가전,정관읍,[출처] 중고나라 | [분석모델] 제품군 공통 | [모델근거] product_group | [원문설명] 무선청소기 판매해요. 손잡이쪽이 금이약간가서 테이프로 붙어있어요.충전기와 브러시 포함되어 있고 사용감은 있지만 작동 잘 됩니다. 깨끗합니다 구입가70만원 | [원문링크] https://web.joongna.com/product/225481717
청소기,다이슨 청소기,다이슨v11 무선청소기 판매,거래중,"110,000원",용담.명암.산성동,2026-02-22,0,0,0,36.5℃,중고나라판매자,생활가전,용담.명암.산성동,[출처] 중고나라 | [분석모델] V11 | [모델근거] text_code | [원문링크] https://web.joongna.com/product/225379085
청소기,다이슨 청소기,다이슨 진공+물청소기,거래중,"500,000원",부평6동,2026-02-21,0,0,0,36.5℃,중고나라판매자,생활가전,부평6동,[출처] 중고나라 | [분석모델] V12S | [모델근거] detail_text_code | [원문설명] 다이슨 V12S 디텍트 슬림 서브마린 다이슨 진공+물청소. 다이슨 공식홈페이지구매. 사용횟수 10회 미만 포장박스는없구요. 다른 액세서리는 다있어요. | [원문링크] https://web.joongna.com/product/224749460
청소기,다이슨 청소기,다이슨 청소기 v11 팝니다,거래완료,"350,000원",,2026-02-20,0,0,0,36.5℃,중고나라판매자,생활가전,,[출처] 중고나라 | [분석모델] V11 | [모델근거] text_code | [원문링크] https://web.joongna.com/product/225321796
청소기,다이슨 청소기,다이슨 청소기 v8 팝니다,거래완료,"50,000원",,2026-01-02,0,0,0,36.5℃,중고나라판매자,생활가전,,[출처] 중고나라 | [분석모델] V8 | [모델근거] text_code | [원문링크] https://web.joongna.com/product/223561579
청소기,다이슨 청소기,다이슨 sv18 디지털슬림 플러피 플러스 무선청소기,거래완료,"55,000원",방화제3동,2026-01-01,0,0,0,36.5℃,중고나라판매자,생활가전,방화제3동,[출처] 중고나라 | [분석모델] SV18 | [모델근거] text_code | [원문링크] https://web.joongna.com/product/223087932
청소기,다이슨 청소기,다이슨 v8 앱솔루트 무선청소기,거래완료,"50,000원",방화제3동,2026-01-01,0,0,0,36.5℃,중고나라판매자,생활가전,방화제3동,[출처] 중고나라 | [분석모델] V8 | [모델근거] text_code | [원문링크] https://web.joongna.com/product/223048837
청소기,다이슨 청소기,다이슨 V10 무선청소기 풀세트 (배터리 올해 정품 교체),거래완료,"185,000원",북가좌제1동,2026-01-01,0,0,0,36.5℃,중고나라판매자,생활가전,북가좌제1동,[출처] 중고나라 | [분석모델] V10 | [모델근거] text_code | [원문링크] https://web.joongna.com/product/223350624
청소기,다이슨 청소기,다이슨 V7 무선청소기 신배터리 교체 13만원 경기도,거래중,"130,000원",,2025-12-31,0,0,0,36.5℃,중고나라판매자,생활가전,,[출처] 중고나라 | [분석모델] V7 | [모델근거] text_code | [원문링크] https://web.joongna.com/product/214682795
청소기,다이슨 청소기,다이슨 V7 무선청소기,거래완료,"50,000원",,2025-12-31,0,0,0,36.5℃,중고나라판매자,생활가전,,[출처] 중고나라 | [분석모델] V7 | [모델근거] text_code | [원문링크] https://web.joongna.com/product/223568281
청소기,다이슨 청소기,다이슨 프리미엄 디텍트 서브마린 물걸레+진공 무선청소기 V15S / 옐로니켈,거래완료,"700,000원",모라제1동,2025-12-30,0,0,0,36.5℃,중고나라판매자,생활가전,모라제1동,[출처] 중고나라 | [분석모델] V15S | [모델근거] text_code | [원문설명] 새 상품 입니다. 인터넷 가격 대비 싸게 판매합니다. | [원문링크] https://web.joongna.com/product/222635838
청소기,다이슨 청소기,다이슨 V8무선 청소기 풀세트,예약중,"128,000원",진영읍,2025-12-30,0,0,0,36.5℃,중고나라판매자,생활가전,진영읍,[출처] 중고나라 | [분석모델] V8 | [모델근거] text_code | [원문링크] https://web.joongna.com/product/222751883
청소기,다이슨 청소기,다이슨 V8 무선 핸디스틱청소기,거래완료,"110,000원",,2025-12-30,0,0,0,36.5℃,중고나라판매자,생활가전,,[출처] 중고나라 | [분석모델] V8 | [모델근거] text_code | [원문링크] https://web.joongna.com/product/223549969
청소기,다이슨 청소기,다이슨 micro 청소기/부산직거래/택배가능,거래완료,"2,000원",,2025-12-30,0,0,0,36.5℃,중고나라판매자,생활가전,,"[출처] 중고나라 | [분석모델] 제품군 공통 | [모델근거] product_group | [원문설명] 단순개봉품입니다. 상품 체크를 위한 개봉만 하였습니다. 가격은 260,000원입니다 택배비 5천원입니다. 직거래 주소는 부산광역시 사하구 낙동대로302번길 33 건물 뒤편 주차장입니다. 연락처 010-2322-1333 | [원문링크] https://web.joongna.com/product/222501837"
청소기,다이슨 청소기,다이슨 마이크로 무선청소기/부산직거래/택배가능,거래완료,"2,000원",,2025-12-28,0,0,0,36.5℃,중고나라판매자,생활가전,,"[출처] 중고나라 | [분석모델] 제품군 공통 | [모델근거] product_group | [원문설명] 단순개봉 새상품입니다. 가격은 260,000원 입니다. 택배비는 10,000원입니다. 오시는 곳 부산광역시 사하구 낙동대로302번길 33 건물 뒤편 주차장 연락처 010-2322-1333 | [원문링크] https://web.joongna.com/product/223138151"
청소기,다이슨 청소기,다이슨 v8 무선 청소기,거래완료,"36,000원",당진1동,2025-12-27,0,0,0,36.5℃,중고나라판매자,생활가전,당진1동,[출처] 중고나라 | [분석모델] V8 | [모델근거] text_code | [원문링크] https://web.joongna.com/product/223419632
청소기,다이슨 청소기,다이슨 V8 무선청소기,예약중,"20,000원",이촌제1동,2025-12-27,0,0,0,36.5℃,중고나라판매자,생활가전,이촌제1동,[출처] 중고나라 | [분석모델] V8 | [모델근거] text_code | [원문링크] https://web.joongna.com/product/223417569
청소기,다이슨 청소기,다이슨진공청소기,거래중,"20,000원",주안5동,2025-12-26,0,0,0,36.5℃,중고나라판매자,생활가전,주안5동,[출처] 중고나라 | [분석모델] 제품군 공통 | [모델근거] product_group | [원문설명] 다이슨진공청소기강력파워읍입힘이대단합니다흡입해드바닥에들어붙어서못서요흡입해드는교채해서쓰셔야되요 너무힘이쎄서들어붙어서못쓰성도입니다 | [원문링크] https://web.joongna.com/product/223402276
청소기,다이슨 청소기,다이슨 V8 무선청소기,거래완료,"110,000원",,2025-12-26,0,0,0,36.5℃,중고나라판매자,생활가전,,[출처] 중고나라 | [분석모델] V8 | [모델근거] text_code | [원문링크] https://web.joongna.com/product/222589647
청소기,다이슨 청소기,다이슨 슬림 무선청소기,거래완료,"300,000원",구포제2동,2025-12-25,0,0,0,36.5℃,중고나라판매자,생활가전,구포제2동,[출처] 중고나라 | [분석모델] 제품군 공통 | [모델근거] product_group | [원문설명] 다이슨 슬림 무선청소기 새제품이에요. 박스 포장 상태 그대로이고 구성품도 모두 들어있어요. | [원문링크] https://web.joongna.com/product/223347548
청소기,다이슨 청소기,다이슨무선청소기 sv11. v7 본체,거래완료,"28,000원",동백2동,2025-12-24,0,0,0,36.5℃,중고나라판매자,생활가전,동백2동,[출처] 중고나라 | [분석모델] SV11 | [모델근거] text_code | [원문링크] https://web.joongna.com/product/223007064
청소기,다이슨 청소기,다이슨 시네틱 빅볼 유선청소기 판매합니다,거래완료,"35,000원",화곡제8동,2025-12-24,0,0,0,36.5℃,중고나라판매자,생활가전,화곡제8동,[출처] 중고나라 | [분석모델] BIG_BALL | [모델근거] text_variant | [원문링크] https://web.joongna.com/product/222888833
청소기,다이슨 청소기,다이슨 V6 무선청소기 부품 세트,거래완료,"35,000원",갈현제1동,2025-12-24,0,0,0,36.5℃,중고나라판매자,생활가전,갈현제1동,[출처] 중고나라 | [분석모델] V6 | [모델근거] text_code | [원문링크] https://web.joongna.com/product/222319652
청소기,다이슨 청소기,다이슨 v8 무선청소기 상태좋음,거래완료,"180,000원",신당동,2025-12-23,0,0,0,36.5℃,중고나라판매자,생활가전,신당동,[출처] 중고나라 | [분석모델] V8 | [모델근거] text_code | [원문링크] https://web.joongna.com/product/223297796
청소기,다이슨 청소기,다이슨 청소기 팝니다,거래완료,"200,000원",,2025-12-23,0,0,0,36.5℃,중고나라판매자,생활가전,,[출처] 중고나라 | [분석모델] V8 | [모델근거] detail_text_code | [원문설명] 다이슨 v8 슬림 모델입니다 배터리 및 일부 부품이 새제품(미사용)으로 교체되었습니다 청소기는 모두 분해 후 세척 되어있습니다 그냥 쓰셔도 될만큼 깨끗합니다 자체 무상 as 1년 보증드립니다 원하시면 주기적으로 세척 및 정비해드립니다 청소기는 비싼게 좋은게 아니라 주기적으로 세척되있는게 좋은겁니다 | [원문링크] https://web.joongna.com/product/223192909
청소기,다이슨 청소기,미개봉새상품 ) 다이슨 싸이클론 V10 무선청소기,거래중,"390,000원",,2025-12-23,0,0,0,36.5℃,중고나라판매자,생활가전,,[출처] 중고나라 | [분석모델] V10 | [모델근거] text_code | [원문링크] https://web.joongna.com/product/222718368
청소기,다이슨 청소기,미개봉 신품 다이슨 디지털 슬림 무선 청소기 + 정품 배터리팩 판매,거래완료,"330,000원",반월동,2025-12-22,0,0,0,36.5℃,중고나라판매자,생활가전,반월동,[출처] 중고나라 | [분석모델] DIGITAL_SLIM | [모델근거] text_variant | [원문링크] https://web.joongna.com/product/223252698
청소기,다이슨 청소기,다이슨 청소기 SV19 옴니-글라이드 흡입구 1만,거래중,"10,000원",수암동,2025-12-22,0,0,0,36.5℃,중고나라판매자,생활가전,수암동,[출처] 중고나라 | [분석모델] SV19 | [모델근거] text_code | [원문링크] https://web.joongna.com/product/223233139
청소기,다이슨 청소기,다이슨 청소기 SV19 옴니-글라이드 흡입구 1만,거래중,"10,000원",수암동,2025-12-22,0,0,0,36.5℃,중고나라판매자,생활가전,수암동,[출처] 중고나라 | [분석모델] SV19 | [모델근거] text_code | [원문링크] https://web.joongna.com/product/223233063
청소기,다이슨 청소기,다이슨 청소기 SV19 옴니-글라이드 흡입구 5천,거래완료,"20,000원",수암동,2025-12-22,0,0,0,36.5℃,중고나라판매자,생활가전,수암동,[출처] 중고나라 | [분석모델] SV19 | [모델근거] text_code | [원문링크] https://web.joongna.com/product/223233209
청소기,다이슨 청소기,다이슨V7무선청소기,거래완료,"120,000원",부주동,2026-02-02,0,0,0,36.5℃,중고나라판매자,생활가전,부주동,[출처] 중고나라 | [분석모델] V7 | [모델근거] text_code | [원문링크] https://web.joongna.com/product/224810999
청소기,다이슨 청소기,다이슨물걸레청소기 g1,거래완료,"400,000원",동탄9동,2026-02-02,0,0,0,36.5℃,중고나라판매자,생활가전,동탄9동,"[출처] 중고나라 | [분석모델] 제품군 공통 | [모델근거] product_group | [원문설명] 📢 제목에 ""제조사/ 브랜드 명""과 “상품명(ex. 4단 책장선반)”을 넣어 작성하면, 보다 빠른 판매가 가능합니다! 📢 게시글 작성 시 배송 방법에 “직거래”와 “내 위치” 설정할 경우, 보다 빠른 판매가 가능합니다! 광교갤러리아에서 5월구매하고 5번도사용안했어요 막상잘안써서팝니다 동탄수원직거래해요 🚨회원님의 거래 게시글을 노린 중고나라 운영진 사칭 피싱 사이트를 주의하세요🚨 📢 제목에 ""제조사/ 브랜드 명""과 ""상품명(ex. 3000시리즈 전동 면도기)”을 넣어 작성하면, 보다 빠른 판매가 가능합니다! 📢 게시글 작성 시 배송 방법에 “직거래”와 “내 위치” 설정할 경우, 보다 빠른 판매가 가능합니다! 🚨회원님의 거래 게시글을 노린 중고나라 운영진 사칭 피싱 사이트를 주의하세요🚨 | [원문링크] https://web.joongna.com/product/219604923"
청소기,다이슨 청소기,다이슨 청소기 소프트롤러 새상품,거래완료,"60,000원",,2026-02-01,0,0,0,36.5℃,중고나라판매자,생활가전,,[출처] 중고나라 | [분석모델] V7 | [모델근거] detail_text_code | [원문설명] 청소기 구매시 들오온겁니다 v7~v15까지 사용가능합니다 박스가 없어 저렴하게 팝니다 | [원문링크] https://web.joongna.com/product/223973715
청소기,다이슨 청소기,다이슨 v8 무선청소기 손잡이모터 팝니다,거래완료,"28,000원",홍천읍,2026-01-29,0,0,0,36.5℃,중고나라판매자,생활가전,홍천읍,[출처] 중고나라 | [분석모델] V8 | [모델근거] text_code | [원문링크] https://web.joongna.com/product/224527451
청소기,다이슨 청소기,다이슨 V12 디텍트 슬림 무선청소기,거래완료,"520,000원",동탄6동,2026-01-28,0,0,0,36.5℃,중고나라판매자,생활가전,동탄6동,[출처] 중고나라 | [분석모델] V12 | [모델근거] text_code | [원문링크] https://web.joongna.com/product/224233063
청소기,다이슨 청소기,다이슨 물청소기,거래완료,"270,000원",정자1동,2026-01-27,0,0,0,36.5℃,중고나라판매자,생활가전,정자1동,[출처] 중고나라 | [분석모델] 제품군 공통 | [모델근거] product_group | [원문설명] 다이슨 무선 물걸레 청소기입니다. 1년전 판교 현백에서 구입 후 10번두 안썼습니다 스팀기가 있어서 안쓰게되서 올립니다. 걸레 새거 하나는 더 있고 박스부터 구성품 다 있습니다. 상태는 거의 새거 수준입니다 | [원문링크] https://web.joongna.com/product/224244247
청소기,다이슨 청소기,다이슨 무선청소기 V10 상태최상,거래완료,"180,000원",성환읍,2026-01-25,0,0,0,36.5℃,중고나라판매자,생활가전,성환읍,[출처] 중고나라 | [분석모델] V10 | [모델근거] text_code | [원문링크] https://web.joongna.com/product/224306606
청소기,다이슨 청소기,다이슨 V8 청소기 새제품 미사용,거래완료,"280,000원",반포2동,2026-01-25,0,0,0,36.5℃,중고나라판매자,생활가전,반포2동,[출처] 중고나라 | [분석모델] V8 | [모델근거] text_code | [원문링크] https://web.joongna.com/product/224511971
청소기,다이슨 청소기,다이슨 프리미엄 디텍트 서브마린 물걸레+진공 무선청소기 V15S / 엘로니켈,거래중,"760,000원",자양제1동,2026-01-25,0,0,0,36.5℃,중고나라판매자,생활가전,자양제1동,"[출처] 중고나라 | [분석모델] V15S | [모델근거] text_code | [원문설명] 무선 청소기예요. 깔끔한 화이트 컬러로 어디든 잘 어울리고, 무선으로 사용하기 편리해요. 상태 좋은 제품입니다! 다이슨 V15s 디텍트 서브마린 (옐로/니켈) 물걸레 겸용 무선 청소기입니다 강력한 흡입력과 물걸레 기능이 결합되어 청소가 더욱 편리해요 세련된 디자인으로 집안 인테리어와도 잘 어울립니다 무선의 자유로움 속에서도 강력한 성능을 자랑합니다 정가는 1,035,000원입니다 새상품입니다 830000에 팝니다 직거래만 합니다 서울입니다 | [원문링크] https://web.joongna.com/product/224510685"
청소기,다이슨 청소기,다이슨 청소기 v12 팝니다,거래완료,"230,000원",,2026-01-24,0,0,0,36.5℃,중고나라판매자,생활가전,,[출처] 중고나라 | [분석모델] V12 | [모델근거] text_code | [원문링크] https://web.joongna.com/product/224383431
청소기,다이슨 청소기,다이슨 V8 싸이클론 무선청소기 새상품 최신,거래완료,"390,000원",,2026-01-22,0,0,0,36.5℃,중고나라판매자,생활가전,,[출처] 중고나라 | [분석모델] V8 | [모델근거] text_code | [원문링크] https://web.joongna.com/product/224187111
청소기,다이슨 청소기,다이슨 무선청소기 v8 천안직거래,예약중,"135,000원",성환읍,2026-01-22,0,0,0,36.5℃,중고나라판매자,생활가전,성환읍,[출처] 중고나라 | [분석모델] V8 | [모델근거] text_code | [원문링크] https://web.joongna.com/product/224352697
청소기,다이슨 청소기,다이슨 싸이클론 v10 무선청소기,거래완료,"150,000원",,2026-01-21,0,0,0,36.5℃,중고나라판매자,생활가전,,[출처] 중고나라 | [분석모델] V10 | [모델근거] text_code | [원문링크] https://web.joongna.com/product/224377927
청소기,다이슨 청소기,다이슨청소기 디지털슬림 sv18 본체,거래완료,"85,000원",동백2동,2026-01-20,0,0,0,36.5℃,중고나라판매자,생활가전,동백2동,[출처] 중고나라 | [분석모델] SV18 | [모델근거] text_code | [원문링크] https://web.joongna.com/product/222376696
청소기,다이슨 청소기,다이슨 V11 220 에어와트 CF+ 청소기 팔아요,거래완료,"300,000원",내손1동,2026-01-20,0,0,0,36.5℃,중고나라판매자,생활가전,내손1동,[출처] 중고나라 | [분석모델] V11 | [모델근거] text_code | [원문링크] https://web.joongna.com/product/224332006
청소기,다이슨 청소기,다이슨 워시G1 물청소기,거래완료,"220,000원",간성읍,2026-01-20,0,0,0,36.5℃,중고나라판매자,생활가전,간성읍,[출처] 중고나라 | [분석모델] WASH_G1 | [모델근거] text_variant | [원문링크] https://web.joongna.com/product/224017527
청소기,다이슨 청소기,다이슨 V11 애니멀 본체+충전기+청소봉 일괄 판매,거래완료,"90,000원",월성1동,2026-01-20,0,0,0,36.5℃,중고나라판매자,생활가전,월성1동,[출처] 중고나라 | [분석모델] V11 | [모델근거] text_code | [원문링크] https://web.joongna.com/product/224236338
청소기,다이슨 청소기,[단순개봉] 다이슨 V8 청소기 새상품,거래중,"220,000원",쌍봉동,2026-01-20,0,0,0,36.5℃,중고나라판매자,생활가전,쌍봉동,[출처] 중고나라 | [분석모델] V8 | [모델근거] text_code | [원문링크] https://web.joongna.com/product/224315489
청소기,다이슨 청소기,다이슨물청소기 g1,거래완료,"445,000원",동탄9동,2026-01-20,0,0,0,36.5℃,중고나라판매자,생활가전,동탄9동,[출처] 중고나라 | [분석모델] 제품군 공통 | [모델근거] product_group | [원문설명] 올해5월 다이슨매장 광교갠러리아구입하고 5번도안써어팔아요 동탄직거래 | [원문링크] https://web.joongna.com/product/219445547
청소기,다이슨 청소기,다이슨 V10 무선청소기,거래완료,"190,000원",화수2동,2026-01-20,0,0,0,36.5℃,중고나라판매자,생활가전,화수2동,[출처] 중고나라 | [분석모델] V10 | [모델근거] text_code | [원문링크] https://web.joongna.com/product/223577424
청소기,다이슨 청소기,JDL SATUO 다이슨 청소기 물걸레 청소 키트,거래완료,"25,000원",한강로동,2026-01-19,0,0,0,36.5℃,중고나라판매자,생활가전,한강로동,[출처] 중고나라 | [분석모델] 제품군 공통 | [모델근거] product_group | [원문설명] JDL SATUO 다이슨 청소기 물걸레 청소 키트 다이슨 청소기로 물걸레 청소를 할수있게 하는 키트 입니다. 사용중인 걸레 1세트와 새 걸레 3세트 포함입니다. 2-3번 밖에 사용 안했습니다. 다른 구성품 모두 새것입니다. 박스 구성품 모두 있습니다. 신용산역 직거래 혹은 선입금 택배거래 합니다 | [원문링크] https://web.joongna.com/product/223667342
청소기,다이슨 청소기,다이슨무선청소기 봉.v8.v10.v12.v15,거래완료,"10,000원",화수2동,2026-01-19,0,0,0,36.5℃,중고나라판매자,생활가전,화수2동,[출처] 중고나라 | [분석모델] V8 | [모델근거] text_code | [원문링크] https://web.joongna.com/product/223730104
청소기,다이슨 청소기,다이슨 무선 청소기 v15 오리진 플러피 미개봉 판매합니다,거래완료,"404,000원",죽도동,2026-01-17,0,0,0,36.5℃,중고나라판매자,생활가전,죽도동,[출처] 중고나라 | [분석모델] V15 | [모델근거] text_code | [원문링크] https://web.joongna.com/product/223159874
청소기,다이슨 청소기,다이슨 v6 무선 청소기 모터 본체 팝니다,거래완료,"15,000원",홍천읍,2026-01-17,0,0,0,36.5℃,중고나라판매자,생활가전,홍천읍,[출처] 중고나라 | [분석모델] V6 | [모델근거] text_code | [원문링크] https://web.joongna.com/product/224104000
청소기,다이슨 청소기,다이슨 sv10 v8앱솔루트 무선청소기,거래완료,"65,000원",방화제3동,2026-01-16,0,0,0,36.5℃,중고나라판매자,생활가전,방화제3동,[출처] 중고나라 | [분석모델] SV10 | [모델근거] text_code | [원문링크] https://web.joongna.com/product/223853355
청소기,다이슨 청소기,다이슨 펜슬백 플러피콘 무선청소기(새상품),거래완료,"630,000원",,2026-01-16,0,0,0,36.5℃,중고나라판매자,생활가전,,"[출처] 중고나라 | [분석모델] PENCILVAC | [모델근거] text_variant | [원문설명] 새제품 미개봉 상태의 펜슬백 플러피콘이에요! 360도 구석구석 청소 가능한 무선청소기로 깔끔하게 사용하실 수 있어요 우체국택포로드려요. 안심결제만합니다. 사기가많아서 799000원자리입니다. AS가능하고 정품 제품등록하고사용하심되요. 네고문의는 안받아요 ~ 외부채널유도결제차단합니다! 구성품: 다이슨 펜슬백 플러피콘, 플러피콘 클리너 헤드, 콤비 크레비스 툴, 마그네틱 충전 거치대, 충전기 | [원문링크] https://web.joongna.com/product/224071671"
청소기,다이슨 청소기,다이슨 청소기 v12 팝니다,거래완료,"250,000원",,2026-01-16,0,0,0,36.5℃,중고나라판매자,생활가전,,[출처] 중고나라 | [분석모델] V12 | [모델근거] text_code | [원문링크] https://web.joongna.com/product/223711629
청소기,다이슨 청소기,다이슨 슬림 Fluffy 무선 청소기,거래완료,"90,000원",통진읍,2026-01-16,0,0,0,36.5℃,중고나라판매자,생활가전,통진읍,[출처] 중고나라 | [분석모델] 제품군 공통 | [모델근거] product_group | [원문설명] 다이슨 슬림 무선청소기 입니다 밧데리 상태 좋구요 청소흡입력 좋습니다 청소 봉이흔들려 테이프 감아 썼어요 본체 롤봉 솔 충전기 포함되어 편리하게 사용 가능합니다 거치대는따로구매했는데 비싸게. 줬습니다 거치대 값도 안되게 다이슨 무선청소기 셋트. 모두 드립니다 공일꽁 7226 1431. 쥬세요 | [원문링크] https://web.joongna.com/product/224167358
청소기,다이슨 청소기,다이슨 Big Ball Turbine 유선청소기 CY23,거래완료,"90,000원",고덕동,2026-01-15,0,0,0,36.5℃,중고나라판매자,생활가전,고덕동,[출처] 중고나라 | [분석모델] BIG_BALL | [모델근거] text_variant | [원문링크] https://web.joongna.com/product/224136852
청소기,다이슨 청소기,다이슨 워시G1 무선청소기,거래완료,"250,000원",주엽1동,2026-01-15,0,0,0,36.5℃,중고나라판매자,생활가전,주엽1동,[출처] 중고나라 | [분석모델] WASH_G1 | [모델근거] text_variant | [원문링크] https://web.joongna.com/product/224132060
청소기,다이슨 청소기,다이슨무선청소기 v6본체,거래완료,"18,000원",동백2동,2026-01-14,0,0,0,36.5℃,중고나라판매자,생활가전,동백2동,[출처] 중고나라 | [분석모델] V6 | [모델근거] text_code | [원문링크] https://web.joongna.com/product/224084387
청소기,다이슨 청소기,다이슨무선청소기 v8풀셋.스탠드거치대포함,거래완료,"130,000원",동백2동,2026-01-12,0,0,0,36.5℃,중고나라판매자,생활가전,동백2동,[출처] 중고나라 | [분석모델] V8 | [모델근거] text_code | [원문링크] https://web.joongna.com/product/223927814
청소기,다이슨 청소기,다이슨 V12 오리진 플러피 청소기,거래완료,"360,000원",옥련1동,2026-01-12,0,0,0,36.5℃,중고나라판매자,생활가전,옥련1동,[출처] 중고나라 | [분석모델] V12 | [모델근거] text_code | [원문링크] https://web.joongna.com/product/224009094
청소기,다이슨 청소기,다이슨 v6 무선 청소기,거래완료,"55,000원",당진1동,2026-01-11,0,0,0,36.5℃,중고나라판매자,생활가전,당진1동,[출처] 중고나라 | [분석모델] V6 | [모델근거] text_code | [원문링크] https://web.joongna.com/product/223966419
청소기,다이슨 청소기,다이슨무선청소기 v11메인모터,거래완료,"30,000원",동백2동,2026-01-11,0,0,0,36.5℃,중고나라판매자,생활가전,동백2동,[출처] 중고나라 | [분석모델] V11 | [모델근거] text_code | [원문링크] https://web.joongna.com/product/220917627
청소기,다이슨 청소기,다이슨 무선청소기 디지털 슬림 서브마린 새제품,거래완료,"370,000원",동탄5동,2026-01-10,0,0,0,36.5℃,중고나라판매자,생활가전,동탄5동,[출처] 중고나라 | [분석모델] DIGITAL_SLIM | [모델근거] text_variant | [원문링크] https://web.joongna.com/product/223761092
청소기,다이슨 청소기,다이슨 DC46 유선 청소기,거래완료,"45,000원",상도제2동,2026-01-09,0,0,0,36.5℃,중고나라판매자,생활가전,상도제2동,[출처] 중고나라 | [분석모델] DC46 | [모델근거] text_code | [원문링크] https://web.joongna.com/product/223927796
청소기,다이슨 청소기,다이슨 V11무선청소기 몸통,거래완료,"95,000원",,2026-01-09,0,0,0,36.5℃,중고나라판매자,생활가전,,[출처] 중고나라 | [분석모델] V11 | [모델근거] text_code | [원문링크] https://web.joongna.com/product/223911590
청소기,다이슨 청소기,다이슨 v6 무선청소기 본체 팝니다,거래완료,"15,000원",홍천읍,2026-01-09,0,0,0,36.5℃,중고나라판매자,생활가전,홍천읍,[출처] 중고나라 | [분석모델] V6 | [모델근거] text_code | [원문링크] https://web.joongna.com/product/223886324
청소기,다이슨 청소기,다이슨무선청소기 sv12 v10,거래완료,"170,000원",동백2동,2026-01-07,0,0,0,36.5℃,중고나라판매자,생활가전,동백2동,[출처] 중고나라 | [분석모델] SV12 | [모델근거] text_code | [원문링크] https://web.joongna.com/product/223395755
청소기,다이슨 청소기,다이슨무선청소기 v10,거래완료,"110,000원",동백2동,2026-01-07,0,0,0,36.5℃,중고나라판매자,생활가전,동백2동,[출처] 중고나라 | [분석모델] V10 | [모델근거] text_code | [원문링크] https://web.joongna.com/product/223179667
청소기,다이슨 청소기,다이슨 V10무선청소기,거래완료,"140,000원",대신동,2026-01-07,0,0,0,36.5℃,중고나라판매자,생활가전,대신동,[출처] 중고나라 | [분석모델] V10 | [모델근거] text_code | [원문링크] https://web.joongna.com/product/223849480
청소기,다이슨 청소기,다이슨 싸이클론 슬림 플러피 무선 청소기,거래완료,"65,000원",성환읍,2026-01-06,0,0,0,36.5℃,중고나라판매자,생활가전,성환읍,[출처] 중고나라 | [분석모델] CYCLONE | [모델근거] text_variant | [원문링크] https://web.joongna.com/product/223819240
청소기,다이슨 청소기,다이슨 V8 무선청소기(미개봉새제품),거래중,"300,000원",,2026-01-06,0,0,0,36.5℃,중고나라판매자,생활가전,,[출처] 중고나라 | [분석모델] V8 | [모델근거] text_code | [원문링크] https://web.joongna.com/product/223243404
청소기,다이슨 청소기,다이슨 V8 무선청소기,거래완료,"145,000원",,2026-01-06,0,0,0,36.5℃,중고나라판매자,생활가전,,[출처] 중고나라 | [분석모델] V8 | [모델근거] text_code | [원문링크] https://web.joongna.com/product/223549572
청소기,다이슨 청소기,다이슨 UP13 볼애니멀 유선 청소기 팝니다(120v),거래중,"140,000원",관문동,2026-01-06,0,0,0,36.5℃,중고나라판매자,생활가전,관문동,"[출처] 중고나라 | [분석모델] 제품군 공통 | [모델근거] product_group | [원문설명] 다이슨 UP13 볼 애니멀 유선 청소기 판매합니다 미국에서 산거라 변압기 필요합니다(120v) 변압기도 같이 드립니다 필요없이 청소기 단품만하시면 12에 드립니다 작동 잘되며 상태 좋아요 가정용, 업소용 넓은공간 특히 카펫있는곳에서 흡입 좋네요 외국 나가는분들 유용할겁니다 다른 청소기 선물받아서 판매합니다 직거래 대구이고 직거래시 네고 가능하고 쿨거래시 네고 가능합니다 | [원문링크] https://web.joongna.com/product/220461286"
청소기,다이슨 청소기,다이슨 청소기 DC35 본체,거래완료,"27,000원",지동,2026-01-06,0,0,0,36.5℃,중고나라판매자,생활가전,지동,[출처] 중고나라 | [분석모델] DC35 | [모델근거] text_code | [원문링크] https://web.joongna.com/product/223355539
청소기,다이슨 청소기,다이슨 V8 무선청소기 미개봉 새제품,거래완료,"265,000원",,2026-01-05,0,0,0,36.5℃,중고나라판매자,생활가전,,[출처] 중고나라 | [분석모델] V8 | [모델근거] text_code | [원문링크] https://web.joongna.com/product/223228392
청소기,다이슨 청소기,(정품) (DYSON) 다이슨 V6 무선 청소기,거래완료,"180,000원",금호2.3가동,2026-01-05,0,0,0,36.5℃,중고나라판매자,생활가전,금호2.3가동,[출처] 중고나라 | [분석모델] V6 | [모델근거] text_code | [원문설명] 새상품으로 구매했었던 제품이며 집에서 서브용으로 가끔씩 사용한 제품입니다. 침구용 헤드 / 툴 브러쉬 2종 도 포함 입니다. 침구용 헤드도 작동 테스트 정도만 해본 상태 입니다. 제품 구성품 및 상태는 사진과 같고 파손 / 냄새 / 기름때 / 끈적임 / 심한 얼룩 / 동물털 / 큰 스크래치 없이 상태 깨끗하고 좋습니다. 돼지코 필요 없는 정품 제품이라서 스파크/충전 등등에 안전하게 사용할수 있고 판매 사진처럼 파란불 정상 충전 됩니다. 본체 / 먼지통 / 필터 / 헤드는 모두 청소되어 있어 바로 사용 가능합니다. 거치대는 블랙 색상으로 깔끔하고 좋습니다. 그래도 혹시 모르니 예민한 분은 구매를 피해 주세요. 가격흥정은 하지 않습니다. 중고가전제품 특성상 직접 작동 해보시고 내부 / 외부 확인 후에 꼭 구매 바랍니다. 중고이며 확인후에 구매했으므로 구매 후 기타이유/사용감등등으로 교환이나 환불은 불가입니다. | [원문링크] https://web.joongna.com/product/223244339
청소기,다이슨 청소기,다이슨 청소기 V6 소프트 롤러,거래중,"50,000원",이도1동,2026-01-05,0,0,0,36.5℃,중고나라판매자,생활가전,이도1동,[출처] 중고나라 | [분석모델] V6 | [모델근거] text_code | [원문링크] https://web.joongna.com/product/223744676
청소기,다이슨 청소기,"다이슨 V8 무선청소기 (미개봉, 새제품)",거래완료,"240,000원",개금제3동,2026-01-04,0,0,0,36.5℃,중고나라판매자,생활가전,개금제3동,[출처] 중고나라 | [분석모델] V8 | [모델근거] text_code | [원문링크] https://web.joongna.com/product/223711551
청소기,다이슨 청소기,다이슨 V10 청소기 풀셋,거래완료,"150,000원",동탄5동,2026-01-04,0,0,0,36.5℃,중고나라판매자,생활가전,동탄5동,[출처] 중고나라 | [분석모델] V10 | [모델근거] text_code | [원문링크] https://web.joongna.com/product/223700623
청소기,다이슨 청소기,다이슨 V11 무선청소기,거래완료,"230,000원",강일동,2026-01-03,0,0,0,36.5℃,중고나라판매자,생활가전,강일동,[출처] 중고나라 | [분석모델] V11 | [모델근거] text_code | [원문링크] https://web.joongna.com/product/223692070
청소기,다이슨 청소기,다이슨 청소기 V12 디텍트 슬림 골드 미개봉 새제품,거래완료,"480,000원",범안동,2025-12-26,0,0,0,36.5℃,중고나라판매자,생활가전,범안동,[출처] 중고나라 | [분석모델] V12 | [모델근거] text_code | [원문링크] https://web.joongna.com/product/223384700
청소기,다이슨 청소기,다이슨V8사이클론/다이슨청소기/,거래중,"12,000원",,2025-12-23,0,0,0,36.5℃,중고나라판매자,생활가전,,[출처] 중고나라 | [분석모델] V8 | [모델근거] text_code | [원문링크] https://web.joongna.com/product/222694949
청소기,다이슨 청소기,다이슨 V10 무선청소기 부품 세트,거래완료,"100,000원",태평1동,2025-12-22,0,0,0,36.5℃,중고나라판매자,생활가전,태평1동,[출처] 중고나라 | [분석모델] V10 | [모델근거] text_code | [원문링크] https://web.joongna.com/product/223258479
청소기,다이슨 청소기,다이슨 청소기 v8,거래완료,"120,000원",중앙동,2025-12-21,0,0,0,36.5℃,중고나라판매자,생활가전,중앙동,[출처] 중고나라 | [분석모델] V8 | [모델근거] text_code | [원문링크] https://web.joongna.com/product/222439758
청소기,다이슨 청소기,다이슨 v7 앱솔루트 청소기(국내판),거래완료,"30,000원",운정1동,2025-12-20,0,0,0,36.5℃,중고나라판매자,생활가전,운정1동,[출처] 중고나라 | [분석모델] V7 | [모델근거] text_code | [원문링크] https://web.joongna.com/product/223176356
청소기,다이슨 청소기,다이슨 V11 무선청소기 교체 수리,거래완료,"400,000원",,2025-12-20,0,0,0,36.5℃,중고나라판매자,생활가전,,[출처] 중고나라 | [분석모델] V11 | [모델근거] text_code | [원문링크] https://web.joongna.com/product/223174817
청소기,다이슨 청소기,다이슨 V6 플러피 청소기,거래완료,"20,000원",운정1동,2025-12-20,0,0,0,36.5℃,중고나라판매자,생활가전,운정1동,[출처] 중고나라 | [분석모델] V6 | [모델근거] text_code | [원문링크] https://web.joongna.com/product/223176153
청소기,다이슨 청소기,다이슨무선청소기 v7본체판매,거래완료,"30,000원",동백2동,2025-12-19,0,0,0,36.5℃,중고나라판매자,생활가전,동백2동,[출처] 중고나라 | [분석모델] V7 | [모델근거] text_code | [원문링크] https://web.joongna.com/product/223007143
청소기,다이슨 청소기,다이슨 360 vis nav 로봇 청소기,거래중,"450,000원",구래동,2025-12-19,0,0,0,36.5℃,중고나라판매자,생활가전,구래동,[출처] 중고나라 | [분석모델] 360_VIS_NAV | [모델근거] text_variant | [원문링크] https://web.joongna.com/product/223151828
청소기,다이슨 청소기,다이슨 360 vis Nav 로봇청소기,거래중,"400,000원",송산2동,2025-12-18,0,0,0,36.5℃,중고나라판매자,생활가전,송산2동,[출처] 중고나라 | [분석모델] 360_VIS_NAV | [모델근거] text_variant | [원문링크] https://web.joongna.com/product/221157809
청소기,다이슨 청소기,다이슨 V12 무선청소기판매합니다~~,거래완료,"20,000원",철산3동,2025-12-17,0,0,0,36.5℃,중고나라판매자,생활가전,철산3동,[출처] 중고나라 | [분석모델] V12 | [모델근거] text_code | [원문링크] https://web.joongna.com/product/223083515
청소기,다이슨 청소기,다이슨청소기변환잭미사용,거래중,"20,000원",,2025-12-17,0,0,0,36.5℃,중고나라판매자,생활가전,,[출처] 중고나라 | [분석모델] V6 | [모델근거] detail_text_code | [원문설명] 다이슨 청소기 아탑터 v6 v7 v8 사용가능 디월트 마끼다 배터리 이용해서 사용 개당20000원 | [원문링크] https://web.joongna.com/product/222599714
청소기,다이슨 청소기,"다이슨 V15,V11용 무선청소기 부품 세트",거래완료,"60,000원",중앙동,2025-12-17,0,0,0,36.5℃,중고나라판매자,생활가전,중앙동,[출처] 중고나라 | [분석모델] V15 | [모델근거] text_code | [원문링크] https://web.joongna.com/product/223064059
청소기,다이슨 청소기,다이슨무선청소기 sv18 디지털슬림,거래완료,"170,000원",동백2동,2025-12-16,0,0,0,36.5℃,중고나라판매자,생활가전,동백2동,[출처] 중고나라 | [분석모델] SV18 | [모델근거] text_code | [원문링크] https://web.joongna.com/product/222661108
청소기,다이슨 청소기,다이슨 V8 fluffy 청소기,거래완료,"45,000원",,2025-12-15,0,0,0,36.5℃,중고나라판매자,생활가전,,[출처] 중고나라 | [분석모델] V8 | [모델근거] text_code | [원문링크] https://web.joongna.com/product/222599614
청소기,다이슨 청소기,다이슨 무선청소기 SV10 풀셋트 충젼거치대포함 판매합니다,거래완료,"120,000원",가음정동,2025-12-15,0,0,0,36.5℃,중고나라판매자,생활가전,가음정동,[출처] 중고나라 | [분석모델] SV10 | [모델근거] text_code | [원문링크] https://web.joongna.com/product/222980404
청소기,다이슨 청소기,다이슨무선청소기 v8본체,거래완료,"45,000원",동백2동,2025-12-14,0,0,0,36.5℃,중고나라판매자,생활가전,동백2동,[출처] 중고나라 | [분석모델] V8 | [모델근거] text_code | [원문링크] https://web.joongna.com/product/222969332
청소기,다이슨 청소기,다이슨무선청소기 sv11 v7,거래완료,"75,000원",동백2동,2025-12-14,0,0,0,36.5℃,중고나라판매자,생활가전,동백2동,[출처] 중고나라 | [분석모델] SV11 | [모델근거] text_code | [원문링크] https://web.joongna.com/product/222969188
청소기,다이슨 청소기,다이슨무선청소기 v8,거래완료,"85,000원",동백2동,2025-12-14,0,0,0,36.5℃,중고나라판매자,생활가전,동백2동,[출처] 중고나라 | [분석모델] V8 | [모델근거] text_code | [원문링크] https://web.joongna.com/product/222969116
청소기,다이슨 청소기,다이슨 유선청소기 DC46 노즐다수포함,거래완료,"30,000원",상계6.7동,2025-12-14,0,0,0,36.5℃,중고나라판매자,생활가전,상계6.7동,[출처] 중고나라 | [분석모델] DC46 | [모델근거] text_code | [원문링크] https://web.joongna.com/product/222949918
청소기,다이슨 청소기,다이슨 V10 무선청소기 풀세트,거래완료,"140,000원",신당동,2025-12-14,0,0,0,36.5℃,중고나라판매자,생활가전,신당동,[출처] 중고나라 | [분석모델] V10 | [모델근거] text_code | [원문링크] https://web.joongna.com/product/222942268
청소기,다이슨 청소기,다이슨 싸이클론 V8 실버-레드 무선 청소기 판매합니다.,거래완료,"300,000원",노량진제2동,2025-12-14,0,0,0,36.5℃,중고나라판매자,생활가전,노량진제2동,[출처] 중고나라 | [분석모델] V8 | [모델근거] text_code | [원문링크] https://web.joongna.com/product/222584010
청소기,다이슨 청소기,다이슨 V8 무선청소기,거래완료,"199,000원",삼산동,2025-12-13,0,0,0,36.5℃,중고나라판매자,생활가전,삼산동,[출처] 중고나라 | [분석모델] V8 | [모델근거] text_code | [원문링크] https://web.joongna.com/product/221746958
청소기,다이슨 청소기,다이슨 핸드 무선 청소기,거래완료,"150,000원",보라매동,2025-12-13,0,0,0,36.5℃,중고나라판매자,생활가전,보라매동,"[출처] 중고나라 | [분석모델] V7 | [모델근거] detail_text_code | [원문설명] 다이슨 V7 Trigger Pro * 사진에 보이는 먼지함에 들어간 먼지만큼 딱 한번 사용한 제품입니다. 차량 청소 및 집안 좁은 공간에 최적화된 핸드 무선 청소기 입니다! 기본 캡 재외 나머지는 전부 사용하지 않은 새 부품 청소기, 부품, 충전기, 박스 채로 판매합니다. 가까우신분은 가능한 직거래 | [원문링크] https://web.joongna.com/product/222913954"
청소기,다이슨 청소기,다이슨 V12 디텍트 슬림 무선청소기,거래완료,"500,000원",원신흥동,2025-12-13,0,0,0,36.5℃,중고나라판매자,생활가전,원신흥동,[출처] 중고나라 | [분석모델] V12 | [모델근거] text_code | [원문링크] https://web.joongna.com/product/222904286
청소기,다이슨 청소기,다이슨 슬림 무선청소기,거래완료,"300,000원",구포제2동,2025-12-12,0,0,0,36.5℃,중고나라판매자,생활가전,구포제2동,[출처] 중고나라 | [분석모델] 제품군 공통 | [모델근거] product_group | [원문설명] 다이슨 슬림 무선청소기 새제품이에요. 박스 포장 상태 그대로이고 구성품도 모두 들어있어요. 깔끔한 오렌지 컬러가 정말 예뻐요! | [원문링크] https://web.joongna.com/product/222163465
청소기,다이슨 청소기,다이슨 V8 무선청소기,거래완료,"69,000원",금호4가동,2025-12-11,0,0,0,36.5℃,중고나라판매자,생활가전,금호4가동,[출처] 중고나라 | [분석모델] V8 | [모델근거] text_code | [원문링크] https://web.joongna.com/product/222845649
청소기,다이슨 청소기,무선청소기 다이슨 초경량 무선 청소기 마이크로 충전거치대 포함,거래완료,"330,000원",탄현2동,2025-12-10,0,0,0,36.5℃,중고나라판매자,생활가전,탄현2동,[출처] 중고나라 | [분석모델] 제품군 공통 | [모델근거] product_group | [원문설명] 무선청소기 미개봉 새제품이에요. 박스 상태도 깨끗하고 완전 새거라서 바로 사용하실 수 있어요! | [원문링크] https://web.joongna.com/product/222809567
청소기,다이슨 청소기,다이슨 청소기(Dyson SV12 / V10)카페트롤러,거래중,"80,000원",해룡면,2025-12-10,0,0,0,36.5℃,중고나라판매자,생활가전,해룡면,[출처] 중고나라 | [분석모델] SV12 | [모델근거] text_code | [원문링크] https://web.joongna.com/product/216756067
청소기,다이슨 청소기,다이슨무선청소기 v7 v8본체,거래완료,"28,000원",동백2동,2025-12-10,0,0,0,36.5℃,중고나라판매자,생활가전,동백2동,[출처] 중고나라 | [분석모델] V7 | [모델근거] text_code | [원문링크] https://web.joongna.com/product/222210789
청소기,다이슨 청소기,다이슨V8본체/상태조음/다이슨청소기V8,거래완료,"33,000원",,2025-12-09,0,0,0,36.5℃,중고나라판매자,생활가전,,[출처] 중고나라 | [분석모델] V8 | [모델근거] text_code | [원문링크] https://web.joongna.com/product/222695730
청소기,다이슨 청소기,다이슨 물걸래청소기,거래완료,"270,000원",자양제3동,2025-12-05,0,0,0,36.5℃,중고나라판매자,생활가전,자양제3동,[출처] 중고나라 | [분석모델] 제품군 공통 | [모델근거] product_group | [원문설명] 무선물걸래청소기 판매해요! 물걸레 패드도 포함되어 있고 상태 양호합니다. 실사용 제품이라 사용감은 있지만 깔끔하게 관리했어요. | [원문링크] https://web.joongna.com/product/222614487
청소기,다이슨 청소기,정품 다이슨 청소기 툴+다이슨 가방 택포,거래중,"40,000원",,2025-12-04,0,0,0,36.5℃,중고나라판매자,생활가전,,[출처] 중고나라 | [분석모델] V8 | [모델근거] detail_text_code | [원문설명] 다이슨 정품 청소기 툴입니다 사용감이 있는 툴도 있고 한번도 안 쓴 툴도 있습니다 v8과 v10에 포함되어 있던 툴이에요 다이슨 가방에 담아서 보내드려요 택포로 가져가세요 | [원문링크] https://web.joongna.com/product/220927353
청소기,다이슨 청소기,다이슨 무선청소기 v6,거래완료,"5,000원",방화제3동,2025-12-03,0,0,0,36.5℃,중고나라판매자,생활가전,방화제3동,[출처] 중고나라 | [분석모델] V6 | [모델근거] text_code | [원문링크] https://web.joongna.com/product/222118337
청소기,다이슨 청소기,다이슨 V8 무선청소기,거래완료,"135,000원",,2025-12-02,0,0,0,36.5℃,중고나라판매자,생활가전,,[출처] 중고나라 | [분석모델] V8 | [모델근거] text_code | [원문링크] https://web.joongna.com/product/221827530
청소기,다이슨 청소기,다이슨 청소기 V6 사이클론 1.5만,거래중,"15,000원",수암동,2025-12-01,0,0,0,36.5℃,중고나라판매자,생활가전,수암동,[출처] 중고나라 | [분석모델] V6 | [모델근거] text_code | [원문링크] https://web.joongna.com/product/222482265
청소기,다이슨 청소기,다이슨 청소기 V6 SV04 모터 3.5만,거래중,"35,000원",수암동,2025-12-01,0,0,0,36.5℃,중고나라판매자,생활가전,수암동,[출처] 중고나라 | [분석모델] V6 | [모델근거] text_code | [원문링크] https://web.joongna.com/product/222470158
청소기,다이슨 청소기,다이슨 v10 무선청소기 판매합니다.,거래완료,"70,000원",은행동,2025-11-30,0,0,0,36.5℃,중고나라판매자,생활가전,은행동,[출처] 중고나라 | [분석모델] V10 | [모델근거] text_code | [원문링크] https://web.joongna.com/product/222443664
청소기,다이슨 청소기,다이슨 V8 무선청소기 판매합니다.,거래완료,"40,000원",은행동,2025-11-30,0,0,0,36.5℃,중고나라판매자,생활가전,은행동,[출처] 중고나라 | [분석모델] V8 | [모델근거] text_code | [원문링크] https://web.joongna.com/product/222443115
청소기,다이슨 청소기,다이슨 V8 무선청소기 판매합니다.,거래완료,"40,000원",은행동,2025-11-30,0,0,0,36.5℃,중고나라판매자,생활가전,은행동,[출처] 중고나라 | [분석모델] V8 | [모델근거] text_code | [원문링크] https://web.joongna.com/product/222440464
청소기,다이슨 청소기,다이슨 펜슬백 플러피콘 무선청소기 미개봉 새상품,거래완료,"600,000원",,2025-11-29,0,0,0,36.5℃,중고나라판매자,생활가전,,"[출처] 중고나라 | [분석모델] PENCILVAC | [모델근거] text_variant | [원문설명] 10/5일 현대홈쇼핑에서 구매 후 10/10일 받은 다이슨 펜슬백 플러피콘 청소기 판매해요. 수령 후에 보관만 하고 있었고 개봉하지 않았어요, 물론 제품 등록도 안 해서 등록하신 후 다이슨 코리아 정식 AS 도 가능하실 거예요. 급하게 판매 필요해서 시세보다 낮게 내놔보아요~ 주말 중 거래 성사되면 월요일 우체국 택배로 보내드릴게요(배송비 포함) 연락 주세요! 감사합니다. | [원문링크] https://web.joongna.com/product/222377594"
청소기,다이슨 청소기,다이슨 워시GT 진공청소기,거래중,"300,000원",세곡동,2025-11-29,0,0,0,36.5℃,중고나라판매자,생활가전,세곡동,[출처] 중고나라 | [분석모델] 제품군 공통 | [모델근거] product_group | [원문설명] 다이슨 워시GT 진공청소기입니다. 블랙과 블루 컬러로 깔끔하고 세련된 디자인이에요. 10회정도 사용했습니다~ 엄마가 스팀청소기를 너무 좋아하셔서 내놓습니다..ㅠㅠ | [원문링크] https://web.joongna.com/product/222406803
청소기,다이슨 청소기,다이슨 V11 무선청소기 판매,거래완료,"250,000원",송도2동,2025-11-29,0,0,0,36.5℃,중고나라판매자,생활가전,송도2동,[출처] 중고나라 | [분석모델] V11 | [모델근거] text_code | [원문링크] https://web.joongna.com/product/222386162
청소기,다이슨 청소기,다이슨 V6 청소기 본체판매,거래완료,"15,000원",읍내동,2025-11-29,0,0,0,36.5℃,중고나라판매자,생활가전,읍내동,[출처] 중고나라 | [분석모델] V6 | [모델근거] text_code | [원문링크] https://web.joongna.com/product/222381088
청소기,다이슨 청소기,다이슨 V6 청소기 본체판매,거래완료,"13,000원",읍내동,2025-11-29,0,0,0,36.5℃,중고나라판매자,생활가전,읍내동,[출처] 중고나라 | [분석모델] V6 | [모델근거] text_code | [원문링크] https://web.joongna.com/product/222381082
청소기,다이슨 청소기,다이슨 V7 무선청소기,거래완료,"60,000원",시흥동,2025-11-28,0,0,0,36.5℃,중고나라판매자,생활가전,시흥동,[출처] 중고나라 | [분석모델] V7 | [모델근거] text_code | [원문링크] https://web.joongna.com/product/222359614
청소기,다이슨 청소기,다이슨 V10 무선청소기,거래완료,"65,000원",태화동,2025-11-28,0,0,0,36.5℃,중고나라판매자,생활가전,태화동,[출처] 중고나라 | [분석모델] V10 | [모델근거] text_code | [원문링크] https://web.joongna.com/product/222349633
청소기,다이슨 청소기,다이슨청소기 정품 v7 v8 모터 바디 키트,거래중,"30,000원",감곡면,2025-11-27,0,0,0,36.5℃,중고나라판매자,생활가전,감곡면,[출처] 중고나라 | [분석모델] V7 | [모델근거] text_code | [원문링크] https://web.joongna.com/product/222328853
청소기,다이슨 청소기,다이슨 V7 무선청소기,거래완료,"890,000원",연일읍,2025-11-26,0,0,0,36.5℃,중고나라판매자,생활가전,연일읍,"[출처] 중고나라 | [분석모델] V7 | [모델근거] text_code | [원문설명] 다이슨 V8 무선청소기 판매해요! 충전기도 함께 드리고, 사용감은 있지만 작동 잘 됩니다. 깔끔하게 청소해서 상태 좋아요. | [원문링크] https://web.joongna.com/product/222290415"
청소기,다이슨 청소기,"다이슨 V8 싸이클론 무선청소기입니다- 플러피 헤드, 미니모터헤드, 벽걸이형 거치대, 충전기가 포함되어 있습니다-",거래완료,"290,000원",면목제5동,2025-11-25,0,0,0,36.5℃,중고나라판매자,생활가전,면목제5동,[출처] 중고나라 | [분석모델] V8 | [모델근거] text_code | [원문링크] https://web.joongna.com/product/222151751
청소기,다이슨 청소기,다이슨 V10 무선청소기 본체,거래완료,"33,000원",신창동,2025-11-24,0,0,0,36.5℃,중고나라판매자,생활가전,신창동,[출처] 중고나라 | [분석모델] V10 | [모델근거] text_code | [원문링크] https://web.joongna.com/product/222223024
청소기,다이슨 청소기,다이슨 V10 무선청소기 본체,거래완료,"50,000원",신창동,2025-11-24,0,0,0,36.5℃,중고나라판매자,생활가전,신창동,[출처] 중고나라 | [분석모델] V10 | [모델근거] text_code | [원문링크] https://web.joongna.com/product/222221402
청소기,다이슨 청소기,다이슨 유선청소기,거래완료,"100,000원",평화동,2025-11-22,0,0,0,36.5℃,중고나라판매자,생활가전,평화동,[출처] 중고나라 | [분석모델] 제품군 공통 | [모델근거] product_group | [원문설명] 다이슨 유선청소기 판매해요.모델명은. CY23입니다. 사용감은 있지만 작동 잘 되고 흡인력이 장난아니예요.. 실용적인 유선청소기로 깔끔하게 관리했습니다.필요하신분 연락주셔요. | [원문링크] https://web.joongna.com/product/222136437
청소기,다이슨 청소기,다이슨 V12 디텍트슬림 무선청소기 세트,거래완료,"330,000원",,2025-11-22,0,0,0,36.5℃,중고나라판매자,생활가전,,[출처] 중고나라 | [분석모델] V12 | [모델근거] text_code | [원문링크] https://web.joongna.com/product/222132149
청소기,다이슨 청소기,다이슨 V8 무선청소기,거래완료,"100,000원",고덕제2동,2025-11-21,0,0,0,36.5℃,중고나라판매자,생활가전,고덕제2동,[출처] 중고나라 | [분석모델] V8 | [모델근거] text_code | [원문링크] https://web.joongna.com/product/222046701
청소기,다이슨 청소기,다이슨 코리아 Dyson 무선 청소기 V8 신형[배터리새거],거래완료,"145,000원",청천2동,2025-11-20,0,0,0,36.5℃,중고나라판매자,생활가전,청천2동,[출처] 중고나라 | [분석모델] V8 | [모델근거] text_code | [원문링크] https://web.joongna.com/product/222070501
청소기,다이슨 청소기,다이슨 V6 무선청소기,거래중,"300,000원",,2025-11-18,0,0,0,36.5℃,중고나라판매자,생활가전,,"[출처] 중고나라 | [분석모델] V6 | [모델근거] text_code | [원문설명] 다이슨 V6 무선청소기 판매해요! 브러시 헤드와 각종 부품들이 모두 포함되어 있고, 사용감은 있지만 작동 잘 됩니다. 깔끔하게 청소해서 보내드릴게요. 많은 문의 주세요! 네고 가능합니다! | [원문링크] https://web.joongna.com/product/221995139"
청소기,다이슨 청소기,다이슨 V6 무선청소기,거래중,"300,000원",,2025-11-18,0,0,0,36.5℃,중고나라판매자,생활가전,,"[출처] 중고나라 | [분석모델] V6 | [모델근거] text_code | [원문설명] 다이슨 V6 무선청소기 판매해요! 브러시 헤드와 각종 부품들이 모두 포함되어 있고, 사용감은 있지만 작동 잘됩니다. 깨끗하게 관리해서 상태 양호해요. 사용한 지는 3달 정도 됐습니다. 네고 가능합니다! | [원문링크] https://web.joongna.com/product/221995095"
청소기,다이슨 청소기,다이슨 V11 청소기 모터(고장),거래완료,"8,000원",구로제5동,2025-11-16,0,0,0,36.5℃,중고나라판매자,생활가전,구로제5동,[출처] 중고나라 | [분석모델] V11 | [모델근거] text_code | [원문링크] https://web.joongna.com/product/221910210
청소기,다이슨 청소기,다이슨 V8 무선청소기 직거래,거래완료,"25,000원",정발산동,2025-11-14,0,0,0,36.5℃,중고나라판매자,생활가전,정발산동,[출처] 중고나라 | [분석모델] V8 | [모델근거] text_code | [원문링크] https://web.joongna.com/product/221844778
청소기,다이슨 청소기,다이슨 V8 무선청소기,거래완료,"160,000원",,2025-11-14,0,0,0,36.5℃,중고나라판매자,생활가전,,[출처] 중고나라 | [분석모델] V8 | [모델근거] text_code | [원문링크] https://web.joongna.com/product/221465174
청소기,다이슨 청소기,다이슨청소기 젠5,거래중,"700,000원",천호제1동,2025-11-13,0,0,0,36.5℃,중고나라판매자,생활가전,천호제1동,"[출처] 중고나라 | [분석모델] GEN5DETECT | [모델근거] detail_text_variant | [원문설명] 📢 제목에 ""제조사/ 브랜드 명""과 ""상품명(ex. 3000시리즈 전동 면도기)”을 넣어 작성하면, 보다 빠른 판매가 가능합니다! 📢 게시글 작성 시 배송 방법에 “직거래”와 “내 위치” 설정할 경우, 보다 빠른 판매가 가능합니다! 구매후 박스 개봉후 보관만한 미사용제품 박스없음 https://www.dyson.co.kr/products/cord-free/dyson-gen5detect/overview 🚨회원님의 거래 게시글을 노린 중고나라 운영진 사칭 피싱 사이트를 주의하세요🚨 | [원문링크] https://web.joongna.com/product/219950465"
청소기,다이슨 청소기,다이슨 워시 G1 물걸레 청소기 wash g1 판매,거래중,"330,000원",,2025-11-13,0,0,0,36.5℃,중고나라판매자,생활가전,,[출처] 중고나라 | [분석모델] WASH_G1 | [모델근거] text_variant | [원문링크] https://web.joongna.com/product/221556324
청소기,다이슨 청소기,다이슨 V6헤파 무선청소기,거래완료,"24,000원",도림동,2025-11-12,0,0,0,36.5℃,중고나라판매자,생활가전,도림동,[출처] 중고나라 | [분석모델] V6 | [모델근거] text_code | [원문링크] https://web.joongna.com/product/221763610
청소기,다이슨 청소기,(정품) (DYSON) 다이슨 무선 청소기 V6,거래완료,"100,000원",금호2.3가동,2025-11-11,0,0,0,36.5℃,중고나라판매자,생활가전,금호2.3가동,[출처] 중고나라 | [분석모델] V6 | [모델근거] text_code | [원문설명] 새상품으로 구매했었던 정품 제품이며 서브용 청소기로 가끔씩 사용한 제품 입니다. 사용법 및 기타 사항은 온라인 검색하면 정확한 정보가 많이 있으니 검색해 보시면 됩니다. 제품 구성품 및 상태는 사진과 같고 동물털 / 기름때 / 냄새 / 끈적임 / 심한 얼룩 / 큰 스크래치 없이 상태 좋습니다. 돼지코 필요 없어 안전하고 판매 사진처럼 파란불 정상 충전 됩니다. 본체 / 먼지통 / 필터 / 헤드는 나름대로 모두 청소되어 있어 바로 사용 가능합니다. 그래도 혹시 모르니 예민한 분은 구매를 피해 주세요. 가격흥정은 하지 않습니다. 중고가전제품 특성상 직접 작동 해보시고 외관 확인 후에 꼭 구매 바랍니다. 중고이며 확인후에 구매했으므로 구매 후 기타이유/사용감등등 으로 교환이나 환불은 불가입니다. | [원문링크] https://web.joongna.com/product/221715682
청소기,다이슨 청소기,다이슨청소기 젠5,거래중,"700,000원",천호제1동,2025-11-09,0,0,0,36.5℃,중고나라판매자,생활가전,천호제1동,"[출처] 중고나라 | [분석모델] GEN5DETECT | [모델근거] detail_text_variant | [원문설명] 📢 제목에 ""제조사/ 브랜드 명""과 ""상품명(ex. 3000시리즈 전동 면도기)”을 넣어 작성하면, 보다 빠른 판매가 가능합니다! 📢 게시글 작성 시 배송 방법에 “직거래”와 “내 위치” 설정할 경우, 보다 빠른 판매가 가능합니다! 개봉만하고 미사용제품 박스분리해서 거치대 세워둠 https://www.dyson.co.kr/products/cord-free/dyson-gen5detect/overview 무게가 이어 차로 가져가셔야 합니다 🚨회원님의 거래 게시글을 노린 중고나라 운영진 사칭 피싱 사이트를 주의하세요🚨 | [원문링크] https://web.joongna.com/product/207146174"
청소기,다이슨 청소기,다이슨 V8 무선 청소기 (실버레드),거래중,"300,000원",,2025-11-08,0,0,0,36.5℃,중고나라판매자,생활가전,,[출처] 중고나라 | [분석모델] V8 | [모델근거] text_code | [원문링크] https://web.joongna.com/product/220850929
청소기,다이슨 청소기,다이슨 V15s 디텍트 서브마린 무선청소기 미개봉 새상품,거래완료,"750,000원",독산제3동,2025-11-08,0,0,0,36.5℃,중고나라판매자,생활가전,독산제3동,"[출처] 중고나라 | [분석모델] V15S | [모델근거] text_code | [원문설명] [다이슨 V15s 디텍트 서브마린] 구성품까지 모두 있는 미개봉 새상품 입니다. 상품으로 받았는데 이미 쓰는 로봇청소기와 일반 청소기가 있어 판매합니다. - 다이슨 공홈 품절상태 입니다. - 정가 1,290,000원 '75만원'에 판매합니다. | [원문링크] https://web.joongna.com/product/221606910"
청소기,다이슨 청소기,(정품) (DYSON) 다이슨 무선 청소기,거래완료,"50,000원",금호2.3가동,2025-11-07,0,0,0,36.5℃,중고나라판매자,생활가전,금호2.3가동,[출처] 중고나라 | [분석모델] V6 | [모델근거] detail_text_code | [원문설명] 새상품으로 구매했었던 다이슨 V6 제품이며 집에서 사용한 제품 입니다. 제품 구성품 및 상태는 사진과 같습니다. 본체 / 먼지통 / 필터 / 헤드는 나름대로 모두 청소되어 있어 바로 사용 가능합니다. 손잡이 부분에 빨간버튼 바로 밑에 부분 파손/필터 꼭지 부분 파손 입니다. 전 청소기 사용할때에 큰 지장 없었고 필터는 본래 소모품으로 교체하는 제품이며 온라인에서 천원정도면 구매 가능합니다. 사용법 및 기타 사항은 온라인 검색하면 정확한 정보가 많이 있으니 검색해 보시면 됩니다. 그래도 혹시 모르니 예민한 분은 구매를 피해 주세요. 부품값 정도 가격이라 가격흥정은 하지 않습니다. 중고가전제품 특성상 직접 작동 해보시고 외관 확인 후에 꼭 구매 바랍니다. 중고이며 확인후에 구매했으므로 기타이유/사용감/파손등등 구매 후 교환이나 환불은 불가입니다. | [원문링크] https://web.joongna.com/product/221386226
청소기,다이슨 청소기,미개봉 다이슨워시 G1 물걸레청소기 팝니다,거래중,"450,000원",역촌동,2025-11-06,0,0,0,36.5℃,중고나라판매자,생활가전,역촌동,[출처] 중고나라 | [분석모델] WASH_G1 | [모델근거] text_variant | [원문링크] https://web.joongna.com/product/221541664
청소기,다이슨 청소기,다이슨 마이크로 청소기,거래완료,"230,000원",중앙동,2025-11-06,0,0,0,36.5℃,중고나라판매자,생활가전,중앙동,[출처] 중고나라 | [분석모델] 제품군 공통 | [모델근거] product_group | [원문설명] 다이슨 마이크로 청소기 판매합니다 구매후 청소통 3번정도 비운듯 합니다. 찍힘 벗겨짐 전혀없이 깨끗합니다 먼지 청소 되어 있어서 구입후 그냥 쓰시면 됩니다 구성품은 사진과같습니다 | [원문링크] https://web.joongna.com/product/221532140
청소기,다이슨 청소기,다이슨 V8 무선청소기,거래완료,"70,000원",진영읍,2025-11-06,0,0,0,36.5℃,중고나라판매자,생활가전,진영읍,[출처] 중고나라 | [분석모델] V8 | [모델근거] text_code | [원문링크] https://web.joongna.com/product/221537428
청소기,다이슨 청소기,다이슨 유선 청소기 DC63 프로 국내 정발 풀셋트,거래완료,"120,000원",복정동,2025-11-06,0,0,0,36.5℃,중고나라판매자,생활가전,복정동,[출처] 중고나라 | [분석모델] DC63 | [모델근거] text_code | [원문링크] https://web.joongna.com/product/221206801
청소기,다이슨 청소기,에어로다이슨 무선청소기,거래중,"60,000원",오산면,2025-11-05,0,0,0,36.5℃,중고나라판매자,생활가전,오산면,"[출처] 중고나라 | [분석모델] 제품군 공통 | [모델근거] product_group | [원문설명] LG Kompressor 청소기 K83BGY 모델입니다 - 1100W 소비전력 - 먼지 압축 기술로 먼지통 비움이 용이합니다 - 제조년월: 2016년 10월 년수에 비해 사용감 괜찬습니다. 정상작동. 손잡이부푼에 작동스위치가 있어 사용이 편리합니다 익산시 오산면으로 오셔야해요 *개인간의 중고거래로 환불,반품불가합니다. *예약또는 먼저 오시는분께 양도하겟습니다. | [원문링크] https://web.joongna.com/product/221512152"
청소기,다이슨 청소기,다이슨 V10 플러피 무선청소기,거래완료,"190,000원",선원면,2025-11-05,0,0,0,36.5℃,중고나라판매자,생활가전,선원면,[출처] 중고나라 | [분석모델] V10 | [모델근거] text_code | [원문링크] https://web.joongna.com/product/221505451
청소기,다이슨 청소기,다이슨 워시G1 진공청소기,거래중,"280,000원",기흥동,2025-11-05,0,0,0,36.5℃,중고나라판매자,생활가전,기흥동,[출처] 중고나라 | [분석모델] WASH_G1 | [모델근거] text_variant | [원문링크] https://web.joongna.com/product/221369210
청소기,다이슨 청소기,다이슨 V8 무선청소기,거래중,"100,000원",상동,2025-11-04,0,0,0,36.5℃,중고나라판매자,생활가전,상동,[출처] 중고나라 | [분석모델] V8 | [모델근거] text_code | [원문링크] https://web.joongna.com/product/221464966
청소기,다이슨 청소기,다이슨 워시 G 1청소기,거래중,"400,000원",,2025-11-03,0,0,0,36.5℃,중고나라판매자,생활가전,,[출처] 중고나라 | [분석모델] WASH_G1 | [모델근거] detail_text_variant | [원문설명] 다이슨 워시G1청소기 판매해요. 두세번 밖에 사용 안했지만.상자는 없습니다 작동 잘 되고 상태 좋습니다. 집안 청소용으로 좋아요! | [원문링크] https://web.joongna.com/product/221431245
청소기,다이슨 청소기,"다이슨 유선 진공청소기, DC37 - 2012년 구매",거래완료,"140,000원",정왕본동,2025-11-01,0,0,0,36.5℃,중고나라판매자,생활가전,정왕본동,[출처] 중고나라 | [분석모델] DC37 | [모델근거] text_code | [원문링크] https://web.joongna.com/product/202666771
청소기,다이슨 청소기,다이슨 워시 g1물청소기+롤러헤드 새거,거래중,"350,000원",오금동,2025-11-01,0,0,0,36.5℃,중고나라판매자,생활가전,오금동,[출처] 중고나라 | [분석모델] WASH_G1 | [모델근거] text_variant | [원문링크] https://web.joongna.com/product/221348443
청소기,다이슨 청소기,다이슨 디지털 슬림 무선청소기,거래완료,"230,000원",,2025-11-01,0,0,0,36.5℃,중고나라판매자,생활가전,,[출처] 중고나라 | [분석모델] DIGITAL_SLIM | [모델근거] text_variant | [원문링크] https://web.joongna.com/product/221350182
청소기,다이슨 청소기,다이슨 V8 무선청소기,거래완료,"140,000원",고덕제1동,2025-11-01,0,0,0,36.5℃,중고나라판매자,생활가전,고덕제1동,[출처] 중고나라 | [분석모델] V8 | [모델근거] text_code | [원문링크] https://web.joongna.com/product/221313102
청소기,다이슨 청소기,(미개봉) 다이슨 G1 WashG1 물청소기 새제품,거래완료,"420,000원",장충동,2025-10-30,0,0,0,36.5℃,중고나라판매자,생활가전,장충동,[출처] 중고나라 | [분석모델] WASH_G1 | [모델근거] text_variant | [원문링크] https://web.joongna.com/product/220407686
청소기,다이슨 청소기,다이슨 V6 무선청소기,거래완료,"100,000원",서초4동,2025-10-29,0,0,0,36.5℃,중고나라판매자,생활가전,서초4동,"[출처] 중고나라 | [분석모델] V6 | [모델근거] text_code | [원문설명] 다이슨 무선 청소기 V6 모델입니다 -한달전 배터리,필터 모두 교체했습니다 - 다양한 툴을 포함하고 있어 용도에 맞게 사용할 수 있습니다 - 싸이클론 방식으로 강력한 흡입력을 자랑합니다 - 충전기도 함께 드립니다 - 틈새 청소 툴, 메인 툴, 소프트 롤러 헤드 등 다양한 툴로 구성되어 있습니다 - 가볍고 편리하게 청소할 수 있습니다 | [원문링크] https://web.joongna.com/product/221260979"
청소기,다이슨 청소기,다이슨 워시 G1 물걸레 청소기,거래완료,"400,000원",복정동,2025-10-29,0,0,0,36.5℃,중고나라판매자,생활가전,복정동,[출처] 중고나라 | [분석모델] WASH_G1 | [모델근거] text_variant | [원문링크] https://web.joongna.com/product/221249053
청소기,다이슨 청소기,다이슨 V10 무선청소기 풀세트,거래완료,"170,000원",감일동,2025-10-27,0,0,0,36.5℃,중고나라판매자,생활가전,감일동,[출처] 중고나라 | [분석모델] V10 | [모델근거] text_code | [원문링크] https://web.joongna.com/product/221038942
청소기,다이슨 청소기,다이슨 wash g1 물걸레 청소기(롤러 2세트 포함,거래완료,"280,000원",상암동,2025-10-26,0,0,0,36.5℃,중고나라판매자,생활가전,상암동,[출처] 중고나라 | [분석모델] WASH_G1 | [모델근거] text_variant | [원문링크] https://web.joongna.com/product/220890030
청소기,다이슨 청소기,다이슨v10 무선청소기,거래완료,"85,000원",,2025-10-25,0,0,0,36.5℃,중고나라판매자,생활가전,,[출처] 중고나라 | [분석모델] V10 | [모델근거] text_code | [원문링크] https://web.joongna.com/product/220971399
청소기,다이슨 청소기,다이슨 v11 컴플리트 청소기 싸게 팝니다.,예약중,"220,000원",길상면,2025-10-24,0,0,0,36.5℃,중고나라판매자,생활가전,길상면,[출처] 중고나라 | [분석모델] V11 | [모델근거] text_code | [원문링크] https://web.joongna.com/product/221052894
청소기,다이슨 청소기,다이슨 v8 청소기,거래중,"145,000원",,2025-10-23,0,0,0,36.5℃,중고나라판매자,생활가전,,[출처] 중고나라 | [분석모델] V8 | [모델근거] text_code | [원문링크] https://web.joongna.com/product/220564177
청소기,다이슨 청소기,다이슨V8본체+배터리13분사용가/다이슨청소기/다이슨V8,거래완료,"43,000원",,2025-10-23,0,0,0,36.5℃,중고나라판매자,생활가전,,[출처] 중고나라 | [분석모델] V8 | [모델근거] text_code | [원문링크] https://web.joongna.com/product/220954784
청소기,다이슨 청소기,다이슨 청소기SV33(미개봉),거래중,"380,000원",둔포면,2025-10-23,0,0,0,36.5℃,중고나라판매자,생활가전,둔포면,[출처] 중고나라 | [분석모델] SV33 | [모델근거] text_code | [원문링크] https://web.joongna.com/product/221023605
청소기,다이슨 청소기,다이슨 펜슬백청소기,거래완료,"600,000원",유천동,2025-10-22,0,0,0,36.5℃,중고나라판매자,생활가전,유천동,[출처] 중고나라 | [분석모델] PENCILVAC | [모델근거] text_variant | [원문설명] 다이슨 펜슬백청소기 최신형입니다 미개봉 새상품이구요 대구 직거래가능합니다 챗주세요 네고는 사양합니다 | [원문링크] https://web.joongna.com/product/221004713
청소기,다이슨 청소기,다이슨 디지털 슬림 청소기 sv18 팝니다.,거래완료,"200,000원",길상면,2025-10-22,0,0,0,36.5℃,중고나라판매자,생활가전,길상면,[출처] 중고나라 | [분석모델] SV18 | [모델근거] text_code | [원문링크] https://web.joongna.com/product/220833696
청소기,다이슨 청소기,다이슨 디지털 슬림 청소기,거래완료,"300,000원",송천2동,2025-10-21,0,0,0,36.5℃,중고나라판매자,생활가전,송천2동,[출처] 중고나라 | [분석모델] DIGITAL_SLIM | [모델근거] text_variant | [원문링크] https://web.joongna.com/product/219977556
청소기,다이슨 청소기,다이슨 V10 청소기,거래완료,"30,000원",,2025-10-21,0,0,0,36.5℃,중고나라판매자,생활가전,,[출처] 중고나라 | [분석모델] V10 | [모델근거] text_code | [원문링크] https://web.joongna.com/product/220007430
청소기,다이슨 청소기,다이슨 청소기 V6,거래완료,"50,000원",,2025-10-20,0,0,0,36.5℃,중고나라판매자,생활가전,,[출처] 중고나라 | [분석모델] V6 | [모델근거] text_code | [원문링크] https://web.joongna.com/product/220922248
청소기,다이슨 청소기,다이슨 싸이클론 청소기 V8(새상품),거래완료,"280,000원",효자3동,2025-10-19,0,0,0,36.5℃,중고나라판매자,생활가전,효자3동,[출처] 중고나라 | [분석모델] V8 | [모델근거] text_code | [원문링크] https://web.joongna.com/product/220871145
청소기,다이슨 청소기,다이슨 디지털 슬림 sv18 청소기 팝니다.,거래완료,"160,000원",길상면,2025-10-18,0,0,0,36.5℃,중고나라판매자,생활가전,길상면,[출처] 중고나라 | [분석모델] SV18 | [모델근거] text_code | [원문링크] https://web.joongna.com/product/220833626
청소기,다이슨 청소기,다이슨 v8 청소기 팝니다.,거래완료,"110,000원",길상면,2025-10-15,0,0,0,36.5℃,중고나라판매자,생활가전,길상면,[출처] 중고나라 | [분석모델] V8 | [모델근거] text_code | [원문링크] https://web.joongna.com/product/220729314
청소기,다이슨 청소기,다이슨 V7 플러피 청소기 막대 봉,거래완료,"10,000원",고아읍,2025-10-14,0,0,0,36.5℃,중고나라판매자,생활가전,고아읍,[출처] 중고나라 | [분석모델] V7 | [모델근거] text_code | [원문링크] https://web.joongna.com/product/220278677
청소기,다이슨 청소기,다이슨 v8 무선청소기,거래완료,"80,000원",방화제3동,2025-10-13,0,0,0,36.5℃,중고나라판매자,생활가전,방화제3동,[출처] 중고나라 | [분석모델] V8 | [모델근거] text_code | [원문링크] https://web.joongna.com/product/220457545
청소기,다이슨 청소기,다이슨 V10 카본파이버 프로 무선청소기,예약중,"130,000원",안양3동,2025-10-13,0,0,0,36.5℃,중고나라판매자,생활가전,안양3동,[출처] 중고나라 | [분석모델] V10 | [모델근거] text_code | [원문링크] https://web.joongna.com/product/220655676
청소기,다이슨 청소기,다이슨 Wash G1 무선 물청소기,거래중,"430,000원",일직동,2025-10-13,0,0,0,36.5℃,중고나라판매자,생활가전,일직동,[출처] 중고나라 | [분석모델] WASH_G1 | [모델근거] text_variant | [원문링크] https://web.joongna.com/product/219669748
청소기,다이슨 청소기,다이슨v8청소기,거래완료,"41,000원",도림동,2025-10-12,0,0,0,36.5℃,중고나라판매자,생활가전,도림동,[출처] 중고나라 | [분석모델] V8 | [모델근거] text_code | [원문링크] https://web.joongna.com/product/220610461
청소기,다이슨 청소기,다이슨 청소기 v11 메인바디 세트 팝니다,거래완료,"120,000원",정관읍,2025-10-12,0,0,0,36.5℃,중고나라판매자,생활가전,정관읍,[출처] 중고나라 | [분석모델] V11 | [모델근거] text_code | [원문링크] https://web.joongna.com/product/220609138
청소기,다이슨 청소기,미개봉 새상품 / 448804-01 dyson 다이슨 V12s 디텍트 슬림 서브마린 컴플리트 무선청소기 새제품 팔아요.,거래완료,"930,000원",관문동,2025-10-11,0,0,0,36.5℃,중고나라판매자,생활가전,관문동,"[출처] 중고나라 | [분석모델] V12S | [모델근거] text_code | [원문설명] 📢 제목에 ""제조사/ 브랜드 명""과 ""상품명(ex. 3000시리즈 전동 면도기)”을 넣어 작성하면, 보다 빠른 판매가 가능합니다! 📢 게시글 작성 시 배송 방법에 “직거래”와 “내 위치” 설정할 경우, 보다 빠른 판매가 가능합니다! 🚨회원님의 거래 게시글을 노린 중고나라 운영진 사칭 피싱 사이트를 주의하세요🚨 * 택배박스도 뜯지않은 미개봉 새상품입니다. 선물로 받았는데 필요없어 팔아요. * 공홈 가격 1,290,000원 이고 950,000원 택포가격으로 팝니다. * 익일배송을 하지만 부득이하게 택배 박스를 구하는 시간으로 1~2일 늦어질 수 있습니다. * 네고 불가입니다. 찔러보기, 네고문자 답하지 않습니다. * 중고거래 특성상 구매 후 환불 불가입니다. * 택배 과정에서 발생한 모든 손상은 환불 불가입니다. * 직거래는 대구이고 안심번호로 문자 주시면 장소 알려드리겠습니다. * 카카오톡 유도 거래, 타사이트 유도거래 차단입니다. * 신중히 판단 후 정말 구매하실 분만 안심번호로 '문자' 바랍니다. * 중고나라 어플 안씁니다. 문의는 안심번호로 '문자' 먼저 주세요. | [원문링크] https://web.joongna.com/product/219418165"
청소기,다이슨 청소기,다이슨 무선청소기 sv12,거래완료,"60,000원",방화제3동,2025-10-11,0,0,0,36.5℃,중고나라판매자,생활가전,방화제3동,[출처] 중고나라 | [분석모델] SV12 | [모델근거] text_code | [원문링크] https://web.joongna.com/product/220564768
청소기,다이슨 청소기,다이슨 로봇청소기,거래중,"770,000원",가양제1동,2025-10-10,0,0,0,36.5℃,중고나라판매자,생활가전,가양제1동,[출처] 중고나라 | [분석모델] 제품군 공통 | [모델근거] product_group | [원문설명] 다른 사이트에서 상품등록 ❌ 안전거래만 ⭕️ 쿨거래시 네고 가능 ⭕️ 박스는 없고 여분 필터 새거 드려요 상태 최상입니다 본집 들어가게 되어서 급처해요 | [원문링크] https://web.joongna.com/product/213091013
청소기,다이슨 청소기,다이슨 v8 청소기 (새재품 미개봉),거래완료,"280,000원",,2025-10-05,0,0,0,36.5℃,중고나라판매자,생활가전,,[출처] 중고나라 | [분석모델] V8 | [모델근거] text_code | [원문링크] https://web.joongna.com/product/220397440
청소기,다이슨 청소기,다이슨 청소기 v12 새상품급 팝니다,거래완료,"398,000원",,2025-10-05,0,0,0,36.5℃,중고나라판매자,생활가전,,[출처] 중고나라 | [분석모델] V12 | [모델근거] text_code | [원문링크] https://web.joongna.com/product/220149737
청소기,다이슨 청소기,다이슨 청소기 v12 디텍트슬림 새제품,거래완료,"500,000원",,2025-10-04,0,0,0,36.5℃,중고나라판매자,생활가전,,[출처] 중고나라 | [분석모델] V12 | [모델근거] text_code | [원문링크] https://web.joongna.com/product/220153397
청소기,다이슨 청소기,다이슨 청소기 디지털슬림 배터리 세트팝니다,거래완료,"50,000원",,2025-10-03,0,0,0,36.5℃,중고나라판매자,생활가전,,[출처] 중고나라 | [분석모델] DIGITAL_SLIM | [모델근거] text_variant | [원문링크] https://web.joongna.com/product/220229550
청소기,다이슨 청소기,다이슨 옴니 글라이드 청소기,거래완료,"120,000원",,2025-10-03,0,0,0,36.5℃,중고나라판매자,생활가전,,[출처] 중고나라 | [분석모델] OMNI_GLIDE | [모델근거] text_variant | [원문링크] https://web.joongna.com/product/220336486
청소기,다이슨 청소기,다이슨 G1 청소기,거래완료,"450,000원",군포1동,2025-10-02,0,0,0,36.5℃,중고나라판매자,생활가전,군포1동,[출처] 중고나라 | [분석모델] 제품군 공통 | [모델근거] product_group | [원문설명] 상품명 : 다이슨 G1 청소기 사용횟수 : 0회 청소기는 많은데 선물받은거라 어떤건지 볼라고 결합만 해보고 놔뒀다가 한번도 안써보고 다시 포장한 상태입니다. 직거래 원합니다. | [원문링크] https://web.joongna.com/product/220324971
청소기,다이슨 청소기,다이슨 청소기 v11 팝니다,거래완료,"140,000원",정관읍,2025-09-30,0,0,0,36.5℃,중고나라판매자,생활가전,정관읍,[출처] 중고나라 | [분석모델] V11 | [모델근거] text_code | [원문링크] https://web.joongna.com/product/220268715
청소기,다이슨 청소기,다이슨무선청소기 v10 메인모터. 메인바디,거래완료,"55,000원",동백2동,2025-09-29,0,0,0,36.5℃,중고나라판매자,생활가전,동백2동,[출처] 중고나라 | [분석모델] V10 | [모델근거] text_code | [원문링크] https://web.joongna.com/product/220230881
청소기,다이슨 청소기,다이슨 펜슬백 청소기,거래완료,"550,000원",덕이동,2025-09-28,0,0,0,36.5℃,중고나라판매자,생활가전,덕이동,[출처] 중고나라 | [분석모델] PENCILVAC | [모델근거] text_variant | [원문링크] https://web.joongna.com/product/220190607
청소기,다이슨 청소기,다이슨 워시 G1 물걸레 청소기 판매해요.,거래완료,"400,000원",,2025-09-28,0,0,0,36.5℃,중고나라판매자,생활가전,,[출처] 중고나라 | [분석모델] WASH_G1 | [모델근거] text_variant | [원문링크] https://web.joongna.com/product/219895285
청소기,다이슨 청소기,다이슨 V10 플러피 청소기,거래완료,"100,000원",다사읍,2025-09-27,0,0,0,36.5℃,중고나라판매자,생활가전,다사읍,[출처] 중고나라 | [분석모델] V10 | [모델근거] text_code | [원문링크] https://web.joongna.com/product/220148623
청소기,다이슨 청소기,다이슨청소기 v10 풀셋팝니다,거래완료,"130,000원",와부읍,2025-09-27,0,0,0,36.5℃,중고나라판매자,생활가전,와부읍,[출처] 중고나라 | [분석모델] V10 | [모델근거] text_code | [원문링크] https://web.joongna.com/product/220142336
청소기,다이슨 청소기,새상품) 다이슨 청소기 플러피 콘,거래중,"750,000원",평촌동,2025-09-26,0,0,0,36.5℃,중고나라판매자,생활가전,평촌동,"[출처] 중고나라 | [분석모델] PENCILVAC | [모델근거] detail_text_variant | [원문설명] 다이슨 PencilVac Fluffycones (펜슬백 플러피 콘) 새상품 미개봉으로 신제품과 동일한 컨디션입니다. 다이슨에서 가장 슬림한 무선 청소기로 긴 머리카락 엉킴 없이 360도 구석구석 깔끔하게 청소 가능한 제품 입니다. * 제품명: 다이슨 PencilVac Fluffycones * 정가: 799,000 https://www.dyson.co.kr/fluffycones-black 네고, 반품, 환불 어렵고, 비대면 문고리 거래 가능합니다. 안양 평촌동 벌말초 근처이고, 입금 확인 후 상세주소 전달 드립니다. | [원문링크] https://web.joongna.com/product/220119886"
청소기,다이슨 청소기,다이슨 v10 청소기 판매,거래완료,"50,000원",별내동,2025-09-23,0,0,0,36.5℃,중고나라판매자,생활가전,별내동,[출처] 중고나라 | [분석모델] V10 | [모델근거] text_code | [원문링크] https://web.joongna.com/product/217078958
청소기,다이슨 청소기,v8 다이슨 청소기,거래완료,"120,000원",가정1동,2025-09-22,0,0,0,36.5℃,중고나라판매자,생활가전,가정1동,[출처] 중고나라 | [분석모델] V8 | [모델근거] text_code | [원문링크] https://web.joongna.com/product/218634828
청소기,다이슨 청소기,엘지 LG 코드제로 A9 청소기 버큠 오브제 비스포크 청소 무선청소 강력흡입다이슨 싸이킹 로보락 일렉트로,거래완료,"120,000원",청담동,2025-09-22,0,0,0,36.5℃,중고나라판매자,생활가전,청담동,"[출처] 중고나라 | [분석모델] CYCLONE | [모델근거] detail_text_variant | [원문설명] 개당가격입니다 문의시 제품명 알려주세요 13만착불 테팔 에어포스 360 TY5516KS 무선 청소기 버큠 핸디 다이슨 비스포크 오브제 제트 샤크 코드제로 A9 흡입력 좋고, 사용하기 편리해요 고밀도 공기청정필터 최고급라인 한국정식수입 360도 롤러로 매우 편히 사용 가볍습니다 전부 가볍게 분해 40만원대 제품 거의 사용안함 새상품급 컨디션 테스팅완료 매우 깨끗합니다 사진 구성 사진 참고 간편하게 사용 가능합니다 13만원착불 쿠쿠 CUCKOO 무선 파워청소기 버큠 무선청소 로봇 다이슨 비스포크 오브제 코드제로 A9 강력흡입 싸이킹 23년말구매 상태좋아요 필터청소완료 분리 청소 매우 쉬어요 흡입력최강 30만원대구매 고급라인 사진구성 디테일 사진참고 21만원착불 삼성 무선청소기 제트 청소기 버큠 싸이클론 로봇킹 비스포크 청소 무선청소 강력흡입 코드제로 A9 배터리2개 짱짱합니다 거치대 필터 먼지통 새상품급 테스팅완료 사진구성 사진확인 많이 쓰지 않아 상태 최고 12만원착불 일렉트로룩스 무선청소기 버큠 싸이킹 로보 로봇 무선 흡입 electrolux 비스포크 다이슨 오브제 코드제로 A9 - 모델명: WQ61-1EDB - 5단계 필터 시스템 - 배터리 용량: 2100mAh 상태는 사진 참고 사진구성확인 클리닝 청소 완료 새상품급 22만원착불 엘지 LG 코드제로 A9 청소기 버큠 오브제 비스포크 청소 무선청소 강력흡입다이슨 싸이킹 로보락 일렉트로 사진구성 신형입니다 필터깨끗 청소완료 배터리 1개 상태 굿 테스팅완료 개인입니다 가까운곳은 2만원추가시 집 문앞에 놓아드려요 (대신 분실 고장 이상등 책임지지 않습니다) 온리 직거래만 고화질 디테일한 사진 확인부탁드립니다 최우선 직거래 희망하며 판매자 미쳐 발견하지 못한 부분등 어떠한경우라도 중고 거래 특성상 환불 절대 불가능하니 신중한 거래 부탁드립니다. 디지털/가전들은 직접오셔서 꼭 테스팅후 가져가세요 사이즈는 직접오셔서 확인바랍니다 그럼에도 구매자의 요청으로 택배거래 가능하나 파손면책 동의 되어야 배송됩니다 강남구 청담동 직거래가능 소중한 시간 매너거래 부탁드려요 010-사구14-17삼구 | [원문링크] https://web.joongna.com/product/219944652"
청소기,다이슨 청소기,다이슨 최상급 청소기 Gen5 디텍트 컴플리드 (블루/코퍼) SV23 판매합니다.,거래완료,"690,000원",,2025-09-21,0,0,0,36.5℃,중고나라판매자,생활가전,,"[출처] 중고나라 | [분석모델] SV23 | [모델근거] text_code | [원문설명] 다이슨 최상급 청소기 Gen5 디텍트 컴플리드 (블루/코퍼) SV23 판매합니다. 얼마 사용하지 않았어요 해당 모델은 다이슨에서 가장 강하고 가장 좋은 청소기 라인업 모델 입니다. 최상급이에요 V12라인보다 상위에 있습니다. 색상: 블루 / 코퍼 모델: Gen5 Detect Complete (무선 스틱 청소기) 헤드에 레이저 감지(Detect) 기능 포함 → Fluffy Optic 클리너 헤드의 레이저 불빛으로 어두운 바닥에서도 미세 먼지까지 잘 보입니다. 정품 / 국내 정상 작동 상태 매우 좋음 모든 기능 정상 작동함 이전 모델인 V15 대비 Gen5의 강점 Dyson Gen5 Detect는 V15 Detect보다 레이저 조명이 더 밝고 넓은 범위의 먼지를 보여줌. 파워 버튼 방식 채택 → 트리거 방식보다 손가락/손목 부담 줄어듦. HEPA 전체 머신 필터링으로 미세 입자, 알레르기 유발 물질 차단 능력 향상됨. 배터리 효율 높아짐 / 약 최대 70분 사용 가능(모드 및 사용 환경에 따라 다름). 정품 스탠드 포함 구성품 완비 (헤드, 본체, 충전기 그리고 추가 툴) 보증기간 및 보증 관련 자료는 사진 참고 직거래 장소: 서울 동대문구 장안동 관심 있으신 분들은 연락 주세요! 🚨회원님의 거래 게시글을 노린 중고나라 운영진 사칭 피싱 사이트를 주의하세요🚨다이슨 Gen5 디텍트 컴플리트 (블루/코퍼)) SV2 | [원문링크] https://web.joongna.com/product/219889966"
청소기,다이슨 청소기,다이슨 무선청소기 일루미네이션 디텍트,거래완료,"150,000원",방학제1동,2025-09-21,0,0,0,36.5℃,중고나라판매자,생활가전,방학제1동,"[출처] 중고나라 | [분석모델] 제품군 공통 | [모델근거] product_group | [원문설명] 다이슨 무선청소기 일루미네이션 디텍트 전체적으로 사용감은 사진으로 확인해주세요 배터리는 방 3개 청소하는데 부족함 없는 수준입니다. 먼지 한톨 없이 분해 세척 및 기기 소독 완료된 제품으로 구입하세요. 꼼꼼하게 완전 분해해서 청소 세척해놔서 먼지통에 국밥 말아 먹을 수 있을 정도. ( ᐕ)੭ 새제품처럼 기분좋게 사용하실 수 있습니다. 청소 시작과 동시에 기분 좋은 향이 날거에요~♡ - 헤파 13등급 필터 탑재 - 일루미네이션 라이트 포함 - 콤비네이션 툴, 크래바스 노즐 포함 - 청소기 방향제 처리 - 공간절약 셀프 스탠드 포함 (못 안박아도 되고 혼자서 잘 서 있어요) 2011년 이후 14년 이상 1500개 이상 거래한 신용판매자입니다. 1년마다 한번씩 돌아오는 내무장관님 등짝 스매싱 피하기 위한 집안 클리어런스 세일입니다. 판매자 다른글보기로 다른 필요한 제품 함께 구매하시면 택배비 절약하실 수 있어요. 서울 방학역 가까우시면 직거래 가능합니다. (5만원 이상만) 부피가 크고 무거워서 택배비 5천원 구매자 부담입니다. 나머지 비용은 제가 댑니다. 배송료 입금 없고 별도로 언급 없으시면 착불로 보냅니다. 이 글을 보시고 계시다면 아직 판매되지 않은 상태입니다. 생업 중이다보니 카톡이나 쪽지, 덧글, 톡톡은 빠른 확인이 힘들어요. 대신 전화번호 문자주시면 비교적 빠른 답변 가능합니다. 010-4056-2374 급하지 않은 판매건으로 알아서 한번씩 가격 내립니다. 네고, 교환 문자 제발 주지 마세요. 답장 드리지 않습니다. 중고나라앱 사용 안합니다. 외부 사이트 거래 유도하는 문자나 채팅은 사기로 간주하고 다 차단합니다. | [원문링크] https://web.joongna.com/product/219875399"
청소기,다이슨 청소기,다이슨무선청소기 sv10 v8 풀세트 배터리 새제품,거래완료,"140,000원",,2025-09-20,0,0,0,36.5℃,중고나라판매자,생활가전,,[출처] 중고나라 | [분석모델] SV10 | [모델근거] text_code | [원문링크] https://web.joongna.com/product/219825116
청소기,다이슨 청소기,다이슨 무선 청소기,거래완료,"100,000원",방학제1동,2025-09-20,0,0,0,36.5℃,중고나라판매자,생활가전,방학제1동,"[출처] 중고나라 | [분석모델] 제품군 공통 | [모델근거] product_group | [원문설명] 다이슨 무선 청소기입니다 전체적으로 사용감은 사진으로 확인해주세요 배터리는 방 3개 청소하는데 부족함 없습니다. 남이 쓰던 중고 청소기... 머리카락 엉킴에 피부 각질 뭉쳐서 떡진 거에 벌레 사체까지 냄새까지 구역질 나옵니다. 먼지 한톨 없이 분해 세척 및 기기 소독 완료된 제품으로 구입하세요. 꼼꼼하게 완전 분해해서 청소 세척해놔서 먼지통에 국밥 말아 먹을 수 있을 정도. ( ᐕ)੭ 새제품처럼 기분좋게 사용하실 수 있습니다. 청소 시작과 동시에 기분 좋은 향이 날거에요~♡ - 헤파 13등급 필터 탑재 - 다이슨 트리거 락 장착 (레버만 댕겨주면 피로감 제로) - 콤비네이션 노즐 포함 - 청소기 방향제 처리 - 공간절약 셀프 스탠드 포함 (못 안박아도 되고 혼자서 잘 서 있어요) 2011년 이후 14년 이상 1500개 이상 거래한 신용판매자입니다. 1년마다 한번씩 돌아오는 내무장관님 등짝 스매싱 피하기 위한 집안 클리어런스 세일입니다. 판매자 다른글보기로 다른 필요한 제품 함께 구매하시면 택배비 절약하실 수 있어요. 서울 방학역 가까우시면 직거래 가능합니다. (5만원 이상만) 부피가 크고 무거워서 택배비 5천원 구매자 부담입니다. 나머지 비용은 제가 댑니다. 배송료 입금 없고 별도로 언급 없으시면 착불로 보냅니다. 이 글을 보시고 계시다면 아직 판매되지 않은 상태입니다. 생업 중이다보니 카톡이나 쪽지, 덧글, 톡톡은 빠른 확인이 힘들어요. 대신 전화번호 문자주시면 비교적 빠른 답변 가능합니다. 010-4056-2374 급하지 않은 판매건으로 알아서 한번씩 가격 내립니다. 네고, 교환 문자 제발 주지 마세요. 답장 드리지 않습니다. 중고나라앱 사용 안합니다. 외부 사이트 거래 유도하는 문자나 채팅은 사기로 간주하고 다 차단합니다. | [원문링크] https://web.joongna.com/product/219817494"
청소기,다이슨 청소기,다이슨무선청소기 v10 풀세트,거래완료,"180,000원",,2025-09-19,0,0,0,36.5℃,중고나라판매자,생활가전,,[출처] 중고나라 | [분석모델] V10 | [모델근거] text_code | [원문링크] https://web.joongna.com/product/219799647
청소기,다이슨 청소기,다이슨 V8 플러피 무선 청소기,거래완료,"85,000원",,2025-09-19,0,0,0,36.5℃,중고나라판매자,생활가전,,[출처] 중고나라 | [분석모델] V8 | [모델근거] text_code | [원문링크] https://web.joongna.com/product/219798461
청소기,다이슨 청소기,다이슨 V6 플러피 무선 청소기,거래완료,"110,000원",,2025-09-19,0,0,0,36.5℃,중고나라판매자,생활가전,,[출처] 중고나라 | [분석모델] V6 | [모델근거] text_code | [원문설명] 다이슨 V6 플러피 무선 청소기입니다 깨끗하고 성능 좋습니다 가볍고 무선이라 사용하기 편리합니다 구성품과 청소를 1개 더 드립니다 | [원문링크] https://web.joongna.com/product/219798305
청소기,다이슨 청소기,새상품 다이슨 청소기 다이슨 마이크로 니켈,거래완료,"360,000원",,2025-09-19,0,0,0,36.5℃,중고나라판매자,생활가전,,[출처] 중고나라 | [분석모델] V12 | [모델근거] detail_text_code | [원문설명] 두달전에 이사하면서 선물받음. 기존 V12쓰는데 손목아파서 마이크로 쓸까말까 두달 고민하다가 팝니다. 화물택배로 보내드려요 새상품 박스아예 뜯지도 않았어요 | [원문링크] https://web.joongna.com/product/219560321
청소기,다이슨 청소기,택포 다이슨 v7 v8 무선청소기 본체 싸이클론 단품,거래완료,"13,500원",,2025-09-16,0,0,0,36.5℃,중고나라판매자,생활가전,,[출처] 중고나라 | [분석모델] V7 | [모델근거] text_code | [원문링크] https://web.joongna.com/product/219085370
청소기,다이슨 청소기,다이슨무선청소기 v10.정품스탠드거치대포함,거래완료,"200,000원",,2025-09-16,0,0,0,36.5℃,중고나라판매자,생활가전,,[출처] 중고나라 | [분석모델] V10 | [모델근거] text_code | [원문링크] https://web.joongna.com/product/219606560
청소기,다이슨 청소기,다이슨 V10(SV12)무선청소기 풀세트,거래완료,"190,000원",,2025-09-16,0,0,0,36.5℃,중고나라판매자,생활가전,,[출처] 중고나라 | [분석모델] V10 | [모델근거] text_code | [원문링크] https://web.joongna.com/product/219569365
청소기,다이슨 청소기,다이슨dc62청소기 (밧데리 교체요망),거래완료,"50,000원",목감동,2025-09-16,0,0,0,36.5℃,중고나라판매자,생활가전,목감동,[출처] 중고나라 | [분석모델] DC62 | [모델근거] text_code | [원문링크] https://web.joongna.com/product/218656409
청소기,다이슨 청소기,다이슨유선청소기 DC22,거래완료,"30,000원",,2025-09-14,0,0,0,36.5℃,중고나라판매자,생활가전,,[출처] 중고나라 | [분석모델] DC22 | [모델근거] text_code | [원문링크] https://web.joongna.com/product/219468835
청소기,다이슨 청소기,다이슨 무선 청소기 파워트리거 그린라이트 거치대 포함,거래완료,"100,000원",방학제1동,2025-09-14,0,0,0,36.5℃,중고나라판매자,생활가전,방학제1동,"[출처] 중고나라 | [분석모델] 제품군 공통 | [모델근거] product_group | [원문설명] 다이슨 무선 청소기입니다 전체적으로 사용감은 사진으로 확인해주세요 배터리는 반년전 교체한 상태입니다. 남이 쓰던 중고 청소기... 머리카락 엉킴에 피부 각질 뭉쳐서 떡진 거에 벌레 사체까지 냄새까지 구역질 나옵니다. 먼지 한톨 없이 분해 세척 및 기기 소독 완료된 제품으로 구입하세요. 꼼꼼하게 완전 분해해서 청소 세척해놔서 먼지통에 국밥 말아 먹을 수 있을 정도. ( ᐕ)੭ 새제품처럼 기분좋게 사용하실 수 있습니다. 청소 시작과 동시에 기분 좋은 향이 날거에요~♡ - 다이슨 트리거 락 장착 (레버만 댕겨주면 피로감 제로) - 다용도 청소 노즐 포함 - 그린 라이트 장착 (먼지가 한눈에 청소하는 재미까지) - 셀프 거치대 포함 (벽에 못 안박고도 잘 서있어요) - 청소기 방향제 처리 직거래 / 택배도 가능합니다 한손에 들고 가실 수 있게 포장해놨습니다. 가까우면 댁앞까지 실어다 드려요~๑>ᴗ<๑ 2011년 이후 14년 이상 1500개 이상 거래한 신용판매자입니다. 1년마다 한번씩 돌아오는 내무장관님 등짝 스매싱 피하기 위한 집안 클리어런스 세일입니다. 판매자 다른글보기로 다른 필요한 제품 함께 구매하시면 택배비 절약하실 수 있어요. 서울 방학역 가까우시면 직거래 가능합니다. (5만원 이상만) 부피가 크고 무거워서 택배비 5천원 구매자 부담입니다. 나머지 비용은 제가 댑니다. 배송료 입금 없고 별도로 언급 없으시면 착불로 보냅니다. 이 글을 보시고 계시다면 아직 판매되지 않은 상태입니다. 생업 중이다보니 카톡이나 쪽지, 덧글, 톡톡은 빠른 확인이 힘들어요. 대신 전화번호 문자주시면 비교적 빠른 답변 가능합니다. 010-4056-2374 급하지 않은 판매건으로 알아서 한번씩 가격 내립니다. 네고, 교환 문자 제발 주지 마세요. 답장 드리지 않습니다. 중고나라앱 사용 안합니다. 외부 사이트 거래 유도하는 문자나 채팅은 사기로 간주하고 다 차단합니다. | [원문링크] https://web.joongna.com/product/219447427"
청소기,다이슨 청소기,다이슨 V6 무선 청소기 판매,거래완료,"40,000원",,2025-09-14,0,0,0,36.5℃,중고나라판매자,생활가전,,[출처] 중고나라 | [분석모델] V6 | [모델근거] text_code | [원문링크] https://web.joongna.com/product/219446927
청소기,다이슨 청소기,다이슨 V6 무선 청소기 풀셋,거래완료,"40,000원",광교1동,2025-09-14,0,0,0,36.5℃,중고나라판매자,생활가전,광교1동,[출처] 중고나라 | [분석모델] V6 | [모델근거] text_code | [원문링크] https://web.joongna.com/product/219360294
청소기,다이슨 청소기,다이슨 v8 무선 청소기 거치대 포함,거래완료,"100,000원",광교1동,2025-09-14,0,0,0,36.5℃,중고나라판매자,생활가전,광교1동,[출처] 중고나라 | [분석모델] V8 | [모델근거] text_code | [원문링크] https://web.joongna.com/product/219360252
청소기,다이슨 청소기,다이슨 V11 청소기 220 air watts,거래완료,"300,000원",,2025-09-14,0,0,0,36.5℃,중고나라판매자,생활가전,,[출처] 중고나라 | [분석모델] V11 | [모델근거] text_code | [원문링크] https://web.joongna.com/product/219425012
청소기,다이슨 청소기,다이슨 무선청소기 V12 디텍트 (2회사용),거래완료,"440,000원",,2025-09-14,0,0,0,36.5℃,중고나라판매자,생활가전,,[출처] 중고나라 | [분석모델] V12 | [모델근거] text_code | [원문링크] https://web.joongna.com/product/219417310
청소기,다이슨 청소기,다이슨 v8 무선청소기 팝니다,거래중,"120,000원",곡선동,2025-09-13,0,0,0,36.5℃,중고나라판매자,생활가전,곡선동,[출처] 중고나라 | [분석모델] V8 | [모델근거] text_code | [원문링크] https://web.joongna.com/product/219277983
청소기,다이슨 청소기,다이슨 무선 청소기 파워트리거 그린라이트 거치대 포함,거래완료,"100,000원",방학제1동,2025-09-13,0,0,0,36.5℃,중고나라판매자,생활가전,방학제1동,"[출처] 중고나라 | [분석모델] 제품군 공통 | [모델근거] product_group | [원문설명] 다이슨 무선 청소기입니다 전체적으로 사용감은 사진으로 확인해주세요 배터리는 반년전 교체한 상태입니다. 남이 쓰던 중고 청소기... 머리카락 엉킴에 피부 각질 뭉쳐서 떡진 거에 벌레 사체까지 냄새까지 구역질 나옵니다. 먼지 한톨 없이 분해 세척 및 기기 소독 완료된 제품으로 구입하세요. 꼼꼼하게 완전 분해해서 청소 세척해놔서 먼지통에 국밥 말아 먹을 수 있을 정도. ( ᐕ)੭ 새제품처럼 기분좋게 사용하실 수 있습니다. 청소 시작과 동시에 기분 좋은 향이 날거에요~♡ - 다이슨 트리거 락 장착 (레버만 댕겨주면 피로감 제로) - 다용도 청소 노즐 포함 - 그린 라이트 장착 (먼지가 한눈에 청소하는 재미까지) - 셀프 거치대 포함 (벽에 못 안박고도 잘 서있어요) - 청소기 방향제 처리 직거래 / 택배도 가능합니다 한손에 들고 가실 수 있게 포장해놨습니다. 가까우면 댁앞까지 실어다 드려요~๑>ᴗ<๑ 2011년 이후 14년 이상 1500개 이상 거래한 신용판매자입니다. 1년마다 한번씩 돌아오는 내무장관님 등짝 스매싱 피하기 위한 집안 클리어런스 세일입니다. 판매자 다른글보기로 다른 필요한 제품 함께 구매하시면 택배비 절약하실 수 있어요. 서울 방학역 가까우시면 직거래 가능합니다. (5만원 이상만) 부피가 크고 무거워서 택배비 5천원 구매자 부담입니다. 나머지 비용은 제가 댑니다. 배송료 입금 없고 별도로 언급 없으시면 착불로 보냅니다. 이 글을 보시고 계시다면 아직 판매되지 않은 상태입니다. 생업 중이다보니 카톡이나 쪽지, 덧글, 톡톡은 빠른 확인이 힘들어요. 대신 전화번호 문자주시면 비교적 빠른 답변 가능합니다. 010-4056-2374 급하지 않은 판매건으로 알아서 한번씩 가격 내립니다. 네고, 교환 문자 제발 주지 마세요. 답장 드리지 않습니다. 중고나라앱 사용 안합니다. 외부 사이트 거래 유도하는 문자나 채팅은 사기로 간주하고 다 차단합니다. | [원문링크] https://web.joongna.com/product/219364262"
청소기,다이슨 청소기,다이슨무선청소기 sv10 v8 풀세트 배터리 새제품,거래완료,"150,000원",,2025-09-12,0,0,0,36.5℃,중고나라판매자,생활가전,,[출처] 중고나라 | [분석모델] SV10 | [모델근거] text_code | [원문링크] https://web.joongna.com/product/219350367
청소기,다이슨 청소기,다이슨 청소기 파워트리거 + 그린라이트 + 거치대 포함,거래완료,"100,000원",방학제1동,2025-09-12,0,0,0,36.5℃,중고나라판매자,생활가전,방학제1동,"[출처] 중고나라 | [분석모델] 제품군 공통 | [모델근거] product_group | [원문설명] 다이슨 무선 청소기입니다 전체적으로 사용감은 사진으로 확인해주세요 배터리는 반년전 교체한 상태입니다. 남이 쓰던 중고 청소기... 머리카락 엉킴에 피부 각질 뭉쳐서 떡진 거에 벌레 사체까지 냄새까지 구역질 나옵니다. 먼지 한톨 없이 분해 세척 및 기기 소독 완료된 제품으로 구입하세요. 꼼꼼하게 완전 분해해서 청소 세척해놔서 먼지통에 국밥 말아 먹을 수 있을 정도. ( ᐕ)੭ 새제품처럼 기분좋게 사용하실 수 있습니다. 청소 시작과 동시에 기분 좋은 향이 날거에요~♡ - 다이슨 트리거 락 장착 (레버만 댕겨주면 피로감 제로) - 다용도 청소 노즐 포함 - 그린 라이트 장착 (먼지가 한눈에 청소하는 재미까지) - 충전 거치 스테이션 포함 - 셀프 거치대 포함 (벽에 못 안박고도 잘 서있어요) - 청소기 방향제 처리 직거래 / 택배도 가능합니다 한손에 들고 가실 수 있게 포장해놨습니다. 가까우면 댁앞까지 실어다 드려요~๑>ᴗ<๑ 2011년 이후 14년 이상 1500개 이상 거래한 신용판매자입니다. 1년마다 한번씩 돌아오는 내무장관님 등짝 스매싱 피하기 위한 집안 클리어런스 세일입니다. 판매자 다른글보기로 다른 필요한 제품 함께 구매하시면 택배비 절약하실 수 있어요. 서울 방학역 가까우시면 직거래 가능합니다. (5만원 이상만) 부피가 크고 무거워서 택배비 5천원 구매자 부담입니다. 나머지 비용은 제가 댑니다. 배송료 입금 없고 별도로 언급 없으시면 착불로 보냅니다. 이 글을 보시고 계시다면 아직 판매되지 않은 상태입니다. 생업 중이다보니 카톡이나 쪽지, 덧글, 톡톡은 빠른 확인이 힘들어요. 대신 전화번호 문자주시면 비교적 빠른 답변 가능합니다. 010-4056-2374 급하지 않은 판매건으로 알아서 한번씩 가격 내립니다. 네고, 교환 문자 제발 주지 마세요. 답장 드리지 않습니다. 중고나라앱 사용 안합니다. 외부 사이트 거래 유도하는 문자나 채팅은 사기로 간주하고 다 차단합니다. | [원문링크] https://web.joongna.com/product/219330388"
청소기,다이슨 청소기,다이슨 V8 무선청소기 본체,거래완료,"40,000원",,2025-09-12,0,0,0,36.5℃,중고나라판매자,생활가전,,[출처] 중고나라 | [분석모델] V8 | [모델근거] text_code | [원문링크] https://web.joongna.com/product/219324934
청소기,다이슨 청소기,다이슨 마이크로 무선청소기(니켈),거래완료,"420,000원",용암1동,2025-09-12,0,0,0,36.5℃,중고나라판매자,생활가전,용암1동,[출처] 중고나라 | [분석모델] 제품군 공통 | [모델근거] product_group | [원문설명] 다이슨 마이크로 무선청소기(니켈) - 새상품 입니다. | [원문링크] https://web.joongna.com/product/217462189
청소기,다이슨 청소기,다이슨 V8 슬림 플러피 플러스 무선 청소기,거래완료,"150,000원",광교1동,2025-09-11,0,0,0,36.5℃,중고나라판매자,생활가전,광교1동,[출처] 중고나라 | [분석모델] V8 | [모델근거] text_code | [원문링크] https://web.joongna.com/product/219289481
청소기,다이슨 청소기,다이슨 청소기V7 팝니다.,거래완료,"60,000원",,2025-09-11,0,0,0,36.5℃,중고나라판매자,생활가전,,[출처] 중고나라 | [분석모델] V7 | [모델근거] text_code | [원문링크] https://web.joongna.com/product/219237935
청소기,다이슨 청소기,다이슨 청소기V7 팝니다.,거래완료,"60,000원",,2025-09-10,0,0,0,36.5℃,중고나라판매자,생활가전,,[출처] 중고나라 | [분석모델] V7 | [모델근거] text_code | [원문링크] https://web.joongna.com/product/219186209
청소기,다이슨 청소기,다이슨무선청소기 v10.정품스탠드거치대포함,거래완료,"210,000원",,2025-09-10,0,0,0,36.5℃,중고나라판매자,생활가전,,[출처] 중고나라 | [분석모델] V10 | [모델근거] text_code | [원문링크] https://web.joongna.com/product/219163924
청소기,다이슨 청소기,배터리새상품)다이슨 정품 앱솔루트 무선청소기,거래완료,"145,000원",,2025-09-09,0,0,0,36.5℃,중고나라판매자,생활가전,,"[출처] 중고나라 | [분석모델] 제품군 공통 | [모델근거] product_group | [원문설명] 📢 제목에 ""제조사/ 브랜드 명""과 ""상품명(ex. 3000시리즈 전동 면도기)”을 넣어 작성하면, 보다 빠른 판매가 가능합니다! 📢 게시글 작성 시 배송 방법에 “직거래”와 “내 위치” 설정할 경우, 보다 빠른 판매가 가능합니다! 다이슨 무선 청소기 앱솔루트입니다. 틈새 브러쉬, 메인 브러쉬, 충전기, 벽거치대까지 빠짐없이 다 드립니다. 흡입력 좋고 사용하기 편리해서 만족하실 거예요. 다이슨중 최고로 안전성 높은 제품이며 배터리는 새것 미사용입니다 별도 문의 없으시면 바로 안전결제 부탁드려요! 기본적인 청소다해놔서 그냥 가져다 바로 쓰시면됩니다 고장없고 편안하게 쓰시면됩니다 중고 제품이니 생활기스및 세월의 흔적은 있을 수 있는 점 양해 부탁드리며.성능에 이상 있는경우가 아니면 교환 환불 어려운점 참고 바랍니다 주의사항 ) max모드시 배터리 수명이 빨리 닳으니 가급적 일반모드로 사용하시고, 가급적 방전시키지 마시기바랍니다 배터리 수명 급격히 떨어집니다. 추운날씨 외부 베란다 에서 보관시 방전 위험이 있습니다 사제거치대 필요하심 추가 만원에 드리겠습니다 🚨회원님의 거래 게시글을 노린 중고나라 운영진 사칭 피싱 사이트를 주의하세요🚨 | [원문링크] https://web.joongna.com/product/219141749"
청소기,다이슨 청소기,다이슨 Wash G1 무선청소기,거래완료,"300,000원",갈매동,2025-09-09,0,0,0,36.5℃,중고나라판매자,생활가전,갈매동,[출처] 중고나라 | [분석모델] WASH_G1 | [모델근거] text_variant | [원문링크] https://web.joongna.com/product/219139276
청소기,다이슨 청소기,다이슨 무선청소기 MICRO 1.5,거래완료,"230,000원",별내동,2025-09-09,0,0,0,36.5℃,중고나라판매자,생활가전,별내동,[출처] 중고나라 | [분석모델] MICRO_1.5KG | [모델근거] text_variant | [원문링크] https://web.joongna.com/product/218809236
청소기,다이슨 청소기,다이슨 펜슬백 플러피콘 무선청소기 새상품,거래완료,"690,000원",,2025-09-08,0,0,0,36.5℃,중고나라판매자,생활가전,,"[출처] 중고나라 | [분석모델] PENCILVAC | [모델근거] text_variant | [원문설명] 📢 제목에 ""제조사/ 브랜드 명""과 ""상품명(ex. 3000시리즈 전동 면도기)”을 넣어 작성하면, 보다 빠른 판매가 가능합니다! 📢 게시글 작성 시 배송 방법에 “직거래”와 “내 위치” 설정할 경우, 보다 빠른 판매가 가능합니다! 배송비포함 가격입니다. 직거래 원하시면 인천 . 안산 가능합니다 배송 전 제품이라 직거래는 제가 배송 받고 가능합니다. 🚨회원님의 거래 게시글을 노린 중고나라 운영진 사칭 피싱 사이트를 주의하세요🚨 | [원문링크] https://web.joongna.com/product/219078904"
청소기,다이슨 청소기,다이슨 무선 청소기,거래완료,"100,000원",방학제1동,2025-09-08,0,0,0,36.5℃,중고나라판매자,생활가전,방학제1동,"[출처] 중고나라 | [분석모델] 제품군 공통 | [모델근거] product_group | [원문설명] 다이슨 무선 청소기 판매합니다. 배터리는 반년 전 교체했습니다. 구성품은 본체, 긴 막대, 여러 종류의 청소 헤드, 필터, 충전기가 있습니다. 먼지 한톨 없이 분해 세척 및 기기 소독 완료된 제품으로 구입하세요. 꼼꼼하게 완전 분해해서 청소 세척해놔서 먼지통에 밥 말아 먹을 수 있을 정도. ( ᐕ)੭ 전체적인 사용감은 사진으로 확인해주세요 배터리는 반년전 교체한 상태입니다 새제품처럼 기분좋게 사용하실 수 있습니다. 청소 시작과 동시에 기분 좋은 향이 날거에요~♡ - 다이슨 파워 트리거 장착 (레버 당겨놓으면 손가락 스트레스 제로) - 핸디형으로 쓸 수 있는 크레바스 툴 포함 - 충전 거치 스테이션 포함 - 청소기 방향제 처리 2011년 이후 15년 이상 1500개 이상 거래한 신용판매자입니다. 1년마다 한번씩 돌아오는 내무장관님 등짝 스매싱 피하기 위한 집안 클리어런스 세일입니다. 판매자 다른글보기로 다른 필요한 제품 함께 구매하시면 택배비 절약하실 수 있어요. 서울 방학역 가까우시면 직거래 가능합니다. (5만원 이상만) 부피가 크고 무거워서 택배비 5천원 구매자 부담입니다. 나머지 비용은 제가 댑니다. 배송료 입금 없고 별도로 언급 없으시면 착불로 보냅니다. 이 글을 보시고 계시다면 아직 판매되지 않은 상태입니다. 생업 중이다보니 카톡이나 쪽지, 덧글, 톡톡은 빠른 확인이 힘들어요. 대신 전화번호 문자주시면 비교적 빠른 답변 가능합니다. 010-4056-2374 급하지 않은 판매건으로 알아서 한번씩 가격 내립니다. 네고, 교환 문자 제발 주지 마세요. 답장 드리지 않습니다. 중고나라앱 사용 안합니다. 외부 사이트 거래 유도하는 문자나 채팅은 사기로 간주하고 다 차단합니다. | [원문링크] https://web.joongna.com/product/219067508"
청소기,다이슨 청소기,배터리새상품)다이슨 정품 앱솔루트 무선청소기,거래완료,"145,000원",,2025-09-08,0,0,0,36.5℃,중고나라판매자,생활가전,,"[출처] 중고나라 | [분석모델] 제품군 공통 | [모델근거] product_group | [원문설명] 📢 제목에 ""제조사/ 브랜드 명""과 ""상품명(ex. 3000시리즈 전동 면도기)”을 넣어 작성하면, 보다 빠른 판매가 가능합니다! 📢 게시글 작성 시 배송 방법에 “직거래”와 “내 위치” 설정할 경우, 보다 빠른 판매가 가능합니다! 다이슨 무선 청소기 앱솔루트입니다. 틈새 브러쉬, 메인 브러쉬, 충전기, 벽거치대까지 빠짐없이 다 드립니다. 흡입력 좋고 사용하기 편리해서 만족하실 거예요. 다이슨중 최고로 안전성 높은 제품이며 배터리는 새것 미사용입니다 별도 문의 없으시면 바로 안전결제 부탁드려요! 기본적인 청소다해놔서 그냥 가져다 바로 쓰시면됩니다 고장없고 편안하게 쓰시면됩니다 중고 제품이니 생활기스및 세월의 흔적은 있을 수 있는 점 양해 부탁드리며.성능에 이상 있는경우가 아니면 교환 환불 어려운점 참고 바랍니다 주의사항 ) max모드시 배터리 수명이 빨리 닳으니 가급적 일반모드로 사용하시고, 가급적 방전시키지 마시기바랍니다 배터리 수명 급격히 떨어집니다. 추운날씨 외부 베란다 에서 보관시 방전 위험이 있습니다 사제거치대 필요하심 추가 만원에 드리겠습니다 🚨회원님의 거래 게시글을 노린 중고나라 운영진 사칭 피싱 사이트를 주의하세요🚨 | [원문링크] https://web.joongna.com/product/219062049"
청소기,다이슨 청소기,A급)초경량 초예쁨 다이슨 옴니 글라이드 무선청소기 풀세트,거래완료,"230,000원",,2025-09-08,0,0,0,36.5℃,중고나라판매자,생활가전,,[출처] 중고나라 | [분석모델] OMNI_GLIDE | [모델근거] text_variant | [원문링크] https://web.joongna.com/product/219062040
청소기,다이슨 청소기,다이슨무선청소기 v10.정품스탠드거치대포함,거래완료,"210,000원",,2025-09-08,0,0,0,36.5℃,중고나라판매자,생활가전,,[출처] 중고나라 | [분석모델] V10 | [모델근거] text_code | [원문링크] https://web.joongna.com/product/219060857
청소기,다이슨 청소기,다이슨 무선청소기 v6 모터헤드+ 정품 연결봉(완드봉),거래완료,"13,000원",,2025-09-07,0,0,0,36.5℃,중고나라판매자,생활가전,,[출처] 중고나라 | [분석모델] V6 | [모델근거] text_code | [원문링크] https://web.joongna.com/product/219018193
청소기,다이슨 청소기,배터리새상품)다이슨 정품 앱솔루트 무선청소기,거래완료,"145,000원",,2025-09-07,0,0,0,36.5℃,중고나라판매자,생활가전,,"[출처] 중고나라 | [분석모델] 제품군 공통 | [모델근거] product_group | [원문설명] 📢 제목에 ""제조사/ 브랜드 명""과 ""상품명(ex. 3000시리즈 전동 면도기)”을 넣어 작성하면, 보다 빠른 판매가 가능합니다! 📢 게시글 작성 시 배송 방법에 “직거래”와 “내 위치” 설정할 경우, 보다 빠른 판매가 가능합니다! 다이슨 무선 청소기 앱솔루트입니다. 틈새 브러쉬, 메인 브러쉬, 충전기, 벽거치대까지 빠짐없이 다 드립니다. 흡입력 좋고 사용하기 편리해서 만족하실 거예요. 다이슨중 최고로 안전성 높은 제품이며 배터리는 새것 미사용입니다 별도 문의 없으시면 바로 안전결제 부탁드려요! 기본적인 청소다해놔서 그냥 가져다 바로 쓰시면됩니다 고장없고 편안하게 쓰시면됩니다 중고 제품이니 생활기스및 세월의 흔적은 있을 수 있는 점 양해 부탁드리며.성능에 이상 있는경우가 아니면 교환 환불 어려운점 참고 바랍니다 주의사항 ) max모드시 배터리 수명이 빨리 닳으니 가급적 일반모드로 사용하시고, 가급적 방전시키지 마시기바랍니다 배터리 수명 급격히 떨어집니다. 추운날씨 외부 베란다 에서 보관시 방전 위험이 있습니다 사제거치대 필요하심 추가 만원에 드리겠습니다 🚨회원님의 거래 게시글을 노린 중고나라 운영진 사칭 피싱 사이트를 주의하세요🚨 | [원문링크] https://web.joongna.com/product/218990354"
청소기,다이슨 청소기,다이슨무선청소기 v11풀세트,거래완료,"250,000원",,2025-09-07,0,0,0,36.5℃,중고나라판매자,생활가전,,[출처] 중고나라 | [분석모델] V11 | [모델근거] text_code | [원문링크] https://web.joongna.com/product/218975512
청소기,다이슨 청소기,다이슨무선청소기 sv10 v8 풀세트 배터리 새제품,거래완료,"140,000원",,2025-09-07,0,0,0,36.5℃,중고나라판매자,생활가전,,[출처] 중고나라 | [분석모델] SV10 | [모델근거] text_code | [원문링크] https://web.joongna.com/product/218975416
청소기,다이슨 청소기,다이슨 옴니 글라이드 청소기 팝니다,거래완료,"180,000원",,2025-09-07,0,0,0,36.5℃,중고나라판매자,생활가전,,[출처] 중고나라 | [분석모델] OMNI_GLIDE | [모델근거] text_variant | [원문링크] https://web.joongna.com/product/218974689
청소기,다이슨 청소기,다이슨 V6 무선 청소기 판매,거래완료,"40,000원",,2025-09-06,0,0,0,36.5℃,중고나라판매자,생활가전,,[출처] 중고나라 | [분석모델] V6 | [모델근거] text_code | [원문링크] https://web.joongna.com/product/218962708
청소기,다이슨 청소기,다이슨 무선 청소기,거래완료,"100,000원",방학제1동,2025-09-06,0,0,0,36.5℃,중고나라판매자,생활가전,방학제1동,"[출처] 중고나라 | [분석모델] 제품군 공통 | [모델근거] product_group | [원문설명] 다이슨 무선 청소기 판매합니다. 배터리는 반년 전 교체했습니다. 구성품은 본체, 긴 막대, 여러 종류의 청소 헤드, 필터, 충전기가 있습니다. 먼지 한톨 없이 분해 세척 및 기기 소독 완료된 제품으로 구입하세요. 꼼꼼하게 완전 분해해서 청소 세척해놔서 먼지통에 밥 말아 먹을 수 있을 정도. ( ᐕ)੭ 전체적인 사용감은 사진으로 확인해주세요 배터리는 반년전 교체한 상태입니다 새제품처럼 기분좋게 사용하실 수 있습니다. 청소 시작과 동시에 기분 좋은 향이 날거에요~♡ - 다이슨 파워 트리거 장착 (레버 당겨놓으면 손가락 스트레스 제로) - 핸디형으로 쓸 수 있는 크레바스 툴 포함 - 충전 거치 스테이션 포함 - 청소기 방향제 처리 2011년 이후 15년 이상 1500개 이상 거래한 신용판매자입니다. 1년마다 한번씩 돌아오는 내무장관님 등짝 스매싱 피하기 위한 집안 클리어런스 세일입니다. 판매자 다른글보기로 다른 필요한 제품 함께 구매하시면 택배비 절약하실 수 있어요. 서울 방학역 가까우시면 직거래 가능합니다. (5만원 이상만) 부피가 크고 무거워서 택배비 5천원 구매자 부담입니다. 나머지 비용은 제가 댑니다. 배송료 입금 없고 별도로 언급 없으시면 착불로 보냅니다. 이 글을 보시고 계시다면 아직 판매되지 않은 상태입니다. 생업 중이다보니 카톡이나 쪽지, 덧글, 톡톡은 빠른 확인이 힘들어요. 대신 전화번호 문자주시면 비교적 빠른 답변 가능합니다. 010-4056-2374 급하지 않은 판매건으로 알아서 한번씩 가격 내립니다. 네고, 교환 문자 제발 주지 마세요. 답장 드리지 않습니다. 중고나라앱 사용 안합니다. 외부 사이트 거래 유도하는 문자나 채팅은 사기로 간주하고 다 차단합니다. | [원문링크] https://web.joongna.com/product/218955820"
청소기,다이슨 청소기,A급)초경량 초예쁨 다이슨 옴니 글라이드 무선청소기 풀세트,거래완료,"230,000원",,2025-09-06,0,0,0,36.5℃,중고나라판매자,생활가전,,[출처] 중고나라 | [분석모델] OMNI_GLIDE | [모델근거] text_variant | [원문링크] https://web.joongna.com/product/218935150
청소기,다이슨 청소기,A급)초경량 초예쁨 다이슨 옴니 글라이드 무선청소기 풀세트,거래완료,"230,000원",,2025-09-06,0,0,0,36.5℃,중고나라판매자,생활가전,,[출처] 중고나라 | [분석모델] OMNI_GLIDE | [모델근거] text_variant | [원문링크] https://web.joongna.com/product/218935189
청소기,다이슨 청소기,배터리새상품)다이슨 정품 앱솔루트 무선청소기,거래완료,"145,000원",,2025-09-06,0,0,0,36.5℃,중고나라판매자,생활가전,,"[출처] 중고나라 | [분석모델] 제품군 공통 | [모델근거] product_group | [원문설명] 📢 제목에 ""제조사/ 브랜드 명""과 ""상품명(ex. 3000시리즈 전동 면도기)”을 넣어 작성하면, 보다 빠른 판매가 가능합니다! 📢 게시글 작성 시 배송 방법에 “직거래”와 “내 위치” 설정할 경우, 보다 빠른 판매가 가능합니다! 다이슨 무선 청소기 앱솔루트입니다. 틈새 브러쉬, 메인 브러쉬, 충전기, 벽거치대까지 빠짐없이 다 드립니다. 흡입력 좋고 사용하기 편리해서 만족하실 거예요. 다이슨중 최고로 안전성 높은 제품이며 배터리는 새것 미사용입니다 별도 문의 없으시면 바로 안전결제 부탁드려요! 기본적인 청소다해놔서 그냥 가져다 바로 쓰시면됩니다 고장없고 편안하게 쓰시면됩니다 중고 제품이니 생활기스및 세월의 흔적은 있을 수 있는 점 양해 부탁드리며.성능에 이상 있는경우가 아니면 교환 환불 어려운점 참고 바랍니다 주의사항 ) max모드시 배터리 수명이 빨리 닳으니 가급적 일반모드로 사용하시고, 가급적 방전시키지 마시기바랍니다 배터리 수명 급격히 떨어집니다. 추운날씨 외부 베란다 에서 보관시 방전 위험이 있습니다 사제거치대 필요하심 추가 만원에 드리겠습니다 🚨회원님의 거래 게시글을 노린 중고나라 운영진 사칭 피싱 사이트를 주의하세요🚨 | [원문링크] https://web.joongna.com/product/218911135"
청소기,다이슨 청소기,A급)초경량 초예쁨 다이슨 옴니 글라이드 무선청소기 풀세트,거래완료,"230,000원",,2025-09-05,0,0,0,36.5℃,중고나라판매자,생활가전,,[출처] 중고나라 | [분석모델] OMNI_GLIDE | [모델근거] text_variant | [원문링크] https://web.joongna.com/product/218900723
청소기,다이슨 청소기,다이슨무선청소기 v11풀세트,거래완료,"250,000원",,2025-09-05,0,0,0,36.5℃,중고나라판매자,생활가전,,[출처] 중고나라 | [분석모델] V11 | [모델근거] text_code | [원문링크] https://web.joongna.com/product/218857432
청소기,다이슨 청소기,A급)초경량 초예쁨 다이슨 옴니 글라이드 무선청소기 풀세트,거래완료,"230,000원",,2025-09-04,0,0,0,36.5℃,중고나라판매자,생활가전,,[출처] 중고나라 | [분석모델] OMNI_GLIDE | [모델근거] text_variant | [원문링크] https://web.joongna.com/product/218831741
청소기,다이슨 청소기,다이슨 청소기 v12 팝니다,거래완료,"500,000원",,2025-09-04,0,0,0,36.5℃,중고나라판매자,생활가전,,[출처] 중고나라 | [분석모델] V12 | [모델근거] text_code | [원문링크] https://web.joongna.com/product/218802425
청소기,다이슨 청소기,다이슨 디지털 슬림 플러피 플러스 청소기 판매,거래완료,"200,000원",,2025-09-03,0,0,0,36.5℃,중고나라판매자,생활가전,,[출처] 중고나라 | [분석모델] DIGITAL_SLIM | [모델근거] text_variant | [원문링크] https://web.joongna.com/product/218766841
청소기,다이슨 청소기,다이슨 펜슬백 플러피 콘 무선청소기,거래중,"700,000원",,2025-09-03,0,0,0,36.5℃,중고나라판매자,생활가전,,"[출처] 중고나라 | [분석모델] PENCILVAC | [모델근거] text_variant | [원문설명] 📢 제목에 ""제조사/ 브랜드 명""과 ""상품명(ex. 3000시리즈 전동 면도기)”을 넣어 작성하면, 보다 빠른 판매가 가능합니다! 📢 게시글 작성 시 배송 방법에 “직거래”와 “내 위치” 설정할 경우, 보다 빠른 판매가 가능합니다! 배송비포함 가격입니다. 직거래 원하시면 인천 . 안산 가능합니다 배송 전 제품이라 직거래는 제가 배송 받고 가능합니다. 🚨회원님의 거래 게시글을 노린 중고나라 운영진 사칭 피싱 사이트를 주의하세요🚨 | [원문링크] https://web.joongna.com/product/218722484"
청소기,다이슨 청소기,다이슨 펜슬백 플러피 콘 무선청소기,거래완료,"700,000원",,2025-09-02,0,0,0,36.5℃,중고나라판매자,생활가전,,"[출처] 중고나라 | [분석모델] PENCILVAC | [모델근거] text_variant | [원문설명] 📢 제목에 ""제조사/ 브랜드 명""과 ""상품명(ex. 3000시리즈 전동 면도기)”을 넣어 작성하면, 보다 빠른 판매가 가능합니다! 📢 게시글 작성 시 배송 방법에 “직거래”와 “내 위치” 설정할 경우, 보다 빠른 판매가 가능합니다! 배송비포함 가격입니다. 직거래 원하시면 인천 . 안산 가능합니다 배송 전 제품이라 직거래는 제가 배송 받고 가능합니다. 🚨회원님의 거래 게시글을 노린 중고나라 운영진 사칭 피싱 사이트를 주의하세요🚨 | [원문링크] https://web.joongna.com/product/218656628"
청소기,다이슨 청소기,A급)초경량 초예쁨 다이슨 옴니 글라이드 무선청소기 풀세트,거래완료,"230,000원",,2025-09-01,0,0,0,36.5℃,중고나라판매자,생활가전,,[출처] 중고나라 | [분석모델] OMNI_GLIDE | [모델근거] text_variant | [원문링크] https://web.joongna.com/product/218638359
청소기,다이슨 청소기,다이슨 디지털 슬림 플러피 플러스 무선 청소기,거래완료,"220,000원",,2025-08-31,0,0,0,36.5℃,중고나라판매자,생활가전,,[출처] 중고나라 | [분석모델] DIGITAL_SLIM | [모델근거] text_variant | [원문링크] https://web.joongna.com/product/218579737
청소기,다이슨 청소기,A급)초경량 초예쁨 다이슨 옴니 글라이드 무선청소기 풀세트,거래완료,"230,000원",,2025-08-31,0,0,0,36.5℃,중고나라판매자,생활가전,,[출처] 중고나라 | [분석모델] OMNI_GLIDE | [모델근거] text_variant | [원문링크] https://web.joongna.com/product/218554424
청소기,다이슨 청소기,A급)초경량 초예쁨 다이슨 옴니 글라이드 무선청소기 풀세트,거래완료,"230,000원",,2025-08-30,0,0,0,36.5℃,중고나라판매자,생활가전,,[출처] 중고나라 | [분석모델] OMNI_GLIDE | [모델근거] text_variant | [원문링크] https://web.joongna.com/product/218523661
청소기,다이슨 청소기,다이슨무선청소기 sv10 v8 풀세트.배터리새제품,거래완료,"150,000원",,2025-08-30,0,0,0,36.5℃,중고나라판매자,생활가전,,[출처] 중고나라 | [분석모델] SV10 | [모델근거] text_code | [원문링크] https://web.joongna.com/product/218485374
청소기,다이슨 청소기,다이슨무선청소기 옴니글라이드 판매,거래완료,"170,000원",,2025-08-30,0,0,0,36.5℃,중고나라판매자,생활가전,,[출처] 중고나라 | [분석모델] OMNI_GLIDE | [모델근거] text_variant | [원문링크] https://web.joongna.com/product/218483621
청소기,다이슨 청소기,다이슨 V6 무선 청소기,거래중,"100,000원",,2025-08-29,0,0,0,36.5℃,중고나라판매자,생활가전,,[출처] 중고나라 | [분석모델] V6 | [모델근거] text_code | [원문설명] 다 이선 V6 무선 청소기 집에서 깔끔하게 써서 키스도 없습니다. 잘 돌아가 구요. 배터리도 상태가 좋습니다. | [원문링크] https://web.joongna.com/product/217994345
청소기,다이슨 청소기,다이슨 로봇청소기 360 비즈 나브,거래완료,"900,000원",불당1동,2025-08-29,0,0,0,36.5℃,중고나라판매자,생활가전,불당1동,"[출처] 중고나라 | [분석모델] 360_VIS_NAV | [모델근거] text_variant | [원문설명] 📢 제목에 ""제조사/ 브랜드 명""과 ""상품명(ex. 3000시리즈 전동 면도기)”을 넣어 작성하면, 보다 빠른 판매가 가능합니다! 📢 게시글 작성 시 배송 방법에 “직거래”와 “내 위치” 설정할 다이슨 로봇청소기 360 비즈 나브 미개봉 새상품 | [원문링크] https://web.joongna.com/product/218421415"
청소기,다이슨 청소기,다이슨무선청소기 v8본체,거래완료,"40,000원",,2025-08-28,0,0,0,36.5℃,중고나라판매자,생활가전,,[출처] 중고나라 | [분석모델] V8 | [모델근거] text_code | [원문링크] https://web.joongna.com/product/218395974
청소기,다이슨 청소기,다이슨 v10청소기,거래완료,"220,000원",,2025-08-28,0,0,0,36.5℃,중고나라판매자,생활가전,,[출처] 중고나라 | [분석모델] V10 | [모델근거] text_code | [원문링크] https://web.joongna.com/product/218378329
청소기,다이슨 청소기,다이슨 g1 물걸레청소기,거래완료,"480,000원",,2025-08-27,0,0,0,36.5℃,중고나라판매자,생활가전,,"[출처] 중고나라 | [분석모델] 제품군 공통 | [모델근거] product_group | [원문설명] 📢 제목에 ""제조사/ 브랜드 명""과 ""상품명(ex. 3000시리즈 전동 면도기)”을 넣어 작성하면, 보다 빠른 판매가 가능합니다! 📢 게시글 작성 시 배송 방법에 “직거래”와 “내 위치” 설정할 경우, 보다 빠른 판매가 가능합니다! 🚨회원님의 거래 게시글을 노린 중고나라 운영진 사칭 피싱 사이트를 주의하세요🚨 미사용 미개봉 입니다 택포48만원이고 에눌문의 답장안해요 | [원문링크] https://web.joongna.com/product/218339862"
청소기,다이슨 청소기,다이슨 레이저빔 나오는 무선 청소기 판매합니다.,거래완료,"200,000원",은행동,2025-08-27,0,0,0,36.5℃,중고나라판매자,생활가전,은행동,[출처] 중고나라 | [분석모델] 제품군 공통 | [모델근거] product_group | [원문설명] 직거래 경기도 시흥 은계지구 다이슨마이크로 제품중 성능이 제일 뛰어난 제품을 판매하고 있습니다. 레이저 빔 나오고 헤어스크툴 실사용3개월 정도 했고요 거치대 필름은 떼지도 않았습니다.기존 트리거 형태로 누르고 있는 상태로 작동 되는 게 아니고 물리적버튼방식으로 버튼누르기만 하면 작동됩니다. 급처하고 있으니 많은 연락 부탁드립니다. | [원문링크] https://web.joongna.com/product/218300442
청소기,다이슨 청소기,[대구] 다이슨 V11 무선 청소기 + 거치대 팝니다.,거래완료,"250,000원",유가읍,2025-08-27,0,0,0,36.5℃,중고나라판매자,생활가전,유가읍,[출처] 중고나라 | [분석모델] V11 | [모델근거] text_code | [원문링크] https://web.joongna.com/product/218187282
마미케어,메디큐브 부스터프로,메디큐브 부스터프로 미개봉새상품,거래중,"150,000원",,2026-08-27,0,0,0,36.5℃,중고나라판매자,뷰티/미용,,[출처] 중고나라 | [분석모델] BOOSTER_PRO | [모델근거] text_variant | [원문링크] https://web.joongna.com/product/225769284
마미케어,메디큐브 부스터프로,메디큐브 에이지알 부스터프로 짱구 에디션+글루타치온 앰플50ml+콜라겐 마스크팩 미개봉 새상품 뷰티디바이스,거래중,"270,000원",,2026-08-27,0,0,0,36.5℃,중고나라판매자,뷰티/미용,,[출처] 중고나라 | [분석모델] BOOSTER_PRO | [모델근거] text_variant | [원문링크] https://web.joongna.com/product/231884759
마미케어,메디큐브 부스터프로,메디큐브 부스터프로 헬로키티 에디션,거래중,"360,000원",,2026-08-27,0,0,0,36.5℃,중고나라판매자,뷰티/미용,,[출처] 중고나라 | [분석모델] BOOSTER_PRO | [모델근거] text_variant | [원문링크] https://web.joongna.com/product/231807554
마미케어,메디큐브 부스터프로,메디큐브 부스터프로 미니 화이트,거래중,"40,000원",,2026-08-27,0,0,0,36.5℃,중고나라판매자,뷰티/미용,,[출처] 중고나라 | [분석모델] BOOSTER_PRO_MINI | [모델근거] text_variant | [원문링크] https://web.joongna.com/product/231896440
마미케어,메디큐브 부스터프로,메디큐브 에이지알 부스터프로 짱구+히알루로닉 크림 50ml+콜라겐마스크팩 새상품 피부관리기기 뷰티디바이스,거래중,"270,000원",,2026-08-27,0,0,0,36.5℃,중고나라판매자,뷰티/미용,,[출처] 중고나라 | [분석모델] BOOSTER_PRO | [모델근거] text_variant | [원문링크] https://web.joongna.com/product/231890474
마미케어,메디큐브 부스터프로,메디큐브 에이지알 부스터 프로 미니플러스원조 디바이스 입문템 미개봉 팝니다,거래중,"90,000원",,2026-08-26,0,0,0,36.5℃,중고나라판매자,뷰티/미용,,[출처] 중고나라 | [분석모델] BOOSTER_PRO_MINI | [모델근거] text_variant | [원문링크] https://web.joongna.com/product/231889108
마미케어,메디큐브 부스터프로,메디큐브 에이지알 부스터프로 짱구 에디션 미개봉 새상품,거래중,"265,000원",,2026-08-26,0,0,0,36.5℃,중고나라판매자,뷰티/미용,,[출처] 중고나라 | [분석모델] BOOSTER_PRO | [모델근거] text_variant | [원문링크] https://web.joongna.com/product/231887302
마미케어,메디큐브 부스터프로,메디큐브 AGE-R 부스터 프로 짱구 에디션 새제품,거래중,"210,000원",양양읍,2026-08-26,0,0,0,36.5℃,중고나라판매자,뷰티/미용,양양읍,[출처] 중고나라 | [분석모델] BOOSTER_PRO | [모델근거] text_variant | [원문링크] https://web.joongna.com/product/231621646
마미케어,메디큐브 부스터프로,메디큐브 에이지알 부스터프로 패키지 (홈케어 미용기기 세트),거래중,"170,000원",,2026-08-26,0,0,0,36.5℃,중고나라판매자,뷰티/미용,,[출처] 중고나라 | [분석모델] BOOSTER_PRO | [모델근거] text_variant | [원문링크] https://web.joongna.com/product/229408944
마미케어,메디큐브 부스터프로,메디큐브 부스터프로 x2 미개봉,거래중,"235,000원",영종동,2026-08-26,0,0,0,36.5℃,중고나라판매자,뷰티/미용,영종동,[출처] 중고나라 | [분석모델] BOOSTER_PRO | [모델근거] text_variant | [원문링크] https://web.joongna.com/product/231875337
마미케어,메디큐브 부스터프로,메디큐브 부스터프로,거래완료,"70,000원",,2026-08-26,0,0,0,36.5℃,중고나라판매자,뷰티/미용,,[출처] 중고나라 | [분석모델] BOOSTER_PRO | [모델근거] text_variant | [원문링크] https://web.joongna.com/product/231869762
마미케어,메디큐브 부스터프로,메디큐브 에이지알 부스터프로,거래중,"200,000원",,2026-08-26,0,0,0,36.5℃,중고나라판매자,뷰티/미용,,[출처] 중고나라 | [분석모델] BOOSTER_PRO | [모델근거] text_variant | [원문링크] https://web.joongna.com/product/231458317
마미케어,메디큐브 부스터프로,[박스미개봉 정품]메디큐브 부스터프로 핑크에디션 새상품,거래중,"215,000원",거제면,2026-08-26,0,0,0,36.5℃,중고나라판매자,뷰티/미용,거제면,[출처] 중고나라 | [분석모델] BOOSTER_PRO | [모델근거] text_variant | [원문링크] https://web.joongna.com/product/231560333
마미케어,메디큐브 부스터프로,[박스미개봉 정품]메디큐브 부스터프로 핑크에디션 새상품,거래중,"215,000원",거제면,2026-08-26,0,0,0,36.5℃,중고나라판매자,뷰티/미용,거제면,[출처] 중고나라 | [분석모델] BOOSTER_PRO | [모델근거] text_variant | [원문링크] https://web.joongna.com/product/231696274
마미케어,메디큐브 부스터프로,메디큐브 에이지알 부스터프로,거래중,"120,000원",송파1동,2026-08-25,0,0,0,36.5℃,중고나라판매자,뷰티/미용,송파1동,[출처] 중고나라 | [분석모델] BOOSTER_PRO | [모델근거] text_variant | [원문링크] https://web.joongna.com/product/231440206
마미케어,메디큐브 부스터프로,메디큐브 부스터프로 쿠로미 에디션 (새상품),거래중,"290,000원",,2026-08-25,0,0,0,36.5℃,중고나라판매자,뷰티/미용,,[출처] 중고나라 | [분석모델] BOOSTER_PRO | [모델근거] text_variant | [원문링크] https://web.joongna.com/product/231441119
마미케어,메디큐브 부스터프로,메디큐브 부스터 프로,거래중,"150,000원",,2026-08-25,0,0,0,36.5℃,중고나라판매자,뷰티/미용,,[출처] 중고나라 | [분석모델] BOOSTER_PRO | [모델근거] text_variant | [원문링크] https://web.joongna.com/product/231834698
마미케어,메디큐브 부스터프로,미개봉 새상품 메디큐브 에이지알 부스터 프로 마이멜로디,거래중,"790,000원",,2026-08-24,0,0,0,36.5℃,중고나라판매자,뷰티/미용,,[출처] 중고나라 | [분석모델] BOOSTER_PRO | [모델근거] text_variant | [원문설명] 미개봉 새상품 입니다 | [원문링크] https://web.joongna.com/product/227772467
마미케어,메디큐브 부스터프로,메디큐브 부스터프로 짱구에디션,거래중,"120,000원",,2026-08-24,0,0,0,36.5℃,중고나라판매자,뷰티/미용,,[출처] 중고나라 | [분석모델] BOOSTER_PRO | [모델근거] text_variant | [원문링크] https://web.joongna.com/product/231815640
마미케어,메디큐브 부스터프로,메디큐브 부스터프로 미개봉 새상품,거래중,"150,000원",,2026-08-24,0,0,0,36.5℃,중고나라판매자,뷰티/미용,,[출처] 중고나라 | [분석모델] BOOSTER_PRO | [모델근거] text_variant | [원문링크] https://web.joongna.com/product/231773044
마미케어,메디큐브 부스터프로,메디큐브 부스터 프로 블랙 풀박스(공홈 구매),거래중,"240,000원",,2026-08-23,0,0,0,36.5℃,중고나라판매자,뷰티/미용,,[출처] 중고나라 | [분석모델] BOOSTER_PRO | [모델근거] text_variant | [원문링크] https://web.joongna.com/product/223736997
마미케어,메디큐브 부스터프로,(새제품)메디큐브 에이지알 부스터 프로 짱구 에디션 + 글루타치온 앰플,거래중,"290,000원",,2026-08-23,0,0,0,36.5℃,중고나라판매자,뷰티/미용,,[출처] 중고나라 | [분석모델] BOOSTER_PRO | [모델근거] text_variant | [원문링크] https://web.joongna.com/product/231286094
마미케어,메디큐브 부스터프로,메디큐브 부스터프로,거래중,"154,000원",,2026-08-23,0,0,0,36.5℃,중고나라판매자,뷰티/미용,,[출처] 중고나라 | [분석모델] BOOSTER_PRO | [모델근거] text_variant | [원문링크] https://web.joongna.com/product/231394981
마미케어,메디큐브 부스터프로,메디큐브 부스터프로,거래중,"110,000원",,2026-08-23,0,0,0,36.5℃,중고나라판매자,뷰티/미용,,[출처] 중고나라 | [분석모델] BOOSTER_PRO | [모델근거] text_variant | [원문링크] https://web.joongna.com/product/231777338
마미케어,메디큐브 부스터프로,메디큐브 에이지 알 부스터 프로 블랙 미개봉,거래중,"180,000원",중제1동,2026-08-22,0,0,0,36.5℃,중고나라판매자,뷰티/미용,중제1동,[출처] 중고나라 | [분석모델] BOOSTER_PRO | [모델근거] text_variant | [원문링크] https://web.joongna.com/product/230008275
마미케어,메디큐브 부스터프로,메디큐브 부스터프로 미니 화이트,거래중,"60,000원",,2026-08-22,0,0,0,36.5℃,중고나라판매자,뷰티/미용,,[출처] 중고나라 | [분석모델] BOOSTER_PRO_MINI | [모델근거] text_variant | [원문링크] https://web.joongna.com/product/231476874
마미케어,메디큐브 부스터프로,[미개봉 새상품] 메디큐브 에이지알 부스터 프로 핑크 에디션 + PDRN 젤 + 캡세트,거래중,"200,000원",,2026-08-21,0,0,0,36.5℃,중고나라판매자,뷰티/미용,,[출처] 중고나라 | [분석모델] BOOSTER_PRO | [모델근거] text_variant | [원문링크] https://web.joongna.com/product/231733598
마미케어,메디큐브 부스터프로,한정판 메디큐브 에이지알 부스터프로 짱구에디션,거래중,"370,000원",,2026-08-21,0,0,0,36.5℃,중고나라판매자,뷰티/미용,,[출처] 중고나라 | [분석모델] BOOSTER_PRO | [모델근거] text_variant | [원문링크] https://web.joongna.com/product/227538651
마미케어,메디큐브 부스터프로,메디큐브 부스터프로x2미개봉,거래중,"240,000원",,2026-08-21,0,0,0,36.5℃,중고나라판매자,뷰티/미용,,[출처] 중고나라 | [분석모델] BOOSTER_PRO | [모델근거] text_variant | [원문링크] https://web.joongna.com/product/230937601
마미케어,메디큐브 부스터프로,메디큐브 에이지알 부스터 프로 2 핑크,거래중,"230,000원",중계본동,2026-08-18,0,0,0,36.5℃,중고나라판매자,뷰티/미용,중계본동,[출처] 중고나라 | [분석모델] BOOSTER_PRO | [모델근거] text_variant | [원문링크] https://web.joongna.com/product/231656079
마미케어,메디큐브 부스터프로,메디큐브 에이지알 부스터 프로 미니 플러스,거래완료,"65,000원",,2026-08-17,0,0,0,36.5℃,중고나라판매자,뷰티/미용,,[출처] 중고나라 | [분석모델] BOOSTER_PRO_MINI | [모델근거] text_variant | [원문링크] https://web.joongna.com/product/231614398
마미케어,메디큐브 부스터프로,(미개봉) 메디큐브 에이지알 부스터 프로 옐로우,거래완료,"150,000원",,2026-08-17,0,0,0,36.5℃,중고나라판매자,뷰티/미용,,[출처] 중고나라 | [분석모델] BOOSTER_PRO | [모델근거] text_variant | [원문링크] https://web.joongna.com/product/231497353
마미케어,메디큐브 부스터프로,메디큐브 부스터프로 x2,거래완료,"190,000원",,2026-08-17,0,0,0,36.5℃,중고나라판매자,뷰티/미용,,[출처] 중고나라 | [분석모델] BOOSTER_PRO | [모델근거] text_variant | [원문링크] https://web.joongna.com/product/230507922
마미케어,메디큐브 부스터프로,메디큐브 부스터프로,거래중,"170,000원",,2026-08-16,0,0,0,36.5℃,중고나라판매자,뷰티/미용,,[출처] 중고나라 | [분석모델] BOOSTER_PRO | [모델근거] text_variant | [원문링크] https://web.joongna.com/product/228910613
마미케어,메디큐브 부스터프로,메디큐브 부스터프로x2미개봉,거래완료,"240,000원",,2026-08-16,0,0,0,36.5℃,중고나라판매자,뷰티/미용,,[출처] 중고나라 | [분석모델] BOOSTER_PRO | [모델근거] text_variant | [원문링크] https://web.joongna.com/product/231387769
마미케어,메디큐브 부스터프로,메디큐브 부스터프로 미개봉 새제품,거래중,"190,000원",,2026-08-16,0,0,0,36.5℃,중고나라판매자,뷰티/미용,,[출처] 중고나라 | [분석모델] BOOSTER_PRO | [모델근거] text_variant | [원문링크] https://web.joongna.com/product/230854639
마미케어,메디큐브 부스터프로,메디큐브 부스터프로 팔아요.,거래중,"150,000원",,2026-08-16,0,0,0,36.5℃,중고나라판매자,뷰티/미용,,[출처] 중고나라 | [분석모델] BOOSTER_PRO | [모델근거] text_variant | [원문링크] https://web.joongna.com/product/231591131
마미케어,메디큐브 부스터프로,메디큐브 에이지알 부스터프로 핑크 풀박스,거래중,"140,000원",,2026-08-15,0,0,0,36.5℃,중고나라판매자,뷰티/미용,,[출처] 중고나라 | [분석모델] BOOSTER_PRO | [모델근거] text_variant | [원문링크] https://web.joongna.com/product/229870285
마미케어,메디큐브 부스터프로,메디큐브 프로부스터X2 팝니다,거래중,"229,000원",,2026-08-15,0,0,0,36.5℃,중고나라판매자,뷰티/미용,,[출처] 중고나라 | [분석모델] BOOSTER_PRO | [모델근거] text_variant | [원문설명] 사놓고 한두번 사용 후 그대로 보관만 해놨습니다. 상태 완전 새상품이라해도 될 정도이고 메디큐브 사이트에서 36만원에 구매했습니다!! 택포로 엄청 저렴하게 올려놓으니 깔끔하게 계좌거래하실분만 연락주세용 | [원문링크] https://web.joongna.com/product/231403419
마미케어,메디큐브 부스터프로,[정품/풀박스] 메디큐브 에이지알 부스터 프로 (6 in 1 토탈케어) 판매합니다.,거래중,"130,000원",일운면,2026-08-15,0,0,0,36.5℃,중고나라판매자,뷰티/미용,일운면,[출처] 중고나라 | [분석모델] BOOSTER_PRO | [모델근거] text_variant | [원문링크] https://web.joongna.com/product/228664440
마미케어,메디큐브 부스터프로,메디큐브 AGE-R 에이지알 부스터 프로,거래중,"90,853원",,2026-08-15,0,0,0,36.5℃,중고나라판매자,뷰티/미용,,[출처] 중고나라 | [분석모델] BOOSTER_PRO | [모델근거] text_variant | [원문링크] https://web.joongna.com/product/231552026
마미케어,메디큐브 부스터프로,메디큐브 부스터 프로 헬로키티 에디션,거래중,"160,000원",장량동,2026-08-14,0,0,0,36.5℃,중고나라판매자,뷰티/미용,장량동,[출처] 중고나라 | [분석모델] BOOSTER_PRO | [모델근거] text_variant | [원문링크] https://web.joongna.com/product/230438671
마미케어,메디큐브 부스터프로,메디큐브 부스터프로 x2 미개봉,거래완료,"235,000원",영종동,2026-08-14,0,0,0,36.5℃,중고나라판매자,뷰티/미용,영종동,[출처] 중고나라 | [분석모델] BOOSTER_PRO | [모델근거] text_variant | [원문링크] https://web.joongna.com/product/231533279
마미케어,메디큐브 부스터프로,메디큐브 부스터프로(새상품),거래완료,"130,000원",남산4동,2026-08-14,0,0,0,36.5℃,중고나라판매자,뷰티/미용,남산4동,[출처] 중고나라 | [분석모델] BOOSTER_PRO | [모델근거] text_variant | [원문링크] https://web.joongna.com/product/231529323
마미케어,메디큐브 부스터프로,메디큐브 부스터프로 짱구에디션 미개봉,거래중,"219,000원",신장동,2026-08-13,0,0,0,36.5℃,중고나라판매자,뷰티/미용,신장동,[출처] 중고나라 | [분석모델] BOOSTER_PRO | [모델근거] text_variant | [원문링크] https://web.joongna.com/product/230887366
마미케어,메디큐브 부스터프로,미개봉) 메디큐브 부스터 프로 / 노랑,거래완료,"140,000원",방이1동,2026-08-13,0,0,0,36.5℃,중고나라판매자,뷰티/미용,방이1동,[출처] 중고나라 | [분석모델] BOOSTER_PRO | [모델근거] text_variant | [원문링크] https://web.joongna.com/product/231381667
마미케어,메디큐브 부스터프로,[메디큐브공식몰 구입]부스터프로미니 화이트색상부스터프로미니,거래중,"70,000원",,2026-08-12,0,0,0,36.5℃,중고나라판매자,뷰티/미용,,[출처] 중고나라 | [분석모델] BOOSTER_PRO_MINI | [모델근거] text_variant | [원문링크] https://web.joongna.com/product/229291150
마미케어,메디큐브 부스터프로,메디큐브 부스터프로 풀박,거래중,"140,000원",,2026-08-12,0,0,0,36.5℃,중고나라판매자,뷰티/미용,,[출처] 중고나라 | [분석모델] BOOSTER_PRO | [모델근거] text_variant | [원문링크] https://web.joongna.com/product/231147386
마미케어,메디큐브 부스터프로,메디큐브 에이지알 부스터 프로 블랙 (미개봉),거래완료,"150,000원",,2026-08-12,0,0,0,36.5℃,중고나라판매자,뷰티/미용,,[출처] 중고나라 | [분석모델] BOOSTER_PRO | [모델근거] text_variant | [원문링크] https://web.joongna.com/product/231114250
마미케어,메디큐브 부스터프로,메디큐브 부스터 프로 x2 핑크,거래완료,"220,000원",,2026-08-11,0,0,0,36.5℃,중고나라판매자,뷰티/미용,,[출처] 중고나라 | [분석모델] BOOSTER_PRO | [모델근거] text_variant | [원문링크] https://web.joongna.com/product/231463719
마미케어,메디큐브 부스터프로,(한정판) 메디큐브 에이지알 부스터프로 헬로키티 콜라보,거래중,"280,000원",,2026-08-11,0,0,0,36.5℃,중고나라판매자,뷰티/미용,,[출처] 중고나라 | [분석모델] BOOSTER_PRO | [모델근거] text_variant | [원문링크] https://web.joongna.com/product/230247644
마미케어,메디큐브 부스터프로,메디큐브 부스터프로 쿠로미 에디션,거래중,"170,000원",장안제1동,2026-08-11,0,0,0,36.5℃,중고나라판매자,뷰티/미용,장안제1동,[출처] 중고나라 | [분석모델] BOOSTER_PRO | [모델근거] text_variant | [원문링크] https://web.joongna.com/product/231448142
마미케어,메디큐브 부스터프로,메디큐브 부스터프로 x2 팝니다,거래완료,"150,000원",,2026-08-10,0,0,0,36.5℃,중고나라판매자,뷰티/미용,,[출처] 중고나라 | [분석모델] BOOSTER_PRO | [모델근거] text_variant | [원문링크] https://web.joongna.com/product/231318148
마미케어,메디큐브 부스터프로,메디큐브 에이지알 부스터 프로 풀박스,거래중,"175,000원",,2026-08-10,0,0,0,36.5℃,중고나라판매자,뷰티/미용,,[출처] 중고나라 | [분석모델] BOOSTER_PRO | [모델근거] text_variant | [원문링크] https://web.joongna.com/product/230230106
마미케어,메디큐브 부스터프로,메디큐브 부스터프로x2,거래중,"260,000원",,2026-08-08,0,0,0,36.5℃,중고나라판매자,뷰티/미용,,[출처] 중고나라 | [분석모델] BOOSTER_PRO | [모델근거] text_variant | [원문링크] https://web.joongna.com/product/228884338
마미케어,메디큐브 부스터프로,메디큐브 부스터프로 미니 핑크,거래중,"50,000원",,2026-08-07,0,0,0,36.5℃,중고나라판매자,뷰티/미용,,[출처] 중고나라 | [분석모델] BOOSTER_PRO_MINI | [모델근거] text_variant | [원문링크] https://web.joongna.com/product/231098915
마미케어,메디큐브 부스터프로,[박스미개봉 정품]메디큐브 부스터프로 핑크에디션 새상품,거래완료,"219,000원",거제면,2026-08-07,0,0,0,36.5℃,중고나라판매자,뷰티/미용,거제면,[출처] 중고나라 | [분석모델] BOOSTER_PRO | [모델근거] text_variant | [원문링크] https://web.joongna.com/product/230607773
마미케어,메디큐브 부스터프로,[한정판] 부스터프로 쿠로미 AGE-R 메디큐브,거래완료,"190,000원",,2026-08-06,0,0,0,36.5℃,중고나라판매자,뷰티/미용,,[출처] 중고나라 | [분석모델] BOOSTER_PRO | [모델근거] text_variant | [원문링크] https://web.joongna.com/product/231073700
마미케어,메디큐브 부스터프로,에이피알 메디큐브 에이지알 부스터 프로 뷰티 디바이스,거래완료,"100,000원",,2026-08-06,0,0,0,36.5℃,중고나라판매자,뷰티/미용,,[출처] 중고나라 | [분석모델] BOOSTER_PRO | [모델근거] text_variant | [원문링크] https://web.joongna.com/product/231299501
마미케어,메디큐브 부스터프로,메디큐브 에이지알 부스터프로 블랙 3/27일 구매,거래중,"150,000원",용호제3동,2026-08-05,0,0,0,36.5℃,중고나라판매자,뷰티/미용,용호제3동,[출처] 중고나라 | [분석모델] BOOSTER_PRO | [모델근거] text_variant | [원문링크] https://web.joongna.com/product/231288944
마미케어,메디큐브 부스터프로,메디큐브 부스터프로,거래중,"197,000원",,2026-08-04,0,0,0,36.5℃,중고나라판매자,뷰티/미용,,[출처] 중고나라 | [분석모델] BOOSTER_PRO | [모델근거] text_variant | [원문링크] https://web.joongna.com/product/222992133
마미케어,메디큐브 부스터프로,메디큐브 부스터 프로 X2,거래완료,"260,000원",,2026-08-03,0,0,0,36.5℃,중고나라판매자,뷰티/미용,,[출처] 중고나라 | [분석모델] BOOSTER_PRO | [모델근거] text_variant | [원문링크] https://web.joongna.com/product/231227753
마미케어,메디큐브 부스터프로,메디큐브 부스터프로x2미개봉,거래완료,"240,000원",,2026-08-03,0,0,0,36.5℃,중고나라판매자,뷰티/미용,,[출처] 중고나라 | [분석모델] BOOSTER_PRO | [모델근거] text_variant | [원문링크] https://web.joongna.com/product/230953868
마미케어,메디큐브 부스터프로,메디큐브 부스터프로(새상품),거래중,"190,000원",,2026-08-02,0,0,0,36.5℃,중고나라판매자,뷰티/미용,,[출처] 중고나라 | [분석모델] BOOSTER_PRO | [모델근거] text_variant | [원문링크] https://web.joongna.com/product/226334602
마미케어,메디큐브 부스터프로,[풀박스]메디큐브 부스터프로+뚜껑+부스터젤,거래중,"120,000원",진관동,2026-08-02,0,0,0,36.5℃,중고나라판매자,뷰티/미용,진관동,[출처] 중고나라 | [분석모델] BOOSTER_PRO | [모델근거] text_variant | [원문링크] https://web.joongna.com/product/226269908
마미케어,메디큐브 부스터프로,(미개봉 새제품) 메디큐브 AGE-R 부스터 프로 블랙,거래중,"160,000원",계산1동,2026-08-01,0,0,0,36.5℃,중고나라판매자,뷰티/미용,계산1동,[출처] 중고나라 | [분석모델] BOOSTER_PRO | [모델근거] text_variant | [원문링크] https://web.joongna.com/product/231166030
마미케어,메디큐브 부스터프로,메디큐브 부스터프로,거래완료,"60,000원",,2026-08-01,0,0,0,36.5℃,중고나라판매자,뷰티/미용,,[출처] 중고나라 | [분석모델] BOOSTER_PRO | [모델근거] text_variant | [원문링크] https://web.joongna.com/product/231165903
마미케어,메디큐브 부스터프로,메디큐브 부스터프로,거래중,"100,000원",,2026-07-31,0,0,0,36.5℃,중고나라판매자,뷰티/미용,,[출처] 중고나라 | [분석모델] BOOSTER_PRO | [모델근거] text_variant | [원문링크] https://web.joongna.com/product/231150420
마미케어,메디큐브 부스터프로,메디큐브 에이지알 부스터프로 쿠로미에디션,거래완료,"200,000원",화정2동,2026-07-30,0,0,0,36.5℃,중고나라판매자,뷰티/미용,화정2동,[출처] 중고나라 | [분석모델] BOOSTER_PRO | [모델근거] text_variant | [원문링크] https://web.joongna.com/product/231115653
마미케어,메디큐브 부스터프로,메디큐브 부스터프로,거래완료,"95,000원",,2026-07-30,0,0,0,36.5℃,중고나라판매자,뷰티/미용,,[출처] 중고나라 | [분석모델] BOOSTER_PRO | [모델근거] text_variant | [원문링크] https://web.joongna.com/product/231108018
마미케어,메디큐브 부스터프로,메디큐브 에이지알 부스터 프로(새제품),거래중,"190,000원",,2026-07-29,0,0,0,36.5℃,중고나라판매자,뷰티/미용,,[출처] 중고나라 | [분석모델] BOOSTER_PRO | [모델근거] text_variant | [원문링크] https://web.joongna.com/product/230480012
마미케어,메디큐브 부스터프로,(S급/무배/케이스 포함) 메디큐브 부스터프로 뷰티 디바이스,거래중,"99,000원",,2026-07-28,0,0,0,36.5℃,중고나라판매자,뷰티/미용,,[출처] 중고나라 | [분석모델] BOOSTER_PRO | [모델근거] text_variant | [원문링크] https://web.joongna.com/product/230169757
마미케어,메디큐브 부스터프로,메디큐브 부스터프로 x2 미개봉 새상품,거래완료,"240,000원",,2026-07-28,0,0,0,36.5℃,중고나라판매자,뷰티/미용,,[출처] 중고나라 | [분석모델] BOOSTER_PRO | [모델근거] text_variant | [원문링크] https://web.joongna.com/product/231064388
마미케어,메디큐브 부스터프로,메디큐브 에이지알 부스터프로 미개봉 새제품,거래완료,"100,000원",가양제1동,2026-07-28,0,0,0,36.5℃,중고나라판매자,뷰티/미용,가양제1동,[출처] 중고나라 | [분석모델] BOOSTER_PRO | [모델근거] text_variant | [원문링크] https://web.joongna.com/product/231048315
마미케어,메디큐브 부스터프로,메디큐브 부스터프로 핑크,거래완료,"100,000원",,2026-07-28,0,0,0,36.5℃,중고나라판매자,뷰티/미용,,[출처] 중고나라 | [분석모델] BOOSTER_PRO | [모델근거] text_variant | [원문링크] https://web.joongna.com/product/231010012
마미케어,메디큐브 부스터프로,메디큐브 부스터프로,거래완료,"96,000원",,2026-07-26,0,0,0,36.5℃,중고나라판매자,뷰티/미용,,[출처] 중고나라 | [분석모델] BOOSTER_PRO | [모델근거] text_variant | [원문링크] https://web.joongna.com/product/231002417
마미케어,메디큐브 부스터프로,급처!) 메디큐브 부스터 진동 클렌저 (부스터프로 미니 플러스),거래완료,"90,000원",,2026-07-24,0,0,0,36.5℃,중고나라판매자,뷰티/미용,,[출처] 중고나라 | [분석모델] BOOSTER_PRO_MINI | [모델근거] text_variant | [원문링크] https://web.joongna.com/product/230398196
마미케어,메디큐브 부스터프로,메디큐브 부스터프로 미니플러스 미개봉팝니다,거래중,"72,000원",신장동,2026-07-21,0,0,0,36.5℃,중고나라판매자,뷰티/미용,신장동,[출처] 중고나라 | [분석모델] BOOSTER_PRO_MINI | [모델근거] text_variant | [원문링크] https://web.joongna.com/product/230818555
마미케어,메디큐브 부스터프로,거의새것 메디큐브 에이지알 부스터 프로 헬로키티,거래중,"650,000원",,2026-07-20,0,0,0,36.5℃,중고나라판매자,뷰티/미용,,[출처] 중고나라 | [분석모델] BOOSTER_PRO | [모델근거] text_variant | [원문설명] 완전 새상품은 아니구요 거의 새상품 입니다 시중가 150만원 160만원대 | [원문링크] https://web.joongna.com/product/227233707
마미케어,메디큐브 부스터프로,메디큐브 부스터프로 핑크,거래중,"183,000원",,2026-07-20,0,0,0,36.5℃,중고나라판매자,뷰티/미용,,[출처] 중고나라 | [분석모델] BOOSTER_PRO | [모델근거] text_variant | [원문링크] https://web.joongna.com/product/230095646
마미케어,메디큐브 부스터프로,메디큐브 부스터 프로 한정판 헬로키티 에디션,거래중,"198,000원",마두2동,2026-07-19,0,0,0,36.5℃,중고나라판매자,뷰티/미용,마두2동,[출처] 중고나라 | [분석모델] BOOSTER_PRO | [모델근거] text_variant | [원문링크] https://web.joongna.com/product/230765241
마미케어,메디큐브 부스터프로,거의 새것 메디큐브 에이지알 부스터 프로 쿠로미 에디션,거래중,"800,000원",,2026-07-17,0,0,0,36.5℃,중고나라판매자,뷰티/미용,,[출처] 중고나라 | [분석모델] BOOSTER_PRO | [모델근거] text_variant | [원문설명] 1회 사용 거의 새것 | [원문링크] https://web.joongna.com/product/227348062
마미케어,메디큐브 부스터프로,미개봉 새상품 메디큐브 에이지알 부스터 프로 쿠로미 에디션,거래중,"950,000원",,2026-07-17,0,0,0,36.5℃,중고나라판매자,뷰티/미용,,[출처] 중고나라 | [분석모델] BOOSTER_PRO | [모델근거] text_variant | [원문설명] 국내정식발매제품 한정판 미개봉 새상품 | [원문링크] https://web.joongna.com/product/227347810
마미케어,메디큐브 부스터프로,메디큐브 에이지알 부스터프로 풀박스 새제품,거래중,"190,000원",태안읍,2026-07-16,0,0,0,36.5℃,중고나라판매자,뷰티/미용,태안읍,[출처] 중고나라 | [분석모델] BOOSTER_PRO | [모델근거] text_variant | [원문링크] https://web.joongna.com/product/230670530
마미케어,메디큐브 부스터프로,메디큐브 부스터프로 미개봉 새제품,거래완료,"190,000원",,2026-07-14,0,0,0,36.5℃,중고나라판매자,뷰티/미용,,[출처] 중고나라 | [분석모델] BOOSTER_PRO | [모델근거] text_variant | [원문링크] https://web.joongna.com/product/228886921
마미케어,메디큐브 부스터프로,메디큐브 부스터프로,거래완료,"80,000원",,2026-07-13,0,0,0,36.5℃,중고나라판매자,뷰티/미용,,[출처] 중고나라 | [분석모델] BOOSTER_PRO | [모델근거] text_variant | [원문링크] https://web.joongna.com/product/229934960
마미케어,메디큐브 부스터프로,메디큐브 부스터프로x2미개봉,거래완료,"240,000원",,2026-07-12,0,0,0,36.5℃,중고나라판매자,뷰티/미용,,[출처] 중고나라 | [분석모델] BOOSTER_PRO | [모델근거] text_variant | [원문링크] https://web.joongna.com/product/230556069
마미케어,메디큐브 부스터프로,미개봉 메디큐브 부스터프로 핑크,거래중,"180,000원",신정4동,2026-07-11,0,0,0,36.5℃,중고나라판매자,뷰티/미용,신정4동,[출처] 중고나라 | [분석모델] BOOSTER_PRO | [모델근거] text_variant | [원문링크] https://web.joongna.com/product/230515655
마미케어,메디큐브 부스터프로,메디큐브 에이지알 부스터 프로 미니 핑크,거래완료,"70,000원",,2026-07-10,0,0,0,36.5℃,중고나라판매자,뷰티/미용,,[출처] 중고나라 | [분석모델] BOOSTER_PRO_MINI | [모델근거] text_variant | [원문링크] https://web.joongna.com/product/230489114
마미케어,메디큐브 부스터프로,(새상품) 메디큐브 부스터 프로 라벤더,거래완료,"150,000원",,2026-07-09,0,0,0,36.5℃,중고나라판매자,뷰티/미용,,[출처] 중고나라 | [분석모델] BOOSTER_PRO | [모델근거] text_variant | [원문링크] https://web.joongna.com/product/230056715
마미케어,메디큐브 부스터프로,(새상품) 메디큐브 부스터프로x2 핑크,거래중,"245,000원",,2026-07-09,0,0,0,36.5℃,중고나라판매자,뷰티/미용,,[출처] 중고나라 | [분석모델] BOOSTER_PRO | [모델근거] text_variant | [원문링크] https://web.joongna.com/product/230446133
마미케어,메디큐브 부스터프로,새상품) 메디큐브 에이지알 부스터프로 X2 + 세럼 증정,거래중,"285,000원",논현2동,2026-07-08,0,0,0,36.5℃,중고나라판매자,뷰티/미용,논현2동,[출처] 중고나라 | [분석모델] BOOSTER_PRO | [모델근거] text_variant | [원문링크] https://web.joongna.com/product/227669235
마미케어,메디큐브 부스터프로,[새상품] 뷰티디바이스 메디큐브 부스터프로 짱구 한정판,거래완료,"170,000원",,2026-07-08,0,0,0,36.5℃,중고나라판매자,뷰티/미용,,[출처] 중고나라 | [분석모델] BOOSTER_PRO | [모델근거] text_variant | [원문링크] https://web.joongna.com/product/230258161
마미케어,메디큐브 부스터프로,메디큐브 에이지알 부스터프로 쿠로미 에디션,거래완료,"150,000원",,2026-07-04,0,0,0,36.5℃,중고나라판매자,뷰티/미용,,[출처] 중고나라 | [분석모델] BOOSTER_PRO | [모델근거] text_variant | [원문링크] https://web.joongna.com/product/229549903
마미케어,메디큐브 부스터프로,메디큐브 에이지알 부스터 프로 미니 짱구,거래중,"65,000원",여의동,2026-07-03,0,0,0,36.5℃,중고나라판매자,뷰티/미용,여의동,[출처] 중고나라 | [분석모델] BOOSTER_PRO_MINI | [모델근거] text_variant | [원문링크] https://web.joongna.com/product/230280020
마미케어,메디큐브 부스터프로,메디큐브 부스터프로x2미개봉,거래완료,"240,000원",,2026-07-02,0,0,0,36.5℃,중고나라판매자,뷰티/미용,,[출처] 중고나라 | [분석모델] BOOSTER_PRO | [모델근거] text_variant | [원문링크] https://web.joongna.com/product/230220900
마미케어,메디큐브 부스터프로,메디큐브 부스터프로X2 (미개봉 새상품),거래완료,"270,000원",군자동,2026-07-01,0,0,0,36.5℃,중고나라판매자,뷰티/미용,군자동,[출처] 중고나라 | [분석모델] BOOSTER_PRO | [모델근거] text_variant | [원문링크] https://web.joongna.com/product/230182966
마미케어,메디큐브 부스터프로,[S급/급처] 메디큐브 에이지알 부스터 프로 블랙,거래완료,"125,000원",,2026-07-01,0,0,0,36.5℃,중고나라판매자,뷰티/미용,,[출처] 중고나라 | [분석모델] BOOSTER_PRO | [모델근거] text_variant | [원문링크] https://web.joongna.com/product/229849748
마미케어,메디큐브 부스터프로,메디큐브 에이지알 부스터 프로 미니 클렌징기기,거래중,"120,000원",묵제2동,2026-06-29,0,0,0,36.5℃,중고나라판매자,뷰티/미용,묵제2동,[출처] 중고나라 | [분석모델] BOOSTER_PRO_MINI | [모델근거] text_variant | [원문링크] https://web.joongna.com/product/230138938
마미케어,메디큐브 부스터프로,메디큐브 부스터 프로,거래중,"130,000원",,2026-06-29,0,0,0,36.5℃,중고나라판매자,뷰티/미용,,[출처] 중고나라 | [분석모델] BOOSTER_PRO | [모델근거] text_variant | [원문링크] https://web.joongna.com/product/230129425
마미케어,메디큐브 부스터프로,[새상품/무배] 메디큐브 부스터프로 미니 플러스 베이지,거래완료,"87,000원",,2026-06-29,0,0,0,36.5℃,중고나라판매자,뷰티/미용,,[출처] 중고나라 | [분석모델] BOOSTER_PRO_MINI | [모델근거] text_variant | [원문링크] https://web.joongna.com/product/230113175
마미케어,메디큐브 부스터프로,메디큐브 부스터프로 26년구매제픔,거래완료,"100,000원",,2026-06-28,0,0,0,36.5℃,중고나라판매자,뷰티/미용,,[출처] 중고나라 | [분석모델] BOOSTER_PRO | [모델근거] text_variant | [원문링크] https://web.joongna.com/product/230111110
마미케어,메디큐브 부스터프로,메디큐브 부스터프로 핑크,거래중,"140,000원",,2026-06-28,0,0,0,36.5℃,중고나라판매자,뷰티/미용,,[출처] 중고나라 | [분석모델] BOOSTER_PRO | [모델근거] text_variant | [원문링크] https://web.joongna.com/product/229174775
마미케어,메디큐브 부스터프로,메디큐브 부스터프로,거래완료,"95,000원",,2026-06-28,0,0,0,36.5℃,중고나라판매자,뷰티/미용,,[출처] 중고나라 | [분석모델] BOOSTER_PRO | [모델근거] text_variant | [원문링크] https://web.joongna.com/product/230096290
마미케어,메디큐브 부스터프로,메디큐브 에이지알 부스터 프로 기기,거래중,"160,000원",,2026-06-27,0,0,0,36.5℃,중고나라판매자,뷰티/미용,,[출처] 중고나라 | [분석모델] BOOSTER_PRO | [모델근거] text_variant | [원문링크] https://web.joongna.com/product/230059370
마미케어,메디큐브 부스터프로,메디큐브 부스터 프로X2 조앤프렌즈 에디션 풀박스,거래완료,"280,000원",일산동,2026-06-27,0,0,0,36.5℃,중고나라판매자,뷰티/미용,일산동,[출처] 중고나라 | [분석모델] BOOSTER_PRO | [모델근거] text_variant | [원문링크] https://web.joongna.com/product/230047962
마미케어,메디큐브 부스터프로,((가격인하 안해요)) 메디큐브 에이지알 부스터 프로 핑크 풀박스,거래완료,"100,000원",,2026-06-26,0,0,0,36.5℃,중고나라판매자,뷰티/미용,,[출처] 중고나라 | [분석모델] BOOSTER_PRO | [모델근거] text_variant | [원문링크] https://web.joongna.com/product/228473679
마미케어,메디큐브 부스터프로,메디큐브 부스터프로 핑크 풀박,거래중,"190,000원",미사1동,2026-06-26,0,0,0,36.5℃,중고나라판매자,뷰티/미용,미사1동,[출처] 중고나라 | [분석모델] BOOSTER_PRO | [모델근거] text_variant | [원문링크] https://web.joongna.com/product/230035504
마미케어,메디큐브 부스터프로,메디큐브 부스터프로(풀박,거래중,"190,000원",,2026-06-25,0,0,0,36.5℃,중고나라판매자,뷰티/미용,,[출처] 중고나라 | [분석모델] BOOSTER_PRO | [모델근거] text_variant | [원문링크] https://web.joongna.com/product/229990878
마미케어,메디큐브 부스터프로,메디큐브 부스터프로,거래중,"140,000원",초지동,2026-06-25,0,0,0,36.5℃,중고나라판매자,뷰티/미용,초지동,[출처] 중고나라 | [분석모델] BOOSTER_PRO | [모델근거] text_variant | [원문링크] https://web.joongna.com/product/229985710
마미케어,메디큐브 부스터프로,S급) 메디큐브 부스터프로 풀박 구성 택포가능,거래완료,"120,000원",논현1동,2026-06-24,0,0,0,36.5℃,중고나라판매자,뷰티/미용,논현1동,[출처] 중고나라 | [분석모델] BOOSTER_PRO | [모델근거] text_variant | [원문링크] https://web.joongna.com/product/229976931
마미케어,메디큐브 부스터프로,메디큐브 부스터프로 짱구에디션 미개봉,거래중,"210,000원",우만1동,2026-06-24,0,0,0,36.5℃,중고나라판매자,뷰티/미용,우만1동,[출처] 중고나라 | [분석모델] BOOSTER_PRO | [모델근거] text_variant | [원문링크] https://web.joongna.com/product/229930154
마미케어,메디큐브 부스터프로,메디큐브 에이지알 부스터 프로 옐로우 (+마스크 팩),거래중,"180,000원",,2026-06-24,0,0,0,36.5℃,중고나라판매자,뷰티/미용,,[출처] 중고나라 | [분석모델] BOOSTER_PRO | [모델근거] text_variant | [원문링크] https://web.joongna.com/product/229949471
마미케어,메디큐브 부스터프로,메디큐브 부스터프로 핑크,거래중,"130,000원",,2026-06-22,0,0,0,36.5℃,중고나라판매자,뷰티/미용,,[출처] 중고나라 | [분석모델] BOOSTER_PRO | [모델근거] text_variant | [원문링크] https://web.joongna.com/product/229884400
마미케어,메디큐브 부스터프로,메디큐브 부스터 프로,거래완료,"90,000원",,2026-06-19,0,0,0,36.5℃,중고나라판매자,뷰티/미용,,[출처] 중고나라 | [분석모델] BOOSTER_PRO | [모델근거] text_variant | [원문링크] https://web.joongna.com/product/229810649
마미케어,메디큐브 부스터프로,메디큐브 에이지알 부스터 프로 블랙(드림: 혼바디 브이라인),거래중,"109,000원",,2026-06-19,0,0,0,36.5℃,중고나라판매자,뷰티/미용,,[출처] 중고나라 | [분석모델] BOOSTER_PRO | [모델근거] text_variant | [원문링크] https://web.joongna.com/product/229794910
마미케어,메디큐브 부스터프로,(미개봉 새상품) 정품 / 메디큐브 에이지알 부스터프로 핑크,거래완료,"180,000원",,2026-06-18,0,0,0,36.5℃,중고나라판매자,뷰티/미용,,[출처] 중고나라 | [분석모델] BOOSTER_PRO | [모델근거] text_variant | [원문링크] https://web.joongna.com/product/228278489
마미케어,메디큐브 부스터프로,[본체 미개봉 새상품] 메디큐브 에이지알 부스터 프로 헬로키티 헤드 포함,거래중,"250,000원",분평동,2026-06-17,0,0,0,36.5℃,중고나라판매자,뷰티/미용,분평동,[출처] 중고나라 | [분석모델] BOOSTER_PRO | [모델근거] text_variant | [원문링크] https://web.joongna.com/product/226718392
마미케어,메디큐브 부스터프로,메디큐브 에이지알 부스터 프로 옐로우에디션 미개봉새상품,거래중,"220,000원",,2026-06-17,0,0,0,36.5℃,중고나라판매자,뷰티/미용,,[출처] 중고나라 | [분석모델] BOOSTER_PRO | [모델근거] text_variant | [원문링크] https://web.joongna.com/product/225918891
마미케어,메디큐브 부스터프로,메디큐브 에이지알 부스터 프로 쿠로미 에디션,거래중,"190,000원",,2026-06-17,0,0,0,36.5℃,중고나라판매자,뷰티/미용,,[출처] 중고나라 | [분석모델] BOOSTER_PRO | [모델근거] text_variant | [원문링크] https://web.joongna.com/product/229212088
마미케어,메디큐브 부스터프로,메디큐브 에이지알 부스터 프로 핑크,거래완료,"110,000원",,2026-06-14,0,0,0,36.5℃,중고나라판매자,뷰티/미용,,[출처] 중고나라 | [분석모델] BOOSTER_PRO | [모델근거] text_variant | [원문링크] https://web.joongna.com/product/229632456
마미케어,메디큐브 부스터프로,메디큐브 부스터프로 블랙,거래완료,"90,000원",화원읍,2026-06-12,0,0,0,36.5℃,중고나라판매자,뷰티/미용,화원읍,[출처] 중고나라 | [분석모델] BOOSTER_PRO | [모델근거] text_variant | [원문링크] https://web.joongna.com/product/229583924
마미케어,메디큐브 부스터프로,메디큐브 부스터프로 미니,거래완료,"40,000원",,2026-06-12,0,0,0,36.5℃,중고나라판매자,뷰티/미용,,[출처] 중고나라 | [분석모델] BOOSTER_PRO_MINI | [모델근거] text_variant | [원문링크] https://web.joongna.com/product/227963582
마미케어,메디큐브 부스터프로,메디큐브 부스터 프로 X2 화이트 풀박스팝니다,거래완료,"230,000원",상남동,2026-06-11,0,0,0,36.5℃,중고나라판매자,뷰티/미용,상남동,[출처] 중고나라 | [분석모델] BOOSTER_PRO | [모델근거] text_variant | [원문링크] https://web.joongna.com/product/229549075
마미케어,메디큐브 부스터프로,"[미개봉/새상품] 메디큐브 에이지알 부스터프로, 히알루로닉 펩타이드 세럼",거래중,"200,000원",,2026-06-10,0,0,0,36.5℃,중고나라판매자,뷰티/미용,,[출처] 중고나라 | [분석모델] BOOSTER_PRO | [모델근거] text_variant | [원문링크] https://web.joongna.com/product/229407421
마미케어,메디큐브 부스터프로,메디큐브 에이지알 부스터 프로 블랙,거래중,"120,000원",,2026-06-10,0,0,0,36.5℃,중고나라판매자,뷰티/미용,,[출처] 중고나라 | [분석모델] BOOSTER_PRO | [모델근거] text_variant | [원문링크] https://web.joongna.com/product/229495013
마미케어,메디큐브 부스터프로,메디큐브 에이지알 부스터 프로 쿠로미 에디션,거래완료,"120,000원",상남동,2026-06-09,0,0,0,36.5℃,중고나라판매자,뷰티/미용,상남동,[출처] 중고나라 | [분석모델] BOOSTER_PRO | [모델근거] text_variant | [원문링크] https://web.joongna.com/product/229459239
마미케어,메디큐브 부스터프로,메디큐브 부스터 프로 미니 플러스 진동 클렌저,거래완료,"100,000원",신도림동,2026-06-06,0,0,0,36.5℃,중고나라판매자,뷰티/미용,신도림동,[출처] 중고나라 | [분석모델] BOOSTER_PRO_MINI | [모델근거] text_variant | [원문링크] https://web.joongna.com/product/229382244
마미케어,메디큐브 부스터프로,메디큐브 에이지알부스터프로,거래완료,"90,000원",,2026-06-06,0,0,0,36.5℃,중고나라판매자,뷰티/미용,,[출처] 중고나라 | [분석모델] BOOSTER_PRO | [모델근거] text_variant | [원문링크] https://web.joongna.com/product/229294044
마미케어,메디큐브 부스터프로,메디큐브 에이지알 부스터프로 미니 초음파 ldm,예약중,"30,100원",자양제3동,2026-06-04,0,0,0,36.5℃,중고나라판매자,뷰티/미용,자양제3동,[출처] 중고나라 | [분석모델] BOOSTER_PRO_MINI | [모델근거] text_variant | [원문링크] https://web.joongna.com/product/228814781
마미케어,메디큐브 부스터프로,메디큐브 AGE-R 부스터 프로 블랙 풀박스,거래중,"130,000원",,2026-06-04,0,0,0,36.5℃,중고나라판매자,뷰티/미용,,[출처] 중고나라 | [분석모델] BOOSTER_PRO | [모델근거] text_variant | [원문링크] https://web.joongna.com/product/229301845
마미케어,메디큐브 부스터프로,메디큐브 부스터프로 마이멜로디 에디션 미개봉,거래완료,"340,000원",가산동,2026-06-04,0,0,0,36.5℃,중고나라판매자,뷰티/미용,가산동,[출처] 중고나라 | [분석모델] BOOSTER_PRO | [모델근거] text_variant | [원문링크] https://web.joongna.com/product/229223666
마미케어,메디큐브 부스터프로,메디큐브 에이지알 부스터 프로 헬로키티 에디션,거래완료,"220,000원",화곡제1동,2026-06-03,0,0,0,36.5℃,중고나라판매자,뷰티/미용,화곡제1동,[출처] 중고나라 | [분석모델] BOOSTER_PRO | [모델근거] text_variant | [원문링크] https://web.joongna.com/product/229088219
마미케어,메디큐브 부스터프로,메디큐브 부스터 프로 핑크,거래완료,"120,000원",매탄3동,2026-06-03,0,0,0,36.5℃,중고나라판매자,뷰티/미용,매탄3동,[출처] 중고나라 | [분석모델] BOOSTER_PRO | [모델근거] text_variant | [원문링크] https://web.joongna.com/product/229253091
마미케어,메디큐브 부스터프로,메디큐브 부스터프로 미니플러스,거래중,"100,000원",,2026-06-02,0,0,0,36.5℃,중고나라판매자,뷰티/미용,,[출처] 중고나라 | [분석모델] BOOSTER_PRO_MINI | [모델근거] text_variant | [원문링크] https://web.joongna.com/product/229248677
마미케어,메디큐브 부스터프로,메디큐브 에이지알 부스터 프로 블랙 풀박스,거래중,"140,000원",백현동,2026-06-02,0,0,0,36.5℃,중고나라판매자,뷰티/미용,백현동,[출처] 중고나라 | [분석모델] BOOSTER_PRO | [모델근거] text_variant | [원문링크] https://web.joongna.com/product/229246150
마미케어,메디큐브 부스터프로,메디큐브 부스터프로 미니 플러스 짱구,거래완료,"65,000원",,2026-06-02,0,0,0,36.5℃,중고나라판매자,뷰티/미용,,[출처] 중고나라 | [분석모델] BOOSTER_PRO_MINI | [모델근거] text_variant | [원문링크] https://web.joongna.com/product/229237423
마미케어,메디큐브 부스터프로,메디큐브 에이지알 부스터 프로 짱구 에디션,거래중,"200,000원",진안동,2026-06-01,0,0,0,36.5℃,중고나라판매자,뷰티/미용,진안동,[출처] 중고나라 | [분석모델] BOOSTER_PRO | [모델근거] text_variant | [원문링크] https://web.joongna.com/product/229211833
마미케어,메디큐브 부스터프로,메디큐브 부스터프로 X2 핑크 미개봉 새상품,거래중,"300,000원",잠실7동,2026-05-31,0,0,0,36.5℃,중고나라판매자,뷰티/미용,잠실7동,[출처] 중고나라 | [분석모델] BOOSTER_PRO | [모델근거] text_variant | [원문링크] https://web.joongna.com/product/227719670
마미케어,메디큐브 부스터프로,메디큐브부스터프로 미니플러스+진동클렌저,거래완료,"80,000원",,2026-05-31,0,0,0,36.5℃,중고나라판매자,뷰티/미용,,[출처] 중고나라 | [분석모델] BOOSTER_PRO_MINI | [모델근거] text_variant | [원문링크] https://web.joongna.com/product/229120594
마미케어,메디큐브 부스터프로,(미개봉)메디큐브 신상 부스터프로x2 앰플포함,거래완료,"280,000원",,2026-05-31,0,0,0,36.5℃,중고나라판매자,뷰티/미용,,[출처] 중고나라 | [분석모델] BOOSTER_PRO | [모델근거] text_variant | [원문링크] https://web.joongna.com/product/229124424
마미케어,메디큐브 부스터프로,메디큐브 에이지알 부스터프로 잔망루피 에디션,거래완료,"140,000원",잠실4동,2026-05-30,0,0,0,36.5℃,중고나라판매자,뷰티/미용,잠실4동,[출처] 중고나라 | [분석모델] BOOSTER_PRO | [모델근거] text_variant | [원문링크] https://web.joongna.com/product/229137807
마미케어,메디큐브 부스터프로,메디큐브 부스터프로,거래중,"200,000원",취암동,2026-05-29,0,0,0,36.5℃,중고나라판매자,뷰티/미용,취암동,[출처] 중고나라 | [분석모델] BOOSTER_PRO | [모델근거] text_variant | [원문링크] https://web.joongna.com/product/227193240
마미케어,메디큐브 부스터프로,메디큐브 부스터프로X2,거래완료,"100,000원",,2026-05-28,0,0,0,36.5℃,중고나라판매자,뷰티/미용,,[출처] 중고나라 | [분석모델] BOOSTER_PRO | [모델근거] text_variant | [원문링크] https://web.joongna.com/product/229072256
마미케어,메디큐브 부스터프로,[새상품/무배] 메디큐브 부스터 프로 X2 화이트,거래완료,"280,000원",,2026-05-27,0,0,0,36.5℃,중고나라판매자,뷰티/미용,,[출처] 중고나라 | [분석모델] BOOSTER_PRO | [모델근거] text_variant | [원문링크] https://web.joongna.com/product/229049658
마미케어,메디큐브 부스터프로,[새상품/무배] 메디큐브 부스터 프로 X2 핑크,거래완료,"280,000원",,2026-05-27,0,0,0,36.5℃,중고나라판매자,뷰티/미용,,[출처] 중고나라 | [분석모델] BOOSTER_PRO | [모델근거] text_variant | [원문링크] https://web.joongna.com/product/229042154
마미케어,메디큐브 부스터프로,메디큐브 부스터프로,거래완료,"110,000원",미사2동,2026-05-27,0,0,0,36.5℃,중고나라판매자,뷰티/미용,미사2동,[출처] 중고나라 | [분석모델] BOOSTER_PRO | [모델근거] text_variant | [원문링크] https://web.joongna.com/product/229022083
마미케어,메디큐브 부스터프로,메디큐브 에이지알 부스터 프로,거래중,"220,000원",,2026-05-25,0,0,0,36.5℃,중고나라판매자,뷰티/미용,,[출처] 중고나라 | [분석모델] BOOSTER_PRO | [모델근거] text_variant | [원문링크] https://web.joongna.com/product/225738874
마미케어,메디큐브 부스터프로,메디큐브 헬로키티 부스터프로,거래완료,"150,000원",,2026-05-24,0,0,0,36.5℃,중고나라판매자,뷰티/미용,,[출처] 중고나라 | [분석모델] BOOSTER_PRO | [모델근거] text_variant | [원문링크] https://web.joongna.com/product/228845333
마미케어,메디큐브 부스터프로,메디큐브 에이지알 부스터 프로 미니플러스 진동 클렌저,거래중,"105,000원",아라동,2026-05-21,0,0,0,36.5℃,중고나라판매자,뷰티/미용,아라동,[출처] 중고나라 | [분석모델] BOOSTER_PRO_MINI | [모델근거] text_variant | [원문링크] https://web.joongna.com/product/228848804
마미케어,메디큐브 부스터프로,메디큐브 부스터프로 2,거래중,"270,000원",,2026-05-21,0,0,0,36.5℃,중고나라판매자,뷰티/미용,,[출처] 중고나라 | [분석모델] BOOSTER_PRO | [모델근거] text_variant | [원문링크] https://web.joongna.com/product/228833232
마미케어,메디큐브 부스터프로,메디큐브 에이지알 부스터 프로 미니 (카카오 프렌즈 춘식이 버전),거래완료,"55,000원",호원1동,2026-05-20,0,0,0,36.5℃,중고나라판매자,뷰티/미용,호원1동,[출처] 중고나라 | [분석모델] BOOSTER_PRO_MINI | [모델근거] text_variant | [원문링크] https://web.joongna.com/product/228813940
마미케어,메디큐브 부스터프로,메디큐브 에이지알 부스터 프로 X2 핑크 본품+세럼 판매합니다,거래완료,"280,000원",배방읍,2026-05-20,0,0,0,36.5℃,중고나라판매자,뷰티/미용,배방읍,[출처] 중고나라 | [분석모델] BOOSTER_PRO | [모델근거] text_variant | [원문링크] https://web.joongna.com/product/228376839
마미케어,메디큐브 부스터프로,메디큐브 부스터프로,거래중,"140,000원",,2026-05-18,0,0,0,36.5℃,중고나라판매자,뷰티/미용,,[출처] 중고나라 | [분석모델] BOOSTER_PRO | [모델근거] text_variant | [원문링크] https://web.joongna.com/product/226796589
마미케어,메디큐브 부스터프로,메디큐브 부스터프로 미니플러스,거래완료,"50,000원",,2026-05-17,0,0,0,36.5℃,중고나라판매자,뷰티/미용,,[출처] 중고나라 | [분석모델] BOOSTER_PRO_MINI | [모델근거] text_variant | [원문링크] https://web.joongna.com/product/228684570
마미케어,메디큐브 부스터프로,메디큐브 에이지알 부스터 프로 풀박스(1회 5분 사용) + 파우치 드림,거래완료,"130,000원",매교동,2026-05-17,0,0,0,36.5℃,중고나라판매자,뷰티/미용,매교동,[출처] 중고나라 | [분석모델] BOOSTER_PRO | [모델근거] text_variant | [원문링크] https://web.joongna.com/product/228678008
마미케어,메디큐브 부스터프로,메디큐브 부스터프로,거래중,"160,000원",,2026-05-16,0,0,0,36.5℃,중고나라판매자,뷰티/미용,,[출처] 중고나라 | [분석모델] BOOSTER_PRO | [모델근거] text_variant | [원문링크] https://web.joongna.com/product/228668888
마미케어,메디큐브 부스터프로,메디큐브 부스터 프로 블랙,거래완료,"90,000원",청담동,2026-05-16,0,0,0,36.5℃,중고나라판매자,뷰티/미용,청담동,[출처] 중고나라 | [분석모델] BOOSTER_PRO | [모델근거] text_variant | [원문링크] https://web.joongna.com/product/228602082
마미케어,메디큐브 부스터프로,메디큐브 부스터프로 디바이스,거래완료,"130,000원",,2026-05-14,0,0,0,36.5℃,중고나라판매자,뷰티/미용,,[출처] 중고나라 | [분석모델] BOOSTER_PRO | [모델근거] text_variant | [원문링크] https://web.joongna.com/product/227851478
마미케어,메디큐브 부스터프로,미개봉) 메디큐브 에이지알 부스터 프로,거래완료,"180,000원",오류제1동,2026-05-14,0,0,0,36.5℃,중고나라판매자,뷰티/미용,오류제1동,[출처] 중고나라 | [분석모델] BOOSTER_PRO | [모델근거] text_variant | [원문링크] https://web.joongna.com/product/228350266
마미케어,메디큐브 부스터프로,새상품 메디큐브 에이지알 부스터 프로 미니 핑크,거래완료,"50,000원",성안동,2026-05-13,0,0,0,36.5℃,중고나라판매자,뷰티/미용,성안동,[출처] 중고나라 | [분석모델] BOOSTER_PRO_MINI | [모델근거] text_variant | [원문링크] https://web.joongna.com/product/228558496
마미케어,메디큐브 부스터프로,메디큐브 에이지알 부스터 프로 짱구애디션,거래중,"200,000원",농성1동,2026-05-11,0,0,0,36.5℃,중고나라판매자,뷰티/미용,농성1동,[출처] 중고나라 | [분석모델] BOOSTER_PRO | [모델근거] text_variant | [원문링크] https://web.joongna.com/product/226694079
마미케어,메디큐브 부스터프로,[미개봉 새상품] 메디큐브 부스터프로 핑크 + 팩4장,거래완료,"179,000원",화곡본동,2026-05-11,0,0,0,36.5℃,중고나라판매자,뷰티/미용,화곡본동,[출처] 중고나라 | [분석모델] BOOSTER_PRO | [모델근거] text_variant | [원문링크] https://web.joongna.com/product/228165743
마미케어,메디큐브 부스터프로,메디큐브 에이지알 부스터 프로 헬로키티 에디션,거래중,"500,000원",,2026-05-10,0,0,0,36.5℃,중고나라판매자,뷰티/미용,,[출처] 중고나라 | [분석모델] BOOSTER_PRO | [모델근거] text_variant | [원문설명] 몇 번 안써서 거의 새 제품이구 작동 잘 됩니당 소독티슈 제외 풀박스예용 | [원문링크] https://web.joongna.com/product/227818551
마미케어,메디큐브 부스터프로,메디큐브 에이지알 부스터 프로 미용기기 (블랙 색상),거래중,"120,000원",,2026-05-10,0,0,0,36.5℃,중고나라판매자,뷰티/미용,,[출처] 중고나라 | [분석모델] BOOSTER_PRO | [모델근거] text_variant | [원문링크] https://web.joongna.com/product/226635419
마미케어,메디큐브 부스터프로,메디큐브 에이지알 부스터 프로 블랙,거래중,"140,000원",대학동,2026-05-10,0,0,0,36.5℃,중고나라판매자,뷰티/미용,대학동,[출처] 중고나라 | [분석모델] BOOSTER_PRO | [모델근거] text_variant | [원문링크] https://web.joongna.com/product/228447841
마미케어,메디큐브 부스터프로,메디큐브 부스터 프로 미니 카카오프렌즈 춘식이 에디션,거래완료,"52,000원",대학동,2026-05-10,0,0,0,36.5℃,중고나라판매자,뷰티/미용,대학동,[출처] 중고나라 | [분석모델] BOOSTER_PRO_MINI | [모델근거] text_variant | [원문링크] https://web.joongna.com/product/228447865
마미케어,메디큐브 부스터프로,메디큐브 에이지알 AGE-R 부스터프로 라벤더 에디션 풀박스,거래완료,"130,000원",,2026-05-10,0,0,0,36.5℃,중고나라판매자,뷰티/미용,,[출처] 중고나라 | [분석모델] BOOSTER_PRO | [모델근거] text_variant | [원문링크] https://web.joongna.com/product/226807876
마미케어,메디큐브 부스터프로,(택포) 메디큐브 에이지알 부스터프로 미니 플러스 새상품,거래완료,"85,000원",,2026-05-09,0,0,0,36.5℃,중고나라판매자,뷰티/미용,,[출처] 중고나라 | [분석모델] BOOSTER_PRO_MINI | [모델근거] text_variant | [원문링크] https://web.joongna.com/product/228423355
마미케어,메디큐브 부스터프로,메디큐브 부스터프로,거래중,"130,000원",,2026-05-07,0,0,0,36.5℃,중고나라판매자,뷰티/미용,,[출처] 중고나라 | [분석모델] BOOSTER_PRO | [모델근거] text_variant | [원문링크] https://web.joongna.com/product/228355235
마미케어,메디큐브 부스터프로,메디큐브 부스터프로미니,거래중,"70,000원",동백1동,2026-05-06,0,0,0,36.5℃,중고나라판매자,뷰티/미용,동백1동,[출처] 중고나라 | [분석모델] BOOSTER_PRO_MINI | [모델근거] text_variant | [원문링크] https://web.joongna.com/product/228289635
마미케어,메디큐브 부스터프로,메디큐브 에이지알 부스터프로 블랙 팝니다.,거래완료,"120,000원",청파동,2026-05-05,0,0,0,36.5℃,중고나라판매자,뷰티/미용,청파동,[출처] 중고나라 | [분석모델] BOOSTER_PRO | [모델근거] text_variant | [원문링크] https://web.joongna.com/product/228288286
마미케어,메디큐브 부스터프로,메디큐브 에이지알 부스터프로 판매,거래완료,"110,000원",,2026-05-04,0,0,0,36.5℃,중고나라판매자,뷰티/미용,,[출처] 중고나라 | [분석모델] BOOSTER_PRO | [모델근거] text_variant | [원문링크] https://web.joongna.com/product/227995588
마미케어,메디큐브 부스터프로,메디큐브 에이지알 부스터 프로 미니 핑크,거래중,"90,000원",,2026-05-04,0,0,0,36.5℃,중고나라판매자,뷰티/미용,,[출처] 중고나라 | [분석모델] BOOSTER_PRO_MINI | [모델근거] text_variant | [원문링크] https://web.joongna.com/product/228237738
마미케어,메디큐브 부스터프로,메디큐브 에이지알 부스터프로 한정판 짱구 에디션 미개봉 새제품,거래완료,"220,000원",,2026-05-04,0,0,0,36.5℃,중고나라판매자,뷰티/미용,,[출처] 중고나라 | [분석모델] BOOSTER_PRO | [모델근거] text_variant | [원문링크] https://web.joongna.com/product/227523115
마미케어,메디큐브 부스터프로,메디큐브 에이지알 부스터프로 풀셋+전용앰플,거래완료,"105,000원",,2026-05-04,0,0,0,36.5℃,중고나라판매자,뷰티/미용,,[출처] 중고나라 | [분석모델] BOOSTER_PRO | [모델근거] text_variant | [원문링크] https://web.joongna.com/product/228220150
마미케어,메디큐브 부스터프로,메디큐브 에이지알 부스터프로,거래중,"120,000원",의령읍,2026-05-03,0,0,0,36.5℃,중고나라판매자,뷰티/미용,의령읍,[출처] 중고나라 | [분석모델] BOOSTER_PRO | [모델근거] text_variant | [원문링크] https://web.joongna.com/product/228214642
마미케어,메디큐브 부스터프로,메디큐브 에이지알 부스터프로,거래완료,"130,000원",장전제1동,2026-05-03,0,0,0,36.5℃,중고나라판매자,뷰티/미용,장전제1동,[출처] 중고나라 | [분석모델] BOOSTER_PRO | [모델근거] text_variant | [원문링크] https://web.joongna.com/product/228175977
마미케어,메디큐브 부스터프로,[미개봉 새상품] 메디큐브 부스터프로 핑크,거래완료,"179,000원",화곡본동,2026-05-02,0,0,0,36.5℃,중고나라판매자,뷰티/미용,화곡본동,[출처] 중고나라 | [분석모델] BOOSTER_PRO | [모델근거] text_variant | [원문링크] https://web.joongna.com/product/228142985
마미케어,메디큐브 부스터프로,메디큐브 에이지알 부스터 프로 블랙 판매합니다,거래완료,"120,000원",,2026-05-01,0,0,0,36.5℃,중고나라판매자,뷰티/미용,,[출처] 중고나라 | [분석모델] BOOSTER_PRO | [모델근거] text_variant | [원문링크] https://web.joongna.com/product/227786233
마미케어,메디큐브 부스터프로,메디큐브 에이지알 부스터프로 미개봉 새상품,거래완료,"170,000원",송산2동,2026-04-30,0,0,0,36.5℃,중고나라판매자,뷰티/미용,송산2동,[출처] 중고나라 | [분석모델] BOOSTER_PRO | [모델근거] text_variant | [원문링크] https://web.joongna.com/product/227860920
마미케어,메디큐브 부스터프로,메디큐브 부스터프로 AGE-R,거래완료,"120,000원",,2026-04-30,0,0,0,36.5℃,중고나라판매자,뷰티/미용,,[출처] 중고나라 | [분석모델] BOOSTER_PRO | [모델근거] text_variant | [원문링크] https://web.joongna.com/product/227976132
마미케어,메디큐브 부스터프로,메디큐브 에이지알 부스터 프로 핑크에디션,거래완료,"140,000원",,2026-04-30,0,0,0,36.5℃,중고나라판매자,뷰티/미용,,[출처] 중고나라 | [분석모델] BOOSTER_PRO | [모델근거] text_variant | [원문링크] https://web.joongna.com/product/228018118
마미케어,메디큐브 부스터프로,메디큐브 부스터프로 미개봉 새제품 블랙색상,거래완료,"175,000원",,2026-04-28,0,0,0,36.5℃,중고나라판매자,뷰티/미용,,[출처] 중고나라 | [분석모델] BOOSTER_PRO | [모델근거] text_variant | [원문링크] https://web.joongna.com/product/228023523
마미케어,메디큐브 부스터프로,미개봉) 메디큐브 부스터 프로 미니 플러스 짱구에디션,거래완료,"95,000원",범안동,2026-04-28,0,0,0,36.5℃,중고나라판매자,뷰티/미용,범안동,[출처] 중고나라 | [분석모델] BOOSTER_PRO_MINI | [모델근거] text_variant | [원문링크] https://web.joongna.com/product/228021150
마미케어,메디큐브 부스터프로,메디큐브 에이지알 부스터 프로 미개봉,거래완료,"200,000원",,2026-04-28,0,0,0,36.5℃,중고나라판매자,뷰티/미용,,[출처] 중고나라 | [분석모델] BOOSTER_PRO | [모델근거] text_variant | [원문링크] https://web.joongna.com/product/227970884
마미케어,메디큐브 부스터프로,[새상품]메디큐브 에이지알 부스터프로+메디큐브 쿨링 마스크팩 4,거래완료,"210,000원",월피동,2026-04-26,0,0,0,36.5℃,중고나라판매자,뷰티/미용,월피동,[출처] 중고나라 | [분석모델] BOOSTER_PRO | [모델근거] text_variant | [원문링크] https://web.joongna.com/product/224879247
마미케어,메디큐브 부스터프로,메디큐브 에이지알 부스터프로 마이멜로디 에디션,예약중,"270,000원",세곡동,2026-04-26,0,0,0,36.5℃,중고나라판매자,뷰티/미용,세곡동,[출처] 중고나라 | [분석모델] BOOSTER_PRO | [모델근거] text_variant | [원문링크] https://web.joongna.com/product/227930788
마미케어,메디큐브 부스터프로,메디큐브 에이지알 부스터프로 x2 + 크림,거래완료,"270,000원",귀인동,2026-04-25,0,0,0,36.5℃,중고나라판매자,뷰티/미용,귀인동,[출처] 중고나라 | [분석모델] BOOSTER_PRO | [모델근거] text_variant | [원문링크] https://web.joongna.com/product/227883604
마미케어,메디큐브 부스터프로,메디큐브 부스터 프로 블랙 !,거래완료,"135,000원",미사1동,2026-04-23,0,0,0,36.5℃,중고나라판매자,뷰티/미용,미사1동,[출처] 중고나라 | [분석모델] BOOSTER_PRO | [모델근거] text_variant | [원문링크] https://web.joongna.com/product/227775364
마미케어,메디큐브 부스터프로,메디큐브 에이지알 부스터 프로 미니 핑크,거래중,"55,000원",,2026-04-23,0,0,0,36.5℃,중고나라판매자,뷰티/미용,,[출처] 중고나라 | [분석모델] BOOSTER_PRO_MINI | [모델근거] text_variant | [원문링크] https://web.joongna.com/product/227846506
마미케어,메디큐브 부스터프로,메디큐브 에이지알 부스터프로 X2 미개봉 + 수분크림,거래완료,"280,000원",율천동,2026-04-23,0,0,0,36.5℃,중고나라판매자,뷰티/미용,율천동,[출처] 중고나라 | [분석모델] BOOSTER_PRO | [모델근거] text_variant | [원문링크] https://web.joongna.com/product/227843256
마미케어,메디큐브 부스터프로,메디큐브 AGE-R 부스터 프로 핑크에디션 풀박 정품 + 헤드캡 + Pdrn 앰플,거래완료,"135,000원",용호제1동,2026-04-22,0,0,0,36.5℃,중고나라판매자,뷰티/미용,용호제1동,[출처] 중고나라 | [분석모델] BOOSTER_PRO | [모델근거] text_variant | [원문링크] https://web.joongna.com/product/227403868
마미케어,메디큐브 부스터프로,메디큐브 부스터프로 핑크 미개봉 새상품,거래완료,"170,000원",,2026-04-20,0,0,0,36.5℃,중고나라판매자,뷰티/미용,,[출처] 중고나라 | [분석모델] BOOSTER_PRO | [모델근거] text_variant | [원문링크] https://web.joongna.com/product/227715391
마미케어,메디큐브 부스터프로,메디큐브 부스터프로 미니 플러스 핑크,거래완료,"82,000원",면목제2동,2026-04-20,0,0,0,36.5℃,중고나라판매자,뷰티/미용,면목제2동,[출처] 중고나라 | [분석모델] BOOSTER_PRO_MINI | [모델근거] text_variant | [원문링크] https://web.joongna.com/product/227709978
마미케어,메디큐브 부스터프로,메디큐브 부스터 프로,거래완료,"100,000원",,2026-04-19,0,0,0,36.5℃,중고나라판매자,뷰티/미용,,[출처] 중고나라 | [분석모델] BOOSTER_PRO | [모델근거] text_variant | [원문링크] https://web.joongna.com/product/227702666
마미케어,메디큐브 부스터프로,메디큐브 부스터프로 미개봉 새제품,거래완료,"190,000원",,2026-04-18,0,0,0,36.5℃,중고나라판매자,뷰티/미용,,[출처] 중고나라 | [분석모델] BOOSTER_PRO | [모델근거] text_variant | [원문링크] https://web.joongna.com/product/226953273
마미케어,메디큐브 부스터프로,메디큐브 에이지알 부스터프로 테스트만해봄,거래완료,"130,000원",부림동,2026-04-16,0,0,0,36.5℃,중고나라판매자,뷰티/미용,부림동,[출처] 중고나라 | [분석모델] BOOSTER_PRO | [모델근거] text_variant | [원문링크] https://web.joongna.com/product/227582700
마미케어,메디큐브 부스터프로,메디큐브 에이지알 부스터프로 (풀박),거래완료,"100,000원",,2026-04-16,0,0,0,36.5℃,중고나라판매자,뷰티/미용,,[출처] 중고나라 | [분석모델] BOOSTER_PRO | [모델근거] text_variant | [원문링크] https://web.joongna.com/product/227573079
마미케어,메디큐브 부스터프로,메디큐브 부스터프로 x2,거래완료,"230,000원",,2026-04-16,0,0,0,36.5℃,중고나라판매자,뷰티/미용,,[출처] 중고나라 | [분석모델] BOOSTER_PRO | [모델근거] text_variant | [원문링크] https://web.joongna.com/product/227560013
마미케어,메디큐브 부스터프로,메디큐브 부스터프로 미니 플러스 짱구 미개봉 새제품,거래완료,"87,000원",,2026-04-15,0,0,0,36.5℃,중고나라판매자,뷰티/미용,,[출처] 중고나라 | [분석모델] BOOSTER_PRO_MINI | [모델근거] text_variant | [원문링크] https://web.joongna.com/product/227521156
마미케어,메디큐브 부스터프로,(미사용) 메디큐브 에이지알 부스터 프로 블랙,거래완료,"175,000원",갈현동,2026-04-11,0,0,0,36.5℃,중고나라판매자,뷰티/미용,갈현동,[출처] 중고나라 | [분석모델] BOOSTER_PRO | [모델근거] text_variant | [원문링크] https://web.joongna.com/product/226624621
마미케어,메디큐브 부스터프로,메디큐브 부스터프로,거래완료,"100,000원",,2026-04-10,0,0,0,36.5℃,중고나라판매자,뷰티/미용,,[출처] 중고나라 | [분석모델] BOOSTER_PRO | [모델근거] text_variant | [원문링크] https://web.joongna.com/product/227332535
마미케어,메디큐브 부스터프로,메디큐브 부스터프로,거래중,"160,000원",,2026-04-10,0,0,0,36.5℃,중고나라판매자,뷰티/미용,,[출처] 중고나라 | [분석모델] BOOSTER_PRO | [모델근거] text_variant | [원문링크] https://web.joongna.com/product/226496603
마미케어,메디큐브 부스터프로,메디큐브 부스터프로 핑크 미개봉 새상품 팝니다,거래완료,"205,000원",,2026-04-09,0,0,0,36.5℃,중고나라판매자,뷰티/미용,,[출처] 중고나라 | [분석모델] BOOSTER_PRO | [모델근거] text_variant | [원문링크] https://web.joongna.com/product/226615550
마미케어,메디큐브 부스터프로,메디큐브 부스터프로 스페셜에디션 팔아요,거래완료,"235,000원",,2026-04-09,0,0,0,36.5℃,중고나라판매자,뷰티/미용,,[출처] 중고나라 | [분석모델] BOOSTER_PRO | [모델근거] text_variant | [원문링크] https://web.joongna.com/product/227159520
마미케어,메디큐브 부스터프로,메디큐브 부스터프로 새상품 (26.04.01배송받음),거래완료,"190,000원",,2026-04-09,0,0,0,36.5℃,중고나라판매자,뷰티/미용,,[출처] 중고나라 | [분석모델] BOOSTER_PRO | [모델근거] text_variant | [원문링크] https://web.joongna.com/product/227298060
마미케어,메디큐브 부스터프로,메디큐브 부스터프로X2 화이트,거래완료,"270,000원",신당동,2026-04-07,0,0,0,36.5℃,중고나라판매자,뷰티/미용,신당동,[출처] 중고나라 | [분석모델] BOOSTER_PRO | [모델근거] text_variant | [원문링크] https://web.joongna.com/product/227216818
마미케어,메디큐브 부스터프로,메디큐브 부스터프로,거래완료,"100,000원",영등포동,2026-04-06,0,0,0,36.5℃,중고나라판매자,뷰티/미용,영등포동,[출처] 중고나라 | [분석모델] BOOSTER_PRO | [모델근거] text_variant | [원문링크] https://web.joongna.com/product/227187240
마미케어,메디큐브 부스터프로,메디큐브 부스터프로미니,거래완료,"35,000원",,2026-04-05,0,0,0,36.5℃,중고나라판매자,뷰티/미용,,[출처] 중고나라 | [분석모델] BOOSTER_PRO_MINI | [모델근거] text_variant | [원문링크] https://web.joongna.com/product/227151332
마미케어,메디큐브 부스터프로,메디큐브 에이지알 부스터프로 X2,거래완료,"270,000원",,2026-04-04,0,0,0,36.5℃,중고나라판매자,뷰티/미용,,[출처] 중고나라 | [분석모델] BOOSTER_PRO | [모델근거] text_variant | [원문링크] https://web.joongna.com/product/227107273
마미케어,메디큐브 부스터프로,[정품] 메디큐브 부스터프로 블랙,거래완료,"110,000원",,2026-04-03,0,0,0,36.5℃,중고나라판매자,뷰티/미용,,[출처] 중고나라 | [분석모델] BOOSTER_PRO | [모델근거] text_variant | [원문링크] https://web.joongna.com/product/227032783
마미케어,메디큐브 부스터프로,메디큐브 에이지알 부스터프로,거래완료,"159,000원",,2026-04-02,0,0,0,36.5℃,중고나라판매자,뷰티/미용,,[출처] 중고나라 | [분석모델] BOOSTER_PRO | [모델근거] text_variant | [원문링크] https://web.joongna.com/product/226946097
마미케어,메디큐브 부스터프로,메디큐브 에이지알 부스터프로,거래중,"160,000원",신월6동,2026-04-02,0,0,0,36.5℃,중고나라판매자,뷰티/미용,신월6동,[출처] 중고나라 | [분석모델] BOOSTER_PRO | [모델근거] text_variant | [원문링크] https://web.joongna.com/product/227018140
마미케어,메디큐브 부스터프로,메디큐브 부스터프로 미개봉 새제품,거래완료,"190,000원",,2026-03-31,0,0,0,36.5℃,중고나라판매자,뷰티/미용,,[출처] 중고나라 | [분석모델] BOOSTER_PRO | [모델근거] text_variant | [원문링크] https://web.joongna.com/product/226490583
마미케어,메디큐브 부스터프로,메디큐브 부스터프로x2 화이트,거래완료,"270,000원",,2026-03-30,0,0,0,36.5℃,중고나라판매자,뷰티/미용,,[출처] 중고나라 | [분석모델] BOOSTER_PRO | [모델근거] text_variant | [원문링크] https://web.joongna.com/product/226879906
마미케어,메디큐브 부스터프로,메디큐브 에이지알 부스터 프로 짱구 에디션 풀박스,거래중,"250,000원",,2026-03-26,0,0,0,36.5℃,중고나라판매자,뷰티/미용,,[출처] 중고나라 | [분석모델] BOOSTER_PRO | [모델근거] text_variant | [원문링크] https://web.joongna.com/product/226779410
마미케어,메디큐브 부스터프로,메디큐브 부스터 프로(핑크)(블랙),거래중,"160,000원",,2026-03-26,0,0,0,36.5℃,중고나라판매자,뷰티/미용,,[출처] 중고나라 | [분석모델] BOOSTER_PRO | [모델근거] text_variant | [원문링크] https://web.joongna.com/product/225327652
마미케어,메디큐브 부스터프로,메디큐브 부스터프로 쿠로미 에디션,거래완료,"230,000원",안암동,2026-03-26,0,0,0,36.5℃,중고나라판매자,뷰티/미용,안암동,[출처] 중고나라 | [분석모델] BOOSTER_PRO | [모델근거] text_variant | [원문링크] https://web.joongna.com/product/226756956
마미케어,메디큐브 부스터프로,메디큐브 에이지알 부스터 프로 블랙+글루타치온앰플2개,거래완료,"135,000원",,2026-03-25,0,0,0,36.5℃,중고나라판매자,뷰티/미용,,[출처] 중고나라 | [분석모델] BOOSTER_PRO | [모델근거] text_variant | [원문링크] https://web.joongna.com/product/226739994
마미케어,메디큐브 부스터프로,메디큐브 부스터프로,거래완료,"125,000원",,2026-03-25,0,0,0,36.5℃,중고나라판매자,뷰티/미용,,[출처] 중고나라 | [분석모델] BOOSTER_PRO | [모델근거] text_variant | [원문링크] https://web.joongna.com/product/226492960
마미케어,메디큐브 부스터프로,메디큐브 부스터프로 핑크 새상품,거래중,"200,000원",,2026-03-24,0,0,0,36.5℃,중고나라판매자,뷰티/미용,,[출처] 중고나라 | [분석모델] BOOSTER_PRO | [모델근거] text_variant | [원문링크] https://web.joongna.com/product/226305542
마미케어,메디큐브 부스터프로,메디큐브 부스터프로블랙(새상품),거래완료,"195,000원",,2026-03-24,0,0,0,36.5℃,중고나라판매자,뷰티/미용,,[출처] 중고나라 | [분석모델] BOOSTER_PRO | [모델근거] text_variant | [원문링크] https://web.joongna.com/product/226669763
마미케어,메디큐브 부스터프로,메디큐브 에이지알 부스터프로,거래중,"195,000원",,2026-03-22,0,0,0,36.5℃,중고나라판매자,뷰티/미용,,[출처] 중고나라 | [분석모델] BOOSTER_PRO | [모델근거] text_variant | [원문링크] https://web.joongna.com/product/226584855
마미케어,메디큐브 부스터프로,메디큐브 에이지알 부스터 프로 미니 플러스 핑크,거래완료,"105,000원",향남읍,2026-03-20,0,0,0,36.5℃,중고나라판매자,뷰티/미용,향남읍,[출처] 중고나라 | [분석모델] BOOSTER_PRO_MINI | [모델근거] text_variant | [원문링크] https://web.joongna.com/product/225807426
마미케어,메디큐브 부스터프로,메디큐브 부스터프로 미니(화이트),거래완료,"66,800원",동인천동,2026-03-20,0,0,0,36.5℃,중고나라판매자,뷰티/미용,동인천동,[출처] 중고나라 | [분석모델] BOOSTER_PRO_MINI | [모델근거] text_variant | [원문링크] https://web.joongna.com/product/226518689
마미케어,메디큐브 부스터프로,메디큐브 부스터프로,거래완료,"130,000원",,2026-03-19,0,0,0,36.5℃,중고나라판매자,뷰티/미용,,[출처] 중고나라 | [분석모델] BOOSTER_PRO | [모델근거] text_variant | [원문링크] https://web.joongna.com/product/226488147
마미케어,메디큐브 부스터프로,메디큐브 부스터프로 미개봉 새제품,거래완료,"190,000원",,2026-03-19,0,0,0,36.5℃,중고나라판매자,뷰티/미용,,[출처] 중고나라 | [분석모델] BOOSTER_PRO | [모델근거] text_variant | [원문링크] https://web.joongna.com/product/225382243
마미케어,메디큐브 부스터프로,메디큐브 에이지알 부스터 프로 블랙 풀박스 새상품급,거래완료,"170,000원",,2026-03-18,0,0,0,36.5℃,중고나라판매자,뷰티/미용,,[출처] 중고나라 | [분석모델] BOOSTER_PRO | [모델근거] text_variant | [원문링크] https://web.joongna.com/product/226382134
마미케어,메디큐브 부스터프로,메디큐브 부스터프로 스페셜에디션,거래완료,"150,000원",,2026-03-17,0,0,0,36.5℃,중고나라판매자,뷰티/미용,,[출처] 중고나라 | [분석모델] BOOSTER_PRO | [모델근거] text_variant | [원문링크] https://web.joongna.com/product/226350838
마미케어,메디큐브 부스터프로,메디큐브 부스터프로 풀박스,거래완료,"135,000원",,2026-03-17,0,0,0,36.5℃,중고나라판매자,뷰티/미용,,[출처] 중고나라 | [분석모델] BOOSTER_PRO | [모델근거] text_variant | [원문링크] https://web.joongna.com/product/226412714
마미케어,메디큐브 부스터프로,메디큐브 에이지알 부스터프로,거래완료,"140,000원",,2026-03-16,0,0,0,36.5℃,중고나라판매자,뷰티/미용,,[출처] 중고나라 | [분석모델] BOOSTER_PRO | [모델근거] text_variant | [원문링크] https://web.joongna.com/product/226193198
마미케어,메디큐브 부스터프로,메디큐브 에이지알 부스터 프로 풀박스,거래완료,"135,000원",,2026-03-16,0,0,0,36.5℃,중고나라판매자,뷰티/미용,,[출처] 중고나라 | [분석모델] BOOSTER_PRO | [모델근거] text_variant | [원문링크] https://web.joongna.com/product/226356886
마미케어,메디큐브 부스터프로,메디큐브 EMS 부스터프로,거래중,"130,000원",원평동,2026-03-12,0,0,0,36.5℃,중고나라판매자,뷰티/미용,원평동,[출처] 중고나라 | [분석모델] BOOSTER_PRO | [모델근거] text_variant | [원문링크] https://web.joongna.com/product/226204768
마미케어,메디큐브 부스터프로,메디큐브 부스터프로 풀박스 퍼플,거래완료,"150,000원",성남동,2026-03-09,0,0,0,36.5℃,중고나라판매자,뷰티/미용,성남동,[출처] 중고나라 | [분석모델] BOOSTER_PRO | [모델근거] text_variant | [원문링크] https://web.joongna.com/product/223583524
마미케어,메디큐브 부스터프로,메디큐브 부스터 프로 미니,거래완료,"50,000원",,2026-03-09,0,0,0,36.5℃,중고나라판매자,뷰티/미용,,[출처] 중고나라 | [분석모델] BOOSTER_PRO_MINI | [모델근거] text_variant | [원문링크] https://web.joongna.com/product/225285963
마미케어,메디큐브 부스터프로,[새상품/무배] 메디큐브 부스터프로 미니 플러스 핑크,거래완료,"98,000원",,2026-03-09,0,0,0,36.5℃,중고나라판매자,뷰티/미용,,[출처] 중고나라 | [분석모델] BOOSTER_PRO_MINI | [모델근거] text_variant | [원문링크] https://web.joongna.com/product/226098250
마미케어,메디큐브 부스터프로,메디큐브 에이지알 부스터 프로 미용기기,거래중,"175,000원",갈현동,2026-03-07,0,0,0,36.5℃,중고나라판매자,뷰티/미용,갈현동,[출처] 중고나라 | [분석모델] BOOSTER_PRO | [모델근거] text_variant | [원문링크] https://web.joongna.com/product/226031256
마미케어,메디큐브 부스터프로,메디큐브 에이지알 부스터 프로,거래완료,"150,000원",,2026-03-05,0,0,0,36.5℃,중고나라판매자,뷰티/미용,,[출처] 중고나라 | [분석모델] BOOSTER_PRO | [모델근거] text_variant | [원문링크] https://web.joongna.com/product/225953809
마미케어,메디큐브 부스터프로,메디큐브 에이지알 부스터프로 블랙 핑크 미개봉,거래중,"190,000원",조원1동,2026-03-05,0,0,0,36.5℃,중고나라판매자,뷰티/미용,조원1동,[출처] 중고나라 | [분석모델] BOOSTER_PRO | [모델근거] text_variant | [원문링크] https://web.joongna.com/product/225740437
마미케어,메디큐브 부스터프로,메디큐브 부스터프로,거래중,"185,000원",화곡제1동,2026-03-05,0,0,0,36.5℃,중고나라판매자,뷰티/미용,화곡제1동,[출처] 중고나라 | [분석모델] BOOSTER_PRO | [모델근거] text_variant | [원문링크] https://web.joongna.com/product/212452294
마미케어,메디큐브 부스터프로,메디큐브 에이지알 부스터프로 미니플러스 짱구에디션,거래완료,"70,000원",문화동,2026-03-04,0,0,0,36.5℃,중고나라판매자,뷰티/미용,문화동,[출처] 중고나라 | [분석모델] BOOSTER_PRO_MINI | [모델근거] text_variant | [원문링크] https://web.joongna.com/product/225884075
마미케어,메디큐브 부스터프로,메디큐브 부스터프로 핑크 박스만 뜯은 새상품,거래완료,"180,000원",동탄3동,2026-03-03,0,0,0,36.5℃,중고나라판매자,뷰티/미용,동탄3동,[출처] 중고나라 | [분석모델] BOOSTER_PRO | [모델근거] text_variant | [원문링크] https://web.joongna.com/product/225871134
마미케어,메디큐브 부스터프로,메디큐브 에이지알 부스터프로 미개봉 새제품,거래중,"230,000원",,2026-02-28,0,0,0,36.5℃,중고나라판매자,뷰티/미용,,[출처] 중고나라 | [분석모델] BOOSTER_PRO | [모델근거] text_variant | [원문링크] https://web.joongna.com/product/225762233
마미케어,메디큐브 부스터프로,메디큐브 에이지알 부스터프로,거래완료,"200,000원",,2026-02-27,0,0,0,36.5℃,중고나라판매자,뷰티/미용,,[출처] 중고나라 | [분석모델] BOOSTER_PRO | [모델근거] text_variant | [원문링크] https://web.joongna.com/product/222787455
마미케어,메디큐브 부스터프로,메디큐브 부스터프로 팝니다,거래완료,"145,000원",,2026-02-27,0,0,0,36.5℃,중고나라판매자,뷰티/미용,,[출처] 중고나라 | [분석모델] BOOSTER_PRO | [모델근거] text_variant | [원문링크] https://web.joongna.com/product/225718744
마미케어,메디큐브 부스터프로,메디큐브 에이지알 부스터프로 한정판 헬로키티 에디션,거래완료,"320,000원",,2026-02-27,0,0,0,36.5℃,중고나라판매자,뷰티/미용,,[출처] 중고나라 | [분석모델] BOOSTER_PRO | [모델근거] text_variant | [원문링크] https://web.joongna.com/product/224646227
마미케어,메디큐브 부스터프로,메디큐브 부스터 프로 미용기기,거래중,"189,000원",정관읍,2026-02-25,0,0,0,36.5℃,중고나라판매자,뷰티/미용,정관읍,[출처] 중고나라 | [분석모델] BOOSTER_PRO | [모델근거] text_variant | [원문링크] https://web.joongna.com/product/225640071
마미케어,메디큐브 부스터프로,메디큐브 부스터프로,거래완료,"200,000원",,2026-02-25,0,0,0,36.5℃,중고나라판매자,뷰티/미용,,[출처] 중고나라 | [분석모델] BOOSTER_PRO | [모델근거] text_variant | [원문링크] https://web.joongna.com/product/225630404
마미케어,메디큐브 부스터프로,페이셜 스킨케어 디바이스 메디큐브 해피로지 부스터프로,거래중,"120,000원",,2026-02-24,0,0,0,36.5℃,중고나라판매자,뷰티/미용,,[출처] 중고나라 | [분석모델] BOOSTER_PRO | [모델근거] text_variant | [원문링크] https://web.joongna.com/product/224766820
마미케어,메디큐브 부스터프로,메디큐브 부스터프로,거래완료,"160,000원",노량진제1동,2026-02-24,0,0,0,36.5℃,중고나라판매자,뷰티/미용,노량진제1동,[출처] 중고나라 | [분석모델] BOOSTER_PRO | [모델근거] text_variant | [원문링크] https://web.joongna.com/product/225604561
마미케어,메디큐브 부스터프로,메디큐브 에이지알 부스터프로 s급 팝니다,거래중,"170,000원",신현동,2026-02-24,0,0,0,36.5℃,중고나라판매자,뷰티/미용,신현동,[출처] 중고나라 | [분석모델] BOOSTER_PRO | [모델근거] text_variant | [원문링크] https://web.joongna.com/product/224863800
마미케어,메디큐브 부스터프로,메디큐브 부스터 프로,거래중,"210,000원",고덕제1동,2026-02-22,0,0,0,36.5℃,중고나라판매자,뷰티/미용,고덕제1동,[출처] 중고나라 | [분석모델] BOOSTER_PRO | [모델근거] text_variant | [원문링크] https://web.joongna.com/product/225540450
마미케어,메디큐브 부스터프로,메디큐브 부스터프로,거래중,"190,000원",,2026-02-22,0,0,0,36.5℃,중고나라판매자,뷰티/미용,,[출처] 중고나라 | [분석모델] BOOSTER_PRO | [모델근거] text_variant | [원문링크] https://web.joongna.com/product/225033819
마미케어,메디큐브 부스터프로,메디큐브 부스터프로 옐로우,거래완료,"150,000원",서구동,2026-02-22,0,0,0,36.5℃,중고나라판매자,뷰티/미용,서구동,[출처] 중고나라 | [분석모델] BOOSTER_PRO | [모델근거] text_variant | [원문링크] https://web.joongna.com/product/225527301
마미케어,메디큐브 부스터프로,에이지알 메디큐브 부스터프로 미니,거래중,"90,000원",,2026-02-22,0,0,0,36.5℃,중고나라판매자,뷰티/미용,,[출처] 중고나라 | [분석모델] BOOSTER_PRO_MINI | [모델근거] text_variant | [원문링크] https://web.joongna.com/product/221895865
마미케어,메디큐브 부스터프로,메디큐브 부스터프로(뷰티디바이스),거래완료,"180,000원",,2026-02-22,0,0,0,36.5℃,중고나라판매자,뷰티/미용,,[출처] 중고나라 | [분석모델] BOOSTER_PRO | [모델근거] text_variant | [원문링크] https://web.joongna.com/product/225437551
마미케어,메디큐브 부스터프로,메디큐브 부스터프로 (무료배송),거래완료,"140,000원",,2026-02-21,0,0,0,36.5℃,중고나라판매자,뷰티/미용,,[출처] 중고나라 | [분석모델] BOOSTER_PRO | [모델근거] text_variant | [원문링크] https://web.joongna.com/product/225432297
마미케어,메디큐브 부스터프로,메디큐브 부스터 프로 미니 화이트,거래중,"70,000원",,2026-02-19,0,0,0,36.5℃,중고나라판매자,뷰티/미용,,[출처] 중고나라 | [분석모델] BOOSTER_PRO_MINI | [모델근거] text_variant | [원문링크] https://web.joongna.com/product/225400114
마미케어,메디큐브 부스터프로,메디큐브 AGE-R 부스터 프로 블랙,거래완료,"180,000원",가락1동,2026-02-18,0,0,0,36.5℃,중고나라판매자,뷰티/미용,가락1동,[출처] 중고나라 | [분석모델] BOOSTER_PRO | [모델근거] text_variant | [원문링크] https://web.joongna.com/product/225387342
마미케어,메디큐브 부스터프로,메디큐브 부스터프로 미개봉 새제품,거래완료,"190,000원",,2026-02-18,0,0,0,36.5℃,중고나라판매자,뷰티/미용,,[출처] 중고나라 | [분석모델] BOOSTER_PRO | [모델근거] text_variant | [원문링크] https://web.joongna.com/product/225380903
마미케어,메디큐브 부스터프로,메디큐브 에이지알 부스터프로(미개봉 새상품),거래완료,"190,000원",,2026-02-17,0,0,0,36.5℃,중고나라판매자,뷰티/미용,,[출처] 중고나라 | [분석모델] BOOSTER_PRO | [모델근거] text_variant | [원문링크] https://web.joongna.com/product/225078723
마미케어,메디큐브 부스터프로,메디큐브 부스터프로 미니 플러스 마이멜로디,거래완료,"70,000원",,2026-02-16,0,0,0,36.5℃,중고나라판매자,뷰티/미용,,[출처] 중고나라 | [분석모델] BOOSTER_PRO_MINI | [모델근거] text_variant | [원문링크] https://web.joongna.com/product/225329445
마미케어,메디큐브 부스터프로,메디큐브 에이지알 부스터프로,거래완료,"210,000원",연성동,2026-02-11,0,0,0,36.5℃,중고나라판매자,뷰티/미용,연성동,[출처] 중고나라 | [분석모델] BOOSTER_PRO | [모델근거] text_variant | [원문링크] https://web.joongna.com/product/225177939
마미케어,메디큐브 부스터프로,메디큐브 부스터 프로 핑크컬러 팔아용,거래완료,"175,000원",,2026-02-11,0,0,0,36.5℃,중고나라판매자,뷰티/미용,,[출처] 중고나라 | [분석모델] BOOSTER_PRO | [모델근거] text_variant | [원문링크] https://web.joongna.com/product/218759638
마미케어,메디큐브 부스터프로,메디큐브 에이지알 부스터 프로 쿠로미 에디션,거래완료,"270,000원",,2026-02-10,0,0,0,36.5℃,중고나라판매자,뷰티/미용,,[출처] 중고나라 | [분석모델] BOOSTER_PRO | [모델근거] text_variant | [원문링크] https://web.joongna.com/product/225139697
마미케어,메디큐브 부스터프로,메디큐브 부스터프로,거래완료,"110,000원",,2026-02-10,0,0,0,36.5℃,중고나라판매자,뷰티/미용,,[출처] 중고나라 | [분석모델] BOOSTER_PRO | [모델근거] text_variant | [원문링크] https://web.joongna.com/product/224839498
마미케어,메디큐브 부스터프로,메디큐브 부스터프로 미니,거래완료,"45,000원",염포동,2026-02-09,0,0,0,36.5℃,중고나라판매자,뷰티/미용,염포동,[출처] 중고나라 | [분석모델] BOOSTER_PRO_MINI | [모델근거] text_variant | [원문링크] https://web.joongna.com/product/225072724
마미케어,메디큐브 부스터프로,메디큐브 부스터프로,거래중,"193,000원",부천동,2026-02-08,0,0,0,36.5℃,중고나라판매자,뷰티/미용,부천동,[출처] 중고나라 | [분석모델] BOOSTER_PRO | [모델근거] text_variant | [원문링크] https://web.joongna.com/product/223681696
마미케어,메디큐브 부스터프로,메디큐브 부스터프로 미개봉 새제품,거래완료,"190,000원",,2026-02-08,0,0,0,36.5℃,중고나라판매자,뷰티/미용,,[출처] 중고나라 | [분석모델] BOOSTER_PRO | [모델근거] text_variant | [원문링크] https://web.joongna.com/product/224530986
마미케어,메디큐브 부스터프로,메디큐브 에이지알 부스터프로,거래완료,"110,000원",,2026-02-07,0,0,0,36.5℃,중고나라판매자,뷰티/미용,,[출처] 중고나라 | [분석모델] BOOSTER_PRO | [모델근거] text_variant | [원문링크] https://web.joongna.com/product/225023419
마미케어,메디큐브 부스터프로,메디큐브 에이지알 부스터 프로 AGE-R Booster Pro,거래완료,"150,000원",성연면,2026-02-07,0,0,0,36.5℃,중고나라판매자,뷰티/미용,성연면,[출처] 중고나라 | [분석모델] BOOSTER_PRO | [모델근거] text_variant | [원문링크] https://web.joongna.com/product/225003045
마미케어,메디큐브 부스터프로,메디큐브 부스터프로 미니 플러스,거래완료,"80,000원",,2026-02-06,0,0,0,36.5℃,중고나라판매자,뷰티/미용,,[출처] 중고나라 | [분석모델] BOOSTER_PRO_MINI | [모델근거] text_variant | [원문링크] https://web.joongna.com/product/224990536
마미케어,메디큐브 부스터프로,메디큐브 에이지알 부스터 프로 미니 핑크 새상품,거래중,"95,000원",,2026-02-06,0,0,0,36.5℃,중고나라판매자,뷰티/미용,,[출처] 중고나라 | [분석모델] BOOSTER_PRO_MINI | [모델근거] text_variant | [원문링크] https://web.joongna.com/product/224968720
마미케어,메디큐브 부스터프로,메디큐브 에이지알 부스터프로 핑크 | 정품 풀박스 | 상태 매우 좋음,거래완료,"170,000원",가양제1동,2026-02-06,0,0,0,36.5℃,중고나라판매자,뷰티/미용,가양제1동,[출처] 중고나라 | [분석모델] BOOSTER_PRO | [모델근거] text_variant | [원문링크] https://web.joongna.com/product/224958673
마미케어,메디큐브 부스터프로,[미개봉 새상품] 메디큐브 에이지알 부스터프로 화이트 + 헬로키티 헤드/티슈,거래완료,"240,000원",다운동,2026-02-05,0,0,0,36.5℃,중고나라판매자,뷰티/미용,다운동,[출처] 중고나라 | [분석모델] BOOSTER_PRO | [모델근거] text_variant | [원문링크] https://web.joongna.com/product/224954506
마미케어,메디큐브 부스터프로,메디큐브 부스터 프로(핑크)(블랙),거래완료,"200,000원",,2026-02-05,0,0,0,36.5℃,중고나라판매자,뷰티/미용,,[출처] 중고나라 | [분석모델] BOOSTER_PRO | [모델근거] text_variant | [원문링크] https://web.joongna.com/product/211859786
마미케어,메디큐브 부스터프로,메디큐브 에이지알 부스터프로미니(플러스 아님),거래완료,"50,000원",,2026-02-05,0,0,0,36.5℃,중고나라판매자,뷰티/미용,,[출처] 중고나라 | [분석모델] BOOSTER_PRO_MINI | [모델근거] text_variant | [원문링크] https://web.joongna.com/product/224882803
마미케어,메디큐브 부스터프로,쿠로미 메디큐브 부스터프로,예약중,"150,000원",,2026-02-03,0,0,0,36.5℃,중고나라판매자,뷰티/미용,,[출처] 중고나라 | [분석모델] BOOSTER_PRO | [모델근거] text_variant | [원문링크] https://web.joongna.com/product/224880010
마미케어,메디큐브 부스터프로,(마지막 할인) 한정판 메디큐브 부스터프로 쿠로미,예약중,"150,000원",,2026-02-03,0,0,0,36.5℃,중고나라판매자,뷰티/미용,,[출처] 중고나라 | [분석모델] BOOSTER_PRO | [모델근거] text_variant | [원문링크] https://web.joongna.com/product/224217060
마미케어,메디큐브 부스터프로,메디큐브 에이지알 부스터프로 핑크 풀박스,거래중,"170,000원",,2026-02-03,0,0,0,36.5℃,중고나라판매자,뷰티/미용,,[출처] 중고나라 | [분석모델] BOOSTER_PRO | [모델근거] text_variant | [원문링크] https://web.joongna.com/product/222653403
마미케어,메디큐브 부스터프로,메디큐브 부스터프로 핑크 미개봉,거래완료,"240,000원",온천2동,2026-02-03,0,0,0,36.5℃,중고나라판매자,뷰티/미용,온천2동,[출처] 중고나라 | [분석모델] BOOSTER_PRO | [모델근거] text_variant | [원문링크] https://web.joongna.com/product/224790328
마미케어,메디큐브 부스터프로,메디큐브 에이지알 부스터 프로 풀박스,거래완료,"139,900원",대흥동,2026-02-02,0,0,0,36.5℃,중고나라판매자,뷰티/미용,대흥동,[출처] 중고나라 | [분석모델] BOOSTER_PRO | [모델근거] text_variant | [원문링크] https://web.joongna.com/product/220636929
마미케어,메디큐브 부스터프로,메디큐브 부스터프로 핑크 정품 박스,거래중,"5,000원",효곡동,2026-02-02,0,0,0,36.5℃,중고나라판매자,뷰티/미용,효곡동,[출처] 중고나라 | [분석모델] BOOSTER_PRO | [모델근거] text_variant | [원문링크] https://web.joongna.com/product/224836723
마미케어,메디큐브 부스터프로,메디큐브 부스터프로 마이멜로디,거래완료,"200,000원",,2026-02-02,0,0,0,36.5℃,중고나라판매자,뷰티/미용,,[출처] 중고나라 | [분석모델] BOOSTER_PRO | [모델근거] text_variant | [원문링크] https://web.joongna.com/product/224830964
마미케어,메디큐브 부스터프로,메디큐브 부스터프로 미니플러스+진동클렌저 헤드 풀박스,거래완료,"120,000원",,2026-02-02,0,0,0,36.5℃,중고나라판매자,뷰티/미용,,[출처] 중고나라 | [분석모델] BOOSTER_PRO_MINI | [모델근거] text_variant | [원문링크] https://web.joongna.com/product/224818295
마미케어,메디큐브 부스터프로,메디큐브 에이지알 부스터 프로 핑크,거래완료,"160,000원",평동,2026-02-02,0,0,0,36.5℃,중고나라판매자,뷰티/미용,평동,[출처] 중고나라 | [분석모델] BOOSTER_PRO | [모델근거] text_variant | [원문링크] https://web.joongna.com/product/224092098
마미케어,메디큐브 부스터프로,메디큐브 부스터프로,거래중,"190,000원",역촌동,2026-01-31,0,0,0,36.5℃,중고나라판매자,뷰티/미용,역촌동,[출처] 중고나라 | [분석모델] BOOSTER_PRO | [모델근거] text_variant | [원문링크] https://web.joongna.com/product/224291233
마미케어,메디큐브 부스터프로,메디큐브 부스터프로 미니(플러스아님),거래완료,"50,000원",,2026-01-31,0,0,0,36.5℃,중고나라판매자,뷰티/미용,,[출처] 중고나라 | [분석모델] BOOSTER_PRO_MINI | [모델근거] text_variant | [원문링크] https://web.joongna.com/product/221491530
마미케어,메디큐브 부스터프로,[거의 새상품] 메디큐브 부스터 프로,거래완료,"200,000원",주엽1동,2026-01-31,0,0,0,36.5℃,중고나라판매자,뷰티/미용,주엽1동,[출처] 중고나라 | [분석모델] BOOSTER_PRO | [모델근거] text_variant | [원문링크] https://web.joongna.com/product/224625802
마미케어,메디큐브 부스터프로,메디큐브 에이지알 부스터 프로 블랙 (박스X/상태최상),거래완료,"145,000원",어양동,2026-01-30,0,0,0,36.5℃,중고나라판매자,뷰티/미용,어양동,[출처] 중고나라 | [분석모델] BOOSTER_PRO | [모델근거] text_variant | [원문링크] https://web.joongna.com/product/224246083
마미케어,메디큐브 부스터프로,메디큐브 부스터프로 최상급,거래완료,"190,000원",,2026-01-29,0,0,0,36.5℃,중고나라판매자,뷰티/미용,,[출처] 중고나라 | [분석모델] BOOSTER_PRO | [모델근거] text_variant | [원문링크] https://web.joongna.com/product/219236265
마미케어,메디큐브 부스터프로,(정품) 메디큐브 에이지알 부스터 프로 미니 핑크,거래완료,"65,000원",,2026-01-29,0,0,0,36.5℃,중고나라판매자,뷰티/미용,,[출처] 중고나라 | [분석모델] BOOSTER_PRO_MINI | [모델근거] text_variant | [원문링크] https://web.joongna.com/product/224682998
마미케어,메디큐브 부스터프로,메디큐브 부스터 프로 라벤더,거래완료,"240,000원",방이1동,2026-01-29,0,0,0,36.5℃,중고나라판매자,뷰티/미용,방이1동,[출처] 중고나라 | [분석모델] BOOSTER_PRO | [모델근거] text_variant | [원문링크] https://web.joongna.com/product/223519839
마미케어,메디큐브 부스터프로,메디큐브 부스터 프로 블랙 풀박스(동영상 첨부),거래완료,"160,000원",,2026-01-29,0,0,0,36.5℃,중고나라판매자,뷰티/미용,,[출처] 중고나라 | [분석모델] BOOSTER_PRO | [모델근거] text_variant | [원문링크] https://web.joongna.com/product/224667518
마미케어,메디큐브 부스터프로,메디큐브 부스터프로 미니플러스 마이멜로디 미개봉,거래완료,"90,000원",,2026-01-27,0,0,0,36.5℃,중고나라판매자,뷰티/미용,,[출처] 중고나라 | [분석모델] BOOSTER_PRO_MINI | [모델근거] text_variant | [원문링크] https://web.joongna.com/product/224612391
마미케어,메디큐브 부스터프로,메디큐브 부스터프로,거래완료,"160,000원",,2026-01-27,0,0,0,36.5℃,중고나라판매자,뷰티/미용,,[출처] 중고나라 | [분석모델] BOOSTER_PRO | [모델근거] text_variant | [원문링크] https://web.joongna.com/product/224512949
마미케어,메디큐브 부스터프로,메디큐브 부스터프로 미니,거래완료,"65,000원",구의제1동,2026-01-27,0,0,0,36.5℃,중고나라판매자,뷰티/미용,구의제1동,[출처] 중고나라 | [분석모델] BOOSTER_PRO_MINI | [모델근거] text_variant | [원문링크] https://web.joongna.com/product/224592068
마미케어,메디큐브 부스터프로,메디큐브 에이지알 부스터프로 마이멜로디(미사용 새제품),거래완료,"262,000원",잠원동,2026-01-25,0,0,0,36.5℃,중고나라판매자,뷰티/미용,잠원동,[출처] 중고나라 | [분석모델] BOOSTER_PRO | [모델근거] text_variant | [원문링크] https://web.joongna.com/product/224516007
마미케어,메디큐브 부스터프로,메디큐브 에이지알 부스터프로(미개봉 새상품),거래완료,"190,000원",,2026-01-24,0,0,0,36.5℃,중고나라판매자,뷰티/미용,,[출처] 중고나라 | [분석모델] BOOSTER_PRO | [모델근거] text_variant | [원문링크] https://web.joongna.com/product/224324681
마미케어,메디큐브 부스터프로,[새상품] 메디큐브 부스터프로 미니 플러스 마이멜로디 에디션 2개,거래완료,"180,000원",,2026-01-24,0,0,0,36.5℃,중고나라판매자,뷰티/미용,,[출처] 중고나라 | [분석모델] BOOSTER_PRO_MINI | [모델근거] text_variant | [원문설명] 미개봉 새상품 미니 아니고 미니 플러스 입니다 :) 💛 2개 가격이에요! ✔️ cj 대한통운 or 롯데택배로 보내드려요! | [원문링크] https://web.joongna.com/product/224464704
마미케어,메디큐브 부스터프로,메디큐브 에이지알 부스터프로,예약중,"150,000원",개금제1동,2026-01-23,0,0,0,36.5℃,중고나라판매자,뷰티/미용,개금제1동,[출처] 중고나라 | [분석모델] BOOSTER_PRO | [모델근거] text_variant | [원문링크] https://web.joongna.com/product/224429430
마미케어,메디큐브 부스터프로,메디큐브 부스터프로,거래완료,"140,000원",,2026-01-22,0,0,0,36.5℃,중고나라판매자,뷰티/미용,,[출처] 중고나라 | [분석모델] BOOSTER_PRO | [모델근거] text_variant | [원문링크] https://web.joongna.com/product/224416593
마미케어,메디큐브 부스터프로,메디큐브 부스터프로 짱구에디션,거래완료,"230,000원",,2026-01-22,0,0,0,36.5℃,중고나라판매자,뷰티/미용,,[출처] 중고나라 | [분석모델] BOOSTER_PRO | [모델근거] text_variant | [원문링크] https://web.joongna.com/product/224233840
마미케어,메디큐브 부스터프로,메디큐브 짱구 부스터프로 미니플러스 미개봉,거래중,"94,000원",삼성2동,2026-01-22,0,0,0,36.5℃,중고나라판매자,뷰티/미용,삼성2동,[출처] 중고나라 | [분석모델] BOOSTER_PRO_MINI | [모델근거] text_variant | [원문링크] https://web.joongna.com/product/222927661
마미케어,메디큐브 부스터프로,메디큐브 부스터프로 스페셜에디션,거래완료,"280,000원",,2026-01-22,0,0,0,36.5℃,중고나라판매자,뷰티/미용,,[출처] 중고나라 | [분석모델] BOOSTER_PRO | [모델근거] text_variant | [원문링크] https://web.joongna.com/product/224283171
마미케어,메디큐브 부스터프로,[새상품] 메디큐브 부스터 프로 짱구 에디션,거래완료,"250,000원",,2026-01-21,0,0,0,36.5℃,중고나라판매자,뷰티/미용,,[출처] 중고나라 | [분석모델] BOOSTER_PRO | [모델근거] text_variant | [원문링크] https://web.joongna.com/product/224373049
마미케어,메디큐브 부스터프로,메디큐브 에이지알 부스터프로 블랙 미개봉,거래완료,"190,000원",조원1동,2026-01-20,0,0,0,36.5℃,중고나라판매자,뷰티/미용,조원1동,[출처] 중고나라 | [분석모델] BOOSTER_PRO | [모델근거] text_variant | [원문링크] https://web.joongna.com/product/224053592
마미케어,메디큐브 부스터프로,메디큐브 에이지알 부스터프로,거래완료,"140,000원",사동,2026-01-20,0,0,0,36.5℃,중고나라판매자,뷰티/미용,사동,[출처] 중고나라 | [분석모델] BOOSTER_PRO | [모델근거] text_variant | [원문링크] https://web.joongna.com/product/224331436
마미케어,메디큐브 부스터프로,메디큐브 마이멜로디 부스터프로 미개봉,거래완료,"310,000원",호계2동,2026-01-20,0,0,0,36.5℃,중고나라판매자,뷰티/미용,호계2동,[출처] 중고나라 | [분석모델] BOOSTER_PRO | [모델근거] text_variant | [원문링크] https://web.joongna.com/product/224329732
마미케어,메디큐브 부스터프로,메디큐브 헬로키티 에이지알 부스터프로,거래완료,"300,000원",부성1동,2026-01-19,0,0,0,36.5℃,중고나라판매자,뷰티/미용,부성1동,[출처] 중고나라 | [분석모델] BOOSTER_PRO | [모델근거] text_variant | [원문링크] https://web.joongna.com/product/224290637
마미케어,메디큐브 부스터프로,메디큐브 에이지알 부스터 프로 미니 춘식이 에디션,거래완료,"55,000원",,2026-01-19,0,0,0,36.5℃,중고나라판매자,뷰티/미용,,[출처] 중고나라 | [분석모델] BOOSTER_PRO_MINI | [모델근거] text_variant | [원문링크] https://web.joongna.com/product/224288383
마미케어,메디큐브 부스터프로,메디큐브 부스터 프로 미니 플러스,거래중,"100,000원",석남1동,2026-01-19,0,0,0,36.5℃,중고나라판매자,뷰티/미용,석남1동,[출처] 중고나라 | [분석모델] BOOSTER_PRO_MINI | [모델근거] text_variant | [원문링크] https://web.joongna.com/product/224286453
마미케어,메디큐브 부스터프로,메디큐브 에이지알 부스터프로,거래완료,"240,000원",상계6.7동,2026-01-18,0,0,0,36.5℃,중고나라판매자,뷰티/미용,상계6.7동,[출처] 중고나라 | [분석모델] BOOSTER_PRO | [모델근거] text_variant | [원문링크] https://web.joongna.com/product/224002111
마미케어,메디큐브 부스터프로,메디큐브 부스터프로 미개봉 새제품,거래완료,"190,000원",,2026-01-18,0,0,0,36.5℃,중고나라판매자,뷰티/미용,,[출처] 중고나라 | [분석모델] BOOSTER_PRO | [모델근거] text_variant | [원문링크] https://web.joongna.com/product/224174989
마미케어,메디큐브 부스터프로,메디큐브 AGE-R 부스터 프로 잔망루피 에디션,거래완료,"250,000원",,2026-01-18,0,0,0,36.5℃,중고나라판매자,뷰티/미용,,[출처] 중고나라 | [분석모델] BOOSTER_PRO | [모델근거] text_variant | [원문링크] https://web.joongna.com/product/224247553
마미케어,메디큐브 부스터프로,1회사용 풀박 메디큐브 에이지알 부스터프로,거래완료,"170,000원",,2026-01-17,0,0,0,36.5℃,중고나라판매자,뷰티/미용,,[출처] 중고나라 | [분석모델] BOOSTER_PRO | [모델근거] text_variant | [원문링크] https://web.joongna.com/product/223130859
마미케어,메디큐브 부스터프로,메디큐브 에이지알 부스터프로(미개봉 새상품),거래완료,"190,000원",,2026-01-16,0,0,0,36.5℃,중고나라판매자,뷰티/미용,,[출처] 중고나라 | [분석모델] BOOSTER_PRO | [모델근거] text_variant | [원문링크] https://web.joongna.com/product/224088805
마미케어,메디큐브 부스터프로,메디큐브 부스터프로 미개봉상품,거래완료,"220,000원",,2026-01-15,0,0,0,36.5℃,중고나라판매자,뷰티/미용,,[출처] 중고나라 | [분석모델] BOOSTER_PRO | [모델근거] text_variant | [원문링크] https://web.joongna.com/product/224153587
마미케어,메디큐브 부스터프로,이사정리!메디큐브 부스터프로 미니 플러스 짱구 에디션 (미개봉),거래완료,"85,000원",삼전동,2026-01-14,0,0,0,36.5℃,중고나라판매자,뷰티/미용,삼전동,[출처] 중고나라 | [분석모델] BOOSTER_PRO_MINI | [모델근거] text_variant | [원문링크] https://web.joongna.com/product/224086852
마미케어,메디큐브 부스터프로,메디큐브 부스터프로 마이멜로디 실사용 5회,거래완료,"85,000원",,2026-01-13,0,0,0,36.5℃,중고나라판매자,뷰티/미용,,[출처] 중고나라 | [분석모델] BOOSTER_PRO | [모델근거] text_variant | [원문링크] https://web.joongna.com/product/222902259
마미케어,메디큐브 부스터프로,메디큐브 부스터프로 미개봉 새제품,거래완료,"190,000원",,2026-01-13,0,0,0,36.5℃,중고나라판매자,뷰티/미용,,[출처] 중고나라 | [분석모델] BOOSTER_PRO | [모델근거] text_variant | [원문링크] https://web.joongna.com/product/223243800
마미케어,메디큐브 부스터프로,메디큐브 부스터프로 헬로키티 에디션 풀박스,거래완료,"260,000원",,2026-01-13,0,0,0,36.5℃,중고나라판매자,뷰티/미용,,[출처] 중고나라 | [분석모델] BOOSTER_PRO | [모델근거] text_variant | [원문링크] https://web.joongna.com/product/224074579
마미케어,메디큐브 부스터프로,메디큐브 부스터프로 미니플러스,거래완료,"85,000원",고봉동,2026-01-13,0,0,0,36.5℃,중고나라판매자,뷰티/미용,고봉동,[출처] 중고나라 | [분석모델] BOOSTER_PRO_MINI | [모델근거] text_variant | [원문링크] https://web.joongna.com/product/224060876
마미케어,메디큐브 부스터프로,뷰티디바이스 메디큐브 에이지알 부스터프로 풀박스 팝니다,거래완료,"165,000원",화양동,2026-01-13,0,0,0,36.5℃,중고나라판매자,뷰티/미용,화양동,[출처] 중고나라 | [분석모델] BOOSTER_PRO | [모델근거] text_variant | [원문링크] https://web.joongna.com/product/224055733
마미케어,메디큐브 부스터프로,메디큐브 부스터프로 미개봉 새상품,거래중,"230,000원",,2026-01-12,0,0,0,36.5℃,중고나라판매자,뷰티/미용,,[출처] 중고나라 | [분석모델] BOOSTER_PRO | [모델근거] text_variant | [원문링크] https://web.joongna.com/product/224001192
마미케어,메디큐브 부스터프로,메디큐브 에이지알 부스터프로 블랙 풀박스,거래완료,"100,000원",,2026-01-11,0,0,0,36.5℃,중고나라판매자,뷰티/미용,,[출처] 중고나라 | [분석모델] BOOSTER_PRO | [모델근거] text_variant | [원문링크] https://web.joongna.com/product/223991580
마미케어,메디큐브 부스터프로,메디큐브 에이지알 부스터프로,거래완료,"130,000원",서빙고동,2026-01-05,0,0,0,36.5℃,중고나라판매자,뷰티/미용,서빙고동,[출처] 중고나라 | [분석모델] BOOSTER_PRO | [모델근거] text_variant | [원문링크] https://web.joongna.com/product/223770932
마미케어,메디큐브 부스터프로,메디큐브 AGE-R 부스터 프로 핑크,거래완료,"175,000원",운정3동,2026-01-05,0,0,0,36.5℃,중고나라판매자,뷰티/미용,운정3동,[출처] 중고나라 | [분석모델] BOOSTER_PRO | [모델근거] text_variant | [원문링크] https://web.joongna.com/product/223747220
마미케어,메디큐브 부스터프로,메디큐브 부스터프로,거래완료,"135,000원",태평1동,2026-01-05,0,0,0,36.5℃,중고나라판매자,뷰티/미용,태평1동,[출처] 중고나라 | [분석모델] BOOSTER_PRO | [모델근거] text_variant | [원문링크] https://web.joongna.com/product/223745429
마미케어,메디큐브 부스터프로,메디큐브 부스터 프로 미니 춘식이 에디션 판매합니다,거래중,"80,000원",,2026-01-04,0,0,0,36.5℃,중고나라판매자,뷰티/미용,,[출처] 중고나라 | [분석모델] BOOSTER_PRO_MINI | [모델근거] text_variant | [원문링크] https://web.joongna.com/product/223454915
마미케어,메디큐브 부스터프로,메디큐브 부스터 프로 미니 춘식이 에디션 판매합니다,거래중,"80,000원",,2026-01-04,0,0,0,36.5℃,중고나라판매자,뷰티/미용,,[출처] 중고나라 | [분석모델] BOOSTER_PRO_MINI | [모델근거] text_variant | [원문링크] https://web.joongna.com/product/222855921
마미케어,메디큐브 부스터프로,메디큐브 에이지알 부스터프로,거래완료,"155,000원",,2026-01-04,0,0,0,36.5℃,중고나라판매자,뷰티/미용,,[출처] 중고나라 | [분석모델] BOOSTER_PRO | [모델근거] text_variant | [원문링크] https://web.joongna.com/product/223599748
마미케어,메디큐브 부스터프로,메디큐브 에이지알 부스터 프로,거래완료,"110,000원",조원1동,2026-01-04,0,0,0,36.5℃,중고나라판매자,뷰티/미용,조원1동,[출처] 중고나라 | [분석모델] BOOSTER_PRO | [모델근거] text_variant | [원문링크] https://web.joongna.com/product/222606484
마미케어,메디큐브 부스터프로,메디큐브 부스터프로 쿠로미에디션 새상품,거래완료,"200,000원",,2026-01-04,0,0,0,36.5℃,중고나라판매자,뷰티/미용,,[출처] 중고나라 | [분석모델] BOOSTER_PRO | [모델근거] text_variant | [원문링크] https://web.joongna.com/product/223695265
마미케어,메디큐브 부스터프로,메디큐브 부스터프로,거래완료,"170,000원",,2026-01-02,0,0,0,36.5℃,중고나라판매자,뷰티/미용,,[출처] 중고나라 | [분석모델] BOOSTER_PRO | [모델근거] text_variant | [원문링크] https://web.joongna.com/product/223632922
마미케어,메디큐브 부스터프로,메디큐브 부스터프로 울트라 튠 세트,거래완료,"300,000원",장유1동,2026-01-01,0,0,0,36.5℃,중고나라판매자,뷰티/미용,장유1동,[출처] 중고나라 | [분석모델] BOOSTER_PRO | [모델근거] text_variant | [원문링크] https://web.joongna.com/product/223625219
마미케어,메디큐브 부스터프로,메디큐브 AGE-R 부스터프로,거래완료,"140,000원",,2026-01-01,0,0,0,36.5℃,중고나라판매자,뷰티/미용,,[출처] 중고나라 | [분석모델] BOOSTER_PRO | [모델근거] text_variant | [원문링크] https://web.joongna.com/product/223611785
마미케어,메디큐브 부스터프로,메디큐브 부스터 프로 새상품,거래완료,"230,000원",원효로제2동,2026-01-01,0,0,0,36.5℃,중고나라판매자,뷰티/미용,원효로제2동,[출처] 중고나라 | [분석모델] BOOSTER_PRO | [모델근거] text_variant | [원문링크] https://web.joongna.com/product/222489093
마미케어,메디큐브 부스터프로,(새상품) 메디큐브 에이지알 부스터프로미니+진정앰플,거래완료,"60,000원",,2026-01-01,0,0,0,36.5℃,중고나라판매자,뷰티/미용,,[출처] 중고나라 | [분석모델] BOOSTER_PRO_MINI | [모델근거] text_variant | [원문링크] https://web.joongna.com/product/223604673
마미케어,메디큐브 부스터프로,메디큐브 부스터프로 라벤더,거래완료,"165,000원",정관읍,2025-12-31,0,0,0,36.5℃,중고나라판매자,뷰티/미용,정관읍,[출처] 중고나라 | [분석모델] BOOSTER_PRO | [모델근거] text_variant | [원문링크] https://web.joongna.com/product/223338959
마미케어,메디큐브 부스터프로,메디큐브 에이지알 부스터프로,거래완료,"160,000원",,2025-12-31,0,0,0,36.5℃,중고나라판매자,뷰티/미용,,[출처] 중고나라 | [분석모델] BOOSTER_PRO | [모델근거] text_variant | [원문링크] https://web.joongna.com/product/223379998
마미케어,메디큐브 부스터프로,메디큐브 AGER 부스터프로 세트,거래완료,"150,000원",,2025-12-30,0,0,0,36.5℃,중고나라판매자,뷰티/미용,,[출처] 중고나라 | [분석모델] BOOSTER_PRO | [모델근거] text_variant | [원문링크] https://web.joongna.com/product/223559842
마미케어,메디큐브 부스터프로,메디큐브 부스터프로,거래완료,"190,000원",신길제3동,2025-12-30,0,0,0,36.5℃,중고나라판매자,뷰티/미용,신길제3동,[출처] 중고나라 | [분석모델] BOOSTER_PRO | [모델근거] text_variant | [원문링크] https://web.joongna.com/product/223201710
마미케어,메디큐브 부스터프로,메디큐브 부스터프로,거래완료,"170,000원",,2025-12-30,0,0,0,36.5℃,중고나라판매자,뷰티/미용,,[출처] 중고나라 | [분석모델] BOOSTER_PRO | [모델근거] text_variant | [원문링크] https://web.joongna.com/product/223549816
마미케어,메디큐브 부스터프로,메디큐브 부스터프로 미니플러스 마이멜로디,거래완료,"65,000원",신갈동,2025-12-30,0,0,0,36.5℃,중고나라판매자,뷰티/미용,신갈동,[출처] 중고나라 | [분석모델] BOOSTER_PRO_MINI | [모델근거] text_variant | [원문링크] https://web.joongna.com/product/223483514
마미케어,메디큐브 부스터프로,(풀박)메디큐브 부스터프로 (새상품급)*빠른판매원해요*,거래완료,"180,000원",,2025-12-30,0,0,0,36.5℃,중고나라판매자,뷰티/미용,,[출처] 중고나라 | [분석모델] BOOSTER_PRO | [모델근거] text_variant | [원문링크] https://web.joongna.com/product/223517921
마미케어,메디큐브 부스터프로,이사정리!메디큐브 부스터프로 미니 플러스 짱구 에디션 (미개봉),거래완료,"85,000원",삼전동,2025-12-28,0,0,0,36.5℃,중고나라판매자,뷰티/미용,삼전동,[출처] 중고나라 | [분석모델] BOOSTER_PRO_MINI | [모델근거] text_variant | [원문링크] https://web.joongna.com/product/223477026
마미케어,메디큐브 부스터프로,이사정리!메디큐브 부스터프로 마이멜로디 에디션 (단순개봉),거래완료,"280,000원",삼전동,2025-12-28,0,0,0,36.5℃,중고나라판매자,뷰티/미용,삼전동,[출처] 중고나라 | [분석모델] BOOSTER_PRO | [모델근거] text_variant | [원문링크] https://web.joongna.com/product/223476909
마미케어,메디큐브 부스터프로,메디큐브 AGE-R 부스터 프로 풀박스,거래완료,"150,000원",온천1동,2025-12-28,0,0,0,36.5℃,중고나라판매자,뷰티/미용,온천1동,[출처] 중고나라 | [분석모델] BOOSTER_PRO | [모델근거] text_variant | [원문링크] https://web.joongna.com/product/223465949
마미케어,메디큐브 부스터프로,메디큐브 부스터프로 미니,거래완료,"65,000원",인동동,2025-12-28,0,0,0,36.5℃,중고나라판매자,뷰티/미용,인동동,[출처] 중고나라 | [분석모델] BOOSTER_PRO_MINI | [모델근거] text_variant | [원문링크] https://web.joongna.com/product/223127298
마미케어,메디큐브 부스터프로,메디큐브 부스터 프로 미니 춘식이 에디션 판매합니다,거래중,"80,000원",,2025-12-27,0,0,0,36.5℃,중고나라판매자,뷰티/미용,,[출처] 중고나라 | [분석모델] BOOSTER_PRO_MINI | [모델근거] text_variant | [원문링크] https://web.joongna.com/product/222818670
마미케어,메디큐브 부스터프로,메디큐브 에이지알 부스터 프로,거래완료,"170,000원",장곡동,2025-12-27,0,0,0,36.5℃,중고나라판매자,뷰티/미용,장곡동,[출처] 중고나라 | [분석모델] BOOSTER_PRO | [모델근거] text_variant | [원문링크] https://web.joongna.com/product/218762592
마미케어,메디큐브 부스터프로,메디큐브 에이지알 부스터프로,거래완료,"150,000원",,2025-12-25,0,0,0,36.5℃,중고나라판매자,뷰티/미용,,[출처] 중고나라 | [분석모델] BOOSTER_PRO | [모델근거] text_variant | [원문링크] https://web.joongna.com/product/223359568
마미케어,메디큐브 부스터프로,메디큐브 부스터프로,거래완료,"160,000원",,2025-12-25,0,0,0,36.5℃,중고나라판매자,뷰티/미용,,[출처] 중고나라 | [분석모델] BOOSTER_PRO | [모델근거] text_variant | [원문링크] https://web.joongna.com/product/223352592
마미케어,메디큐브 부스터프로,메디큐브 부스터 프로 미니 새상품,거래완료,"75,000원",,2025-12-24,0,0,0,36.5℃,중고나라판매자,뷰티/미용,,[출처] 중고나라 | [분석모델] BOOSTER_PRO_MINI | [모델근거] text_variant | [원문링크] https://web.joongna.com/product/223320488
마미케어,메디큐브 부스터프로,1회 사용메디큐브 부스터프로 핑크토끼 한정판 에디션(글로우 기획세트 포함),거래완료,"220,000원",,2025-12-24,0,0,0,36.5℃,중고나라판매자,뷰티/미용,,[출처] 중고나라 | [분석모델] BOOSTER_PRO | [모델근거] text_variant | [원문링크] https://web.joongna.com/product/222533058
마미케어,메디큐브 부스터프로,[새상품] 메디큐브 부스터 프로 블랙,거래완료,"190,000원",,2025-12-23,0,0,0,36.5℃,중고나라판매자,뷰티/미용,,[출처] 중고나라 | [분석모델] BOOSTER_PRO | [모델근거] text_variant | [원문링크] https://web.joongna.com/product/223273024
마미케어,메디큐브 부스터프로,메디큐브 부스터 프로 미니 춘식이 에디션 판매,거래중,"80,000원",,2025-12-22,0,0,0,36.5℃,중고나라판매자,뷰티/미용,,[출처] 중고나라 | [분석모델] BOOSTER_PRO_MINI | [모델근거] text_variant | [원문링크] https://web.joongna.com/product/222905403
마미케어,메디큐브 부스터프로,메디큐브 부스터 프로 미니 춘식이 에디션 판매합니다,거래중,"80,000원",,2025-12-22,0,0,0,36.5℃,중고나라판매자,뷰티/미용,,[출처] 중고나라 | [분석모델] BOOSTER_PRO_MINI | [모델근거] text_variant | [원문링크] https://web.joongna.com/product/222855972
마미케어,메디큐브 부스터프로,메디큐브 AGE-R 부스터 프로 미니,거래완료,"89,000원",신사동,2025-12-21,0,0,0,36.5℃,중고나라판매자,뷰티/미용,신사동,[출처] 중고나라 | [분석모델] BOOSTER_PRO_MINI | [모델근거] text_variant | [원문링크] https://web.joongna.com/product/223217154
마미케어,메디큐브 부스터프로,메디큐브 부스터프로 핑크 / 급처가격,거래완료,"190,000원",비전1동,2025-12-21,0,0,0,36.5℃,중고나라판매자,뷰티/미용,비전1동,[출처] 중고나라 | [분석모델] BOOSTER_PRO | [모델근거] text_variant | [원문링크] https://web.joongna.com/product/223067690
마미케어,메디큐브 부스터프로,메디큐브 부스터프로(헬로키티),거래완료,"120,000원",,2025-12-21,0,0,0,36.5℃,중고나라판매자,뷰티/미용,,[출처] 중고나라 | [분석모델] BOOSTER_PRO | [모델근거] text_variant | [원문링크] https://web.joongna.com/product/223196897
마미케어,메디큐브 부스터프로,(미개봉) 메디큐브 에이지알 부스터프로미니 + 엑소좀시카 앰플,거래완료,"98,000원",,2025-12-20,0,0,0,36.5℃,중고나라판매자,뷰티/미용,,[출처] 중고나라 | [분석모델] BOOSTER_PRO_MINI | [모델근거] text_variant | [원문링크] https://web.joongna.com/product/223166013
마미케어,메디큐브 부스터프로,메디큐브 부스터프로+젤,거래완료,"140,000원",대신동,2025-12-18,0,0,0,36.5℃,중고나라판매자,뷰티/미용,대신동,[출처] 중고나라 | [분석모델] BOOSTER_PRO | [모델근거] text_variant | [원문링크] https://web.joongna.com/product/223104882
마미케어,메디큐브 부스터프로,[미개봉 새상품] 메디큐브 부스터프로,거래완료,"200,000원",,2025-12-17,0,0,0,36.5℃,중고나라판매자,뷰티/미용,,[출처] 중고나라 | [분석모델] BOOSTER_PRO | [모델근거] text_variant | [원문링크] https://web.joongna.com/product/223086537
마미케어,메디큐브 부스터프로,메디큐브 부스터프로 정품 상자,거래중,"5,000원",검암경서동,2025-12-16,0,0,0,36.5℃,중고나라판매자,뷰티/미용,검암경서동,[출처] 중고나라 | [분석모델] BOOSTER_PRO | [모델근거] text_variant | [원문링크] https://web.joongna.com/product/223038893
마미케어,메디큐브 부스터프로,메디큐브 에이지알 부스터프로미니 핑크,거래완료,"46,000원",,2025-12-16,0,0,0,36.5℃,중고나라판매자,뷰티/미용,,[출처] 중고나라 | [분석모델] BOOSTER_PRO_MINI | [모델근거] text_variant | [원문링크] https://web.joongna.com/product/222740735
마미케어,메디큐브 부스터프로,메디큐브 부스터 프로 쿠로미 에디션,거래중,"278,000원",복현2동,2025-12-16,0,0,0,36.5℃,중고나라판매자,뷰티/미용,복현2동,[출처] 중고나라 | [분석모델] BOOSTER_PRO | [모델근거] text_variant | [원문링크] https://web.joongna.com/product/213137370
마미케어,메디큐브 부스터프로,[새상품] 메디큐브 부스터프로 미니 플러스 마이멜로디 에디션,거래완료,"90,000원",,2025-12-15,0,0,0,36.5℃,중고나라판매자,뷰티/미용,,[출처] 중고나라 | [분석모델] BOOSTER_PRO_MINI | [모델근거] text_variant | [원문링크] https://web.joongna.com/product/223005271
마미케어,메디큐브 부스터프로,메디큐브 부스터프로,거래완료,"160,000원",주안6동,2025-12-15,0,0,0,36.5℃,중고나라판매자,뷰티/미용,주안6동,[출처] 중고나라 | [분석모델] BOOSTER_PRO | [모델근거] text_variant | [원문링크] https://web.joongna.com/product/222338469
마미케어,메디큐브 부스터프로,메디큐브 AGE-R 부스터 프로 쿠로미 에디션 새상품,거래완료,"273,000원",송도1동,2025-12-13,0,0,0,36.5℃,중고나라판매자,뷰티/미용,송도1동,[출처] 중고나라 | [분석모델] BOOSTER_PRO | [모델근거] text_variant | [원문링크] https://web.joongna.com/product/222925793
마미케어,메디큐브 부스터프로,메디큐브 부스터 프로 블랙,거래완료,"289,000원",,2025-12-12,0,0,0,36.5℃,중고나라판매자,뷰티/미용,,[출처] 중고나라 | [분석모델] BOOSTER_PRO | [모델근거] text_variant | [원문링크] https://web.joongna.com/product/222553261
마미케어,메디큐브 부스터프로,메디큐브 에이지알 부스터 프로 핑크,거래완료,"150,000원",,2025-12-11,0,0,0,36.5℃,중고나라판매자,뷰티/미용,,[출처] 중고나라 | [분석모델] BOOSTER_PRO | [모델근거] text_variant | [원문링크] https://web.joongna.com/product/222861692
마미케어,메디큐브 부스터프로,메디큐브 에이지알 부스터프로,거래완료,"150,000원",,2025-12-11,0,0,0,36.5℃,중고나라판매자,뷰티/미용,,[출처] 중고나라 | [분석모델] BOOSTER_PRO | [모델근거] text_variant | [원문링크] https://web.joongna.com/product/222801377
마미케어,메디큐브 부스터프로,메디큐브 부스터프로 핑크 풀박스(캡포함),거래완료,"180,000원",원효로제1동,2025-12-10,0,0,0,36.5℃,중고나라판매자,뷰티/미용,원효로제1동,[출처] 중고나라 | [분석모델] BOOSTER_PRO | [모델근거] text_variant | [원문링크] https://web.joongna.com/product/222820331
마미케어,메디큐브 부스터프로,메디큐브 부스터프로 미니,거래완료,"53,000원",,2025-12-10,0,0,0,36.5℃,중고나라판매자,뷰티/미용,,[출처] 중고나라 | [분석모델] BOOSTER_PRO_MINI | [모델근거] text_variant | [원문링크] https://web.joongna.com/product/222811297
마미케어,메디큐브 부스터프로,메디큐브 부스터 프로,거래중,"190,000원",,2025-12-09,0,0,0,36.5℃,중고나라판매자,뷰티/미용,,[출처] 중고나라 | [분석모델] BOOSTER_PRO | [모델근거] text_variant | [원문링크] https://web.joongna.com/product/206743478
마미케어,메디큐브 부스터프로,메디큐브 부스터프로 블랙,거래완료,"150,000원",백석1동,2025-12-09,0,0,0,36.5℃,중고나라판매자,뷰티/미용,백석1동,[출처] 중고나라 | [분석모델] BOOSTER_PRO | [모델근거] text_variant | [원문링크] https://web.joongna.com/product/222763615
마미케어,메디큐브 부스터프로,메디큐브 부스터 프로 블랙,거래완료,"120,000원",,2025-12-09,0,0,0,36.5℃,중고나라판매자,뷰티/미용,,[출처] 중고나라 | [분석모델] BOOSTER_PRO | [모델근거] text_variant | [원문링크] https://web.joongna.com/product/222762865
마미케어,메디큐브 부스터프로,메디큐브 부스터프로 한달정도됬음,거래완료,"200,000원",수리동,2025-12-08,0,0,0,36.5℃,중고나라판매자,뷰티/미용,수리동,[출처] 중고나라 | [분석모델] BOOSTER_PRO | [모델근거] text_variant | [원문링크] https://web.joongna.com/product/221145076
마미케어,메디큐브 부스터프로,메디큐브 에이지알 부스터프로 키티에디션 (도산점 구매),거래완료,"260,000원",수유1동,2025-12-08,0,0,0,36.5℃,중고나라판매자,뷰티/미용,수유1동,[출처] 중고나라 | [분석모델] BOOSTER_PRO | [모델근거] text_variant | [원문링크] https://web.joongna.com/product/222601213
마미케어,메디큐브 부스터프로,메디큐브 에이지알 부스터 프로 핑크,거래완료,"180,000원",논현2동,2025-12-08,0,0,0,36.5℃,중고나라판매자,뷰티/미용,논현2동,[출처] 중고나라 | [분석모델] BOOSTER_PRO | [모델근거] text_variant | [원문링크] https://web.joongna.com/product/222711474
마미케어,메디큐브 부스터프로,메디큐브 에이지알 부스터 프로 미개봉 새상품,거래완료,"200,000원",,2025-12-07,0,0,0,36.5℃,중고나라판매자,뷰티/미용,,[출처] 중고나라 | [분석모델] BOOSTER_PRO | [모델근거] text_variant | [원문링크] https://web.joongna.com/product/222695320
마미케어,메디큐브 부스터프로,메디큐브 부스터프로 마이멜로디 에디션,거래완료,"280,000원",,2025-12-07,0,0,0,36.5℃,중고나라판매자,뷰티/미용,,[출처] 중고나라 | [분석모델] BOOSTER_PRO | [모델근거] text_variant | [원문링크] https://web.joongna.com/product/221229942
마미케어,메디큐브 부스터프로,뷰티디바이스 메디큐브 부스터프로 25.3월 구입,거래완료,"140,000원",수민동,2025-12-07,0,0,0,36.5℃,중고나라판매자,뷰티/미용,수민동,[출처] 중고나라 | [분석모델] BOOSTER_PRO | [모델근거] text_variant | [원문링크] https://web.joongna.com/product/222675742
마미케어,메디큐브 부스터프로,메디큐브 부스터프로,거래중,"200,000원",,2025-12-06,0,0,0,36.5℃,중고나라판매자,뷰티/미용,,[출처] 중고나라 | [분석모델] BOOSTER_PRO | [모델근거] text_variant | [원문링크] https://web.joongna.com/product/222654200
마미케어,메디큐브 부스터프로,메디큐브 부스터프로 미니,거래완료,"60,000원",,2025-12-05,0,0,0,36.5℃,중고나라판매자,뷰티/미용,,[출처] 중고나라 | [분석모델] BOOSTER_PRO_MINI | [모델근거] text_variant | [원문링크] https://web.joongna.com/product/222410377
마미케어,메디큐브 부스터프로,메디큐브부스터프로,거래완료,"220,000원",지산동,2025-12-04,0,0,0,36.5℃,중고나라판매자,뷰티/미용,지산동,[출처] 중고나라 | [분석모델] BOOSTER_PRO | [모델근거] text_variant | [원문링크] https://web.joongna.com/product/222038900
마미케어,메디큐브 부스터프로,메디큐브 부스터프로 미개봉,거래중,"200,000원",,2025-12-04,0,0,0,36.5℃,중고나라판매자,뷰티/미용,,[출처] 중고나라 | [분석모델] BOOSTER_PRO | [모델근거] text_variant | [원문링크] https://web.joongna.com/product/222570507
마미케어,메디큐브 부스터프로,메디큐브 에이지알 부스터 프로 핑크,거래완료,"159,000원",,2025-12-03,0,0,0,36.5℃,중고나라판매자,뷰티/미용,,[출처] 중고나라 | [분석모델] BOOSTER_PRO | [모델근거] text_variant | [원문링크] https://web.joongna.com/product/222554339
마미케어,메디큐브 부스터프로,메디큐브 클렌징 헤드+ 부스터프로미니플러스 세트 미개봉 판매,거래완료,"100,000원",영종동,2025-12-03,0,0,0,36.5℃,중고나라판매자,뷰티/미용,영종동,[출처] 중고나라 | [분석모델] BOOSTER_PRO_MINI | [모델근거] text_variant | [원문링크] https://web.joongna.com/product/222546644
마미케어,메디큐브 부스터프로,메디큐브 에이지알 부스터프로,거래중,"270,000원",,2025-12-03,0,0,0,36.5℃,중고나라판매자,뷰티/미용,,[출처] 중고나라 | [분석모델] BOOSTER_PRO | [모델근거] text_variant | [원문링크] https://web.joongna.com/product/217894857
마미케어,메디큐브 부스터프로,메디큐브 부스터프로 팝니다.,거래완료,"128,000원",서초4동,2025-12-03,0,0,0,36.5℃,중고나라판매자,뷰티/미용,서초4동,[출처] 중고나라 | [분석모델] BOOSTER_PRO | [모델근거] text_variant | [원문링크] https://web.joongna.com/product/222529257
마미케어,메디큐브 부스터프로,메디큐브 부스터 프로 화이트,거래완료,"170,000원",,2025-12-02,0,0,0,36.5℃,중고나라판매자,뷰티/미용,,[출처] 중고나라 | [분석모델] BOOSTER_PRO | [모델근거] text_variant | [원문링크] https://web.joongna.com/product/222524687
마미케어,메디큐브 부스터프로,메디큐브 에이지알 부스터프로 미개봉 새제품 판매합니다,거래완료,"200,000원",하안1동,2025-12-02,0,0,0,36.5℃,중고나라판매자,뷰티/미용,하안1동,[출처] 중고나라 | [분석모델] BOOSTER_PRO | [모델근거] text_variant | [원문링크] https://web.joongna.com/product/222242855
마미케어,메디큐브 부스터프로,메디큐브 에이지알 부스터 프로 옐로우,거래중,"200,000원",,2025-12-01,0,0,0,36.5℃,중고나라판매자,뷰티/미용,,[출처] 중고나라 | [분석모델] BOOSTER_PRO | [모델근거] text_variant | [원문링크] https://web.joongna.com/product/222476157
마미케어,메디큐브 부스터프로,메디큐브 부스터프로 & 세럼,거래완료,"160,000원",,2025-12-01,0,0,0,36.5℃,중고나라판매자,뷰티/미용,,[출처] 중고나라 | [분석모델] BOOSTER_PRO | [모델근거] text_variant | [원문링크] https://web.joongna.com/product/222398690
마미케어,메디큐브 부스터프로,메디큐브 부스터프로,거래완료,"170,000원",,2025-12-01,0,0,0,36.5℃,중고나라판매자,뷰티/미용,,[출처] 중고나라 | [분석모델] BOOSTER_PRO | [모델근거] text_variant | [원문링크] https://web.joongna.com/product/222453859
마미케어,메디큐브 부스터프로,메디큐브 부스터프로 개봉 새제품,거래완료,"165,000원",,2025-12-01,0,0,0,36.5℃,중고나라판매자,뷰티/미용,,[출처] 중고나라 | [분석모델] BOOSTER_PRO | [모델근거] text_variant | [원문링크] https://web.joongna.com/product/222450622
마미케어,메디큐브 부스터프로,메디큐브 부스터프로 미니,거래완료,"73,000원",,2025-11-30,0,0,0,36.5℃,중고나라판매자,뷰티/미용,,[출처] 중고나라 | [분석모델] BOOSTER_PRO_MINI | [모델근거] text_variant | [원문링크] https://web.joongna.com/product/221958428
마미케어,메디큐브 부스터프로,메디큐브 에이지알 부스터프로 블랙 풀박스,거래완료,"180,000원",,2025-11-28,0,0,0,36.5℃,중고나라판매자,뷰티/미용,,[출처] 중고나라 | [분석모델] BOOSTER_PRO | [모델근거] text_variant | [원문링크] https://web.joongna.com/product/222094932
마미케어,메디큐브 부스터프로,메디큐브 에이지알 부스터프로 마이멜로디에디션,거래완료,"170,000원",광장동,2025-11-28,0,0,0,36.5℃,중고나라판매자,뷰티/미용,광장동,[출처] 중고나라 | [분석모델] BOOSTER_PRO | [모델근거] text_variant | [원문링크] https://web.joongna.com/product/222356760
마미케어,메디큐브 부스터프로,메디큐브 AGE-R 부스터프로,거래완료,"150,000원",,2025-11-27,0,0,0,36.5℃,중고나라판매자,뷰티/미용,,[출처] 중고나라 | [분석모델] BOOSTER_PRO | [모델근거] text_variant | [원문링크] https://web.joongna.com/product/222308735
마미케어,메디큐브 부스터프로,메디큐브 에이지알 부스터프로 블랙,거래완료,"170,000원",의정부1동,2025-11-26,0,0,0,36.5℃,중고나라판매자,뷰티/미용,의정부1동,[출처] 중고나라 | [분석모델] BOOSTER_PRO | [모델근거] text_variant | [원문링크] https://web.joongna.com/product/222303061
마미케어,메디큐브 부스터프로,메디큐브 에이지알 부스터프로,거래중,"180,000원",사당제5동,2025-11-26,0,0,0,36.5℃,중고나라판매자,뷰티/미용,사당제5동,[출처] 중고나라 | [분석모델] BOOSTER_PRO | [모델근거] text_variant | [원문링크] https://web.joongna.com/product/212662649
마미케어,메디큐브 부스터프로,메디큐브 부스터프로,거래완료,"170,000원",,2025-11-24,0,0,0,36.5℃,중고나라판매자,뷰티/미용,,[출처] 중고나라 | [분석모델] BOOSTER_PRO | [모델근거] text_variant | [원문링크] https://web.joongna.com/product/222141143
마미케어,메디큐브 부스터프로,메디큐브 에이지알 부스터 프로,거래완료,"118,000원",동백3동,2025-11-23,0,0,0,36.5℃,중고나라판매자,뷰티/미용,동백3동,[출처] 중고나라 | [분석모델] BOOSTER_PRO | [모델근거] text_variant | [원문링크] https://web.joongna.com/product/222178268
마미케어,메디큐브 부스터프로,메디큐브 에이지알 부스터프로,거래완료,"170,000원",,2025-11-22,0,0,0,36.5℃,중고나라판매자,뷰티/미용,,[출처] 중고나라 | [분석모델] BOOSTER_PRO | [모델근거] text_variant | [원문링크] https://web.joongna.com/product/222138461
마미케어,메디큐브 부스터프로,메디큐브 AGE-R 부스터프로,거래완료,"170,000원",,2025-11-22,0,0,0,36.5℃,중고나라판매자,뷰티/미용,,[출처] 중고나라 | [분석모델] BOOSTER_PRO | [모델근거] text_variant | [원문링크] https://web.joongna.com/product/222122935
마미케어,메디큐브 부스터프로,메디큐브 에이지알 부스터프로 풀박스,거래완료,"200,000원",봉담읍,2025-11-21,0,0,0,36.5℃,중고나라판매자,뷰티/미용,봉담읍,[출처] 중고나라 | [분석모델] BOOSTER_PRO | [모델근거] text_variant | [원문링크] https://web.joongna.com/product/222113077
마미케어,메디큐브 부스터프로,메디큐브 부스터프로,거래완료,"170,000원",,2025-11-21,0,0,0,36.5℃,중고나라판매자,뷰티/미용,,[출처] 중고나라 | [분석모델] BOOSTER_PRO | [모델근거] text_variant | [원문링크] https://web.joongna.com/product/222110391
마미케어,메디큐브 부스터프로,메디큐브 에이지알 부스터 프로 풀박스,거래완료,"175,000원",,2025-11-21,0,0,0,36.5℃,중고나라판매자,뷰티/미용,,[출처] 중고나라 | [분석모델] BOOSTER_PRO | [모델근거] text_variant | [원문링크] https://web.joongna.com/product/221149173
마미케어,메디큐브 부스터프로,메디큐브 에이지알 부스터프로,거래완료,"170,000원",,2025-11-21,0,0,0,36.5℃,중고나라판매자,뷰티/미용,,[출처] 중고나라 | [분석모델] BOOSTER_PRO | [모델근거] text_variant | [원문링크] https://web.joongna.com/product/221932643
마미케어,메디큐브 부스터프로,메디큐브 부스터프로,거래완료,"220,000원",일동,2025-11-20,0,0,0,36.5℃,중고나라판매자,뷰티/미용,일동,[출처] 중고나라 | [분석모델] BOOSTER_PRO | [모델근거] text_variant | [원문링크] https://web.joongna.com/product/222073287
마미케어,메디큐브 부스터프로,메디큐브 에이지알 부스터 프로 미개봉 새상품입니다,거래완료,"210,000원",,2025-11-20,0,0,0,36.5℃,중고나라판매자,뷰티/미용,,[출처] 중고나라 | [분석모델] BOOSTER_PRO | [모델근거] text_variant | [원문링크] https://web.joongna.com/product/220884986
마미케어,메디큐브 부스터프로,미개봉 메디큐브 부스터프로미니 플러스 + 전동 클렌저 세트 풀박,거래완료,"119,000원",화전동,2025-11-19,0,0,0,36.5℃,중고나라판매자,뷰티/미용,화전동,[출처] 중고나라 | [분석모델] BOOSTER_PRO_MINI | [모델근거] text_variant | [원문링크] https://web.joongna.com/product/222025453
마미케어,메디큐브 부스터프로,메디큐브 부스터 프로,거래완료,"160,000원",,2025-11-18,0,0,0,36.5℃,중고나라판매자,뷰티/미용,,[출처] 중고나라 | [분석모델] BOOSTER_PRO | [모델근거] text_variant | [원문링크] https://web.joongna.com/product/221056697
마미케어,메디큐브 부스터프로,메디큐브 부스터프로 미니,거래완료,"73,000원",,2025-11-17,0,0,0,36.5℃,중고나라판매자,뷰티/미용,,[출처] 중고나라 | [분석모델] BOOSTER_PRO_MINI | [모델근거] text_variant | [원문링크] https://web.joongna.com/product/221932915
마미케어,메디큐브 부스터프로,(우체국무료배송/새상품) 메디큐브 에이지알 부스터프로,거래완료,"195,000원",,2025-11-16,0,0,0,36.5℃,중고나라판매자,뷰티/미용,,[출처] 중고나라 | [분석모델] BOOSTER_PRO | [모델근거] text_variant | [원문링크] https://web.joongna.com/product/221874230
마미케어,메디큐브 부스터프로,메디큐브 마이멜로디 부스터프로 미니플러스,거래완료,"85,000원",백석1동,2025-11-15,0,0,0,36.5℃,중고나라판매자,뷰티/미용,백석1동,[출처] 중고나라 | [분석모델] BOOSTER_PRO_MINI | [모델근거] text_variant | [원문링크] https://web.joongna.com/product/221859599
마미케어,메디큐브 부스터프로,(우체국무료배송/새상품) 메디큐브 에이지알 부스터프로,거래완료,"195,000원",,2025-11-15,0,0,0,36.5℃,중고나라판매자,뷰티/미용,,[출처] 중고나라 | [분석모델] BOOSTER_PRO | [모델근거] text_variant | [원문링크] https://web.joongna.com/product/221857477
마미케어,메디큐브 부스터프로,AGE-R BOOSTER PRO MINI PLUS 메디큐브 부스터 프로미니 플러스,거래완료,"90,000원",,2025-11-15,0,0,0,36.5℃,중고나라판매자,뷰티/미용,,[출처] 중고나라 | [분석모델] BOOSTER_PRO_MINI | [모델근거] text_variant | [원문링크] https://web.joongna.com/product/221789253
마미케어,메디큐브 부스터프로,(우체국무료배송/새상품) 메디큐브 에이지알 부스터프로,예약중,"195,000원",,2025-11-14,0,0,0,36.5℃,중고나라판매자,뷰티/미용,,[출처] 중고나라 | [분석모델] BOOSTER_PRO | [모델근거] text_variant | [원문링크] https://web.joongna.com/product/221832869
마미케어,메디큐브 부스터프로,(우체국무료배송/새상품) 메디큐브 에이지알 부스터프로,거래완료,"195,000원",,2025-11-14,0,0,0,36.5℃,중고나라판매자,뷰티/미용,,[출처] 중고나라 | [분석모델] BOOSTER_PRO | [모델근거] text_variant | [원문링크] https://web.joongna.com/product/221772992
마미케어,메디큐브 부스터프로,메디큐브 AGE-R 부스터프로,거래완료,"180,000원",도촌동,2025-11-12,0,0,0,36.5℃,중고나라판매자,뷰티/미용,도촌동,[출처] 중고나라 | [분석모델] BOOSTER_PRO | [모델근거] text_variant | [원문링크] https://web.joongna.com/product/221775709
마미케어,메디큐브 부스터프로,메디큐브 에이지알 부스터프로 미니 플러스 마이멜로디,거래완료,"77,000원",반여제1동,2025-11-12,0,0,0,36.5℃,중고나라판매자,뷰티/미용,반여제1동,[출처] 중고나라 | [분석모델] BOOSTER_PRO_MINI | [모델근거] text_variant | [원문링크] https://web.joongna.com/product/221369126
마미케어,메디큐브 부스터프로,메디큐브 부스터프로 미니 플러스 세트,거래완료,"100,000원",,2025-11-11,0,0,0,36.5℃,중고나라판매자,뷰티/미용,,[출처] 중고나라 | [분석모델] BOOSTER_PRO_MINI | [모델근거] text_variant | [원문링크] https://web.joongna.com/product/221715924
마미케어,메디큐브 부스터프로,메디큐브 부스터 프로 레몬색 팝니다,거래완료,"175,000원",,2025-11-10,0,0,0,36.5℃,중고나라판매자,뷰티/미용,,[출처] 중고나라 | [분석모델] BOOSTER_PRO | [모델근거] text_variant | [원문링크] https://web.joongna.com/product/221227641
마미케어,메디큐브 부스터프로,메디큐브 부스터프로 (25.06제조) 정품,거래완료,"165,000원",산곡1동,2025-11-10,0,0,0,36.5℃,중고나라판매자,뷰티/미용,산곡1동,[출처] 중고나라 | [분석모델] BOOSTER_PRO | [모델근거] text_variant | [원문링크] https://web.joongna.com/product/221679824
마미케어,메디큐브 부스터프로,메디큐브 부스터프로 옐로우 풀세트,거래중,"270,000원",관양2동,2025-11-08,0,0,0,36.5℃,중고나라판매자,뷰티/미용,관양2동,[출처] 중고나라 | [분석모델] BOOSTER_PRO | [모델근거] text_variant | [원문링크] https://web.joongna.com/product/221607584
마미케어,메디큐브 부스터프로,메디큐브 부스터프로 마이멜로디 풀박스,거래완료,"260,000원",상인2동,2025-11-07,0,0,0,36.5℃,중고나라판매자,뷰티/미용,상인2동,[출처] 중고나라 | [분석모델] BOOSTER_PRO | [모델근거] text_variant | [원문링크] https://web.joongna.com/product/221592398
마미케어,메디큐브 부스터프로,메디큐브 에이지알 부스터 프로,거래중,"200,000원",자양제4동,2025-11-07,0,0,0,36.5℃,중고나라판매자,뷰티/미용,자양제4동,[출처] 중고나라 | [분석모델] BOOSTER_PRO | [모델근거] text_variant | [원문링크] https://web.joongna.com/product/221571744
마미케어,메디큐브 부스터프로,미개봉) 메디큐브 부스터프로 미니,거래완료,"89,000원",,2025-11-07,0,0,0,36.5℃,중고나라판매자,뷰티/미용,,[출처] 중고나라 | [분석모델] BOOSTER_PRO_MINI | [모델근거] text_variant | [원문링크] https://web.joongna.com/product/221404218
마미케어,메디큐브 부스터프로,메디큐브 부스터프로,거래완료,"150,000원",,2025-11-06,0,0,0,36.5℃,중고나라판매자,뷰티/미용,,[출처] 중고나라 | [분석모델] BOOSTER_PRO | [모델근거] text_variant | [원문링크] https://web.joongna.com/product/219665901
마미케어,메디큐브 부스터프로,메디큐브 부스터프로 미니 새제품,거래완료,"78,000원",,2025-11-05,0,0,0,36.5℃,중고나라판매자,뷰티/미용,,[출처] 중고나라 | [분석모델] BOOSTER_PRO_MINI | [모델근거] text_variant | [원문링크] https://web.joongna.com/product/221513011
마미케어,메디큐브 부스터프로,메디큐브 부스터프로 미니,거래완료,"50,000원",,2025-11-05,0,0,0,36.5℃,중고나라판매자,뷰티/미용,,[출처] 중고나라 | [분석모델] BOOSTER_PRO_MINI | [모델근거] text_variant | [원문링크] https://web.joongna.com/product/221084045
마미케어,메디큐브 부스터프로,메디큐브 에이지알 부스터프로 라벤더,거래완료,"200,000원",,2025-11-04,0,0,0,36.5℃,중고나라판매자,뷰티/미용,,[출처] 중고나라 | [분석모델] BOOSTER_PRO | [모델근거] text_variant | [원문링크] https://web.joongna.com/product/221482417
마미케어,메디큐브 부스터프로,메디큐브 에이지알 부스터프로 쿠로미 에디션 풀박스,거래완료,"160,000원",,2025-11-04,0,0,0,36.5℃,중고나라판매자,뷰티/미용,,[출처] 중고나라 | [분석모델] BOOSTER_PRO | [모델근거] text_variant | [원문링크] https://web.joongna.com/product/221468067
마미케어,메디큐브 부스터프로,메디큐브 에이지알 부스터 프로 미개봉 새상품,거래완료,"210,000원",,2025-11-04,0,0,0,36.5℃,중고나라판매자,뷰티/미용,,[출처] 중고나라 | [분석모델] BOOSTER_PRO | [모델근거] text_variant | [원문링크] https://web.joongna.com/product/221465118
마미케어,메디큐브 부스터프로,메디큐브 부스터프로,거래완료,"150,000원",,2025-11-03,0,0,0,36.5℃,중고나라판매자,뷰티/미용,,[출처] 중고나라 | [분석모델] BOOSTER_PRO | [모델근거] text_variant | [원문링크] https://web.joongna.com/product/221268983
마미케어,메디큐브 부스터프로,메디큐브 부스터프로 핑크,거래완료,"150,000원",,2025-11-03,0,0,0,36.5℃,중고나라판매자,뷰티/미용,,[출처] 중고나라 | [분석모델] BOOSTER_PRO | [모델근거] text_variant | [원문링크] https://web.joongna.com/product/221431035
마미케어,메디큐브 부스터프로,메디큐브 AGE-R 부스터 프로 마이멜로디,거래완료,"260,000원",중리동,2025-11-03,0,0,0,36.5℃,중고나라판매자,뷰티/미용,중리동,[출처] 중고나라 | [분석모델] BOOSTER_PRO | [모델근거] text_variant | [원문링크] https://web.joongna.com/product/221409972
마미케어,메디큐브 부스터프로,메디큐브 부스터프로 풀박스,거래완료,"160,000원",,2025-11-02,0,0,0,36.5℃,중고나라판매자,뷰티/미용,,[출처] 중고나라 | [분석모델] BOOSTER_PRO | [모델근거] text_variant | [원문링크] https://web.joongna.com/product/221401974
마미케어,메디큐브 부스터프로,메디큐브 부스터프로,거래완료,"160,000원",,2025-11-02,0,0,0,36.5℃,중고나라판매자,뷰티/미용,,[출처] 중고나라 | [분석모델] BOOSTER_PRO | [모델근거] text_variant | [원문링크] https://web.joongna.com/product/221402230
마미케어,메디큐브 부스터프로,메디큐브 에이지알 부스터프로 블랙 미개봉 새제품,거래중,"225,000원",,2025-11-02,0,0,0,36.5℃,중고나라판매자,뷰티/미용,,[출처] 중고나라 | [분석모델] BOOSTER_PRO | [모델근거] text_variant | [원문링크] https://web.joongna.com/product/221397787
마미케어,메디큐브 부스터프로,메디큐브부스터프로 미니플러스,거래중,"95,000원",운정3동,2025-11-02,0,0,0,36.5℃,중고나라판매자,뷰티/미용,운정3동,[출처] 중고나라 | [분석모델] BOOSTER_PRO_MINI | [모델근거] text_variant | [원문링크] https://web.joongna.com/product/221380956
마미케어,메디큐브 부스터프로,[새상품] 메디큐브 부스터 프로 쿠로미 에디션,거래완료,"270,000원",,2025-11-02,0,0,0,36.5℃,중고나라판매자,뷰티/미용,,[출처] 중고나라 | [분석모델] BOOSTER_PRO | [모델근거] text_variant | [원문링크] https://web.joongna.com/product/221296881
마미케어,메디큐브 부스터프로,메디큐브 부스터프로,거래완료,"160,000원",,2025-11-01,0,0,0,36.5℃,중고나라판매자,뷰티/미용,,[출처] 중고나라 | [분석모델] BOOSTER_PRO | [모델근거] text_variant | [원문링크] https://web.joongna.com/product/219983072
마미케어,메디큐브 부스터프로,메디큐브 부스터 프로 화이트,거래완료,"150,000원",,2025-10-31,0,0,0,36.5℃,중고나라판매자,뷰티/미용,,[출처] 중고나라 | [분석모델] BOOSTER_PRO | [모델근거] text_variant | [원문링크] https://web.joongna.com/product/221334525
마미케어,메디큐브 부스터프로,메디큐브 에이지알 부스터프로,거래완료,"280,000원",,2025-10-30,0,0,0,36.5℃,중고나라판매자,뷰티/미용,,[출처] 중고나라 | [분석모델] BOOSTER_PRO | [모델근거] text_variant | [원문링크] https://web.joongna.com/product/221286691
마미케어,메디큐브 부스터프로,[메디큐브 공식몰 구입] 부스터프로미니 판매,거래중,"89,000원",,2025-10-29,0,0,0,36.5℃,중고나라판매자,뷰티/미용,,[출처] 중고나라 | [분석모델] BOOSTER_PRO_MINI | [모델근거] text_variant | [원문링크] https://web.joongna.com/product/219729778
마미케어,메디큐브 부스터프로,메디큐브 부스터프로 블랙,거래완료,"180,000원",오정동,2025-10-28,0,0,0,36.5℃,중고나라판매자,뷰티/미용,오정동,[출처] 중고나라 | [분석모델] BOOSTER_PRO | [모델근거] text_variant | [원문링크] https://web.joongna.com/product/221216784
마미케어,메디큐브 부스터프로,메디큐브 에이지알 부스터 프로 풀박스,거래완료,"200,000원",,2025-10-28,0,0,0,36.5℃,중고나라판매자,뷰티/미용,,[출처] 중고나라 | [분석모델] BOOSTER_PRO | [모델근거] text_variant | [원문링크] https://web.joongna.com/product/221198129
마미케어,메디큐브 부스터프로,메디큐브 에이지알 AGE-R 부스터 프로 풀박스,거래완료,"160,000원",,2025-10-28,0,0,0,36.5℃,중고나라판매자,뷰티/미용,,[출처] 중고나라 | [분석모델] BOOSTER_PRO | [모델근거] text_variant | [원문링크] https://web.joongna.com/product/220977986
마미케어,메디큐브 부스터프로,메디큐브 부스터프로 쿠로미 에디션,거래완료,"170,000원",,2025-10-28,0,0,0,36.5℃,중고나라판매자,뷰티/미용,,[출처] 중고나라 | [분석모델] BOOSTER_PRO | [모델근거] text_variant | [원문링크] https://web.joongna.com/product/221195576
마미케어,메디큐브 부스터프로,메디큐브 부스터 프로,거래완료,"190,000원",,2025-10-28,0,0,0,36.5℃,중고나라판매자,뷰티/미용,,[출처] 중고나라 | [분석모델] BOOSTER_PRO | [모델근거] text_variant | [원문링크] https://web.joongna.com/product/221195169
마미케어,메디큐브 부스터프로,메디큐브 에이지알 부스터 프로 화이트,거래완료,"200,000원",인동동,2025-10-28,0,0,0,36.5℃,중고나라판매자,뷰티/미용,인동동,[출처] 중고나라 | [분석모델] BOOSTER_PRO | [모델근거] text_variant | [원문링크] https://web.joongna.com/product/221143055
마미케어,메디큐브 부스터프로,메디큐브 에이지알 부스터 프로(장원영 물광 디바이스),거래완료,"150,000원",,2025-10-28,0,0,0,36.5℃,중고나라판매자,뷰티/미용,,[출처] 중고나라 | [분석모델] BOOSTER_PRO | [모델근거] text_variant | [원문링크] https://web.joongna.com/product/221190904
마미케어,메디큐브 부스터프로,메디큐브 부스터프로,거래완료,"230,000원",,2025-10-26,0,0,0,36.5℃,중고나라판매자,뷰티/미용,,[출처] 중고나라 | [분석모델] BOOSTER_PRO | [모델근거] text_variant | [원문링크] https://web.joongna.com/product/220865559
마미케어,메디큐브 부스터프로,"메디큐브 에이지알 부스터 프로, 글루타치온 크림",거래완료,"173,000원",,2025-10-25,0,0,0,36.5℃,중고나라판매자,뷰티/미용,,[출처] 중고나라 | [분석모델] BOOSTER_PRO | [모델근거] text_variant | [원문링크] https://web.joongna.com/product/221091908
마미케어,메디큐브 부스터프로,메디큐브 에이지알 부스터프로(블랙) 풀박스,거래완료,"210,000원",중흥1동,2025-10-25,0,0,0,36.5℃,중고나라판매자,뷰티/미용,중흥1동,[출처] 중고나라 | [분석모델] BOOSTER_PRO | [모델근거] text_variant | [원문링크] https://web.joongna.com/product/220781667
마미케어,메디큐브 부스터프로,메디큐브 부스터 프로 마이멜로디 에디션 (새상품),거래완료,"270,000원",,2025-10-24,0,0,0,36.5℃,중고나라판매자,뷰티/미용,,[출처] 중고나라 | [분석모델] BOOSTER_PRO | [모델근거] text_variant | [원문링크] https://web.joongna.com/product/221078654
마미케어,메디큐브 부스터프로,메디큐브 부스터프로 마이멜로디 단순개봉 새상품,거래완료,"280,000원",선산읍,2025-10-24,0,0,0,36.5℃,중고나라판매자,뷰티/미용,선산읍,[출처] 중고나라 | [분석모델] BOOSTER_PRO | [모델근거] text_variant | [원문링크] https://web.joongna.com/product/220951221
마미케어,메디큐브 부스터프로,메디큐브 부스터프로 키티에디션(25.8 제품),거래완료,"210,000원",,2025-10-24,0,0,0,36.5℃,중고나라판매자,뷰티/미용,,[출처] 중고나라 | [분석모델] BOOSTER_PRO | [모델근거] text_variant | [원문링크] https://web.joongna.com/product/220908285
마미케어,메디큐브 부스터프로,풀박스 메디큐브 새상품 급 부스터프로 판매합니다,거래중,"180,000원",,2025-10-22,0,0,0,36.5℃,중고나라판매자,뷰티/미용,,[출처] 중고나라 | [분석모델] BOOSTER_PRO | [모델근거] text_variant | [원문링크] https://web.joongna.com/product/220388647
마미케어,메디큐브 부스터프로,메디큐브 에이지알 부스터 프로 미니 화이트,거래완료,"48,000원",,2025-10-21,0,0,0,36.5℃,중고나라판매자,뷰티/미용,,[출처] 중고나라 | [분석모델] BOOSTER_PRO_MINI | [모델근거] text_variant | [원문링크] https://web.joongna.com/product/220961771
마미케어,메디큐브 부스터프로,메디큐브 부스터프로,거래완료,"135,000원",태전1동,2025-10-20,0,0,0,36.5℃,중고나라판매자,뷰티/미용,태전1동,[출처] 중고나라 | [분석모델] BOOSTER_PRO | [모델근거] text_variant | [원문링크] https://web.joongna.com/product/220912576
마미케어,메디큐브 부스터프로,메디큐브 에이지알 부스터프로,거래완료,"250,000원",법1동,2025-10-20,0,0,0,36.5℃,중고나라판매자,뷰티/미용,법1동,[출처] 중고나라 | [분석모델] BOOSTER_PRO | [모델근거] text_variant | [원문링크] https://web.joongna.com/product/220908210
마미케어,메디큐브 부스터프로,메디큐브 에이지 알 부스터프로 잔망루피,거래완료,"150,000원",완산동,2025-10-19,0,0,0,36.5℃,중고나라판매자,뷰티/미용,완산동,[출처] 중고나라 | [분석모델] BOOSTER_PRO | [모델근거] text_variant | [원문링크] https://web.joongna.com/product/220889056
마미케어,메디큐브 부스터프로,메디큐브 부스터프로 풀박스 + 핑크 pdrn 앰플,거래완료,"150,000원",,2025-10-19,0,0,0,36.5℃,중고나라판매자,뷰티/미용,,[출처] 중고나라 | [분석모델] BOOSTER_PRO | [모델근거] text_variant | [원문링크] https://web.joongna.com/product/220875912
마미케어,메디큐브 부스터프로,메디큐브 에이지알 부스터프로 핑크,거래완료,"210,000원",,2025-10-18,0,0,0,36.5℃,중고나라판매자,뷰티/미용,,[출처] 중고나라 | [분석모델] BOOSTER_PRO | [모델근거] text_variant | [원문링크] https://web.joongna.com/product/220847081
마미케어,메디큐브 부스터프로,메디큐브 부스터프로 새상품,거래완료,"185,000원",,2025-10-16,0,0,0,36.5℃,중고나라판매자,뷰티/미용,,[출처] 중고나라 | [분석모델] BOOSTER_PRO | [모델근거] text_variant | [원문링크] https://web.joongna.com/product/220780966
마미케어,메디큐브 부스터프로,메디큐브 에이지 알 부스터프로,거래완료,"150,000원",,2025-10-16,0,0,0,36.5℃,중고나라판매자,뷰티/미용,,[출처] 중고나라 | [분석모델] BOOSTER_PRO | [모델근거] text_variant | [원문링크] https://web.joongna.com/product/217798300
마미케어,메디큐브 부스터프로,메디큐브 부스터프로 헬로키티 에디션,거래완료,"270,000원",,2025-10-16,0,0,0,36.5℃,중고나라판매자,뷰티/미용,,[출처] 중고나라 | [분석모델] BOOSTER_PRO | [모델근거] text_variant | [원문링크] https://web.joongna.com/product/220491627
마미케어,메디큐브 부스터프로,새상품)메디큐브 부스터 프로,거래완료,"180,000원",,2025-10-15,0,0,0,36.5℃,중고나라판매자,뷰티/미용,,[출처] 중고나라 | [분석모델] BOOSTER_PRO | [모델근거] text_variant | [원문링크] https://web.joongna.com/product/220745601
마미케어,메디큐브 부스터프로,메디큐브 부스터프로 블랙(23.11월제조)+세럼증정,거래완료,"140,000원",,2025-10-15,0,0,0,36.5℃,중고나라판매자,뷰티/미용,,[출처] 중고나라 | [분석모델] BOOSTER_PRO | [모델근거] text_variant | [원문링크] https://web.joongna.com/product/220739152
마미케어,메디큐브 부스터프로,메디큐브 부스터프로,거래중,"180,000원",,2025-10-15,0,0,0,36.5℃,중고나라판매자,뷰티/미용,,[출처] 중고나라 | [분석모델] BOOSTER_PRO | [모델근거] text_variant | [원문링크] https://web.joongna.com/product/220724919
마미케어,메디큐브 부스터프로,메디큐브 부스터프로 새제품,거래완료,"200,000원",,2025-10-14,0,0,0,36.5℃,중고나라판매자,뷰티/미용,,[출처] 중고나라 | [분석모델] BOOSTER_PRO | [모델근거] text_variant | [원문링크] https://web.joongna.com/product/219117713
마미케어,메디큐브 부스터프로,메디큐브 부스터프로,거래완료,"160,000원",,2025-10-13,0,0,0,36.5℃,중고나라판매자,뷰티/미용,,[출처] 중고나라 | [분석모델] BOOSTER_PRO | [모델근거] text_variant | [원문링크] https://web.joongna.com/product/220470554
마미케어,메디큐브 부스터프로,메디큐브 부스터 프로 미니 춘식이 에디션,거래완료,"69,000원",신촌동,2025-10-12,0,0,0,36.5℃,중고나라판매자,뷰티/미용,신촌동,[출처] 중고나라 | [분석모델] BOOSTER_PRO_MINI | [모델근거] text_variant | [원문링크] https://web.joongna.com/product/219591458
마미케어,메디큐브 부스터프로,메디큐브 부스터 프로,거래완료,"125,000원",,2025-10-12,0,0,0,36.5℃,중고나라판매자,뷰티/미용,,[출처] 중고나라 | [분석모델] BOOSTER_PRO | [모델근거] text_variant | [원문링크] https://web.joongna.com/product/220626530
마미케어,메디큐브 부스터프로,(미개봉 새상품) 메디큐브 장원영 부스터프로,거래완료,"230,000원",개포1동,2025-10-12,0,0,0,36.5℃,중고나라판매자,뷰티/미용,개포1동,[출처] 중고나라 | [분석모델] BOOSTER_PRO | [모델근거] text_variant | [원문링크] https://web.joongna.com/product/220547078
마미케어,메디큐브 부스터프로,(인천) 메디큐브 부스터프로,거래완료,"180,000원",문학동,2025-10-11,0,0,0,36.5℃,중고나라판매자,뷰티/미용,문학동,[출처] 중고나라 | [분석모델] BOOSTER_PRO | [모델근거] text_variant | [원문링크] https://web.joongna.com/product/220570555
마미케어,메디큐브 부스터프로,메디큐브 부스터프로 에이지알,거래완료,"190,000원",미사1동,2025-10-10,0,0,0,36.5℃,중고나라판매자,뷰티/미용,미사1동,[출처] 중고나라 | [분석모델] BOOSTER_PRO | [모델근거] text_variant | [원문링크] https://web.joongna.com/product/220561795
마미케어,메디큐브 부스터프로,[메디큐브 공식몰 구입] 부스터프로미니 판매,거래중,"93,000원",,2025-10-10,0,0,0,36.5℃,중고나라판매자,뷰티/미용,,[출처] 중고나라 | [분석모델] BOOSTER_PRO_MINI | [모델근거] text_variant | [원문링크] https://web.joongna.com/product/219880247
마미케어,메디큐브 부스터프로,메디큐브 에이지알 부스터프로,거래완료,"150,000원",양재1동,2025-10-10,0,0,0,36.5℃,중고나라판매자,뷰티/미용,양재1동,[출처] 중고나라 | [분석모델] BOOSTER_PRO | [모델근거] text_variant | [원문링크] https://web.joongna.com/product/220530707
마미케어,메디큐브 부스터프로,메디큐브 부스터프로,거래완료,"90,000원",,2025-10-09,0,0,0,36.5℃,중고나라판매자,뷰티/미용,,[출처] 중고나라 | [분석모델] BOOSTER_PRO | [모델근거] text_variant | [원문링크] https://web.joongna.com/product/220514074
마미케어,메디큐브 부스터프로,메디큐브 에이지알 부스터 프로 미니 플러스 핑크,거래완료,"80,000원",,2025-10-08,0,0,0,36.5℃,중고나라판매자,뷰티/미용,,[출처] 중고나라 | [분석모델] BOOSTER_PRO_MINI | [모델근거] text_variant | [원문링크] https://web.joongna.com/product/220492345
마미케어,메디큐브 부스터프로,(미개봉)메디큐브 부스터프로 팔아요,거래완료,"200,000원",,2025-10-07,0,0,0,36.5℃,중고나라판매자,뷰티/미용,,[출처] 중고나라 | [분석모델] BOOSTER_PRO | [모델근거] text_variant | [원문링크] https://web.joongna.com/product/220422818
마미케어,메디큐브 부스터프로,풀박스] 메디큐브 에이지알 부스터 프로 헬로키티 에디션,거래완료,"250,000원",개금제1동,2025-10-07,0,0,0,36.5℃,중고나라판매자,뷰티/미용,개금제1동,[출처] 중고나라 | [분석모델] BOOSTER_PRO | [모델근거] text_variant | [원문링크] https://web.joongna.com/product/220448612
마미케어,메디큐브 부스터프로,추석특가 메디큐브 부스터프로 마이멜로디,거래완료,"320,000원",,2025-10-06,0,0,0,36.5℃,중고나라판매자,뷰티/미용,,[출처] 중고나라 | [분석모델] BOOSTER_PRO | [모델근거] text_variant | [원문링크] https://web.joongna.com/product/220422002
마미케어,메디큐브 부스터프로,메디큐브 부스터프로 AGE-R Booster Pro,거래완료,"150,000원",,2025-10-05,0,0,0,36.5℃,중고나라판매자,뷰티/미용,,[출처] 중고나라 | [분석모델] BOOSTER_PRO | [모델근거] text_variant | [원문링크] https://web.joongna.com/product/220400146
마미케어,메디큐브 부스터프로,메디큐브 에이지알 부스터프로 헬로키티 한정판,거래완료,"255,000원",,2025-10-04,0,0,0,36.5℃,중고나라판매자,뷰티/미용,,[출처] 중고나라 | [분석모델] BOOSTER_PRO | [모델근거] text_variant | [원문링크] https://web.joongna.com/product/220388329
마미케어,메디큐브 부스터프로,메디큐브 부스터프로,거래완료,"180,000원",양주2동,2025-10-04,0,0,0,36.5℃,중고나라판매자,뷰티/미용,양주2동,[출처] 중고나라 | [분석모델] BOOSTER_PRO | [모델근거] text_variant | [원문링크] https://web.joongna.com/product/220378339
마미케어,메디큐브 부스터프로,메디큐브 부스터 프로,거래완료,"180,000원",,2025-10-03,0,0,0,36.5℃,중고나라판매자,뷰티/미용,,[출처] 중고나라 | [분석모델] BOOSTER_PRO | [모델근거] text_variant | [원문링크] https://web.joongna.com/product/219509436
마미케어,메디큐브 부스터프로,메디큐브 부스터프로 미니,거래완료,"53,000원",,2025-10-03,0,0,0,36.5℃,중고나라판매자,뷰티/미용,,[출처] 중고나라 | [분석모델] BOOSTER_PRO_MINI | [모델근거] text_variant | [원문링크] https://web.joongna.com/product/218906826
마미케어,메디큐브 부스터프로,메디큐브 에이지알 부스터 프로 쿠로미 미개봉 새제품,거래완료,"290,000원",,2025-10-02,0,0,0,36.5℃,중고나라판매자,뷰티/미용,,[출처] 중고나라 | [분석모델] BOOSTER_PRO | [모델근거] text_variant | [원문링크] https://web.joongna.com/product/220076557
마미케어,메디큐브 부스터프로,메디큐브 에이지알 부스터 프로 미개봉새상품 (보호캡),거래완료,"225,000원",정릉제4동,2025-10-01,0,0,0,36.5℃,중고나라판매자,뷰티/미용,정릉제4동,[출처] 중고나라 | [분석모델] BOOSTER_PRO | [모델근거] text_variant | [원문링크] https://web.joongna.com/product/220030137
마미케어,메디큐브 부스터프로,(택포)메디큐브 부스터프로미니+콜라겐 글로우 버블세럼,거래완료,"65,000원",,2025-10-01,0,0,0,36.5℃,중고나라판매자,뷰티/미용,,[출처] 중고나라 | [분석모델] BOOSTER_PRO_MINI | [모델근거] text_variant | [원문링크] https://web.joongna.com/product/220259555
마미케어,메디큐브 부스터프로,메디큐브 에이지알 부스터프로 미니 플러스,거래완료,"78,000원",제기동,2025-10-01,0,0,0,36.5℃,중고나라판매자,뷰티/미용,제기동,[출처] 중고나라 | [분석모델] BOOSTER_PRO_MINI | [모델근거] text_variant | [원문링크] https://web.joongna.com/product/220129174
마미케어,메디큐브 부스터프로,메디큐브 부스터프로 핑크 엔젤 에디션 미개봉,거래완료,"290,000원",중동,2025-10-01,0,0,0,36.5℃,중고나라판매자,뷰티/미용,중동,[출처] 중고나라 | [분석모델] BOOSTER_PRO | [모델근거] text_variant | [원문링크] https://web.joongna.com/product/218964993
마미케어,메디큐브 부스터프로,메디큐브 부스터프로 미니 플러스 마이멜로디 판매,거래완료,"80,000원",대명1동,2025-09-30,0,0,0,36.5℃,중고나라판매자,뷰티/미용,대명1동,[출처] 중고나라 | [분석모델] BOOSTER_PRO_MINI | [모델근거] text_variant | [원문링크] https://web.joongna.com/product/220248839
마미케어,메디큐브 부스터프로,메디큐브 부스터프로 정품,거래완료,"170,000원",,2025-09-30,0,0,0,36.5℃,중고나라판매자,뷰티/미용,,[출처] 중고나라 | [분석모델] BOOSTER_PRO | [모델근거] text_variant | [원문링크] https://web.joongna.com/product/220241198
마미케어,메디큐브 부스터프로,(새상품/미개봉) 메디큐브 에이지 알 부스터 프로,거래중,"215,000원",성복동,2025-09-29,0,0,0,36.5℃,중고나라판매자,뷰티/미용,성복동,[출처] 중고나라 | [분석모델] BOOSTER_PRO | [모델근거] text_variant | [원문링크] https://web.joongna.com/product/220227690
마미케어,메디큐브 부스터프로,메디큐브 부스터프로,거래완료,"150,000원",교1동,2025-09-28,0,0,0,36.5℃,중고나라판매자,뷰티/미용,교1동,[출처] 중고나라 | [분석모델] BOOSTER_PRO | [모델근거] text_variant | [원문링크] https://web.joongna.com/product/220136880
마미케어,메디큐브 부스터프로,(미개봉) 메디큐브 에이지알 부스터 프로,거래완료,"220,000원",,2025-09-27,0,0,0,36.5℃,중고나라판매자,뷰티/미용,,[출처] 중고나라 | [분석모델] BOOSTER_PRO | [모델근거] text_variant | [원문링크] https://web.joongna.com/product/220148213
마미케어,메디큐브 부스터프로,메디큐브 에이지알 부스터프로 옐로우 팝니다.,거래완료,"180,000원",동춘1동,2025-09-27,0,0,0,36.5℃,중고나라판매자,뷰티/미용,동춘1동,[출처] 중고나라 | [분석모델] BOOSTER_PRO | [모델근거] text_variant | [원문링크] https://web.joongna.com/product/220137107
마미케어,메디큐브 부스터프로,(미개봉/새상품) 메디큐브 에이지알 부스터프로,거래완료,"195,000원",,2025-09-26,0,0,0,36.5℃,중고나라판매자,뷰티/미용,,[출처] 중고나라 | [분석모델] BOOSTER_PRO | [모델근거] text_variant | [원문링크] https://web.joongna.com/product/220130622
마미케어,메디큐브 부스터프로,메디큐브 에이지알 부스터 프로 마사지기,거래완료,"150,000원",백석1동,2025-09-26,0,0,0,36.5℃,중고나라판매자,뷰티/미용,백석1동,[출처] 중고나라 | [분석모델] BOOSTER_PRO | [모델근거] text_variant | [원문링크] https://web.joongna.com/product/220129914
마미케어,메디큐브 부스터프로,[박스미개봉] 메디큐브 에이지알 부스터프로 마이멜로디,거래완료,"300,000원",,2025-09-26,0,0,0,36.5℃,중고나라판매자,뷰티/미용,,[출처] 중고나라 | [분석모델] BOOSTER_PRO | [모델근거] text_variant | [원문링크] https://web.joongna.com/product/220108653
마미케어,메디큐브 부스터프로,메디큐브 부스터프로,거래중,"200,000원",내외동,2025-09-26,0,0,0,36.5℃,중고나라판매자,뷰티/미용,내외동,[출처] 중고나라 | [분석모델] BOOSTER_PRO | [모델근거] text_variant | [원문링크] https://web.joongna.com/product/219590302
마미케어,메디큐브 부스터프로,[완전미개봉]메디큐브 부스터프로 + 비타C앰플,거래완료,"205,000원",,2025-09-24,0,0,0,36.5℃,중고나라판매자,뷰티/미용,,[출처] 중고나라 | [분석모델] BOOSTER_PRO | [모델근거] text_variant | [원문링크] https://web.joongna.com/product/220055731
마미케어,메디큐브 부스터프로,메디큐브 부스터프로,거래중,"180,000원",,2025-09-23,0,0,0,36.5℃,중고나라판매자,뷰티/미용,,[출처] 중고나라 | [분석모델] BOOSTER_PRO | [모델근거] text_variant | [원문링크] https://web.joongna.com/product/212143671
마미케어,메디큐브 부스터프로,메디큐브 마이멜로디 부스터프로 미니플러스 새상품,거래완료,"100,000원",,2025-09-23,0,0,0,36.5℃,중고나라판매자,뷰티/미용,,[출처] 중고나라 | [분석모델] BOOSTER_PRO_MINI | [모델근거] text_variant | [원문링크] https://web.joongna.com/product/220009471
마미케어,메디큐브 부스터프로,미개봉 새상품) 메디큐브 부스터프로,거래완료,"215,000원",성내1동,2025-09-23,0,0,0,36.5℃,중고나라판매자,뷰티/미용,성내1동,[출처] 중고나라 | [분석모델] BOOSTER_PRO | [모델근거] text_variant | [원문링크] https://web.joongna.com/product/219920527
마미케어,메디큐브 부스터프로,메디큐브 에이지알 부스터프로 미니 화이트,거래완료,"75,000원",첨단2동,2025-09-22,0,0,0,36.5℃,중고나라판매자,뷰티/미용,첨단2동,[출처] 중고나라 | [분석모델] BOOSTER_PRO_MINI | [모델근거] text_variant | [원문링크] https://web.joongna.com/product/219967311
마미케어,메디큐브 부스터프로,메디큐브 부스터프로 쿠로미,거래완료,"330,000원",,2025-09-22,0,0,0,36.5℃,중고나라판매자,뷰티/미용,,[출처] 중고나라 | [분석모델] BOOSTER_PRO | [모델근거] text_variant | [원문링크] https://web.joongna.com/product/218885727
마미케어,메디큐브 부스터프로,메디큐브 부스터프로 마이멜로디 에디션,거래완료,"270,000원",대치4동,2025-09-21,0,0,0,36.5℃,중고나라판매자,뷰티/미용,대치4동,[출처] 중고나라 | [분석모델] BOOSTER_PRO | [모델근거] text_variant | [원문링크] https://web.joongna.com/product/219914487
마미케어,메디큐브 부스터프로,메디큐브 에이지알 부스터프로,거래완료,"150,000원",,2025-09-20,0,0,0,36.5℃,중고나라판매자,뷰티/미용,,[출처] 중고나라 | [분석모델] BOOSTER_PRO | [모델근거] text_variant | [원문링크] https://web.joongna.com/product/219828977
마미케어,메디큐브 부스터프로,메디큐브 부스터 프로,거래완료,"130,000원",,2025-09-19,0,0,0,36.5℃,중고나라판매자,뷰티/미용,,[출처] 중고나라 | [분석모델] BOOSTER_PRO | [모델근거] text_variant | [원문링크] https://web.joongna.com/product/219792648
마미케어,메디큐브 부스터프로,메디큐브 에이지알 부스터 프로,거래완료,"150,000원",화도읍,2025-09-18,0,0,0,36.5℃,중고나라판매자,뷰티/미용,화도읍,[출처] 중고나라 | [분석모델] BOOSTER_PRO | [모델근거] text_variant | [원문링크] https://web.joongna.com/product/219286242
마미케어,메디큐브 부스터프로,메디큐브 에이지알 부스터 프로,거래완료,"150,000원",화도읍,2025-09-18,0,0,0,36.5℃,중고나라판매자,뷰티/미용,화도읍,[출처] 중고나라 | [분석모델] BOOSTER_PRO | [모델근거] text_variant | [원문링크] https://web.joongna.com/product/219288486
마미케어,메디큐브 부스터프로,메디큐브 부스터프로 (미개봉 새상품),거래완료,"190,000원",세곡동,2025-09-18,0,0,0,36.5℃,중고나라판매자,뷰티/미용,세곡동,[출처] 중고나라 | [분석모델] BOOSTER_PRO | [모델근거] text_variant | [원문링크] https://web.joongna.com/product/219734038
마미케어,메디큐브 부스터프로,메디큐브 에이지알 부스터 프로,거래완료,"180,000원",,2025-09-18,0,0,0,36.5℃,중고나라판매자,뷰티/미용,,[출처] 중고나라 | [분석모델] BOOSTER_PRO | [모델근거] text_variant | [원문링크] https://web.joongna.com/product/219716566
마미케어,메디큐브 부스터프로,메디큐브 부스터프로(택포),거래완료,"200,000원",,2025-09-18,0,0,0,36.5℃,중고나라판매자,뷰티/미용,,[출처] 중고나라 | [분석모델] BOOSTER_PRO | [모델근거] text_variant | [원문링크] https://web.joongna.com/product/219711596
마미케어,메디큐브 부스터프로,메디큐브 부스터프로 거의 새것 판매합니다,거래완료,"170,000원",,2025-09-15,0,0,0,36.5℃,중고나라판매자,뷰티/미용,,[출처] 중고나라 | [분석모델] BOOSTER_PRO | [모델근거] text_variant | [원문링크] https://web.joongna.com/product/219536078
마미케어,메디큐브 부스터프로,메디큐브 부스터프로 미개봉 새제품 팝니다.,거래완료,"200,000원",평동,2025-09-15,0,0,0,36.5℃,중고나라판매자,뷰티/미용,평동,[출처] 중고나라 | [분석모델] BOOSTER_PRO | [모델근거] text_variant | [원문링크] https://web.joongna.com/product/219535929
마미케어,메디큐브 부스터프로,새상품 메디큐브 부스터프로 미니 플러스+클렌징,거래완료,"110,000원",덕풍2동,2025-09-15,0,0,0,36.5℃,중고나라판매자,뷰티/미용,덕풍2동,[출처] 중고나라 | [분석모델] BOOSTER_PRO_MINI | [모델근거] text_variant | [원문링크] https://web.joongna.com/product/219342833
마미케어,메디큐브 부스터프로,메디큐브 부스터프로,거래완료,"250,000원",,2025-09-15,0,0,0,36.5℃,중고나라판매자,뷰티/미용,,[출처] 중고나라 | [분석모델] BOOSTER_PRO | [모델근거] text_variant | [원문링크] https://web.joongna.com/product/219520947
마미케어,메디큐브 부스터프로,메디큐브 부스터프로 핑크 풀박스,거래완료,"170,000원",대야동,2025-09-15,0,0,0,36.5℃,중고나라판매자,뷰티/미용,대야동,[출처] 중고나라 | [분석모델] BOOSTER_PRO | [모델근거] text_variant | [원문링크] https://web.joongna.com/product/219511549
마미케어,메디큐브 부스터프로,메디큐브 에이지알 부스터 프로,거래완료,"150,000원",,2025-09-15,0,0,0,36.5℃,중고나라판매자,뷰티/미용,,[출처] 중고나라 | [분석모델] BOOSTER_PRO | [모델근거] text_variant | [원문링크] https://web.joongna.com/product/219482791
마미케어,메디큐브 부스터프로,메디큐브 에이지알 부스터프로,거래완료,"170,000원",,2025-09-14,0,0,0,36.5℃,중고나라판매자,뷰티/미용,,[출처] 중고나라 | [분석모델] BOOSTER_PRO | [모델근거] text_variant | [원문링크] https://web.joongna.com/product/219463797
마미케어,메디큐브 부스터프로,메디큐브 부스터프로 미니 춘식이에디션,거래완료,"60,000원",,2025-09-14,0,0,0,36.5℃,중고나라판매자,뷰티/미용,,[출처] 중고나라 | [분석모델] BOOSTER_PRO_MINI | [모델근거] text_variant | [원문링크] https://web.joongna.com/product/219437908
마미케어,메디큐브 부스터프로,메디큐브 에이지알 부스터 프로 핑크 새상품,거래중,"250,000원",,2025-09-13,0,0,0,36.5℃,중고나라판매자,뷰티/미용,,[출처] 중고나라 | [분석모델] BOOSTER_PRO | [모델근거] text_variant | [원문링크] https://web.joongna.com/product/219411087
마미케어,메디큐브 부스터프로,메디큐브 부스터프로 미니(중고) + pdrn 핑크 펩타이드 세럼(새제품),거래완료,"72,000원",,2025-09-13,0,0,0,36.5℃,중고나라판매자,뷰티/미용,,[출처] 중고나라 | [분석모델] BOOSTER_PRO_MINI | [모델근거] text_variant | [원문링크] https://web.joongna.com/product/219388946
마미케어,메디큐브 부스터프로,메디큐브 에이지알 부스터프로,거래완료,"160,000원",,2025-09-13,0,0,0,36.5℃,중고나라판매자,뷰티/미용,,[출처] 중고나라 | [분석모델] BOOSTER_PRO | [모델근거] text_variant | [원문링크] https://web.joongna.com/product/219378785
마미케어,메디큐브 부스터프로,[박스미개봉 새상품]메디큐브 에이지알 부스터프로 특별에디션 헬로키티세트,거래완료,"330,000원",,2025-09-13,0,0,0,36.5℃,중고나라판매자,뷰티/미용,,[출처] 중고나라 | [분석모델] BOOSTER_PRO | [모델근거] text_variant | [원문링크] https://web.joongna.com/product/219362697
마미케어,메디큐브 부스터프로,메디큐브 부스터프로 헬로키티 에디션,거래완료,"270,000원",,2025-09-13,0,0,0,36.5℃,중고나라판매자,뷰티/미용,,[출처] 중고나라 | [분석모델] BOOSTER_PRO | [모델근거] text_variant | [원문링크] https://web.joongna.com/product/219361574
마미케어,메디큐브 부스터프로,메디큐브 부스터프로,거래완료,"50,000원",대이동,2025-09-13,0,0,0,36.5℃,중고나라판매자,뷰티/미용,대이동,[출처] 중고나라 | [분석모델] BOOSTER_PRO | [모델근거] text_variant | [원문링크] https://web.joongna.com/product/219355734
마미케어,메디큐브 부스터프로,메디큐브 부스터프로 블랙 판매합니다.,거래완료,"170,000원",,2025-09-12,0,0,0,36.5℃,중고나라판매자,뷰티/미용,,[출처] 중고나라 | [분석모델] BOOSTER_PRO | [모델근거] text_variant | [원문링크] https://web.joongna.com/product/219331479
마미케어,메디큐브 부스터프로,메디큐브 부스터프로,거래중,"220,000원",,2025-09-11,0,0,0,36.5℃,중고나라판매자,뷰티/미용,,[출처] 중고나라 | [분석모델] BOOSTER_PRO | [모델근거] text_variant | [원문링크] https://web.joongna.com/product/219284687
마미케어,메디큐브 부스터프로,메디큐브 부스터프로,거래완료,"250,000원",,2025-09-11,0,0,0,36.5℃,중고나라판매자,뷰티/미용,,[출처] 중고나라 | [분석모델] BOOSTER_PRO | [모델근거] text_variant | [원문링크] https://web.joongna.com/product/219275251
마미케어,메디큐브 부스터프로,메디큐브 에이지알 부스터프로,거래중,"250,000원",,2025-09-11,0,0,0,36.5℃,중고나라판매자,뷰티/미용,,[출처] 중고나라 | [분석모델] BOOSTER_PRO | [모델근거] text_variant | [원문링크] https://web.joongna.com/product/219250168
마미케어,메디큐브 부스터프로,미개봉 메디큐브 부스터프로 팝니다,거래완료,"215,000원",,2025-09-10,0,0,0,36.5℃,중고나라판매자,뷰티/미용,,[출처] 중고나라 | [분석모델] BOOSTER_PRO | [모델근거] text_variant | [원문링크] https://web.joongna.com/product/219221239
마미케어,메디큐브 부스터프로,메디큐브 부스터프로 미개봉 새상품,거래완료,"210,000원",북부동,2025-09-09,0,0,0,36.5℃,중고나라판매자,뷰티/미용,북부동,[출처] 중고나라 | [분석모델] BOOSTER_PRO | [모델근거] text_variant | [원문링크] https://web.joongna.com/product/219140565
마미케어,메디큐브 부스터프로,메디큐브 부스터프로,거래완료,"165,000원",,2025-09-08,0,0,0,36.5℃,중고나라판매자,뷰티/미용,,[출처] 중고나라 | [분석모델] BOOSTER_PRO | [모델근거] text_variant | [원문링크] https://web.joongna.com/product/219086749
마미케어,메디큐브 부스터프로,메디큐브 에이지알 부스터프로,거래완료,"170,000원",,2025-09-08,0,0,0,36.5℃,중고나라판매자,뷰티/미용,,[출처] 중고나라 | [분석모델] BOOSTER_PRO | [모델근거] text_variant | [원문링크] https://web.joongna.com/product/219076093
마미케어,메디큐브 부스터프로,메디큐브 부스터프로,거래완료,"180,000원",,2025-09-08,0,0,0,36.5℃,중고나라판매자,뷰티/미용,,[출처] 중고나라 | [분석모델] BOOSTER_PRO | [모델근거] text_variant | [원문링크] https://web.joongna.com/product/219058397
마미케어,메디큐브 부스터프로,메디큐브 에이지알 부스터프로,거래완료,"170,000원",,2025-09-07,0,0,0,36.5℃,중고나라판매자,뷰티/미용,,[출처] 중고나라 | [분석모델] BOOSTER_PRO | [모델근거] text_variant | [원문링크] https://web.joongna.com/product/218975196
마미케어,메디큐브 부스터프로,메디큐브 부스터프로 택포15,거래완료,"150,000원",,2025-09-07,0,0,0,36.5℃,중고나라판매자,뷰티/미용,,[출처] 중고나라 | [분석모델] BOOSTER_PRO | [모델근거] text_variant | [원문링크] https://web.joongna.com/product/218971937
마미케어,메디큐브 부스터프로,미개봉 ~ 메디큐브 마이멜로디 부스터프로 미니플러스 (우체국택배비 포함),거래완료,"90,000원",,2025-09-06,0,0,0,36.5℃,중고나라판매자,뷰티/미용,,[출처] 중고나라 | [분석모델] BOOSTER_PRO_MINI | [모델근거] text_variant | [원문링크] https://web.joongna.com/product/218916767
마미케어,메디큐브 부스터프로,메디큐브 에이지알 부스터프로,거래완료,"180,000원",,2025-09-05,0,0,0,36.5℃,중고나라판매자,뷰티/미용,,[출처] 중고나라 | [분석모델] BOOSTER_PRO | [모델근거] text_variant | [원문링크] https://web.joongna.com/product/218907349
마미케어,메디큐브 부스터프로,메디큐브부스터프로핑크,거래완료,"170,000원",진미동,2025-09-04,0,0,0,36.5℃,중고나라판매자,뷰티/미용,진미동,[출처] 중고나라 | [분석모델] BOOSTER_PRO | [모델근거] text_variant | [원문링크] https://web.joongna.com/product/218844014
마미케어,메디큐브 부스터프로,메디큐브 부스터프로미니 춘식이,거래완료,"90,000원",,2025-08-27,0,0,0,36.5℃,중고나라판매자,뷰티/미용,,[출처] 중고나라 | [분석모델] BOOSTER_PRO_MINI | [모델근거] text_variant | [원문링크] https://web.joongna.com/product/217989882
음식물처리기,미닉스 음식물처리기,미닉스 음식물처리기,거래중,"415,000원",수궁동,2026-08-27,0,0,0,36.5℃,중고나라판매자,생활가전,수궁동,[출처] 중고나라 | [분석모델] THE_PLENDER | [모델근거] text_variant | [원문링크] https://web.joongna.com/product/231871503
음식물처리기,미닉스 음식물처리기,(26년4월제품) 미닉스 더플렌더 Max 건조분쇄 음식물처리기 가정용 MNFD-200G,거래중,"260,000원",가산동,2026-08-26,0,0,0,36.5℃,중고나라판매자,생활가전,가산동,[출처] 중고나라 | [분석모델] MNFD-200G | [모델근거] text_code | [원문링크] https://web.joongna.com/product/231876498
음식물처리기,미닉스 음식물처리기,[미개봉] 미닉스 더플렌더 Max 건조분쇄 음식물처리기 MNFD-200G 판매합니다,거래중,"370,000원",,2026-08-26,0,0,0,36.5℃,중고나라판매자,생활가전,,[출처] 중고나라 | [분석모델] MNFD-200G | [모델근거] text_code | [원문링크] https://web.joongna.com/product/231737847
음식물처리기,미닉스 음식물처리기,미닉스 더플랜더 맥스 MNFD-200G 음식물처리기,거래중,"330,000원",상계1동,2026-08-25,0,0,0,36.5℃,중고나라판매자,생활가전,상계1동,[출처] 중고나라 | [분석모델] MNFD-200G | [모델근거] text_code | [원문링크] https://web.joongna.com/product/231122044
음식물처리기,미닉스 음식물처리기,미닉스 더플랜더 맥스 MNFD-200G 음식물처리기,거래중,"330,000원",상계1동,2026-08-25,0,0,0,36.5℃,중고나라판매자,생활가전,상계1동,[출처] 중고나라 | [분석모델] MNFD-200G | [모델근거] text_code | [원문링크] https://web.joongna.com/product/231419605
음식물처리기,미닉스 음식물처리기,미닉스 더플랜더 맥스 MNFD-200G 음식물처리기,거래중,"340,000원",상계1동,2026-08-25,0,0,0,36.5℃,중고나라판매자,생활가전,상계1동,[출처] 중고나라 | [분석모델] MNFD-200G | [모델근거] text_code | [원문링크] https://web.joongna.com/product/231122083
음식물처리기,미닉스 음식물처리기,미닉스 음식물처리기 더플렌더 MAX 미개봉 새제품 / 백화점제품,거래중,"395,000원",동면,2026-08-25,0,0,0,36.5℃,중고나라판매자,생활가전,동면,[출처] 중고나라 | [분석모델] THE_PLENDER_MAX | [모델근거] text_variant | [원문링크] https://web.joongna.com/product/229514651
음식물처리기,미닉스 음식물처리기,(1번사용)미닉스 더플렌더 Max 건조분쇄 음식물처리기 MNFD-200G 판매합니다,거래중,"400,000원",거창읍,2026-08-25,0,0,0,36.5℃,중고나라판매자,생활가전,거창읍,[출처] 중고나라 | [분석모델] MNFD-200G | [모델근거] text_code | [원문링크] https://web.joongna.com/product/231840142
음식물처리기,미닉스 음식물처리기,미닉스 더플렌더 Max 건조분쇄 음식물처리기 가정용,거래중,"300,000원",,2026-08-25,0,0,0,36.5℃,중고나라판매자,생활가전,,[출처] 중고나라 | [분석모델] THE_PLENDER_MAX | [모델근거] text_variant | [원문링크] https://web.joongna.com/product/231780352
음식물처리기,미닉스 음식물처리기,미닉스 음식물 처리기,거래중,"250,000원",성남동,2026-08-24,0,0,0,36.5℃,중고나라판매자,생활가전,성남동,[출처] 중고나라 | [분석모델] THE_PLENDER | [모델근거] text_variant | [원문링크] https://web.joongna.com/product/231819630
음식물처리기,미닉스 음식물처리기,(26년 4월 제품) 미닉스 더플렌더 Max 건조분쇄 음식물처리기 가정용 MNFD-200G,거래중,"320,000원",가산동,2026-08-24,0,0,0,36.5℃,중고나라판매자,생활가전,가산동,[출처] 중고나라 | [분석모델] MNFD-200G | [모델근거] text_code | [원문링크] https://web.joongna.com/product/231815561
음식물처리기,미닉스 음식물처리기,미닉스 음식물처리기,거래중,"300,000원",삼덕동,2026-08-23,0,0,0,36.5℃,중고나라판매자,생활가전,삼덕동,[출처] 중고나라 | [분석모델] THE_PLENDER | [모델근거] text_variant | [원문링크] https://web.joongna.com/product/227479665
음식물처리기,미닉스 음식물처리기,미닉스 더 플랜더 맥스 음식물 처리기 판매,거래중,"290,000원",,2026-08-23,0,0,0,36.5℃,중고나라판매자,생활가전,,[출처] 중고나라 | [분석모델] THE_PLENDER_MAX | [모델근거] text_variant | [원문링크] https://web.joongna.com/product/231794943
음식물처리기,미닉스 음식물처리기,미닉스 더맥스3리터.200G.음식물처리기,거래중,"235,000원",녹양동,2026-08-23,0,0,0,36.5℃,중고나라판매자,생활가전,녹양동,[출처] 중고나라 | [분석모델] THE_PLENDER_MAX | [모델근거] text_variant | [원문링크] https://web.joongna.com/product/231778637
음식물처리기,미닉스 음식물처리기,미닉스 더플렌더 Max 건조분쇄 음식물처리기 가정용,거래완료,"300,000원",,2026-08-22,0,0,0,36.5℃,중고나라판매자,생활가전,,[출처] 중고나라 | [분석모델] THE_PLENDER_MAX | [모델근거] text_variant | [원문링크] https://web.joongna.com/product/231053637
음식물처리기,미닉스 음식물처리기,미닉스 맥스 음식물처리기,거래중,"310,000원",호계1동,2026-08-21,0,0,0,36.5℃,중고나라판매자,생활가전,호계1동,[출처] 중고나라 | [분석모델] THE_PLENDER | [모델근거] text_variant | [원문링크] https://web.joongna.com/product/231727101
음식물처리기,미닉스 음식물처리기,미닉스 더플렌더 pro 음식물처리기(미사용 새제품),거래중,"310,000원",금호1가동,2026-08-20,0,0,0,36.5℃,중고나라판매자,생활가전,금호1가동,[출처] 중고나라 | [분석모델] THE_PLENDER_PRO | [모델근거] text_variant | [원문링크] https://web.joongna.com/product/231608538
음식물처리기,미닉스 음식물처리기,미닉스 음식물 처리기,거래완료,"150,000원",성남동,2026-08-17,0,0,0,36.5℃,중고나라판매자,생활가전,성남동,[출처] 중고나라 | [분석모델] THE_PLENDER | [모델근거] text_variant | [원문링크] https://web.joongna.com/product/231611748
음식물처리기,미닉스 음식물처리기,미닉스 더플렌더 Max 3L 건조분쇄 음식물처리기,거래중,"330,000원",,2026-08-13,0,0,0,36.5℃,중고나라판매자,생활가전,,[출처] 중고나라 | [분석모델] THE_PLENDER_MAX | [모델근거] text_variant | [원문링크] https://web.joongna.com/product/231498419
음식물처리기,미닉스 음식물처리기,미닉스 맥스 음식물쓰레기처리기,거래중,"380,000원",전하1동,2026-08-12,0,0,0,36.5℃,중고나라판매자,생활가전,전하1동,[출처] 중고나라 | [분석모델] THE_PLENDER | [모델근거] detail_text_variant | [원문설명] 미닉스 맥스 음식물처리기 미사용새제품이에영 | [원문링크] https://web.joongna.com/product/231474779
음식물처리기,미닉스 음식물처리기,[26년 5월 제품] 미닉스 더플렌더 Max 건조분쇄 음식물처리기 가정용 MNFD-200G,거래중,"290,000원",가산동,2026-08-10,0,0,0,36.5℃,중고나라판매자,생활가전,가산동,[출처] 중고나라 | [분석모델] MNFD-200G | [모델근거] text_code | [원문링크] https://web.joongna.com/product/231417283
음식물처리기,미닉스 음식물처리기,26년4월제조)미닉스 더 플렌더 맥스 음식물처리기,거래완료,"270,000원",능평동,2026-08-08,0,0,0,36.5℃,중고나라판매자,생활가전,능평동,[출처] 중고나라 | [분석모델] THE_PLENDER_MAX | [모델근거] text_variant | [원문링크] https://web.joongna.com/product/231357423
음식물처리기,미닉스 음식물처리기,미닉스 더 플렌더 PRO 음식물 처리기 2L (새상품),거래중,"430,000원",,2026-08-07,0,0,0,36.5℃,중고나라판매자,생활가전,,[출처] 중고나라 | [분석모델] THE_PLENDER_PRO | [모델근거] text_variant | [원문링크] https://web.joongna.com/product/231349921
음식물처리기,미닉스 음식물처리기,미닉스 더플렌더 Max MNFD-200G 3L 건조분쇄 음식물처리기,거래중,"350,000원",,2026-08-07,0,0,0,36.5℃,중고나라판매자,생활가전,,[출처] 중고나라 | [분석모델] MNFD-200G | [모델근거] text_code | [원문링크] https://web.joongna.com/product/231330892
음식물처리기,미닉스 음식물처리기,미닉스 더맥스3리터.200G.음식물처리기,거래완료,"235,000원",녹양동,2026-08-06,0,0,0,36.5℃,중고나라판매자,생활가전,녹양동,[출처] 중고나라 | [분석모델] THE_PLENDER_MAX | [모델근거] text_variant | [원문링크] https://web.joongna.com/product/231311324
음식물처리기,미닉스 음식물처리기,[26년4월 제품 최상급] 미닉스 더플렌더 Max 3L 건조분쇄 음식물처리기,거래중,"310,000원",가산동,2026-08-05,0,0,0,36.5℃,중고나라판매자,생활가전,가산동,[출처] 중고나라 | [분석모델] THE_PLENDER_MAX | [모델근거] text_variant | [원문링크] https://web.joongna.com/product/231282276
음식물처리기,미닉스 음식물처리기,[음식물처리기] 미닉스 더 플렌더 Max 3L 음식물처리기 저소음 건조분쇄,거래중,"290,000원",고척제2동,2026-08-05,0,0,0,36.5℃,중고나라판매자,생활가전,고척제2동,[출처] 중고나라 | [분석모델] THE_PLENDER_MAX | [모델근거] text_variant | [원문링크] https://web.joongna.com/product/231279990
음식물처리기,미닉스 음식물처리기,[26년3월제품 최상] 미닉스 더플렌더 Max 건조분쇄 음식물처리기 가정용 MNFD-200G,거래중,"330,000원",가산동,2026-07-28,0,0,0,36.5℃,중고나라판매자,생활가전,가산동,[출처] 중고나라 | [분석모델] MNFD-200G | [모델근거] text_code | [원문링크] https://web.joongna.com/product/231057234
음식물처리기,미닉스 음식물처리기,완전새상품급 미닉스 더플렌더 맥스 음식물처리기,거래중,"320,000원",비전2동,2026-07-27,0,0,0,36.5℃,중고나라판매자,생활가전,비전2동,[출처] 중고나라 | [분석모델] THE_PLENDER_MAX | [모델근거] text_variant | [원문링크] https://web.joongna.com/product/231008765
음식물처리기,미닉스 음식물처리기,미닉스 더 플렌더 맥스 음식물처리기 (미사용급),거래중,"330,000원",비전2동,2026-07-25,0,0,0,36.5℃,중고나라판매자,생활가전,비전2동,[출처] 중고나라 | [분석모델] THE_PLENDER_MAX | [모델근거] text_variant | [원문링크] https://web.joongna.com/product/230950747
음식물처리기,미닉스 음식물처리기,미닉스 더 플랜더 음식물처리기,거래중,"250,000원",안양6동,2026-07-22,0,0,0,36.5℃,중고나라판매자,생활가전,안양6동,[출처] 중고나라 | [분석모델] THE_PLENDER | [모델근거] text_variant | [원문링크] https://web.joongna.com/product/230879376
음식물처리기,미닉스 음식물처리기,음식물처리기 미닉스 더플렌더 max 3L 미개봉 새상품,거래완료,"400,000원",안양2동,2026-07-20,0,0,0,36.5℃,중고나라판매자,생활가전,안양2동,[출처] 중고나라 | [분석모델] THE_PLENDER_MAX | [모델근거] text_variant | [원문링크] https://web.joongna.com/product/230514728
음식물처리기,미닉스 음식물처리기,미닉스 음식물 처리기 더플렌더 MAX 3L MNFD-200G,거래완료,"300,000원",화정동,2026-07-17,0,0,0,36.5℃,중고나라판매자,생활가전,화정동,[출처] 중고나라 | [분석모델] MNFD-200G | [모델근거] text_code | [원문링크] https://web.joongna.com/product/230712043
음식물처리기,미닉스 음식물처리기,미닉스 음식물처리기,거래중,"180,000원",화전동,2026-07-14,0,0,0,36.5℃,중고나라판매자,생활가전,화전동,[출처] 중고나라 | [분석모델] THE_PLENDER | [모델근거] text_variant | [원문링크] https://web.joongna.com/product/230603625
음식물처리기,미닉스 음식물처리기,[미개봉새제품]미닉스 더 플렌더 맥스(max) 음식물처리기,거래완료,"420,000원",평화동,2026-07-11,0,0,0,36.5℃,중고나라판매자,생활가전,평화동,[출처] 중고나라 | [분석모델] THE_PLENDER_MAX | [모델근거] text_variant | [원문링크] https://web.joongna.com/product/230450902
음식물처리기,미닉스 음식물처리기,[음식물처리기] 미닉스 더플렌더 Max 건조분쇄 MNFD-200G,거래완료,"330,000원",,2026-07-10,0,0,0,36.5℃,중고나라판매자,생활가전,,[출처] 중고나라 | [분석모델] MNFD-200G | [모델근거] text_code | [원문링크] https://web.joongna.com/product/230484346
음식물처리기,미닉스 음식물처리기,2번 사용 새상품급) 미닉스 음식물처리기 pro 플랜더,거래완료,"300,000원",상도제1동,2026-07-09,0,0,0,36.5℃,중고나라판매자,생활가전,상도제1동,[출처] 중고나라 | [분석모델] THE_PLENDER_PRO | [모델근거] text_variant | [원문링크] https://web.joongna.com/product/230341927
음식물처리기,미닉스 음식물처리기,미닉스 더플렌더 프로 120g 음식물 처리기 급판매로 잠스 가격 내렸습니다,거래완료,"110,000원",논현1동,2026-07-08,0,0,0,36.5℃,중고나라판매자,생활가전,논현1동,[출처] 중고나라 | [분석모델] THE_PLENDER_PRO | [모델근거] text_variant | [원문링크] https://web.joongna.com/product/230396736
음식물처리기,미닉스 음식물처리기,미닉스 음식물 처리기,거래완료,"792,000원",,2026-07-07,0,0,0,36.5℃,중고나라판매자,생활가전,,[출처] 중고나라 | [분석모델] THE_PLENDER | [모델근거] text_variant | [원문설명] 깔끔한 화이트 컬러의 음식물 처리기예요. 사용감은 있지만 작동 상태 양호하고 실용적으로 쓰기 좋습니다. 깨끗하게 관리해서 상태 괜찮아요! | [원문링크] https://web.joongna.com/product/230390254
음식물처리기,미닉스 음식물처리기,미닉스 더 플렌더 프로 음식물처리기 그레이지,거래완료,"250,000원",면목제4동,2026-07-04,0,0,0,36.5℃,중고나라판매자,생활가전,면목제4동,[출처] 중고나라 | [분석모델] THE_PLENDER_PRO | [모델근거] text_variant | [원문링크] https://web.joongna.com/product/230283704
음식물처리기,미닉스 음식물처리기,[음식물처리기] 미닉스 MNFD-200G 더플렌더 MAX 음식물처리기,거래완료,"300,000원",등촌제1동,2026-07-02,0,0,0,36.5℃,중고나라판매자,생활가전,등촌제1동,[출처] 중고나라 | [분석모델] MNFD-200G | [모델근거] text_code | [원문링크] https://web.joongna.com/product/230233636
음식물처리기,미닉스 음식물처리기,[미개봉] 미닉스 더플렌더 PRO 음식물처리기 MNFD-120G 5년 무상A/S,거래중,"330,000원",만촌3동,2026-07-02,0,0,0,36.5℃,중고나라판매자,생활가전,만촌3동,[출처] 중고나라 | [분석모델] MNFD-120G | [모델근거] text_code | [원문링크] https://web.joongna.com/product/230217982
음식물처리기,미닉스 음식물처리기,미닉스 음식물처리기 더플랜더 맥스 MNFD-200G,거래중,"220,000원",,2026-07-01,0,0,0,36.5℃,중고나라판매자,생활가전,,[출처] 중고나라 | [분석모델] MNFD-200G | [모델근거] text_code | [원문링크] https://web.joongna.com/product/230197080
음식물처리기,미닉스 음식물처리기,신품급 무료배송 미닉스 더 플렌더 맥스 음식물처리기,거래완료,"320,000원",비전2동,2026-07-01,0,0,0,36.5℃,중고나라판매자,생활가전,비전2동,[출처] 중고나라 | [분석모델] THE_PLENDER_MAX | [모델근거] text_variant | [원문링크] https://web.joongna.com/product/230182894
음식물처리기,미닉스 음식물처리기,미닉스 더플렌더 Max 건조분쇄 음식물처리기 MNFD-200G,거래중,"330,000원",,2026-06-30,0,0,0,36.5℃,중고나라판매자,생활가전,,[출처] 중고나라 | [분석모델] MNFD-200G | [모델근거] text_code | [원문링크] https://web.joongna.com/product/230148882
음식물처리기,미닉스 음식물처리기,미닉스 더플렌더 MAX 건조분쇄 음식물처리기 그레이지 MNFD-200G,거래완료,"330,000원",,2026-06-30,0,0,0,36.5℃,중고나라판매자,생활가전,,[출처] 중고나라 | [분석모델] MNFD-200G | [모델근거] text_code | [원문링크] https://web.joongna.com/product/230148999
음식물처리기,미닉스 음식물처리기,미닉스 더플렌더 MAX 건조분쇄 음식물처리기 3L MNFD-200G,거래완료,"230,000원",,2026-06-28,0,0,0,36.5℃,중고나라판매자,생활가전,,[출처] 중고나라 | [분석모델] MNFD-200G | [모델근거] text_code | [원문링크] https://web.joongna.com/product/230094932
음식물처리기,미닉스 음식물처리기,미닉스 더플랜더 음식물처리기,거래완료,"190,000원",갈현동,2026-06-27,0,0,0,36.5℃,중고나라판매자,생활가전,갈현동,[출처] 중고나라 | [분석모델] THE_PLENDER | [모델근거] text_variant | [원문링크] https://web.joongna.com/product/229612589
음식물처리기,미닉스 음식물처리기,미닉스 더 플렌더 Max 건조분쇄 음식물처리기 3L 대용량 900W,거래중,"330,000원",,2026-06-26,0,0,0,36.5℃,중고나라판매자,생활가전,,[출처] 중고나라 | [분석모델] THE_PLENDER_MAX | [모델근거] text_variant | [원문링크] https://web.joongna.com/product/230022929
음식물처리기,미닉스 음식물처리기,미닉스 더 플렌더pro 음식물처리기 그레이지 미사용,거래완료,"350,000원",,2026-06-26,0,0,0,36.5℃,중고나라판매자,생활가전,,[출처] 중고나라 | [분석모델] THE_PLENDER_PRO | [모델근거] text_variant | [원문링크] https://web.joongna.com/product/230015703
음식물처리기,미닉스 음식물처리기,미닉스 음식물 처리기,거래완료,"205,000원",강서제2동,2026-06-24,0,0,0,36.5℃,중고나라판매자,생활가전,강서제2동,[출처] 중고나라 | [분석모델] THE_PLENDER | [모델근거] text_variant | [원문링크] https://web.joongna.com/product/229929632
음식물처리기,미닉스 음식물처리기,미닉스 더플랜더 음식물처리기,거래완료,"330,000원",역삼2동,2026-06-22,0,0,0,36.5℃,중고나라판매자,생활가전,역삼2동,[출처] 중고나라 | [분석모델] THE_PLENDER | [모델근거] text_variant | [원문링크] https://web.joongna.com/product/229781917
음식물처리기,미닉스 음식물처리기,미닉스음식물처리기 더플렌더 MAX,거래완료,"320,000원",비전2동,2026-06-19,0,0,0,36.5℃,중고나라판매자,생활가전,비전2동,[출처] 중고나라 | [분석모델] THE_PLENDER_MAX | [모델근거] text_variant | [원문링크] https://web.joongna.com/product/229808790
음식물처리기,미닉스 음식물처리기,미닉스 더 플렌더 맥스 음식물처리기 미개봉,거래중,"290,000원",,2026-06-19,0,0,0,36.5℃,중고나라판매자,생활가전,,[출처] 중고나라 | [분석모델] THE_PLENDER_MAX | [모델근거] text_variant | [원문링크] https://web.joongna.com/product/229661098
음식물처리기,미닉스 음식물처리기,미닉스 음식물처리기 더플렌더 MAX,거래완료,"320,000원",비전2동,2026-06-19,0,0,0,36.5℃,중고나라판매자,생활가전,비전2동,[출처] 중고나라 | [분석모델] THE_PLENDER_MAX | [모델근거] text_variant | [원문링크] https://web.joongna.com/product/229789104
음식물처리기,미닉스 음식물처리기,미닉스 더플렌더 Max 건조분쇄 음식물처리기 3L 가정용,거래중,"330,000원",,2026-06-17,0,0,0,36.5℃,중고나라판매자,생활가전,,[출처] 중고나라 | [분석모델] THE_PLENDER_MAX | [모델근거] text_variant | [원문링크] https://web.joongna.com/product/229722855
음식물처리기,미닉스 음식물처리기,미닉스 더 플렌더 맥스 음식물처리기 미개봉,거래완료,"290,000원",,2026-06-13,0,0,0,36.5℃,중고나라판매자,생활가전,,[출처] 중고나라 | [분석모델] THE_PLENDER_MAX | [모델근거] text_variant | [원문링크] https://web.joongna.com/product/229579010
음식물처리기,미닉스 음식물처리기,미닉스 더 플렌더 max 음식물 처리기,거래완료,"250,000원",오송읍,2026-06-12,0,0,0,36.5℃,중고나라판매자,생활가전,오송읍,[출처] 중고나라 | [분석모델] THE_PLENDER_MAX | [모델근거] text_variant | [원문링크] https://web.joongna.com/product/229567014
음식물처리기,미닉스 음식물처리기,[음식물처리기] 미닉스 더 플렌더 PRO 음식물 처리기 그레이지,거래완료,"260,000원",가산동,2026-06-12,0,0,0,36.5℃,중고나라판매자,생활가전,가산동,[출처] 중고나라 | [분석모델] THE_PLENDER_PRO | [모델근거] text_variant | [원문링크] https://web.joongna.com/product/225815985
음식물처리기,미닉스 음식물처리기,[음식물처리기] 미닉스 더 플렌더 Max 건조분쇄 음식물처리기,거래중,"320,000원",가산동,2026-06-11,0,0,0,36.5℃,중고나라판매자,생활가전,가산동,[출처] 중고나라 | [분석모델] THE_PLENDER_MAX | [모델근거] text_variant | [원문링크] https://web.joongna.com/product/227451542
음식물처리기,미닉스 음식물처리기,미닉스 음식물 처리기 6개월사용,거래완료,"150,000원",중곡제3동,2026-06-10,0,0,0,36.5℃,중고나라판매자,생활가전,중곡제3동,[출처] 중고나라 | [분석모델] THE_PLENDER | [모델근거] text_variant | [원문링크] https://web.joongna.com/product/229495054
음식물처리기,미닉스 음식물처리기,미닉스 더플렌더 Max 3L 건조분쇄 음식물처리기 MNFD-200G,거래완료,"310,000원",,2026-06-09,0,0,0,36.5℃,중고나라판매자,생활가전,,[출처] 중고나라 | [분석모델] MNFD-200G | [모델근거] text_code | [원문링크] https://web.joongna.com/product/229467080
음식물처리기,미닉스 음식물처리기,미닉스 더 플랜더 pro 음식물처리기,거래중,"300,000원",서정동,2026-06-08,0,0,0,36.5℃,중고나라판매자,생활가전,서정동,[출처] 중고나라 | [분석모델] THE_PLENDER_PRO | [모델근거] text_variant | [원문링크] https://web.joongna.com/product/229439248
음식물처리기,미닉스 음식물처리기,미닉스 음식물처리기,거래중,"330,000원",화정4동,2026-06-08,0,0,0,36.5℃,중고나라판매자,생활가전,화정4동,[출처] 중고나라 | [분석모델] THE_PLENDER | [모델근거] text_variant | [원문링크] https://web.joongna.com/product/229436436
음식물처리기,미닉스 음식물처리기,[상태 A급] 미닉스 더 플렌더 음식물처리기 (MNFD-100G) 2L 판매합니다.,거래완료,"250,000원",사천읍,2026-06-08,0,0,0,36.5℃,중고나라판매자,생활가전,사천읍,[출처] 중고나라 | [분석모델] MNFD-100G | [모델근거] text_code | [원문링크] https://web.joongna.com/product/229301692
음식물처리기,미닉스 음식물처리기,미닉스 더 플렌더 PRO 음식물처리기 가정용 그레이지,거래중,"330,000원",,2026-06-03,0,0,0,36.5℃,중고나라판매자,생활가전,,[출처] 중고나라 | [분석모델] THE_PLENDER_PRO | [모델근거] text_variant | [원문링크] https://web.joongna.com/product/229253838
음식물처리기,미닉스 음식물처리기,미닉스 더플렌더 Max 3L 건조분쇄 음식물처리기,거래중,"370,000원",,2026-06-03,0,0,0,36.5℃,중고나라판매자,생활가전,,[출처] 중고나라 | [분석모델] THE_PLENDER_MAX | [모델근거] text_variant | [원문링크] https://web.joongna.com/product/229253694
음식물처리기,미닉스 음식물처리기,미닉스 더플렌더 Max 건조분쇄 음식물처리기 그레이지,거래중,"370,000원",,2026-06-03,0,0,0,36.5℃,중고나라판매자,생활가전,,[출처] 중고나라 | [분석모델] THE_PLENDER_MAX | [모델근거] text_variant | [원문링크] https://web.joongna.com/product/229253659
음식물처리기,미닉스 음식물처리기,미닉스 더플렌더 MAX 음식물처리기 조용한 건조분쇄형,거래중,"320,000원",등촌제1동,2026-06-02,0,0,0,36.5℃,중고나라판매자,생활가전,등촌제1동,[출처] 중고나라 | [분석모델] THE_PLENDER_MAX | [모델근거] text_variant | [원문링크] https://web.joongna.com/product/229094587
음식물처리기,미닉스 음식물처리기,미닉스 더플렌더 Max 3L 건조분쇄 음식물처리기,거래중,"340,000원",,2026-05-29,0,0,0,36.5℃,중고나라판매자,생활가전,,[출처] 중고나라 | [분석모델] THE_PLENDER_MAX | [모델근거] text_variant | [원문링크] https://web.joongna.com/product/229090222
음식물처리기,미닉스 음식물처리기,미닉스 더 플렌더 MAX 음식물처리기,거래완료,"350,000원",내수읍,2026-05-20,0,0,0,36.5℃,중고나라판매자,생활가전,내수읍,[출처] 중고나라 | [분석모델] THE_PLENDER_MAX | [모델근거] text_variant | [원문링크] https://web.joongna.com/product/228734566
음식물처리기,미닉스 음식물처리기,미닉스 더 플렌더 음식물처리기 MNFD-200G,거래완료,"300,000원",안중읍,2026-05-19,0,0,0,36.5℃,중고나라판매자,생활가전,안중읍,[출처] 중고나라 | [분석모델] MNFD-200G | [모델근거] text_code | [원문링크] https://web.joongna.com/product/228494897
음식물처리기,미닉스 음식물처리기,[미개봉]미닉스 더플렌더 맥스 음식물처리기,거래완료,"400,000원",서둔동,2026-05-18,0,0,0,36.5℃,중고나라판매자,생활가전,서둔동,[출처] 중고나라 | [분석모델] THE_PLENDER_MAX | [모델근거] text_variant | [원문링크] https://web.joongna.com/product/228705972
음식물처리기,미닉스 음식물처리기,"미닉스 더플렌더 MAX(MNFD-200G) 건조분쇄 음식물처리기,거의 새것 같은 최상급, 무료배송",거래중,"370,000원",,2026-05-15,0,0,0,36.5℃,중고나라판매자,생활가전,,[출처] 중고나라 | [분석모델] MNFD-200G | [모델근거] text_code | [원문링크] https://web.joongna.com/product/228643588
음식물처리기,미닉스 음식물처리기,"미닉스 더플렌더 Max 3L 건조분쇄 음식물처리기,새것 같은 최상급",거래완료,"360,000원",,2026-05-15,0,0,0,36.5℃,중고나라판매자,생활가전,,[출처] 중고나라 | [분석모델] THE_PLENDER_MAX | [모델근거] text_variant | [원문링크] https://web.joongna.com/product/228642012
음식물처리기,미닉스 음식물처리기,미닉스 더플렌더 Max 건조분쇄 음식물처리기 그레이지 MNFD-200G 가정용-030,거래중,"320,000원",,2026-05-14,0,0,0,36.5℃,중고나라판매자,생활가전,,[출처] 중고나라 | [분석모델] MNFD-200G | [모델근거] text_code | [원문링크] https://web.joongna.com/product/228576496
음식물처리기,미닉스 음식물처리기,미닉스 더 플렌더 음식물처리기 미개봉,거래완료,"250,000원",사동,2026-05-14,0,0,0,36.5℃,중고나라판매자,생활가전,사동,[출처] 중고나라 | [분석모델] THE_PLENDER | [모델근거] text_variant | [원문링크] https://web.joongna.com/product/228537973
음식물처리기,미닉스 음식물처리기,미닉스 더플랜더MAX 음식물 처리기,거래완료,"350,000원",연수2동,2026-05-11,0,0,0,36.5℃,중고나라판매자,생활가전,연수2동,[출처] 중고나라 | [분석모델] THE_PLENDER_MAX | [모델근거] text_variant | [원문링크] https://web.joongna.com/product/228477315
음식물처리기,미닉스 음식물처리기,미닉스 더 플렌더 프로 음식물처리기,거래완료,"240,000원",다산1동,2026-05-07,0,0,0,36.5℃,중고나라판매자,생활가전,다산1동,[출처] 중고나라 | [분석모델] THE_PLENDER_PRO | [모델근거] text_variant | [원문링크] https://web.joongna.com/product/228361205
음식물처리기,미닉스 음식물처리기,미닉스 더 플렌더 맥스 음식물처리기,거래중,"360,000원",초월읍,2026-05-07,0,0,0,36.5℃,중고나라판매자,생활가전,초월읍,[출처] 중고나라 | [분석모델] THE_PLENDER_MAX | [모델근거] text_variant | [원문링크] https://web.joongna.com/product/227342864
음식물처리기,미닉스 음식물처리기,미닉스 더플랜더 맥스3L 음식물처리기,거래완료,"320,000원",신곡2동,2026-05-03,0,0,0,36.5℃,중고나라판매자,생활가전,신곡2동,[출처] 중고나라 | [분석모델] THE_PLENDER_MAX | [모델근거] text_variant | [원문링크] https://web.joongna.com/product/228147718
음식물처리기,미닉스 음식물처리기,미닉스 더 플렌더 맥스 음식물처리기,예약중,"380,000원",,2026-05-01,0,0,0,36.5℃,중고나라판매자,생활가전,,[출처] 중고나라 | [분석모델] THE_PLENDER_MAX | [모델근거] text_variant | [원문링크] https://web.joongna.com/product/227930328
음식물처리기,미닉스 음식물처리기,더 미닉스 플랜더 음식물처리기,거래완료,"280,000원",삼성동,2026-04-27,0,0,0,36.5℃,중고나라판매자,생활가전,삼성동,[출처] 중고나라 | [분석모델] THE_PLENDER | [모델근거] text_variant | [원문링크] https://web.joongna.com/product/227980248
음식물처리기,미닉스 음식물처리기,미닉스 음식물처리기 pro,거래완료,"250,000원",두서면,2026-04-23,0,0,0,36.5℃,중고나라판매자,생활가전,두서면,[출처] 중고나라 | [분석모델] THE_PLENDER_PRO | [모델근거] text_variant | [원문링크] https://web.joongna.com/product/227844877
음식물처리기,미닉스 음식물처리기,(새상품) 미닉스 음식물처리기,거래중,"400,000원",,2026-04-13,0,0,0,36.5℃,중고나라판매자,생활가전,,[출처] 중고나라 | [분석모델] THE_PLENDER | [모델근거] text_variant | [원문링크] https://web.joongna.com/product/224974750
음식물처리기,미닉스 음식물처리기,새상품) 음식물처리기 미닉스 더 플렌더 MNFD-100G 그레이지,거래완료,"350,000원",,2026-04-12,0,0,0,36.5℃,중고나라판매자,생활가전,,[출처] 중고나라 | [분석모델] MNFD-100G | [모델근거] text_code | [원문링크] https://web.joongna.com/product/227435948
음식물처리기,미닉스 음식물처리기,(새상품)미닉스 더플렌더 프로 음식물처리기,거래중,"330,000원",,2026-04-12,0,0,0,36.5℃,중고나라판매자,생활가전,,[출처] 중고나라 | [분석모델] THE_PLENDER_PRO | [모델근거] text_variant | [원문링크] https://web.joongna.com/product/227421889
음식물처리기,미닉스 음식물처리기,미닉스 mnfd-120 음식물 처리기,거래완료,"300,000원",동탄5동,2026-04-10,0,0,0,36.5℃,중고나라판매자,생활가전,동탄5동,[출처] 중고나라 | [분석모델] MNFD-120 | [모델근거] text_code | [원문링크] https://web.joongna.com/product/226978197
음식물처리기,미닉스 음식물처리기,미닉스 플랜더 음식물처리기 팝니다.,거래중,"400,000원",,2026-04-08,0,0,0,36.5℃,중고나라판매자,생활가전,,[출처] 중고나라 | [분석모델] THE_PLENDER | [모델근거] text_variant | [원문링크] https://web.joongna.com/product/226980868
음식물처리기,미닉스 음식물처리기,미닉스 더플렌더 음식물처리기,거래완료,"340,000원",,2026-04-05,0,0,0,36.5℃,중고나라판매자,생활가전,,[출처] 중고나라 | [분석모델] THE_PLENDER | [모델근거] text_variant | [원문링크] https://web.joongna.com/product/227148758
음식물처리기,미닉스 음식물처리기,미닉스 더플렌더 Max 건조분쇄 음식물처리기 가정용,거래완료,"300,000원",,2026-04-05,0,0,0,36.5℃,중고나라판매자,생활가전,,[출처] 중고나라 | [분석모델] THE_PLENDER_MAX | [모델근거] text_variant | [원문링크] https://web.joongna.com/product/227135521
음식물처리기,미닉스 음식물처리기,미닉스 음식물처리기 MNFD-100g,거래완료,"190,000원",월곶동,2026-04-04,0,0,0,36.5℃,중고나라판매자,생활가전,월곶동,[출처] 중고나라 | [분석모델] MNFD-100G | [모델근거] text_code | [원문링크] https://web.joongna.com/product/226836864
음식물처리기,미닉스 음식물처리기,미닉스 음식물처리기 max,거래완료,"425,000원",면목3동8동,2026-03-29,0,0,0,36.5℃,중고나라판매자,생활가전,면목3동8동,[출처] 중고나라 | [분석모델] THE_PLENDER_MAX | [모델근거] text_variant | [원문링크] https://web.joongna.com/product/226862480
음식물처리기,미닉스 음식물처리기,미닉스 더플렌더 max 그레이지 음식물처리기,거래완료,"330,000원",,2026-03-28,0,0,0,36.5℃,중고나라판매자,생활가전,,[출처] 중고나라 | [분석모델] THE_PLENDER_MAX | [모델근거] text_variant | [원문링크] https://web.joongna.com/product/226827910
음식물처리기,미닉스 음식물처리기,미닉스 음식물 처리기 MNFD-100G,거래완료,"310,000원",불로대곡동,2026-03-28,0,0,0,36.5℃,중고나라판매자,생활가전,불로대곡동,[출처] 중고나라 | [분석모델] MNFD-100G | [모델근거] text_code | [원문링크] https://web.joongna.com/product/226470629
음식물처리기,미닉스 음식물처리기,미닉스 음식물처리기 더플렌더 MAX MNFD-200G,거래완료,"310,000원",잠실3동,2026-03-28,0,0,0,36.5℃,중고나라판매자,생활가전,잠실3동,[출처] 중고나라 | [분석모델] MNFD-200G | [모델근거] text_code | [원문링크] https://web.joongna.com/product/226822491
음식물처리기,미닉스 음식물처리기,미닉스 더 플렌더 pro 음식물처리기 가정용,거래완료,"330,000원",,2026-03-27,0,0,0,36.5℃,중고나라판매자,생활가전,,[출처] 중고나라 | [분석모델] THE_PLENDER_PRO | [모델근거] text_variant | [원문링크] https://web.joongna.com/product/226804403
음식물처리기,미닉스 음식물처리기,미닉스 더 플렌더 음식물처리기,거래완료,"250,000원",,2026-03-23,0,0,0,36.5℃,중고나라판매자,생활가전,,[출처] 중고나라 | [분석모델] THE_PLENDER | [모델근거] text_variant | [원문링크] https://web.joongna.com/product/226082390
음식물처리기,미닉스 음식물처리기,미닉스 더 플렌더 Pro (음식물처리기),거래완료,"280,000원",,2026-03-13,0,0,0,36.5℃,중고나라판매자,생활가전,,[출처] 중고나라 | [분석모델] THE_PLENDER_PRO | [모델근거] text_variant | [원문링크] https://web.joongna.com/product/226235476
음식물처리기,미닉스 음식물처리기,미닉스 음식물처리기 (미닉스 MNFD-120G),거래완료,"210,000원",,2026-03-12,0,0,0,36.5℃,중고나라판매자,생활가전,,[출처] 중고나라 | [분석모델] MNFD-120G | [모델근거] text_code | [원문링크] https://web.joongna.com/product/226228411
음식물처리기,미닉스 음식물처리기,미닉스 더 플렌더 MNFD-100G 음식물처리기 새제품,거래완료,"345,000원",,2026-03-11,0,0,0,36.5℃,중고나라판매자,생활가전,,[출처] 중고나라 | [분석모델] MNFD-100G | [모델근거] text_code | [원문링크] https://web.joongna.com/product/226176827
음식물처리기,미닉스 음식물처리기,[음식물처리기] 미닉스 더 플렌더 Max 건조분쇄 음식물처리기,거래완료,"330,000원",가산동,2026-03-10,0,0,0,36.5℃,중고나라판매자,생활가전,가산동,[출처] 중고나라 | [분석모델] THE_PLENDER_MAX | [모델근거] text_variant | [원문링크] https://web.joongna.com/product/226140924
음식물처리기,미닉스 음식물처리기,미닉스 더 플랜더 음식물 처리기,거래완료,"150,000원",가좌동,2026-03-10,0,0,0,36.5℃,중고나라판매자,생활가전,가좌동,[출처] 중고나라 | [분석모델] THE_PLENDER | [모델근거] text_variant | [원문링크] https://web.joongna.com/product/226127626
음식물처리기,미닉스 음식물처리기,미닉스맥스음식물처리기박스있음,거래완료,"330,000원",고덕동,2026-03-01,0,0,0,36.5℃,중고나라판매자,생활가전,고덕동,[출처] 중고나라 | [분석모델] THE_PLENDER | [모델근거] text_variant | [원문링크] https://web.joongna.com/product/225782973
음식물처리기,미닉스 음식물처리기,미닉스 더 플렌더 PRO 음식물 처리기 MNFD-120G,거래완료,"250,000원",,2026-02-24,0,0,0,36.5℃,중고나라판매자,생활가전,,[출처] 중고나라 | [분석모델] MNFD-120G | [모델근거] text_code | [원문링크] https://web.joongna.com/product/225607261
음식물처리기,미닉스 음식물처리기,미닉스 더 플렌더 음식물처리기 MNFD-100G,거래완료,"100,000원",문산읍,2026-02-24,0,0,0,36.5℃,중고나라판매자,생활가전,문산읍,[출처] 중고나라 | [분석모델] MNFD-100G | [모델근거] text_code | [원문링크] https://web.joongna.com/product/225571995
음식물처리기,미닉스 음식물처리기,미닉스 더 플렌더 PRO 음식물 처리기 그레이지 / 저소음 자동처리 슬림형,거래완료,"280,000원",,2026-02-21,0,0,0,36.5℃,중고나라판매자,생활가전,,[출처] 중고나라 | [분석모델] THE_PLENDER_PRO | [모델근거] text_variant | [원문링크] https://web.joongna.com/product/225473320
음식물처리기,미닉스 음식물처리기,미닉스 음식물처리기,거래완료,"240,000원",,2026-02-20,0,0,0,36.5℃,중고나라판매자,생활가전,,[출처] 중고나라 | [분석모델] THE_PLENDER | [모델근거] text_variant | [원문링크] https://web.joongna.com/product/225468549
음식물처리기,미닉스 음식물처리기,<새상품> 미닉스 더플렌더 (음식물 처리기),거래완료,"350,000원",사직동,2026-02-19,0,0,0,36.5℃,중고나라판매자,생활가전,사직동,[출처] 중고나라 | [분석모델] THE_PLENDER | [모델근거] text_variant | [원문링크] https://web.joongna.com/product/225414404
음식물처리기,미닉스 음식물처리기,미닉스 음식물처리기 더플렌더 MAX 미개봉,거래완료,"400,000원",가능동,2026-02-11,0,0,0,36.5℃,중고나라판매자,생활가전,가능동,[출처] 중고나라 | [분석모델] THE_PLENDER_MAX | [모델근거] text_variant | [원문링크] https://web.joongna.com/product/225165451
음식물처리기,미닉스 음식물처리기,미닉스 더 플렌더 PRO 음식물 처리기 /가정용 그레이지,거래완료,"305,000원",,2026-02-11,0,0,0,36.5℃,중고나라판매자,생활가전,,[출처] 중고나라 | [분석모델] THE_PLENDER_PRO | [모델근거] text_variant | [원문링크] https://web.joongna.com/product/225163886
음식물처리기,미닉스 음식물처리기,미닉스 더플렌더 MAX 음식물처리기 MNFD-200G,거래완료,"320,000원",,2026-02-11,0,0,0,36.5℃,중고나라판매자,생활가전,,[출처] 중고나라 | [분석모델] MNFD-200G | [모델근거] text_code | [원문링크] https://web.joongna.com/product/225153879
음식물처리기,미닉스 음식물처리기,미닉스 음식물처리기,거래완료,"150,000원",망우제3동,2026-02-11,0,0,0,36.5℃,중고나라판매자,생활가전,망우제3동,[출처] 중고나라 | [분석모델] THE_PLENDER | [모델근거] text_variant | [원문링크] https://web.joongna.com/product/225150037
음식물처리기,미닉스 음식물처리기,미닉스 더 플렌더 PRO 음식물 처리기 가정용,거래완료,"340,000원",,2026-02-10,0,0,0,36.5℃,중고나라판매자,생활가전,,[출처] 중고나라 | [분석모델] THE_PLENDER_PRO | [모델근거] text_variant | [원문링크] https://web.joongna.com/product/225119530
음식물처리기,미닉스 음식물처리기,미닉스 더 플렌더 PRO 음식물처리기 미사용 새제품 MNFD-120G,거래완료,"310,000원",,2026-02-05,0,0,0,36.5℃,중고나라판매자,생활가전,,[출처] 중고나라 | [분석모델] MNFD-120G | [모델근거] text_code | [원문링크] https://web.joongna.com/product/224920928
음식물처리기,미닉스 음식물처리기,미닉스 음식물 처리기 더플렌더,거래완료,"385,000원",,2026-02-04,0,0,0,36.5℃,중고나라판매자,생활가전,,[출처] 중고나라 | [분석모델] THE_PLENDER | [모델근거] text_variant | [원문링크] https://web.joongna.com/product/224889715
음식물처리기,미닉스 음식물처리기,실사용 6개월 미닉스 더 플렌더 프로 음식물처리기 화이트,거래완료,"240,000원",,2026-02-04,0,0,0,36.5℃,중고나라판매자,생활가전,,[출처] 중고나라 | [분석모델] THE_PLENDER_PRO | [모델근거] text_variant | [원문링크] https://web.joongna.com/product/224726285
음식물처리기,미닉스 음식물처리기,[개봉/새상품] 미닉스 더 플렌더 프로 음식물처리기 MNFD-120G,거래완료,"360,000원",화원읍,2026-01-29,0,0,0,36.5℃,중고나라판매자,생활가전,화원읍,[출처] 중고나라 | [분석모델] MNFD-120G | [모델근거] text_code | [원문링크] https://web.joongna.com/product/224674578
음식물처리기,미닉스 음식물처리기,미닉스 더플랜더 프로 음식물 처리기 미개봉 새상품,거래완료,"330,000원",,2026-01-28,0,0,0,36.5℃,중고나라판매자,생활가전,,[출처] 중고나라 | [분석모델] THE_PLENDER_PRO | [모델근거] text_variant | [원문링크] https://web.joongna.com/product/224441862
음식물처리기,미닉스 음식물처리기,미닉스 음식물처리기,거래완료,"210,000원",철산4동,2026-01-26,0,0,0,36.5℃,중고나라판매자,생활가전,철산4동,[출처] 중고나라 | [분석모델] THE_PLENDER | [모델근거] text_variant | [원문링크] https://web.joongna.com/product/224568411
음식물처리기,미닉스 음식물처리기,[음식물처리기] 미닉스 더 플렌더 MNFD-100G 음식물처리기,거래완료,"250,000원",등촌제1동,2026-01-26,0,0,0,36.5℃,중고나라판매자,생활가전,등촌제1동,[출처] 중고나라 | [분석모델] MNFD-100G | [모델근거] text_code | [원문링크] https://web.joongna.com/product/224562134
음식물처리기,미닉스 음식물처리기,(새상품)미닉스 음식물 처리기 PRO 판매합니다.,거래완료,"370,000원",동탄6동,2026-01-24,0,0,0,36.5℃,중고나라판매자,생활가전,동탄6동,[출처] 중고나라 | [분석모델] THE_PLENDER_PRO | [모델근거] text_variant | [원문링크] https://web.joongna.com/product/224489886
음식물처리기,미닉스 음식물처리기,[3L 최신상] 미닉스 음식물처리기 더플렌더 MAX 가정용 분쇄기 건조기 MNFD-200G 미개봉 새상품,거래완료,"420,000원",다산1동,2026-01-24,0,0,0,36.5℃,중고나라판매자,생활가전,다산1동,[출처] 중고나라 | [분석모델] MNFD-200G | [모델근거] text_code | [원문링크] https://web.joongna.com/product/224463150
음식물처리기,미닉스 음식물처리기,미닉스 더 플렌더 PRO 음식물 처리기,거래완료,"310,000원",,2026-01-16,0,0,0,36.5℃,중고나라판매자,생활가전,,[출처] 중고나라 | [분석모델] THE_PLENDER_PRO | [모델근거] text_variant | [원문링크] https://web.joongna.com/product/223786322
음식물처리기,미닉스 음식물처리기,미닉스 더플렌더 MAX 음식물처리기,거래완료,"459,000원",병점2동,2026-01-16,0,0,0,36.5℃,중고나라판매자,생활가전,병점2동,[출처] 중고나라 | [분석모델] THE_PLENDER_MAX | [모델근거] text_variant | [원문링크] https://web.joongna.com/product/223978635
음식물처리기,미닉스 음식물처리기,미닉스 음식물 처리기 더 플렌더 PRO,거래완료,"299,000원",병점2동,2026-01-11,0,0,0,36.5℃,중고나라판매자,생활가전,병점2동,[출처] 중고나라 | [분석모델] THE_PLENDER_PRO | [모델근거] text_variant | [원문링크] https://web.joongna.com/product/223983695
음식물처리기,미닉스 음식물처리기,음식물처리기 미닉스 더 플렌더 프로 미개봉 새상품 MNFD-120G,거래완료,"360,000원",연산제1동,2026-01-10,0,0,0,36.5℃,중고나라판매자,생활가전,연산제1동,[출처] 중고나라 | [분석모델] MNFD-120G | [모델근거] text_code | [원문링크] https://web.joongna.com/product/223682720
음식물처리기,미닉스 음식물처리기,미닉스 음식물처리기,거래완료,"190,000원",수내1동,2026-01-10,0,0,0,36.5℃,중고나라판매자,생활가전,수내1동,[출처] 중고나라 | [분석모델] THE_PLENDER | [모델근거] text_variant | [원문링크] https://web.joongna.com/product/223684136
음식물처리기,미닉스 음식물처리기,미닉스 음식물처리기 MNFD-100G,거래완료,"285,000원",철산1동,2026-01-10,0,0,0,36.5℃,중고나라판매자,생활가전,철산1동,[출처] 중고나라 | [분석모델] MNFD-100G | [모델근거] text_code | [원문링크] https://web.joongna.com/product/223935322
음식물처리기,미닉스 음식물처리기,미닉스 더 플렌더 음식물처리기 판매,거래완료,"190,000원",유림동,2026-01-08,0,0,0,36.5℃,중고나라판매자,생활가전,유림동,[출처] 중고나라 | [분석모델] THE_PLENDER | [모델근거] text_variant | [원문링크] https://web.joongna.com/product/223876115
음식물처리기,미닉스 음식물처리기,(새상품)미닉스 더 플렌더 Basic MNFD-100 음식물처리기,거래완료,"300,000원",도담동,2025-12-31,0,0,0,36.5℃,중고나라판매자,생활가전,도담동,[출처] 중고나라 | [분석모델] MNFD-100 | [모델근거] text_code | [원문링크] https://web.joongna.com/product/223349390
음식물처리기,미닉스 음식물처리기,미닉스 더플렌더 맥스 음식물처리기,거래완료,"440,000원",초평동,2025-12-29,0,0,0,36.5℃,중고나라판매자,생활가전,초평동,[출처] 중고나라 | [분석모델] THE_PLENDER_MAX | [모델근거] text_variant | [원문링크] https://web.joongna.com/product/223495491
음식물처리기,미닉스 음식물처리기,미닉스 더 플렌더 프로 음식물 처리기,거래완료,"190,000원",우장산동,2025-12-25,0,0,0,36.5℃,중고나라판매자,생활가전,우장산동,[출처] 중고나라 | [분석모델] THE_PLENDER_PRO | [모델근거] text_variant | [원문링크] https://web.joongna.com/product/223370588
음식물처리기,미닉스 음식물처리기,(미개봉 새상품) 미닉스 더 플렌더 PRO 음식물 처리기 MNFD-120G,거래완료,"340,000원",은행2동,2025-12-16,0,0,0,36.5℃,중고나라판매자,생활가전,은행2동,[출처] 중고나라 | [분석모델] MNFD-120G | [모델근거] text_code | [원문링크] https://web.joongna.com/product/222981078
음식물처리기,미닉스 음식물처리기,초특가! NEW 미닉스 음식물처리기 더플렌더 PRO(미사용),거래완료,"300,000원",원효로제1동,2025-12-14,0,0,0,36.5℃,중고나라판매자,생활가전,원효로제1동,[출처] 중고나라 | [분석모델] THE_PLENDER_PRO | [모델근거] text_variant | [원문링크] https://web.joongna.com/product/222939180
음식물처리기,미닉스 음식물처리기,미닉스 음식물 처리기 더 플렌더 pro(MNFD-100G),거래완료,"200,000원",화명제1동,2025-12-13,0,0,0,36.5℃,중고나라판매자,생활가전,화명제1동,[출처] 중고나라 | [분석모델] MNFD-100G | [모델근거] text_code | [원문링크] https://web.joongna.com/product/222914625
음식물처리기,미닉스 음식물처리기,새상품) 미닉스 더플렌더 프로 음식물 처리기,거래완료,"330,000원",원효로제1동,2025-12-12,0,0,0,36.5℃,중고나라판매자,생활가전,원효로제1동,[출처] 중고나라 | [분석모델] THE_PLENDER_PRO | [모델근거] text_variant | [원문링크] https://web.joongna.com/product/222873077
음식물처리기,미닉스 음식물처리기,미닉스 더 블렌드 프로(음식물처리기),거래완료,"320,000원",고창읍,2025-12-08,0,0,0,36.5℃,중고나라판매자,생활가전,고창읍,[출처] 중고나라 | [분석모델] THE_PLENDER | [모델근거] text_variant | [원문링크] https://web.joongna.com/product/220600535
음식물처리기,미닉스 음식물처리기,미닉스 더 플랜더(MNFD-100G) 음식물처리기 판매,거래완료,"170,000원",병점1동,2025-11-29,0,0,0,36.5℃,중고나라판매자,생활가전,병점1동,[출처] 중고나라 | [분석모델] MNFD-100G | [모델근거] text_code | [원문링크] https://web.joongna.com/product/221879506
음식물처리기,미닉스 음식물처리기,미닉스 더플렌더 프로 음식물처리기 새상품 미개봉,거래완료,"315,000원",입북동,2025-11-29,0,0,0,36.5℃,중고나라판매자,생활가전,입북동,[출처] 중고나라 | [분석모델] THE_PLENDER_PRO | [모델근거] text_variant | [원문링크] https://web.joongna.com/product/222373804
음식물처리기,미닉스 음식물처리기,미닉스 더 플렌더 음식물처리기 A/S 미사용 제품 판매합니다,거래완료,"150,000원",,2025-11-23,0,0,0,36.5℃,중고나라판매자,생활가전,,[출처] 중고나라 | [분석모델] THE_PLENDER | [모델근거] text_variant | [원문링크] https://web.joongna.com/product/222175851
음식물처리기,미닉스 음식물처리기,미닉스 더 플렌더 음식물 처리기 미개봉 새상품,거래완료,"320,000원",연희동,2025-11-19,0,0,0,36.5℃,중고나라판매자,생활가전,연희동,[출처] 중고나라 | [분석모델] THE_PLENDER | [모델근거] text_variant | [원문링크] https://web.joongna.com/product/221698048
음식물처리기,미닉스 음식물처리기,미닉스 더 플렌더 음식물 처리기 가정용 MNFD-100G 미개봉 새제품 저렴하게 팝니다.,거래완료,"350,000원",향남읍,2025-11-16,0,0,0,36.5℃,중고나라판매자,생활가전,향남읍,[출처] 중고나라 | [분석모델] MNFD-100G | [모델근거] text_code | [원문링크] https://web.joongna.com/product/221908662
음식물처리기,미닉스 음식물처리기,(미개봉 새제품) 미닉스 더 플렌더 프로 음식물 처리기 판매합니다.(MNFD-120G),거래완료,"400,000원",감일동,2025-10-29,0,0,0,36.5℃,중고나라판매자,생활가전,감일동,[출처] 중고나라 | [분석모델] MNFD-120G | [모델근거] text_code | [원문링크] https://web.joongna.com/product/221232016
음식물처리기,미닉스 음식물처리기,미닉스 음식물처리기 더플랜더 프로 새상품,거래중,"360,000원",남현동,2025-10-22,0,0,0,36.5℃,중고나라판매자,생활가전,남현동,[출처] 중고나라 | [분석모델] THE_PLENDER_PRO | [모델근거] text_variant | [원문링크] https://web.joongna.com/product/220994283
음식물처리기,미닉스 음식물처리기,미닉스 음식물처리기 더플랜더 프로 판매합니다,거래중,"360,000원",남현동,2025-10-22,0,0,0,36.5℃,중고나라판매자,생활가전,남현동,[출처] 중고나라 | [분석모델] THE_PLENDER_PRO | [모델근거] text_variant | [원문링크] https://web.joongna.com/product/220994528
음식물처리기,미닉스 음식물처리기,미닉스 더 플렌더 프로 음식물처리기 팝니다,거래중,"420,000원",,2025-10-22,0,0,0,36.5℃,중고나라판매자,생활가전,,[출처] 중고나라 | [분석모델] THE_PLENDER_PRO | [모델근거] text_variant | [원문링크] https://web.joongna.com/product/220980693
음식물처리기,미닉스 음식물처리기,미닉스 음식물 처리기,거래완료,"100,000원",,2025-10-20,0,0,0,36.5℃,중고나라판매자,생활가전,,[출처] 중고나라 | [분석모델] THE_PLENDER | [모델근거] text_variant | [원문링크] https://web.joongna.com/product/220923430
음식물처리기,미닉스 음식물처리기,미닉스 더 플렌더 음식물처리기 미개봉 새상품,거래중,"350,000원",회천4동,2025-10-19,0,0,0,36.5℃,중고나라판매자,생활가전,회천4동,[출처] 중고나라 | [분석모델] THE_PLENDER | [모델근거] text_variant | [원문링크] https://web.joongna.com/product/220879517
음식물처리기,미닉스 음식물처리기,무배) 미닉스 더 플렌더 음식물처리기 미개봉,거래완료,"390,000원",,2025-10-05,0,0,0,36.5℃,중고나라판매자,생활가전,,[출처] 중고나라 | [분석모델] THE_PLENDER | [모델근거] text_variant | [원문링크] https://web.joongna.com/product/220256056
음식물처리기,미닉스 음식물처리기,"미닉스 더 플랜더 음식물처리기(건조통교체,필터2개)",거래완료,"239,000원",원문동,2025-10-04,0,0,0,36.5℃,중고나라판매자,생활가전,원문동,[출처] 중고나라 | [분석모델] THE_PLENDER | [모델근거] text_variant | [원문링크] https://web.joongna.com/product/220216294
음식물처리기,미닉스 음식물처리기,미닉스 더플렌더 PRO 음식물처리기 (사은품) 새상품,거래완료,"400,000원",,2025-10-01,0,0,0,36.5℃,중고나라판매자,생활가전,,[출처] 중고나라 | [분석모델] THE_PLENDER_PRO | [모델근거] text_variant | [원문링크] https://web.joongna.com/product/220297042
음식물처리기,미닉스 음식물처리기,미닉스 더 플랜더 음식물처리기 새제품 판매,거래완료,"300,000원",금암1동,2025-09-27,0,0,0,36.5℃,중고나라판매자,생활가전,금암1동,[출처] 중고나라 | [분석모델] THE_PLENDER | [모델근거] text_variant | [원문링크] https://web.joongna.com/product/220162766
음식물처리기,미닉스 음식물처리기,미닉스 음식물처리기 더 플렌더 MNFD-100g 미개봉,거래완료,"310,000원",가산동,2025-09-26,0,0,0,36.5℃,중고나라판매자,생활가전,가산동,[출처] 중고나라 | [분석모델] MNFD-100G | [모델근거] text_code | [원문링크] https://web.joongna.com/product/220112529
음식물처리기,미닉스 음식물처리기,미닉스 음식물처리기 더 플랜더 판매합니다,거래완료,"245,000원",,2025-09-17,0,0,0,36.5℃,중고나라판매자,생활가전,,[출처] 중고나라 | [분석모델] THE_PLENDER | [모델근거] text_variant | [원문링크] https://web.joongna.com/product/219637533
음식물처리기,미닉스 음식물처리기,미닉스 음식물처리기 더 플랜더 판매합니다,거래완료,"255,000원",,2025-09-14,0,0,0,36.5℃,중고나라판매자,생활가전,,[출처] 중고나라 | [분석모델] THE_PLENDER | [모델근거] text_variant | [원문링크] https://web.joongna.com/product/219442788
음식물처리기,미닉스 음식물처리기,미닉스 음식물처리기 더 플랜더 판매합니다,거래완료,"255,000원",,2025-09-13,0,0,0,36.5℃,중고나라판매자,생활가전,,[출처] 중고나라 | [분석모델] THE_PLENDER | [모델근거] text_variant | [원문링크] https://web.joongna.com/product/219362190
음식물처리기,미닉스 음식물처리기,미닉스 음식물처리기 더 플랜더 판매합니다,거래완료,"260,000원",,2025-09-12,0,0,0,36.5℃,중고나라판매자,생활가전,,[출처] 중고나라 | [분석모델] THE_PLENDER | [모델근거] text_variant | [원문링크] https://web.joongna.com/product/219332698
음식물처리기,미닉스 음식물처리기,미닉스 음식물처리기 더 플랜더 판매합니다,거래완료,"260,000원",,2025-09-11,0,0,0,36.5℃,중고나라판매자,생활가전,,[출처] 중고나라 | [분석모델] THE_PLENDER | [모델근거] text_variant | [원문링크] https://web.joongna.com/product/219263287
음식물처리기,미닉스 음식물처리기,미닉스 음식물처리기 더 플랜더 판매합니다,거래완료,"270,000원",,2025-09-10,0,0,0,36.5℃,중고나라판매자,생활가전,,[출처] 중고나라 | [분석모델] THE_PLENDER | [모델근거] text_variant | [원문링크] https://web.joongna.com/product/219205940
음식물처리기,미닉스 음식물처리기,미닉스 더플렌더 PRO 음식물처리기 미개봉 새상품,거래완료,"380,000원",,2025-09-10,0,0,0,36.5℃,중고나라판매자,생활가전,,[출처] 중고나라 | [분석모델] THE_PLENDER_PRO | [모델근거] text_variant | [원문링크] https://web.joongna.com/product/219179779
음식물처리기,미닉스 음식물처리기,미닉스 음식물처리기 더 플랜더 판매합니다,거래완료,"270,000원",,2025-09-09,0,0,0,36.5℃,중고나라판매자,생활가전,,[출처] 중고나라 | [분석모델] THE_PLENDER | [모델근거] text_variant | [원문링크] https://web.joongna.com/product/219158046
음식물처리기,미닉스 음식물처리기,미닉스 음식물처리기 더 플랜더 판매합니다,거래완료,"270,000원",,2025-09-09,0,0,0,36.5℃,중고나라판매자,생활가전,,[출처] 중고나라 | [분석모델] THE_PLENDER | [모델근거] text_variant | [원문링크] https://web.joongna.com/product/219129544
음식물처리기,미닉스 음식물처리기,미닉스 음식물처리기 더 플렌더 pro 새상품,거래완료,"370,000원",,2025-09-08,0,0,0,36.5℃,중고나라판매자,생활가전,,[출처] 중고나라 | [분석모델] THE_PLENDER_PRO | [모델근거] text_variant | [원문링크] https://web.joongna.com/product/219070630
음식물처리기,미닉스 음식물처리기,미닉스 음식물처리기 더 플랜더 판매합니다,거래완료,"280,000원",,2025-09-08,0,0,0,36.5℃,중고나라판매자,생활가전,,[출처] 중고나라 | [분석모델] THE_PLENDER | [모델근거] text_variant | [원문링크] https://web.joongna.com/product/219048091
음식물처리기,미닉스 음식물처리기,미닉스 음식물처리기 더 플랜더 판매합니다,거래완료,"280,000원",,2025-09-07,0,0,0,36.5℃,중고나라판매자,생활가전,,[출처] 중고나라 | [분석모델] THE_PLENDER | [모델근거] text_variant | [원문링크] https://web.joongna.com/product/218985118
음식물처리기,미닉스 음식물처리기,미닉스 음식물처리기 더플렌더,거래완료,"270,000원",성주동,2025-09-07,0,0,0,36.5℃,중고나라판매자,생활가전,성주동,[출처] 중고나라 | [분석모델] THE_PLENDER | [모델근거] text_variant | [원문링크] https://web.joongna.com/product/218981456
음식물처리기,미닉스 음식물처리기,미닉스 음식물처리기 더 플랜더 판매합니다,거래완료,"285,000원",,2025-09-06,0,0,0,36.5℃,중고나라판매자,생활가전,,[출처] 중고나라 | [분석모델] THE_PLENDER | [모델근거] text_variant | [원문링크] https://web.joongna.com/product/218948590
음식물처리기,미닉스 음식물처리기,미닉스 음식물처리기 프로 pro 미개봉,거래완료,"370,000원",,2025-09-05,0,0,0,36.5℃,중고나라판매자,생활가전,,[출처] 중고나라 | [분석모델] THE_PLENDER_PRO | [모델근거] text_variant | [원문링크] https://web.joongna.com/product/218880705
음식물처리기,미닉스 음식물처리기,미닉스 음식물처리기 더 플랜더 판매합니다,거래완료,"290,000원",,2025-09-05,0,0,0,36.5℃,중고나라판매자,생활가전,,[출처] 중고나라 | [분석모델] THE_PLENDER | [모델근거] text_variant | [원문링크] https://web.joongna.com/product/218859126
음식물처리기,미닉스 음식물처리기,미닉스 음식물처리기 더 플랜더 판매합니다,거래완료,"290,000원",,2025-09-05,0,0,0,36.5℃,중고나라판매자,생활가전,,[출처] 중고나라 | [분석모델] THE_PLENDER | [모델근거] text_variant | [원문링크] https://web.joongna.com/product/218848628
음식물처리기,미닉스 음식물처리기,미닉스 더플렌더 프로 음식물처리기 미사용품,거래완료,"350,000원",성화.개신.죽림동,2025-09-04,0,0,0,36.5℃,중고나라판매자,생활가전,성화.개신.죽림동,[출처] 중고나라 | [분석모델] THE_PLENDER_PRO | [모델근거] text_variant | [원문링크] https://web.joongna.com/product/218787056
음식물처리기,미닉스 음식물처리기,미닉스 음식물처리기 더플렌더 프로팝니다,거래완료,"400,000원",부성2동,2025-08-29,0,0,0,36.5℃,중고나라판매자,생활가전,부성2동,[출처] 중고나라 | [분석모델] THE_PLENDER_PRO | [모델근거] text_variant | [원문링크] https://web.joongna.com/product/218422288
전자기기,풀리오 마사지 기기,풀리오 목어깨 마사지기,거래중,"40,000원",,2026-08-27,0,0,0,36.5℃,중고나라판매자,생활가전,,[출처] 중고나라 | [분석모델] NECK_SHOULDER | [모델근거] text_variant | [원문링크] https://web.joongna.com/product/231705286
전자기기,풀리오 마사지 기기,풀리오 손 손목 마사지기,거래중,"62,000원",남영동,2026-08-27,0,0,0,36.5℃,중고나라판매자,생활가전,남영동,[출처] 중고나라 | [분석모델] NECK_SHOULDER | [모델근거] text_variant | [원문링크] https://web.joongna.com/product/231896484
전자기기,풀리오 마사지 기기,풀리오 풀리지 허벅지 마사지기 판매해요,거래중,"146,000원",,2026-08-26,0,0,0,36.5℃,중고나라판매자,생활가전,,[출처] 중고나라 | [분석모델] THIGH_FULLIGE | [모델근거] text_variant | [원문링크] https://web.joongna.com/product/231797058
전자기기,풀리오 마사지 기기,풀리오 풀리지 허벅지 마사지기+에코백,거래중,"189,500원",,2026-08-26,0,0,0,36.5℃,중고나라판매자,생활가전,,[출처] 중고나라 | [분석모델] THIGH_FULLIGE | [모델근거] text_variant | [원문링크] https://web.joongna.com/product/231260276
전자기기,풀리오 마사지 기기,[미개봉/새제품] 풀리오 V3 종아리 마사지기,거래중,"110,000원",부천동,2026-08-26,0,0,0,36.5℃,중고나라판매자,생활가전,부천동,[출처] 중고나라 | [분석모델] CALF_V3 | [모델근거] text_variant | [원문링크] https://web.joongna.com/product/231675348
전자기기,풀리오 마사지 기기,미개봉)풀리오 넥풀러 목 어깨 마사지기,거래중,"345,000원",,2026-08-26,0,0,0,36.5℃,중고나라판매자,생활가전,,[출처] 중고나라 | [분석모델] NECK_PULLER | [모델근거] text_variant | [원문링크] https://web.joongna.com/product/229460674
전자기기,풀리오 마사지 기기,[박스미개봉 새상품]풀리오 백풀러 허리 마사지기,거래중,"87,000원",,2026-08-26,0,0,0,36.5℃,중고나라판매자,생활가전,,[출처] 중고나라 | [분석모델] BACK_PULLER | [모델근거] text_variant | [원문링크] https://web.joongna.com/product/231864348
전자기기,풀리오 마사지 기기,풀리오 종아리 마사지기 V2 판매합니다,거래중,"70,000원",광안제4동,2026-08-25,0,0,0,36.5℃,중고나라판매자,생활가전,광안제4동,[출처] 중고나라 | [분석모델] CALF_V2 | [모델근거] text_variant | [원문링크] https://web.joongna.com/product/231851637
전자기기,풀리오 마사지 기기,풀리오 목 어깨 마사지기 V3,거래중,"105,000원",,2026-08-25,0,0,0,36.5℃,중고나라판매자,생활가전,,[출처] 중고나라 | [분석모델] NECK_SHOULDER_V3 | [모델근거] text_variant | [원문링크] https://web.joongna.com/product/231480575
전자기기,풀리오 마사지 기기,한번사용)환불가능)풀리오 넥풀러 NP001 목 어깨 마사지기,예약중,"150,000원",독산제1동,2026-08-25,0,0,0,36.5℃,중고나라판매자,생활가전,독산제1동,[출처] 중고나라 | [분석모델] NP001 | [모델근거] text_code | [원문링크] https://web.joongna.com/product/231769923
전자기기,풀리오 마사지 기기,풀리오 에어 괄사 마사지기,거래중,"63,000원",,2026-08-24,0,0,0,36.5℃,중고나라판매자,생활가전,,[출처] 중고나라 | [분석모델] AIR_GUASHA | [모델근거] text_variant | [원문링크] https://web.joongna.com/product/229788200
전자기기,풀리오 마사지 기기,풀리오 허벅지 마사지기 구성품 모두 있어요,거래중,"150,000원",진례면,2026-08-23,0,0,0,36.5℃,중고나라판매자,생활가전,진례면,[출처] 중고나라 | [분석모델] THIGH_FULLIGE | [모델근거] text_variant | [원문링크] https://web.joongna.com/product/231798881
전자기기,풀리오 마사지 기기,풀리오 종아리 마사지기 V2 판매해요,거래중,"63,000원",,2026-08-23,0,0,0,36.5℃,중고나라판매자,생활가전,,[출처] 중고나라 | [분석모델] CALF_V2 | [모델근거] text_variant | [원문링크] https://web.joongna.com/product/231785354
전자기기,풀리오 마사지 기기,풀리오 허벅지 마사지기,거래중,"150,000원",,2026-08-23,0,0,0,36.5℃,중고나라판매자,생활가전,,[출처] 중고나라 | [분석모델] THIGH_FULLIGE | [모델근거] text_variant | [원문링크] https://web.joongna.com/product/231785100
전자기기,풀리오 마사지 기기,풀리오 마사지기 저렴 하게 판매 합니다,거래완료,"60,000원",금정동,2026-08-22,0,0,0,36.5℃,중고나라판매자,생활가전,금정동,[출처] 중고나라 | [분석모델] CALF_V3 | [모델근거] detail_text_variant | [원문설명] 풀리오 목어깨 마사지기 그리고 종아리 마사지기 v3 세트 포함해서 싸게 판매 합니다 3번 정도만 사용하고 나서 더이상 사용 하지 않아 상태 좋습니다 구매시 받은 충전기 선 또한 전부 다 있습니다 다만 목어깨 충전기는 구매 할때부터 없었는데 휴대폰 충전기로도 연결이 되어 충전 하실 경우 폰 충전기로 하시면 될거 같습니다 더이상 사용 하지 않아 가지고 있어봤자 짐만 될거 같다는 생각에 저렴하게 직거래로 판매 합니다 지역은 금정역이나 산본역입니다 제가 사는 아파트 동네로 오시면 5천원정도 깍아 드리겠습니다 꼭 구매 하실분만 연락 주세요 종아리 마사지기만 v3 이에요 이점 참고 해주세요 | [원문링크] https://web.joongna.com/product/229538712
전자기기,풀리오 마사지 기기,풀리오 다리 마사지기,거래중,"65,000원",,2026-08-22,0,0,0,36.5℃,중고나라판매자,생활가전,,[출처] 중고나라 | [분석모델] CALF | [모델근거] text_variant | [원문링크] https://web.joongna.com/product/231724581
전자기기,풀리오 마사지 기기,풀리오 풀리지 허벅지 마사지기,예약중,"130,000원",,2026-08-20,0,0,0,36.5℃,중고나라판매자,생활가전,,[출처] 중고나라 | [분석모델] THIGH_FULLIGE | [모델근거] text_variant | [원문링크] https://web.joongna.com/product/231700950
전자기기,풀리오 마사지 기기,풀리오 종아리 마사지기 V3 P005 풀박스 5회 미만 사용,거래중,"120,000원",암사제3동,2026-08-20,0,0,0,36.5℃,중고나라판매자,생활가전,암사제3동,[출처] 중고나라 | [분석모델] CALF_V3 | [모델근거] text_variant | [원문링크] https://web.joongna.com/product/231450084
전자기기,풀리오 마사지 기기,풀리오 다리 마사지기 세트 (택배비포함),거래중,"50,000원",,2026-08-19,0,0,0,36.5℃,중고나라판매자,생활가전,,[출처] 중고나라 | [분석모델] CALF | [모델근거] text_variant | [원문링크] https://web.joongna.com/product/231667731
전자기기,풀리오 마사지 기기,[박스미개봉 정품] 풀리오 에어 괄사 마사지기+보관파우치 세트 새 상품,거래중,"78,000원",,2026-08-18,0,0,0,36.5℃,중고나라판매자,생활가전,,[출처] 중고나라 | [분석모델] AIR_GUASHA | [모델근거] text_variant | [원문링크] https://web.joongna.com/product/231012356
전자기기,풀리오 마사지 기기,(새상품) 풀리오 무선 종이리 마사지기,거래중,"100,000원",구로제1동,2026-08-14,0,0,0,36.5℃,중고나라판매자,생활가전,구로제1동,[출처] 중고나라 | [분석모델] 제품군 공통 | [모델근거] product_group | [원문링크] https://web.joongna.com/product/231542472
전자기기,풀리오 마사지 기기,풀리오 목어깨 종아리 마사지기 세트,거래완료,"115,000원",,2026-08-14,0,0,0,36.5℃,중고나라판매자,생활가전,,[출처] 중고나라 | [분석모델] CALF | [모델근거] text_variant | [원문링크] https://web.joongna.com/product/224595563
전자기기,풀리오 마사지 기기,풀리오 무선 종아리 마사지기 V3 퍼플 새상품급 풀박스,거래완료,"95,000원",장안제1동,2026-08-11,0,0,0,36.5℃,중고나라판매자,생활가전,장안제1동,[출처] 중고나라 | [분석모델] CALF_V3 | [모델근거] text_variant | [원문링크] https://web.joongna.com/product/231452439
전자기기,풀리오 마사지 기기,풀리오 허벅지 마사지기 팝니다.,거래완료,"115,000원",기장읍,2026-08-10,0,0,0,36.5℃,중고나라판매자,생활가전,기장읍,[출처] 중고나라 | [분석모델] THIGH_FULLIGE | [모델근거] text_variant | [원문링크] https://web.joongna.com/product/231270044
전자기기,풀리오 마사지 기기,풀리오 다리 마사지기 1세대 판매,거래완료,"10,000원",삼성2동,2026-08-08,0,0,0,36.5℃,중고나라판매자,생활가전,삼성2동,[출처] 중고나라 | [분석모델] CALF | [모델근거] text_variant | [원문링크] https://web.joongna.com/product/231356538
전자기기,풀리오 마사지 기기,풀리오 마사지기,거래중,"170,000원",아라동,2026-08-07,0,0,0,36.5℃,중고나라판매자,생활가전,아라동,[출처] 중고나라 | [분석모델] 제품군 공통 | [모델근거] product_group | [원문설명] 온열 마사지 매트예요. 구입후 2회사용후 모셔둔제품이라 깨끗한 새제품 다름없습니다. 공간이슈로 정리하려구 판매합니다~ 박스는 없습니다 | [원문링크] https://web.joongna.com/product/231334329
전자기기,풀리오 마사지 기기,풀리오 등허리 마사지기,거래완료,"81,000원",봉담읍,2026-08-05,0,0,0,36.5℃,중고나라판매자,생활가전,봉담읍,[출처] 중고나라 | [분석모델] WAIST_BACK | [모델근거] text_variant | [원문링크] https://web.joongna.com/product/231288307
전자기기,풀리오 마사지 기기,풀리오 종아리마사지기 / 목어깨 마사지기,거래완료,"50,000원",대청동,2026-08-05,0,0,0,36.5℃,중고나라판매자,생활가전,대청동,[출처] 중고나라 | [분석모델] CALF | [모델근거] text_variant | [원문링크] https://web.joongna.com/product/231251266
전자기기,풀리오 마사지 기기,풀리오 무선 종아리 마사지기 V3 퍼플,거래완료,"80,000원",유구읍,2026-08-04,0,0,0,36.5℃,중고나라판매자,생활가전,유구읍,[출처] 중고나라 | [분석모델] CALF_V3 | [모델근거] text_variant | [원문링크] https://web.joongna.com/product/231244460
전자기기,풀리오 마사지 기기,풀리오 목어깨 마사지기 라이트,거래완료,"70,000원",정자동,2026-08-03,0,0,0,36.5℃,중고나라판매자,생활가전,정자동,[출처] 중고나라 | [분석모델] NECK_SHOULDER | [모델근거] text_variant | [원문링크] https://web.joongna.com/product/230980631
전자기기,풀리오 마사지 기기,풀리오 V2 어깨 마사지기,거래중,"55,000원",,2026-08-03,0,0,0,36.5℃,중고나라판매자,생활가전,,[출처] 중고나라 | [분석모델] NECK_SHOULDER_V2 | [모델근거] detail_text_variant | [원문설명] 풀리오 목어깨 마사지기 V2에요 2025년 04월 생산된 제품입니다 . 목과 어깨를 시원하게 풀어주는 마사지기고 온열기능 있습니다. | [원문링크] https://web.joongna.com/product/230813383
전자기기,풀리오 마사지 기기,풀리오 백풀러 마사지기,거래중,"60,000원",삼성2동,2026-08-01,0,0,0,36.5℃,중고나라판매자,생활가전,삼성2동,[출처] 중고나라 | [분석모델] BACK_PULLER | [모델근거] text_variant | [원문링크] https://web.joongna.com/product/231176437
전자기기,풀리오 마사지 기기,풀리오 등허리 쿠션 마사지기,거래완료,"60,000원",삼성2동,2026-08-01,0,0,0,36.5℃,중고나라판매자,생활가전,삼성2동,[출처] 중고나라 | [분석모델] WAIST_BACK | [모델근거] text_variant | [원문링크] https://web.joongna.com/product/231176149
전자기기,풀리오 마사지 기기,풀리오 목 어깨 두드림 마사지기 V3,거래중,"110,000원",원효로제1동,2026-08-01,0,0,0,36.5℃,중고나라판매자,생활가전,원효로제1동,[출처] 중고나라 | [분석모델] NECK_SHOULDER_V3 | [모델근거] text_variant | [원문링크] https://web.joongna.com/product/226345199
전자기기,풀리오 마사지 기기,풀리오 목어깨 마사지기 v3 거의 새것,거래완료,"90,000원",서초3동,2026-08-01,0,0,0,36.5℃,중고나라판매자,생활가전,서초3동,[출처] 중고나라 | [분석모델] NECK_SHOULDER_V3 | [모델근거] text_variant | [원문링크] https://web.joongna.com/product/231166712
전자기기,풀리오 마사지 기기,풀리오 종아리 마사지기 V3 퍼플,거래완료,"110,000원",,2026-07-31,0,0,0,36.5℃,중고나라판매자,생활가전,,[출처] 중고나라 | [분석모델] CALF_V3 | [모델근거] text_variant | [원문링크] https://web.joongna.com/product/231146892
전자기기,풀리오 마사지 기기,[마사지기] 풀리오 손 손목 마사지기 HD002,거래중,"60,000원",,2026-07-31,0,0,0,36.5℃,중고나라판매자,생활가전,,[출처] 중고나라 | [분석모델] HD002 | [모델근거] text_code | [원문링크] https://web.joongna.com/product/231130975
전자기기,풀리오 마사지 기기,풀리오 목 마사지기 네이비,거래완료,"50,000원",용현2동,2026-07-30,0,0,0,36.5℃,중고나라판매자,생활가전,용현2동,[출처] 중고나라 | [분석모델] NECK_SHOULDER | [모델근거] text_variant | [원문링크] https://web.joongna.com/product/231123924
전자기기,풀리오 마사지 기기,풀리오 백풀러 허리 마사지기 새상품급 판매,거래완료,"48,000원",송산2동,2026-07-29,0,0,0,36.5℃,중고나라판매자,생활가전,송산2동,[출처] 중고나라 | [분석모델] BACK_PULLER | [모델근거] text_variant | [원문링크] https://web.joongna.com/product/231002528
전자기기,풀리오 마사지 기기,풀리오 넥풀러 어깨 마사지기,거래중,"200,000원",,2026-07-27,0,0,0,36.5℃,중고나라판매자,생활가전,,[출처] 중고나라 | [분석모델] NECK_PULLER | [모델근거] text_variant | [원문링크] https://web.joongna.com/product/231036548
전자기기,풀리오 마사지 기기,풀리오 등허리 쿠션 마사지기 미개봉,거래완료,"80,000원",합정동,2026-07-26,0,0,0,36.5℃,중고나라판매자,생활가전,합정동,[출처] 중고나라 | [분석모델] WAIST_BACK | [모델근거] text_variant | [원문링크] https://web.joongna.com/product/231000662
전자기기,풀리오 마사지 기기,풀리오 무선 종아리 마사지기,거래완료,"40,000원",,2026-07-26,0,0,0,36.5℃,중고나라판매자,생활가전,,[출처] 중고나라 | [분석모델] CALF | [모델근거] text_variant | [원문링크] https://web.joongna.com/product/230984835
전자기기,풀리오 마사지 기기,풀리오 에어 괄사 마사지기 미개봉 새상품,거래중,"85,000원",중화제1동,2026-07-25,0,0,0,36.5℃,중고나라판매자,생활가전,중화제1동,[출처] 중고나라 | [분석모델] AIR_GUASHA | [모델근거] text_variant | [원문링크] https://web.joongna.com/product/230966950
전자기기,풀리오 마사지 기기,풀리오 풀리지 허벅지 마사지기,거래완료,"150,000원",월성1동,2026-07-25,0,0,0,36.5℃,중고나라판매자,생활가전,월성1동,[출처] 중고나라 | [분석모델] THIGH_FULLIGE | [모델근거] text_variant | [원문링크] https://web.joongna.com/product/229971030
전자기기,풀리오 마사지 기기,"[미개봉 새상품, 풀박스] 하체올인원 풀리오 풀리지 허벅지 종아리 마사지기",거래완료,"170,000원",,2026-07-25,0,0,0,36.5℃,중고나라판매자,생활가전,,[출처] 중고나라 | [분석모델] THIGH_FULLIGE | [모델근거] text_variant | [원문링크] https://web.joongna.com/product/230949231
전자기기,풀리오 마사지 기기,풀리오 종아리 마사지기,거래완료,"50,000원",왕십리도선동,2026-07-25,0,0,0,36.5℃,중고나라판매자,생활가전,왕십리도선동,[출처] 중고나라 | [분석모델] CALF | [모델근거] text_variant | [원문링크] https://web.joongna.com/product/230951839
전자기기,풀리오 마사지 기기,풀리오 종아리 마사지기 V2. PLO-CB227,거래완료,"77,000원",임동,2026-07-23,0,0,0,36.5℃,중고나라판매자,생활가전,임동,[출처] 중고나라 | [분석모델] PLO-CB227 | [모델근거] text_code | [원문링크] https://web.joongna.com/product/230911751
전자기기,풀리오 마사지 기기,풀리오 넥풀러 목 어깨 마사지기,거래중,"150,000원",면목3동8동,2026-07-22,0,0,0,36.5℃,중고나라판매자,생활가전,면목3동8동,[출처] 중고나라 | [분석모델] NECK_PULLER | [모델근거] text_variant | [원문링크] https://web.joongna.com/product/230853283
전자기기,풀리오 마사지 기기,풀리오 손 마사지기 새것 택포 7만원에 팔게요,거래중,"6,666원",,2026-07-22,0,0,0,36.5℃,중고나라판매자,생활가전,,[출처] 중고나라 | [분석모델] HAND_WRIST | [모델근거] text_variant | [원문링크] https://web.joongna.com/product/229251979
전자기기,풀리오 마사지 기기,풀리오 목어깨 마사지기 V2 택포 7만원에 팔게요,거래중,"6,666원",,2026-07-22,0,0,0,36.5℃,중고나라판매자,생활가전,,[출처] 중고나라 | [분석모델] NECK_SHOULDER_V2 | [모델근거] text_variant | [원문링크] https://web.joongna.com/product/229125536
전자기기,풀리오 마사지 기기,풀리오 무선 종아리 마사지기 퍼플 L사이즈,거래완료,"55,000원",법2동,2026-07-21,0,0,0,36.5℃,중고나라판매자,생활가전,법2동,[출처] 중고나라 | [분석모델] CALF | [모델근거] text_variant | [원문링크] https://web.joongna.com/product/230801126
전자기기,풀리오 마사지 기기,[S급/풀박스] 풀리오 무선 종아리 마사지기 V3 판매합니다 (1회 테스트 사용),거래완료,"100,000원",,2026-07-20,0,0,0,36.5℃,중고나라판매자,생활가전,,[출처] 중고나라 | [분석모델] CALF_V3 | [모델근거] text_variant | [원문링크] https://web.joongna.com/product/230801703
전자기기,풀리오 마사지 기기,풀리오 종아리 마사지기 v3 새상품 팝니다.,거래완료,"110,000원",남사읍,2026-07-20,0,0,0,36.5℃,중고나라판매자,생활가전,남사읍,[출처] 중고나라 | [분석모델] CALF_V3 | [모델근거] text_variant | [원문링크] https://web.joongna.com/product/229313257
전자기기,풀리오 마사지 기기,풀리오 등허리 쿠션 마사지기,거래중,"60,000원",신길제7동,2026-07-19,0,0,0,36.5℃,중고나라판매자,생활가전,신길제7동,[출처] 중고나라 | [분석모델] WAIST_BACK | [모델근거] text_variant | [원문링크] https://web.joongna.com/product/230779116
전자기기,풀리오 마사지 기기,풀리오 손 마사지기,거래완료,"54,000원",,2026-07-18,0,0,0,36.5℃,중고나라판매자,생활가전,,[출처] 중고나라 | [분석모델] HAND_WRIST | [모델근거] text_variant | [원문링크] https://web.joongna.com/product/230731716
전자기기,풀리오 마사지 기기,풀리오 손 손목 마사지기,거래중,"62,000원",남영동,2026-07-17,0,0,0,36.5℃,중고나라판매자,생활가전,남영동,[출처] 중고나라 | [분석모델] NECK_SHOULDER | [모델근거] text_variant | [원문링크] https://web.joongna.com/product/230708662
전자기기,풀리오 마사지 기기,2회사용) 풀리오 넥풀러 승모근 경추 목 어깨 마사지기 홈케어 풀세트,거래완료,"250,000원",인동동,2026-07-17,0,0,0,36.5℃,중고나라판매자,생활가전,인동동,[출처] 중고나라 | [분석모델] NECK_PULLER | [모델근거] text_variant | [원문링크] https://web.joongna.com/product/228916232
전자기기,풀리오 마사지 기기,풀리오 목어깨 마사지기 넥플러,거래중,"160,000원",회천4동,2026-07-16,0,0,0,36.5℃,중고나라판매자,생활가전,회천4동,[출처] 중고나라 | [분석모델] NECK_SHOULDER_V2 | [모델근거] detail_text_variant | [원문설명] 풀리오 목어깨 마사지기 V2 판매합니다 구매 후 몇 번 사용하지 않아 상태 매우 좋으며 사용감 거의 없습니다 정상 작동 확인 했고 구성품 중 기본 제공 커버 2개 중 1개는 세탁 후 보관 과정에서 분실하여 현재 미개봉 커버 1개만 있습니다 택배거래 시 택배비 별도 직거래 덕은동 옥정동 가능 | [원문링크] https://web.joongna.com/product/229526461
전자기기,풀리오 마사지 기기,풀리오 종아리 마사지기 V3 새상품,거래완료,"100,000원",논현1동,2026-07-13,0,0,0,36.5℃,중고나라판매자,생활가전,논현1동,[출처] 중고나라 | [분석모델] CALF_V3 | [모델근거] text_variant | [원문링크] https://web.joongna.com/product/230594569
전자기기,풀리오 마사지 기기,풀리오 손 마사지기,거래중,"70,000원",,2026-07-11,0,0,0,36.5℃,중고나라판매자,생활가전,,[출처] 중고나라 | [분석모델] HAND_WRIST | [모델근거] text_variant | [원문링크] https://web.joongna.com/product/230529594
전자기기,풀리오 마사지 기기,풀리오 종아리 마사지기 V3,거래완료,"70,000원",농소3동,2026-07-10,0,0,0,36.5℃,중고나라판매자,생활가전,농소3동,[출처] 중고나라 | [분석모델] CALF_V3 | [모델근거] text_variant | [원문링크] https://web.joongna.com/product/230480259
전자기기,풀리오 마사지 기기,풀리오 무선 손목 마사지기,거래중,"65,000원",,2026-07-08,0,0,0,36.5℃,중고나라판매자,생활가전,,[출처] 중고나라 | [분석모델] NECK_SHOULDER | [모델근거] text_variant | [원문링크] https://web.joongna.com/product/230424791
전자기기,풀리오 마사지 기기,풀리오 허벅지 종아리 마사지기,거래완료,"160,000원",광명7동,2026-07-06,0,0,0,36.5℃,중고나라판매자,생활가전,광명7동,[출처] 중고나라 | [분석모델] THIGH_FULLIGE | [모델근거] text_variant | [원문링크] https://web.joongna.com/product/230353734
전자기기,풀리오 마사지 기기,"1회 사용 , 풀리오 등허리 쿠션 마사지기",거래완료,"80,000원",청담동,2026-07-04,0,0,0,36.5℃,중고나라판매자,생활가전,청담동,[출처] 중고나라 | [분석모델] WAIST_BACK | [모델근거] text_variant | [원문링크] https://web.joongna.com/product/230291052
전자기기,풀리오 마사지 기기,풀리오 손 마사지기 (26.1월 제조),거래중,"70,000원",창제4동,2026-07-03,0,0,0,36.5℃,중고나라판매자,생활가전,창제4동,[출처] 중고나라 | [분석모델] HAND_WRIST | [모델근거] text_variant | [원문링크] https://web.joongna.com/product/230269863
전자기기,풀리오 마사지 기기,풀리오 풀리지 허벅지 마사지기,거래완료,"165,000원",,2026-07-03,0,0,0,36.5℃,중고나라판매자,생활가전,,[출처] 중고나라 | [분석모델] THIGH_FULLIGE | [모델근거] text_variant | [원문링크] https://web.joongna.com/product/230184660
전자기기,풀리오 마사지 기기,풀리오 목어깨 마사지기,거래중,"70,000원",,2026-07-02,0,0,0,36.5℃,중고나라판매자,생활가전,,[출처] 중고나라 | [분석모델] NECK_SHOULDER | [모델근거] text_variant | [원문링크] https://web.joongna.com/product/223602825
전자기기,풀리오 마사지 기기,[풀박스] 풀리오 종아리 마사지기 V3 퍼플,거래완료,"59,000원",하안1동,2026-07-02,0,0,0,36.5℃,중고나라판매자,생활가전,하안1동,[출처] 중고나라 | [분석모델] CALF_V3 | [모델근거] text_variant | [원문링크] https://web.joongna.com/product/230215933
전자기기,풀리오 마사지 기기,Pulio(풀리오) 어깨 마사지기 V2 팝니다,거래완료,"40,000원",양동면,2026-06-29,0,0,0,36.5℃,중고나라판매자,생활가전,양동면,"[출처] 중고나라 | [분석모델] 제품군 공통 | [모델근거] product_group | [원문설명] 직거래는 경기 여주, 경기 양평, 강원 지역에서 가능합니다. 충격에 예민한 제품이라서 택배보다는 직거래 진행합니다. 구입 비용 대비 저렴하게 올렸기 때문에 네고는 죄송합니다. (안심 하실 수 있도록 닉네임 수기 인증하였고, 영상통화도 가능) 풀리오 어깨 마사지기 V2 & 전용 파우치 1) 초기 구입 비용 10만원 정도 들었던 제품 - 풀리오 어깨마사지기: 9만 9천원 - 전용 파우치: 사은품으로 증정 2) 3번 사용했던 상태 좋은 제품 - 3번 밖에 사용하지 않아서 새것과 같은 제품 3) 추가 파우치 - 어깨 마사지기를 안전하게 보관할 수 있는 파우치(사은품) | [원문링크] https://web.joongna.com/product/230140700"
전자기기,풀리오 마사지 기기,풀리오 어깨 마사지기,거래중,"60,000원",정자동,2026-06-27,0,0,0,36.5℃,중고나라판매자,생활가전,정자동,[출처] 중고나라 | [분석모델] 제품군 공통 | [모델근거] product_group | [원문설명] 1번 쓰고 안 써서 보시다시피 아주 깨끗합니다! | [원문링크] https://web.joongna.com/product/224745785
전자기기,풀리오 마사지 기기,풀리오 종아리 마사지기 V3 미개봉 새제품,거래완료,"100,000원",,2026-06-27,0,0,0,36.5℃,중고나라판매자,생활가전,,[출처] 중고나라 | [분석모델] CALF_V3 | [모델근거] text_variant | [원문링크] https://web.joongna.com/product/230072200
전자기기,풀리오 마사지 기기,(미개봉 새상품) 풀리오 풀리지 허벅지 마사지기,거래완료,"185,000원",도담동,2026-06-27,0,0,0,36.5℃,중고나라판매자,생활가전,도담동,[출처] 중고나라 | [분석모델] THIGH_FULLIGE | [모델근거] text_variant | [원문링크] https://web.joongna.com/product/230064074
전자기기,풀리오 마사지 기기,풀리오 괄사 마사지기,거래완료,"30,000원",초당동,2026-06-27,0,0,0,36.5℃,중고나라판매자,생활가전,초당동,[출처] 중고나라 | [분석모델] 제품군 공통 | [모델근거] product_group | [원문설명] 작년에 사놓고 몇 번 쓰고 처박아놨다 이제야 파네요 박스랑 구성품 그대로 있습니다. 택배 착불입니다 | [원문링크] https://web.joongna.com/product/230053696
전자기기,풀리오 마사지 기기,풀리오 허벅지 마사지기 팝니다,거래완료,"130,000원",병점2동,2026-06-23,0,0,0,36.5℃,중고나라판매자,생활가전,병점2동,[출처] 중고나라 | [분석모델] THIGH_FULLIGE | [모델근거] text_variant | [원문링크] https://web.joongna.com/product/229932280
전자기기,풀리오 마사지 기기,풀리오 목 어깨 두드림 마사지기 V3,거래완료,"90,000원",,2026-06-23,0,0,0,36.5℃,중고나라판매자,생활가전,,[출처] 중고나라 | [분석모델] NECK_SHOULDER_V3 | [모델근거] text_variant | [원문링크] https://web.joongna.com/product/229931758
전자기기,풀리오 마사지 기기,풀리오 V3 목 어깨 마사지기 블루,거래완료,"50,000원",가락2동,2026-06-20,0,0,0,36.5℃,중고나라판매자,생활가전,가락2동,[출처] 중고나라 | [분석모델] NECK_SHOULDER_V3 | [모델근거] text_variant | [원문링크] https://web.joongna.com/product/229846343
전자기기,풀리오 마사지 기기,풀리오 목어깨 마사지기,거래중,"50,000원",국우동,2026-06-16,0,0,0,36.5℃,중고나라판매자,생활가전,국우동,[출처] 중고나라 | [분석모델] NECK_SHOULDER | [모델근거] text_variant | [원문링크] https://web.joongna.com/product/228782785
전자기기,풀리오 마사지 기기,풀리오 종아리 마사지기,거래중,"120,000원",죽도동,2026-06-16,0,0,0,36.5℃,중고나라판매자,생활가전,죽도동,[출처] 중고나라 | [분석모델] CALF | [모델근거] text_variant | [원문링크] https://web.joongna.com/product/229685889
전자기기,풀리오 마사지 기기,새상품 풀리오 목어깨 마사지기 V3,거래완료,"136,000원",개봉제2동,2026-06-15,0,0,0,36.5℃,중고나라판매자,생활가전,개봉제2동,[출처] 중고나라 | [분석모델] NECK_SHOULDER_V3 | [모델근거] text_variant | [원문링크] https://web.joongna.com/product/229014043
전자기기,풀리오 마사지 기기,풀리오 V2 목 어깨 마사지기,거래중,"60,000원",,2026-06-11,0,0,0,36.5℃,중고나라판매자,생활가전,,[출처] 중고나라 | [분석모델] NECK_SHOULDER_V2 | [모델근거] text_variant | [원문링크] https://web.joongna.com/product/229539214
전자기기,풀리오 마사지 기기,풀리오 탭탭 목 어깨 마사지기 25.11월 제조,거래중,"63,000원",원신동,2026-06-11,0,0,0,36.5℃,중고나라판매자,생활가전,원신동,[출처] 중고나라 | [분석모델] NECK_SHOULDER | [모델근거] text_variant | [원문링크] https://web.joongna.com/product/229526844
전자기기,풀리오 마사지 기기,[풀리오] 목 어깨 두드림 마사지기 V3,거래완료,"87,000원",계양3동,2026-06-10,0,0,0,36.5℃,중고나라판매자,생활가전,계양3동,[출처] 중고나라 | [분석모델] NECK_SHOULDER_V3 | [모델근거] text_variant | [원문링크] https://web.joongna.com/product/229128971
전자기기,풀리오 마사지 기기,풀리오 목 어깨 마사지기,거래완료,"62,000원",송죽동,2026-06-08,0,0,0,36.5℃,중고나라판매자,생활가전,송죽동,[출처] 중고나라 | [분석모델] NECK_SHOULDER | [모델근거] text_variant | [원문링크] https://web.joongna.com/product/229447370
전자기기,풀리오 마사지 기기,풀리오 종아리 마사지기 V2 P004 (다크 퍼플),거래완료,"66,000원",송죽동,2026-06-08,0,0,0,36.5℃,중고나라판매자,생활가전,송죽동,[출처] 중고나라 | [분석모델] CALF_V2 | [모델근거] text_variant | [원문링크] https://web.joongna.com/product/229447470
전자기기,풀리오 마사지 기기,풀리오 목 어깨 마사지기,거래중,"60,000원",금촌1동,2026-06-08,0,0,0,36.5℃,중고나라판매자,생활가전,금촌1동,[출처] 중고나라 | [분석모델] NECK_SHOULDER | [모델근거] text_variant | [원문링크] https://web.joongna.com/product/229428039
전자기기,풀리오 마사지 기기,[미개봉] 풀리오 목 어깨 마사지기 V3,거래완료,"100,000원",노은3동,2026-06-06,0,0,0,36.5℃,중고나라판매자,생활가전,노은3동,[출처] 중고나라 | [분석모델] NECK_SHOULDER_V3 | [모델근거] text_variant | [원문링크] https://web.joongna.com/product/229128371
전자기기,풀리오 마사지 기기,풀리오 목 어깨 두드림 마사지기 V3 선물세트,거래완료,"100,000원",,2026-06-05,0,0,0,36.5℃,중고나라판매자,생활가전,,[출처] 중고나라 | [분석모델] NECK_SHOULDER_V3 | [모델근거] text_variant | [원문링크] https://web.joongna.com/product/229324386
전자기기,풀리오 마사지 기기,풀리오 무선 목어깨 마사지기,거래완료,"38,000원",내수읍,2026-06-04,0,0,0,36.5℃,중고나라판매자,생활가전,내수읍,[출처] 중고나라 | [분석모델] NECK_SHOULDER | [모델근거] text_variant | [원문링크] https://web.joongna.com/product/228734471
전자기기,풀리오 마사지 기기,풀리오 종아리 마사지기 V2,거래완료,"60,000원",금촌1동,2026-06-04,0,0,0,36.5℃,중고나라판매자,생활가전,금촌1동,[출처] 중고나라 | [분석모델] CALF_V2 | [모델근거] text_variant | [원문링크] https://web.joongna.com/product/229295710
전자기기,풀리오 마사지 기기,풀리오 목 어깨 마사지기,거래완료,"60,000원",금촌1동,2026-06-04,0,0,0,36.5℃,중고나라판매자,생활가전,금촌1동,[출처] 중고나라 | [분석모델] NECK_SHOULDER | [모델근거] text_variant | [원문링크] https://web.joongna.com/product/229295744
전자기기,풀리오 마사지 기기,풀리오 손목 마사지기 HD002,거래완료,"60,000원",천호제2동,2026-06-04,0,0,0,36.5℃,중고나라판매자,생활가전,천호제2동,[출처] 중고나라 | [분석모델] HD002 | [모델근거] text_code | [원문링크] https://web.joongna.com/product/229294770
전자기기,풀리오 마사지 기기,(새제품)풀리오 종아리 마사지기 V3 퍼플,거래완료,"110,000원",중곡제4동,2026-06-02,0,0,0,36.5℃,중고나라판매자,생활가전,중곡제4동,[출처] 중고나라 | [분석모델] CALF_V3 | [모델근거] text_variant | [원문링크] https://web.joongna.com/product/229246624
전자기기,풀리오 마사지 기기,Pulio 풀리오 넥풀러 목어깨 마사지기 견인 풀박스,거래중,"309,000원",중앙동,2026-06-02,0,0,0,36.5℃,중고나라판매자,생활가전,중앙동,[출처] 중고나라 | [분석모델] NECK_PULLER | [모델근거] text_variant | [원문링크] https://web.joongna.com/product/229223702
전자기기,풀리오 마사지 기기,풀리오 마사지기 V3 신형,거래완료,"90,000원",의정부1동,2026-06-01,0,0,0,36.5℃,중고나라판매자,생활가전,의정부1동,"[출처] 중고나라 | [분석모델] 제품군 공통 | [모델근거] product_group | [원문설명] 풀리오마사지기 V3 신형입니다. 구형보다 배터리 용량 증가, 더 세밀한 마사지. 구형은 조절기 모양이 신형과 다릅니다 박스와 구성품 모두 포함. 2회 사용 상태 양호합니다. | [원문링크] https://web.joongna.com/product/229195797"
전자기기,풀리오 마사지 기기,풀리오 종아리 마사지기 v3,거래완료,"90,000원",,2026-05-29,0,0,0,36.5℃,중고나라판매자,생활가전,,[출처] 중고나라 | [분석모델] CALF_V3 | [모델근거] text_variant | [원문링크] https://web.joongna.com/product/229059154
전자기기,풀리오 마사지 기기,풀리오 백풀러 허리 마사지기,거래중,"65,000원",,2026-05-28,0,0,0,36.5℃,중고나라판매자,생활가전,,[출처] 중고나라 | [분석모델] BACK_PULLER | [모델근거] text_variant | [원문링크] https://web.joongna.com/product/228834604
전자기기,풀리오 마사지 기기,풀리오 종아리 마사지기 V3,거래완료,"50,000원",유구읍,2026-05-28,0,0,0,36.5℃,중고나라판매자,생활가전,유구읍,[출처] 중고나라 | [분석모델] CALF_V3 | [모델근거] text_variant | [원문링크] https://web.joongna.com/product/228893377
전자기기,풀리오 마사지 기기,풀리오 종아리 마사지기,거래완료,"90,000원",,2026-05-27,0,0,0,36.5℃,중고나라판매자,생활가전,,[출처] 중고나라 | [분석모델] CALF | [모델근거] text_variant | [원문링크] https://web.joongna.com/product/229019458
전자기기,풀리오 마사지 기기,풀리오 마사지매트 + 종아리 마사지기 + 손 마사지기,거래완료,"50,000원",영통2동,2026-05-26,0,0,0,36.5℃,중고나라판매자,생활가전,영통2동,[출처] 중고나라 | [분석모델] CALF | [모델근거] text_variant | [원문링크] https://web.joongna.com/product/228938399
전자기기,풀리오 마사지 기기,목과 어깨의 뭉친 근육을 시원하게 풀어주는 풀리오 목 어깨 마사지기 V3 네이비,거래완료,"80,000원",내서읍,2026-05-24,0,0,0,36.5℃,중고나라판매자,생활가전,내서읍,[출처] 중고나라 | [분석모델] NECK_SHOULDER_V3 | [모델근거] text_variant | [원문링크] https://web.joongna.com/product/228917914
전자기기,풀리오 마사지 기기,풀리오 목 어깨 마사지기 V3,거래완료,"80,000원",서둔동,2026-05-15,0,0,0,36.5℃,중고나라판매자,생활가전,서둔동,[출처] 중고나라 | [분석모델] NECK_SHOULDER_V3 | [모델근거] text_variant | [원문링크] https://web.joongna.com/product/228610031
전자기기,풀리오 마사지 기기,풀리오 종아리+목어깨 마사지기 일괄 2024년형,거래완료,"100,000원",,2026-05-14,0,0,0,36.5℃,중고나라판매자,생활가전,,[출처] 중고나라 | [분석모델] CALF | [모델근거] text_variant | [원문링크] https://web.joongna.com/product/228595231
전자기기,풀리오 마사지 기기,풀리오 에어 괄사 마사지기,예약중,"54,500원",대저2동,2026-05-13,0,0,0,36.5℃,중고나라판매자,생활가전,대저2동,[출처] 중고나라 | [분석모델] AIR_GUASHA | [모델근거] text_variant | [원문링크] https://web.joongna.com/product/228320663
전자기기,풀리오 마사지 기기,풀리오 에어 괄사 마사지기 (머리 마사지기),거래완료,"60,000원",,2026-05-13,0,0,0,36.5℃,중고나라판매자,생활가전,,[출처] 중고나라 | [분석모델] AIR_GUASHA | [모델근거] text_variant | [원문링크] https://web.joongna.com/product/228556637
전자기기,풀리오 마사지 기기,풀리오 허벅지 다리 마사지기,거래중,"179,000원",능평동,2026-05-13,0,0,0,36.5℃,중고나라판매자,생활가전,능평동,[출처] 중고나라 | [분석모델] THIGH_FULLIGE | [모델근거] text_variant | [원문링크] https://web.joongna.com/product/225576084
전자기기,풀리오 마사지 기기,풀리오 풀리지 허벅지 마사지기 V3 미드나잇 퍼플,거래완료,"109,000원",,2026-05-13,0,0,0,36.5℃,중고나라판매자,생활가전,,[출처] 중고나라 | [분석모델] THIGH_FULLIGE | [모델근거] text_variant | [원문링크] https://web.joongna.com/product/228539471
전자기기,풀리오 마사지 기기,풀리오 V2 목어깨 마사지기 퍼플,거래중,"65,000원",,2026-05-11,0,0,0,36.5℃,중고나라판매자,생활가전,,[출처] 중고나라 | [분석모델] NECK_SHOULDER_V2 | [모델근거] text_variant | [원문링크] https://web.joongna.com/product/228471577
전자기기,풀리오 마사지 기기,(미개봉) (새상품)풀리오 목어깨 마사지기 V3,거래완료,"95,000원",,2026-05-10,0,0,0,36.5℃,중고나라판매자,생활가전,,[출처] 중고나라 | [분석모델] NECK_SHOULDER_V3 | [모델근거] text_variant | [원문링크] https://web.joongna.com/product/228459249
전자기기,풀리오 마사지 기기,풀리오 탭탭 목 어깨 마사지기 25.11월 제조,거래완료,"63,000원",원신동,2026-05-08,0,0,0,36.5℃,중고나라판매자,생활가전,원신동,[출처] 중고나라 | [분석모델] NECK_SHOULDER | [모델근거] text_variant | [원문링크] https://web.joongna.com/product/226920146
전자기기,풀리오 마사지 기기,풀리오 종아리 마사지기,거래완료,"40,000원",신중동,2026-05-07,0,0,0,36.5℃,중고나라판매자,생활가전,신중동,[출처] 중고나라 | [분석모델] CALF | [모델근거] text_variant | [원문링크] https://web.joongna.com/product/228356993
전자기기,풀리오 마사지 기기,풀리오 목어깨 마사지기 V1,거래완료,"35,000원",신사동,2026-05-05,0,0,0,36.5℃,중고나라판매자,생활가전,신사동,[출처] 중고나라 | [분석모델] NECK_SHOULDER_V1 | [모델근거] text_variant | [원문링크] https://web.joongna.com/product/225027479
전자기기,풀리오 마사지 기기,풀리오 목 어깨 마사지기 N001모델(1회 사용),거래중,"50,000원",태화동,2026-05-05,0,0,0,36.5℃,중고나라판매자,생활가전,태화동,[출처] 중고나라 | [분석모델] N001 | [모델근거] text_code | [원문링크] https://web.joongna.com/product/228272336
전자기기,풀리오 마사지 기기,풀리오 목어깨 베개 마사지기 거의 새것,거래완료,"60,000원",무실동,2026-05-05,0,0,0,36.5℃,중고나라판매자,생활가전,무실동,[출처] 중고나라 | [분석모델] NECK_SHOULDER | [모델근거] text_variant | [원문링크] https://web.joongna.com/product/227682157
전자기기,풀리오 마사지 기기,풀리오 풀리지 허벅지 마사지기,거래완료,"130,000원",공항동,2026-05-05,0,0,0,36.5℃,중고나라판매자,생활가전,공항동,[출처] 중고나라 | [분석모델] THIGH_FULLIGE | [모델근거] text_variant | [원문링크] https://web.joongna.com/product/228268196
전자기기,풀리오 마사지 기기,풀리오 목어깨 마사지기 V3 새상품,거래완료,"100,000원",안심3동,2026-05-02,0,0,0,36.5℃,중고나라판매자,생활가전,안심3동,[출처] 중고나라 | [분석모델] NECK_SHOULDER_V3 | [모델근거] text_variant | [원문링크] https://web.joongna.com/product/228172737
전자기기,풀리오 마사지 기기,풀리오 괄사 마사지기 미개봉 새상품,거래중,"70,000원",,2026-05-02,0,0,0,36.5℃,중고나라판매자,생활가전,,[출처] 중고나라 | [분석모델] 제품군 공통 | [모델근거] product_group | [원문설명] 풀리오 괄사 마사지기 미개봉 새상품 판매합니다 😀 직거래 당산에서 가능합니다 | [원문링크] https://web.joongna.com/product/227245226
전자기기,풀리오 마사지 기기,풀리오 목어깨 마사지기 V2,거래중,"80,000원",,2026-04-30,0,0,0,36.5℃,중고나라판매자,생활가전,,[출처] 중고나라 | [분석모델] NECK_SHOULDER_V2 | [모델근거] text_variant | [원문링크] https://web.joongna.com/product/228095178
전자기기,풀리오 마사지 기기,풀리오 목 마사지기,거래중,"25,000원",,2026-04-29,0,0,0,36.5℃,중고나라판매자,생활가전,,[출처] 중고나라 | [분석모델] NECK_SHOULDER | [모델근거] text_variant | [원문링크] https://web.joongna.com/product/226456131
전자기기,풀리오 마사지 기기,풀리오 허벅지 마사지기,거래완료,"135,000원",,2026-04-27,0,0,0,36.5℃,중고나라판매자,생활가전,,[출처] 중고나라 | [분석모델] THIGH_FULLIGE | [모델근거] text_variant | [원문링크] https://web.joongna.com/product/227965545
전자기기,풀리오 마사지 기기,풀리오 마사지기 목 허리 어깨 안마기 마사지벨트,거래중,"85,000원",,2026-04-26,0,0,0,36.5℃,중고나라판매자,생활가전,,[출처] 중고나라 | [분석모델] WAIST_BACK | [모델근거] text_variant | [원문링크] https://web.joongna.com/product/226941981
전자기기,풀리오 마사지 기기,풀리오 종아리 마사지기 V3,거래완료,"75,000원",시흥제2동,2026-04-26,0,0,0,36.5℃,중고나라판매자,생활가전,시흥제2동,[출처] 중고나라 | [분석모델] CALF_V3 | [모델근거] text_variant | [원문링크] https://web.joongna.com/product/227948860
전자기기,풀리오 마사지 기기,풀리오 넥앤숄더 마사지기 V3 미개봉,거래중,"100,000원",망원제1동,2026-04-24,0,0,0,36.5℃,중고나라판매자,생활가전,망원제1동,[출처] 중고나라 | [분석모델] 제품군 공통 | [모델근거] product_group | [원문설명] 미개봉 풀리오 넥앤숄더 마사지기 V3 판매합니다. 리퍼 제품이라 저렴하게 내놓습니다. 사진에서 보시는 것과 같이 씰도 뜯지 않은 새상품입니다. 문의 없으시면 바로 안전결제해주시면 됩니다! 리퍼는 고장나서 새제품을 다시 받은 것입니다 | [원문링크] https://web.joongna.com/product/227875190
전자기기,풀리오 마사지 기기,미개봉새상품 정품)풀리오 목어깨 마사지기 V2(선물가능),거래완료,"73,000원",독산제1동,2026-04-24,0,0,0,36.5℃,중고나라판매자,생활가전,독산제1동,[출처] 중고나라 | [분석모델] NECK_SHOULDER_V2 | [모델근거] text_variant | [원문링크] https://web.joongna.com/product/227625458
전자기기,풀리오 마사지 기기,풀리오 종아리 마사지기 V3 (미개봉),거래완료,"110,000원",중곡제4동,2026-04-24,0,0,0,36.5℃,중고나라판매자,생활가전,중곡제4동,[출처] 중고나라 | [분석모델] CALF_V3 | [모델근거] text_variant | [원문링크] https://web.joongna.com/product/227859242
전자기기,풀리오 마사지 기기,4/17 구매 풀박스] 풀리오 허벅지 마사지기 임산부 선물가능 (최신버전),거래완료,"170,000원",대치4동,2026-04-23,0,0,0,36.5℃,중고나라판매자,생활가전,대치4동,[출처] 중고나라 | [분석모델] THIGH_FULLIGE | [모델근거] text_variant | [원문링크] https://web.joongna.com/product/227843848
전자기기,풀리오 마사지 기기,풀리오 허벅지 종아리 마사지기,거래완료,"140,000원",상인2동,2026-04-21,0,0,0,36.5℃,중고나라판매자,생활가전,상인2동,[출처] 중고나라 | [분석모델] THIGH_FULLIGE | [모델근거] text_variant | [원문링크] https://web.joongna.com/product/227757880
전자기기,풀리오 마사지 기기,풀리오 에어 괄사 마사지기,거래중,"87,000원",서부1동,2026-04-21,0,0,0,36.5℃,중고나라판매자,생활가전,서부1동,[출처] 중고나라 | [분석모델] AIR_GUASHA | [모델근거] text_variant | [원문링크] https://web.joongna.com/product/225665131
전자기기,풀리오 마사지 기기,"풀리오 풀리지 허벅지 마사지기 미드나잇 퍼플,거의 새것 같은 최상급",거래완료,"150,000원",,2026-04-20,0,0,0,36.5℃,중고나라판매자,생활가전,,[출처] 중고나라 | [분석모델] THIGH_FULLIGE | [모델근거] text_variant | [원문링크] https://web.joongna.com/product/227722120
전자기기,풀리오 마사지 기기,풀리오 온열 마사지기 팔아요~~~~,거래완료,"35,000원",암사제3동,2026-04-19,0,0,0,36.5℃,중고나라판매자,생활가전,암사제3동,"[출처] 중고나라 | [분석모델] 제품군 공통 | [모델근거] product_group | [원문설명] 1세대? 라서 단종됐어요 오래된만큼 배터리가 빨리 다는 거 말곤 작동 잘 되고 따듯하고 좋아여! 본사에 연락해서 배터리 교체 요청해서 쓰셔도 되고 그냥 쓰는것도 문제 없습니다! 요새 온열기능 안 되는 제품들이 많은데 온열기능이 있다는 게 제일 장점이라고 볼 수 있습니다 ㅎㅎ 교환,반품x | [원문링크] https://web.joongna.com/product/224223397"
전자기기,풀리오 마사지 기기,풀리오 백풀러 허리 마사지기,거래완료,"50,000원",미수동,2026-04-18,0,0,0,36.5℃,중고나라판매자,생활가전,미수동,[출처] 중고나라 | [분석모델] BACK_PULLER | [모델근거] text_variant | [원문링크] https://web.joongna.com/product/227637214
전자기기,풀리오 마사지 기기,풀리오 목어깨 마사지기 v3,거래완료,"89,000원",,2026-04-16,0,0,0,36.5℃,중고나라판매자,생활가전,,[출처] 중고나라 | [분석모델] NECK_SHOULDER_V3 | [모델근거] text_variant | [원문링크] https://web.joongna.com/product/227363494
전자기기,풀리오 마사지 기기,풀리오 v3 허벅지 종아리 마사지기,거래완료,"120,000원",,2026-04-15,0,0,0,36.5℃,중고나라판매자,생활가전,,[출처] 중고나라 | [분석모델] THIGH_FULLIGE | [모델근거] text_variant | [원문링크] https://web.joongna.com/product/227552849
전자기기,풀리오 마사지 기기,풀리오 목 어깨 마사지기 v2,거래완료,"80,000원",,2026-04-13,0,0,0,36.5℃,중고나라판매자,생활가전,,[출처] 중고나라 | [분석모델] NECK_SHOULDER_V2 | [모델근거] text_variant | [원문링크] https://web.joongna.com/product/223649729
전자기기,풀리오 마사지 기기,[10회미만 사용/풀박스] 풀리오 풀리지 허벅지 마사지기+풀리오 압박스타킹S,거래완료,"125,000원",개금제3동,2026-04-12,0,0,0,36.5℃,중고나라판매자,생활가전,개금제3동,[출처] 중고나라 | [분석모델] THIGH_FULLIGE | [모델근거] text_variant | [원문링크] https://web.joongna.com/product/227285114
전자기기,풀리오 마사지 기기,풀리오 종아리 마사지기 V3,거래완료,"68,000원",부평6동,2026-04-11,0,0,0,36.5℃,중고나라판매자,생활가전,부평6동,[출처] 중고나라 | [분석모델] CALF_V3 | [모델근거] text_variant | [원문링크] https://web.joongna.com/product/227376792
전자기기,풀리오 마사지 기기,풀리오 종아리 마사지기 V2 퍼플 색상,거래완료,"69,000원",금촌1동,2026-04-09,0,0,0,36.5℃,중고나라판매자,생활가전,금촌1동,[출처] 중고나라 | [분석모델] CALF_V2 | [모델근거] text_variant | [원문링크] https://web.joongna.com/product/227305449
전자기기,풀리오 마사지 기기,풀리오 탭탭 목 어깨 마사지기 N003-CO,거래중,"65,000원",금촌1동,2026-04-09,0,0,0,36.5℃,중고나라판매자,생활가전,금촌1동,[출처] 중고나라 | [분석모델] N003 | [모델근거] text_code | [원문링크] https://web.joongna.com/product/227304352
전자기기,풀리오 마사지 기기,풀리오 종아리 마사지기 v2 새상품,거래완료,"75,000원",송정동,2026-04-09,0,0,0,36.5℃,중고나라판매자,생활가전,송정동,[출처] 중고나라 | [분석모델] CALF_V2 | [모델근거] text_variant | [원문링크] https://web.joongna.com/product/227301223
전자기기,풀리오 마사지 기기,풀리오 목 어깨 마사지기 V2,거래완료,"40,000원",,2026-04-08,0,0,0,36.5℃,중고나라판매자,생활가전,,[출처] 중고나라 | [분석모델] NECK_SHOULDER_V2 | [모델근거] text_variant | [원문링크] https://web.joongna.com/product/227061964
전자기기,풀리오 마사지 기기,넥풀러 풀리오 마사지기,거래중,"200,000원",수유1동,2026-04-05,0,0,0,36.5℃,중고나라판매자,생활가전,수유1동,[출처] 중고나라 | [분석모델] NECK_PULLER | [모델근거] text_variant | [원문링크] https://web.joongna.com/product/219583352
전자기기,풀리오 마사지 기기,PULIO Neck-puller 목과 어깨 마사지기 풀리오 넥풀러,거래중,"200,000원",홍은제1동,2026-04-05,0,0,0,36.5℃,중고나라판매자,생활가전,홍은제1동,[출처] 중고나라 | [분석모델] NECK | [모델근거] text_code | [원문링크] https://web.joongna.com/product/227146894
전자기기,풀리오 마사지 기기,풀리오 종아리 마사지기 V3 L사이즈,거래완료,"100,000원",,2026-04-04,0,0,0,36.5℃,중고나라판매자,생활가전,,[출처] 중고나라 | [분석모델] CALF_V3 | [모델근거] text_variant | [원문링크] https://web.joongna.com/product/227120163
전자기기,풀리오 마사지 기기,풀리오 종아리 마사지기 v3,거래완료,"40,000원",연동,2026-04-02,0,0,0,36.5℃,중고나라판매자,생활가전,연동,[출처] 중고나라 | [분석모델] CALF_V3 | [모델근거] text_variant | [원문링크] https://web.joongna.com/product/227019457
전자기기,풀리오 마사지 기기,풀리오 넥풀러 목 어깨 마사지기 팝니다.,거래완료,"120,000원",구산동,2026-04-01,0,0,0,36.5℃,중고나라판매자,생활가전,구산동,[출처] 중고나라 | [분석모델] NECK_PULLER | [모델근거] text_variant | [원문링크] https://web.joongna.com/product/226676968
전자기기,풀리오 마사지 기기,풀리오 넥풀러 마사지기,거래완료,"100,000원",거북섬동,2026-04-01,0,0,0,36.5℃,중고나라판매자,생활가전,거북섬동,[출처] 중고나라 | [분석모델] NECK_PULLER | [모델근거] text_variant | [원문링크] https://web.joongna.com/product/226666315
전자기기,풀리오 마사지 기기,풀리오 V3 목어깨 마사지기,거래완료,"90,000원",신천1.2동,2026-03-31,0,0,0,36.5℃,중고나라판매자,생활가전,신천1.2동,[출처] 중고나라 | [분석모델] NECK_SHOULDER_V3 | [모델근거] text_variant | [원문링크] https://web.joongna.com/product/226834604
전자기기,풀리오 마사지 기기,풀리오 종아리 마사지기 V3,거래완료,"75,000원",,2026-03-28,0,0,0,36.5℃,중고나라판매자,생활가전,,[출처] 중고나라 | [분석모델] CALF_V3 | [모델근거] text_variant | [원문링크] https://web.joongna.com/product/226838859
전자기기,풀리오 마사지 기기,풀리오 목어깨 마사지기 V2,거래완료,"70,000원",,2026-03-27,0,0,0,36.5℃,중고나라판매자,생활가전,,[출처] 중고나라 | [분석모델] NECK_SHOULDER_V2 | [모델근거] text_variant | [원문링크] https://web.joongna.com/product/226719624
전자기기,풀리오 마사지 기기,풀리오 목어깨 마사지기 N001 판매합니다,거래중,"29,900원",삼산2동,2026-03-26,0,0,0,36.5℃,중고나라판매자,생활가전,삼산2동,[출처] 중고나라 | [분석모델] N001 | [모델근거] text_code | [원문링크] https://web.joongna.com/product/225319448
전자기기,풀리오 마사지 기기,풀리오 V2 목어깨 마사지기,거래완료,"55,000원",동문1동,2026-03-26,0,0,0,36.5℃,중고나라판매자,생활가전,동문1동,[출처] 중고나라 | [분석모델] NECK_SHOULDER_V2 | [모델근거] text_variant | [원문링크] https://web.joongna.com/product/226488580
전자기기,풀리오 마사지 기기,풀리오 허벅지 마사지기,거래완료,"120,000원",,2026-03-25,0,0,0,36.5℃,중고나라판매자,생활가전,,[출처] 중고나라 | [분석모델] THIGH_FULLIGE | [모델근거] text_variant | [원문링크] https://web.joongna.com/product/226740157
전자기기,풀리오 마사지 기기,풀리오 목어깨 마사지기 (1회사용),거래중,"40,000원",공도읍,2026-03-24,0,0,0,36.5℃,중고나라판매자,생활가전,공도읍,[출처] 중고나라 | [분석모델] NECK_SHOULDER | [모델근거] text_variant | [원문링크] https://web.joongna.com/product/226406637
전자기기,풀리오 마사지 기기,풀리오 목 어깨 마사지기,거래완료,"68,000원",,2026-03-24,0,0,0,36.5℃,중고나라판매자,생활가전,,[출처] 중고나라 | [분석모델] NECK_SHOULDER | [모델근거] text_variant | [원문링크] https://web.joongna.com/product/226164664
전자기기,풀리오 마사지 기기,풀리오 무선 종아리 마사지기 V3 (새제품),거래완료,"89,000원",마장동,2026-03-24,0,0,0,36.5℃,중고나라판매자,생활가전,마장동,[출처] 중고나라 | [분석모델] CALF_V3 | [모델근거] text_variant | [원문링크] https://web.joongna.com/product/226665159
전자기기,풀리오 마사지 기기,풀리오 풀리지 허벅지 마사지기,예약중,"130,000원",,2026-03-22,0,0,0,36.5℃,중고나라판매자,생활가전,,[출처] 중고나라 | [분석모델] THIGH_FULLIGE | [모델근거] text_variant | [원문링크] https://web.joongna.com/product/226597366
전자기기,풀리오 마사지 기기,풀리오 백풀러 허리 마사지기 새상품,거래완료,"60,000원",갈현동,2026-03-18,0,0,0,36.5℃,중고나라판매자,생활가전,갈현동,[출처] 중고나라 | [분석모델] BACK_PULLER | [모델근거] text_variant | [원문링크] https://web.joongna.com/product/226431141
전자기기,풀리오 마사지 기기,풀리오 종아리 마사지기 v3,예약중,"100,000원",개봉제2동,2026-03-17,0,0,0,36.5℃,중고나라판매자,생활가전,개봉제2동,[출처] 중고나라 | [분석모델] CALF_V3 | [모델근거] text_variant | [원문링크] https://web.joongna.com/product/226418594
전자기기,풀리오 마사지 기기,풀리오 풀리지 허벅지 종아리 마사지기,거래완료,"100,000원",한남동,2026-03-16,0,0,0,36.5℃,중고나라판매자,생활가전,한남동,[출처] 중고나라 | [분석모델] THIGH_FULLIGE | [모델근거] text_variant | [원문링크] https://web.joongna.com/product/226382271
전자기기,풀리오 마사지 기기,풀리오 종아리 마사지기 v3,거래완료,"100,000원",,2026-03-15,0,0,0,36.5℃,중고나라판매자,생활가전,,[출처] 중고나라 | [분석모델] CALF_V3 | [모델근거] text_variant | [원문링크] https://web.joongna.com/product/226326825
전자기기,풀리오 마사지 기기,풀리오 백풀러 허리 마사지기,거래완료,"70,000원",,2026-03-14,0,0,0,36.5℃,중고나라판매자,생활가전,,[출처] 중고나라 | [분석모델] BACK_PULLER | [모델근거] text_variant | [원문링크] https://web.joongna.com/product/225758118
전자기기,풀리오 마사지 기기,풀리오 무선 종아리 마사지기 V3,거래완료,"90,000원",,2026-03-14,0,0,0,36.5℃,중고나라판매자,생활가전,,[출처] 중고나라 | [분석모델] CALF_V3 | [모델근거] text_variant | [원문링크] https://web.joongna.com/product/226294131
전자기기,풀리오 마사지 기기,풀리오 백풀러 허리 마사지기,거래완료,"40,000원",당산제2동,2026-03-13,0,0,0,36.5℃,중고나라판매자,생활가전,당산제2동,[출처] 중고나라 | [분석모델] BACK_PULLER | [모델근거] text_variant | [원문링크] https://web.joongna.com/product/226240021
전자기기,풀리오 마사지 기기,풀리오 목 어깨 마사지기 V2 판매합니다~~,거래완료,"32,000원",철산3동,2026-03-12,0,0,0,36.5℃,중고나라판매자,생활가전,철산3동,[출처] 중고나라 | [분석모델] NECK_SHOULDER_V2 | [모델근거] text_variant | [원문링크] https://web.joongna.com/product/226227557
전자기기,풀리오 마사지 기기,어깨 승모근 마사지기 풀리오 넥풀러(미개봉 새상품),거래완료,"180,000원",,2026-03-11,0,0,0,36.5℃,중고나라판매자,생활가전,,[출처] 중고나라 | [분석모델] NECK_PULLER | [모델근거] text_variant | [원문링크] https://web.joongna.com/product/225870545
전자기기,풀리오 마사지 기기,풀리오 여행용 목배게 마사지기,거래완료,"75,000원",,2026-03-10,0,0,0,36.5℃,중고나라판매자,생활가전,,[출처] 중고나라 | [분석모델] 제품군 공통 | [모델근거] product_group | [원문설명] 풀리오 여행용 목베개 마사지기입니다. 실리콘 마사지볼로 마사지 가능하고 메모리폼 소제예요 모드는 2개 존재합니다 25년 12월 구매하여 비행중 단시간 사용했어요 | [원문링크] https://web.joongna.com/product/226124718
전자기기,풀리오 마사지 기기,풀리오 목어깨 마사지기 v3,거래완료,"85,000원",원평동,2026-03-09,0,0,0,36.5℃,중고나라판매자,생활가전,원평동,[출처] 중고나라 | [분석모델] NECK_SHOULDER_V3 | [모델근거] text_variant | [원문링크] https://web.joongna.com/product/226112972
전자기기,풀리오 마사지 기기,풀리오 목어깨 마사지기 새상품급 판매,거래중,"59,000원",,2026-03-02,0,0,0,36.5℃,중고나라판매자,생활가전,,[출처] 중고나라 | [분석모델] NECK_SHOULDER | [모델근거] text_variant | [원문링크] https://web.joongna.com/product/213224153
전자기기,풀리오 마사지 기기,풀리오 탭탭 목어깨 마사지기,거래완료,"52,000원",,2026-03-02,0,0,0,36.5℃,중고나라판매자,생활가전,,[출처] 중고나라 | [분석모델] NECK_SHOULDER | [모델근거] text_variant | [원문링크] https://web.joongna.com/product/225823593
전자기기,풀리오 마사지 기기,풀리오 V3 종아리 마사지기,거래완료,"90,000원",신천1.2동,2026-02-28,0,0,0,36.5℃,중고나라판매자,생활가전,신천1.2동,[출처] 중고나라 | [분석모델] CALF_V3 | [모델근거] text_variant | [원문링크] https://web.joongna.com/product/225754295
전자기기,풀리오 마사지 기기,풀리오 손 마사지기,거래완료,"45,000원",,2026-02-26,0,0,0,36.5℃,중고나라판매자,생활가전,,[출처] 중고나라 | [분석모델] HAND_WRIST | [모델근거] text_variant | [원문링크] https://web.joongna.com/product/225692665
전자기기,풀리오 마사지 기기,풀리오 넥풀러 목어깨 마사지기,거래완료,"185,000원",중산1동,2026-02-26,0,0,0,36.5℃,중고나라판매자,생활가전,중산1동,[출처] 중고나라 | [분석모델] NECK_PULLER | [모델근거] text_variant | [원문링크] https://web.joongna.com/product/225690951
전자기기,풀리오 마사지 기기,풀리오 탭탭 목 어깨 마사지기,거래완료,"62,000원",금촌1동,2026-02-24,0,0,0,36.5℃,중고나라판매자,생활가전,금촌1동,[출처] 중고나라 | [분석모델] NECK_SHOULDER | [모델근거] text_variant | [원문링크] https://web.joongna.com/product/225589946
전자기기,풀리오 마사지 기기,풀리오 목 어깨 마사지기 팝니다,거래중,"60,000원",,2026-02-23,0,0,0,36.5℃,중고나라판매자,생활가전,,[출처] 중고나라 | [분석모델] NECK_SHOULDER | [모델근거] text_variant | [원문링크] https://web.joongna.com/product/217448984
전자기기,풀리오 마사지 기기,풀리오 목어깨 마사지기 퍼플,거래완료,"55,000원",,2026-02-22,0,0,0,36.5℃,중고나라판매자,생활가전,,[출처] 중고나라 | [분석모델] NECK_SHOULDER | [모델근거] text_variant | [원문링크] https://web.joongna.com/product/225539748
전자기기,풀리오 마사지 기기,풀리오 종아리 마사지기 V2 (퍼플 색상),거래완료,"66,000원",송죽동,2026-02-22,0,0,0,36.5℃,중고나라판매자,생활가전,송죽동,[출처] 중고나라 | [분석모델] CALF_V2 | [모델근거] text_variant | [원문링크] https://web.joongna.com/product/225512380
전자기기,풀리오 마사지 기기,풀리오 종아리 마사지기 v3 다크퍼플 1회 착용 붓기 개선 임산부 선물,거래완료,"91,000원",천호제3동,2026-02-21,0,0,0,36.5℃,중고나라판매자,생활가전,천호제3동,[출처] 중고나라 | [분석모델] CALF_V3 | [모델근거] text_variant | [원문링크] https://web.joongna.com/product/225476634
전자기기,풀리오 마사지 기기,풀리오 허벅지 종아리 마사지기 판매합니다.,거래중,"188,000원",개봉제1동,2026-02-19,0,0,0,36.5℃,중고나라판매자,생활가전,개봉제1동,[출처] 중고나라 | [분석모델] THIGH_FULLIGE | [모델근거] text_variant | [원문링크] https://web.joongna.com/product/224555839
전자기기,풀리오 마사지 기기,풀리오 허벅지 종아리 마사지기,거래완료,"150,000원",중앙동,2026-02-19,0,0,0,36.5℃,중고나라판매자,생활가전,중앙동,[출처] 중고나라 | [분석모델] THIGH_FULLIGE | [모델근거] text_variant | [원문링크] https://web.joongna.com/product/224516030
전자기기,풀리오 마사지 기기,풀리오 등허리 마사지기 (무료배송),거래완료,"55,000원",배방읍,2026-02-17,0,0,0,36.5℃,중고나라판매자,생활가전,배방읍,[출처] 중고나라 | [분석모델] WAIST_BACK | [모델근거] text_variant | [원문링크] https://web.joongna.com/product/225150031
전자기기,풀리오 마사지 기기,풀리오 넥풀러 목 어깨 마사지기,거래완료,"140,000원",정릉제4동,2026-02-14,0,0,0,36.5℃,중고나라판매자,생활가전,정릉제4동,[출처] 중고나라 | [분석모델] NECK_PULLER | [모델근거] text_variant | [원문링크] https://web.joongna.com/product/225179933
전자기기,풀리오 마사지 기기,풀리오 목 어깨 마사지기,거래완료,"40,000원",,2026-02-14,0,0,0,36.5℃,중고나라판매자,생활가전,,[출처] 중고나라 | [분석모델] NECK_SHOULDER | [모델근거] text_variant | [원문링크] https://web.joongna.com/product/225250349
전자기기,풀리오 마사지 기기,풀리오 넥풀러 목 어깨 마사지기,거래중,"298,000원",,2026-02-13,0,0,0,36.5℃,중고나라판매자,생활가전,,[출처] 중고나라 | [분석모델] NECK_PULLER | [모델근거] text_variant | [원문링크] https://web.joongna.com/product/225240830
전자기기,풀리오 마사지 기기,풀리오 풀리지 종아리 허벅지 마사지기 블랙,거래중,"160,000원",신도림동,2026-02-13,0,0,0,36.5℃,중고나라판매자,생활가전,신도림동,[출처] 중고나라 | [분석모델] THIGH_FULLIGE | [모델근거] text_variant | [원문링크] https://web.joongna.com/product/220746284
전자기기,풀리오 마사지 기기,풀리오 목 어깨 마사지기 V2,거래완료,"45,000원",,2026-02-11,0,0,0,36.5℃,중고나라판매자,생활가전,,[출처] 중고나라 | [분석모델] NECK_SHOULDER_V2 | [모델근거] text_variant | [원문링크] https://web.joongna.com/product/224544796
전자기기,풀리오 마사지 기기,풀리오 풀리지 허벅지 종아리 마사지기,예약중,"140,000원",용현5동,2026-02-10,0,0,0,36.5℃,중고나라판매자,생활가전,용현5동,[출처] 중고나라 | [분석모델] THIGH_FULLIGE | [모델근거] text_variant | [원문링크] https://web.joongna.com/product/225139851
전자기기,풀리오 마사지 기기,풀리오 종아리 마사지기,거래완료,"55,000원",진관동,2026-02-10,0,0,0,36.5℃,중고나라판매자,생활가전,진관동,[출처] 중고나라 | [분석모델] CALF | [모델근거] text_variant | [원문링크] https://web.joongna.com/product/225004194
전자기기,풀리오 마사지 기기,풀리오 종아리 마사지기 V3 미개봉 새상품,거래완료,"100,000원",,2026-02-10,0,0,0,36.5℃,중고나라판매자,생활가전,,[출처] 중고나라 | [분석모델] CALF_V3 | [모델근거] text_variant | [원문링크] https://web.joongna.com/product/224532144
전자기기,풀리오 마사지 기기,풀리오 종아리 마사지기 V3,거래완료,"85,000원",고촌읍,2026-02-09,0,0,0,36.5℃,중고나라판매자,생활가전,고촌읍,[출처] 중고나라 | [분석모델] CALF_V3 | [모델근거] text_variant | [원문링크] https://web.joongna.com/product/225104748
전자기기,풀리오 마사지 기기,풀리오 허벅지 마사지기,거래완료,"150,000원",,2026-02-09,0,0,0,36.5℃,중고나라판매자,생활가전,,[출처] 중고나라 | [분석모델] THIGH_FULLIGE | [모델근거] text_variant | [원문링크] https://web.joongna.com/product/225084501
전자기기,풀리오 마사지 기기,풀리오 손 마사지기 (24년형),거래중,"76,000원",,2026-02-09,0,0,0,36.5℃,중고나라판매자,생활가전,,[출처] 중고나라 | [분석모델] HAND_WRIST | [모델근거] text_variant | [원문링크] https://web.joongna.com/product/225072732
전자기기,풀리오 마사지 기기,풀리오 목어깨 마사지기,거래완료,"25,000원",,2026-02-09,0,0,0,36.5℃,중고나라판매자,생활가전,,[출처] 중고나라 | [분석모델] NECK_SHOULDER | [모델근거] text_variant | [원문링크] https://web.joongna.com/product/224961428
전자기기,풀리오 마사지 기기,풀리오 종아리 마사지기 V3 미개봉 미사용 새제품,거래완료,"99,000원",진월동,2026-02-07,0,0,0,36.5℃,중고나라판매자,생활가전,진월동,[출처] 중고나라 | [분석모델] CALF_V3 | [모델근거] text_variant | [원문링크] https://web.joongna.com/product/224789395
전자기기,풀리오 마사지 기기,풀리오 목 어깨 마사지기 V2,거래중,"35,000원",농소2동,2026-02-07,0,0,0,36.5℃,중고나라판매자,생활가전,농소2동,[출처] 중고나라 | [분석모델] NECK_SHOULDER_V2 | [모델근거] text_variant | [원문링크] https://web.joongna.com/product/225001140
전자기기,풀리오 마사지 기기,풀리오 무선 종아리 마사지기 PLO-CB227 퍼플 색상입니다2024년 1월 창원마산진해,거래완료,"3,333원",내서읍,2026-02-06,0,0,0,36.5℃,중고나라판매자,생활가전,내서읍,[출처] 중고나라 | [분석모델] PLO-CB227 | [모델근거] text_code | [원문링크] https://web.joongna.com/product/224687803
전자기기,풀리오 마사지 기기,풀리오 목어깨 마사지기 V2,거래완료,"73,000원",,2026-02-06,0,0,0,36.5℃,중고나라판매자,생활가전,,[출처] 중고나라 | [분석모델] NECK_SHOULDER_V2 | [모델근거] text_variant | [원문링크] https://web.joongna.com/product/224984865
전자기기,풀리오 마사지 기기,풀리오 종아리 마사지기 V3 새제품,거래완료,"89,000원",금천동,2026-02-06,0,0,0,36.5℃,중고나라판매자,생활가전,금천동,[출처] 중고나라 | [분석모델] CALF_V3 | [모델근거] text_variant | [원문링크] https://web.joongna.com/product/224958026
전자기기,풀리오 마사지 기기,풀리오 목어깨 마사지기,거래완료,"50,000원",반포1동,2026-02-05,0,0,0,36.5℃,중고나라판매자,생활가전,반포1동,[출처] 중고나라 | [분석모델] NECK_SHOULDER | [모델근거] text_variant | [원문링크] https://web.joongna.com/product/224476180
전자기기,풀리오 마사지 기기,풀리오 종아리 마사지기 V2,거래완료,"50,000원",,2026-02-05,0,0,0,36.5℃,중고나라판매자,생활가전,,[출처] 중고나라 | [분석모델] CALF_V2 | [모델근거] text_variant | [원문링크] https://web.joongna.com/product/224625486
전자기기,풀리오 마사지 기기,[10회미만 사용/풀박스] 풀리오 풀리지 허벅지 마사지기,예약중,"149,000원",망원제2동,2026-02-04,0,0,0,36.5℃,중고나라판매자,생활가전,망원제2동,[출처] 중고나라 | [분석모델] THIGH_FULLIGE | [모델근거] text_variant | [원문링크] https://web.joongna.com/product/224889059
전자기기,풀리오 마사지 기기,풀리오 종아리 마사지기,거래완료,"50,000원",수동면,2026-02-04,0,0,0,36.5℃,중고나라판매자,생활가전,수동면,[출처] 중고나라 | [분석모델] CALF | [모델근거] text_variant | [원문링크] https://web.joongna.com/product/224886534
전자기기,풀리오 마사지 기기,풀리오 넥풀러 목어깨 마사지기,거래중,"250,000원",,2026-02-03,0,0,0,36.5℃,중고나라판매자,생활가전,,[출처] 중고나라 | [분석모델] NECK_PULLER | [모델근거] text_variant | [원문링크] https://web.joongna.com/product/224370269
전자기기,풀리오 마사지 기기,풀리오 다리 마사지기,거래완료,"55,000원",,2026-02-02,0,0,0,36.5℃,중고나라판매자,생활가전,,[출처] 중고나라 | [분석모델] CALF | [모델근거] text_variant | [원문링크] https://web.joongna.com/product/224480756
전자기기,풀리오 마사지 기기,미개봉새상품)풀리오 허벅지종아리 마사지기,거래완료,"180,000원",권선2동,2026-02-02,0,0,0,36.5℃,중고나라판매자,생활가전,권선2동,[출처] 중고나라 | [분석모델] THIGH_FULLIGE | [모델근거] text_variant | [원문링크] https://web.joongna.com/product/224812992
전자기기,풀리오 마사지 기기,풀리오 목어깨 마사지기,거래완료,"25,000원",태평1동,2026-02-01,0,0,0,36.5℃,중고나라판매자,생활가전,태평1동,[출처] 중고나라 | [분석모델] NECK_SHOULDER | [모델근거] text_variant | [원문링크] https://web.joongna.com/product/224777974
전자기기,풀리오 마사지 기기,풀리오 종아리 마사지기,거래완료,"50,000원",내손1동,2026-02-01,0,0,0,36.5℃,중고나라판매자,생활가전,내손1동,[출처] 중고나라 | [분석모델] CALF | [모델근거] text_variant | [원문링크] https://web.joongna.com/product/223733265
전자기기,풀리오 마사지 기기,풀리오 에어 괄사 마사지기,거래중,"85,000원",,2026-02-01,0,0,0,36.5℃,중고나라판매자,생활가전,,[출처] 중고나라 | [분석모델] AIR_GUASHA | [모델근거] text_variant | [원문링크] https://web.joongna.com/product/219885882
전자기기,풀리오 마사지 기기,풀리오 의자 마사지기,거래중,"80,000원",,2026-02-01,0,0,0,36.5℃,중고나라판매자,생활가전,,"[출처] 중고나라 | [분석모델] 제품군 공통 | [모델근거] product_group | [원문설명] 📢 제목에 ""제조사/ 브랜드 명""과 ""상품명(ex. 3000시리즈 전동 면도기)”을 넣어 작성하면, 보다 빠른 판매가 가능합니다! 📢 게시글 작성 시 배송 방법에 “직거래”와 “내 위치” 설정할 경우, 보다 빠른 판매가 가능합니다! 🚨회원님의 거래 게시글을 노린 중고나라 운영진 사칭 피싱 사이트를 주의하세요🚨 사용 잘안했구요 박스 있어요 택배착불 | [원문링크] https://web.joongna.com/product/219885900"
전자기기,풀리오 마사지 기기,풀리오 목어깨 마사지기 V2 + 보관 파우치(택포),거래완료,"55,000원",동면,2026-02-01,0,0,0,36.5℃,중고나라판매자,생활가전,동면,[출처] 중고나라 | [분석모델] NECK_SHOULDER_V2 | [모델근거] text_variant | [원문링크] https://web.joongna.com/product/224520376
전자기기,풀리오 마사지 기기,풀리오 목어깨 마사지기 V2,거래완료,"73,000원",,2026-02-01,0,0,0,36.5℃,중고나라판매자,생활가전,,[출처] 중고나라 | [분석모델] NECK_SHOULDER_V2 | [모델근거] text_variant | [원문링크] https://web.joongna.com/product/224380868
전자기기,풀리오 마사지 기기,풀리오 등허리 쿠션 마사지기,거래완료,"70,000원",천호제1동,2026-01-31,0,0,0,36.5℃,중고나라판매자,생활가전,천호제1동,[출처] 중고나라 | [분석모델] WAIST_BACK | [모델근거] text_variant | [원문링크] https://web.joongna.com/product/224745448
전자기기,풀리오 마사지 기기,풀리오 손 마사지기 팝니다.(미개봉 새상품),거래완료,"85,000원",,2026-01-30,0,0,0,36.5℃,중고나라판매자,생활가전,,[출처] 중고나라 | [분석모델] HAND_WRIST | [모델근거] text_variant | [원문링크] https://web.joongna.com/product/224717681
전자기기,풀리오 마사지 기기,풀리오 허벅지 종아리 마사지기,거래완료,"140,000원",묵제2동,2026-01-30,0,0,0,36.5℃,중고나라판매자,생활가전,묵제2동,[출처] 중고나라 | [분석모델] THIGH_FULLIGE | [모델근거] text_variant | [원문링크] https://web.joongna.com/product/224716904
전자기기,풀리오 마사지 기기,풀리오 허리 마사지기 (박스포함),거래완료,"70,000원",명일제1동,2026-01-29,0,0,0,36.5℃,중고나라판매자,생활가전,명일제1동,[출처] 중고나라 | [분석모델] WAIST_BACK | [모델근거] text_variant | [원문링크] https://web.joongna.com/product/224461239
전자기기,풀리오 마사지 기기,풀리오 다리 마사지기 (V2),거래완료,"50,000원",평촌동,2026-01-29,0,0,0,36.5℃,중고나라판매자,생활가전,평촌동,[출처] 중고나라 | [분석모델] CALF_V2 | [모델근거] text_variant | [원문링크] https://web.joongna.com/product/224579161
전자기기,풀리오 마사지 기기,풀리오 목어깨 마사지기,거래완료,"30,000원",,2026-01-27,0,0,0,36.5℃,중고나라판매자,생활가전,,[출처] 중고나라 | [분석모델] NECK_SHOULDER | [모델근거] text_variant | [원문링크] https://web.joongna.com/product/224579215
전자기기,풀리오 마사지 기기,풀리오 종아리 마사지기 V2,거래완료,"72,000원",금호4가동,2026-01-26,0,0,0,36.5℃,중고나라판매자,생활가전,금호4가동,[출처] 중고나라 | [분석모델] CALF_V2 | [모델근거] text_variant | [원문링크] https://web.joongna.com/product/223058684
전자기기,풀리오 마사지 기기,풀리오 허벅지 마사지기,거래완료,"90,000원",정자3동,2026-01-25,0,0,0,36.5℃,중고나라판매자,생활가전,정자3동,[출처] 중고나라 | [분석모델] THIGH_FULLIGE | [모델근거] text_variant | [원문링크] https://web.joongna.com/product/224518836
전자기기,풀리오 마사지 기기,풀리오 종아리 마사지기 v3,거래완료,"70,000원",,2026-01-25,0,0,0,36.5℃,중고나라판매자,생활가전,,[출처] 중고나라 | [분석모델] CALF_V3 | [모델근거] text_variant | [원문링크] https://web.joongna.com/product/224502897
전자기기,풀리오 마사지 기기,[택포] 풀리오 종아리 마사지기 PLO-CB227 보라색,거래완료,"50,000원",,2026-01-24,0,0,0,36.5℃,중고나라판매자,생활가전,,[출처] 중고나라 | [분석모델] PLO-CB227 | [모델근거] text_code | [원문링크] https://web.joongna.com/product/224476437
전자기기,풀리오 마사지 기기,풀리오 다리 마사지기 퍼플,거래완료,"72,000원",신장동,2026-01-23,0,0,0,36.5℃,중고나라판매자,생활가전,신장동,[출처] 중고나라 | [분석모델] CALF | [모델근거] text_variant | [원문링크] https://web.joongna.com/product/223218823
전자기기,풀리오 마사지 기기,풀리오 풀리지 허벅지 마사지기,거래완료,"150,000원",,2026-01-23,0,0,0,36.5℃,중고나라판매자,생활가전,,[출처] 중고나라 | [분석모델] THIGH_FULLIGE | [모델근거] text_variant | [원문링크] https://web.joongna.com/product/224433066
전자기기,풀리오 마사지 기기,(택포7만원) 풀리오 에어괄사 마사지기,거래완료,"70,000원",숭인제1동,2026-01-22,0,0,0,36.5℃,중고나라판매자,생활가전,숭인제1동,[출처] 중고나라 | [분석모델] AIR_GUASHA | [모델근거] text_variant | [원문링크] https://web.joongna.com/product/224415604
전자기기,풀리오 마사지 기기,풀리오 종아리 마사지기 V3 미개봉,거래완료,"105,000원",,2026-01-22,0,0,0,36.5℃,중고나라판매자,생활가전,,[출처] 중고나라 | [분석모델] CALF_V3 | [모델근거] text_variant | [원문링크] https://web.joongna.com/product/224074898
전자기기,풀리오 마사지 기기,풀리오 넥풀러 마사지기/ 백풀러 마사지기,거래완료,"215,000원",불당1동,2026-01-22,0,0,0,36.5℃,중고나라판매자,생활가전,불당1동,[출처] 중고나라 | [분석모델] NECK_PULLER | [모델근거] text_variant | [원문링크] https://web.joongna.com/product/224400229
전자기기,풀리오 마사지 기기,풀리오 종아리 마사지기 v2.1,거래완료,"55,000원",,2026-01-21,0,0,0,36.5℃,중고나라판매자,생활가전,,[출처] 중고나라 | [분석모델] CALF_V2 | [모델근거] text_variant | [원문링크] https://web.joongna.com/product/224354516
전자기기,풀리오 마사지 기기,풀리오 목 어깨 마사지기 V3,거래완료,"110,000원",초지동,2026-01-21,0,0,0,36.5℃,중고나라판매자,생활가전,초지동,[출처] 중고나라 | [분석모델] NECK_SHOULDER_V3 | [모델근거] text_variant | [원문링크] https://web.joongna.com/product/224353916
전자기기,풀리오 마사지 기기,풀리오 종아리 마사지기 V3,거래완료,"70,000원",,2026-01-21,0,0,0,36.5℃,중고나라판매자,생활가전,,[출처] 중고나라 | [분석모델] CALF_V3 | [모델근거] text_variant | [원문링크] https://web.joongna.com/product/222924751
전자기기,풀리오 마사지 기기,풀리오 허벅지.종아리 마사지기 풀박스,거래완료,"130,000원",구성동,2026-01-20,0,0,0,36.5℃,중고나라판매자,생활가전,구성동,[출처] 중고나라 | [분석모델] THIGH_FULLIGE | [모델근거] text_variant | [원문링크] https://web.joongna.com/product/224341919
전자기기,풀리오 마사지 기기,풀리오 종아리 마사지기 (새상품),거래완료,"100,000원",,2026-01-19,0,0,0,36.5℃,중고나라판매자,생활가전,,[출처] 중고나라 | [분석모델] CALF | [모델근거] text_variant | [원문링크] https://web.joongna.com/product/224293338
전자기기,풀리오 마사지 기기,풀리오 V3 종아리 마사지기,거래완료,"70,000원",,2026-01-18,0,0,0,36.5℃,중고나라판매자,생활가전,,[출처] 중고나라 | [분석모델] CALF_V3 | [모델근거] text_variant | [원문링크] https://web.joongna.com/product/223994097
전자기기,풀리오 마사지 기기,풀리오 목어깨 마사지기 V2,거래완료,"40,000원",,2026-01-18,0,0,0,36.5℃,중고나라판매자,생활가전,,[출처] 중고나라 | [분석모델] NECK_SHOULDER_V2 | [모델근거] text_variant | [원문링크] https://web.joongna.com/product/224252890
전자기기,풀리오 마사지 기기,풀리오 백풀러 마사지기 HL001,거래완료,"60,000원",미사1동,2026-01-16,0,0,0,36.5℃,중고나라판매자,생활가전,미사1동,[출처] 중고나라 | [분석모델] HL001 | [모델근거] text_code | [원문링크] https://web.joongna.com/product/223682864
전자기기,풀리오 마사지 기기,풀리오 무선 종아리 마사지기 V3 리뉴얼 최신 제품(테스트 1회사용),거래완료,"109,000원",월영동,2026-01-16,0,0,0,36.5℃,중고나라판매자,생활가전,월영동,[출처] 중고나라 | [분석모델] CALF_V3 | [모델근거] text_variant | [원문링크] https://web.joongna.com/product/224049347
전자기기,풀리오 마사지 기기,미개봉 풀리오 등허리쿠션 마사지기 CH002 76000,거래완료,"76,000원",잠실2동,2026-01-14,0,0,0,36.5℃,중고나라판매자,생활가전,잠실2동,[출처] 중고나라 | [분석모델] CH002 | [모델근거] text_code | [원문링크] https://web.joongna.com/product/220935197
전자기기,풀리오 마사지 기기,풀리오 종아리 마사지기 v3,거래완료,"75,000원",,2026-01-14,0,0,0,36.5℃,중고나라판매자,생활가전,,[출처] 중고나라 | [분석모델] CALF_V3 | [모델근거] text_variant | [원문링크] https://web.joongna.com/product/224096539
전자기기,풀리오 마사지 기기,풀리오 허리 마사지기 (박스포함),거래완료,"70,000원",명일제1동,2026-01-14,0,0,0,36.5℃,중고나라판매자,생활가전,명일제1동,[출처] 중고나라 | [분석모델] WAIST_BACK | [모델근거] text_variant | [원문링크] https://web.joongna.com/product/222483225
전자기기,풀리오 마사지 기기,(미개봉)풀리오 종아리 마사지기 V2블랙 새것,거래완료,"69,000원",,2026-01-13,0,0,0,36.5℃,중고나라판매자,생활가전,,[출처] 중고나라 | [분석모델] CALF_V2 | [모델근거] text_variant | [원문링크] https://web.joongna.com/product/223312975
전자기기,풀리오 마사지 기기,풀리오 종아리 마사지기 V3,거래완료,"110,000원",사동,2026-01-12,0,0,0,36.5℃,중고나라판매자,생활가전,사동,[출처] 중고나라 | [분석모델] CALF_V3 | [모델근거] text_variant | [원문링크] https://web.joongna.com/product/223713846
전자기기,풀리오 마사지 기기,풀리오 백풀러 마사지기 HL001,거래완료,"55,000원",진관동,2026-01-11,0,0,0,36.5℃,중고나라판매자,생활가전,진관동,[출처] 중고나라 | [분석모델] HL001 | [모델근거] text_code | [원문링크] https://web.joongna.com/product/223698314
전자기기,풀리오 마사지 기기,풀리오 목어깨 마사지기 V2,거래완료,"40,000원",,2026-01-10,0,0,0,36.5℃,중고나라판매자,생활가전,,[출처] 중고나라 | [분석모델] NECK_SHOULDER_V2 | [모델근거] text_variant | [원문링크] https://web.joongna.com/product/223954651
전자기기,풀리오 마사지 기기,풀리오 어깨 마사지기 1회사용,거래완료,"30,000원",동삭동,2026-01-10,0,0,0,36.5℃,중고나라판매자,생활가전,동삭동,[출처] 중고나라 | [분석모델] 제품군 공통 | [모델근거] product_group | [원문설명] 풀리오 어깨 마사지기 1회사용 | [원문링크] https://web.joongna.com/product/223937129
전자기기,풀리오 마사지 기기,풀리오 목 어깨 마사지기 V2,거래중,"50,000원",후암동,2026-01-06,0,0,0,36.5℃,중고나라판매자,생활가전,후암동,[출처] 중고나라 | [분석모델] NECK_SHOULDER_V2 | [모델근거] text_variant | [원문링크] https://web.joongna.com/product/223733785
전자기기,풀리오 마사지 기기,풀리오 허벅지 종아리 마사지기 블랙,거래완료,"120,000원",송현2동,2026-01-06,0,0,0,36.5℃,중고나라판매자,생활가전,송현2동,[출처] 중고나라 | [분석모델] THIGH_FULLIGE | [모델근거] text_variant | [원문링크] https://web.joongna.com/product/223802231
전자기기,풀리오 마사지 기기,풀리오 목어깨 마사지기 V2(박스풀구성),거래완료,"53,000원",주안2동,2026-01-05,0,0,0,36.5℃,중고나라판매자,생활가전,주안2동,[출처] 중고나라 | [분석모델] NECK_SHOULDER_V2 | [모델근거] text_variant | [원문링크] https://web.joongna.com/product/223253862
전자기기,풀리오 마사지 기기,[송파] 풀리오 목어깨 마사지기 V2,거래완료,"35,000원",문정2동,2026-01-05,0,0,0,36.5℃,중고나라판매자,생활가전,문정2동,[출처] 중고나라 | [분석모델] NECK_SHOULDER_V2 | [모델근거] text_variant | [원문링크] https://web.joongna.com/product/223770166
전자기기,풀리오 마사지 기기,풀리오 마사지기 새상품,거래완료,"178,000원",,2026-01-04,0,0,0,36.5℃,중고나라판매자,생활가전,,[출처] 중고나라 | [분석모델] 제품군 공통 | [모델근거] product_group | [원문설명] 풀리오 브랜드의 마사지기예요. 박스 포장 상태로 새 제품 입니다. 용인지역 직거래가는 그외지역 택배입니다. | [원문링크] https://web.joongna.com/product/223728635
전자기기,풀리오 마사지 기기,풀리오 에어 괄사 마사지기,거래완료,"55,000원",용신동,2026-01-04,0,0,0,36.5℃,중고나라판매자,생활가전,용신동,[출처] 중고나라 | [분석모델] AIR_GUASHA | [모델근거] text_variant | [원문링크] https://web.joongna.com/product/223713163
전자기기,풀리오 마사지 기기,풀리오 V2 목 어깨 마사지기,거래완료,"50,000원",수완동,2026-01-03,0,0,0,36.5℃,중고나라판매자,생활가전,수완동,[출처] 중고나라 | [분석모델] NECK_SHOULDER_V2 | [모델근거] text_variant | [원문링크] https://web.joongna.com/product/223701553
전자기기,풀리오 마사지 기기,풀리오 프리미엄마사지기 새거,거래완료,"190,000원",,2026-01-03,0,0,0,36.5℃,중고나라판매자,생활가전,,"[출처] 중고나라 | [분석모델] NAVER | [모델근거] detail_text_code | [원문설명] 풀리오 허리마사지기 새거입니다. 이번주에 구매했고, 5번정도 써보고 저한테는 안맞아서 바로 판매합니다. 택배비 포함 19만원입니다. 직거래 지역은 인천 부평입니다. 문자 주세요. 010-8188-2473 https://m.puliodays.com/product/detail.html?product_no=135&utm_source=n_blog&utm_medium=siwon_key&utm_campaign=naver_blog&utm_term=siwon&utm_content=_matLP&cafe_mkt=ue_mt_febg_10 | [원문링크] https://web.joongna.com/product/223684700"
전자기기,풀리오 마사지 기기,풀리오 등허리 쿠션 마사지기 (미개봉),거래완료,"69,000원",하계2동,2026-01-03,0,0,0,36.5℃,중고나라판매자,생활가전,하계2동,[출처] 중고나라 | [분석모델] WAIST_BACK | [모델근거] text_variant | [원문링크] https://web.joongna.com/product/223095763
전자기기,풀리오 마사지 기기,풀리오 종아리 마사지기 퍼플,거래완료,"40,000원",금곡동,2026-01-02,0,0,0,36.5℃,중고나라판매자,생활가전,금곡동,[출처] 중고나라 | [분석모델] CALF | [모델근거] text_variant | [원문링크] https://web.joongna.com/product/223424527
전자기기,풀리오 마사지 기기,풀리오 허벅지 마사지기 팝니다.,거래완료,"150,000원",오포2동,2026-01-01,0,0,0,36.5℃,중고나라판매자,생활가전,오포2동,[출처] 중고나라 | [분석모델] THIGH_FULLIGE | [모델근거] text_variant | [원문링크] https://web.joongna.com/product/223607724
전자기기,풀리오 마사지 기기,풀리오 목 어깨 마사지기 V3 새상품,거래완료,"100,000원",마두1동,2026-01-01,0,0,0,36.5℃,중고나라판매자,생활가전,마두1동,[출처] 중고나라 | [분석모델] NECK_SHOULDER_V3 | [모델근거] text_variant | [원문링크] https://web.joongna.com/product/223361986
전자기기,풀리오 마사지 기기,풀리오 목 어깨 마사지기 V2 단순개봉(미사용),거래완료,"65,000원",배곧1동,2025-12-31,0,0,0,36.5℃,중고나라판매자,생활가전,배곧1동,[출처] 중고나라 | [분석모델] NECK_SHOULDER_V2 | [모델근거] text_variant | [원문링크] https://web.joongna.com/product/223469661
전자기기,풀리오 마사지 기기,풀리오 목 어깨 마사지기 V2,거래중,"65,000원",,2025-12-29,0,0,0,36.5℃,중고나라판매자,생활가전,,[출처] 중고나라 | [분석모델] NECK_SHOULDER_V2 | [모델근거] text_variant | [원문링크] https://web.joongna.com/product/223515695
전자기기,풀리오 마사지 기기,풀리오 마사지기 V3 새상품,거래완료,"110,000원",서초3동,2025-12-29,0,0,0,36.5℃,중고나라판매자,생활가전,서초3동,"[출처] 중고나라 | [분석모델] CALF_V3 | [모델근거] detail_text_variant | [원문설명] 박스 상태도 깨끗하고 완전 새거라서 선물용으로도 좋을 것 같아요! 풀리오 종아리 마사지기 V3 완전 새상품입니다 - 무선으로 사용 가능하며, 5000mAh 배터리 용량을 가지고 있습니다 - 20가지 맞춤 마사지 모드를 지원합니다 - 섬세하고 부드러운 마사지를 제공하여 다리 부위의 피로를 풀어줍니다 . 스티커도 안뜯은 완전 새제품이고 환불은 안됩니다 . 택배 거래시 택배비는 본인 부담입니다 | [원문링크] https://web.joongna.com/product/223514237"
전자기기,풀리오 마사지 기기,풀리오 종아리 마사지기 V3,거래완료,"110,000원",,2025-12-29,0,0,0,36.5℃,중고나라판매자,생활가전,,[출처] 중고나라 | [분석모델] CALF_V3 | [모델근거] text_variant | [원문링크] https://web.joongna.com/product/223505142
전자기기,풀리오 마사지 기기,풀리오 백풀러 허리 마사지기 팝니다,거래완료,"65,000원",,2025-12-28,0,0,0,36.5℃,중고나라판매자,생활가전,,[출처] 중고나라 | [분석모델] BACK_PULLER | [모델근거] text_variant | [원문링크] https://web.joongna.com/product/223464150
전자기기,풀리오 마사지 기기,풀리오 목 어깨 베게 마사지기,거래중,"78,000원",진관동,2025-12-28,0,0,0,36.5℃,중고나라판매자,생활가전,진관동,[출처] 중고나라 | [분석모델] NECK_SHOULDER | [모델근거] text_variant | [원문링크] https://web.joongna.com/product/223464001
전자기기,풀리오 마사지 기기,풀리오 등허리 쿠션 마사지기,거래완료,"57,000원",진천동,2025-12-27,0,0,0,36.5℃,중고나라판매자,생활가전,진천동,[출처] 중고나라 | [분석모델] WAIST_BACK | [모델근거] text_variant | [원문링크] https://web.joongna.com/product/223399776
전자기기,풀리오 마사지 기기,풀리오 풀리지 허벅지 마사지기,거래완료,"120,000원",여서동,2025-12-27,0,0,0,36.5℃,중고나라판매자,생활가전,여서동,[출처] 중고나라 | [분석모델] THIGH_FULLIGE | [모델근거] text_variant | [원문링크] https://web.joongna.com/product/223370103
전자기기,풀리오 마사지 기기,풀리오 종아리 마사지기 v2 벨크로,거래완료,"40,000원",신천1.2동,2025-12-27,0,0,0,36.5℃,중고나라판매자,생활가전,신천1.2동,[출처] 중고나라 | [분석모델] CALF_V2 | [모델근거] text_variant | [원문링크] https://web.joongna.com/product/223333922
전자기기,풀리오 마사지 기기,풀리오 종아리 마사지기 V3,거래완료,"100,000원",방배2동,2025-12-27,0,0,0,36.5℃,중고나라판매자,생활가전,방배2동,[출처] 중고나라 | [분석모델] CALF_V3 | [모델근거] text_variant | [원문링크] https://web.joongna.com/product/223416653
전자기기,풀리오 마사지 기기,풀리오 마사지기,거래중,"170,000원",서부2동,2025-12-24,0,0,0,36.5℃,중고나라판매자,생활가전,서부2동,[출처] 중고나라 | [분석모델] THIGH_FULLIGE | [모델근거] detail_text_variant | [원문설명] 풀리오 허벅지 마사지기 | [원문링크] https://web.joongna.com/product/223338157
전자기기,풀리오 마사지 기기,풀리오 백풀러 허리 마사지기 판매,거래완료,"60,000원",오학동,2025-12-23,0,0,0,36.5℃,중고나라판매자,생활가전,오학동,[출처] 중고나라 | [분석모델] BACK_PULLER | [모델근거] text_variant | [원문링크] https://web.joongna.com/product/223288406
전자기기,풀리오 마사지 기기,풀리오 목어깨 마사지기 v3,거래완료,"85,000원",,2025-12-22,0,0,0,36.5℃,중고나라판매자,생활가전,,[출처] 중고나라 | [분석모델] NECK_SHOULDER_V3 | [모델근거] text_variant | [원문링크] https://web.joongna.com/product/223264737
전자기기,풀리오 마사지 기기,풀리오 허벅지 다리 마사지기,거래완료,"120,000원",노은1동,2025-12-22,0,0,0,36.5℃,중고나라판매자,생활가전,노은1동,[출처] 중고나라 | [분석모델] THIGH_FULLIGE | [모델근거] text_variant | [원문링크] https://web.joongna.com/product/223251104
전자기기,풀리오 마사지 기기,[월요일까지만 이가격] 풀리오 무선 종아리 마사지기 V3,거래완료,"67,000원",,2025-12-21,0,0,0,36.5℃,중고나라판매자,생활가전,,[출처] 중고나라 | [분석모델] CALF_V3 | [모델근거] text_variant | [원문링크] https://web.joongna.com/product/223225611
전자기기,풀리오 마사지 기기,풀리오 넥풀러 목어깨 마사지기,거래완료,"220,000원",수양동,2025-12-21,0,0,0,36.5℃,중고나라판매자,생활가전,수양동,[출처] 중고나라 | [분석모델] NECK_PULLER | [모델근거] text_variant | [원문링크] https://web.joongna.com/product/223224662
전자기기,풀리오 마사지 기기,미개봉)풀리오 풀리지 허벅지 마사지기,거래완료,"185,000원",부전제1동,2025-12-20,0,0,0,36.5℃,중고나라판매자,생활가전,부전제1동,[출처] 중고나라 | [분석모델] THIGH_FULLIGE | [모델근거] text_variant | [원문링크] https://web.joongna.com/product/223154010
전자기기,풀리오 마사지 기기,풀리오 목어깨 마사지기 V2,거래완료,"30,000원",직산읍,2025-12-19,0,0,0,36.5℃,중고나라판매자,생활가전,직산읍,[출처] 중고나라 | [분석모델] NECK_SHOULDER_V2 | [모델근거] text_variant | [원문링크] https://web.joongna.com/product/223141054
전자기기,풀리오 마사지 기기,풀리오 백풀러 마사지기,거래완료,"60,000원",직산읍,2025-12-19,0,0,0,36.5℃,중고나라판매자,생활가전,직산읍,[출처] 중고나라 | [분석모델] BACK_PULLER | [모델근거] text_variant | [원문링크] https://web.joongna.com/product/223140990
전자기기,풀리오 마사지 기기,풀리오 목 어깨 마사지기 N001팝니다.,거래중,"43,000원",와부읍,2025-12-17,0,0,0,36.5℃,중고나라판매자,생활가전,와부읍,[출처] 중고나라 | [분석모델] N001 | [모델근거] text_code | [원문링크] https://web.joongna.com/product/222933223
전자기기,풀리오 마사지 기기,풀리오 풀리지 허벅지 마사지기 PH001(새상품) 최신상,거래완료,"150,000원",,2025-12-15,0,0,0,36.5℃,중고나라판매자,생활가전,,[출처] 중고나라 | [분석모델] PH001 | [모델근거] text_code | [원문링크] https://web.joongna.com/product/223005143
전자기기,풀리오 마사지 기기,풀리오 무선 종아리 마사지기 V3,거래완료,"70,000원",,2025-12-15,0,0,0,36.5℃,중고나라판매자,생활가전,,[출처] 중고나라 | [분석모델] CALF_V3 | [모델근거] text_variant | [원문링크] https://web.joongna.com/product/223004623
전자기기,풀리오 마사지 기기,풀리오 손 마사지기 풀박스,거래완료,"55,000원",고척제1동,2025-12-15,0,0,0,36.5℃,중고나라판매자,생활가전,고척제1동,[출처] 중고나라 | [분석모델] HAND_WRIST | [모델근거] text_variant | [원문링크] https://web.joongna.com/product/222971609
전자기기,풀리오 마사지 기기,풀리오 종아리 마사지기 V3 새제품,거래완료,"110,000원",보람동,2025-12-13,0,0,0,36.5℃,중고나라판매자,생활가전,보람동,[출처] 중고나라 | [분석모델] CALF_V3 | [모델근거] text_variant | [원문링크] https://web.joongna.com/product/222706886
전자기기,풀리오 마사지 기기,풀리오 손 마사지기계 ㅡ연예인 윤아 마사지기,거래완료,"55,000원",증산동,2025-12-12,0,0,0,36.5℃,중고나라판매자,생활가전,증산동,[출처] 중고나라 | [분석모델] HAND_WRIST | [모델근거] text_variant | [원문링크] https://web.joongna.com/product/222840827
전자기기,풀리오 마사지 기기,풀리오 종아리 마사지기 V2 새상품,거래완료,"67,000원",,2025-12-11,0,0,0,36.5℃,중고나라판매자,생활가전,,[출처] 중고나라 | [분석모델] CALF_V2 | [모델근거] text_variant | [원문링크] https://web.joongna.com/product/222850086
전자기기,풀리오 마사지 기기,풀리오 플리오 종아리 마사지기 V3 새상품,거래완료,"127,000원",장유3동,2025-12-10,0,0,0,36.5℃,중고나라판매자,생활가전,장유3동,[출처] 중고나라 | [분석모델] CALF_V3 | [모델근거] text_variant | [원문링크] https://web.joongna.com/product/222041119
전자기기,풀리오 마사지 기기,풀리오 허벅지 종아리 마사지기,거래완료,"140,000원",종촌동,2025-12-09,0,0,0,36.5℃,중고나라판매자,생활가전,종촌동,[출처] 중고나라 | [분석모델] THIGH_FULLIGE | [모델근거] text_variant | [원문링크] https://web.joongna.com/product/222784714
전자기기,풀리오 마사지 기기,풀리오 목어깨 마사지기 V2,거래완료,"50,000원",계산4동,2025-12-09,0,0,0,36.5℃,중고나라판매자,생활가전,계산4동,[출처] 중고나라 | [분석모델] NECK_SHOULDER_V2 | [모델근거] text_variant | [원문링크] https://web.joongna.com/product/222563267
전자기기,풀리오 마사지 기기,풀리오 목 어깨 마사지기 V2,거래완료,"68,000원",,2025-12-09,0,0,0,36.5℃,중고나라판매자,생활가전,,[출처] 중고나라 | [분석모델] NECK_SHOULDER_V2 | [모델근거] text_variant | [원문링크] https://web.joongna.com/product/222755225
전자기기,풀리오 마사지 기기,풀리오 목어깨 마사지기 V2,거래완료,"50,000원",목1동,2025-12-08,0,0,0,36.5℃,중고나라판매자,생활가전,목1동,[출처] 중고나라 | [분석모델] NECK_SHOULDER_V2 | [모델근거] text_variant | [원문링크] https://web.joongna.com/product/222726089
전자기기,풀리오 마사지 기기,풀리오 무선 종아리 마사지기 V3,거래완료,"80,000원",,2025-12-07,0,0,0,36.5℃,중고나라판매자,생활가전,,[출처] 중고나라 | [분석모델] CALF_V3 | [모델근거] text_variant | [원문링크] https://web.joongna.com/product/222707136
전자기기,풀리오 마사지 기기,택배포함 2025 fulio 정품HD002 풀리오 손 마사지기 손목 마시지 손목 터널 증후군 통증 안마기 온열 무,거래완료,"49,000원",,2025-12-07,0,0,0,36.5℃,중고나라판매자,생활가전,,[출처] 중고나라 | [분석모델] HD002 | [모델근거] text_code | [원문링크] https://web.joongna.com/product/222676193
전자기기,풀리오 마사지 기기,풀리오 목어깨 마사지기 V2 미개봉,거래완료,"70,000원",,2025-12-05,0,0,0,36.5℃,중고나라판매자,생활가전,,[출처] 중고나라 | [분석모델] NECK_SHOULDER_V2 | [모델근거] text_variant | [원문링크] https://web.joongna.com/product/222445536
전자기기,풀리오 마사지 기기,목 어깨 마사지기 V3 풀리오 안마기,거래완료,"100,000원",가장동,2025-12-04,0,0,0,36.5℃,중고나라판매자,생활가전,가장동,[출처] 중고나라 | [분석모델] NECK_SHOULDER_V3 | [모델근거] text_variant | [원문링크] https://web.joongna.com/product/222583899
전자기기,풀리오 마사지 기기,풀리오 종아리 마사지기,거래중,"100,000원",행신3동,2025-12-04,0,0,0,36.5℃,중고나라판매자,생활가전,행신3동,[출처] 중고나라 | [분석모델] CALF | [모델근거] text_variant | [원문링크] https://web.joongna.com/product/222566043
전자기기,풀리오 마사지 기기,풀리오 종아리/다리 마사지기 퍼플 v2,거래완료,"70,000원",교하동,2025-12-03,0,0,0,36.5℃,중고나라판매자,생활가전,교하동,[출처] 중고나라 | [분석모델] CALF_V2 | [모델근거] text_variant | [원문링크] https://web.joongna.com/product/222554068
전자기기,풀리오 마사지 기기,풀리오 발 마사지기 V3 미개봉 새상품,거래완료,"110,000원",,2025-12-03,0,0,0,36.5℃,중고나라판매자,생활가전,,[출처] 중고나라 | [분석모델] 제품군 공통 | [모델근거] product_group | [원문설명] 풀리오 발 마사지기 V3 미개봉 새제품이에요. 박스 상태도 깨끗하고 완전 새거라서 선물용으로도 좋을 것 같아요! | [원문링크] https://web.joongna.com/product/222239680
전자기기,풀리오 마사지 기기,풀리오 허리 마사지기 팝니다.,거래완료,"70,000원",고운동,2025-12-02,0,0,0,36.5℃,중고나라판매자,생활가전,고운동,[출처] 중고나라 | [분석모델] WAIST_BACK | [모델근거] text_variant | [원문링크] https://web.joongna.com/product/222305616
전자기기,풀리오 마사지 기기,풀리오 목어깨 마사지기,거래완료,"60,000원",목감동,2025-11-30,0,0,0,36.5℃,중고나라판매자,생활가전,목감동,[출처] 중고나라 | [분석모델] NECK_SHOULDER | [모델근거] text_variant | [원문링크] https://web.joongna.com/product/220013249
전자기기,풀리오 마사지 기기,풀리오 목어깨 마사지기 v2,거래중,"80,000원",만촌3동,2025-11-29,0,0,0,36.5℃,중고나라판매자,생활가전,만촌3동,[출처] 중고나라 | [분석모델] NECK_SHOULDER_V2 | [모델근거] text_variant | [원문링크] https://web.joongna.com/product/222397409
전자기기,풀리오 마사지 기기,풀리오 종아리 마사지기 V2 (새상품),거래완료,"80,000원",논현1동,2025-11-28,0,0,0,36.5℃,중고나라판매자,생활가전,논현1동,[출처] 중고나라 | [분석모델] CALF_V2 | [모델근거] text_variant | [원문링크] https://web.joongna.com/product/222348038
전자기기,풀리오 마사지 기기,풀리오 손 마사지기 라벤더,거래완료,"50,000원",십정2동,2025-11-27,0,0,0,36.5℃,중고나라판매자,생활가전,십정2동,[출처] 중고나라 | [분석모델] HAND_WRIST | [모델근거] text_variant | [원문링크] https://web.joongna.com/product/222321907
전자기기,풀리오 마사지 기기,풀리오 풀리지 허벅지 다리 마사지기,거래완료,"165,000원",당하동,2025-11-26,0,0,0,36.5℃,중고나라판매자,생활가전,당하동,[출처] 중고나라 | [분석모델] THIGH_FULLIGE | [모델근거] text_variant | [원문링크] https://web.joongna.com/product/221007034
전자기기,풀리오 마사지 기기,풀리오 v3 종아리 마사지기 온열 가능,거래완료,"75,000원",수성4가동,2025-11-26,0,0,0,36.5℃,중고나라판매자,생활가전,수성4가동,[출처] 중고나라 | [분석모델] CALF_V3 | [모델근거] text_variant | [원문링크] https://web.joongna.com/product/222211388
전자기기,풀리오 마사지 기기,풀리오 허벅지 마사지기,거래완료,"120,000원",대신동,2025-11-26,0,0,0,36.5℃,중고나라판매자,생활가전,대신동,[출처] 중고나라 | [분석모델] THIGH_FULLIGE | [모델근거] text_variant | [원문링크] https://web.joongna.com/product/222287979
전자기기,풀리오 마사지 기기,풀리오 종아리 마사지기,거래완료,"75,000원",진안동,2025-11-25,0,0,0,36.5℃,중고나라판매자,생활가전,진안동,[출처] 중고나라 | [분석모델] CALF | [모델근거] text_variant | [원문링크] https://web.joongna.com/product/220251686
전자기기,풀리오 마사지 기기,풀리오 어깨목 마사지기,거래완료,"33,000원",,2025-11-24,0,0,0,36.5℃,중고나라판매자,생활가전,,[출처] 중고나라 | [분석모델] NECK_SHOULDER | [모델근거] text_variant | [원문링크] https://web.joongna.com/product/222218088
전자기기,풀리오 마사지 기기,풀리오 다리 허벅지 마사지기,거래완료,"150,000원",,2025-11-23,0,0,0,36.5℃,중고나라판매자,생활가전,,[출처] 중고나라 | [분석모델] THIGH_FULLIGE | [모델근거] text_variant | [원문링크] https://web.joongna.com/product/220998873
전자기기,풀리오 마사지 기기,풀리오 종아리 마사지기 V2 새상품,거래완료,"72,000원",,2025-11-22,0,0,0,36.5℃,중고나라판매자,생활가전,,[출처] 중고나라 | [분석모델] CALF_V2 | [모델근거] text_variant | [원문링크] https://web.joongna.com/product/222138762
전자기기,풀리오 마사지 기기,[마사지기] 풀리오 마사지건,거래완료,"60,000원",낙성대동,2025-11-21,0,0,0,36.5℃,중고나라판매자,생활가전,낙성대동,[출처] 중고나라 | [분석모델] MASSAGE_GUN | [모델근거] text_variant | [원문링크] https://web.joongna.com/product/222095564
전자기기,풀리오 마사지 기기,풀리오 무선 종아리 마사지기 V3,거래완료,"90,000원",,2025-11-19,0,0,0,36.5℃,중고나라판매자,생활가전,,[출처] 중고나라 | [분석모델] CALF_V3 | [모델근거] text_variant | [원문링크] https://web.joongna.com/product/221503675
전자기기,풀리오 마사지 기기,풀리오 목 어깨 마사지기 V1,거래완료,"30,000원",무악동,2025-11-19,0,0,0,36.5℃,중고나라판매자,생활가전,무악동,[출처] 중고나라 | [분석모델] NECK_SHOULDER_V1 | [모델근거] text_variant | [원문링크] https://web.joongna.com/product/222027764
전자기기,풀리오 마사지 기기,풀리오 허벅지 마사지기,거래완료,"120,000원",관산동,2025-11-18,0,0,0,36.5℃,중고나라판매자,생활가전,관산동,[출처] 중고나라 | [분석모델] THIGH_FULLIGE | [모델근거] text_variant | [원문링크] https://web.joongna.com/product/221899279
전자기기,풀리오 마사지 기기,풀리오 목어깨 마사지기,거래중,"50,000원",남일면,2025-11-16,0,0,0,36.5℃,중고나라판매자,생활가전,남일면,[출처] 중고나라 | [분석모델] NECK_SHOULDER | [모델근거] text_variant | [원문링크] https://web.joongna.com/product/221922298
전자기기,풀리오 마사지 기기,풀리오 다리 마사지기,거래완료,"134,000원",후포면,2025-11-16,0,0,0,36.5℃,중고나라판매자,생활가전,후포면,[출처] 중고나라 | [분석모델] CALF | [모델근거] text_variant | [원문링크] https://web.joongna.com/product/221882076
전자기기,풀리오 마사지 기기,풀리오 목어깨 마사지기 V2 2025년 5월 리뉴얼제품,거래중,"76,000원",,2025-11-15,0,0,0,36.5℃,중고나라판매자,생활가전,,[출처] 중고나라 | [분석모델] NECK_SHOULDER_V2 | [모델근거] text_variant | [원문링크] https://web.joongna.com/product/219874312
전자기기,풀리오 마사지 기기,풀리션 풀리오 마사지기,거래중,"149,000원",주례제1동,2025-11-14,0,0,0,36.5℃,중고나라판매자,생활가전,주례제1동,[출처] 중고나라 | [분석모델] PULLITION | [모델근거] text_variant | [원문링크] https://web.joongna.com/product/221161329
전자기기,풀리오 마사지 기기,풀리오 종아리 마사지기 v3 미개봉 새제품 25년 9월생산,거래완료,"110,000원",신정6동,2025-11-14,0,0,0,36.5℃,중고나라판매자,생활가전,신정6동,[출처] 중고나라 | [분석모델] CALF_V3 | [모델근거] text_variant | [원문링크] https://web.joongna.com/product/221847055
전자기기,풀리오 마사지 기기,풀리오 종아리 마사지기 V3+ 손 마사지기,거래완료,"70,000원",신관동,2025-11-14,0,0,0,36.5℃,중고나라판매자,생활가전,신관동,[출처] 중고나라 | [분석모델] CALF_V3 | [모델근거] text_variant | [원문링크] https://web.joongna.com/product/221788002
전자기기,풀리오 마사지 기기,풀리오 무선 종아리 마사지기 V3,거래완료,"85,000원",호수동,2025-11-13,0,0,0,36.5℃,중고나라판매자,생활가전,호수동,[출처] 중고나라 | [분석모델] CALF_V3 | [모델근거] text_variant | [원문링크] https://web.joongna.com/product/221783286
전자기기,풀리오 마사지 기기,"[택배박스 그대로 미개봉, 무료배송] 풀리오 등허리 쿠션 마사지기",거래완료,"75,000원",,2025-11-13,0,0,0,36.5℃,중고나라판매자,생활가전,,[출처] 중고나라 | [분석모델] WAIST_BACK | [모델근거] text_variant | [원문링크] https://web.joongna.com/product/221755204
전자기기,풀리오 마사지 기기,[정품]풀리오 프리미엄 마사지매트 2025년형 전신 온열 폴더백 안마기 접이식 (안마매트/마사지기),거래완료,"180,000원",대화동,2025-11-13,0,0,0,36.5℃,중고나라판매자,생활가전,대화동,"[출처] 중고나라 | [분석모델] 제품군 공통 | [모델근거] product_group | [원문설명] 풀리오 폴더백 마사지매트 T002 모델입니다 - 접었을 때 405x390x185mm, 펼쳤을 때 405x1185x40mm입니다 - 무게는 2.9kg입니다 얇고 가벼운 디자인으로 간편한 휴대와 보관이 용이합니다 구성품은 본체(리모컨 포함), 어댑터, 사용설명서, 품질보증서가 포함되어 있습니다 2025년 신형이고, 상품개봉후 테스트만 해봤어요~ 부모님 드릴까 했는데 오래됐지만 안마의자 있어서 그냥 판매합니다! 직거래 우선이고요! 고양일산은 가져다드려요~ 그외 인근 지역은 쳇 주세요! | [원문링크] https://web.joongna.com/product/221739594"
전자기기,풀리오 마사지 기기,미개봉 새상품 풀리오 목어깨 마사지기 V2/무료배송,거래완료,"70,000원",,2025-11-11,0,0,0,36.5℃,중고나라판매자,생활가전,,[출처] 중고나라 | [분석모델] NECK_SHOULDER_V2 | [모델근거] text_variant | [원문링크] https://web.joongna.com/product/221738354
전자기기,풀리오 마사지 기기,풀리오 등허리 쿠션 마사지기,거래완료,"65,000원",천호제3동,2025-11-11,0,0,0,36.5℃,중고나라판매자,생활가전,천호제3동,[출처] 중고나라 | [분석모델] WAIST_BACK | [모델근거] text_variant | [원문링크] https://web.joongna.com/product/221499162
전자기기,풀리오 마사지 기기,풀리오 넥풀러 목어깨 마사지기,거래중,"290,000원",진관동,2025-11-10,0,0,0,36.5℃,중고나라판매자,생활가전,진관동,[출처] 중고나라 | [분석모델] NECK_PULLER | [모델근거] text_variant | [원문링크] https://web.joongna.com/product/221696185
전자기기,풀리오 마사지 기기,풀리오 에어 괄사 마사지기,거래중,"80,000원",진관동,2025-11-10,0,0,0,36.5℃,중고나라판매자,생활가전,진관동,[출처] 중고나라 | [분석모델] AIR_GUASHA | [모델근거] text_variant | [원문링크] https://web.joongna.com/product/221695787
전자기기,풀리오 마사지 기기,풀리오 허리 마사지기,거래완료,"70,000원",양평제2동,2025-11-10,0,0,0,36.5℃,중고나라판매자,생활가전,양평제2동,[출처] 중고나라 | [분석모델] WAIST_BACK | [모델근거] text_variant | [원문링크] https://web.joongna.com/product/221418112
전자기기,풀리오 마사지 기기,풀리오 종아리 마사지기,거래완료,"60,000원",,2025-11-10,0,0,0,36.5℃,중고나라판매자,생활가전,,[출처] 중고나라 | [분석모델] CALF | [모델근거] text_variant | [원문링크] https://web.joongna.com/product/221691076
전자기기,풀리오 마사지 기기,풀리오 종아리 마사지기 v3,거래완료,"25,000원",용호제1동,2025-11-09,0,0,0,36.5℃,중고나라판매자,생활가전,용호제1동,[출처] 중고나라 | [분석모델] CALF_V3 | [모델근거] text_variant | [원문링크] https://web.joongna.com/product/221660864
전자기기,풀리오 마사지 기기,풀리오 목과 어깨 마사지기 V2,거래완료,"70,000원",,2025-11-09,0,0,0,36.5℃,중고나라판매자,생활가전,,[출처] 중고나라 | [분석모델] 제품군 공통 | [모델근거] product_group | [원문설명] 풀리오 목과 어깨 마사지기 V2 미개봉 새제품 박스 상태도 깨끗하고 완전 새제품 GS 또는 CU 편의점 반값 택배거래 가능 | [원문링크] https://web.joongna.com/product/221643853
전자기기,풀리오 마사지 기기,풀리오 목어깨 마사지기 V2(미개봉 새상품),거래완료,"70,000원",일동,2025-11-08,0,0,0,36.5℃,중고나라판매자,생활가전,일동,[출처] 중고나라 | [분석모델] NECK_SHOULDER_V2 | [모델근거] text_variant | [원문링크] https://web.joongna.com/product/221376248
전자기기,풀리오 마사지 기기,풀리오 목 어깨 마사지기 V2,거래완료,"70,000원",월송동,2025-11-07,0,0,0,36.5℃,중고나라판매자,생활가전,월송동,[출처] 중고나라 | [분석모델] NECK_SHOULDER_V2 | [모델근거] text_variant | [원문링크] https://web.joongna.com/product/221590964
전자기기,풀리오 마사지 기기,풀리오 목어깨 마사지기 V1,거래완료,"30,000원",구로제4동,2025-11-07,0,0,0,36.5℃,중고나라판매자,생활가전,구로제4동,[출처] 중고나라 | [분석모델] NECK_SHOULDER_V1 | [모델근거] text_variant | [원문링크] https://web.joongna.com/product/221585713
전자기기,풀리오 마사지 기기,풀리오 목 어깨 마사지기 V3,거래완료,"120,000원",용신동,2025-11-07,0,0,0,36.5℃,중고나라판매자,생활가전,용신동,[출처] 중고나라 | [분석모델] NECK_SHOULDER_V3 | [모델근거] text_variant | [원문링크] https://web.joongna.com/product/221581902
전자기기,풀리오 마사지 기기,풀리오 목 마사지기,거래완료,"40,000원",청계동,2025-11-06,0,0,0,36.5℃,중고나라판매자,생활가전,청계동,[출처] 중고나라 | [분석모델] NECK_SHOULDER | [모델근거] text_variant | [원문링크] https://web.joongna.com/product/221526181
전자기기,풀리오 마사지 기기,풀리오 휴대용 발목 마사지기 L사이즈,거래중,"70,000원",후포면,2025-11-05,0,0,0,36.5℃,중고나라판매자,생활가전,후포면,[출처] 중고나라 | [분석모델] NECK_SHOULDER | [모델근거] text_variant | [원문링크] https://web.joongna.com/product/221506761
전자기기,풀리오 마사지 기기,풀리오 목 어깨 마사지기 V2 [미개봉],거래완료,"66,000원",,2025-11-04,0,0,0,36.5℃,중고나라판매자,생활가전,,[출처] 중고나라 | [분석모델] NECK_SHOULDER_V2 | [모델근거] text_variant | [원문링크] https://web.joongna.com/product/220997415
전자기기,풀리오 마사지 기기,풀리오 종아리 마사지기 v2,예약중,"56,000원",,2025-11-02,0,0,0,36.5℃,중고나라판매자,생활가전,,[출처] 중고나라 | [분석모델] CALF_V2 | [모델근거] text_variant | [원문링크] https://web.joongna.com/product/221378446
전자기기,풀리오 마사지 기기,풀리오 종아리 마사지기 v3,거래완료,"70,000원",,2025-10-31,0,0,0,36.5℃,중고나라판매자,생활가전,,[출처] 중고나라 | [분석모델] CALF_V3 | [모델근거] text_variant | [원문링크] https://web.joongna.com/product/221312249
전자기기,풀리오 마사지 기기,풀리오 목어깨 마사지기 V2,거래완료,"75,000원",영강동,2025-10-29,0,0,0,36.5℃,중고나라판매자,생활가전,영강동,[출처] 중고나라 | [분석모델] NECK_SHOULDER_V2 | [모델근거] text_variant | [원문링크] https://web.joongna.com/product/218386307
전자기기,풀리오 마사지 기기,풀리오 목어깨 마사지기 v3 미개봉 판매(1개남음),예약중,"120,000원",정자2동,2025-10-29,0,0,0,36.5℃,중고나라판매자,생활가전,정자2동,[출처] 중고나라 | [분석모델] NECK_SHOULDER_V3 | [모델근거] text_variant | [원문링크] https://web.joongna.com/product/221239785
전자기기,풀리오 마사지 기기,풀리오 허벅지 마사지기,거래완료,"12,354원",,2025-10-29,0,0,0,36.5℃,중고나라판매자,생활가전,,[출처] 중고나라 | [분석모델] THIGH_FULLIGE | [모델근거] text_variant | [원문링크] https://web.joongna.com/product/221232118
전자기기,풀리오 마사지 기기,풀리오 목어깨 마사지기 v3 미개봉 2개 판매(개당),거래완료,"120,000원",정자2동,2025-10-28,0,0,0,36.5℃,중고나라판매자,생활가전,정자2동,[출처] 중고나라 | [분석모델] NECK_SHOULDER_V3 | [모델근거] text_variant | [원문링크] https://web.joongna.com/product/220985543
전자기기,풀리오 마사지 기기,풀리오 허리 마사지기,거래완료,"80,000원",,2025-10-28,0,0,0,36.5℃,중고나라판매자,생활가전,,[출처] 중고나라 | [분석모델] WAIST_BACK | [모델근거] text_variant | [원문링크] https://web.joongna.com/product/221193707
전자기기,풀리오 마사지 기기,풀리오 종아리 마사지기 V2,거래완료,"53,000원",,2025-10-27,0,0,0,36.5℃,중고나라판매자,생활가전,,[출처] 중고나라 | [분석모델] CALF_V2 | [모델근거] text_variant | [원문링크] https://web.joongna.com/product/221177204
전자기기,풀리오 마사지 기기,풀리오 종아리/목어깨 마사지기 V2 미개봉 새상품,거래완료,"195,000원",중앙동,2025-10-27,0,0,0,36.5℃,중고나라판매자,생활가전,중앙동,[출처] 중고나라 | [분석모델] CALF_V2 | [모델근거] text_variant | [원문설명] 풀리오 종아리 마사지기 V2와 목 어깨 마사지기 V2입니다 둘 다 새상품이고 박스에 들어있습니다 생산연도 2025년 7월입니다. - 목과 어깨의 피로를 풀어주는 데 도움을 줍니다 - 집에서 편안하게 마사지를 받을 수 있습니다 | [원문링크] https://web.joongna.com/product/221160549
전자기기,풀리오 마사지 기기,풀리오마사지기,거래완료,"50,000원",청라3동,2025-10-26,0,0,0,36.5℃,중고나라판매자,생활가전,청라3동,[출처] 중고나라 | [분석모델] 제품군 공통 | [모델근거] product_group | [원문설명] 2회사용 상태좋음 gs반택시 택배비별도3000 | [원문링크] https://web.joongna.com/product/221139322
전자기기,풀리오 마사지 기기,풀리오 풀리지 허벅지 마사지기,거래완료,"160,000원",소공동,2025-10-26,0,0,0,36.5℃,중고나라판매자,생활가전,소공동,[출처] 중고나라 | [분석모델] THIGH_FULLIGE | [모델근거] text_variant | [원문링크] https://web.joongna.com/product/221137799
전자기기,풀리오 마사지 기기,풀리오 종아리 마사지기 V3 컨트롤러 리뉴얼 미개봉 새,거래완료,"110,000원",고성읍,2025-10-25,0,0,0,36.5℃,중고나라판매자,생활가전,고성읍,[출처] 중고나라 | [분석모델] CALF_V3 | [모델근거] text_variant | [원문링크] https://web.joongna.com/product/221106273
전자기기,풀리오 마사지 기기,풀리오 목어깨 배게 마사지기 미개봉 새상품,거래완료,"80,000원",화전동,2025-10-23,0,0,0,36.5℃,중고나라판매자,생활가전,화전동,[출처] 중고나라 | [분석모델] NECK_SHOULDER | [모델근거] text_variant | [원문링크] https://web.joongna.com/product/219419226
전자기기,풀리오 마사지 기기,풀리오 풀리지 다리 허벅지 마사지기 1회 사용/ 9월,거래완료,"170,000원",당하동,2025-10-22,0,0,0,36.5℃,중고나라판매자,생활가전,당하동,[출처] 중고나라 | [분석모델] THIGH_FULLIGE | [모델근거] text_variant | [원문링크] https://web.joongna.com/product/220435984
전자기기,풀리오 마사지 기기,[박스미개봉 새상품] 풀리오 백풀러 허리 마사지기 택포,거래완료,"100,000원",,2025-10-22,0,0,0,36.5℃,중고나라판매자,생활가전,,[출처] 중고나라 | [분석모델] BACK_PULLER | [모델근거] text_variant | [원문링크] https://web.joongna.com/product/220039086
전자기기,풀리오 마사지 기기,풀리오 목 어깨 마사지기 V2,거래완료,"60,000원",,2025-10-21,0,0,0,36.5℃,중고나라판매자,생활가전,,[출처] 중고나라 | [분석모델] NECK_SHOULDER_V2 | [모델근거] text_variant | [원문링크] https://web.joongna.com/product/220951782
전자기기,풀리오 마사지 기기,풀리오 종아리 마사지기 V2,거래완료,"70,000원",장평동,2025-10-21,0,0,0,36.5℃,중고나라판매자,생활가전,장평동,[출처] 중고나라 | [분석모델] CALF_V2 | [모델근거] text_variant | [원문링크] https://web.joongna.com/product/220950415
전자기기,풀리오 마사지 기기,풀리오 넥풀러 목어깨 마사지기 견인,예약중,"200,000원",중동,2025-10-21,0,0,0,36.5℃,중고나라판매자,생활가전,중동,[출처] 중고나라 | [분석모델] NECK_PULLER | [모델근거] text_variant | [원문링크] https://web.joongna.com/product/220949723
전자기기,풀리오 마사지 기기,풀리오 넥풀러 목 어깨 마사지기,거래완료,"180,000원",간석3동,2025-10-18,0,0,0,36.5℃,중고나라판매자,생활가전,간석3동,[출처] 중고나라 | [분석모델] NECK_PULLER | [모델근거] text_variant | [원문링크] https://web.joongna.com/product/220849103
전자기기,풀리오 마사지 기기,"Pulio 풀리오 목, 어께 마사지기 V2 6만원",거래중,"60,000원",,2025-10-16,0,0,0,36.5℃,중고나라판매자,생활가전,,[출처] 중고나라 | [분석모델] 제품군 공통 | [모델근거] product_group | [원문설명] 선물을 받았는데 사용하지않게되어 판매합니다 실사용은 5번 미만이라 거의 새상품입니다 박스는 미포함입니다 택포가격입니다 편의점 택배로 보내드립니다 네고안됩니다 | [원문링크] https://web.joongna.com/product/220777965
전자기기,풀리오 마사지 기기,풀리오 넥풀러 목 어깨 홈케어 마사지기,거래중,"250,000원",,2025-10-14,0,0,0,36.5℃,중고나라판매자,생활가전,,[출처] 중고나라 | [분석모델] NECK_PULLER | [모델근거] text_variant | [원문링크] https://web.joongna.com/product/220692940
전자기기,풀리오 마사지 기기,Pulio 풀리오 무선 종아리 마사지기 cb227 팜니,거래완료,"70,000원",한강로동,2025-10-13,0,0,0,36.5℃,중고나라판매자,생활가전,한강로동,[출처] 중고나라 | [분석모델] CALF | [모델근거] text_variant | [원문링크] https://web.joongna.com/product/220675004
전자기기,풀리오 마사지 기기,풀리오 목 어깨 마사지기 V2,거래완료,"60,000원",철산3동,2025-10-11,0,0,0,36.5℃,중고나라판매자,생활가전,철산3동,[출처] 중고나라 | [분석모델] NECK_SHOULDER_V2 | [모델근거] text_variant | [원문링크] https://web.joongna.com/product/220569271
전자기기,풀리오 마사지 기기,풀리오 백풀러 허리 마사지기,거래완료,"80,000원",소사본동,2025-10-10,0,0,0,36.5℃,중고나라판매자,생활가전,소사본동,[출처] 중고나라 | [분석모델] BACK_PULLER | [모델근거] text_variant | [원문링크] https://web.joongna.com/product/220547046
전자기기,풀리오 마사지 기기,새제품 풀리오 목 어깨 마사지기 V,거래중,"77,000원",,2025-10-08,0,0,0,36.5℃,중고나라판매자,생활가전,,[출처] 중고나라 | [분석모델] NECK_SHOULDER | [모델근거] text_variant | [원문링크] https://web.joongna.com/product/220493663
전자기기,풀리오 마사지 기기,풀리오 손목 마사지기,거래완료,"35,000원",광남1동,2025-10-08,0,0,0,36.5℃,중고나라판매자,생활가전,광남1동,[출처] 중고나라 | [분석모델] NECK_SHOULDER | [모델근거] text_variant | [원문링크] https://web.joongna.com/product/220471175
전자기기,풀리오 마사지 기기,풀박스 PULIO 풀리오 마사지기 손 마사지기 2025,거래완료,"66,000원",,2025-10-08,0,0,0,36.5℃,중고나라판매자,생활가전,,[출처] 중고나라 | [분석모델] HAND_WRIST | [모델근거] text_variant | [원문링크] https://web.joongna.com/product/220391374
전자기기,풀리오 마사지 기기,풀리오 허벅지(+종아리) 마사지기 팝니다,거래완료,"170,000원",무주읍,2025-10-06,0,0,0,36.5℃,중고나라판매자,생활가전,무주읍,[출처] 중고나라 | [분석모델] THIGH_FULLIGE | [모델근거] text_variant | [원문링크] https://web.joongna.com/product/220129801
전자기기,풀리오 마사지 기기,풀리오 목어깨 마사지기 N001,거래완료,"25,000원",원천동,2025-10-06,0,0,0,36.5℃,중고나라판매자,생활가전,원천동,[출처] 중고나라 | [분석모델] N001 | [모델근거] text_code | [원문링크] https://web.joongna.com/product/220435607
전자기기,풀리오 마사지 기기,풀리오 종아리 마사지기 V2,거래완료,"69,000원",,2025-10-02,0,0,0,36.5℃,중고나라판매자,생활가전,,[출처] 중고나라 | [분석모델] CALF_V2 | [모델근거] text_variant | [원문링크] https://web.joongna.com/product/219484264
전자기기,풀리오 마사지 기기,풀리오 넥풀러 NP001 마사지기,거래완료,"200,000원",금정동,2025-10-01,0,0,0,36.5℃,중고나라판매자,생활가전,금정동,[출처] 중고나라 | [분석모델] NP001 | [모델근거] text_code | [원문링크] https://web.joongna.com/product/219934174
전자기기,풀리오 마사지 기기,풀리오 등허리 쿠션 마사지기 미개봉,거래완료,"80,000원",신도림동,2025-09-30,0,0,0,36.5℃,중고나라판매자,생활가전,신도림동,[출처] 중고나라 | [분석모델] WAIST_BACK | [모델근거] text_variant | [원문링크] https://web.joongna.com/product/219957909
전자기기,풀리오 마사지 기기,풀리오 허리 마사지기 거의 새제품 팝니다,거래완료,"80,000원",신대방제1동,2025-09-30,0,0,0,36.5℃,중고나라판매자,생활가전,신대방제1동,[출처] 중고나라 | [분석모델] WAIST_BACK | [모델근거] text_variant | [원문링크] https://web.joongna.com/product/220260606
전자기기,풀리오 마사지 기기,풀리오 종아리 마사지기 v3,거래완료,"100,000원",,2025-09-29,0,0,0,36.5℃,중고나라판매자,생활가전,,[출처] 중고나라 | [분석모델] CALF_V3 | [모델근거] text_variant | [원문링크] https://web.joongna.com/product/220227916
전자기기,풀리오 마사지 기기,풀리오 허벅지 마사지기,거래중,"170,000원",송하동,2025-09-29,0,0,0,36.5℃,중고나라판매자,생활가전,송하동,[출처] 중고나라 | [분석모델] THIGH_FULLIGE | [모델근거] text_variant | [원문링크] https://web.joongna.com/product/219536898
전자기기,풀리오 마사지 기기,풀리오 목어깨 마사지기 V2,거래완료,"50,000원",발산제1동,2025-09-28,0,0,0,36.5℃,중고나라판매자,생활가전,발산제1동,[출처] 중고나라 | [분석모델] NECK_SHOULDER_V2 | [모델근거] text_variant | [원문링크] https://web.joongna.com/product/220169850
전자기기,풀리오 마사지 기기,풀리오 목어깨 마사지기 N001,거래중,"70,000원",,2025-09-27,0,0,0,36.5℃,중고나라판매자,생활가전,,[출처] 중고나라 | [분석모델] N001 | [모델근거] text_code | [원문링크] https://web.joongna.com/product/212389254
전자기기,풀리오 마사지 기기,풀리오 무선 허벅지 종아리 마사지기,거래완료,"110,000원",신림동,2025-09-26,0,0,0,36.5℃,중고나라판매자,생활가전,신림동,[출처] 중고나라 | [분석모델] THIGH_FULLIGE | [모델근거] text_variant | [원문링크] https://web.joongna.com/product/220116135
전자기기,풀리오 마사지 기기,미개봉 새상품 풀리오 풀리지 허벅지 마사지기 안마기,거래완료,"189,000원",,2025-09-26,0,0,0,36.5℃,중고나라판매자,생활가전,,[출처] 중고나라 | [분석모델] THIGH_FULLIGE | [모델근거] text_variant | [원문링크] https://web.joongna.com/product/219951364
전자기기,풀리오 마사지 기기,풀리오 종아리 마사지기 v3,거래완료,"100,000원",봉담읍,2025-09-24,0,0,0,36.5℃,중고나라판매자,생활가전,봉담읍,[출처] 중고나라 | [분석모델] CALF_V3 | [모델근거] text_variant | [원문링크] https://web.joongna.com/product/219462482
전자기기,풀리오 마사지 기기,풀리오 v2 목어깨 마사지기 풀박스 신품수준,거래중,"68,000원",고촌읍,2025-09-24,0,0,0,36.5℃,중고나라판매자,생활가전,고촌읍,[출처] 중고나라 | [분석모델] NECK_SHOULDER_V2 | [모델근거] text_variant | [원문링크] https://web.joongna.com/product/220020847
전자기기,풀리오 마사지 기기,풀리오 넥풀러 마사지기,거래완료,"210,000원",연남동,2025-09-23,0,0,0,36.5℃,중고나라판매자,생활가전,연남동,[출처] 중고나라 | [분석모델] NECK_PULLER | [모델근거] text_variant | [원문링크] https://web.joongna.com/product/220010210
전자기기,풀리오 마사지 기기,풀리오 등허리 쿠션 마사지기,거래완료,"80,000원",,2025-09-23,0,0,0,36.5℃,중고나라판매자,생활가전,,[출처] 중고나라 | [분석모델] WAIST_BACK | [모델근거] text_variant | [원문링크] https://web.joongna.com/product/220008154
전자기기,풀리오 마사지 기기,풀리오 V2 목어깨 마사지기 폴리오,거래완료,"70,000원",하계1동,2025-09-22,0,0,0,36.5℃,중고나라판매자,생활가전,하계1동,[출처] 중고나라 | [분석모델] NECK_SHOULDER_V2 | [모델근거] text_variant | [원문링크] https://web.joongna.com/product/219950053
전자기기,풀리오 마사지 기기,Pulio 풀리오 목어깨 베개 마사지기,거래완료,"60,000원",황학동,2025-09-21,0,0,0,36.5℃,중고나라판매자,생활가전,황학동,[출처] 중고나라 | [분석모델] NECK_SHOULDER | [모델근거] text_variant | [원문링크] https://web.joongna.com/product/219921040
전자기기,풀리오 마사지 기기,풀리오 백풀러 허리 마사지기 팝니다,거래중,"106,000원",,2025-09-21,0,0,0,36.5℃,중고나라판매자,생활가전,,[출처] 중고나라 | [분석모델] BACK_PULLER | [모델근거] text_variant | [원문링크] https://web.joongna.com/product/219873459
전자기기,풀리오 마사지 기기,풀리오 목 어깨 마사지기 V3 미개봉(2025.8제조),거래완료,"80,000원",,2025-09-20,0,0,0,36.5℃,중고나라판매자,생활가전,,[출처] 중고나라 | [분석모델] NECK_SHOULDER_V3 | [모델근거] text_variant | [원문링크] https://web.joongna.com/product/219858661
전자기기,풀리오 마사지 기기,풀리오 종아리 마사지기 v3,거래완료,"105,000원",명륜2동,2025-09-20,0,0,0,36.5℃,중고나라판매자,생활가전,명륜2동,[출처] 중고나라 | [분석모델] CALF_V3 | [모델근거] text_variant | [원문링크] https://web.joongna.com/product/219826319
전자기기,풀리오 마사지 기기,풀리오 무선 종아리 마사지기,거래완료,"35,000원",,2025-09-19,0,0,0,36.5℃,중고나라판매자,생활가전,,[출처] 중고나라 | [분석모델] CALF | [모델근거] text_variant | [원문링크] https://web.joongna.com/product/219803557
전자기기,풀리오 마사지 기기,풀리오 목어깨 마사지기 V2 미개봉 신품,거래완료,"69,000원",,2025-09-19,0,0,0,36.5℃,중고나라판매자,생활가전,,[출처] 중고나라 | [분석모델] NECK_SHOULDER_V2 | [모델근거] text_variant | [원문링크] https://web.joongna.com/product/219803038
전자기기,풀리오 마사지 기기,풀리오 목 어깨 마사지기 V2,거래완료,"65,000원",상계1동,2025-09-19,0,0,0,36.5℃,중고나라판매자,생활가전,상계1동,[출처] 중고나라 | [분석모델] NECK_SHOULDER_V2 | [모델근거] text_variant | [원문링크] https://web.joongna.com/product/219753544
전자기기,풀리오 마사지 기기,풀리오 종아리 마사지기 v3,거래완료,"100,000원",,2025-09-19,0,0,0,36.5℃,중고나라판매자,생활가전,,[출처] 중고나라 | [분석모델] CALF_V3 | [모델근거] text_variant | [원문링크] https://web.joongna.com/product/219744600
전자기기,풀리오 마사지 기기,풀리오 목 어깨 마사지기 V2,거래완료,"55,000원",,2025-09-17,0,0,0,36.5℃,중고나라판매자,생활가전,,[출처] 중고나라 | [분석모델] NECK_SHOULDER_V2 | [모델근거] text_variant | [원문링크] https://web.joongna.com/product/219627207
전자기기,풀리오 마사지 기기,풀리오 종아리 마사지기 v2 (블랙) 파우치증정,거래완료,"80,000원",,2025-09-16,0,0,0,36.5℃,중고나라판매자,생활가전,,[출처] 중고나라 | [분석모델] CALF_V2 | [모델근거] text_variant | [원문링크] https://web.joongna.com/product/219554829
전자기기,풀리오 마사지 기기,풀리오 종아리 마사지기 v3,거래완료,"100,000원",,2025-09-15,0,0,0,36.5℃,중고나라판매자,생활가전,,[출처] 중고나라 | [분석모델] CALF_V3 | [모델근거] text_variant | [원문링크] https://web.joongna.com/product/219537939
전자기기,풀리오 마사지 기기,풀리오 목어께 마사지기 1만원에 팝니다,거래완료,"10,000원",,2025-09-15,0,0,0,36.5℃,중고나라판매자,생활가전,,"[출처] 중고나라 | [분석모델] NECK_SHOULDER | [모델근거] detail_text_variant | [원문설명] 📢 제목에 ""제조사/ 브랜드 명""과 “상품명(ex. 4단 책장선반)”을 넣어 작성하면, 보다 빠른 판매가 가능합니다! 📢 게시글 작성 시 배송 방법에 “직거래”와 “내 위치” 설정할 경우, 보다 빠른 판매가 가능합니다! 🚨회원님의 거래 게시글을 노린 중고나라 운영진 사칭 피싱 사이트를 주의하세요🚨 풀리오 목 어깨 마사지기 1만원에 판매합니다. 사용 횟수는 10회에요. 그래서 저렴하게 판매합니다. 저는 작년에 이 제품을 10만원 가까이의 금액 주고 구매했어요. 스마트폰에도 사용하는 C타입 충전 케이블로 이 제품에 충전 하시면 됩니다. 종이로 된 사용 설명서 보내드립니다. 배송료는 착불 이에요. 전국 택배 가능해요. 구매 원하시는 분은 저한테 문자 주세요. 0505-508-4338 감사합니다.^^ | [원문링크] https://web.joongna.com/product/219479820"
전자기기,풀리오 마사지 기기,풀리오 허벅지 종아리 마사지기,거래완료,"160,000원",상동,2025-09-14,0,0,0,36.5℃,중고나라판매자,생활가전,상동,[출처] 중고나라 | [분석모델] THIGH_FULLIGE | [모델근거] text_variant | [원문링크] https://web.joongna.com/product/219467365
전자기기,풀리오 마사지 기기,풀리오 종아리 마사지기 v3,거래완료,"100,000원",,2025-09-14,0,0,0,36.5℃,중고나라판매자,생활가전,,[출처] 중고나라 | [분석모델] CALF_V3 | [모델근거] text_variant | [원문링크] https://web.joongna.com/product/219451698
전자기기,풀리오 마사지 기기,풀리오 넥풀러 목어깨 마사지기(새상품),거래완료,"300,000원",사당제1동,2025-09-14,0,0,0,36.5℃,중고나라판매자,생활가전,사당제1동,[출처] 중고나라 | [분석모델] NECK_PULLER | [모델근거] text_variant | [원문링크] https://web.joongna.com/product/219423418
전자기기,풀리오 마사지 기기,풀리오 종아리 마사지기 V3,거래완료,"95,000원",,2025-09-13,0,0,0,36.5℃,중고나라판매자,생활가전,,[출처] 중고나라 | [분석모델] CALF_V3 | [모델근거] text_variant | [원문링크] https://web.joongna.com/product/219412815
전자기기,풀리오 마사지 기기,풀리오 손마사지 기,거래완료,"65,000원",자양제4동,2025-09-13,0,0,0,36.5℃,중고나라판매자,생활가전,자양제4동,[출처] 중고나라 | [분석모델] HAND_WRIST | [모델근거] text_variant | [원문링크] https://web.joongna.com/product/219128894
전자기기,풀리오 마사지 기기,풀리오 종아리 마사지기 v2,거래완료,"43,000원",동탄4동,2025-09-12,0,0,0,36.5℃,중고나라판매자,생활가전,동탄4동,[출처] 중고나라 | [분석모델] CALF_V2 | [모델근거] text_variant | [원문링크] https://web.joongna.com/product/219335068
전자기기,풀리오 마사지 기기,풀리오 종아리 마사지기 V3,거래완료,"100,000원",,2025-09-12,0,0,0,36.5℃,중고나라판매자,생활가전,,[출처] 중고나라 | [분석모델] CALF_V3 | [모델근거] text_variant | [원문링크] https://web.joongna.com/product/219315027
전자기기,풀리오 마사지 기기,풀리오 종아리 마사지기 v3,거래완료,"100,000원",,2025-09-12,0,0,0,36.5℃,중고나라판매자,생활가전,,[출처] 중고나라 | [분석모델] CALF_V3 | [모델근거] text_variant | [원문링크] https://web.joongna.com/product/219305680
전자기기,풀리오 마사지 기기,(미개봉새상품) 풀리오 종아리 마사지기 V3,거래완료,"120,000원",염창동,2025-09-11,0,0,0,36.5℃,중고나라판매자,생활가전,염창동,[출처] 중고나라 | [분석모델] CALF_V3 | [모델근거] text_variant | [원문링크] https://web.joongna.com/product/219287573
전자기기,풀리오 마사지 기기,Pulio 풀리오 무선 종아리 마사지기 cb227 팝니다,거래완료,"80,000원",,2025-09-11,0,0,0,36.5℃,중고나라판매자,생활가전,,[출처] 중고나라 | [분석모델] CALF | [모델근거] text_variant | [원문링크] https://web.joongna.com/product/219275687
전자기기,풀리오 마사지 기기,풀리오 종아리 마사지기,거래완료,"50,000원",청라1동,2025-09-11,0,0,0,36.5℃,중고나라판매자,생활가전,청라1동,[출처] 중고나라 | [분석모델] CALF | [모델근거] text_variant | [원문링크] https://web.joongna.com/product/219269269
전자기기,풀리오 마사지 기기,풀리오 넥풀러 목 어깨 마사지기 신형 풀세트,거래완료,"220,000원",문정1동,2025-09-10,0,0,0,36.5℃,중고나라판매자,생활가전,문정1동,[출처] 중고나라 | [분석모델] NECK_PULLER | [모델근거] text_variant | [원문링크] https://web.joongna.com/product/219225444
전자기기,풀리오 마사지 기기,풀리오 넥풀러 목 마사지기 판매합니다.,거래완료,"300,000원",중흥1동,2025-09-10,0,0,0,36.5℃,중고나라판매자,생활가전,중흥1동,[출처] 중고나라 | [분석모델] NECK_PULLER | [모델근거] text_variant | [원문링크] https://web.joongna.com/product/219172271
전자기기,풀리오 마사지 기기,풀리오 목어깨 마사지기 v2,거래완료,"60,000원",,2025-09-09,0,0,0,36.5℃,중고나라판매자,생활가전,,[출처] 중고나라 | [분석모델] NECK_SHOULDER_V2 | [모델근거] text_variant | [원문링크] https://web.joongna.com/product/219155031
전자기기,풀리오 마사지 기기,풀리오 종아리 마사지기 V2 PLO-CB227,거래중,"65,000원",문산읍,2025-09-08,0,0,0,36.5℃,중고나라판매자,생활가전,문산읍,[출처] 중고나라 | [분석모델] PLO-CB227 | [모델근거] text_code | [원문링크] https://web.joongna.com/product/218880567
전자기기,풀리오 마사지 기기,풀리오 목 어깨 마사지기 V2 리뉴얼 모델,거래완료,"50,000원",,2025-09-06,0,0,0,36.5℃,중고나라판매자,생활가전,,[출처] 중고나라 | [분석모델] NECK_SHOULDER_V2 | [모델근거] text_variant | [원문링크] https://web.joongna.com/product/218964281
전자기기,풀리오 마사지 기기,Pulio 풀리오 무선 종아리 마사지기 cb227 팝니다,거래완료,"90,000원",,2025-09-06,0,0,0,36.5℃,중고나라판매자,생활가전,,[출처] 중고나라 | [분석모델] CALF | [모델근거] text_variant | [원문링크] https://web.joongna.com/product/218962588
전자기기,풀리오 마사지 기기,풀리오 체어 마사지기,거래중,"90,000원",,2025-09-06,0,0,0,36.5℃,중고나라판매자,생활가전,,[출처] 중고나라 | [분석모델] 제품군 공통 | [모델근거] product_group | [원문설명] 사용 적음 택배착불 | [원문링크] https://web.joongna.com/product/214746269
전자기기,풀리오 마사지 기기,풀리오 에어 괄사 마사지기,거래완료,"75,000원",,2025-09-03,0,0,0,36.5℃,중고나라판매자,생활가전,,[출처] 중고나라 | [분석모델] AIR_GUASHA | [모델근거] text_variant | [원문링크] https://web.joongna.com/product/218775787
전자기기,풀리오 마사지 기기,풀리오 백플러 NP001 마사지기,거래완료,"270,000원",,2025-09-03,0,0,0,36.5℃,중고나라판매자,생활가전,,"[출처] 중고나라 | [분석모델] NP001 | [모델근거] text_code | [원문설명] 풀리오 백플러 NP001 마사지기입니다. 상태 좋아요 - 제품명: 풀리오 백플러 - 모델명: NP001 - 제조년월: 24년 5월 색상은 라벤더 색상이고, 리모컨, 어댑터, 수건 포함입니다 (사진에 보이는 것들만) | [원문링크] https://web.joongna.com/product/218719639"
전자기기,풀리오 마사지 기기,풀리오 목어깨 마사지기,거래완료,"57,000원",,2025-09-02,0,0,0,36.5℃,중고나라판매자,생활가전,,[출처] 중고나라 | [분석모델] NECK_SHOULDER | [모델근거] text_variant | [원문링크] https://web.joongna.com/product/218654378
전자기기,풀리오 마사지 기기,풀리오 목 어깨 마사지기 v1,거래완료,"40,000원",,2025-09-01,0,0,0,36.5℃,중고나라판매자,생활가전,,[출처] 중고나라 | [분석모델] NECK_SHOULDER_V1 | [모델근거] text_variant | [원문링크] https://web.joongna.com/product/218646216
전자기기,풀리오 마사지 기기,"풀리오 목, 어깨 마사지기 V2 미사용 (박스 X)",예약중,"58,000원",증평읍,2025-09-01,0,0,0,36.5℃,중고나라판매자,생활가전,증평읍,"[출처] 중고나라 | [분석모델] 제품군 공통 | [모델근거] product_group | [원문설명] 풀리오 목, 어깨 마사지기 V2 미사용 했습니다. 리콜 교환 완료 박스는 없습니다. 정품등록도 가능 합니다. | [원문링크] https://web.joongna.com/product/218321824"
전자기기,풀리오 마사지 기기,풀리오 목 어깨 마사지기 V2(2025년형 리뉴얼) 5.9만원,거래완료,"59,000원",대봉1동,2025-09-01,0,0,0,36.5℃,중고나라판매자,생활가전,대봉1동,[출처] 중고나라 | [분석모델] NECK_SHOULDER_V2 | [모델근거] text_variant | [원문링크] https://web.joongna.com/product/218606925
전자기기,풀리오 마사지 기기,풀리오 종아리 마사지기,거래완료,"60,000원",,2025-08-31,0,0,0,36.5℃,중고나라판매자,생활가전,,[출처] 중고나라 | [분석모델] CALF | [모델근거] text_variant | [원문링크] https://web.joongna.com/product/218537905
전자기기,풀리오 마사지 기기,풀리오 다리 마사지기,거래중,"60,000원",,2025-08-29,0,0,0,36.5℃,중고나라판매자,생활가전,,[출처] 중고나라 | [분석모델] CALF | [모델근거] text_variant | [원문링크] https://web.joongna.com/product/218463174
전자기기,풀리오 마사지 기기,풀리오 풀리지 허벅지 마사지기,거래완료,"170,000원",,2025-08-29,0,0,0,36.5℃,중고나라판매자,생활가전,,[출처] 중고나라 | [분석모델] THIGH_FULLIGE | [모델근거] text_variant | [원문링크] https://web.joongna.com/product/218454844
전자기기,풀리오 마사지 기기,풀리오 목어깨 마사지기 v2,거래완료,"65,000원",,2025-08-29,0,0,0,36.5℃,중고나라판매자,생활가전,,[출처] 중고나라 | [분석모델] NECK_SHOULDER_V2 | [모델근거] text_variant | [원문링크] https://web.joongna.com/product/218453242
전자기기,풀리오 마사지 기기,풀리오 종아리 마사지기 V1,거래완료,"50,000원",,2025-08-28,0,0,0,36.5℃,중고나라판매자,생활가전,,[출처] 중고나라 | [분석모델] CALF_V1 | [모델근거] text_variant | [원문링크] https://web.joongna.com/product/218382524
